channel_name,channel_id,video_id,title,published_at,actual_start_utc,actual_end_utc,scheduled_start_utc,start_et,day_of_week,hour_et,duration_sec,views,likes,comments,url
Road Trippin',UCSes4X8uDrpc4X46hJKjejg,Hufo1ZVItio,Perk's Darryn Peterson KOBE Comp Gets SHUT DOWN + Jaylen Brown TALKED Himself Out Of Boston,2026-06-22T18:49:37Z,2026-06-22T17:02:46Z,2026-06-22T18:24:19Z,2026-06-22T17:00:00Z,2026-06-22T13:02:46-04:00,Mon,13,4883,12677,436,48,https://youtu.be/Hufo1ZVItio
Road Trippin',UCSes4X8uDrpc4X46hJKjejg,bK14uGRrRaU,"French Montana & Max B Want A Brunson STATUE + Perk GOES OFF On AWFUL ""Participation Trophy"" Take",2026-06-17T21:40:59Z,2026-06-17T20:00:32Z,2026-06-17T21:10:53Z,2026-06-17T20:00:00Z,2026-06-17T16:00:32-04:00,Wed,16,4226,9643,297,19,https://youtu.be/bK14uGRrRaU
Road Trippin',UCSes4X8uDrpc4X46hJKjejg,A7YpyzGt_6c,Tracy Morgan Gets EMOTIONAL After Knicks Championship + The Crew DIVIDED on If Brunson is TOP 5,2026-06-15T18:51:09Z,2026-06-15T17:01:36Z,2026-06-15T18:32:02Z,2026-06-15T17:00:00Z,2026-06-15T13:01:36-04:00,Mon,13,5430,20566,720,125,https://youtu.be/A7YpyzGt_6c
Road Trippin',UCSes4X8uDrpc4X46hJKjejg,bK14uGRrRaU,"French Montana & Max B Want A Brunson STATUE + Perk GOES OFF On AWFUL ""Participation Trophy"" Take",2026-06-17T21:40:59Z,2026-06-17T20:00:32Z,2026-06-17T21:10:53Z,2026-06-17T20:00:00Z,2026-06-17T16:00:32-04:00,Wed,16,4226,9643,297,19,https://youtu.be/bK14uGRrRaU
Road Trippin',UCSes4X8uDrpc4X46hJKjejg,A7YpyzGt_6c,Tracy Morgan Gets EMOTIONAL After Knicks Championship + The Crew DIVIDED on If Brunson is TOP 5,2026-06-15T18:51:09Z,2026-06-15T17:01:36Z,2026-06-15T18:32:02Z,2026-06-15T17:00:00Z,2026-06-15T13:01:36-04:00,Mon,13,5430,20566,720,125,https://youtu.be/A7YpyzGt_6c
Road Trippin',UCSes4X8uDrpc4X46hJKjejg,JwDkO74iC-w,Biggest Comeback In Finals HISTORY! OG's Game-Winner & Finals MVP Race Heats Up,2026-06-12T20:47:07Z,2026-06-12T19:06:21Z,2026-06-12T20:33:33Z,2026-06-12T19:00:00Z,2026-06-12T15:06:21-04:00,Fri,15,5235,27037,717,92,https://youtu.be/JwDkO74iC-w
Road Trippin',UCSes4X8uDrpc4X46hJKjejg,P2mEx6REM20,Cynthia Cooper: NEVER Call Out Teammates Publicly + Olivia Miles Has TAKEN OVER In Minnesota,2026-06-11T17:00:06Z,2026-06-11T17:00:06Z,2026-06-11T18:30:21Z,2026-06-11T17:00:00Z,2026-06-11T13:00:06-04:00,Thu,13,5295,7788,228,30,https://youtu.be/P2mEx6REM20
Road Trippin',UCSes4X8uDrpc4X46hJKjejg,rLcZogKIZI4,Spurs STEAL Game 3! Knicks vs Wemby With The NBA FINALS On The LINE,2026-06-09T18:09:47Z,2026-06-09T17:04:11Z,2026-06-09T18:03:44Z,2026-06-09T17:00:00Z,2026-06-09T13:04:11-04:00,Tue,13,3576,25111,653,93,https://youtu.be/rLcZogKIZI4
Road Trippin',UCSes4X8uDrpc4X46hJKjejg,EZ7WjfAU1MI,"Knicks vs Spurs Finals SPECIAL w/ Malika Andrews, James Jones & Will Reeve",2026-06-05T14:00:07Z,2026-06-05T14:00:07Z,2026-06-05T14:55:00Z,2026-06-05T14:00:00Z,2026-06-05T10:00:07-04:00,Fri,10,3173,40810,840,124,https://youtu.be/EZ7WjfAU1MI
Road Trippin',UCSes4X8uDrpc4X46hJKjejg,2QTpTL9bIDQ,"Knicks vs Spurs NBA Finals PREVIEW w/ James Worthy, Robert Horry & DeAndre Jordan",2026-06-03T16:00:06Z,2026-06-03T16:00:06Z,2026-06-03T17:00:59Z,2026-06-03T16:00:00Z,2026-06-03T12:00:06-04:00,Wed,12,3533,63410,1092,240,https://youtu.be/2QTpTL9bIDQ
Road Trippin',UCSes4X8uDrpc4X46hJKjejg,K4R55rmC3wA,"Perk SHREDS Rich Paul's Jordan Take, Brunson LOCKED In & Kawhi OVER Pippen",2026-06-01T00:00:06Z,2026-06-01T00:00:06Z,2026-06-01T00:57:47Z,2026-06-01T00:00:00Z,2026-05-31T20:00:06-04:00,Sun,20,3342,6843,199,42,https://youtu.be/K4R55rmC3wA
Road Trippin',UCSes4X8uDrpc4X46hJKjejg,JVtMpIpnwl0,We Have A Game 7! Wemby vs SGA For A Trip To The Finals! Road Trippin' In The Morning,2026-05-29T18:23:11Z,2026-05-29T17:11:36Z,2026-05-29T18:17:38Z,2026-05-29T17:00:00Z,2026-05-29T13:11:36-04:00,Fri,13,3965,32708,804,180,https://youtu.be/JVtMpIpnwl0
Road Trippin',UCSes4X8uDrpc4X46hJKjejg,JwDkO74iC-w,Biggest Comeback In Finals HISTORY! OG's Game-Winner & Finals MVP Race Heats Up,2026-06-12T20:47:07Z,2026-06-12T19:06:21Z,2026-06-12T20:33:33Z,2026-06-12T19:00:00Z,2026-06-12T15:06:21-04:00,Fri,15,5235,27037,717,92,https://youtu.be/JwDkO74iC-w
Road Trippin',UCSes4X8uDrpc4X46hJKjejg,rLcZogKIZI4,Spurs STEAL Game 3! Knicks vs Wemby With The NBA FINALS On The LINE,2026-06-09T18:09:47Z,2026-06-09T17:04:11Z,2026-06-09T18:03:44Z,2026-06-09T17:00:00Z,2026-06-09T13:04:11-04:00,Tue,13,3576,25111,653,93,https://youtu.be/rLcZogKIZI4
Road Trippin',UCSes4X8uDrpc4X46hJKjejg,JVtMpIpnwl0,We Have A Game 7! Wemby vs SGA For A Trip To The Finals! Road Trippin' In The Morning,2026-05-29T18:23:11Z,2026-05-29T17:11:36Z,2026-05-29T18:17:38Z,2026-05-29T17:00:00Z,2026-05-29T13:11:36-04:00,Fri,13,3965,32708,804,180,https://youtu.be/JVtMpIpnwl0
Road Trippin',UCSes4X8uDrpc4X46hJKjejg,GLp8DNhK3kc,"Perk's AAU FIGHT Goes Viral, Cavs Need To BLOW IT UP?! + Wemby Skipped Media",2026-05-27T18:35:39Z,2026-05-27T16:35:21Z,2026-05-27T17:56:22Z,2026-05-27T16:00:00Z,2026-05-27T12:35:21-04:00,Wed,12,4865,16423,516,57,https://youtu.be/GLp8DNhK3kc
Road Trippin',UCSes4X8uDrpc4X46hJKjejg,PIx_IMsfd-g,Why Channing Isn't TOUCHING Jaylen Brown + LeBron Goes Home To Cleveland??,2026-05-22T17:12:21Z,2026-05-22T17:12:21Z,2026-05-22T17:39:45Z,2026-05-22T17:11:59Z,2026-05-22T13:12:21-04:00,Fri,13,1526,4401,162,30,https://youtu.be/PIx_IMsfd-g
Road Trippin',UCSes4X8uDrpc4X46hJKjejg,ED8GlLr9Eoc,WNBA GOAT Picks Her MVP… It’s NOT A’ja Wilson | Girls Tripp,2026-05-21T15:00:06Z,2026-05-21T15:00:06Z,2026-05-21T16:34:05Z,2026-05-21T15:00:00Z,2026-05-21T11:00:06-04:00,Thu,11,5519,2126,140,31,https://youtu.be/ED8GlLr9Eoc
Road Trippin',UCSes4X8uDrpc4X46hJKjejg,XAL6nGH2O-Y,Perk DARES Chet to GO CHECK Wemby + Who's To Blame for Cavs EPIC Meltdown??,2026-05-20T18:40:43Z,2026-05-20T17:04:56Z,2026-05-20T18:23:03Z,2026-05-20T17:00:00Z,2026-05-20T13:04:56-04:00,Wed,13,4684,20771,615,59,https://youtu.be/XAL6nGH2O-Y
Road Trippin',UCSes4X8uDrpc4X46hJKjejg,D8WTonjHwh8,"RJ & Channing CAN'T AGREE On Anything: SGA MVP, Ant's Handshake & The Randle Problem",2026-05-18T19:27:19Z,2026-05-18T17:31:51Z,2026-05-18T18:38:30Z,2026-05-18T17:30:00Z,2026-05-18T13:31:51-04:00,Mon,13,4006,16561,512,60,https://youtu.be/D8WTonjHwh8
Road Trippin',UCSes4X8uDrpc4X46hJKjejg,SsXxo9nab-M,Harden RESCUES The Cavs In G5 + Is Rob Pelinka FINALLY On The Hot Seat?,2026-05-15T19:42:18Z,2026-05-15T17:05:21Z,2026-05-15T18:30:04Z,2026-05-15T17:00:00Z,2026-05-15T13:05:21-04:00,Fri,13,5090,15677,467,58,https://youtu.be/SsXxo9nab-M
Road Trippin',UCSes4X8uDrpc4X46hJKjejg,JVtMpIpnwl0,We Have A Game 7! Wemby vs SGA For A Trip To The Finals! Road Trippin' In The Morning,2026-05-29T18:23:11Z,2026-05-29T17:11:36Z,2026-05-29T18:17:38Z,2026-05-29T17:00:00Z,2026-05-29T13:11:36-04:00,Fri,13,3965,32708,804,180,https://youtu.be/JVtMpIpnwl0
Road Trippin',UCSes4X8uDrpc4X46hJKjejg,GLp8DNhK3kc,"Perk's AAU FIGHT Goes Viral, Cavs Need To BLOW IT UP?! + Wemby Skipped Media",2026-05-27T18:35:39Z,2026-05-27T16:35:21Z,2026-05-27T17:56:22Z,2026-05-27T16:00:00Z,2026-05-27T12:35:21-04:00,Wed,12,4865,16423,516,57,https://youtu.be/GLp8DNhK3kc
Road Trippin',UCSes4X8uDrpc4X46hJKjejg,XAL6nGH2O-Y,Perk DARES Chet to GO CHECK Wemby + Who's To Blame for Cavs EPIC Meltdown??,2026-05-20T18:40:43Z,2026-05-20T17:04:56Z,2026-05-20T18:23:03Z,2026-05-20T17:00:00Z,2026-05-20T13:04:56-04:00,Wed,13,4684,20771,615,59,https://youtu.be/XAL6nGH2O-Y
Road Trippin',UCSes4X8uDrpc4X46hJKjejg,D8WTonjHwh8,"RJ & Channing CAN'T AGREE On Anything: SGA MVP, Ant's Handshake & The Randle Problem",2026-05-18T19:27:19Z,2026-05-18T17:31:51Z,2026-05-18T18:38:30Z,2026-05-18T17:30:00Z,2026-05-18T13:31:51-04:00,Mon,13,4006,16561,512,60,https://youtu.be/D8WTonjHwh8
Road Trippin',UCSes4X8uDrpc4X46hJKjejg,SsXxo9nab-M,Harden RESCUES The Cavs In G5 + Is Rob Pelinka FINALLY On The Hot Seat?,2026-05-15T19:42:18Z,2026-05-15T17:05:21Z,2026-05-15T18:30:04Z,2026-05-15T17:00:00Z,2026-05-15T13:05:21-04:00,Fri,13,5090,15677,467,58,https://youtu.be/SsXxo9nab-M
Road Trippin',UCSes4X8uDrpc4X46hJKjejg,dBLmTHYXnvk,Do The Lakers Need a MAKEOVER? + Channing ROASTS Duren: ‘You’ve Been A SHART!’,2026-05-12T20:00:04Z,2026-05-12T18:39:26Z,2026-05-12T19:45:41Z,2026-05-12T18:30:00Z,2026-05-12T14:39:26-04:00,Tue,14,3974,15266,446,49,https://youtu.be/dBLmTHYXnvk
Road Trippin',UCSes4X8uDrpc4X46hJKjejg,iI6JAiouTXA,MPJ Opens Up on Cam Thomas & Being a #1 Option + Perk FLIPS on Spurs After Game 1,2026-05-06T19:08:19Z,2026-05-06T17:15:31Z,2026-05-06T18:25:12Z,2026-05-06T17:00:00Z,2026-05-06T13:15:31-04:00,Wed,13,4186,15733,471,39,https://youtu.be/iI6JAiouTXA
Road Trippin',UCSes4X8uDrpc4X46hJKjejg,DnybI8N-RX4,"INSANE Game 7s! Breaking Down Celtics COLLAPSE, Jaylen Brown's CRASH OUT, Cavs and Pistons ADVANCE!",2026-05-04T19:29:25Z,2026-05-04T17:00:56Z,2026-05-04T18:43:35Z,2026-05-04T17:00:00Z,2026-05-04T13:00:56-04:00,Mon,13,6164,25095,761,76,https://youtu.be/DnybI8N-RX4
Road Trippin',UCSes4X8uDrpc4X46hJKjejg,SsXxo9nab-M,Harden RESCUES The Cavs In G5 + Is Rob Pelinka FINALLY On The Hot Seat?,2026-05-15T19:42:18Z,2026-05-15T17:05:21Z,2026-05-15T18:30:04Z,2026-05-15T17:00:00Z,2026-05-15T13:05:21-04:00,Fri,13,5090,15677,467,58,https://youtu.be/SsXxo9nab-M
Road Trippin',UCSes4X8uDrpc4X46hJKjejg,dBLmTHYXnvk,Do The Lakers Need a MAKEOVER? + Channing ROASTS Duren: ‘You’ve Been A SHART!’,2026-05-12T20:00:04Z,2026-05-12T18:39:26Z,2026-05-12T19:45:41Z,2026-05-12T18:30:00Z,2026-05-12T14:39:26-04:00,Tue,14,3974,15266,446,49,https://youtu.be/dBLmTHYXnvk
Road Trippin',UCSes4X8uDrpc4X46hJKjejg,iI6JAiouTXA,MPJ Opens Up on Cam Thomas & Being a #1 Option + Perk FLIPS on Spurs After Game 1,2026-05-06T19:08:19Z,2026-05-06T17:15:31Z,2026-05-06T18:25:12Z,2026-05-06T17:00:00Z,2026-05-06T13:15:31-04:00,Wed,13,4186,15734,471,39,https://youtu.be/iI6JAiouTXA
Road Trippin',UCSes4X8uDrpc4X46hJKjejg,DnybI8N-RX4,"INSANE Game 7s! Breaking Down Celtics COLLAPSE, Jaylen Brown's CRASH OUT, Cavs and Pistons ADVANCE!",2026-05-04T19:29:25Z,2026-05-04T17:00:56Z,2026-05-04T18:43:35Z,2026-05-04T17:00:00Z,2026-05-04T13:00:56-04:00,Mon,13,6164,25095,761,76,https://youtu.be/DnybI8N-RX4
Road Trippin',UCSes4X8uDrpc4X46hJKjejg,hgbLwFYyoEM,"Cade & Paolo HISTORIC Night! Rockets FIGHT For Their Lives, Cavs SQUEEZING The Rope and Jokic Legacy",2026-04-30T18:24:04Z,2026-04-30T17:04:46Z,2026-04-30T18:18:47Z,2026-04-30T17:00:00Z,2026-04-30T13:04:46-04:00,Thu,13,4445,12773,415,41,https://youtu.be/hgbLwFYyoEM
Road Trippin',UCSes4X8uDrpc4X46hJKjejg,M_OVw_WfGRE,"Orlando Magic's UNBELIEVABLE Run, Wemby SPEAKS, Cavs v Raptors Gets INTERESTING & Cooper Flagg ROTY",2026-04-28T18:42:55Z,2026-04-28T17:07:41Z,2026-04-28T18:24:58Z,2026-04-28T17:00:00Z,2026-04-28T13:07:41-04:00,Tue,13,4640,18473,572,44,https://youtu.be/M_OVw_WfGRE
Road Trippin',UCSes4X8uDrpc4X46hJKjejg,djMQ_toNQ_o,My Broadcast,2026-04-28T15:58:33Z,2026-04-28T15:58:48Z,2026-04-28T16:01:02Z,2026-04-28T15:58:31Z,2026-04-28T11:58:48-04:00,Tue,11,73,1,0,0,https://youtu.be/djMQ_toNQ_o
Road Trippin',UCSes4X8uDrpc4X46hJKjejg,hqAu3M6uRFQ,test My Broadcast,2026-04-22T21:41:08Z,2026-04-22T21:41:25Z,2026-04-22T21:41:48Z,2026-04-22T21:41:07Z,2026-04-22T17:41:25-04:00,Wed,17,23,0,0,0,https://youtu.be/hqAu3M6uRFQ
Road Trippin',UCSes4X8uDrpc4X46hJKjejg,k7_koMQbpcw,LeBron And Ant Just STUNNED Houston & Denver + CJ the VILLIAN??,2026-04-22T19:29:23Z,2026-04-22T18:08:56Z,2026-04-22T19:22:01Z,2026-04-22T18:00:00Z,2026-04-22T14:08:56-04:00,Wed,14,4304,29105,782,77,https://youtu.be/k7_koMQbpcw
Road Trippin',UCSes4X8uDrpc4X46hJKjejg,Q_gPc2nsP9U,"Perk ADMITS He Was Wrong, KD NO SHOW& Tatum LOOKS Elite",2026-04-20T19:19:21Z,2026-04-20T17:03:07Z,2026-04-20T18:39:03Z,2026-04-20T17:00:00Z,2026-04-20T13:03:07-04:00,Mon,13,5757,24659,850,60,https://youtu.be/Q_gPc2nsP9U
Road Trippin',UCSes4X8uDrpc4X46hJKjejg,hgbLwFYyoEM,"Cade & Paolo HISTORIC Night! Rockets FIGHT For Their Lives, Cavs SQUEEZING The Rope and Jokic Legacy",2026-04-30T18:24:04Z,2026-04-30T17:04:46Z,2026-04-30T18:18:47Z,2026-04-30T17:00:00Z,2026-04-30T13:04:46-04:00,Thu,13,4445,12773,415,41,https://youtu.be/hgbLwFYyoEM
Road Trippin',UCSes4X8uDrpc4X46hJKjejg,M_OVw_WfGRE,"Orlando Magic's UNBELIEVABLE Run, Wemby SPEAKS, Cavs v Raptors Gets INTERESTING & Cooper Flagg ROTY",2026-04-28T18:42:55Z,2026-04-28T17:07:41Z,2026-04-28T18:24:58Z,2026-04-28T17:00:00Z,2026-04-28T13:07:41-04:00,Tue,13,4640,18473,572,44,https://youtu.be/M_OVw_WfGRE
Road Trippin',UCSes4X8uDrpc4X46hJKjejg,k7_koMQbpcw,LeBron And Ant Just STUNNED Houston & Denver + CJ the VILLIAN??,2026-04-22T19:29:23Z,2026-04-22T18:08:56Z,2026-04-22T19:22:01Z,2026-04-22T18:00:00Z,2026-04-22T14:08:56-04:00,Wed,14,4304,29105,782,77,https://youtu.be/k7_koMQbpcw
Road Trippin',UCSes4X8uDrpc4X46hJKjejg,Q_gPc2nsP9U,"Perk ADMITS He Was Wrong, KD NO SHOW& Tatum LOOKS Elite",2026-04-20T19:19:21Z,2026-04-20T17:03:07Z,2026-04-20T18:39:03Z,2026-04-20T17:00:00Z,2026-04-20T13:03:07-04:00,Mon,13,5757,24659,850,60,https://youtu.be/Q_gPc2nsP9U
Road Trippin',UCSes4X8uDrpc4X46hJKjejg,OY-pMjvAl78,Luka RETURNS! Draymond DEFINES This Era & PERK COOKS Paolo!,2026-04-16T18:53:29Z,2026-04-16T17:05:31Z,2026-04-16T18:43:43Z,2026-04-16T17:00:00Z,2026-04-16T13:05:31-04:00,Thu,13,5896,26143,736,71,https://youtu.be/OY-pMjvAl78
Road Trippin',UCSes4X8uDrpc4X46hJKjejg,Xgpvl1WcTqs,"Things Got WEIRD in Milwaukee, Perk QUESTONS Ja's Future + HOU vs LAL: KD's Legacy on the Line?",2026-04-13T19:01:38Z,2026-04-13T17:05:21Z,2026-04-13T18:40:40Z,2026-04-13T17:00:00Z,2026-04-13T13:05:21-04:00,Mon,13,5256,24203,785,87,https://youtu.be/Xgpvl1WcTqs
Road Trippin',UCSes4X8uDrpc4X46hJKjejg,WJqI-mDmEPU,"Can LeBron CARRY The Lakers? What Cade's Return Means For The East, Embiid Out INDEFINITELY",2026-04-10T19:06:52Z,2026-04-10T17:05:21Z,2026-04-10T18:28:31Z,2026-04-10T17:00:00Z,2026-04-10T13:05:21-04:00,Fri,13,4992,18938,618,49,https://youtu.be/WJqI-mDmEPU
Road Trippin',UCSes4X8uDrpc4X46hJKjejg,Q_gPc2nsP9U,"Perk ADMITS He Was Wrong, KD NO SHOW& Tatum LOOKS Elite",2026-04-20T19:19:21Z,2026-04-20T17:03:07Z,2026-04-20T18:39:03Z,2026-04-20T17:00:00Z,2026-04-20T13:03:07-04:00,Mon,13,5757,24659,850,60,https://youtu.be/Q_gPc2nsP9U
Road Trippin',UCSes4X8uDrpc4X46hJKjejg,OY-pMjvAl78,Luka RETURNS! Draymond DEFINES This Era & PERK COOKS Paolo!,2026-04-16T18:53:29Z,2026-04-16T17:05:31Z,2026-04-16T18:43:43Z,2026-04-16T17:00:00Z,2026-04-16T13:05:31-04:00,Thu,13,5896,26143,736,71,https://youtu.be/OY-pMjvAl78
Road Trippin',UCSes4X8uDrpc4X46hJKjejg,Xgpvl1WcTqs,"Things Got WEIRD in Milwaukee, Perk QUESTONS Ja's Future + HOU vs LAL: KD's Legacy on the Line?",2026-04-13T19:01:38Z,2026-04-13T17:05:21Z,2026-04-13T18:40:40Z,2026-04-13T17:00:00Z,2026-04-13T13:05:21-04:00,Mon,13,5256,24203,785,87,https://youtu.be/Xgpvl1WcTqs
Road Trippin',UCSes4X8uDrpc4X46hJKjejg,WJqI-mDmEPU,"Can LeBron CARRY The Lakers? What Cade's Return Means For The East, Embiid Out INDEFINITELY",2026-04-10T19:06:52Z,2026-04-10T17:05:21Z,2026-04-10T18:28:31Z,2026-04-10T17:00:00Z,2026-04-10T13:05:21-04:00,Fri,13,4992,18938,618,49,https://youtu.be/WJqI-mDmEPU
Road Trippin',UCSes4X8uDrpc4X46hJKjejg,jzDfp5Y_qMg,Spurs STREAKING & James Harden Vs D Wade DEBATE,2026-04-02T19:23:45Z,2026-04-02T16:58:26Z,2026-04-02T18:26:10Z,2026-04-02T17:00:00Z,2026-04-02T12:58:26-04:00,Thu,12,4311,18926,618,102,https://youtu.be/jzDfp5Y_qMg
Road Trippin',UCSes4X8uDrpc4X46hJKjejg,pjvmhvePLYM,What's Up With Jaden Ivey? Wemby And SGA Going BAND FOR BAND! & March MADNESS Update,2026-03-31T18:42:22Z,2026-03-31T17:12:16Z,2026-03-31T18:33:54Z,2026-03-31T17:00:00Z,2026-03-31T13:12:16-04:00,Tue,13,4910,22575,815,151,https://youtu.be/pjvmhvePLYM
Road Trippin',UCSes4X8uDrpc4X46hJKjejg,szFfkOGmtbQ,Harden NEVER Got This Credit! Luka ALREADY Top 10 EVER & Rockets FOLD Again!,2026-03-26T18:28:21Z,2026-03-26T16:54:07Z,2026-03-26T18:05:21Z,2026-03-26T17:00:00Z,2026-03-26T12:54:07-04:00,Thu,12,4290,22796,754,115,https://youtu.be/szFfkOGmtbQ
Road Trippin',UCSes4X8uDrpc4X46hJKjejg,Q_gPc2nsP9U,"Perk ADMITS He Was Wrong, KD NO SHOW& Tatum LOOKS Elite",2026-04-20T19:19:21Z,2026-04-20T17:03:07Z,2026-04-20T18:39:03Z,2026-04-20T17:00:00Z,2026-04-20T13:03:07-04:00,Mon,13,5757,24659,850,60,https://youtu.be/Q_gPc2nsP9U
Road Trippin',UCSes4X8uDrpc4X46hJKjejg,jzDfp5Y_qMg,Spurs STREAKING & James Harden Vs D Wade DEBATE,2026-04-02T19:23:45Z,2026-04-02T16:58:26Z,2026-04-02T18:26:10Z,2026-04-02T17:00:00Z,2026-04-02T12:58:26-04:00,Thu,12,4311,18926,618,102,https://youtu.be/jzDfp5Y_qMg
Road Trippin',UCSes4X8uDrpc4X46hJKjejg,pjvmhvePLYM,What's Up With Jaden Ivey? Wemby And SGA Going BAND FOR BAND! & March MADNESS Update,2026-03-31T18:42:22Z,2026-03-31T17:12:16Z,2026-03-31T18:33:54Z,2026-03-31T17:00:00Z,2026-03-31T13:12:16-04:00,Tue,13,4910,22575,815,151,https://youtu.be/pjvmhvePLYM
Road Trippin',UCSes4X8uDrpc4X46hJKjejg,szFfkOGmtbQ,Harden NEVER Got This Credit! Luka ALREADY Top 10 EVER & Rockets FOLD Again!,2026-03-26T18:28:21Z,2026-03-26T16:54:07Z,2026-03-26T18:05:21Z,2026-03-26T17:00:00Z,2026-03-26T12:54:07-04:00,Thu,12,4290,22796,754,115,https://youtu.be/szFfkOGmtbQ
Road Trippin',UCSes4X8uDrpc4X46hJKjejg,-uAI3szehko,The GREATEST Trash Talkers Of All Time! Is Wemby Top 2 And NOT 2? How Detroit SURVIVES Without Cade,2026-03-24T18:53:45Z,2026-03-24T17:06:41Z,2026-03-24T18:35:01Z,2026-03-24T17:00:00Z,2026-03-24T13:06:41-04:00,Tue,13,5297,21729,680,67,https://youtu.be/-uAI3szehko
Road Trippin',UCSes4X8uDrpc4X46hJKjejg,vw9rWx5Wp2A,Did Kenyon Martin Do TOO MUCH? Perk's WARNING to Acho & Squashing BEEF With Killa!,2026-03-22T16:00:06Z,2026-03-22T16:00:06Z,2026-03-22T17:13:31Z,2026-03-22T16:00:00Z,2026-03-22T12:00:06-04:00,Sun,12,4285,38326,1049,248,https://youtu.be/vw9rWx5Wp2A
Road Trippin',UCSes4X8uDrpc4X46hJKjejg,2G7tslBq--g,What Does Cade's Collapsed Lung Mean For The Pistons? LeBron TURNS BACK The Clock! + Luka's MVP Case,2026-03-19T18:26:55Z,2026-03-19T16:48:26Z,2026-03-19T17:55:37Z,2026-03-19T16:45:00Z,2026-03-19T12:48:26-04:00,Thu,12,4036,25778,971,104,https://youtu.be/2G7tslBq--g
Road Trippin',UCSes4X8uDrpc4X46hJKjejg,4JWDNnVMjXc,"Who Is SAFE In NBA Expansion? How The Lakers LOCKED DOWN Houston, And Hawks STAY HOT!",2026-03-17T18:32:57Z,2026-03-17T17:01:41Z,2026-03-17T18:13:55Z,2026-03-17T17:00:00Z,2026-03-17T13:01:41-04:00,Tue,13,4351,30225,927,86,https://youtu.be/4JWDNnVMjXc
Road Trippin',UCSes4X8uDrpc4X46hJKjejg,gVC5yCbXpAo,Danuel House DONE? Wemby KD ON STEROIDS & 50 Looking Like DRAKE!,2026-03-15T16:00:06Z,2026-03-15T16:00:06Z,2026-03-15T17:20:52Z,2026-03-15T16:00:00Z,2026-03-15T12:00:06-04:00,Sun,12,4726,5519,197,28,https://youtu.be/gVC5yCbXpAo
Road Trippin',UCSes4X8uDrpc4X46hJKjejg,szFfkOGmtbQ,Harden NEVER Got This Credit! Luka ALREADY Top 10 EVER & Rockets FOLD Again!,2026-03-26T18:28:21Z,2026-03-26T16:54:07Z,2026-03-26T18:05:21Z,2026-03-26T17:00:00Z,2026-03-26T12:54:07-04:00,Thu,12,4290,22796,754,115,https://youtu.be/szFfkOGmtbQ
Road Trippin',UCSes4X8uDrpc4X46hJKjejg,-uAI3szehko,The GREATEST Trash Talkers Of All Time! Is Wemby Top 2 And NOT 2? How Detroit SURVIVES Without Cade,2026-03-24T18:53:45Z,2026-03-24T17:06:41Z,2026-03-24T18:35:01Z,2026-03-24T17:00:00Z,2026-03-24T13:06:41-04:00,Tue,13,5297,21729,680,67,https://youtu.be/-uAI3szehko
Road Trippin',UCSes4X8uDrpc4X46hJKjejg,2G7tslBq--g,What Does Cade's Collapsed Lung Mean For The Pistons? LeBron TURNS BACK The Clock! + Luka's MVP Case,2026-03-19T18:26:55Z,2026-03-19T16:48:26Z,2026-03-19T17:55:37Z,2026-03-19T16:45:00Z,2026-03-19T12:48:26-04:00,Thu,12,4036,25778,971,104,https://youtu.be/2G7tslBq--g
Road Trippin',UCSes4X8uDrpc4X46hJKjejg,4JWDNnVMjXc,"Who Is SAFE In NBA Expansion? How The Lakers LOCKED DOWN Houston, And Hawks STAY HOT!",2026-03-17T18:32:57Z,2026-03-17T17:01:41Z,2026-03-17T18:13:55Z,2026-03-17T17:00:00Z,2026-03-17T13:01:41-04:00,Tue,13,4351,30225,927,86,https://youtu.be/4JWDNnVMjXc
Road Trippin',UCSes4X8uDrpc4X46hJKjejg,OovCMkty0MU,Is Bam’s 83 UNETHICAL HOOPS? Houston’s FATAL Flaw & Dejounte Goes TOO FAR,2026-03-12T19:22:17Z,2026-03-12T17:02:36Z,2026-03-12T18:22:03Z,2026-03-12T17:00:00Z,2026-03-12T13:02:36-04:00,Thu,13,4739,26186,1109,124,https://youtu.be/OovCMkty0MU
Road Trippin',UCSes4X8uDrpc4X46hJKjejg,TnELD9YRLCE,Jayson Tatum Is BACK! SGA Calls GAME and Ties WILT! & The Knicks go 0-2 In LA,2026-03-10T18:28:23Z,2026-03-10T17:04:01Z,2026-03-10T18:22:52Z,2026-03-10T17:00:00Z,2026-03-10T13:04:01-04:00,Tue,13,4735,16619,784,49,https://youtu.be/TnELD9YRLCE
Road Trippin',UCSes4X8uDrpc4X46hJKjejg,qfz-bnOuEgQ,test,2026-03-10T16:28:01Z,2026-03-10T16:28:12Z,2026-03-10T16:39:36Z,2026-03-10T16:28:00Z,2026-03-10T12:28:12-04:00,Tue,12,679,1,0,0,https://youtu.be/qfz-bnOuEgQ
Road Trippin',UCSes4X8uDrpc4X46hJKjejg,vdToKs_OW3M,RJ's Spurs WARNING! Tatum RETURNS! (Too Soon?) & LeBron REWRITES History!,2026-03-06T19:56:24Z,2026-03-06T18:02:31Z,2026-03-06T19:11:27Z,2026-03-06T18:00:00Z,2026-03-06T13:02:31-05:00,Fri,13,4135,21833,995,63,https://youtu.be/vdToKs_OW3M
Road Trippin',UCSes4X8uDrpc4X46hJKjejg,-DXohnCnTfY,TEST,2026-03-06T16:07:00Z,2026-03-06T16:07:12Z,2026-03-06T16:20:21Z,2026-03-06T16:06:59Z,2026-03-06T11:07:12-05:00,Fri,11,784,1,0,0,https://youtu.be/-DXohnCnTfY
Road Trippin',UCSes4X8uDrpc4X46hJKjejg,Mrzgi2C2kvg,Peterson QUIT on Kansas! Kerr FAILED Kuminga! & Magic City CROSSES LINE!,2026-03-03T19:35:36Z,2026-03-03T17:59:46Z,2026-03-03T19:07:59Z,2026-03-03T18:00:00Z,2026-03-03T12:59:46-05:00,Tue,12,4086,21169,1088,96,https://youtu.be/Mrzgi2C2kvg
Road Trippin',UCSes4X8uDrpc4X46hJKjejg,TBVY00YgFBs,TEST,2026-03-03T16:26:38Z,2026-03-03T16:26:47Z,2026-03-03T16:36:46Z,2026-03-03T16:26:37Z,2026-03-03T11:26:47-05:00,Tue,11,598,1,0,0,https://youtu.be/TBVY00YgFBs
Road Trippin',UCSes4X8uDrpc4X46hJKjejg,2G7tslBq--g,What Does Cade's Collapsed Lung Mean For The Pistons? LeBron TURNS BACK The Clock! + Luka's MVP Case,2026-03-19T18:26:55Z,2026-03-19T16:48:26Z,2026-03-19T17:55:37Z,2026-03-19T16:45:00Z,2026-03-19T12:48:26-04:00,Thu,12,4036,25778,971,104,https://youtu.be/2G7tslBq--g
Road Trippin',UCSes4X8uDrpc4X46hJKjejg,4JWDNnVMjXc,"Who Is SAFE In NBA Expansion? How The Lakers LOCKED DOWN Houston, And Hawks STAY HOT!",2026-03-17T18:32:57Z,2026-03-17T17:01:41Z,2026-03-17T18:13:55Z,2026-03-17T17:00:00Z,2026-03-17T13:01:41-04:00,Tue,13,4351,30225,927,86,https://youtu.be/4JWDNnVMjXc
Road Trippin',UCSes4X8uDrpc4X46hJKjejg,OovCMkty0MU,Is Bam’s 83 UNETHICAL HOOPS? Houston’s FATAL Flaw & Dejounte Goes TOO FAR,2026-03-12T19:22:17Z,2026-03-12T17:02:36Z,2026-03-12T18:22:03Z,2026-03-12T17:00:00Z,2026-03-12T13:02:36-04:00,Thu,13,4739,26186,1109,124,https://youtu.be/OovCMkty0MU
Road Trippin',UCSes4X8uDrpc4X46hJKjejg,TnELD9YRLCE,Jayson Tatum Is BACK! SGA Calls GAME and Ties WILT! & The Knicks go 0-2 In LA,2026-03-10T18:28:23Z,2026-03-10T17:04:01Z,2026-03-10T18:22:52Z,2026-03-10T17:00:00Z,2026-03-10T13:04:01-04:00,Tue,13,4735,16619,784,49,https://youtu.be/TnELD9YRLCE
Road Trippin',UCSes4X8uDrpc4X46hJKjejg,vdToKs_OW3M,RJ's Spurs WARNING! Tatum RETURNS! (Too Soon?) & LeBron REWRITES History!,2026-03-06T19:56:24Z,2026-03-06T18:02:31Z,2026-03-06T19:11:27Z,2026-03-06T18:00:00Z,2026-03-06T13:02:31-05:00,Fri,13,4135,21833,995,63,https://youtu.be/vdToKs_OW3M
Road Trippin',UCSes4X8uDrpc4X46hJKjejg,Mrzgi2C2kvg,Peterson QUIT on Kansas! Kerr FAILED Kuminga! & Magic City CROSSES LINE!,2026-03-03T19:35:36Z,2026-03-03T17:59:46Z,2026-03-03T19:07:59Z,2026-03-03T18:00:00Z,2026-03-03T12:59:46-05:00,Tue,12,4086,21169,1088,96,https://youtu.be/Mrzgi2C2kvg
Road Trippin',UCSes4X8uDrpc4X46hJKjejg,AlriaK-mgWQ,"Perk & Killa Kyleon TORCH KD, ROAST CJ Stroud & DECLARE Houston Rap DEAD!",2026-03-01T17:00:06Z,2026-03-01T17:00:06Z,2026-03-01T18:20:54Z,2026-03-01T17:00:00Z,2026-03-01T12:00:06-05:00,Sun,12,4729,9786,426,97,https://youtu.be/AlriaK-mgWQ
Road Trippin',UCSes4X8uDrpc4X46hJKjejg,M8xj0Mgg4mU,"Perk GOES OFF On Ayton, REAL Reason Kyrie Left Cavs & RJ’s MVP SURPRISE!",2026-02-27T19:19:38Z,2026-02-27T18:04:56Z,2026-02-27T19:04:13Z,2026-02-27T18:00:00Z,2026-02-27T13:04:56-05:00,Fri,13,3560,27534,1741,117,https://youtu.be/M8xj0Mgg4mU
Road Trippin',UCSes4X8uDrpc4X46hJKjejg,IACGk-OMzi8,MVP Rules BROKEN! Jaylen PASSES Pierce!? & RJ: ‘AAU SAVED MY LIFE!’,2026-02-24T19:56:05Z,2026-02-24T18:08:26Z,2026-02-24T19:19:46Z,2026-02-24T18:00:00Z,2026-02-24T13:08:26-05:00,Tue,13,4185,22699,1080,104,https://youtu.be/IACGk-OMzi8
Road Trippin',UCSes4X8uDrpc4X46hJKjejg,TqA-vIk74RQ,"Stacy From The Wood on Dodging DIDDY PARTIES, Hollywood BETRAYAL & Ray Allen’s ‘ACTING’",2026-02-22T17:00:06Z,2026-02-22T17:00:06Z,2026-02-22T18:09:59Z,2026-02-22T17:00:00Z,2026-02-22T12:00:06-05:00,Sun,12,4073,50787,1195,96,https://youtu.be/TqA-vIk74RQ
Road Trippin',UCSes4X8uDrpc4X46hJKjejg,jSFDU-SZa-Y,DON’T TOUCH the DRAFT! Cade OVER Luka & SHUT Steph DOWN! :frog:,2026-02-20T19:25:19Z,2026-02-20T18:06:46Z,2026-02-20T19:16:18Z,2026-02-20T18:00:00Z,2026-02-20T13:06:46-05:00,Fri,13,2687,14958,875,55,https://youtu.be/jSFDU-SZa-Y
Road Trippin',UCSes4X8uDrpc4X46hJKjejg,Mrzgi2C2kvg,Peterson QUIT on Kansas! Kerr FAILED Kuminga! & Magic City CROSSES LINE!,2026-03-03T19:35:36Z,2026-03-03T17:59:46Z,2026-03-03T19:07:59Z,2026-03-03T18:00:00Z,2026-03-03T12:59:46-05:00,Tue,12,4086,21169,1088,96,https://youtu.be/Mrzgi2C2kvg
Road Trippin',UCSes4X8uDrpc4X46hJKjejg,M8xj0Mgg4mU,"Perk GOES OFF On Ayton, REAL Reason Kyrie Left Cavs & RJ’s MVP SURPRISE!",2026-02-27T19:19:38Z,2026-02-27T18:04:56Z,2026-02-27T19:04:13Z,2026-02-27T18:00:00Z,2026-02-27T13:04:56-05:00,Fri,13,3560,27534,1741,117,https://youtu.be/M8xj0Mgg4mU
Road Trippin',UCSes4X8uDrpc4X46hJKjejg,IACGk-OMzi8,MVP Rules BROKEN! Jaylen PASSES Pierce!? & RJ: ‘AAU SAVED MY LIFE!’,2026-02-24T19:56:05Z,2026-02-24T18:08:26Z,2026-02-24T19:19:46Z,2026-02-24T18:00:00Z,2026-02-24T13:08:26-05:00,Tue,13,4185,22699,1080,104,https://youtu.be/IACGk-OMzi8
Road Trippin',UCSes4X8uDrpc4X46hJKjejg,jSFDU-SZa-Y,DON’T TOUCH the DRAFT! Cade OVER Luka & SHUT Steph DOWN! :frog:,2026-02-20T19:25:19Z,2026-02-20T18:06:46Z,2026-02-20T19:16:18Z,2026-02-20T18:00:00Z,2026-02-20T13:06:46-05:00,Fri,13,2687,14958,875,55,https://youtu.be/jSFDU-SZa-Y
Road Trippin',UCSes4X8uDrpc4X46hJKjejg,1Q_KwWG8IrY,CP3 RETIRES! Wemby SAVES All-Star & QB Myth BUSTED!,2026-02-13T19:13:40Z,2026-02-13T18:00:36Z,2026-02-13T19:05:41Z,2026-02-13T18:00:00Z,2026-02-13T13:00:36-05:00,Fri,13,3597,29716,1253,124,https://youtu.be/1Q_KwWG8IrY
Road Trippin',UCSes4X8uDrpc4X46hJKjejg,BXezOOEMyAo,NBA FIGHT NIGHT! Harden TRANSFORMS Cavs & Tatum RETURNS?!,2026-02-10T19:26:21Z,2026-02-10T18:01:16Z,2026-02-10T19:09:28Z,2026-02-10T18:00:00Z,2026-02-10T13:01:16-05:00,Tue,13,3954,42212,1585,213,https://youtu.be/BXezOOEMyAo
Road Trippin',UCSes4X8uDrpc4X46hJKjejg,nwyY0MZ6ITs,Ja Got NO OFFERS! Cavs RECRUITING LeBron & Giannis PICKS Knicks!,2026-02-06T19:07:41Z,2026-02-06T17:58:01Z,2026-02-06T19:02:37Z,2026-02-06T18:00:00Z,2026-02-06T12:58:01-05:00,Fri,12,3749,41076,1741,136,https://youtu.be/nwyY0MZ6ITs
Road Trippin',UCSes4X8uDrpc4X46hJKjejg,IACGk-OMzi8,MVP Rules BROKEN! Jaylen PASSES Pierce!? & RJ: ‘AAU SAVED MY LIFE!’,2026-02-24T19:56:05Z,2026-02-24T18:08:26Z,2026-02-24T19:19:46Z,2026-02-24T18:00:00Z,2026-02-24T13:08:26-05:00,Tue,13,4185,22699,1080,104,https://youtu.be/IACGk-OMzi8
Road Trippin',UCSes4X8uDrpc4X46hJKjejg,1Q_KwWG8IrY,CP3 RETIRES! Wemby SAVES All-Star & QB Myth BUSTED!,2026-02-13T19:13:40Z,2026-02-13T18:00:36Z,2026-02-13T19:05:41Z,2026-02-13T18:00:00Z,2026-02-13T13:00:36-05:00,Fri,13,3597,29716,1253,124,https://youtu.be/1Q_KwWG8IrY
Road Trippin',UCSes4X8uDrpc4X46hJKjejg,BXezOOEMyAo,NBA FIGHT NIGHT! Harden TRANSFORMS Cavs & Tatum RETURNS?!,2026-02-10T19:26:21Z,2026-02-10T18:01:16Z,2026-02-10T19:09:28Z,2026-02-10T18:00:00Z,2026-02-10T13:01:16-05:00,Tue,13,3954,42212,1585,213,https://youtu.be/BXezOOEMyAo
Road Trippin',UCSes4X8uDrpc4X46hJKjejg,nwyY0MZ6ITs,Ja Got NO OFFERS! Cavs RECRUITING LeBron & Giannis PICKS Knicks!,2026-02-06T19:07:41Z,2026-02-06T17:58:01Z,2026-02-06T19:02:37Z,2026-02-06T18:00:00Z,2026-02-06T12:58:01-05:00,Fri,12,3749,41076,1741,136,https://youtu.be/nwyY0MZ6ITs
Road Trippin',UCSes4X8uDrpc4X46hJKjejg,Nd3B51wd6K0,"Harden to CLEVELAND, JJJ ‘OVERHYPED!’ & Stars ABANDONING Kawhi!",2026-02-03T19:20:57Z,2026-02-03T17:59:26Z,2026-02-03T19:10:09Z,2026-02-03T18:00:00Z,2026-02-03T12:59:26-05:00,Tue,12,4036,37268,1956,142,https://youtu.be/Nd3B51wd6K0
Road Trippin',UCSes4X8uDrpc4X46hJKjejg,kXFMUrAnk8Q,"RJ DEFENDS LeBron CRYING, Ant vs SGA Gets 'PERSONAL' & Doc's Embiid SURPRISE!",2026-01-30T20:33:10Z,2026-01-30T18:42:51Z,2026-01-30T20:06:15Z,2026-01-30T19:00:00Z,2026-01-30T13:42:51-05:00,Fri,13,3671,25392,1097,91,https://youtu.be/kXFMUrAnk8Q
Road Trippin',UCSes4X8uDrpc4X46hJKjejg,T3ZT60HH0Mk,"RJ DEFENDS Luka MVP, Paolo PROBLEMS In Orlando & Giannis to Houston HAPPENING!?",2026-01-27T19:31:01Z,2026-01-27T17:53:56Z,2026-01-27T19:09:26Z,2026-01-27T18:00:00Z,2026-01-27T12:53:56-05:00,Tue,12,3711,30627,1499,130,https://youtu.be/T3ZT60HH0Mk
Road Trippin',UCSes4X8uDrpc4X46hJKjejg,1Q_KwWG8IrY,CP3 RETIRES! Wemby SAVES All-Star & QB Myth BUSTED!,2026-02-13T19:13:40Z,2026-02-13T18:00:36Z,2026-02-13T19:05:41Z,2026-02-13T18:00:00Z,2026-02-13T13:00:36-05:00,Fri,13,3597,29716,1253,124,https://youtu.be/1Q_KwWG8IrY
Road Trippin',UCSes4X8uDrpc4X46hJKjejg,BXezOOEMyAo,NBA FIGHT NIGHT! Harden TRANSFORMS Cavs & Tatum RETURNS?!,2026-02-10T19:26:21Z,2026-02-10T18:01:16Z,2026-02-10T19:09:28Z,2026-02-10T18:00:00Z,2026-02-10T13:01:16-05:00,Tue,13,3954,42212,1585,213,https://youtu.be/BXezOOEMyAo
Road Trippin',UCSes4X8uDrpc4X46hJKjejg,Nd3B51wd6K0,"Harden to CLEVELAND, JJJ ‘OVERHYPED!’ & Stars ABANDONING Kawhi!",2026-02-03T19:20:57Z,2026-02-03T17:59:26Z,2026-02-03T19:10:09Z,2026-02-03T18:00:00Z,2026-02-03T12:59:26-05:00,Tue,12,4036,37268,1956,142,https://youtu.be/Nd3B51wd6K0
Road Trippin',UCSes4X8uDrpc4X46hJKjejg,T3ZT60HH0Mk,"RJ DEFENDS Luka MVP, Paolo PROBLEMS In Orlando & Giannis to Houston HAPPENING!?",2026-01-27T19:31:01Z,2026-01-27T17:53:56Z,2026-01-27T19:09:26Z,2026-01-27T18:00:00Z,2026-01-27T12:53:56-05:00,Tue,12,3711,30627,1499,130,https://youtu.be/T3ZT60HH0Mk
Road Trippin',UCSes4X8uDrpc4X46hJKjejg,KrYWD0yxQYs,"Jimmy Butler DONE, Ant Edwards ROBBED & Steph + Giannis RUMORS!?",2026-01-20T19:43:39Z,2026-01-20T17:58:41Z,2026-01-20T19:20:48Z,2026-01-20T18:00:00Z,2026-01-20T12:58:41-05:00,Tue,12,4182,22712,1331,114,https://youtu.be/KrYWD0yxQYs
Road Trippin',UCSes4X8uDrpc4X46hJKjejg,VvFMrvoOXks,"Schröder vs Luka BEEF, AD DONE in Dallas & Lakers Trade HEAT",2026-01-13T20:07:20Z,2026-01-13T17:57:01Z,2026-01-13T19:38:27Z,2026-01-13T18:00:00Z,2026-01-13T12:57:01-05:00,Tue,12,4926,20801,592,67,https://youtu.be/VvFMrvoOXks
Road Trippin',UCSes4X8uDrpc4X46hJKjejg,DbC9gyEcwbQ,"Billups ARRESTED, Perk Almost FOUGHT SHAQ & Wemby DOMINATES!",2025-10-24T00:15:36Z,2025-10-24T00:15:36Z,2025-10-24T00:19:27Z,2025-10-24T00:15:21Z,2025-10-23T20:15:36-04:00,Thu,20,3856,99648,1798,243,https://youtu.be/DbC9gyEcwbQ
Road Trippin',UCSes4X8uDrpc4X46hJKjejg,27_FXb9IuYM,Oklahoma City Thunder are the 2024-25 NBA Champions!,2025-06-23T04:00:16Z,2025-06-23T02:43:22Z,2025-06-23T03:52:12Z,2025-06-23T03:00:00Z,2025-06-22T22:43:22-04:00,Sun,22,4133,4772,142,7,https://youtu.be/27_FXb9IuYM
Road Trippin',UCSes4X8uDrpc4X46hJKjejg,3b9yH9kvTxw,"Is He the BEST Arizona Player EVER?! Game 5 Reaction LIVE w/ Perk, Richard Jefferson & Channing",2025-06-17T03:53:27Z,2025-06-17T02:38:31Z,2025-06-17T03:45:20Z,2025-06-17T02:30:00Z,2025-06-16T22:38:31-04:00,Mon,22,4016,3823,101,5,https://youtu.be/3b9yH9kvTxw
Road Trippin',UCSes4X8uDrpc4X46hJKjejg,0zuywldAaIs,"Richard Jefferson, Channing Frye & Devin Harris react to Thunder beating the Pacers in Game 4",2025-06-14T04:06:58Z,2025-06-14T02:09:10Z,2025-06-14T03:53:18Z,2025-06-14T02:00:00Z,2025-06-13T22:09:10-04:00,Fri,22,6253,4703,103,12,https://youtu.be/0zuywldAaIs
Road Trippin',UCSes4X8uDrpc4X46hJKjejg,cs6uNZkARSI,"RJ,  Perk, Channing & Devin Harris react to Haliburton's Pacers beating SGA's Thunder in Game 3",2025-06-12T16:00:35Z,2025-06-12T02:04:53Z,2025-06-12T03:50:27Z,2025-06-12T01:45:00Z,2025-06-11T22:04:53-04:00,Wed,22,6340,7886,223,17,https://youtu.be/cs6uNZkARSI
Road Trippin',UCSes4X8uDrpc4X46hJKjejg,cs6uNZkARSI,"RJ,  Perk, Channing & Devin Harris react to Haliburton's Pacers beating SGA's Thunder in Game 3",2025-06-12T16:00:35Z,2025-06-12T02:04:53Z,2025-06-12T03:50:27Z,2025-06-12T01:45:00Z,2025-06-11T22:04:53-04:00,Wed,22,6340,7886,223,17,https://youtu.be/cs6uNZkARSI
Road Trippin',UCSes4X8uDrpc4X46hJKjejg,T6_veetzqpg,NBA Finals Pacers vs. Thunder Game 2 | Live Reaction,2025-06-09T03:08:05Z,2025-06-09T01:29:19Z,2025-06-09T03:00:19Z,2025-06-09T01:30:00Z,2025-06-08T21:29:19-04:00,Sun,21,5465,4199,103,6,https://youtu.be/T6_veetzqpg
Road Trippin',UCSes4X8uDrpc4X46hJKjejg,MjvQQuSWwx8,Tyrese Haliburton Does It AGAIN! | Live Reaction to Pacers’ Shocking Win Over OKC,2025-06-06T15:57:29Z,2025-06-06T01:58:34Z,2025-06-06T03:43:52Z,2025-06-06T02:00:00Z,2025-06-05T21:58:34-04:00,Thu,21,6323,12453,291,34,https://youtu.be/MjvQQuSWwx8
Road Trippin',UCSes4X8uDrpc4X46hJKjejg,vNjqwW_TMUs,Game of the Week! Cavaliers vs. Pacers | Live Reaction with Danny Green!,2025-05-10T03:11:41Z,2025-05-10T01:17:54Z,2025-05-10T03:02:47Z,2025-05-10T01:00:00Z,2025-05-09T21:17:54-04:00,Fri,21,6299,4675,142,26,https://youtu.be/vNjqwW_TMUs
Road Trippin',UCSes4X8uDrpc4X46hJKjejg,EdGq7p42o74,Game of the Week! Lakers vs. Timberwolves | Postgame Reaction,2025-04-23T05:44:06Z,2025-04-23T05:05:42Z,2025-04-23T05:36:39Z,2025-04-23T04:15:00Z,2025-04-23T01:05:42-04:00,Wed,1,1859,6739,224,43,https://youtu.be/EdGq7p42o74
Road Trippin',UCSes4X8uDrpc4X46hJKjejg,7V6tqTXdQng,Game of the Week! Suns vs. Spurs | Live Reaction,2025-02-21T05:40:52Z,2025-02-21T04:27:43Z,2025-02-21T05:35:33Z,2025-02-21T04:30:00Z,2025-02-20T23:27:43-05:00,Thu,23,4075,4683,195,23,https://youtu.be/7V6tqTXdQng
Road Trippin',UCSes4X8uDrpc4X46hJKjejg,3WKImjzOnNI,Game of the Week! Celtics vs. Knicks | Live Reaction,2025-02-09T04:48:20Z,2025-02-09T03:38:06Z,2025-02-09T04:31:53Z,2025-02-09T03:00:00Z,2025-02-08T22:38:06-05:00,Sat,22,3230,8708,230,19,https://youtu.be/3WKImjzOnNI
Road Trippin',UCSes4X8uDrpc4X46hJKjejg,S1oRHwZL7R4,Luka Dončić Trade Talk! | Live Reaction,2025-02-03T06:08:46Z,2025-02-03T04:39:02Z,2025-02-03T05:53:25Z,2025-02-03T04:30:00Z,2025-02-02T23:39:02-05:00,Sun,23,4465,60908,1423,205,https://youtu.be/S1oRHwZL7R4
Road Trippin',UCSes4X8uDrpc4X46hJKjejg,KcsPBbanew8,Game Of The Week! Lakers vs Knicks | Live Reaction,2025-02-02T05:25:03Z,2025-02-02T04:23:44Z,2025-02-02T05:05:12Z,2025-02-02T04:23:33Z,2025-02-01T23:23:44-05:00,Sat,23,2495,4974,137,13,https://youtu.be/KcsPBbanew8
Road Trippin',UCSes4X8uDrpc4X46hJKjejg,k1pKwhHSwcQ,Game Of The Week! Lakers vs Knicks | Live Reaction,2025-02-02T04:22:08Z,2025-02-02T04:20:25Z,2025-02-02T04:20:42Z,2025-02-02T04:20:11Z,2025-02-01T23:20:25-05:00,Sat,23,25,124,7,0,https://youtu.be/k1pKwhHSwcQ
Road Trippin',UCSes4X8uDrpc4X46hJKjejg,_L-TxUu5jjo,Game Of The Week! Spurs vs Bucks | Live Reaction,2025-01-09T04:44:04Z,2025-01-09T03:52:28Z,2025-01-09T04:39:16Z,2025-01-09T03:45:00Z,2025-01-08T22:52:28-05:00,Wed,22,2810,3577,96,17,https://youtu.be/_L-TxUu5jjo
Road Trippin',UCSes4X8uDrpc4X46hJKjejg,JzU01lYtS2s,Game Of The Week! Magic vs. Bucks | Live Reaction,2024-12-11T16:11:56Z,2024-12-11T01:35:09Z,2024-12-11T02:36:29Z,2024-12-11T01:30:00Z,2024-12-10T20:35:09-05:00,Tue,20,3682,4408,118,7,https://youtu.be/JzU01lYtS2s
Road Trippin',UCSes4X8uDrpc4X46hJKjejg,idGOuAJbNfU,Game Of The Week! Lakers vs. Timberwolves | Live Reaction,2024-12-03T03:26:36Z,2024-12-03T02:21:24Z,2024-12-03T03:19:30Z,2024-12-03T02:15:00Z,2024-12-02T21:21:24-05:00,Mon,21,3489,6795,174,41,https://youtu.be/idGOuAJbNfU
Road Trippin',UCSes4X8uDrpc4X46hJKjejg,IJzfYRZwgA0,Game Of The Week! Cavs vs. Celtics | Live Reaction,2024-11-20T02:15:55Z,2024-11-20T01:12:27Z,2024-11-20T02:00:50Z,2024-11-20T01:15:00Z,2024-11-19T20:12:27-05:00,Tue,20,2907,8078,214,31,https://youtu.be/IJzfYRZwgA0
Road Trippin',UCSes4X8uDrpc4X46hJKjejg,WAs6fgektkE,Game Of The Week! Lakers vs. Spurs | Live Reaction,2024-11-16T04:13:13Z,2024-11-16T03:43:28Z,2024-11-16T04:07:17Z,2024-11-16T03:15:00Z,2024-11-15T22:43:28-05:00,Fri,22,1436,9284,358,27,https://youtu.be/WAs6fgektkE
Road Trippin',UCSes4X8uDrpc4X46hJKjejg,eNKOpDNkSPw,Game Of The Week! Klay's Return to Golden State | Live Reaction,2024-11-13T06:15:38Z,2024-11-13T04:24:54Z,2024-11-13T05:52:13Z,2024-11-13T04:24:42Z,2024-11-12T23:24:54-05:00,Tue,23,5244,15377,379,64,https://youtu.be/eNKOpDNkSPw
Road Trippin',UCSes4X8uDrpc4X46hJKjejg,6J-clJNdbB8,Game of the Week! 76ers at Clippers | Postgame Live Reaction,2024-11-07T06:38:19Z,2024-11-07T05:35:45Z,2024-11-07T06:31:05Z,2024-11-07T05:35:32Z,2024-11-07T00:35:45-05:00,Thu,0,3325,7309,220,31,https://youtu.be/6J-clJNdbB8
Road Trippin',UCSes4X8uDrpc4X46hJKjejg,gJvnqBtOMx8,Game Of The Week! Mavs Defeat Timberwolves | Postgame Live Reaction,2024-10-30T03:54:43Z,2024-10-30T03:10:13Z,2024-10-30T03:46:58Z,2024-10-30T03:10:01Z,2024-10-29T23:10:13-04:00,Tue,23,2210,11928,313,63,https://youtu.be/gJvnqBtOMx8
Road Trippin',UCSes4X8uDrpc4X46hJKjejg,bBUcHo2s_d4,Game of the Week! Spurs vs. Mavs | Postgame Live Reaction,2024-10-25T02:45:39Z,2024-10-25T02:05:49Z,2024-10-25T02:36:22Z,2024-10-25T02:05:36Z,2024-10-24T22:05:49-04:00,Thu,22,1840,21108,485,62,https://youtu.be/bBUcHo2s_d4
Road Trippin',UCSes4X8uDrpc4X46hJKjejg,Uo7rmLN6ANk,TEAM USA WINS GOLD!!! | USA vs. France Live Postgame Reaction! | Olympics Paris 2024,2024-08-10T22:26:20Z,2024-08-10T21:39:19Z,2024-08-10T22:22:12Z,2024-08-10T21:30:00Z,2024-08-10T17:39:19-04:00,Sat,17,2605,194918,2699,804,https://youtu.be/Uo7rmLN6ANk
Road Trippin',UCSes4X8uDrpc4X46hJKjejg,hwikHZqGkrw,TEAM USA'S COMEBACK VS SERBIA!!! PLAYS FRANCE FOR OLYMPIC GOLD | LIVE REACTION!,2024-08-08T21:39:30Z,2024-08-08T21:06:44Z,2024-08-08T21:36:53Z,2024-08-08T21:00:00Z,2024-08-08T17:06:44-04:00,Thu,17,1814,126787,2336,609,https://youtu.be/hwikHZqGkrw
Road Trippin',UCSes4X8uDrpc4X46hJKjejg,oWyhExgwAtE,TEAM USA ADVANCES TO THE SEMIFINALS | USA vs. BRAZIL LIVE OLYMPICS REACTION!,2024-08-06T22:28:10Z,2024-08-06T21:49:22Z,2024-08-06T22:24:16Z,2024-08-06T21:40:00Z,2024-08-06T17:49:22-04:00,Tue,17,2100,26878,473,76,https://youtu.be/oWyhExgwAtE
Road Trippin',UCSes4X8uDrpc4X46hJKjejg,6NyhWDuB6Lo,TEAM USA DEFEATS SOUTH SUDAN | Postgame Live Reaction! | Olympics Paris 2024,2024-07-31T21:33:24Z,2024-07-31T21:02:03Z,2024-07-31T21:29:36Z,2024-07-31T21:00:00Z,2024-07-31T17:02:03-04:00,Wed,17,1657,46225,685,139,https://youtu.be/6NyhWDuB6Lo
Road Trippin',UCSes4X8uDrpc4X46hJKjejg,9cKVL1zfW-A,TEAM USA DEFEATS SERBIA | Olympics Paris 2024 | Road Trippin' Live Reaction!,2024-07-28T22:48:06Z,2024-07-28T22:08:05Z,2024-07-28T22:37:18Z,2024-07-28T22:00:00Z,2024-07-28T18:08:05-04:00,Sun,18,1758,71669,1025,248,https://youtu.be/9cKVL1zfW-A
Road Trippin',UCSes4X8uDrpc4X46hJKjejg,SMIsamPR024,"USA VS CANADA LIVE REACTION | Richard Jefferson, Channing Frye, Kendrick Perkins, & Tristan Thompson",2024-07-11T05:41:26Z,2024-07-11T04:39:03Z,2024-07-11T05:38:03Z,2024-07-11T04:45:00Z,2024-07-11T00:39:03-04:00,Thu,0,3545,34325,751,151,https://youtu.be/SMIsamPR024
All The Smoke,UC2ozVs4pg2K3uFLw6-0ayCQ,EruwZSlE7v0,4/20 Playoff Watch Party LIVE ft. Mad Max Presented by Jimmy John’s®,2026-04-21T03:27:06Z,2026-04-21T01:35:30Z,2026-04-21T03:18:20Z,2026-04-21T01:35:14Z,2026-04-20T21:35:30-04:00,Mon,21,6179,30105,869,61,https://youtu.be/EruwZSlE7v0
All The Smoke,UC2ozVs4pg2K3uFLw6-0ayCQ,_ZTskK4zQH4,Welcome to our live show!,2026-04-21T02:01:46Z,2026-04-21T01:58:18Z,2026-04-21T02:00:14Z,2026-04-21T01:57:52Z,2026-04-20T21:58:18-04:00,Mon,21,117,673,10,0,https://youtu.be/_ZTskK4zQH4
All The Smoke,UC2ozVs4pg2K3uFLw6-0ayCQ,P_6AV0Ao34c,Welcome to our live show!,2026-04-21T01:46:00Z,2026-04-21T01:43:04Z,2026-04-21T01:44:11Z,2026-04-21T01:42:40Z,2026-04-20T21:43:04-04:00,Mon,21,71,516,11,0,https://youtu.be/P_6AV0Ao34c
All The Smoke,UC2ozVs4pg2K3uFLw6-0ayCQ,MfpOmrXige8,"Lakers vs. Warriors LIVE with Matt, Stak & Mad Max 🔴 Presented by Corona Extra®",2025-10-22T04:57:57Z,2025-10-22T01:54:33Z,2025-10-22T04:50:11Z,2025-10-22T01:54:10Z,2025-10-21T21:54:33-04:00,Tue,21,9741,23005,544,18,https://youtu.be/MfpOmrXige8
All The Smoke,UC2ozVs4pg2K3uFLw6-0ayCQ,vRDZhVkOejI,"2025-26 NBA Season Preview LIVE 🔴 Ft. MAD MAX | MVP, Finals Predictions & Rookie of the Year",2025-10-20T19:05:08Z,2025-10-20T17:46:46Z,2025-10-20T19:00:21Z,2025-10-20T17:46:28Z,2025-10-20T13:46:46-04:00,Mon,13,4323,39473,892,97,https://youtu.be/vRDZhVkOejI
All The Smoke,UC2ozVs4pg2K3uFLw6-0ayCQ,hj5tc337Hr4,All The Smoke and Mad Max LIVE NBA Finals Watchalong,2025-06-06T03:24:58Z,2025-06-05T23:45:07Z,2025-06-06T03:17:07Z,2025-06-05T23:45:00Z,2025-06-05T19:45:07-04:00,Thu,19,10598,71814,2109,181,https://youtu.be/hj5tc337Hr4
All The Smoke,UC2ozVs4pg2K3uFLw6-0ayCQ,TlCo0YAbMAo,All the Smoke get TOASTED LIVE with MAD Max for NBA PLAYOFF SPECIAL,2025-04-18T01:38:29Z,2025-04-17T23:46:49Z,2025-04-18T01:32:48Z,2025-04-18T00:00:00Z,2025-04-17T19:46:49-04:00,Thu,19,5487,52923,1967,181,https://youtu.be/TlCo0YAbMAo
7PM in Brooklyn,UCT3wF21Qx0d0HmuiCzji8Lg,r84IOzVMk_A,"No.1 Pick AJ Dybantsa Says He'll Make Playoffs as a Rookie, Darryn Peterson Rivalry & Melo’s Advice",2026-06-22T16:00:06Z,2026-06-22T16:00:06Z,2026-06-22T16:59:25Z,2026-06-22T16:00:00Z,2026-06-22T12:00:06-04:00,Mon,12,3499,75018,1949,322,https://youtu.be/r84IOzVMk_A
7PM in Brooklyn,UCT3wF21Qx0d0HmuiCzji8Lg,VhcVbHqRXyQ,"Carmelo Anthony and Jeremy Lin Finally Break Silence on 'Linsanity', the Knicks Exit & Their Issues",2026-06-12T16:00:06Z,2026-06-12T16:00:06Z,2026-06-12T17:16:01Z,2026-06-12T16:00:00Z,2026-06-12T12:00:06-04:00,Fri,12,4495,542987,12964,4455,https://youtu.be/VhcVbHqRXyQ
7PM in Brooklyn,UCT3wF21Qx0d0HmuiCzji8Lg,lRsVoertVrY,"Mojo Brooks on Kevin Hart Roast Fallout, Comedy OGs, Katt Williams & Caleb Williams",2026-05-25T16:00:06Z,2026-05-25T16:00:06Z,2026-05-25T16:59:14Z,2026-05-25T16:00:00Z,2026-05-25T12:00:06-04:00,Mon,12,3429,292013,6690,335,https://youtu.be/lRsVoertVrY
7PM in Brooklyn,UCT3wF21Qx0d0HmuiCzji8Lg,9sw45DNpzcg,"Carmelo and Steve Novak Untold Knickstape Stories, Secret NBA Deals, Knicks Finals Chances & More",2026-05-18T16:00:22Z,2026-05-18T16:00:22Z,2026-05-18T17:25:13Z,2026-05-18T16:00:00Z,2026-05-18T12:00:22-04:00,Mon,12,5047,117421,2414,224,https://youtu.be/9sw45DNpzcg
7PM in Brooklyn,UCT3wF21Qx0d0HmuiCzji8Lg,ZIQ2hfDikpE,"PlaqueBoyMax Talks Drake’s Iceman Rollout, Bronny, Streaming & LaMelo Stealing Melo's Nickname",2026-05-11T16:00:06Z,2026-05-11T16:00:06Z,2026-05-11T17:43:30Z,2026-05-11T16:00:00Z,2026-05-11T12:00:06-04:00,Mon,12,6084,110790,3407,156,https://youtu.be/ZIQ2hfDikpE
7PM in Brooklyn,UCT3wF21Qx0d0HmuiCzji8Lg,NJdAiwSrB9Q,"Carmelo Anthony Debates Best White NBA Player, Best Co-Star for Cade, Hood Snacks & Drake’s Iceman",2026-05-04T16:00:06Z,2026-05-04T16:00:06Z,2026-05-04T18:33:50Z,2026-05-04T16:00:00Z,2026-05-04T12:00:06-04:00,Mon,12,9105,54081,848,159,https://youtu.be/NJdAiwSrB9Q
7PM in Brooklyn,UCT3wF21Qx0d0HmuiCzji8Lg,7rza3NvqzkI,"Wale Wants Wizards to Draft AJ Dybantsa, Calls So Far Gone GOAT Mixtape, Talks MMG Era + Will Packer",2026-04-20T16:00:06Z,2026-04-20T16:00:06Z,2026-04-20T18:21:36Z,2026-04-20T16:00:00Z,2026-04-20T12:00:06-04:00,Mon,12,8371,47363,1054,101,https://youtu.be/7rza3NvqzkI
7PM in Brooklyn,UCT3wF21Qx0d0HmuiCzji8Lg,IvnOZOV1NDI,"Jose Alvarado on “Grand Theft Alvarado”, Untold Chris Paul Story & Knicks Playoff Mindset",2026-04-13T16:00:06Z,2026-04-13T16:00:06Z,2026-04-13T17:44:49Z,2026-04-13T16:00:00Z,2026-04-13T12:00:06-04:00,Mon,12,6163,263856,6281,487,https://youtu.be/IvnOZOV1NDI
7PM in Brooklyn,UCT3wF21Qx0d0HmuiCzji8Lg,6zWqzgtUhkU,"Shawn Michaels Shares Why The Rock Match Never Happened, Triple H & Undertaker, and Coaching WWE NXT",2026-04-06T16:00:06Z,2026-04-06T16:00:06Z,2026-04-06T17:12:13Z,2026-04-06T16:00:00Z,2026-04-06T12:00:06-04:00,Mon,12,4207,248573,0,0,https://youtu.be/6zWqzgtUhkU
7PM in Brooklyn,UCT3wF21Qx0d0HmuiCzji8Lg,BMtILdeUf3Y,"2 Chainz Talks Getting Cursed Out by Melo, His Best One Liners, the Hit Song He Passed On & More",2026-03-30T16:00:06Z,2026-03-30T16:00:06Z,2026-03-30T17:33:03Z,2026-03-30T16:00:00Z,2026-03-30T12:00:06-04:00,Mon,12,5457,75719,1493,83,https://youtu.be/BMtILdeUf3Y
7PM in Brooklyn,UCT3wF21Qx0d0HmuiCzji8Lg,aRhvDmhIE3A,"J. Cole Gets Real on Drake & Kendrick Battle, JAY-Z Diss Rumor & The Fall Off",2026-03-27T16:00:06Z,2026-03-27T16:00:06Z,2026-03-27T17:48:11Z,2026-03-27T16:00:00Z,2026-03-27T12:00:06-04:00,Fri,12,6365,897737,22486,2629,https://youtu.be/aRhvDmhIE3A
7PM in Brooklyn,UCT3wF21Qx0d0HmuiCzji8Lg,ujJELY00Deo,"Carmelo Anthony’s March Madness Picks, Kiyan Anthony’s Next Season &  Debates Greatest Hood Film",2026-03-23T16:00:06Z,2026-03-23T16:00:06Z,2026-03-23T18:11:33Z,2026-03-23T16:00:00Z,2026-03-23T12:00:06-04:00,Mon,12,7827,33583,722,83,https://youtu.be/ujJELY00Deo
7PM in Brooklyn,UCT3wF21Qx0d0HmuiCzji8Lg,GZTyJHkBBGs,"Carmelo Anthony on The 'Big 3' That Never Was, Is Aldis Hodge the Next Black Panther? and More",2026-03-16T16:00:06Z,2026-03-16T16:00:06Z,2026-03-16T17:06:04Z,2026-03-16T16:00:00Z,2026-03-16T12:00:06-04:00,Mon,12,3838,36622,887,48,https://youtu.be/GZTyJHkBBGs
7PM in Brooklyn,UCT3wF21Qx0d0HmuiCzji8Lg,nzYpST5kEWs,"Shakur Stevenson on Being Best Boxer in the World, Teofimo Fight, Floyd & Bud Crawford Mentorship",2026-03-09T16:00:06Z,2026-03-09T16:00:06Z,2026-03-09T17:16:54Z,2026-03-09T16:00:00Z,2026-03-09T12:00:06-04:00,Mon,12,4488,122799,2493,407,https://youtu.be/nzYpST5kEWs
7PM in Brooklyn,UCT3wF21Qx0d0HmuiCzji8Lg,jZiMvsnTwsA,"Ali Siddiq CONFRONTS 7PM in Brooklyn Over Katt Williams Clip & Talks Netflix, Independence & Legacy",2026-03-02T17:00:06Z,2026-03-02T17:00:06Z,2026-03-02T18:33:27Z,2026-03-02T17:00:00Z,2026-03-02T12:00:06-05:00,Mon,12,5482,377496,8269,817,https://youtu.be/jZiMvsnTwsA
7PM in Brooklyn,UCT3wF21Qx0d0HmuiCzji8Lg,12zq5mvK9kE,"Wood Harris on The Wire, Above the Rim & Feeling Pressure Acting With Denzel Washington",2026-02-23T17:00:06Z,2026-02-23T17:00:06Z,2026-02-23T18:15:12Z,2026-02-23T17:00:00Z,2026-02-23T12:00:06-05:00,Mon,12,4386,215933,5509,606,https://youtu.be/12zq5mvK9kE
7PM in Brooklyn,UCT3wF21Qx0d0HmuiCzji8Lg,YuNt7KAK3xc,"Chris Paul on Retirement, Why He Walked Away & the Clippers Situation Explained",2026-02-20T03:00:06Z,2026-02-20T03:00:06Z,2026-02-20T03:49:51Z,2026-02-20T03:00:00Z,2026-02-19T22:00:06-05:00,Thu,22,2865,387530,8548,695,https://youtu.be/YuNt7KAK3xc
7PM in Brooklyn,UCT3wF21Qx0d0HmuiCzji8Lg,l2z3mxd-w1o,"DeMarcus Cousins & Melo Talk Untold Team USA Stories, Almost Teaming Up in New Orleans & Narratives",2026-02-16T17:00:06Z,2026-02-16T17:00:06Z,2026-02-16T18:38:24Z,2026-02-16T17:00:00Z,2026-02-16T12:00:06-05:00,Mon,12,5779,263099,4774,308,https://youtu.be/l2z3mxd-w1o
7PM in Brooklyn,UCT3wF21Qx0d0HmuiCzji8Lg,yzwl22Zwues,"Michael Vick on His NFL Comeback, Changing the QB Position & Finding Purpose After Football",2026-02-09T17:00:06Z,2026-02-09T17:00:06Z,2026-02-09T17:57:40Z,2026-02-09T17:00:00Z,2026-02-09T12:00:06-05:00,Mon,12,3334,116416,3087,262,https://youtu.be/yzwl22Zwues
7PM in Brooklyn,UCT3wF21Qx0d0HmuiCzji8Lg,3qCncXSFvJg,"John Starks & Carmelo Anthony Talk Michael Jordan Battles, Knicks Alumni Night & 90s NBA Rivalries",2026-02-02T17:00:06Z,2026-02-02T17:00:06Z,2026-02-02T18:17:09Z,2026-02-02T17:00:00Z,2026-02-02T12:00:06-05:00,Mon,12,4503,94799,2254,231,https://youtu.be/3qCncXSFvJg
7PM in Brooklyn,UCT3wF21Qx0d0HmuiCzji8Lg,3W-s6BZ1bR4,"Styles P on LOX Longevity, J Cole & MC vs Rapper Debate",2026-01-28T17:00:06Z,2026-01-28T17:00:06Z,2026-01-28T18:10:39Z,2026-01-28T17:00:00Z,2026-01-28T12:00:06-05:00,Wed,12,4113,118697,3370,302,https://youtu.be/3W-s6BZ1bR4
7PM in Brooklyn,UCT3wF21Qx0d0HmuiCzji8Lg,utv7qkvdkfo,"Tylil James on Stealing Rare LeBron Jersey from Melo, Kai Cenat & Fixing NBA All-Star Weekend",2026-01-26T17:00:06Z,2026-01-26T17:00:06Z,2026-01-26T18:53:34Z,2026-01-26T17:00:00Z,2026-01-26T12:00:06-05:00,Mon,12,6688,263705,5677,469,https://youtu.be/utv7qkvdkfo
7PM in Brooklyn,UCT3wF21Qx0d0HmuiCzji8Lg,wCIUlJ9W5oI,"Mary J Blige Talks Vegas Residency, Unreleased Jay-Z Collab & Passing On A Rihanna Hit",2026-01-19T17:00:06Z,2026-01-19T17:00:06Z,2026-01-19T17:53:48Z,2026-01-19T17:00:00Z,2026-01-19T12:00:06-05:00,Mon,12,3103,113459,3276,296,https://youtu.be/wCIUlJ9W5oI
7PM in Brooklyn,UCT3wF21Qx0d0HmuiCzji8Lg,qFZ_C6gYuf4,"PJ Tucker on NBA Longevity, Sneaker Culture & Challenging Steph Curry's Warriors Dynasty",2026-01-12T17:00:06Z,2026-01-12T17:00:06Z,2026-01-12T19:04:28Z,2026-01-12T17:00:00Z,2026-01-12T12:00:06-05:00,Mon,12,7342,133457,2329,239,https://youtu.be/qFZ_C6gYuf4
7PM in Brooklyn,UCT3wF21Qx0d0HmuiCzji8Lg,6O3Ar2ya0e4,"Carmelo Anthony & KevOnStage Break Down the People, Moments & Chaos of 2025 | 7PMMYs",2025-12-22T17:00:06Z,2025-12-22T17:00:06Z,2025-12-22T19:38:59Z,2025-12-22T17:00:00Z,2025-12-22T12:00:06-05:00,Mon,12,9474,130991,3235,382,https://youtu.be/6O3Ar2ya0e4
7PM in Brooklyn,UCT3wF21Qx0d0HmuiCzji8Lg,7J6AT74dqug,"Timothée Chalamet On Kendrick Lamar Interview, Knicks Fandom, Druski Collab & EsDeeKid",2025-12-15T17:00:06Z,2025-12-15T17:00:06Z,2025-12-15T18:01:32Z,2025-12-15T17:00:00Z,2025-12-15T12:00:06-05:00,Mon,12,3567,446391,11123,621,https://youtu.be/7J6AT74dqug
7PM in Brooklyn,UCT3wF21Qx0d0HmuiCzji8Lg,ieYTXVBEn0Q,"Method Man Talks Rejecting Classic Drake Song, Wu-Tang's Future & JR Smith on Athletes Losing it All",2025-12-08T17:00:06Z,2025-12-08T17:00:06Z,2025-12-08T18:26:21Z,2025-12-08T17:00:00Z,2025-12-08T12:00:06-05:00,Mon,12,5115,201082,4445,352,https://youtu.be/ieYTXVBEn0Q
7PM in Brooklyn,UCT3wF21Qx0d0HmuiCzji8Lg,5J2SdbpFoBw,"Bill Bellamy Shares HILARIOUS UNTOLD Shaq & Michael Jordan Stories, Talks Creating Rizz & More",2025-12-01T17:00:06Z,2025-12-01T17:00:06Z,2025-12-01T18:30:23Z,2025-12-01T17:00:00Z,2025-12-01T12:00:06-05:00,Mon,12,5357,302836,6452,511,https://youtu.be/5J2SdbpFoBw
7PM in Brooklyn,UCT3wF21Qx0d0HmuiCzji8Lg,jQkYUo_ejVA,"Kevin Hart on Linking With Kai Cenat & Druski, Working With Mike Epps & Katt Williams, Acting My Age",2025-11-25T17:00:06Z,2025-11-25T17:00:06Z,2025-11-25T18:09:12Z,2025-11-25T17:00:00Z,2025-11-25T12:00:06-05:00,Tue,12,4087,1405978,25011,1139,https://youtu.be/jQkYUo_ejVA
7PM in Brooklyn,UCT3wF21Qx0d0HmuiCzji8Lg,PEIfzqFeUdQ,"Kysre Gondrezick Talks Playboy Cover, WNBA lockout. Veeze on Pistons, Cade Cunningham & Detroit Rap.",2025-11-24T17:00:06Z,2025-11-24T17:00:06Z,2025-11-24T19:13:12Z,2025-11-24T17:00:00Z,2025-11-24T12:00:06-05:00,Mon,12,7927,110980,1787,205,https://youtu.be/PEIfzqFeUdQ
7PM in Brooklyn,UCT3wF21Qx0d0HmuiCzji8Lg,EjjqbNdgJMw,"Mike Epps on New Friday Movie with Ice Cube, Eddie Murphy & Tyrese Haliburton vs Reggie Miller",2025-11-17T18:00:06Z,2025-11-17T18:00:06Z,2025-11-17T19:40:49Z,2025-11-17T18:00:00Z,2025-11-17T13:00:06-05:00,Mon,13,5984,770697,14822,1114,https://youtu.be/EjjqbNdgJMw
7PM in Brooklyn,UCT3wF21Qx0d0HmuiCzji8Lg,Fnq6L97mnOQ,"Vince Staples Joins Carmelo Anthony to Talk Kawhi, Westbrook, & Season 2 of His Netflix Show",2025-11-14T18:00:06Z,2025-11-14T18:00:06Z,2025-11-14T18:37:32Z,2025-11-14T18:00:00Z,2025-11-14T13:00:06-05:00,Fri,13,2127,187251,4461,228,https://youtu.be/Fnq6L97mnOQ
7PM in Brooklyn,UCT3wF21Qx0d0HmuiCzji8Lg,nzImd1dbhVc,"Ja Rule on Jay-Z, 50 Cent, and Kendrick vs Drake | The Truth About Hip Hop Beef.",2025-11-10T18:00:07Z,2025-11-10T18:00:07Z,2025-11-10T19:48:52Z,2025-11-10T18:00:00Z,2025-11-10T13:00:07-05:00,Mon,13,6406,181583,3749,986,https://youtu.be/nzImd1dbhVc
7PM in Brooklyn,UCT3wF21Qx0d0HmuiCzji8Lg,wh9sTLClEXo,"Carmelo Anthony and Maria Taylor on NBA on NBC return, Melo’s Response to Phil Jackson, MJ vs Kobe",2025-11-03T18:00:06Z,2025-11-03T18:00:06Z,2025-11-03T19:38:52Z,2025-11-03T18:00:00Z,2025-11-03T13:00:06-05:00,Mon,13,5866,84421,1792,178,https://youtu.be/wh9sTLClEXo
7PM in Brooklyn,UCT3wF21Qx0d0HmuiCzji8Lg,3I0vSM5ATy8,"Michael Porter Jr. Picks SHAQ Over JOKIC, Calls KD the GOAT 1-on-1, and Talks His Viral Summer",2025-10-27T17:00:06Z,2025-10-27T17:00:06Z,2025-10-27T18:13:18Z,2025-10-27T17:00:00Z,2025-10-27T13:00:06-04:00,Mon,13,4332,173471,2805,289,https://youtu.be/3I0vSM5ATy8
7PM in Brooklyn,UCT3wF21Qx0d0HmuiCzji8Lg,xNOH5LqLJ3Q,Stephen A. Smith Gets Real on LeBron Beef & Drops Surprise NBA Champs Prediction | Season 3 Premiere,2025-10-20T17:00:27Z,2025-10-20T17:00:27Z,2025-10-20T18:33:24Z,2025-10-20T17:00:00Z,2025-10-20T13:00:27-04:00,Mon,13,5538,681672,12290,3669,https://youtu.be/xNOH5LqLJ3Q
7PM in Brooklyn,UCT3wF21Qx0d0HmuiCzji8Lg,atkO7TZVZ0c,"Carmelo and Karl Anthony-Towns on the State of the Knicks, Genius of Jalen Brunson & Love for NYC",2025-08-17T18:00:06Z,2025-08-17T18:00:06Z,2025-08-17T18:33:13Z,2025-08-17T18:00:00Z,2025-08-17T14:00:06-04:00,Sun,14,1898,158686,3315,498,https://youtu.be/atkO7TZVZ0c
7PM in Brooklyn,UCT3wF21Qx0d0HmuiCzji8Lg,tWj0db-9Tik,"Gillie & Wallo on Lessons From Coach Prime, Cam Newton Beef, Overcoming Adverse Environments & More",2025-08-14T17:00:06Z,2025-08-14T17:00:06Z,2025-08-14T18:14:23Z,2025-08-14T17:00:00Z,2025-08-14T13:00:06-04:00,Thu,13,4313,321473,6464,615,https://youtu.be/tWj0db-9Tik
7PM in Brooklyn,UCT3wF21Qx0d0HmuiCzji8Lg,QBdXPL3DA4I,"Offset on Going Solo, Losing Takeoff & Where He Stands With Quavo",2025-08-07T17:00:06Z,2025-08-07T17:00:06Z,2025-08-07T17:53:18Z,2025-08-07T17:00:00Z,2025-08-07T13:00:06-04:00,Thu,13,3126,261963,4416,382,https://youtu.be/QBdXPL3DA4I
7PM in Brooklyn,UCT3wF21Qx0d0HmuiCzji8Lg,QTwjpJpFQQk,"Jermaine Dupri on NBA Strip Club Culture, Helping Jay-Z Breakthrough, Trash Talking MJ & More",2025-07-31T17:00:06Z,2025-07-31T17:00:06Z,2025-07-31T18:35:28Z,2025-07-31T17:00:00Z,2025-07-31T13:00:06-04:00,Thu,13,5586,123948,2114,567,https://youtu.be/QTwjpJpFQQk
7PM in Brooklyn,UCT3wF21Qx0d0HmuiCzji8Lg,a8D1Qtbikh4,"DeMar DeRozan on Issues with Today’s NBA Players, Lost Art of Midrange, Lessons from Master P & More",2025-07-24T17:00:06Z,2025-07-24T17:00:06Z,2025-07-24T18:15:51Z,2025-07-24T17:00:00Z,2025-07-24T13:00:06-04:00,Thu,13,4459,449493,8586,520,https://youtu.be/a8D1Qtbikh4
7PM in Brooklyn,UCT3wF21Qx0d0HmuiCzji8Lg,UiT2RQmhYSg,"Lance Stephenson on His Biggest NBA Regrets, Carmelo vs Beasley, and Battling LeBron in the Playoffs",2025-07-22T17:00:27Z,2025-07-22T17:00:27Z,2025-07-22T18:19:49Z,2025-07-22T17:00:00Z,2025-07-22T13:00:27-04:00,Tue,13,4718,459458,6919,600,https://youtu.be/UiT2RQmhYSg
7PM in Brooklyn,UCT3wF21Qx0d0HmuiCzji8Lg,9WorfN2M9Tc,"Carmelo and Tracy McGrady on Mastery of Scoring, Battles w/ Melo and LeBron, Nasty Jerseys & More",2025-07-17T20:30:06Z,2025-07-17T20:30:06Z,2025-07-17T21:39:42Z,2025-07-17T20:30:00Z,2025-07-17T16:30:06-04:00,Thu,16,4089,630947,10605,1213,https://youtu.be/9WorfN2M9Tc
7PM in Brooklyn,UCT3wF21Qx0d0HmuiCzji8Lg,ko0nSXHQPQ4,THE Katt Williams Interview | 7PM in Brooklyn with Carmelo Anthony,2025-07-10T17:00:06Z,2025-07-10T17:00:06Z,2025-07-10T18:53:26Z,2025-07-10T17:00:00Z,2025-07-10T13:00:06-04:00,Thu,13,6712,2055362,48273,4011,https://youtu.be/ko0nSXHQPQ4
7PM in Brooklyn,UCT3wF21Qx0d0HmuiCzji8Lg,-sCEpKWqIM4,"Dylan Harper on NBA Expectations, Kiyan Looks Ahead to Syracuse & Carmelo on the Future of Hoops",2025-06-26T17:00:05Z,2025-06-26T17:00:05Z,2025-06-26T18:10:24Z,2025-06-26T17:00:00Z,2025-06-26T13:00:05-04:00,Thu,13,4155,253631,4454,211,https://youtu.be/-sCEpKWqIM4
7PM in Brooklyn,UCT3wF21Qx0d0HmuiCzji8Lg,XyH-XQfdauU,"Jeezy and Carmelo on Allen Iverson Living His Raps, Losing Beyoncé Records, Jay-Z Being Real & More",2025-06-20T17:00:06Z,2025-06-20T17:00:06Z,2025-06-20T18:14:48Z,2025-06-20T17:00:00Z,2025-06-20T13:00:06-04:00,Fri,13,4395,268289,4792,385,https://youtu.be/XyH-XQfdauU
7PM in Brooklyn,UCT3wF21Qx0d0HmuiCzji8Lg,ua0Snc7Daps,Carmelo Responds to Michael Beasley and an Intense Debate with Iman Shumpert on the Knicks Future,2025-06-12T17:00:06Z,2025-06-12T17:00:06Z,2025-06-12T18:17:17Z,2025-06-12T17:00:00Z,2025-06-12T13:00:06-04:00,Thu,13,4553,575409,11969,1585,https://youtu.be/ua0Snc7Daps
7PM in Brooklyn,UCT3wF21Qx0d0HmuiCzji8Lg,1lRAnlyj5YM,"Ryan Coogler on 'Sinners' Creative Process, 'Black Panther' News, NBA Players Love & More",2025-06-05T17:00:06Z,2025-06-05T17:00:06Z,2025-06-05T18:15:47Z,2025-06-05T17:00:00Z,2025-06-05T13:00:06-04:00,Thu,13,4460,209469,7034,419,https://youtu.be/1lRAnlyj5YM
7PM in Brooklyn,UCT3wF21Qx0d0HmuiCzji8Lg,h4r10R8JcMo,"Russell Wilson and Carmelo on WRs Egos, Playing for Mike Tomlin, Jameis Winston Speeches & More",2025-05-29T17:00:06Z,2025-05-29T17:00:06Z,2025-05-29T18:21:23Z,2025-05-29T17:00:00Z,2025-05-29T13:00:06-04:00,Thu,13,4798,144013,3325,509,https://youtu.be/h4r10R8JcMo
7PM in Brooklyn,UCT3wF21Qx0d0HmuiCzji8Lg,Bj_ONSHrkvE,"Amar’e Stoudemire and Carmelo on Knickstape Era, Linsanity Run, Almost Joining Heat Big 3 & More",2025-05-22T17:00:05Z,2025-05-22T17:00:05Z,2025-05-22T19:21:25Z,2025-05-22T17:00:00Z,2025-05-22T13:00:05-04:00,Thu,13,8340,315735,5163,511,https://youtu.be/Bj_ONSHrkvE
7PM in Brooklyn,UCT3wF21Qx0d0HmuiCzji8Lg,VKBc_XCx5VU,"Carmelo & Karlous Miller Build the Perfect Comedian, Talk Weed in Sports, Kiyan's Final Game & More!",2025-05-15T17:00:06Z,2025-05-15T17:00:06Z,2025-05-15T18:11:16Z,2025-05-15T17:00:00Z,2025-05-15T13:00:06-04:00,Thu,13,3809,396203,6851,376,https://youtu.be/VKBc_XCx5VU
7PM in Brooklyn,UCT3wF21Qx0d0HmuiCzji8Lg,pX8s0u90YNQ,"J.R. Smith and Carmelo on Knicks Glory, Stealing from Kobe & Chris Paul, Vendetta w/ LeBron and More",2025-05-08T18:15:06Z,2025-05-08T18:15:06Z,2025-05-08T20:37:37Z,2025-05-08T18:15:00Z,2025-05-08T14:15:06-04:00,Thu,14,8482,852272,15455,1410,https://youtu.be/pX8s0u90YNQ
7PM in Brooklyn,UCT3wF21Qx0d0HmuiCzji8Lg,JlaiyCq1a7k,"Malik Nabers Biggest Regret with Kyren Lacy, NFL’s Disrespect of Shedeur Sanders, LSU ""WRU"" & More",2025-05-01T17:00:06Z,2025-05-01T17:00:06Z,2025-05-01T18:51:59Z,2025-05-01T17:00:00Z,2025-05-01T13:00:06-04:00,Thu,13,6627,209158,6012,555,https://youtu.be/JlaiyCq1a7k
7PM in Brooklyn,UCT3wF21Qx0d0HmuiCzji8Lg,IMoHUBiorio,"JB Smoove and Carmelo on Getting Ignored by Kobe, Larry David’s Genius, Joe Budden-50 Cent & More",2025-04-24T17:00:06Z,2025-04-24T17:00:06Z,2025-04-24T18:44:07Z,2025-04-24T17:00:00Z,2025-04-24T13:00:06-04:00,Thu,13,6176,65148,1380,72,https://youtu.be/IMoHUBiorio
7PM in Brooklyn,UCT3wF21Qx0d0HmuiCzji8Lg,MykzQvOv4nA,"Spike Lee on Top Knicks Villains, Denzel Washington’s Aura, Ryan Coogler’s Sinners & More",2025-04-17T17:00:06Z,2025-04-17T17:00:06Z,2025-04-17T19:06:26Z,2025-04-17T17:00:00Z,2025-04-17T13:00:06-04:00,Thu,13,7505,171746,4413,299,https://youtu.be/MykzQvOv4nA
7PM in Brooklyn,UCT3wF21Qx0d0HmuiCzji8Lg,efeXOFjidhk,"Carmelo and Jay Shetty on the Challenges of Leaving the NBA, The Price of Fame & More",2025-04-15T17:30:06Z,2025-04-15T17:30:06Z,2025-04-15T18:54:19Z,2025-04-15T17:30:00Z,2025-04-15T13:30:06-04:00,Tue,13,4993,30469,826,64,https://youtu.be/efeXOFjidhk
7PM in Brooklyn,UCT3wF21Qx0d0HmuiCzji8Lg,WPBQDhANVqw,"Michael Strahan on Shedeur Sanders As a Giant, Hating the Eagles, Evolution of the NFL & More",2025-04-10T17:00:06Z,2025-04-10T17:00:06Z,2025-04-10T18:09:46Z,2025-04-10T17:00:00Z,2025-04-10T13:00:06-04:00,Thu,13,4034,92155,2548,184,https://youtu.be/WPBQDhANVqw
7PM in Brooklyn,UCT3wF21Qx0d0HmuiCzji8Lg,7XIwpDSptpA,"The Era of Shai Gilgeous-Alexander Begins, Isaiah Stewart Energy, Beyoncé’s ‘Hoodie’ Melo Bar & More",2025-04-03T17:00:06Z,2025-04-03T17:00:06Z,2025-04-03T18:27:49Z,2025-04-03T17:00:00Z,2025-04-03T13:00:06-04:00,Thu,13,5176,77573,1597,183,https://youtu.be/7XIwpDSptpA
7PM in Brooklyn,UCT3wF21Qx0d0HmuiCzji8Lg,EnQ0aRLF4LI,"Bronny James Leveling Up, Have Analytics Ruined the NBA?, Team USA’s Impact on Devin Booker & More",2025-03-27T17:00:05Z,2025-03-27T17:00:05Z,2025-03-27T19:13:28Z,2025-03-27T17:00:00Z,2025-03-27T13:00:05-04:00,Thu,13,7937,130365,2250,258,https://youtu.be/EnQ0aRLF4LI
7PM in Brooklyn,UCT3wF21Qx0d0HmuiCzji8Lg,K8pWSxkH1Bo,"DeVonta Smith on Eagles Championship Run, Unique Bond with Jalen Hurts, Saquon's Weird Habit & More",2025-03-20T17:00:06Z,2025-03-20T17:00:06Z,2025-03-20T18:26:42Z,2025-03-20T17:00:00Z,2025-03-20T13:00:06-04:00,Thu,13,5129,319302,8268,874,https://youtu.be/K8pWSxkH1Bo
7PM in Brooklyn,UCT3wF21Qx0d0HmuiCzji8Lg,aQhYR9s28rc,"LeBron vs. Stephen A. Beef, Kiyan's McDonald's Snub, Jimmy Butler & More Feat. Dwyane Wade",2025-03-14T01:00:06Z,2025-03-14T01:00:06Z,2025-03-14T02:35:23Z,2025-03-14T01:00:00Z,2025-03-13T21:00:06-04:00,Thu,21,5642,359371,6553,760,https://youtu.be/aQhYR9s28rc
7PM in Brooklyn,UCT3wF21Qx0d0HmuiCzji8Lg,dzFcibrpYI8,"LeBron & Luka's Finals Destiny, What Does Dallas Do Now?, NFL Rookie Lessons & More ft. Keon Coleman",2025-03-06T18:00:06Z,2025-03-06T18:00:06Z,2025-03-06T19:27:16Z,2025-03-06T18:00:00Z,2025-03-06T13:00:06-05:00,Thu,13,5163,207512,4173,303,https://youtu.be/dzFcibrpYI8
7PM in Brooklyn,UCT3wF21Qx0d0HmuiCzji8Lg,ocxfeRpKJpc,"New York Knicks' Fatal Flaw, Cade Cunningham's Arrival, Kevin Durant's Next Move & More",2025-02-27T18:00:06Z,2025-02-27T18:00:06Z,2025-02-27T19:49:54Z,2025-02-27T18:00:00Z,2025-02-27T13:00:06-05:00,Thu,13,6514,89249,1547,207,https://youtu.be/ocxfeRpKJpc
7PM in Brooklyn,UCT3wF21Qx0d0HmuiCzji8Lg,v5lbIkkM7qU,"Anthony Edwards in Denial, the Wide Open West, Jadakiss on the Future of Rap & More",2025-02-20T19:00:06Z,2025-02-20T19:00:06Z,2025-02-20T20:52:46Z,2025-02-20T19:00:00Z,2025-02-20T14:00:06-05:00,Thu,14,6685,265873,4349,554,https://youtu.be/v5lbIkkM7qU
7PM in Brooklyn,UCT3wF21Qx0d0HmuiCzji8Lg,TkaTLh8yuq8,"Lil Rel Howery’s Message for Katt Williams, Memories from 'Get Out,' Bulls Fandom & More",2025-02-13T18:00:06Z,2025-02-13T18:00:06Z,2025-02-13T19:06:09Z,2025-02-13T18:00:00Z,2025-02-13T13:00:06-05:00,Thu,13,3820,56508,1269,100,https://youtu.be/TkaTLh8yuq8
7PM in Brooklyn,UCT3wF21Qx0d0HmuiCzji8Lg,TBwb9EKiD7Q,"Top Secret NBA Trades, Kendrick Lamar's Generational Run, NFL Stories with Lou Young & More",2025-02-06T18:00:06Z,2025-02-06T18:00:06Z,2025-02-06T19:14:41Z,2025-02-06T18:00:00Z,2025-02-06T13:00:06-05:00,Thu,13,4332,103131,1767,146,https://youtu.be/TBwb9EKiD7Q
7PM in Brooklyn,UCT3wF21Qx0d0HmuiCzji8Lg,JdTqQOTQx60,Carmelo Anthony & Rudy Gay REACT to the Luka Doncic-Anthony Davis Trade | “Trade Impacted the World”,2025-02-04T22:30:06Z,2025-02-04T22:30:06Z,2025-02-04T23:13:20Z,2025-02-04T22:30:00Z,2025-02-04T17:30:06-05:00,Tue,17,2448,292709,4958,830,https://youtu.be/JdTqQOTQx60
7PM in Brooklyn,UCT3wF21Qx0d0HmuiCzji8Lg,YITWmNdrE1Q,"Dwight Howard on Shaq Feud, Complicated History with Kobe Bryant, Redeem Team vs. Dream Team & More",2025-01-30T18:00:06Z,2025-01-30T18:00:06Z,2025-01-30T20:02:50Z,2025-01-30T18:00:00Z,2025-01-30T13:00:06-05:00,Thu,13,7296,268769,4699,637,https://youtu.be/YITWmNdrE1Q
7PM in Brooklyn,UCT3wF21Qx0d0HmuiCzji8Lg,02TzoNe7XB8,"Jayson Tatum Disrespect Gone Too Far, Stephen Curry's Future in the Bay, Scottie Pippen Hate & More",2025-01-23T18:00:06Z,2025-01-23T18:00:06Z,2025-01-23T19:45:53Z,2025-01-23T18:00:00Z,2025-01-23T13:00:06-05:00,Thu,13,6286,115823,2037,318,https://youtu.be/02TzoNe7XB8
7PM in Brooklyn,UCT3wF21Qx0d0HmuiCzji8Lg,hvEmTstQtSE,"Is the NBA Gonna Be Okay?, Jim Jones vs. Cam’ron, Melo's Iconic Rihanna Meme & More",2025-01-16T18:00:05Z,2025-01-16T18:00:05Z,2025-01-16T19:55:44Z,2025-01-16T18:00:00Z,2025-01-16T13:00:05-05:00,Thu,13,6613,164905,3108,420,https://youtu.be/hvEmTstQtSE
7PM in Brooklyn,UCT3wF21Qx0d0HmuiCzji8Lg,IggIggzHAW0,"Blake Griffin on Jimmy Butler Trade Demands, New Amazon TV Gig, Battling Prime Melo & More",2025-01-09T18:00:06Z,2025-01-09T18:00:06Z,2025-01-09T19:27:42Z,2025-01-09T18:00:00Z,2025-01-09T13:00:06-05:00,Thu,13,5112,394577,7426,783,https://youtu.be/IggIggzHAW0
7PM in Brooklyn,UCT3wF21Qx0d0HmuiCzji8Lg,xIB9SNiWPLg,"Ali Siddiq on Beef with Katt Williams, Crashing Out on NBA Legends, Game from D.L. Hughley & More",2025-01-02T18:00:06Z,2025-01-02T18:00:06Z,2025-01-02T19:29:19Z,2025-01-02T18:00:00Z,2025-01-02T13:00:06-05:00,Thu,13,5209,648961,13693,946,https://youtu.be/xIB9SNiWPLg
7PM in Brooklyn,UCT3wF21Qx0d0HmuiCzji8Lg,VUpqhXvVrwE,"7PM Awards, LeBron James Trade Rumors, Kendrick Lamar’s Wins & More with Sam Jay and Bomani Jones",2024-12-19T18:00:06Z,2024-12-19T18:00:06Z,2024-12-19T19:54:27Z,2024-12-19T18:00:00Z,2024-12-19T13:00:06-05:00,Thu,13,6720,61066,1169,266,https://youtu.be/VUpqhXvVrwE
7PM in Brooklyn,UCT3wF21Qx0d0HmuiCzji8Lg,klSzbe4l6mk,"Fat Joe on Untold Carmelo Stories, Beefing with the Dodgers, Karl Anthony Towns’ GOAT Status & More",2024-12-12T18:00:06Z,2024-12-12T18:00:06Z,2024-12-12T19:57:51Z,2024-12-12T18:00:00Z,2024-12-12T13:00:06-05:00,Thu,13,6936,308848,5419,652,https://youtu.be/klSzbe4l6mk
7PM in Brooklyn,UCT3wF21Qx0d0HmuiCzji8Lg,lq0mweZDt84,"Adrian Wojnarowski on Life After ESPN, Gaining Kobe Bryant’s Trust, Rivalry with Shams & More",2024-12-05T18:00:06Z,2024-12-05T18:00:06Z,2024-12-05T19:30:25Z,2024-12-05T18:00:00Z,2024-12-05T13:00:06-05:00,Thu,13,5286,193344,3775,285,https://youtu.be/lq0mweZDt84
7PM in Brooklyn,UCT3wF21Qx0d0HmuiCzji8Lg,2hl0xH2igt4,"Iman Shumpert on Melo vs. Kevin Garnett Feud, Knickstape Era Knicks, Issues Playing w/ LeBron & More",2024-11-26T18:00:07Z,2024-11-26T18:00:07Z,2024-11-26T19:50:53Z,2024-11-26T18:00:00Z,2024-11-26T13:00:07-05:00,Tue,13,6528,848841,0,0,https://youtu.be/2hl0xH2igt4
7PM in Brooklyn,UCT3wF21Qx0d0HmuiCzji8Lg,bCCM4X4H0PQ,"Chad Ochocinco on Roasting Shannon Sharpe, Hooping Against LeBron, Carmelo on New Look Knicks & More",2024-11-21T18:00:06Z,2024-11-21T18:00:06Z,2024-11-21T19:34:53Z,2024-11-21T18:00:00Z,2024-11-21T13:00:06-05:00,Thu,13,5556,257630,5553,438,https://youtu.be/bCCM4X4H0PQ
7PM in Brooklyn,UCT3wF21Qx0d0HmuiCzji8Lg,QZ77Hq6jdpk,Kiyan Anthony Makes His College Decision | Season 2 Premiere of 7PM in Brooklyn,2024-11-15T22:30:06Z,2024-11-15T22:30:06Z,2024-11-15T23:23:43Z,2024-11-15T22:30:00Z,2024-11-15T17:30:06-05:00,Fri,17,3077,554493,16890,1495,https://youtu.be/QZ77Hq6jdpk
7PM in Brooklyn,UCT3wF21Qx0d0HmuiCzji8Lg,lDiPchkXoPY,"Rich Paul Gets Real on Beef with Knicks, Rumors of LeBron to the Warriors, State of NBA and More",2024-10-15T14:00:05Z,2024-10-15T14:00:05Z,2024-10-15T14:59:47Z,2024-10-15T14:00:00Z,2024-10-15T10:00:05-04:00,Tue,10,3460,106557,2248,175,https://youtu.be/lDiPchkXoPY
7PM in Brooklyn,UCT3wF21Qx0d0HmuiCzji8Lg,qw7Y-sFRapo,"Jay Pharoah on Hilarious Life Lessons from Charlie Murphy, Hollywood Game from Jamie Foxx & More",2024-10-10T14:00:06Z,2024-10-10T14:00:06Z,2024-10-10T14:58:08Z,2024-10-10T14:00:00Z,2024-10-10T10:00:06-04:00,Thu,10,3344,48868,1394,133,https://youtu.be/qw7Y-sFRapo
7PM in Brooklyn,UCT3wF21Qx0d0HmuiCzji8Lg,5hsycMog_EY,"Hasan Minhaj Reveals Hilarious Old Melo Tweets, Today’s Athletes Challenges & Secret to Great Comedy",2024-10-08T14:00:06Z,2024-10-08T14:00:06Z,2024-10-08T15:20:17Z,2024-10-08T14:00:00Z,2024-10-08T10:00:06-04:00,Tue,10,4667,61703,1531,162,https://youtu.be/5hsycMog_EY
7PM in Brooklyn,UCT3wF21Qx0d0HmuiCzji8Lg,Ogl4giSxZcI,"Fabolous on Legacy of Lil’ Wayne, Studio Stories with Jadakiss, Keys to Longevity in Hip-Hop & More",2024-10-01T14:00:21Z,2024-10-01T14:00:21Z,2024-10-01T15:32:16Z,2024-10-01T14:00:00Z,2024-10-01T10:00:21-04:00,Tue,10,5397,272616,5713,746,https://youtu.be/Ogl4giSxZcI
7PM in Brooklyn,UCT3wF21Qx0d0HmuiCzji8Lg,Rq9RFQYZYFI,"Donovan Mitchell on Team USA Snub, College Stories w/ Lamar Jackson, Shaq vs. Rudy Gobert & More",2024-09-24T14:00:26Z,2024-09-24T14:00:26Z,2024-09-24T14:53:42Z,2024-09-24T14:00:00Z,2024-09-24T10:00:26-04:00,Tue,10,3150,136542,2745,146,https://youtu.be/Rq9RFQYZYFI
7PM in Brooklyn,UCT3wF21Qx0d0HmuiCzji8Lg,UBq1Q1zabPc,"Issa Rae on Conquering Hollywood, Nearly Dying on Insecure Set, Adapting to A.I. & More",2024-09-17T14:00:07Z,2024-09-17T14:00:07Z,2024-09-17T15:11:10Z,2024-09-17T14:00:00Z,2024-09-17T10:00:07-04:00,Tue,10,4205,155529,4134,264,https://youtu.be/UBq1Q1zabPc
7PM in Brooklyn,UCT3wF21Qx0d0HmuiCzji8Lg,Vp1dAvUFK9E,"Carmelo on Kiyan Being Tested in Brooklyn, Magic of Wizards MJ, Prime Melo in Which Era? & More",2024-09-10T14:00:06Z,2024-09-10T14:00:06Z,2024-09-10T15:12:18Z,2024-09-10T14:00:00Z,2024-09-10T10:00:06-04:00,Tue,10,4213,55563,1127,69,https://youtu.be/Vp1dAvUFK9E
7PM in Brooklyn,UCT3wF21Qx0d0HmuiCzji8Lg,MUdHLFNvCiI,"Melo's Near Return to Knicks, Kiyan No.1 in NYC, Anthony Edwards Duo & More | Carmelo Answers All",2024-08-27T14:00:06Z,2024-08-27T14:00:06Z,2024-08-27T15:07:34Z,2024-08-27T14:00:00Z,2024-08-27T10:00:06-04:00,Tue,10,3929,179967,3657,300,https://youtu.be/MUdHLFNvCiI
7PM in Brooklyn,UCT3wF21Qx0d0HmuiCzji8Lg,ygoTW1-zc4k,"Stephen Curry the GOAT PG?, Kiyan Olympic Experience, Turning Down $100-Million Dollars & More",2024-08-20T14:00:06Z,2024-08-20T14:00:06Z,2024-08-20T15:12:33Z,2024-08-20T14:00:00Z,2024-08-20T10:00:06-04:00,Tue,10,4288,242028,4505,332,https://youtu.be/ygoTW1-zc4k
7PM in Brooklyn,UCT3wF21Qx0d0HmuiCzji8Lg,2lyE0rLfmGk,"Carmelo Anthony on Coaching USA to Gold, Advice to Bron, Beef with Bogdanovic, Tatum Dilemma & More",2024-08-15T21:00:06Z,2024-08-15T21:00:06Z,2024-08-15T22:45:47Z,2024-08-15T21:00:00Z,2024-08-15T17:00:06-04:00,Thu,17,6281,481003,7849,739,https://youtu.be/2lyE0rLfmGk
7PM in Brooklyn,UCT3wF21Qx0d0HmuiCzji8Lg,44fel1v8kX0,"Unwritten Rules of Olympic Basketball, LeBron and Taurasi Longevity & Farewell to ‘Inside the NBA’",2024-08-06T14:00:06Z,2024-08-06T14:00:06Z,2024-08-06T15:08:31Z,2024-08-06T14:00:00Z,2024-08-06T10:00:06-04:00,Tue,10,4046,144360,2855,230,https://youtu.be/44fel1v8kX0
7PM in Brooklyn,UCT3wF21Qx0d0HmuiCzji8Lg,pkxMEl0rXTw,"Paul George and Kiyan Anthony on Their GOATS, PG’s Future in Philly, 1v1 Against Carmelo & More",2024-07-30T14:00:07Z,2024-07-30T14:00:07Z,2024-07-30T15:32:34Z,2024-07-30T14:00:00Z,2024-07-30T10:00:07-04:00,Tue,10,5488,819893,16881,1129,https://youtu.be/pkxMEl0rXTw
7PM in Brooklyn,UCT3wF21Qx0d0HmuiCzji8Lg,EGI1DraQQzc,"Carmelo Almost Joining the '03 Pistons, Battling Kobe in the WCF, Coaching Today’s NBA Stars & More",2024-07-23T14:00:07Z,2024-07-23T14:00:07Z,2024-07-23T14:47:49Z,2024-07-23T14:00:00Z,2024-07-23T10:00:07-04:00,Tue,10,2743,236849,4811,466,https://youtu.be/EGI1DraQQzc
7PM in Brooklyn,UCT3wF21Qx0d0HmuiCzji8Lg,fxoJUb14xV0,"Dwyane Wade on GOAT Status, Sacrificing For LeBron & Heat Big 3, Influencing Jimmy Butler & More",2024-07-18T15:00:07Z,2024-07-18T15:00:07Z,2024-07-18T16:28:54Z,2024-07-18T15:00:00Z,2024-07-18T11:00:07-04:00,Thu,11,5208,978805,14705,1609,https://youtu.be/fxoJUb14xV0
7PM in Brooklyn,UCT3wF21Qx0d0HmuiCzji8Lg,Dbn-dEA-0HI,"Jayson Tatum on Becoming A Champion, Team USA, Michael Jordan’s Advice Before NBA Finals, & More",2024-07-11T14:00:06Z,2024-07-11T14:00:06Z,2024-07-11T14:53:34Z,2024-07-11T14:00:00Z,2024-07-11T10:00:06-04:00,Thu,10,3088,463242,9126,804,https://youtu.be/Dbn-dEA-0HI
7PM in Brooklyn,UCT3wF21Qx0d0HmuiCzji8Lg,Ej2Wb5-vGC8,"Kemba Walker Reflects on Career, Mentorship from Michael Jordan, Iconic UCONN Run & More",2024-07-05T14:00:07Z,2024-07-05T14:00:07Z,2024-07-05T15:20:36Z,2024-07-05T14:00:00Z,2024-07-05T10:00:07-04:00,Fri,10,4711,183163,3438,253,https://youtu.be/Ej2Wb5-vGC8
The Old Man and the Three,UCbPY1Efha9VPRBYW2x1M16A,8WbMlButIus,An NBA Playoffs First Round Check-In With Steve Nash and Cam Johnson,2025-04-24T15:00:06Z,2025-04-24T15:00:06Z,2025-04-24T16:07:41Z,2025-04-24T15:00:00Z,2025-04-24T11:00:06-04:00,Thu,11,3924,41699,786,76,https://youtu.be/8WbMlButIus
The Old Man and the Three,UCbPY1Efha9VPRBYW2x1M16A,tEtLF0hM7Wc,Quentin Grimes on Being Traded from the Mavs & Knicks and His Sixers Breakout,2025-04-16T15:00:05Z,2025-04-16T15:00:05Z,2025-04-16T15:55:07Z,2025-04-16T15:00:00Z,2025-04-16T11:00:05-04:00,Wed,11,3173,20087,464,38,https://youtu.be/tEtLF0hM7Wc
The Old Man and the Three,UCbPY1Efha9VPRBYW2x1M16A,XayJfTtZjpk,"Alex Caruso and Jalen Williams on the Thunder’s Historic Season, NBA Media, and Award Season",2025-04-04T15:00:06Z,2025-04-04T15:00:06Z,2025-04-04T15:59:13Z,2025-04-04T15:00:00Z,2025-04-04T11:00:06-04:00,Fri,11,3421,114174,2738,284,https://youtu.be/XayJfTtZjpk
The Old Man and the Three,UCbPY1Efha9VPRBYW2x1M16A,2hue7dSDARo,Pascal Siakam and Andrew Nembhard on the State of the Indiana Pacers,2025-04-02T15:00:06Z,2025-04-02T15:00:06Z,2025-04-02T16:20:17Z,2025-04-02T15:00:00Z,2025-04-02T11:00:06-04:00,Wed,11,4679,62165,1421,122,https://youtu.be/2hue7dSDARo
The Old Man and the Three,UCbPY1Efha9VPRBYW2x1M16A,x7KYkzmWsp0,Donte DiVincenzo on the Western Conference Playoff Push and Julius Randle’s Return to the Wolves,2025-03-21T15:00:06Z,2025-03-21T15:00:06Z,2025-03-21T15:47:11Z,2025-03-21T15:00:00Z,2025-03-21T11:00:06-04:00,Fri,11,2684,28850,473,43,https://youtu.be/x7KYkzmWsp0
The Old Man and the Three,UCbPY1Efha9VPRBYW2x1M16A,Ge8CojH4JXY,"Shams Charania & Kenny Beecham on the Role of NBA Media, Breaking the Luka News, and the MVP Debate",2025-03-14T15:00:06Z,2025-03-14T15:00:06Z,2025-03-14T16:02:48Z,2025-03-14T15:00:00Z,2025-03-14T11:00:06-04:00,Fri,11,3620,120661,4674,202,https://youtu.be/Ge8CojH4JXY
The Old Man and the Three,UCbPY1Efha9VPRBYW2x1M16A,X19cFBRaFxA,Austin Reaves and Duncan Robinson Talk JJ Redick’s Lakers & Making a Name for Themselves in the NBA,2025-01-30T15:00:06Z,2025-01-30T15:00:06Z,2025-01-30T16:23:38Z,2025-01-30T15:00:00Z,2025-01-30T10:00:06-05:00,Thu,10,4886,83432,1440,83,https://youtu.be/X19cFBRaFxA
The Old Man and the Three,UCbPY1Efha9VPRBYW2x1M16A,KsgzSvrLcb4,Ben Simmons Opens Up About His Battle Returning From Injuries and the Philadelphia 76ers,2025-01-24T14:00:06Z,2025-01-24T14:00:06Z,2025-01-24T15:32:21Z,2025-01-24T14:00:00Z,2025-01-24T09:00:06-05:00,Fri,9,5447,45228,798,323,https://youtu.be/KsgzSvrLcb4
Run It Back,UCwZo_mDI4fOIp-g18kinGBw,PZqUEDTgk2k,NBA Draft Reactions! + Ant Next Superstar To Be Traded?!?,2026-06-23T21:09:39Z,2026-06-24T13:56:06Z,2026-06-24T14:56:09Z,2026-06-24T14:00:00Z,2026-06-24T09:56:06-04:00,Wed,9,3602,3091,117,9,https://youtu.be/PZqUEDTgk2k
Run It Back,UCwZo_mDI4fOIp-g18kinGBw,UE8CYGd6OEo,Giannis Traded To Heat! What's Next For Jaylen Brown??,2026-06-24T03:02:41Z,2026-06-23T13:55:31Z,2026-06-23T14:56:09Z,2026-06-23T14:00:00Z,2026-06-23T09:55:31-04:00,Tue,9,2879,12461,254,50,https://youtu.be/UE8CYGd6OEo
Run It Back,UCwZo_mDI4fOIp-g18kinGBw,zQ0GgCOOEhQ,Giannis Trade INCOMING?!? + Kawhi To Warriors??,2026-06-23T03:04:10Z,2026-06-22T13:55:31Z,2026-06-22T14:56:07Z,2026-06-22T14:00:00Z,2026-06-22T09:55:31-04:00,Mon,9,2876,9123,189,38,https://youtu.be/zQ0GgCOOEhQ
Run It Back,UCwZo_mDI4fOIp-g18kinGBw,ypWzV09HRdU,Knicks Parade In NYC! + Is Parity BAD For NBA?,2026-06-18T15:30:07Z,2026-06-18T15:30:07Z,2026-06-18T16:19:10Z,2026-06-18T15:30:00Z,2026-06-18T11:30:07-04:00,Thu,11,2884,5403,118,63,https://youtu.be/ypWzV09HRdU
Run It Back,UCwZo_mDI4fOIp-g18kinGBw,OTCyr75hwqQ,LeBron Returning To Lakers? + Iman Shumpert Joins!,2026-06-18T03:18:15Z,2026-06-17T13:55:56Z,2026-06-17T14:52:40Z,2026-06-17T14:00:00Z,2026-06-17T09:55:56-04:00,Wed,9,2893,6944,183,39,https://youtu.be/OTCyr75hwqQ
Run It Back,UCwZo_mDI4fOIp-g18kinGBw,1Njb4-Re38g,Giannis To Heat OR Celtics?!? + Peterson NOT Dybantsa To Wizards?,2026-06-17T03:02:48Z,2026-06-16T13:55:56Z,2026-06-16T14:53:50Z,2026-06-16T14:00:00Z,2026-06-16T09:55:56-04:00,Tue,9,2957,5420,149,33,https://youtu.be/1Njb4-Re38g
Run It Back,UCwZo_mDI4fOIp-g18kinGBw,yVqwRpEx9ls,"Knicks Win NBA Championship! + What's Next For Wemby, Spurs?",2026-06-16T03:32:36Z,2026-06-15T13:55:42Z,2026-06-15T14:56:10Z,2026-06-15T14:00:00Z,2026-06-15T09:55:42-04:00,Mon,9,3033,11263,240,238,https://youtu.be/yVqwRpEx9ls
Run It Back,UCwZo_mDI4fOIp-g18kinGBw,UqzCaHlOZtg,Can Spurs Come Back And Win Series?!? + Isiah Thomas Joins!,2026-06-13T02:59:52Z,2026-06-12T13:55:46Z,2026-06-12T14:56:07Z,2026-06-12T14:00:00Z,2026-06-12T09:55:46-04:00,Fri,9,3025,10789,256,114,https://youtu.be/UqzCaHlOZtg
Run It Back,UCwZo_mDI4fOIp-g18kinGBw,swakkFiI40o,Knicks BIGGEST Comeback In NBA Playoff History!,2026-06-11T15:26:34Z,2026-06-11T13:55:56Z,2026-06-11T14:56:22Z,2026-06-11T14:00:00Z,2026-06-11T09:55:56-04:00,Thu,9,3034,21611,466,274,https://youtu.be/swakkFiI40o
Run It Back,UCwZo_mDI4fOIp-g18kinGBw,Nrx4UgIEGII,Will Knicks Target Wemby? + Which Team Under More PRESSURE?,2026-06-10T15:19:02Z,2026-06-10T13:55:41Z,2026-06-10T14:56:11Z,2026-06-10T14:00:00Z,2026-06-10T09:55:41-04:00,Wed,9,2880,12902,248,102,https://youtu.be/Nrx4UgIEGII
Run It Back,UCwZo_mDI4fOIp-g18kinGBw,G11k1aECYFQ,Spurs WIN At MSG! + Knicks STILL In Driver's Seat?!?,2026-06-09T15:31:02Z,2026-06-09T13:56:36Z,2026-06-09T14:56:07Z,2026-06-09T14:00:00Z,2026-06-09T09:56:36-04:00,Tue,9,2877,16292,431,132,https://youtu.be/G11k1aECYFQ
Run It Back,UCwZo_mDI4fOIp-g18kinGBw,b38JRkAOarM,Knicks Take Commanding Series LEAD + Wemby Biggest Finals Mistake EVER?!?,2026-06-09T03:06:52Z,2026-06-08T13:57:21Z,2026-06-08T14:56:06Z,2026-06-08T14:00:00Z,2026-06-08T09:57:21-04:00,Mon,9,2874,11629,268,121,https://youtu.be/b38JRkAOarM
Run It Back,UCwZo_mDI4fOIp-g18kinGBw,Ir0jiy8-UBI,Is Tonight A MUST-WIN For Spurs? + Will Wemby Bounce Back?,2026-06-06T03:04:20Z,2026-06-05T13:55:46Z,2026-06-05T14:51:38Z,2026-06-05T14:00:00Z,2026-06-05T09:55:46-04:00,Fri,9,2883,9560,202,58,https://youtu.be/Ir0jiy8-UBI
Run It Back,UCwZo_mDI4fOIp-g18kinGBw,8sW2ddApe0U,"Wemby ROUGH Finals Debut As Brunson, Knicks STEAL Game 1",2026-06-04T15:19:23Z,2026-06-04T13:55:51Z,2026-06-04T14:56:15Z,2026-06-04T14:00:00Z,2026-06-04T09:55:51-04:00,Thu,9,3027,30044,560,249,https://youtu.be/8sW2ddApe0U
Run It Back,UCwZo_mDI4fOIp-g18kinGBw,ZGILKsIWKok,NBA Finals Begin Tonight! + What Would Title Mean For Wemby?,2026-06-04T03:00:56Z,2026-06-03T13:55:56Z,2026-06-03T14:56:11Z,2026-06-03T14:00:00Z,2026-06-03T09:55:56-04:00,Wed,9,2876,12947,241,89,https://youtu.be/ZGILKsIWKok
Run It Back,UCwZo_mDI4fOIp-g18kinGBw,JlfaDW9SGQc,Spurs / Knicks Finals Preview - Wemby Under Most Pressure?!?,2026-06-03T03:01:39Z,2026-06-02T13:55:51Z,2026-06-02T14:56:10Z,2026-06-02T14:00:00Z,2026-06-02T09:55:51-04:00,Tue,9,2879,14216,282,101,https://youtu.be/JlfaDW9SGQc
Run It Back,UCwZo_mDI4fOIp-g18kinGBw,g-Hm-0GOmsw,"Wemby, Spurs Advance To NBA Finals! + Should Thunder TRADE Chet?",2026-06-01T15:26:12Z,2026-06-01T13:55:46Z,2026-06-01T14:56:10Z,2026-06-01T14:00:00Z,2026-06-01T09:55:46-04:00,Mon,9,2826,34738,776,306,https://youtu.be/g-Hm-0GOmsw
Run It Back,UCwZo_mDI4fOIp-g18kinGBw,4utF5QiG6us,Spurs Force Game 7! + Wemby Most Dominant Player In League?!?,2026-05-29T15:08:46Z,2026-05-29T13:55:46Z,2026-05-29T14:56:09Z,2026-05-29T14:00:00Z,2026-05-29T09:55:46-04:00,Fri,9,3032,31714,552,227,https://youtu.be/4utF5QiG6us
Run It Back,UCwZo_mDI4fOIp-g18kinGBw,wJB-AE1ge5U,Bounce Back Game For Wemby Incoming? + LeBron To Wizards?!?,2026-05-29T03:02:30Z,2026-05-28T13:56:06Z,2026-05-28T14:56:10Z,2026-05-28T14:00:00Z,2026-05-28T09:56:06-04:00,Thu,9,2877,5617,129,44,https://youtu.be/wJB-AE1ge5U
Run It Back,UCwZo_mDI4fOIp-g18kinGBw,RL3yiI1Jlww,Thunder ONE WIN Away From NBA Finals! + Wemby's ROUGH Night In OKC!,2026-05-28T03:09:53Z,2026-05-27T13:57:11Z,2026-05-27T14:56:12Z,2026-05-27T14:00:00Z,2026-05-27T09:57:11-04:00,Wed,9,3033,8559,206,181,https://youtu.be/RL3yiI1Jlww
Run It Back,UCwZo_mDI4fOIp-g18kinGBw,MFho_nNtQWQ,Knicks EMBARRASS Cavs! + Wemby Face Of The League?!?,2026-05-26T15:11:57Z,2026-05-26T13:55:41Z,2026-05-26T14:56:09Z,2026-05-26T14:00:00Z,2026-05-26T09:55:41-04:00,Tue,9,3030,14882,371,106,https://youtu.be/MFho_nNtQWQ
Run It Back,UCwZo_mDI4fOIp-g18kinGBw,6B1-EE2jOwo,"Thunder, SGA BOUNCE BACK To Beat Spurs! Wemby HELD In Check!",2026-05-22T03:30:37Z,2026-05-21T13:55:56Z,2026-05-21T14:56:10Z,2026-05-21T14:00:00Z,2026-05-21T09:55:56-04:00,Thu,9,3030,10983,223,187,https://youtu.be/6B1-EE2jOwo
Run It Back,UCwZo_mDI4fOIp-g18kinGBw,VWK3DZ9TVQg,Knicks SHOCKING Comeback Win! + Do Spurs Take 2-0 LEAD?!,2026-05-21T03:25:17Z,2026-05-20T13:56:01Z,2026-05-20T14:56:18Z,2026-05-20T14:00:00Z,2026-05-20T09:56:01-04:00,Wed,9,2879,10230,209,47,https://youtu.be/VWK3DZ9TVQg
Run It Back,UCwZo_mDI4fOIp-g18kinGBw,J46CNAqgqCs,Wemby Dominates As Spurs Win Double-OT Thriller! + Boogie Returns!,2026-05-19T15:08:13Z,2026-05-19T13:56:56Z,2026-05-19T14:56:08Z,2026-05-19T14:00:00Z,2026-05-19T09:56:56-04:00,Tue,9,3028,39204,969,192,https://youtu.be/J46CNAqgqCs
Run It Back,UCwZo_mDI4fOIp-g18kinGBw,anadLS3eGr0,Cavs Win Game 7! + Can Spurs Beat Thunder?,2026-05-19T02:59:22Z,2026-05-18T13:55:42Z,2026-05-18T14:56:09Z,2026-05-18T14:00:00Z,2026-05-18T09:55:42-04:00,Mon,9,2875,10673,225,52,https://youtu.be/anadLS3eGr0
Run It Back,UCwZo_mDI4fOIp-g18kinGBw,wJpl07W4UAg,Pistons BLOW It! + Harden Changing Playoff Narrative??,2026-05-15T03:03:07Z,2026-05-14T13:56:11Z,2026-05-14T14:56:07Z,2026-05-14T14:00:00Z,2026-05-14T09:56:11-04:00,Thu,9,3179,7087,134,65,https://youtu.be/wJpl07W4UAg
Run It Back,UCwZo_mDI4fOIp-g18kinGBw,xqqfbdOaZSg,Wemby DOMINATES As Spurs Roll Past Wolves!,2026-05-14T03:00:25Z,2026-05-13T13:55:41Z,2026-05-13T14:56:09Z,2026-05-13T14:00:00Z,2026-05-13T09:55:41-04:00,Wed,9,3027,13500,337,90,https://youtu.be/xqqfbdOaZSg
Run It Back,UCwZo_mDI4fOIp-g18kinGBw,sRpXtowmges,Wemby Ejected In Spurs Loss! + Knicks Sweep + Lottery Reaction,2026-05-12T03:05:15Z,2026-05-11T13:55:41Z,2026-05-11T14:56:20Z,2026-05-11T14:00:00Z,2026-05-11T09:55:41-04:00,Mon,9,3183,12338,266,235,https://youtu.be/sRpXtowmges
Run It Back,UCwZo_mDI4fOIp-g18kinGBw,kyyzNBuPkgU,Lakers CONFRONT Refs After Loss To OKC! + Pistons Keep ROLLING!,2026-05-09T03:01:43Z,2026-05-08T13:55:51Z,2026-05-08T14:56:15Z,2026-05-08T14:00:00Z,2026-05-08T09:55:51-04:00,Fri,9,3365,11686,193,64,https://youtu.be/kyyzNBuPkgU
Run It Back,UCwZo_mDI4fOIp-g18kinGBw,Wbcm8UYw9cA,"Spurs ROUT Wolves, Even Series + Will Knicks SWEEP?",2026-05-08T03:05:47Z,2026-05-07T13:55:46Z,2026-05-07T14:56:22Z,2026-05-07T14:00:00Z,2026-05-07T09:55:46-04:00,Thu,9,2879,11739,233,45,https://youtu.be/Wbcm8UYw9cA
Run It Back,UCwZo_mDI4fOIp-g18kinGBw,oW-nNQhEhzM,Lakers DONE Without Luka? + Did SGA Insult Lakers?,2026-05-07T03:16:51Z,2026-05-06T13:56:31Z,2026-05-06T14:56:10Z,2026-05-06T14:00:00Z,2026-05-06T09:56:31-04:00,Wed,9,3062,7977,156,20,https://youtu.be/oW-nNQhEhzM
Run It Back,UCwZo_mDI4fOIp-g18kinGBw,bYozyoTVPsU,Spurs LOSE Despite Wemby's Historic Night + Knicks ROUT Sixers,2026-05-06T03:01:55Z,2026-05-05T13:55:41Z,2026-05-05T14:56:46Z,2026-05-05T14:00:00Z,2026-05-05T09:55:41-04:00,Tue,9,3251,15871,315,98,https://youtu.be/bYozyoTVPsU
Run It Back,UCwZo_mDI4fOIp-g18kinGBw,ggL07QqhhE0,Sixers End Celtics Season! + Did Lakers Win Add To LeBron's Legacy?,2026-05-05T03:30:21Z,2026-05-04T13:55:46Z,2026-05-04T15:05:02Z,2026-05-04T14:00:00Z,2026-05-04T09:55:46-04:00,Mon,9,3559,9998,193,47,https://youtu.be/ggL07QqhhE0
Run It Back,UCwZo_mDI4fOIp-g18kinGBw,kBUcuZVxK5E,Should Denver BLOW It Up? + Sixers FORCE Game 7!,2026-05-02T03:22:37Z,2026-05-01T13:55:41Z,2026-05-01T14:56:24Z,2026-05-01T14:00:00Z,2026-05-01T09:55:41-04:00,Fri,9,3023,11470,231,72,https://youtu.be/kBUcuZVxK5E
Run It Back,UCwZo_mDI4fOIp-g18kinGBw,ObCPgRkCOQk,Will Lakers BLOW 3-0 Series Lead?!? + Pistons Pull Off COMEBACK???,2026-05-01T03:00:18Z,2026-04-30T13:55:41Z,2026-04-30T14:56:09Z,2026-04-30T14:00:00Z,2026-04-30T09:55:41-04:00,Thu,9,3026,6199,154,46,https://youtu.be/ObCPgRkCOQk
Run It Back,UCwZo_mDI4fOIp-g18kinGBw,zXS1UKl0kVM,Spurs BETTER than Thunder? + Sixers UPSET Celtics!,2026-04-30T03:00:31Z,2026-04-29T13:56:06Z,2026-04-29T14:56:12Z,2026-04-29T14:00:00Z,2026-04-29T09:56:06-04:00,Wed,9,3027,10391,258,76,https://youtu.be/zXS1UKl0kVM
Run It Back,UCwZo_mDI4fOIp-g18kinGBw,dQtiOOka5hY,Are The Pistons PRETENDERS? + Nuggets DOMINATE Wolves!,2026-04-29T03:04:49Z,2026-04-28T13:55:46Z,2026-04-28T14:56:11Z,2026-04-28T14:00:00Z,2026-04-28T09:55:46-04:00,Tue,9,3026,6950,143,32,https://youtu.be/dQtiOOka5hY
Run It Back,UCwZo_mDI4fOIp-g18kinGBw,Pjc0BH45oww,LeBron To Blame For Lakers Loss? + Jokic & McDaniels Scuffle!,2026-04-28T03:03:10Z,2026-04-27T13:55:46Z,2026-04-27T14:56:09Z,2026-04-27T14:00:00Z,2026-04-27T09:55:46-04:00,Mon,9,2878,9793,190,52,https://youtu.be/Pjc0BH45oww
Run It Back,UCwZo_mDI4fOIp-g18kinGBw,AtZFLVE_04o,Knicks Choke AGAIN + Jokic STRUGGLES vs Wolves,2026-04-25T03:00:28Z,2026-04-24T13:55:36Z,2026-04-24T14:56:13Z,2026-04-24T14:00:00Z,2026-04-24T09:55:36-04:00,Fri,9,3118,10864,201,32,https://youtu.be/AtZFLVE_04o
Run It Back,UCwZo_mDI4fOIp-g18kinGBw,APYs9gRROII,Pistons Contenders Or Frauds? + Boogie & Bobby Portis Join,2026-04-24T03:00:49Z,2026-04-23T13:55:41Z,2026-04-23T14:56:09Z,2026-04-23T14:00:00Z,2026-04-23T09:55:41-04:00,Thu,9,2876,5210,126,48,https://youtu.be/APYs9gRROII
Run It Back,UCwZo_mDI4fOIp-g18kinGBw,5gS9TLRn_y4,Wemby Injury Puts Spurs Title Hopes In DOUBT? + Lakers Keep ROLLING!,2026-04-23T03:25:53Z,2026-04-22T13:55:56Z,2026-04-22T14:56:21Z,2026-04-22T14:00:00Z,2026-04-22T09:55:56-04:00,Wed,9,2880,11052,217,54,https://youtu.be/5gS9TLRn_y4
Run It Back,UCwZo_mDI4fOIp-g18kinGBw,Rcj5O3dafRI,Knicks COLLAPSE vs Hawks + Jokic SHUT DOWN by Gobert!,2026-04-22T03:04:25Z,2026-04-21T13:55:31Z,2026-04-21T14:58:07Z,2026-04-21T14:00:00Z,2026-04-21T09:55:31-04:00,Tue,9,3304,8293,186,32,https://youtu.be/Rcj5O3dafRI
Run It Back,UCwZo_mDI4fOIp-g18kinGBw,-5TLQ7GQ0L0,LeBron CARRIES Lakers + Rockets COOKED Without KD?!?,2026-04-21T03:01:08Z,2026-04-20T13:56:01Z,2026-04-20T14:56:08Z,2026-04-20T14:00:00Z,2026-04-20T09:56:01-04:00,Mon,9,2877,11407,227,36,https://youtu.be/-5TLQ7GQ0L0
Run It Back,UCwZo_mDI4fOIp-g18kinGBw,hvNplbDqLRs,Dillon Brooks vs Draymond! Cade or Jaylen 1st Team All-NBA?!?,2026-04-18T03:07:13Z,2026-04-17T13:55:26Z,2026-04-17T14:56:11Z,2026-04-17T14:00:00Z,2026-04-17T09:55:26-04:00,Fri,9,2887,4187,86,18,https://youtu.be/hvNplbDqLRs
Run It Back,UCwZo_mDI4fOIp-g18kinGBw,Gq3JEcMxinQ,Steph Curry Goes SUPERHERO Mode! + Jaden McDaniels & Mario Chalmers Join!,2026-04-17T03:10:16Z,2026-04-16T13:55:31Z,2026-04-16T14:56:07Z,2026-04-16T14:00:00Z,2026-04-16T09:55:31-04:00,Thu,9,2874,6804,145,14,https://youtu.be/Gq3JEcMxinQ
Run It Back,UCwZo_mDI4fOIp-g18kinGBw,YYWqch4hNTY,WILD Finish In Charlotte! + Spo RIPS Melo For Dirty Play!,2026-04-16T03:03:31Z,2026-04-15T13:55:31Z,2026-04-15T14:56:08Z,2026-04-15T14:00:00Z,2026-04-15T09:55:31-04:00,Wed,9,2882,5220,130,50,https://youtu.be/YYWqch4hNTY
Run It Back,UCwZo_mDI4fOIp-g18kinGBw,ellgzQMrZaY,Play-In Preview + Damon Stoudamire & Bobby Portis Join!,2026-04-15T03:00:30Z,2026-04-14T13:55:31Z,2026-04-14T14:56:10Z,2026-04-14T14:00:00Z,2026-04-14T09:55:31-04:00,Tue,9,3039,4502,100,9,https://youtu.be/ellgzQMrZaY
Run It Back,UCwZo_mDI4fOIp-g18kinGBw,mr-lpfvgFUk,Playoffs Are Set! + Spurs Toughest Road To Finals?!?,2026-04-14T03:00:06Z,2026-04-13T13:55:21Z,2026-04-13T14:56:06Z,2026-04-13T14:00:00Z,2026-04-13T09:55:21-04:00,Mon,9,2880,9938,201,62,https://youtu.be/mr-lpfvgFUk
Run It Back,UCwZo_mDI4fOIp-g18kinGBw,9cTVCUw6vD8,BEST Knicks Team Since 90's? + Bucks Doc Rivers Joins!,2026-04-11T03:20:46Z,2026-04-10T13:55:46Z,2026-04-10T14:56:10Z,2026-04-10T14:00:00Z,2026-04-10T09:55:46-04:00,Fri,9,3028,4174,92,13,https://youtu.be/9cTVCUw6vD8
Run It Back,UCwZo_mDI4fOIp-g18kinGBw,v2k9pMbgTK8,Cade Cunningham RETURNS! + Are the Cavs SOFT?!?,2026-04-10T02:59:33Z,2026-04-09T13:55:41Z,2026-04-09T14:56:05Z,2026-04-09T14:00:00Z,2026-04-09T09:55:41-04:00,Thu,9,2876,6408,141,15,https://youtu.be/v2k9pMbgTK8
Run It Back,UCwZo_mDI4fOIp-g18kinGBw,e3mzDrjdUvU,KD Returns to Phoenix! + Cameron Brink Joins!,2026-04-09T03:00:25Z,2026-04-08T13:55:41Z,2026-04-08T14:56:11Z,2026-04-08T14:00:00Z,2026-04-08T09:55:41-04:00,Wed,9,2875,4358,103,10,https://youtu.be/e3mzDrjdUvU
Run It Back,UCwZo_mDI4fOIp-g18kinGBw,873bwxOLgUs,Should Spurs SIT Wemby Until Playoffs? + How Far Can Curry Take Warriors?,2026-04-08T03:04:54Z,2026-04-07T13:55:36Z,2026-04-07T14:56:11Z,2026-04-07T14:00:00Z,2026-04-07T09:55:36-04:00,Tue,9,3179,5269,113,39,https://youtu.be/873bwxOLgUs
Run It Back,UCwZo_mDI4fOIp-g18kinGBw,UABu2yy37k4,Wemby & Jokic THRILLER!! + Lakers COOKED Without Luka & Reaves??,2026-04-06T15:32:28Z,2026-04-06T13:55:31Z,2026-04-06T14:56:08Z,2026-04-06T14:00:00Z,2026-04-06T09:55:31-04:00,Mon,9,3029,7912,161,39,https://youtu.be/UABu2yy37k4
Run It Back,UCwZo_mDI4fOIp-g18kinGBw,2fUPZcndH-I,Spurs BEST Team In The League? + Is Wemby UNSTOPPABLE?!?,2026-04-03T03:09:53Z,2026-04-02T13:55:36Z,2026-04-02T14:56:11Z,2026-04-02T14:00:00Z,2026-04-02T09:55:36-04:00,Thu,9,3028,10424,224,97,https://youtu.be/2fUPZcndH-I
Run It Back,UCwZo_mDI4fOIp-g18kinGBw,EVoLyPGSEno,LeBron Most WINS In NBA History! + Quentin Richardson & Darius Miles Join!,2026-04-02T03:14:35Z,2026-04-01T13:55:26Z,2026-04-01T14:56:07Z,2026-04-01T14:00:00Z,2026-04-01T09:55:26-04:00,Wed,9,2879,5743,112,21,https://youtu.be/EVoLyPGSEno
Run It Back,UCwZo_mDI4fOIp-g18kinGBw,kX8dTiSXv-8,SGA Leads Thunder to CLUTCH Win + Wemby FASTEST Double-Double!,2026-04-01T03:36:59Z,2026-03-31T13:55:46Z,2026-03-31T14:56:08Z,2026-03-31T14:00:00Z,2026-03-31T09:55:46-04:00,Tue,9,3178,7178,178,94,https://youtu.be/kX8dTiSXv-8
Run It Back,UCwZo_mDI4fOIp-g18kinGBw,6qFpjPQMWOk,Can Spurs Catch Thunder? + MVP Race Heats Up!,2026-03-31T03:03:50Z,2026-03-30T13:55:31Z,2026-03-30T14:56:07Z,2026-03-30T14:00:00Z,2026-03-30T09:55:31-04:00,Mon,9,2875,8364,152,34,https://youtu.be/6qFpjPQMWOk
Run It Back,UCwZo_mDI4fOIp-g18kinGBw,TH_KX1AhIMk,Celtics STATEMENT Game Over OKC + Isiah Thomas Joins!,2026-03-27T03:01:45Z,2026-03-26T13:55:56Z,2026-03-26T14:56:11Z,2026-03-26T14:00:00Z,2026-03-26T09:55:56-04:00,Thu,9,2873,9191,199,102,https://youtu.be/TH_KX1AhIMk
Run It Back,UCwZo_mDI4fOIp-g18kinGBw,jY20IM6PMwY,Knicks BEST Team In The East?!? + Giannis STILL Top-5??,2026-03-26T03:03:38Z,2026-03-25T13:55:26Z,2026-03-25T14:56:07Z,2026-03-25T14:00:00Z,2026-03-25T09:55:26-04:00,Wed,9,2882,3859,102,19,https://youtu.be/jY20IM6PMwY
Run It Back,UCwZo_mDI4fOIp-g18kinGBw,VO4XzKOqpGQ,Pistons END Lakers Win Streak! + Wemby Makes Case For MVP!,2026-03-25T02:59:27Z,2026-03-24T13:56:06Z,2026-03-24T14:56:09Z,2026-03-24T14:00:00Z,2026-03-24T09:56:06-04:00,Tue,9,2880,10350,226,102,https://youtu.be/VO4XzKOqpGQ
Run It Back,UCwZo_mDI4fOIp-g18kinGBw,k7TgvRCAy8A,Can Lakers WIN Championship? + Thunder Fight In DC!,2026-03-24T03:06:47Z,2026-03-23T13:55:31Z,2026-03-23T14:56:12Z,2026-03-23T14:00:00Z,2026-03-23T09:55:31-04:00,Mon,9,2880,8808,197,51,https://youtu.be/k7TgvRCAy8A
Run It Back,UCwZo_mDI4fOIp-g18kinGBw,HyC41R3omrg,Cade Cunningham OUT For Season! + Is Luka The MVP?,2026-03-19T15:27:30Z,2026-03-19T13:55:31Z,2026-03-19T14:56:07Z,2026-03-19T14:00:00Z,2026-03-19T09:55:31-04:00,Thu,9,2871,10274,173,91,https://youtu.be/HyC41R3omrg
Run It Back,UCwZo_mDI4fOIp-g18kinGBw,zyiRxnKIs64,LaMelo Ball Masterclass! + Will SGA Be Top 3 PG EVER??,2026-03-18T15:08:14Z,2026-03-18T13:55:47Z,2026-03-18T14:56:08Z,2026-03-18T14:00:00Z,2026-03-18T09:55:47-04:00,Wed,9,2883,6737,137,45,https://youtu.be/zyiRxnKIs64
Run It Back,UCwZo_mDI4fOIp-g18kinGBw,qTA05hgtJaM,Luka BEST Scorer in NBA? + Spurs DEEPEST Team in NBA?,2026-03-18T03:00:52Z,2026-03-17T13:55:31Z,2026-03-17T14:56:09Z,2026-03-17T14:00:00Z,2026-03-17T09:55:31-04:00,Tue,9,2875,10438,194,42,https://youtu.be/qTA05hgtJaM
Run It Back,UCwZo_mDI4fOIp-g18kinGBw,JJLLrsXU1DY,Luka Game WINNER!!! + Jaylen Brown RIPS SGA!,2026-03-17T03:02:24Z,2026-03-16T13:55:36Z,2026-03-16T14:56:07Z,2026-03-16T14:00:00Z,2026-03-16T09:55:36-04:00,Mon,9,2876,8594,151,66,https://youtu.be/JJLLrsXU1DY
Run It Back,UCwZo_mDI4fOIp-g18kinGBw,Omm1_gqU-m0,Asterisk For Bam Adebayo?? + Kawhi Leonard Top 5 MVP?,2026-03-13T03:01:27Z,2026-03-12T13:55:41Z,2026-03-12T14:56:10Z,2026-03-12T14:00:00Z,2026-03-12T09:55:41-04:00,Thu,9,2878,7643,169,20,https://youtu.be/Omm1_gqU-m0
Run It Back,UCwZo_mDI4fOIp-g18kinGBw,XfShuvb5R18,"Bam Drops 83 On Wizards! + Spurs, Wemby Beat Celtics In Title Preview!",2026-03-12T03:06:37Z,2026-03-11T13:56:06Z,2026-03-11T14:56:07Z,2026-03-11T14:00:00Z,2026-03-11T09:56:06-04:00,Wed,9,2874,12050,285,75,https://youtu.be/XfShuvb5R18
Run It Back,UCwZo_mDI4fOIp-g18kinGBw,iPr5xkop1m0,SGA Hits Game Winner! + Pistons NOT Worried About Celtics?!?,2026-03-11T03:06:43Z,2026-03-10T13:55:31Z,2026-03-10T14:56:06Z,2026-03-10T14:00:00Z,2026-03-10T09:55:31-04:00,Tue,9,2877,7291,176,71,https://youtu.be/iPr5xkop1m0
Run It Back,UCwZo_mDI4fOIp-g18kinGBw,EFrXU_-FB24,Lakers BETTER Without LeBron? + Tatum Returns! Celtics TITLE Favorites?,2026-03-10T03:08:36Z,2026-03-09T13:55:26Z,2026-03-09T14:56:06Z,2026-03-09T14:00:00Z,2026-03-09T09:55:26-04:00,Mon,9,2872,8661,164,50,https://youtu.be/EFrXU_-FB24
Run It Back,UCwZo_mDI4fOIp-g18kinGBw,XuFXI53nLvM,Hornets SHOCK Celtics + Thunder NBA's Villains?!?,2026-03-06T04:16:16Z,2026-03-05T14:55:36Z,2026-03-05T15:56:06Z,2026-03-05T15:00:00Z,2026-03-05T09:55:36-05:00,Thu,9,2877,7786,168,67,https://youtu.be/XuFXI53nLvM
Run It Back,UCwZo_mDI4fOIp-g18kinGBw,7s0c05AjLTg,Cavs A Class Above The Pistons?!? + Issues In Orlando?!?,2026-03-04T16:13:49Z,2026-03-04T14:55:46Z,2026-03-04T15:56:05Z,2026-03-04T15:00:00Z,2026-03-04T09:55:46-05:00,Wed,9,2876,5647,143,40,https://youtu.be/7s0c05AjLTg
Run It Back,UCwZo_mDI4fOIp-g18kinGBw,ntWzThbA3M8,Giannis RETURNS To Bucks! + Will Tatum's Return HURT Celtics' Chemistry?,2026-03-04T04:02:23Z,2026-03-03T14:56:31Z,2026-03-03T15:56:03Z,2026-03-03T15:00:00Z,2026-03-03T09:56:31-05:00,Tue,9,2874,4796,123,24,https://youtu.be/ntWzThbA3M8
Run It Back,UCwZo_mDI4fOIp-g18kinGBw,p_xleGmtAoc,Jokic RIPS Lu Dort After Cheap Shot! + Warriors Window CLOSED?,2026-03-03T04:03:26Z,2026-03-02T14:55:31Z,2026-03-02T15:56:06Z,2026-03-02T15:00:00Z,2026-03-02T09:55:31-05:00,Mon,9,2872,7484,175,35,https://youtu.be/p_xleGmtAoc
Run It Back,UCwZo_mDI4fOIp-g18kinGBw,z5vt5F_5H9s,Lakers In TURMOIL! Who's To Blame? + Where Does KD Rank ALL-TIME?,2026-02-28T04:11:26Z,2026-02-27T14:55:26Z,2026-02-27T15:56:06Z,2026-02-27T15:00:00Z,2026-02-27T09:55:26-05:00,Fri,9,2871,6887,172,36,https://youtu.be/z5vt5F_5H9s
Run It Back,UCwZo_mDI4fOIp-g18kinGBw,BhQsalo4Cr8,Who's More VALUABLE - Jokic or Cade + Million Dollar Dunk Contest?!?,2026-02-27T04:11:59Z,2026-02-26T14:55:36Z,2026-02-26T15:56:08Z,2026-02-26T15:00:00Z,2026-02-26T09:55:36-05:00,Thu,9,2877,5449,132,24,https://youtu.be/BhQsalo4Cr8
Run It Back,UCwZo_mDI4fOIp-g18kinGBw,kRehRiTT160,What's WRONG With The Lakers? + Can Harden Lead Cavs To FINALS?,2026-02-26T04:01:29Z,2026-02-25T14:55:46Z,2026-02-25T15:56:06Z,2026-02-25T15:00:00Z,2026-02-25T09:55:46-05:00,Wed,9,2873,6270,128,44,https://youtu.be/kRehRiTT160
Run It Back,UCwZo_mDI4fOIp-g18kinGBw,1zwfmWBUymE,Wemby DOMINATES Cade In Matchup Of Potential MVPs!,2026-02-25T04:06:47Z,2026-02-24T14:55:56Z,2026-02-24T15:56:16Z,2026-02-24T15:00:00Z,2026-02-24T09:55:56-05:00,Tue,9,2871,11680,265,85,https://youtu.be/1zwfmWBUymE
Run It Back,UCwZo_mDI4fOIp-g18kinGBw,Sjw-MGWYHJc,Warriors SHUT DOWN Steph? + Kawhi Says Clippers Season Is OVER!,2026-02-24T04:08:04Z,2026-02-23T14:55:36Z,2026-02-23T15:56:12Z,2026-02-23T15:00:00Z,2026-02-23T09:55:36-05:00,Mon,9,2876,8200,148,27,https://youtu.be/Sjw-MGWYHJc
Run It Back,UCwZo_mDI4fOIp-g18kinGBw,Rh03sTuOhrE,Cade Makes Case For MVP! + Eliminate The NBA Draft??,2026-02-21T04:11:13Z,2026-02-20T14:55:36Z,2026-02-20T15:56:14Z,2026-02-20T15:00:00Z,2026-02-20T09:55:36-05:00,Fri,9,2875,7853,213,37,https://youtu.be/Rh03sTuOhrE
Run It Back,UCwZo_mDI4fOIp-g18kinGBw,xSZaL1f-usE,LeBron Returning To LA? + Draymond Most OVERRATED Player?,2026-02-20T04:36:46Z,2026-02-19T14:55:41Z,2026-02-19T15:56:08Z,2026-02-19T15:00:00Z,2026-02-19T09:55:41-05:00,Thu,9,2872,6141,111,30,https://youtu.be/xSZaL1f-usE
Run It Back,UCwZo_mDI4fOIp-g18kinGBw,FGEOWOA8hPg,Did Wemby SAVE The All-Star Game?!? + Boogie Takes Over Media Day!,2026-02-17T04:07:27Z,2026-02-16T14:55:36Z,2026-02-16T15:56:12Z,2026-02-16T15:00:00Z,2026-02-16T09:55:36-05:00,Mon,9,2882,16350,352,95,https://youtu.be/FGEOWOA8hPg
Run It Back,UCwZo_mDI4fOIp-g18kinGBw,yAdpwo_Hqjw,Brawl Suspensions TOO Soft? + Is Tanking RUINING The NBA?,2026-02-13T04:11:21Z,2026-02-12T14:55:46Z,2026-02-12T15:56:11Z,2026-02-12T15:00:00Z,2026-02-12T09:55:46-05:00,Thu,9,2873,7987,180,42,https://youtu.be/yAdpwo_Hqjw
Run It Back,UCwZo_mDI4fOIp-g18kinGBw,OpDKJSyPHvo,Knicks WORST Loss Of The Season?!? + KD Statue In Golden State?,2026-02-12T04:03:07Z,2026-02-11T14:55:26Z,2026-02-11T15:56:10Z,2026-02-11T15:00:00Z,2026-02-11T09:55:26-05:00,Wed,9,2877,5720,144,14,https://youtu.be/OpDKJSyPHvo
Run It Back,UCwZo_mDI4fOIp-g18kinGBw,6PsXaOoJHqI,Harden Make Cavs CONTENDERS?! + Knicks 2nd Round EXIT in Playoffs??,2026-02-10T04:07:33Z,2026-02-09T14:55:26Z,2026-02-09T15:56:12Z,2026-02-09T15:00:00Z,2026-02-09T09:55:26-05:00,Mon,9,2874,9622,195,52,https://youtu.be/6PsXaOoJHqI
Run It Back,UCwZo_mDI4fOIp-g18kinGBw,pSMcVHqN8nI,"Clippers Trade Zubac, QUIT On The Season! + Deadline Losers!",2026-02-07T04:06:18Z,2026-02-06T14:55:46Z,2026-02-06T15:56:06Z,2026-02-06T15:00:00Z,2026-02-06T09:55:46-05:00,Fri,9,2883,14486,311,47,https://youtu.be/pSMcVHqN8nI
Run It Back,UCwZo_mDI4fOIp-g18kinGBw,LUiYAxkdJE4,Countdown To Deadline! + Luka Trade Officially WORST Ever?!?,2026-02-06T04:22:04Z,2026-02-05T14:55:36Z,2026-02-05T15:56:07Z,2026-02-05T15:00:00Z,2026-02-05T09:55:36-05:00,Thu,9,2871,11206,223,22,https://youtu.be/LUiYAxkdJE4
Run It Back,UCwZo_mDI4fOIp-g18kinGBw,vTAGl0izFxw,MASSIVE Trade Reaction!! + Baron Davis Joins!,2026-02-05T05:06:28Z,2026-02-04T14:55:36Z,2026-02-04T16:06:30Z,2026-02-04T15:00:00Z,2026-02-04T09:55:36-05:00,Wed,9,3626,11423,275,23,https://youtu.be/vTAGl0izFxw
Run It Back,UCwZo_mDI4fOIp-g18kinGBw,KEUCASb8-Ug,James Harden To Cleveland?!? + Iman Shumpert Joins!,2026-02-04T04:04:09Z,2026-02-03T14:55:37Z,2026-02-03T15:56:12Z,2026-02-03T15:00:00Z,2026-02-03T09:55:37-05:00,Tue,9,2875,11783,321,63,https://youtu.be/KEUCASb8-Ug
Run It Back,UCwZo_mDI4fOIp-g18kinGBw,aTrpsljjCFk,Trade Deadline Week! + Are The Lakers FAILING Luka??,2026-02-03T04:02:55Z,2026-02-02T14:55:31Z,2026-02-02T15:56:11Z,2026-02-02T15:00:00Z,2026-02-02T09:55:31-05:00,Mon,9,2867,7650,185,34,https://youtu.be/aTrpsljjCFk
Run It Back,UCwZo_mDI4fOIp-g18kinGBw,YDdd_gMaUck,What Do Bucks OWE Giannis? + LeBron's LAST GAME In Cleveland?!,2026-01-30T04:15:34Z,2026-01-29T14:55:41Z,2026-01-29T15:56:06Z,2026-01-29T15:00:00Z,2026-01-29T09:55:41-05:00,Thu,9,2870,6287,148,38,https://youtu.be/YDdd_gMaUck
Run It Back,UCwZo_mDI4fOIp-g18kinGBw,kEGUSOaoJVk,Clippers BETTER Than The Lakers??? + Cade Cunningham MVP?!?,2026-01-28T16:05:11Z,2026-01-28T14:56:16Z,2026-01-28T15:56:07Z,2026-01-28T15:00:00Z,2026-01-28T09:56:16-05:00,Wed,9,2871,6006,145,29,https://youtu.be/kEGUSOaoJVk
Run It Back,UCwZo_mDI4fOIp-g18kinGBw,P8eosN3y6o0,Giannis HIRING Rich Paul?!? + Can Luka Take Lakers To FINALS?,2026-01-27T16:20:31Z,2026-01-27T14:56:01Z,2026-01-27T15:56:14Z,2026-01-27T15:00:00Z,2026-01-27T09:56:01-05:00,Tue,9,2867,10363,193,24,https://youtu.be/P8eosN3y6o0
Run It Back,UCwZo_mDI4fOIp-g18kinGBw,LTO_fg6sr68,HUGE Impact Of Giannis Injury + Derrick Rose HALL OF FAMER?!?,2026-01-27T04:16:41Z,2026-01-26T14:56:01Z,2026-01-26T15:56:11Z,2026-01-26T15:00:00Z,2026-01-26T09:56:01-05:00,Mon,9,2866,6465,137,22,https://youtu.be/LTO_fg6sr68
Run It Back,UCwZo_mDI4fOIp-g18kinGBw,TRYjgG7oC-Y,Will LeBron FINISH His Career In LA? + Kerr HURTING His Legacy??,2026-01-24T04:02:15Z,2026-01-23T14:55:56Z,2026-01-23T15:56:08Z,2026-01-23T15:00:00Z,2026-01-23T09:55:56-05:00,Fri,9,2874,9824,189,55,https://youtu.be/TRYjgG7oC-Y
Run It Back,UCwZo_mDI4fOIp-g18kinGBw,UZj_foGx6JQ,Will Lakers DRAMA Lead To LeBron Trade? + Giannis CALLS OUT Teammates!,2026-01-23T04:05:11Z,2026-01-22T14:55:36Z,2026-01-22T15:56:11Z,2026-01-22T15:00:00Z,2026-01-22T09:55:36-05:00,Thu,9,2871,12681,261,119,https://youtu.be/UZj_foGx6JQ
Run It Back,UCwZo_mDI4fOIp-g18kinGBw,wyBOZbOMYAE,Kuminga RETURNS For Warriors! + Knicks Hit ROCK BOTTOM!,2026-01-22T04:08:27Z,2026-01-21T14:55:42Z,2026-01-21T15:56:11Z,2026-01-21T15:00:00Z,2026-01-21T09:55:42-05:00,Wed,9,2878,9560,225,41,https://youtu.be/wyBOZbOMYAE
Run It Back,UCwZo_mDI4fOIp-g18kinGBw,swOfRn6NZMw,Jimmy Butler Tears ACL! Warriors Title Window Officially CLOSED?!?,2026-01-21T04:37:48Z,2026-01-20T14:55:31Z,2026-01-20T15:56:08Z,2026-01-20T15:00:00Z,2026-01-20T09:55:31-05:00,Tue,9,2875,14394,260,96,https://youtu.be/swOfRn6NZMw
Run It Back,UCwZo_mDI4fOIp-g18kinGBw,HVXwRyRtzls,Knicks DOWNWARD Spiral + All-Star Starters REVEALED,2026-01-20T03:59:45Z,2026-01-19T14:55:41Z,2026-01-19T15:56:06Z,2026-01-19T15:00:00Z,2026-01-19T09:55:41-05:00,Mon,9,2875,9303,180,29,https://youtu.be/HVXwRyRtzls
Run It Back,UCwZo_mDI4fOIp-g18kinGBw,zT6khXZ3bp4,Ja Morant Gets HEATED With Teammate + Was Bubble Title FAKE?!?,2026-01-16T04:10:17Z,2026-01-15T14:55:41Z,2026-01-15T15:56:08Z,2026-01-15T15:00:00Z,2026-01-15T09:55:41-05:00,Thu,9,2877,8122,138,45,https://youtu.be/zT6khXZ3bp4
Run It Back,UCwZo_mDI4fOIp-g18kinGBw,9yTSnQnhdw4,"Thunder FINALLY Beat Spurs + Luka, LeBron DOMINATE Hawks!",2026-01-15T04:00:22Z,2026-01-14T14:56:41Z,2026-01-14T15:56:08Z,2026-01-14T15:00:00Z,2026-01-14T09:56:41-05:00,Wed,9,2874,5718,109,36,https://youtu.be/9yTSnQnhdw4
Run It Back,UCwZo_mDI4fOIp-g18kinGBw,aX5lg25a6ik,Do Lakers NEED To Make A Move? + Ryan Kalkbrenner & Georges Niang Join!,2026-01-14T04:41:09Z,2026-01-13T14:55:36Z,2026-01-13T15:56:07Z,2026-01-13T15:00:00Z,2026-01-13T09:55:36-05:00,Tue,9,2874,5236,132,43,https://youtu.be/aX5lg25a6ik
Run It Back,UCwZo_mDI4fOIp-g18kinGBw,fCKxnnT83tA,Schroder Attempts To FIGHT Luka!!! + Ja Morant TRADE Incoming!,2026-01-12T16:44:54Z,2026-01-12T14:55:51Z,2026-01-12T15:56:08Z,2026-01-12T15:00:00Z,2026-01-12T09:55:51-05:00,Mon,9,2875,6676,156,29,https://youtu.be/fCKxnnT83tA
Run It Back,UCwZo_mDI4fOIp-g18kinGBw,pFsQkMEHJYU,LaMelo Ball BENCHED?!? Cooper Flagg TOP 25 Already??,2026-01-10T06:30:49Z,2026-01-09T14:55:31Z,2026-01-09T15:56:06Z,2026-01-09T15:00:00Z,2026-01-09T09:55:31-05:00,Fri,9,2874,5749,139,22,https://youtu.be/pFsQkMEHJYU
Run It Back,UCwZo_mDI4fOIp-g18kinGBw,tUETdfjX1io,Trae Young Traded To Wizards! + Isiah Thomas Joins!,2026-01-09T23:11:13Z,2026-01-08T14:56:01Z,2026-01-08T15:56:08Z,2026-01-08T15:00:00Z,2026-01-08T09:56:01-05:00,Thu,9,2873,8243,213,51,https://youtu.be/tUETdfjX1io
Run It Back,UCwZo_mDI4fOIp-g18kinGBw,My7FH6J-dGM,Lakers CLUTCHEST Team In NBA? + Wemby ON BENCH During Crunch Time!!,2026-01-08T12:51:32Z,2026-01-07T14:55:31Z,2026-01-07T15:56:15Z,2026-01-07T15:00:00Z,2026-01-07T09:55:31-05:00,Wed,9,2881,5216,126,30,https://youtu.be/My7FH6J-dGM
Run It Back,UCwZo_mDI4fOIp-g18kinGBw,D1UXq4YlfcY,Kevin Durant REVENGE Game! + Trae Young TRADE Incoming??,2026-01-07T18:32:58Z,2026-01-06T14:55:36Z,2026-01-06T15:56:07Z,2026-01-06T15:00:00Z,2026-01-06T09:55:36-05:00,Tue,9,2879,6131,141,29,https://youtu.be/D1UXq4YlfcY
Run It Back,UCwZo_mDI4fOIp-g18kinGBw,pJ7Har3NQCU,Warriors Window CLOSED?? + Lakers Pretenders??,2026-01-06T04:17:56Z,2026-01-05T14:55:26Z,2026-01-05T15:56:07Z,2026-01-05T15:00:00Z,2026-01-05T09:55:26-05:00,Mon,9,2875,5222,121,63,https://youtu.be/pJ7Har3NQCU
Run It Back,UCwZo_mDI4fOIp-g18kinGBw,NpMagjWSKzs,Nikola Jokic INJURED! + Hawks Better WITHOUT Trae Young?!,2025-12-31T04:00:49Z,2025-12-30T14:55:31Z,2025-12-30T15:56:07Z,2025-12-30T15:00:00Z,2025-12-30T09:55:31-05:00,Tue,9,2878,3065,114,19,https://youtu.be/NpMagjWSKzs
Run It Back,UCwZo_mDI4fOIp-g18kinGBw,cY8piBrWQXw,Spurs BETTER Than Thunder?! + Giannis Dunk Leads to FIGHT!,2025-12-30T04:58:59Z,2025-12-29T14:55:26Z,2025-12-29T15:56:06Z,2025-12-29T15:00:00Z,2025-12-29T09:55:26-05:00,Mon,9,2876,2672,100,18,https://youtu.be/cY8piBrWQXw
Run It Back,UCwZo_mDI4fOIp-g18kinGBw,AUiTWnBEHAE,"Draymond Green FIGHTS With Steve Kerr, Leaves Bench!!",2025-12-24T04:18:41Z,2025-12-23T14:55:41Z,2025-12-23T15:56:08Z,2025-12-23T15:00:00Z,2025-12-23T09:55:41-05:00,Tue,9,2883,3090,96,20,https://youtu.be/AUiTWnBEHAE
Run It Back,UCwZo_mDI4fOIp-g18kinGBw,CWuvZxMS2mY,Rockets Kevin Durant TROLLS Nuggets + Lakers Fading FAST!,2025-12-23T04:08:05Z,2025-12-22T14:55:51Z,2025-12-22T15:56:08Z,2025-12-22T15:00:00Z,2025-12-22T09:55:51-05:00,Mon,9,2879,2459,85,9,https://youtu.be/CWuvZxMS2mY
Run It Back,UCwZo_mDI4fOIp-g18kinGBw,d88JS0WJGkQ,Knicks WIN NBA Cup! + Did Knicks Find Wemby's WEAKNESS??,2025-12-18T05:06:17Z,2025-12-17T16:07:26Z,2025-12-17T17:03:08Z,2025-12-17T16:10:00Z,2025-12-17T11:07:26-05:00,Wed,11,2873,3345,118,33,https://youtu.be/d88JS0WJGkQ
Run It Back,UCwZo_mDI4fOIp-g18kinGBw,Y8uBjDak2N8,Victor Wembanyama DOUBLES DOWN On OKC Diss + Jalen Brunson In MVP Convo?!,2025-12-17T05:14:50Z,2025-12-16T16:00:06Z,2025-12-16T17:09:45Z,2025-12-16T16:00:00Z,2025-12-16T11:00:06-05:00,Tue,11,3619,3253,131,30,https://youtu.be/Y8uBjDak2N8
Run It Back,UCwZo_mDI4fOIp-g18kinGBw,IncHVS1sdRU,Victor Wembanyama NBA's Most DOMINANT Player?? + J.R. Smith Joins!,2025-12-15T17:28:30Z,2025-12-15T15:55:31Z,2025-12-15T17:21:25Z,2025-12-15T16:00:00Z,2025-12-15T10:55:31-05:00,Mon,10,4302,22249,446,44,https://youtu.be/IncHVS1sdRU
Run It Back,UCwZo_mDI4fOIp-g18kinGBw,Y647JIJTp_g,Lakers EXPOSED?? + Are The Thunder UNBEATABLE?!?,2025-12-12T04:02:24Z,2025-12-11T14:55:36Z,2025-12-11T15:56:08Z,2025-12-11T15:00:00Z,2025-12-11T09:55:36-05:00,Thu,9,2877,12829,277,96,https://youtu.be/Y647JIJTp_g
Run It Back,UCwZo_mDI4fOIp-g18kinGBw,r_71RE4zDeI,Knicks & Magic Heading to VEGAS + Giannis Addresses Bucks!,2025-12-11T04:02:24Z,2025-12-10T14:55:41Z,2025-12-10T15:56:06Z,2025-12-10T15:00:00Z,2025-12-10T09:55:41-05:00,Wed,9,2934,5243,126,23,https://youtu.be/r_71RE4zDeI
Run It Back,UCwZo_mDI4fOIp-g18kinGBw,BpjkG23AaV4,Lakers NOT Contenders?? + Tim Duncan OVER Kobe Bryant??,2025-12-10T04:03:40Z,2025-12-09T14:55:36Z,2025-12-09T15:56:08Z,2025-12-09T15:00:00Z,2025-12-09T09:55:36-05:00,Tue,9,2873,7451,130,101,https://youtu.be/BpjkG23AaV4
Run It Back,UCwZo_mDI4fOIp-g18kinGBw,YYZYdVLgGwQ,LeBron James & Luka Doncic Lead Lakers! + Pistons J.B. Bickerstaff Joins!,2025-12-09T03:59:21Z,2025-12-08T14:55:21Z,2025-12-08T15:56:08Z,2025-12-08T15:00:00Z,2025-12-08T09:55:21-05:00,Mon,9,2876,9559,209,19,https://youtu.be/YYZYdVLgGwQ
Run It Back,UCwZo_mDI4fOIp-g18kinGBw,ZtXpJnjvozo,"Giannis INJURED Amid Trade Rumors + Who's to BLAME for Chris Paul, Clippers Split?",2025-12-05T04:01:27Z,2025-12-04T14:55:26Z,2025-12-04T15:56:09Z,2025-12-04T15:00:00Z,2025-12-04T09:55:26-05:00,Thu,9,2878,7183,139,33,https://youtu.be/ZtXpJnjvozo
Run It Back,UCwZo_mDI4fOIp-g18kinGBw,dboqB0LTxp4,Clippers Part Ways With Chris Paul! + Giannis Antetokounmpo to Lakers?!?,2025-12-04T04:11:26Z,2025-12-03T14:55:31Z,2025-12-03T15:56:06Z,2025-12-03T15:00:00Z,2025-12-03T09:55:31-05:00,Wed,9,2879,7964,176,55,https://youtu.be/dboqB0LTxp4
Run It Back,UCwZo_mDI4fOIp-g18kinGBw,ashIZb3oddM,Dillon Brooks GOES AFTER LeBron James + PANIC Time For Bucks??,2025-12-03T04:01:10Z,2025-12-02T14:55:31Z,2025-12-02T15:56:06Z,2025-12-02T15:00:00Z,2025-12-02T09:55:31-05:00,Tue,9,2885,5476,95,21,https://youtu.be/ashIZb3oddM
Run It Back,UCwZo_mDI4fOIp-g18kinGBw,-bCg3kBYfU4,Boogie Returns + Lakers ROLLING + Are Luka & Reaves BEST Scoring Duo In NBA?!,2025-12-02T04:01:17Z,2025-12-01T14:55:36Z,2025-12-01T15:56:08Z,2025-12-01T15:00:00Z,2025-12-01T09:55:36-05:00,Mon,9,2878,13572,200,83,https://youtu.be/-bCg3kBYfU4
Run It Back,UCwZo_mDI4fOIp-g18kinGBw,9PMj8oUG-YE,Warriors Window CLOSING?? + Nikola Jokic BEST Player in the WORLD?!,2025-11-26T04:04:00Z,2025-11-25T14:55:31Z,2025-11-25T15:56:09Z,2025-11-25T15:00:00Z,2025-11-25T09:55:31-05:00,Tue,9,2876,5232,96,38,https://youtu.be/9PMj8oUG-YE
Run It Back,UCwZo_mDI4fOIp-g18kinGBw,9HOeuxMTcWw,Hornets TRADING LaMelo Ball? + Detroit Pistons Title Contenders?,2025-11-25T04:01:51Z,2025-11-24T14:55:31Z,2025-11-24T15:56:15Z,2025-11-24T15:00:00Z,2025-11-24T09:55:31-05:00,Mon,9,2875,5084,106,82,https://youtu.be/9HOeuxMTcWw
Run It Back,UCwZo_mDI4fOIp-g18kinGBw,2BxPVnKlrq8,Rockets BIGGEST Threat To Thunder? + Mavs NOT Trading Anthony Davis!,2025-11-21T04:04:35Z,2025-11-20T14:55:36Z,2025-11-20T15:56:08Z,2025-11-20T15:00:00Z,2025-11-20T09:55:36-05:00,Thu,9,2871,7054,112,22,https://youtu.be/2BxPVnKlrq8
Run It Back,UCwZo_mDI4fOIp-g18kinGBw,7kB0-iCwmM8,LeBron James RETURNS! + Are Warriors CONTENDERS??,2025-11-20T04:01:49Z,2025-11-19T14:55:46Z,2025-11-19T15:56:12Z,2025-11-19T15:00:00Z,2025-11-19T09:55:46-05:00,Wed,9,2880,5763,144,18,https://youtu.be/7kB0-iCwmM8
Run It Back,UCwZo_mDI4fOIp-g18kinGBw,O-SyDmnZhI8,Will Wembanyama Injury SINK Spurs? + Trae Young for Ja Morant - Who Says No?,2025-11-19T04:02:57Z,2025-11-18T14:55:46Z,2025-11-18T15:56:08Z,2025-11-18T15:00:00Z,2025-11-18T09:55:46-05:00,Tue,9,2873,5481,123,35,https://youtu.be/O-SyDmnZhI8
Run It Back,UCwZo_mDI4fOIp-g18kinGBw,DfiMKC9MFes,Houston Rockets ROLLING + AD's Future In Dallas + Wendell Carter Jr. Joins!,2025-11-18T04:00:10Z,2025-11-17T14:55:36Z,2025-11-17T15:56:09Z,2025-11-17T15:00:00Z,2025-11-17T09:55:36-05:00,Mon,9,2872,7118,156,15,https://youtu.be/DfiMKC9MFes
Run It Back,UCwZo_mDI4fOIp-g18kinGBw,Z2jQ_kCJL-I,Anthony Davis Mavs TRADE Incoming?? + John Wall + John Calipari Join!,2025-11-14T04:03:04Z,2025-11-13T14:55:26Z,2025-11-13T15:56:09Z,2025-11-13T15:00:00Z,2025-11-13T09:55:26-05:00,Thu,9,2814,8324,158,24,https://youtu.be/Z2jQ_kCJL-I
Run It Back,UCwZo_mDI4fOIp-g18kinGBw,p3Q9VM45eS0,Should Mavs BLOW It Up? + Grizzlies TRADING Ja Morant?!,2025-11-13T04:02:13Z,2025-11-12T14:55:51Z,2025-11-12T15:56:04Z,2025-11-12T15:00:00Z,2025-11-12T09:55:51-05:00,Wed,9,2873,6951,146,45,https://youtu.be/p3Q9VM45eS0
Run It Back,UCwZo_mDI4fOIp-g18kinGBw,muq_7Wah5_o,CRAZY NBA Finishes & Buzzer Beaters! + Is Cade Cunningham ELITE?,2025-11-12T04:02:18Z,2025-11-11T14:55:36Z,2025-11-11T15:56:06Z,2025-11-11T15:00:00Z,2025-11-11T09:55:36-05:00,Tue,9,2871,11921,242,45,https://youtu.be/muq_7Wah5_o
Run It Back,UCwZo_mDI4fOIp-g18kinGBw,BllMzgO4IX8,Lakers SHOCKING Loss + Should Mavs FIRE Nico Harrison?,2025-11-11T04:07:10Z,2025-11-10T14:55:26Z,2025-11-10T15:56:07Z,2025-11-10T15:00:00Z,2025-11-10T09:55:26-05:00,Mon,9,2872,7644,169,40,https://youtu.be/BllMzgO4IX8
Run It Back,UCwZo_mDI4fOIp-g18kinGBw,0tPAINi-udc,Luka Doncic & Lakers ROLLING + Wembanyama SHUT DOWN Again!,2025-11-07T04:07:54Z,2025-11-06T14:55:31Z,2025-11-06T15:56:11Z,2025-11-06T15:00:00Z,2025-11-06T09:55:31-05:00,Thu,9,2871,7650,165,36,https://youtu.be/0tPAINi-udc
Run It Back,UCwZo_mDI4fOIp-g18kinGBw,e5UsX2WOL6U,OKC Thunder Unbeatable? + NO Warriors in Chandler & Lou's TOP 10?!?!,2025-11-06T04:17:27Z,2025-11-05T14:55:41Z,2025-11-05T15:56:07Z,2025-11-05T15:00:00Z,2025-11-05T09:55:41-05:00,Wed,9,2844,5957,132,39,https://youtu.be/e5UsX2WOL6U
Run It Back,UCwZo_mDI4fOIp-g18kinGBw,2Vkb9w1Kdpg,Giannis GAME-WINNER for Bucks! + PANIC Time For Mavs?!?,2025-11-05T03:59:39Z,2025-11-04T14:55:36Z,2025-11-04T15:56:08Z,2025-11-04T15:00:00Z,2025-11-04T09:55:36-05:00,Tue,9,2872,7796,151,35,https://youtu.be/2Vkb9w1Kdpg
Run It Back,UCwZo_mDI4fOIp-g18kinGBw,j9x1L-4Vmxs,Grizzlies Ja Morant SUSPENDED + Lakers Winning Without LeBron James!,2025-11-04T04:05:00Z,2025-11-03T14:57:11Z,2025-11-03T15:56:10Z,2025-11-03T15:00:00Z,2025-11-03T09:57:11-05:00,Mon,9,2873,9886,192,54,https://youtu.be/j9x1L-4Vmxs
Run It Back,UCwZo_mDI4fOIp-g18kinGBw,cjCv-RwGL38,"Warriors EXPOSED? + Victor Wembanyama, Spurs Make History!",2025-11-01T03:01:20Z,2025-10-31T13:55:46Z,2025-10-31T14:56:09Z,2025-10-31T15:00:00Z,2025-10-31T09:55:46-04:00,Fri,9,2878,9223,207,26,https://youtu.be/cjCv-RwGL38
Run It Back,UCwZo_mDI4fOIp-g18kinGBw,7UhHouysliE,Austin Reaves Is HIM! + Reaves Lakers 2ND OPTION When LeBron Returns?!?,2025-10-31T03:02:11Z,2025-10-30T13:55:36Z,2025-10-30T14:56:08Z,2025-10-30T14:00:00Z,2025-10-30T09:55:36-04:00,Thu,9,2870,3591,93,5,https://youtu.be/7UhHouysliE
Run It Back,UCwZo_mDI4fOIp-g18kinGBw,f8sXuJoXZZ0,Warriors Keep ROLLING + Giannis UNDERRATED? + LaMelo Ball Most Talented PG?,2025-10-30T03:06:52Z,2025-10-29T13:55:26Z,2025-10-29T14:56:05Z,2025-10-29T14:00:00Z,2025-10-29T09:55:26-04:00,Wed,9,2873,5855,113,50,https://youtu.be/f8sXuJoXZZ0
Run It Back,UCwZo_mDI4fOIp-g18kinGBw,oKZubUW4y1s,Amar'e Stoudemire! Who Can STOP Wembanyama? + Anthony Edwards INJURED!,2025-10-29T03:17:45Z,2025-10-28T13:55:26Z,2025-10-28T14:56:06Z,2025-10-28T14:00:00Z,2025-10-28T09:55:26-04:00,Tue,9,2867,12151,219,20,https://youtu.be/oKZubUW4y1s
Run It Back,UCwZo_mDI4fOIp-g18kinGBw,EA7QD9Z3moE,Victor Wembanyama MVP? Lakers Austin Reaves Drops 51 Without Luka & LeBron!,2025-10-28T03:02:12Z,2025-10-27T13:55:26Z,2025-10-27T14:56:07Z,2025-10-27T14:00:00Z,2025-10-27T09:55:26-04:00,Mon,9,2866,8346,214,34,https://youtu.be/EA7QD9Z3moE
Run It Back,UCwZo_mDI4fOIp-g18kinGBw,5FG4ctId7Zw,Thunder SGA Drops CAREER-HIGH 55 On Pacers + Warriors FOR REAL??,2025-10-25T03:03:17Z,2025-10-24T13:55:21Z,2025-10-24T14:56:08Z,2025-10-24T14:00:00Z,2025-10-24T09:55:21-04:00,Fri,9,2866,8523,181,63,https://youtu.be/5FG4ctId7Zw
Run It Back,UCwZo_mDI4fOIp-g18kinGBw,3F-TeUN6zR8,Rams Head Coach Sean McVay + Wembanyama DOMINATES vs Mavericks!,2025-10-24T03:02:26Z,2025-10-23T13:55:51Z,2025-10-23T14:56:06Z,2025-10-23T14:00:00Z,2025-10-23T09:55:51-04:00,Thu,9,2872,4316,128,21,https://youtu.be/3F-TeUN6zR8
Run It Back,UCwZo_mDI4fOIp-g18kinGBw,S-Iw89lZpwE,"Georges Niang Joins For Rockets vs Thunder, Warriors vs Lakers REACTIONS!",2025-10-23T03:03:48Z,2025-10-22T13:55:56Z,2025-10-22T14:56:07Z,2025-10-22T14:00:00Z,2025-10-22T09:55:56-04:00,Wed,9,2878,4289,114,21,https://youtu.be/S-Iw89lZpwE
Run It Back,UCwZo_mDI4fOIp-g18kinGBw,B6Mheg_ukQo,Blake Griffin Joins to PREVIEW NBA Tip-Off Rockets vs Thunder & Warriors vs Lakers!,2025-10-22T03:02:23Z,2025-10-21T13:56:01Z,2025-10-21T14:56:12Z,2025-10-21T14:00:00Z,2025-10-21T09:56:01-04:00,Tue,9,2872,3501,117,21,https://youtu.be/B6Mheg_ukQo
Run It Back,UCwZo_mDI4fOIp-g18kinGBw,8529NQuY_4s,"Bobby Portis & Boogie Cousins Join Run It Back! Lou, Chandler, & Michelle PREVIEW the NBA Season!",2025-10-21T07:33:40Z,2025-10-20T13:56:56Z,2025-10-20T14:56:06Z,2025-10-20T14:00:00Z,2025-10-20T09:56:56-04:00,Mon,9,2876,2000,68,11,https://youtu.be/8529NQuY_4s
Run It Back,UCwZo_mDI4fOIp-g18kinGBw,iyHIwndlAFo,Thunder Are NBA Champions!! Kevin Durant Traded to Rockets!! Run It Back | 06.23.2025,2025-06-24T03:01:29Z,2025-06-23T13:58:31Z,2025-06-23T14:56:09Z,2025-06-23T14:00:00Z,2025-06-23T09:58:31-04:00,Mon,9,2878,9746,211,38,https://youtu.be/iyHIwndlAFo
Run It Back,UCwZo_mDI4fOIp-g18kinGBw,3XJtviydrJ0,"Pacers HUGE UPSET, Thunder Most EMBARRASSING Loss?!?! Boogie Cousins Joins! Run It Back | 06.20.2025",2025-06-21T03:01:36Z,2025-06-20T13:58:51Z,2025-06-20T14:53:19Z,2025-06-20T14:00:00Z,2025-06-20T09:58:51-04:00,Fri,9,2862,8105,134,36,https://youtu.be/3XJtviydrJ0
Run It Back,UCwZo_mDI4fOIp-g18kinGBw,bCorpGUp190,Can Pacers Win With NO Haliburton? Lakers Sold For $10B! Run It Back | 06.19.2025,2025-06-20T03:01:46Z,2025-06-19T13:58:41Z,2025-06-19T14:56:13Z,2025-06-19T14:00:00Z,2025-06-19T09:58:41-04:00,Thu,9,2881,4049,79,18,https://youtu.be/bCorpGUp190
Run It Back,UCwZo_mDI4fOIp-g18kinGBw,2vWain_DuN8,Thunder ONE WIN Away! Haliburton WORST Finals Performance By PG?? Run It Back | 06.17.2025,2025-06-18T03:02:27Z,2025-06-17T13:58:36Z,2025-06-17T14:56:06Z,2025-06-17T14:00:00Z,2025-06-17T09:58:36-04:00,Tue,9,2874,553444,513,20,https://youtu.be/2vWain_DuN8
Run It Back,UCwZo_mDI4fOIp-g18kinGBw,tbBHfc7TxR0,Did Pacers BLOW Their Chance To Win Finals? Bobby Portis Joins Run It Back | 06.16.2025,2025-06-17T03:03:00Z,2025-06-16T13:58:32Z,2025-06-16T14:56:14Z,2025-06-16T14:00:00Z,2025-06-16T09:58:32-04:00,Mon,9,2871,5508,104,40,https://youtu.be/tbBHfc7TxR0
Run It Back,UCwZo_mDI4fOIp-g18kinGBw,Um3dXsNos4Y,MUST Win for Thunder?? DeAndre Jordan & George Gervin Join Run It Back | 06.13.2025,2025-06-14T03:01:19Z,2025-06-13T13:58:46Z,2025-06-13T14:56:05Z,2025-06-13T14:00:00Z,2025-06-13T09:58:46-04:00,Fri,9,2874,5576,106,19,https://youtu.be/Um3dXsNos4Y
Run It Back,UCwZo_mDI4fOIp-g18kinGBw,Ocd4MRdxgmw,Pacers SHOCK Thunder AGAIN!! Will Indy WIN Series?? Run It Back | 06.12.2025,2025-06-13T03:04:09Z,2025-06-12T13:58:31Z,2025-06-12T14:56:13Z,2025-06-12T14:00:00Z,2025-06-12T09:58:31-04:00,Thu,9,2882,4345,98,13,https://youtu.be/Ocd4MRdxgmw
Run It Back,UCwZo_mDI4fOIp-g18kinGBw,Coy66ZWhzi0,Can Indy UPSET Thunder?? Jermaine O'Neal Joins Run It Back | 06.11.2025,2025-06-12T03:03:11Z,2025-06-11T13:58:36Z,2025-06-11T14:56:08Z,2025-06-11T14:00:00Z,2025-06-11T09:58:36-04:00,Wed,9,2880,3457,72,22,https://youtu.be/Coy66ZWhzi0
Run It Back,UCwZo_mDI4fOIp-g18kinGBw,OiY9r1QQ39E,"Thunder DOMINATE Pacers, Haliburton STRUGGLES!! Run It Back | 06.09.2025",2025-06-10T03:00:30Z,2025-06-09T14:00:26Z,2025-06-09T14:56:04Z,2025-06-09T14:00:00Z,2025-06-09T10:00:26-04:00,Mon,10,2857,5242,108,31,https://youtu.be/OiY9r1QQ39E
Run It Back,UCwZo_mDI4fOIp-g18kinGBw,nxPwOmV3i8Q,"Pacers, Haliburton SHOCK Thunder!! Can Indy WIN Series?? Run It Back | 06.06.2025",2025-06-07T02:56:17Z,2025-06-06T13:58:36Z,2025-06-06T14:50:53Z,2025-06-06T14:00:00Z,2025-06-06T09:58:36-04:00,Fri,9,2880,11079,229,67,https://youtu.be/nxPwOmV3i8Q
Run It Back,UCwZo_mDI4fOIp-g18kinGBw,wVMipXCTnrw,NBA Finals Preview!! USA vs World CONFIRMED!!! Run It Back | 06.05.2025,2025-06-06T03:03:53Z,2025-06-05T13:58:36Z,2025-06-05T14:56:09Z,2025-06-05T14:00:00Z,2025-06-05T09:58:36-04:00,Thu,9,2874,2684,66,23,https://youtu.be/wVMipXCTnrw
Run It Back,UCwZo_mDI4fOIp-g18kinGBw,d9_ebXSgjxI,Knicks FIRE Tom Thibodeau!! Boogie Cousins & Ice Cube Join Run It Back | 06.04.2025,2025-06-05T03:11:24Z,2025-06-04T13:58:41Z,2025-06-04T14:56:06Z,2025-06-04T14:00:00Z,2025-06-04T09:58:41-04:00,Wed,9,2876,3658,83,18,https://youtu.be/d9_ebXSgjxI
Run It Back,UCwZo_mDI4fOIp-g18kinGBw,Ugux4Nw1F4c,Are Thunder The Next DYNASTY?? Antonio Daniels Joins Run It Back | 06.03.2025,2025-06-04T03:03:30Z,2025-06-03T13:58:46Z,2025-06-03T14:56:10Z,2025-06-03T14:00:00Z,2025-06-03T09:58:46-04:00,Tue,9,2875,3881,85,33,https://youtu.be/Ugux4Nw1F4c
Run It Back,UCwZo_mDI4fOIp-g18kinGBw,X06zeVWfaTc,Can Pacers SHOCK The Thunder?? Should Knicks Trade KAT?? Run It Back | 06.02.2025,2025-06-03T03:04:22Z,2025-06-02T13:58:56Z,2025-06-02T14:56:15Z,2025-06-02T14:00:00Z,2025-06-02T09:58:56-04:00,Mon,9,2878,5918,126,37,https://youtu.be/X06zeVWfaTc
Run It Back,UCwZo_mDI4fOIp-g18kinGBw,jwG2qWyUujM,Are Thunder UNBEATABLE? How Can Ant Edwards Take NEXT Step? Run It Back | 05.15.2025,2025-05-29T15:01:10Z,2025-05-29T13:59:11Z,2025-05-29T14:56:04Z,2025-05-29T14:00:00Z,2025-05-29T09:59:11-04:00,Thu,9,2874,11095,254,38,https://youtu.be/jwG2qWyUujM
Run It Back,UCwZo_mDI4fOIp-g18kinGBw,BiYVtjtoGRA,HEATED Debate on if Haliburton A SUPERSTAR?? Knicks Struggles!! Run It Back | 05.28.2025,2025-05-29T03:02:34Z,2025-05-28T13:58:46Z,2025-05-28T14:56:11Z,2025-05-28T14:00:00Z,2025-05-28T09:58:46-04:00,Wed,9,2871,3646,87,25,https://youtu.be/BiYVtjtoGRA
Run It Back,UCwZo_mDI4fOIp-g18kinGBw,GrywyipcS3Q,Thunder Put Wolves On BRINK!! Did KAT SAVE Knicks Season?? Run It Back | 05.27.2025,2025-05-28T03:09:05Z,2025-05-27T13:58:41Z,2025-05-27T14:56:06Z,2025-05-27T14:00:00Z,2025-05-27T09:58:41-04:00,Tue,9,2875,4602,106,18,https://youtu.be/GrywyipcS3Q
Run It Back,UCwZo_mDI4fOIp-g18kinGBw,-_ARnP4rtZQ,SGA's MVP Performance FRUSTRATES Ant Edwards & Wolves!! Run It Back | 05.23.2025,2025-05-23T15:14:41Z,2025-05-23T13:58:36Z,2025-05-23T14:56:05Z,2025-05-23T14:00:00Z,2025-05-23T09:58:36-04:00,Fri,9,2875,4276,79,24,https://youtu.be/-_ARnP4rtZQ
Run It Back,UCwZo_mDI4fOIp-g18kinGBw,nIWWkH2i_Ug,Pacers SHOCK Knicks! Biggest CHOKE All-Time?? Run It Back | 05.20.2025,2025-05-22T15:03:46Z,2025-05-22T13:58:26Z,2025-05-22T14:56:04Z,2025-05-22T14:00:00Z,2025-05-22T09:58:26-04:00,Thu,9,2872,6389,142,26,https://youtu.be/nIWWkH2i_Ug
Run It Back,UCwZo_mDI4fOIp-g18kinGBw,uku-4qSS1fQ,SGA Dominates ANT MAN & Wolves! Can Pacers UPSET Knicks? Run It Back | 05.21.2025,2025-05-22T03:17:42Z,2025-05-21T13:58:51Z,2025-05-21T14:56:05Z,2025-05-21T14:00:00Z,2025-05-21T09:58:51-04:00,Wed,9,2873,2856,57,16,https://youtu.be/uku-4qSS1fQ
Run It Back,UCwZo_mDI4fOIp-g18kinGBw,7G_cTfIWOAc,Will Ant Edwards ADD SGA To Infinity Gauntlet? Boogie Cousins RETURNS! Run It Back | 05.20.2025,2025-05-21T03:01:53Z,2025-05-20T13:58:36Z,2025-05-20T14:56:06Z,2025-05-20T14:00:00Z,2025-05-20T09:58:36-04:00,Tue,9,2872,3343,68,22,https://youtu.be/7G_cTfIWOAc
Run It Back,UCwZo_mDI4fOIp-g18kinGBw,fMyVF_dUfFM,Thunder ROUTS Denver!! What's Next For Jokic?? Run It Back LIVE! | 05.19.2025,2025-05-19T15:07:18Z,2025-05-19T13:58:41Z,2025-05-19T14:56:06Z,2025-05-19T14:00:00Z,2025-05-19T09:58:41-04:00,Mon,9,2873,3568,74,16,https://youtu.be/fMyVF_dUfFM
Run It Back,UCwZo_mDI4fOIp-g18kinGBw,JEsiTmqxdGE,Warriors Window CLOSED?? Does Playoff Jimmy Still EXIST!? Run It Back LIVE! | 05.15.2025,2025-05-16T03:01:58Z,2025-05-15T13:58:46Z,2025-05-15T14:56:08Z,2025-05-15T14:00:00Z,2025-05-15T09:58:46-04:00,Thu,9,2874,2993,60,7,https://youtu.be/JEsiTmqxdGE
Run It Back,UCwZo_mDI4fOIp-g18kinGBw,ujH0WjVIDSM,"Thunder, SGA MASSIVE Win!! Pacers TITLE Contenders? Run It Back LIVE! | 05.14.2025",2025-05-15T03:02:09Z,2025-05-14T13:58:41Z,2025-05-14T14:56:05Z,2025-05-14T14:00:00Z,2025-05-14T09:58:41-04:00,Wed,9,2874,3043,71,8,https://youtu.be/ujH0WjVIDSM
Run It Back,UCwZo_mDI4fOIp-g18kinGBw,tS6QD8Ghudg,Mavs WIN Lottery!! Celtics On The BRINK!! Run It Back LIVE! | 05.13.2025,2025-05-14T03:00:43Z,2025-05-13T13:58:56Z,2025-05-13T14:56:06Z,2025-05-13T14:00:00Z,2025-05-13T09:58:56-04:00,Tue,9,2876,4133,88,23,https://youtu.be/tS6QD8Ghudg
Run It Back,UCwZo_mDI4fOIp-g18kinGBw,AspUhn07dLY,Did Shai SAVE Thunder's Season?? Pacers EMBARRASS Cavs! Run It Back LIVE! | 05.12.2025,2025-05-13T03:03:11Z,2025-05-12T13:58:26Z,2025-05-12T14:56:12Z,2025-05-12T14:00:00Z,2025-05-12T09:58:26-04:00,Mon,9,2870,3405,69,9,https://youtu.be/AspUhn07dLY
Run It Back,UCwZo_mDI4fOIp-g18kinGBw,A5JdYNbgrdc,Ant & TWolves TIE IT UP! Warriors SURVIVE Without Steph?? Run It Back LIVE! | 05.09.2025,2025-05-10T03:02:55Z,2025-05-09T13:58:36Z,2025-05-09T14:56:13Z,2025-05-09T14:00:00Z,2025-05-09T09:58:36-04:00,Fri,9,2876,2390,50,10,https://youtu.be/A5JdYNbgrdc
Run It Back,UCwZo_mDI4fOIp-g18kinGBw,251mctKyMi0,Knicks SHOCK Celtics!! Should Boston Panic?? Run It Back LIVE! | 05.08.2025,2025-05-09T03:07:40Z,2025-05-08T13:58:31Z,2025-05-08T14:56:06Z,2025-05-08T14:00:00Z,2025-05-08T09:58:31-04:00,Thu,9,2878,4194,112,18,https://youtu.be/251mctKyMi0
Run It Back,UCwZo_mDI4fOIp-g18kinGBw,yY4ZegziFf8,Haliburton STUNS Cavs!! Steph-Less Warriors Take LEAD!! Run It Back LIVE! | 05.07.2025,2025-05-08T03:05:15Z,2025-05-07T13:58:36Z,2025-05-07T14:56:07Z,2025-05-07T14:00:00Z,2025-05-07T09:58:36-04:00,Wed,9,2873,4199,72,7,https://youtu.be/yY4ZegziFf8
Run It Back,UCwZo_mDI4fOIp-g18kinGBw,F1S7BLI-5sU,Knicks SHOCK Celtics!! Thunder's Costly MISTAKE!! Run It Back LIVE! | 05.06.2025,2025-05-07T03:04:40Z,2025-05-06T13:58:51Z,2025-05-06T14:56:14Z,2025-05-06T14:00:00Z,2025-05-06T09:58:51-04:00,Tue,9,2872,3794,88,26,https://youtu.be/F1S7BLI-5sU
Run It Back,UCwZo_mDI4fOIp-g18kinGBw,vjbtDip-3Ng,Warriors Say 'Night Night' to Rockets!! Does Houston NEED KD? Run It Back LIVE! | 05.05.2025,2025-05-06T03:00:57Z,2025-05-05T13:59:41Z,2025-05-05T14:56:05Z,2025-05-05T14:00:00Z,2025-05-05T09:59:41-04:00,Mon,9,2871,6100,110,17,https://youtu.be/vjbtDip-3Ng
Run It Back,UCwZo_mDI4fOIp-g18kinGBw,elnmTQytY0c,Lakers ELIMINATED! What's Next For LeBron?? Run It Back LIVE! | 05.01.2025,2025-05-02T03:06:10Z,2025-05-01T13:58:41Z,2025-05-01T14:56:07Z,2025-05-01T14:00:00Z,2025-05-01T09:58:41-04:00,Thu,9,2870,4870,97,22,https://youtu.be/elnmTQytY0c
Run It Back,UCwZo_mDI4fOIp-g18kinGBw,cyK-1QKEKnY,Bucks All-Time CHOKE? Giannis & Hali's Dad Get HEATED! Run It Back LIVE! | 04.30.2025,2025-05-01T03:06:45Z,2025-04-30T13:58:41Z,2025-04-30T14:56:02Z,2025-04-30T14:00:00Z,2025-04-30T09:58:41-04:00,Wed,9,2872,4030,74,15,https://youtu.be/cyK-1QKEKnY
Run It Back,UCwZo_mDI4fOIp-g18kinGBw,dUohA3wpMMY,Playoff Jimmy Leads Warriors!! Heat HUMILIATED!! Run It Back LIVE! | 04.29.2025,2025-04-30T03:03:08Z,2025-04-29T13:59:06Z,2025-04-29T14:56:04Z,2025-04-29T14:00:00Z,2025-04-29T09:59:06-04:00,Tue,9,2879,7162,127,12,https://youtu.be/dUohA3wpMMY
Run It Back,UCwZo_mDI4fOIp-g18kinGBw,olQwPyxnK0I,Lakers On The BRINK!! Pistons ROBBED!! Run It Back LIVE! | 04.28.2025,2025-04-29T03:13:54Z,2025-04-28T13:58:31Z,2025-04-28T14:56:03Z,2025-04-28T14:00:00Z,2025-04-28T09:58:31-04:00,Mon,9,2875,5489,102,28,https://youtu.be/olQwPyxnK0I
Run It Back,UCwZo_mDI4fOIp-g18kinGBw,CY7qVZmmkww,Warriors IN TROUBLE With Jimmy Injured?? Boogie Returns!! Run It Back LIVE! | 04.24.2025,2025-04-25T03:05:32Z,2025-04-24T14:00:06Z,2025-04-24T14:56:08Z,2025-04-24T14:00:00Z,2025-04-24T10:00:06-04:00,Thu,10,2869,5924,79,19,https://youtu.be/CY7qVZmmkww
Run It Back,UCwZo_mDI4fOIp-g18kinGBw,m7ylasWA100,Luka DELIVERS For Lakers In MUST-WIN!! Boogie Cousins Joins Run It Back LIVE! | 04.23.2025,2025-04-24T03:06:06Z,2025-04-23T13:58:41Z,2025-04-23T14:56:02Z,2025-04-23T14:00:00Z,2025-04-23T09:58:41-04:00,Wed,9,2876,8578,123,20,https://youtu.be/m7ylasWA100
Run It Back,UCwZo_mDI4fOIp-g18kinGBw,-_Sn6w1DOxc,Cade Becomes ELITE in MSG!!! Boogie Cousins Joins Run It Back LIVE! | 04.22.2025,2025-04-23T03:03:29Z,2025-04-22T13:58:56Z,2025-04-22T14:56:02Z,2025-04-22T14:00:00Z,2025-04-22T09:58:56-04:00,Tue,9,2877,3997,109,21,https://youtu.be/-_Sn6w1DOxc
Run It Back,UCwZo_mDI4fOIp-g18kinGBw,XJpdzZNorTE,"Lakers, Luka In Trouble?? Boogie Cousins Joins Run It Back LIVE! | 04.21.2025",2025-04-22T03:03:24Z,2025-04-21T13:58:31Z,2025-04-21T14:56:06Z,2025-04-21T14:00:00Z,2025-04-21T09:58:31-04:00,Mon,9,2871,11071,188,67,https://youtu.be/XJpdzZNorTE
Run It Back,UCwZo_mDI4fOIp-g18kinGBw,3BgkjlFgBck,"Mavs SILENCE Doubters, Heat Culture LIVES! Run It Back LIVE! | 04.17.2025",2025-04-18T03:01:58Z,2025-04-17T13:58:26Z,2025-04-17T14:56:07Z,2025-04-17T14:00:00Z,2025-04-17T09:58:26-04:00,Thu,9,2873,3093,60,13,https://youtu.be/3BgkjlFgBck
Run It Back,UCwZo_mDI4fOIp-g18kinGBw,RUmdO-XcTiA,"Curry, Playoff Jimmy Lead Warriors to Playoffs & Trae Ejected! Run It Back LIVE! | 04.16.2025",2025-04-17T03:02:01Z,2025-04-16T13:58:51Z,2025-04-16T14:56:02Z,2025-04-16T14:00:00Z,2025-04-16T09:58:51-04:00,Wed,9,2874,3634,72,18,https://youtu.be/RUmdO-XcTiA
Run It Back,UCwZo_mDI4fOIp-g18kinGBw,HlDg8kVzTX8,"Will Curry Say ""Night Night"" To Grizzlies?? Darius Garland Joins Run It Back LIVE! | 04.15.2025",2025-04-16T03:01:09Z,2025-04-15T13:58:41Z,2025-04-15T14:56:07Z,2025-04-15T14:00:00Z,2025-04-15T09:58:41-04:00,Tue,9,2871,3445,62,9,https://youtu.be/HlDg8kVzTX8
Run It Back,UCwZo_mDI4fOIp-g18kinGBw,lT0rUypqByo,Warriors DROP to Play-In! TWolves TOUGH Matchup For Lakers?? Run It Back LIVE! | 04.14.2025,2025-04-15T03:01:38Z,2025-04-14T13:58:31Z,2025-04-14T14:56:03Z,2025-04-14T14:00:00Z,2025-04-14T09:58:31-04:00,Mon,9,2873,7574,122,24,https://youtu.be/lT0rUypqByo
Run It Back,UCwZo_mDI4fOIp-g18kinGBw,TUr2cibCh4A,Cade BETTER Than Brunson? Reaves BEST Undrafted Player EVER? Run It Back LIVE! | 04.11.2025,2025-04-12T04:59:23Z,2025-04-11T13:58:51Z,2025-04-11T14:56:03Z,2025-04-11T14:00:00Z,2025-04-11T09:58:51-04:00,Fri,9,2874,2395,44,9,https://youtu.be/TUr2cibCh4A
Run It Back,UCwZo_mDI4fOIp-g18kinGBw,4t1hntPQQzk,Luka Drops 45 PTS in EMOTIONAL Return to Dallas!! Run It Back LIVE! | 04.10.2025,2025-04-11T03:03:30Z,2025-04-10T13:58:36Z,2025-04-10T14:56:07Z,2025-04-10T14:00:00Z,2025-04-10T09:58:36-04:00,Thu,9,2873,12094,171,25,https://youtu.be/4t1hntPQQzk
Run It Back,UCwZo_mDI4fOIp-g18kinGBw,viMaKLanZX8,Luka Gets Ejected! Nuggets SHOCKINGLY Fire Michael Malone!! Run It Back LIVE! | 04.09.2025,2025-04-10T03:12:32Z,2025-04-09T13:58:41Z,2025-04-09T14:56:17Z,2025-04-09T14:00:00Z,2025-04-09T09:58:41-04:00,Wed,9,2872,3814,80,9,https://youtu.be/viMaKLanZX8
Run It Back,UCwZo_mDI4fOIp-g18kinGBw,rO-H7TbfMQE,Steph Curry UNDERRATED? Is Jokic the GOAT Center? Run It Back LIVE! | 04.08.2025,2025-04-09T03:05:55Z,2025-04-08T13:58:41Z,2025-04-08T14:56:03Z,2025-04-08T14:00:00Z,2025-04-08T09:58:41-04:00,Tue,9,2872,2476,42,13,https://youtu.be/rO-H7TbfMQE
Run It Back,UCwZo_mDI4fOIp-g18kinGBw,Lqw6Z6ee-oQ,Luka & Lakers DOMINATE Thunder!! Draymond Dirty Play?? Run It Back LIVE! | 04.07.2025,2025-04-08T03:18:01Z,2025-04-07T13:58:31Z,2025-04-07T14:56:04Z,2025-04-07T14:00:00Z,2025-04-07T09:58:31-04:00,Mon,9,2867,4611,92,26,https://youtu.be/Lqw6Z6ee-oQ
Run It Back,UCwZo_mDI4fOIp-g18kinGBw,ioEmTGaMVig,Should Lakers AVOID Warriors? Ja's Future in Memphis!! Run It Back LIVE! | 04.04.2025,2025-04-05T03:54:00Z,2025-04-04T13:58:46Z,2025-04-04T14:56:08Z,2025-04-04T14:00:00Z,2025-04-04T09:58:46-04:00,Fri,9,2875,4463,70,21,https://youtu.be/ioEmTGaMVig
Run It Back,UCwZo_mDI4fOIp-g18kinGBw,aXKQqvWHRJA,Is Warriors Ceiling A Championship?? DeAndre Jordan Joins Run It Back LIVE! | 04.03.2025,2025-04-04T03:06:05Z,2025-04-03T13:58:36Z,2025-04-03T14:56:15Z,2025-04-03T14:00:00Z,2025-04-03T09:58:36-04:00,Thu,9,2875,3562,77,14,https://youtu.be/aXKQqvWHRJA
Run It Back,UCwZo_mDI4fOIp-g18kinGBw,92uxO2fUiAY,Curry & Jokic HISTORIC Nights! Game of the Year in Denver?? Run It Back LIVE! | 04.02.2025,2025-04-03T03:02:33Z,2025-04-02T13:58:31Z,2025-04-02T14:56:05Z,2025-04-02T14:00:00Z,2025-04-02T09:58:31-04:00,Wed,9,2873,3091,65,12,https://youtu.be/92uxO2fUiAY
Run It Back,UCwZo_mDI4fOIp-g18kinGBw,IkVrRT5y5SQ,"Lakers Championship Bound, Giannis Leaving Bucks?? Run It Back LIVE! | 04.01.2025",2025-04-02T03:02:10Z,2025-04-01T13:58:56Z,2025-04-01T14:56:04Z,2025-04-01T14:00:00Z,2025-04-01T09:58:56-04:00,Tue,9,2867,3573,61,15,https://youtu.be/IkVrRT5y5SQ
Run It Back,UCwZo_mDI4fOIp-g18kinGBw,ze-UA-5vOP4,Bad Boys Are Back in Detroit + Will Ja Leave Memphis?? Run It Back LIVE! | 03.31.2025,2025-04-01T03:12:13Z,2025-03-31T13:58:36Z,2025-03-31T14:56:26Z,2025-03-31T14:00:00Z,2025-03-31T09:58:36-04:00,Mon,9,2874,2993,66,12,https://youtu.be/ze-UA-5vOP4
Run It Back,UCwZo_mDI4fOIp-g18kinGBw,fbZtAKHpmBM,LeBron Game-Winner + Jokic Pass Of The Year?!? Run It Back LIVE! | 03.27.2025,2025-03-28T03:04:38Z,2025-03-27T13:58:41Z,2025-03-27T14:56:28Z,2025-03-27T14:00:00Z,2025-03-27T09:58:41-04:00,Thu,9,2868,3806,69,19,https://youtu.be/fbZtAKHpmBM
Run It Back,UCwZo_mDI4fOIp-g18kinGBw,wOiX1j9luKM,Heat SPOIL Jimmy Butler Return!! Chelsea Gray Joins Run It Back LIVE! | 03.26.2025,2025-03-27T03:02:54Z,2025-03-26T13:59:11Z,2025-03-26T14:56:23Z,2025-03-26T14:00:00Z,2025-03-26T09:59:11-04:00,Wed,9,2870,1836,39,5,https://youtu.be/wOiX1j9luKM
Run It Back,UCwZo_mDI4fOIp-g18kinGBw,BPGmh7AVtsE,Anthony Davis Returns to Mavs! Lakers Lose AGAIN! Run It Back LIVE! | 03.25.2025,2025-03-26T03:01:01Z,2025-03-25T13:58:36Z,2025-03-25T14:56:04Z,2025-03-25T14:00:00Z,2025-03-25T09:58:36-04:00,Tue,9,2873,2530,45,5,https://youtu.be/BPGmh7AVtsE
Run It Back,UCwZo_mDI4fOIp-g18kinGBw,Ekl0XfIXG7o,LeBron Returns But Lakers CRUSHED!! Tony Allen Joins Run It Back LIVE! | 03.24.2025,2025-03-25T03:06:52Z,2025-03-24T13:58:36Z,2025-03-24T14:56:13Z,2025-03-24T14:00:00Z,2025-03-24T09:58:36-04:00,Mon,9,2872,2995,63,9,https://youtu.be/Ekl0XfIXG7o
Run It Back,UCwZo_mDI4fOIp-g18kinGBw,bbR56xc7l54,Steph Curry Injured!! Bronny James Career Game! Run It Back LIVE! | 03.21.2025,2025-03-22T03:03:02Z,2025-03-21T13:58:31Z,2025-03-21T14:56:10Z,2025-03-21T14:00:00Z,2025-03-21T09:58:31-04:00,Fri,9,2880,3865,63,13,https://youtu.be/bbR56xc7l54
Run It Back,UCwZo_mDI4fOIp-g18kinGBw,-DdD_hoHFi0,"Luka Doncic Dominates Denver!! ""Heat Culture"" Dead?? Run It Back LIVE! | 03.20.2025",2025-03-21T03:00:59Z,2025-03-20T13:58:31Z,2025-03-20T14:56:04Z,2025-03-20T14:00:00Z,2025-03-20T09:58:31-04:00,Thu,9,2869,4439,79,13,https://youtu.be/-DdD_hoHFi0
Run It Back,UCwZo_mDI4fOIp-g18kinGBw,g71w8TPVbiA,Draymond DPOY? Austin Reeves Best 3rd Option In NBA?? Run It Back LIVE! | 03.19.2025,2025-03-20T03:00:48Z,2025-03-19T13:58:31Z,2025-03-19T14:56:12Z,2025-03-19T14:00:00Z,2025-03-19T09:58:31-04:00,Wed,9,2873,5034,91,31,https://youtu.be/g71w8TPVbiA
Run It Back,UCwZo_mDI4fOIp-g18kinGBw,iOYJbE_11e4,"Warriors SHOCKING Loss, Mavs Plan For Luka's Return! Run It Back LIVE! | 03.18.2025",2025-03-19T03:00:09Z,2025-03-18T13:58:36Z,2025-03-18T14:56:10Z,2025-03-18T14:00:00Z,2025-03-18T09:58:36-04:00,Tue,9,2871,4001,61,10,https://youtu.be/iOYJbE_11e4
Run It Back,UCwZo_mDI4fOIp-g18kinGBw,R4tTsm6AKYw,"JB Bickerstaff SLAMS Officiating, Luka Doncic TROLLS Kevin Durant! Run It Back LIVE! | 03.17.2025",2025-03-18T03:09:09Z,2025-03-17T13:58:51Z,2025-03-17T14:56:14Z,2025-03-17T14:00:00Z,2025-03-17T09:58:51-04:00,Mon,9,2876,3785,68,19,https://youtu.be/R4tTsm6AKYw
Run It Back,UCwZo_mDI4fOIp-g18kinGBw,S47ZEC1ka-A,Steph Curry is UNSTOPPABLE! Antoine Walker Joins Run It Back LIVE! | 03.14.2025,2025-03-15T03:01:16Z,2025-03-14T13:58:31Z,2025-03-14T14:56:11Z,2025-03-14T14:00:00Z,2025-03-14T09:58:31-04:00,Fri,9,2871,4612,77,6,https://youtu.be/S47ZEC1ka-A
Run It Back,UCwZo_mDI4fOIp-g18kinGBw,ej3eRckz0g0,LeBron James All-Time Lakers Great?? Gordon Hayward Joins Run It Back LIVE! | 03.13.2025,2025-03-14T03:06:38Z,2025-03-13T13:58:41Z,2025-03-13T14:56:13Z,2025-03-13T14:00:00Z,2025-03-13T09:58:41-04:00,Thu,9,2871,2644,39,28,https://youtu.be/ej3eRckz0g0
Run It Back,UCwZo_mDI4fOIp-g18kinGBw,ppNgH6O0Kww,Are Cavaliers Title Favorites?? Kevin Durant to Lakers? Run It Back LIVE! | 03.12.2025,2025-03-13T02:59:21Z,2025-03-12T13:58:31Z,2025-03-12T14:56:07Z,2025-03-12T14:00:00Z,2025-03-12T09:58:31-04:00,Wed,9,2874,2966,43,19,https://youtu.be/ppNgH6O0Kww
Run It Back,UCwZo_mDI4fOIp-g18kinGBw,krDOQ6u1vWo,Lakers In Trouble Without LeBron? Warriors LEGIT Contenders? Run It Back LIVE! | 03.11.2025,2025-03-12T03:11:41Z,2025-03-11T13:58:36Z,2025-03-11T14:56:13Z,2025-03-11T14:00:00Z,2025-03-11T09:58:36-04:00,Tue,9,2878,3855,56,12,https://youtu.be/krDOQ6u1vWo
Run It Back,UCwZo_mDI4fOIp-g18kinGBw,UFlKrUs_fd0,Can Luka Carry Lakers Without LeBron? Tim Hardaway Sr. Joins Run It Back LIVE! | 03.10.2025,2025-03-11T03:06:17Z,2025-03-10T13:59:06Z,2025-03-10T14:56:06Z,2025-03-10T14:00:00Z,2025-03-10T09:59:06-04:00,Mon,9,2870,5187,75,11,https://youtu.be/UFlKrUs_fd0
Run It Back,UCwZo_mDI4fOIp-g18kinGBw,RoSgXmOb-98,James Harden DROPS 50! DeAndre Jordan Joins Run It Back LIVE! | 03.06.2025,2025-03-07T04:03:11Z,2025-03-06T14:58:36Z,2025-03-06T15:56:16Z,2025-03-06T15:00:00Z,2025-03-06T09:58:36-05:00,Thu,9,2872,2677,49,12,https://youtu.be/RoSgXmOb-98
Run It Back,UCwZo_mDI4fOIp-g18kinGBw,X4ChCyssol0,Steph Curry In GOAT Conversation?? LeBron Hits 50k Points! Run It Back LIVE! | 03.05.2025,2025-03-06T04:01:45Z,2025-03-05T14:58:26Z,2025-03-05T15:56:12Z,2025-03-05T15:00:00Z,2025-03-05T09:58:26-05:00,Wed,9,2874,5102,83,14,https://youtu.be/X4ChCyssol0
Run It Back,UCwZo_mDI4fOIp-g18kinGBw,UhWM6jVdmW0,Warriors Most Dangerous Team? Kyrie Out for Season! Ryen Russillo! Run It Back LIVE! | 03.04.2025,2025-03-05T04:00:29Z,2025-03-04T14:58:41Z,2025-03-04T15:55:55Z,2025-03-04T15:00:00Z,2025-03-04T09:58:41-05:00,Tue,9,2860,6874,91,27,https://youtu.be/UhWM6jVdmW0
Run It Back,UCwZo_mDI4fOIp-g18kinGBw,pUnZZcXRlGw,Are Lakers Title Favorites?? Embiid Out For Season!! Run It Back LIVE! | 03.03.2025,2025-03-04T04:08:38Z,2025-03-03T14:58:31Z,2025-03-03T15:56:11Z,2025-03-03T15:00:00Z,2025-03-03T09:58:31-05:00,Mon,9,2877,7132,102,28,https://youtu.be/pUnZZcXRlGw
Run It Back,UCwZo_mDI4fOIp-g18kinGBw,Hd_R5sHX3xg,"Curry & Warriors UNSTOPPABLE, Ant Ejected!! Boogie Cousins Returns! Run It Back LIVE! | 02.28.2025",2025-03-01T04:59:46Z,2025-02-28T15:58:26Z,2025-02-28T16:56:08Z,2025-02-28T16:00:00Z,2025-02-28T10:58:26-05:00,Fri,10,2872,12225,224,33,https://youtu.be/Hd_R5sHX3xg
Run It Back,UCwZo_mDI4fOIp-g18kinGBw,VWe0EdN2dkk,How Many Rings Will Luka Win With Lakers? Boogie Cousins Returns! Run It Back LIVE! | 02.27.2025,2025-02-28T05:01:28Z,2025-02-27T15:58:26Z,2025-02-27T16:56:03Z,2025-02-27T16:00:00Z,2025-02-27T10:58:26-05:00,Thu,10,2874,5923,85,12,https://youtu.be/VWe0EdN2dkk
Run It Back,UCwZo_mDI4fOIp-g18kinGBw,JSvwDyAFazg,Luka Doncic Lakers Get REVENGE!! Boogie Cousins Joins Run It Back LIVE! | 02.26.2025,2025-02-27T05:02:42Z,2025-02-26T15:58:26Z,2025-02-26T16:56:09Z,2025-02-26T16:00:00Z,2025-02-26T10:58:26-05:00,Wed,10,2870,5668,98,7,https://youtu.be/JSvwDyAFazg
Run It Back,UCwZo_mDI4fOIp-g18kinGBw,QyNSPPmd5x0,Suns The MOST Disappointing Team? Boogie Cousins Joins Run It Back LIVE! | 02.25.2025,2025-02-26T05:03:46Z,2025-02-25T15:58:31Z,2025-02-25T16:56:07Z,2025-02-25T16:00:00Z,2025-02-25T10:58:31-05:00,Tue,10,2877,3862,95,21,https://youtu.be/QyNSPPmd5x0
Run It Back,UCwZo_mDI4fOIp-g18kinGBw,EWtj2uvx0n8,Lakers Title Contenders With Luka? Boogie Cousins Joins Run It Back LIVE! | 02.24.2025,2025-02-25T05:01:53Z,2025-02-24T15:58:36Z,2025-02-24T16:56:08Z,2025-02-24T16:00:00Z,2025-02-24T10:58:36-05:00,Mon,10,2872,10633,157,45,https://youtu.be/EWtj2uvx0n8
Run It Back,UCwZo_mDI4fOIp-g18kinGBw,4uI0mfguFzw,Victor Wembanyama Out For Season! Sean Elliott Joins Run It Back LIVE From Austin! | 02.21.2025,2025-02-22T22:00:04Z,2025-02-21T14:58:31Z,2025-02-21T15:55:47Z,2025-02-21T15:00:00Z,2025-02-21T09:58:31-05:00,Fri,9,2865,2555,50,4,https://youtu.be/4uI0mfguFzw
Run It Back,UCwZo_mDI4fOIp-g18kinGBw,2zWjPOLg2i4,Luka Struggles Again! Aaron Gordon Joins Run It Back LIVE From Austin! | 02.20.2025,2025-02-20T16:05:32Z,2025-02-20T14:58:41Z,2025-02-20T15:56:10Z,2025-02-20T15:00:00Z,2025-02-20T09:58:41-05:00,Thu,9,2878,5264,98,11,https://youtu.be/2zWjPOLg2i4
Run It Back,UCwZo_mDI4fOIp-g18kinGBw,GJpPTJr5tgc,Grizzlies to Move Morant?? Our BIGGEST Questions For Rest of Season! Run It Back LIVE! | 02.19.2025,2025-02-20T04:00:00Z,2025-02-19T14:58:31Z,2025-02-19T15:56:02Z,2025-02-19T15:00:00Z,2025-02-19T09:58:31-05:00,Wed,9,2874,2183,50,4,https://youtu.be/GJpPTJr5tgc
Run It Back,UCwZo_mDI4fOIp-g18kinGBw,FZ7hK8-dBlo,1-on-1 All-Star Tournament?? Kevin Durant Speaks Out!! Run It Back LIVE! | 02.18.2025,2025-02-19T04:02:29Z,2025-02-18T14:58:45Z,2025-02-18T15:56:03Z,2025-02-18T15:00:00Z,2025-02-18T09:58:45-05:00,Tue,9,2876,2522,44,13,https://youtu.be/FZ7hK8-dBlo
Run It Back,UCwZo_mDI4fOIp-g18kinGBw,_VzH8X7gf_o,All-Star Weekend Recap & Reactions!! Run It Back LIVE! | 02.17.2025,2025-02-18T04:11:32Z,2025-02-17T14:58:31Z,2025-02-17T15:56:15Z,2025-02-17T15:00:00Z,2025-02-17T09:58:31-05:00,Mon,9,2877,2978,62,25,https://youtu.be/_VzH8X7gf_o
Run It Back,UCwZo_mDI4fOIp-g18kinGBw,QZwo1gzxe3o,Hawks vs Knicks BEST Rivalry!? Darius Garland Joins Run It Back LIVE! | 02.13.2025,2025-02-14T04:07:15Z,2025-02-13T14:58:36Z,2025-02-13T15:56:06Z,2025-02-13T15:00:00Z,2025-02-13T09:58:36-05:00,Thu,9,2873,2315,52,6,https://youtu.be/QZwo1gzxe3o
Run It Back,UCwZo_mDI4fOIp-g18kinGBw,A1Gdgz0WWnw,Embiid BOOED By Sixers Fans!! Kevin Durant Top-5?? Run It Back LIVE! | 02.12.2025,2025-02-13T04:00:40Z,2025-02-12T14:58:26Z,2025-02-12T15:56:08Z,2025-02-12T15:00:00Z,2025-02-12T09:58:26-05:00,Wed,9,2876,3136,58,16,https://youtu.be/A1Gdgz0WWnw
Run It Back,UCwZo_mDI4fOIp-g18kinGBw,1shXp_rj2Uc,"Luka's Lakers Debut! Mavs Fans Chant ""Fire Nico""!! Run It Back LIVE! | 02.11.2025",2025-02-11T16:02:50Z,2025-02-11T14:59:01Z,2025-02-11T15:56:13Z,2025-02-11T15:00:00Z,2025-02-11T09:59:01-05:00,Tue,9,2881,5163,81,8,https://youtu.be/1shXp_rj2Uc
Run It Back,UCwZo_mDI4fOIp-g18kinGBw,QWaFf55ojq4,"Mavs Owner RIPS Luka Doncic, Anthony Davis Injured In Debut!! Run It Back LIVE! | 02.10.2025",2025-02-11T04:01:41Z,2025-02-10T14:58:51Z,2025-02-10T15:56:08Z,2025-02-10T15:00:00Z,2025-02-10T09:58:51-05:00,Mon,9,2870,6625,94,10,https://youtu.be/QWaFf55ojq4
Run It Back,UCwZo_mDI4fOIp-g18kinGBw,ghBXZhxUnQE,Trade Deadline Winners & Losers!! Run It Back LIVE! | 02.07.2025,2025-02-08T04:01:55Z,2025-02-07T14:58:26Z,2025-02-07T15:56:05Z,2025-02-07T15:00:00Z,2025-02-07T09:58:26-05:00,Fri,9,2869,4153,73,2,https://youtu.be/ghBXZhxUnQE
Run It Back,UCwZo_mDI4fOIp-g18kinGBw,7gvN2d2YpJg,NBA Trade Deadline Countdown!! DeMarcus Cousins Joins Run It Back LIVE! | 02.06.2025,2025-02-07T04:06:03Z,2025-02-06T14:58:26Z,2025-02-06T15:56:15Z,2025-02-06T15:00:00Z,2025-02-06T09:58:26-05:00,Thu,9,2879,8128,114,9,https://youtu.be/7gvN2d2YpJg
Run It Back,UCwZo_mDI4fOIp-g18kinGBw,-6hORrvvvSw,Sam Amick Latest on Kevin Durant Trade!! Run It Back LIVE! | 02.05.2025,2025-02-06T04:04:02Z,2025-02-05T14:58:31Z,2025-02-05T15:56:14Z,2025-02-05T15:00:00Z,2025-02-05T09:58:31-05:00,Wed,9,2877,5593,77,7,https://youtu.be/-6hORrvvvSw
Run It Back,UCwZo_mDI4fOIp-g18kinGBw,U0J5kqQf7fE,Kevin Durant Trade Coming?? Warriors Desperate!?! Run It Back LIVE! | 02.04.2025,2025-02-05T04:01:38Z,2025-02-04T14:58:31Z,2025-02-04T15:56:09Z,2025-02-04T15:00:00Z,2025-02-04T09:58:31-05:00,Tue,9,2880,3636,63,3,https://youtu.be/U0J5kqQf7fE
Run It Back,UCwZo_mDI4fOIp-g18kinGBw,pVuLYOkTROc,Reactions to SHOCKING Luka Doncic Trade!! Run It Back LIVE! | 02.03.2025,2025-02-04T04:03:04Z,2025-02-03T14:58:31Z,2025-02-03T15:56:09Z,2025-02-03T15:00:00Z,2025-02-03T09:58:31-05:00,Mon,9,2874,5913,127,41,https://youtu.be/pVuLYOkTROc
Run It Back,UCwZo_mDI4fOIp-g18kinGBw,Vaxb5_1Yw2Y,LaMelo Ball & Trae Young All-Star Snubs!!! Run It Back LIVE! | 01.31.2025,2025-02-01T04:00:27Z,2025-01-31T14:58:36Z,2025-01-31T15:56:09Z,2025-01-31T15:00:00Z,2025-01-31T09:58:36-05:00,Fri,9,2874,2796,49,16,https://youtu.be/Vaxb5_1Yw2Y
Run It Back,UCwZo_mDI4fOIp-g18kinGBw,6VdjGKfmGZw,Wemby CHEAP SHOT!? DeMar DeRozan Joins Run It Back LIVE! | 01.30.2025,2025-01-31T04:03:50Z,2025-01-30T14:58:56Z,2025-01-30T15:56:14Z,2025-01-30T15:00:00Z,2025-01-30T09:58:56-05:00,Thu,9,2873,2611,51,4,https://youtu.be/6VdjGKfmGZw
Run It Back,UCwZo_mDI4fOIp-g18kinGBw,kjseWMAOCws,De'Aaron Fox To Spurs?? Sam Amick on Trade Deadline! Run It Back LIVE! | 01.29.2025,2025-01-30T04:17:57Z,2025-01-29T14:58:26Z,2025-01-29T15:56:10Z,2025-01-29T15:00:00Z,2025-01-29T09:58:26-05:00,Wed,9,2877,3879,57,5,https://youtu.be/kjseWMAOCws
Run It Back,UCwZo_mDI4fOIp-g18kinGBw,pPGad9OdO5c,Butler Suspended INDEFINITELY!! DeMarcus Cousins Joins Run It Back LIVE! | 01.28.2025,2025-01-29T04:01:23Z,2025-01-28T14:58:31Z,2025-01-28T15:56:09Z,2025-01-28T15:00:00Z,2025-01-28T09:58:31-05:00,Tue,9,2877,4277,63,10,https://youtu.be/pPGad9OdO5c
Run It Back,UCwZo_mDI4fOIp-g18kinGBw,EVM3VMSdyoU,"Kuzma TRADE Incoming, Can Mavs SURVIVE Injuries?? Run It Back LIVE! | 01.27.2025",2025-01-28T04:02:00Z,2025-01-27T14:58:36Z,2025-01-27T15:56:15Z,2025-01-27T15:00:00Z,2025-01-27T09:58:36-05:00,Mon,9,2875,3254,46,7,https://youtu.be/EVM3VMSdyoU
Run It Back,UCwZo_mDI4fOIp-g18kinGBw,vmNrpMzqzj4,LaMelo Ball All-Star Snub!! BEST Year For Nikola Jokic?? Run It Back LIVE! | 01.24.2025,2025-01-25T04:07:34Z,2025-01-24T14:58:36Z,2025-01-24T15:56:11Z,2025-01-24T15:00:00Z,2025-01-24T09:58:36-05:00,Fri,9,2876,4711,63,35,https://youtu.be/vmNrpMzqzj4
Run It Back,UCwZo_mDI4fOIp-g18kinGBw,yly4ZeDNwao,Jimmy Butler Suspended AGAIN!! Darius Garland Joins Run It Back LIVE! | 01.23.2025,2025-01-24T03:59:55Z,2025-01-23T14:58:31Z,2025-01-23T15:56:14Z,2025-01-23T15:00:00Z,2025-01-23T09:58:31-05:00,Thu,9,2874,2839,54,7,https://youtu.be/yly4ZeDNwao
Run It Back,UCwZo_mDI4fOIp-g18kinGBw,jo7vKfeiPQQ,Suns Pursuing Jimmy Butler?? Rajon Rondo JOINS Run It Back LIVE! | 01.22.2025,2025-01-23T04:12:45Z,2025-01-22T14:58:31Z,2025-01-22T15:56:12Z,2025-01-22T15:00:00Z,2025-01-22T09:58:31-05:00,Wed,9,2874,4266,63,10,https://youtu.be/jo7vKfeiPQQ
Run It Back,UCwZo_mDI4fOIp-g18kinGBw,6Pp-72jqdbk,PANIC BUTTON for Mavs?? Jalen OUTDUELS Trae!! Run It Back LIVE! | 01.21.2025,2025-01-22T04:00:09Z,2025-01-21T14:58:41Z,2025-01-21T15:56:11Z,2025-01-21T15:00:00Z,2025-01-21T09:58:41-05:00,Tue,9,2871,2752,52,8,https://youtu.be/6Pp-72jqdbk
Run It Back,UCwZo_mDI4fOIp-g18kinGBw,dfinE4MmlF0,Jimmy Butler Returns!! Celtics Overrated?? Run It Back LIVE! | 01.20.2025,2025-01-21T04:06:38Z,2025-01-20T14:58:31Z,2025-01-20T15:56:17Z,2025-01-20T15:00:00Z,2025-01-20T09:58:31-05:00,Mon,9,2868,2806,41,7,https://youtu.be/dfinE4MmlF0
Run It Back,UCwZo_mDI4fOIp-g18kinGBw,1NmQZia5Cgo,Thunder LOCK DOWN Cavaliers!! Kings Are LEGIT?? Run It Back LIVE! | 01.17.2025,2025-01-18T04:05:24Z,2025-01-17T14:58:26Z,2025-01-17T15:56:01Z,2025-01-17T15:00:00Z,2025-01-17T09:58:26-05:00,Fri,9,2876,3077,57,13,https://youtu.be/1NmQZia5Cgo
Run It Back,UCwZo_mDI4fOIp-g18kinGBw,A8mZsA4132o,Ja Morant SLAMS Wemby! Steph Claps Back! Run It Back LIVE! | 01.16.2025,2025-01-17T04:11:32Z,2025-01-16T14:58:31Z,2025-01-16T15:56:12Z,2025-01-16T15:00:00Z,2025-01-16T09:58:31-05:00,Thu,9,2875,2017,33,7,https://youtu.be/A8mZsA4132o
Run It Back,UCwZo_mDI4fOIp-g18kinGBw,lxvngs_94jU,Jimmy Butler To Spurs?? Cavs Have FOUR All-Stars?? Run It Back LIVE! | 01.15.2025,2025-01-16T03:59:54Z,2025-01-15T14:58:36Z,2025-01-15T15:56:13Z,2025-01-15T15:00:00Z,2025-01-15T09:58:36-05:00,Wed,9,2871,3409,57,8,https://youtu.be/lxvngs_94jU
Run It Back,UCwZo_mDI4fOIp-g18kinGBw,AomxNhgXuOA,MORE Jimmy Butler Drama!! Warriors Trade Incoming?? Run It Back LIVE! | 01.14.2025,2025-01-15T04:03:06Z,2025-01-14T14:58:31Z,2025-01-14T15:56:07Z,2025-01-14T15:00:00Z,2025-01-14T09:58:31-05:00,Tue,9,2870,2933,51,2,https://youtu.be/AomxNhgXuOA
Run It Back,UCwZo_mDI4fOIp-g18kinGBw,H_c3Ehajzts,Zion Williamson SUSPENDED!! Are The Warriors COOKED?? Run It Back LIVE! | 01.13.2025,2025-01-14T04:01:59Z,2025-01-13T14:58:26Z,2025-01-13T15:56:09Z,2025-01-13T15:00:00Z,2025-01-13T09:58:26-05:00,Mon,9,2874,2621,41,1,https://youtu.be/H_c3Ehajzts
Run It Back,UCwZo_mDI4fOIp-g18kinGBw,b0YNYKA1kJM,LaMelo Ball An All-Star!? Rockets CONTENDERS?? Run It Back LIVE! | 01.10.2025,2025-01-11T04:06:29Z,2025-01-10T14:58:31Z,2025-01-10T15:56:14Z,2025-01-10T15:00:00Z,2025-01-10T09:58:31-05:00,Fri,9,2875,3076,56,6,https://youtu.be/b0YNYKA1kJM
Run It Back,UCwZo_mDI4fOIp-g18kinGBw,y-CLdxVtMmg,Giannis DOMINATES Wemby! Cavaliers BEST Team in NBA!? Run It Back LIVE! | 01.09.2025,2025-01-10T04:02:33Z,2025-01-09T14:59:01Z,2025-01-09T15:56:08Z,2025-01-09T15:00:00Z,2025-01-09T09:59:01-05:00,Thu,9,2872,2664,50,13,https://youtu.be/y-CLdxVtMmg
Run It Back,UCwZo_mDI4fOIp-g18kinGBw,oo1WFTkvnrI,Bradley Beal To Lakers?? Thunder BEST Team in NBA!? Run It Back LIVE! | 01.07.2025,2025-01-08T04:00:08Z,2025-01-07T14:58:36Z,2025-01-07T15:56:08Z,2025-01-07T15:00:00Z,2025-01-07T09:58:36-05:00,Tue,9,2878,3512,57,14,https://youtu.be/oo1WFTkvnrI
Run It Back,UCwZo_mDI4fOIp-g18kinGBw,nqS9A9IXJZ4,Did Jimmy Butler QUIT on Heat?? Suns Bench Bradley Beal!! Run It Back LIVE! | 01.06.2025,2025-01-07T04:00:11Z,2025-01-06T14:58:26Z,2025-01-06T15:56:06Z,2025-01-06T15:00:00Z,2025-01-06T09:58:26-05:00,Mon,9,2872,3860,57,15,https://youtu.be/nqS9A9IXJZ4
Run It Back,UCwZo_mDI4fOIp-g18kinGBw,sw7R3rSapSg,Jimmy Butler Wants TRADE!! Shai Gilgeous-Alexander The MVP!? Run It Back LIVE! | 01.03.2024,2025-01-04T04:16:04Z,2025-01-03T14:58:36Z,2025-01-03T15:56:13Z,2025-01-03T15:00:00Z,2025-01-03T09:58:36-05:00,Fri,9,2875,3434,65,3,https://youtu.be/sw7R3rSapSg
Run It Back,UCwZo_mDI4fOIp-g18kinGBw,e4-zpvzdwgw,Jokic & Nuggets Heating Up!! Pistons Win But With HUGE Loss!! Run It Back LIVE! | 01.02.2025,2025-01-03T04:02:44Z,2025-01-02T14:58:27Z,2025-01-02T15:56:10Z,2025-01-02T15:00:00Z,2025-01-02T09:58:27-05:00,Thu,9,2874,3352,42,5,https://youtu.be/e4-zpvzdwgw
Run It Back,UCwZo_mDI4fOIp-g18kinGBw,S6H7kpWASgI,"Curry Calls Warriors ""Very Mid""!! Best Player of 2024!! Run It Back LIVE! | 12.31.2024",2025-01-01T04:00:15Z,2024-12-31T14:58:26Z,2024-12-31T15:56:13Z,2024-12-31T15:00:00Z,2024-12-31T09:58:26-05:00,Tue,9,2870,2608,42,0,https://youtu.be/S6H7kpWASgI
Run It Back,UCwZo_mDI4fOIp-g18kinGBw,G5lJs3zZzd0,Lakers Make A TRADE!! Kings FIRE Coach Mike Brown!! Run It Back LIVE! | 12.30.2024,2024-12-31T04:01:55Z,2024-12-30T14:58:31Z,2024-12-30T15:56:09Z,2024-12-30T15:00:00Z,2024-12-30T09:58:31-05:00,Mon,9,2869,3669,68,11,https://youtu.be/G5lJs3zZzd0
Run It Back,UCwZo_mDI4fOIp-g18kinGBw,7G-SHfPqY0M,Joel Embiid CHAOTIC Ejection!! PANIC for Warriors!? Run It Back LIVE! | 12.24.2024,2024-12-25T04:01:33Z,2024-12-24T14:58:31Z,2024-12-24T15:56:10Z,2024-12-24T15:00:00Z,2024-12-24T09:58:31-05:00,Tue,9,2867,2703,52,3,https://youtu.be/7G-SHfPqY0M
Run It Back,UCwZo_mDI4fOIp-g18kinGBw,nYRrqifMN0w,Lakers NOT A Championship Team?? Ant Edwards RIPS Team & Refs! Run It Back LIVE! | 12.23.2024,2024-12-24T04:32:44Z,2024-12-23T14:58:36Z,2024-12-23T15:56:07Z,2024-12-23T15:00:00Z,2024-12-23T09:58:36-05:00,Mon,9,2871,3066,39,11,https://youtu.be/nYRrqifMN0w
Run It Back,UCwZo_mDI4fOIp-g18kinGBw,4_Au_HNQgkM,KAT Returns to Minnesota! Lakers Crazy to FIRE Darvin Ham!? Run It Back LIVE! | 12.19.2024,2024-12-20T03:59:54Z,2024-12-19T14:59:36Z,2024-12-19T15:55:57Z,2024-12-19T15:00:00Z,2024-12-19T09:59:36-05:00,Thu,9,2865,2256,41,1,https://youtu.be/4_Au_HNQgkM
Run It Back,UCwZo_mDI4fOIp-g18kinGBw,6k-E85TA_1g,Bucks Win NBA Cup! Boogie Cousins & Michael Phelps Join Run It Back LIVE FROM VEGAS! | 12.18.2024,2024-12-19T04:38:33Z,2024-12-18T15:28:36Z,2024-12-18T16:26:14Z,2024-12-18T15:30:00Z,2024-12-18T10:28:36-05:00,Wed,10,2878,4371,68,16,https://youtu.be/6k-E85TA_1g
Run It Back,UCwZo_mDI4fOIp-g18kinGBw,KGiC1EVi2WI,LeBron James Returns! Should 76ers Shut Down Embiid!? Run It Back LIVE FROM VEGAS! | 12.16.2024,2024-12-17T04:41:14Z,2024-12-16T15:28:31Z,2024-12-16T16:26:43Z,2024-12-16T15:30:00Z,2024-12-16T10:28:31-05:00,Mon,10,2883,2676,46,6,https://youtu.be/KGiC1EVi2WI
Run It Back,UCwZo_mDI4fOIp-g18kinGBw,pcoc13yaDFw,Jimmy Butler Trolls Fans! Wembanyama An All-Star?? Run It Back LIVE! | 12.13.2024,2024-12-14T04:23:24Z,2024-12-13T14:58:36Z,2024-12-13T15:56:16Z,2024-12-13T15:00:00Z,2024-12-13T09:58:36-05:00,Fri,9,2874,2643,40,13,https://youtu.be/pcoc13yaDFw
Run It Back,UCwZo_mDI4fOIp-g18kinGBw,372Ie7MyIbg,Steve Kerr Goes OFF On Refs! Trae Young TROLLS Knicks! Run It Back LIVE! | 12.12.2024,2024-12-13T04:05:30Z,2024-12-12T14:58:26Z,2024-12-12T15:56:15Z,2024-12-12T15:00:00Z,2024-12-12T09:58:26-05:00,Thu,9,2871,3679,75,14,https://youtu.be/372Ie7MyIbg
Run It Back,UCwZo_mDI4fOIp-g18kinGBw,IHxb00NDLgQ,Luka Doncic Quit On Mavs? Warriors Trade For Jimmy Butler!? Run It Back LIVE! | 12.11.2024,2024-12-12T04:01:54Z,2024-12-11T14:58:46Z,2024-12-11T15:56:14Z,2024-12-11T15:00:00Z,2024-12-11T09:58:46-05:00,Wed,9,2868,3028,55,13,https://youtu.be/IHxb00NDLgQ
Run It Back,UCwZo_mDI4fOIp-g18kinGBw,FXQV_mcd2bM,Best Knicks Duo EVER!? NBA Cup Quarterfinals Preview! Run It Back LIVE! | 12.10.2024,2024-12-11T04:07:48Z,2024-12-10T14:58:31Z,2024-12-10T15:56:18Z,2024-12-10T15:00:00Z,2024-12-10T09:58:31-05:00,Tue,9,2870,1906,37,5,https://youtu.be/FXQV_mcd2bM
Run It Back,UCwZo_mDI4fOIp-g18kinGBw,zb7QTbEwe1c,Draymond Green Benched!? Nuggets Slipping! Run It Back LIVE! | 12.9.2024,2024-12-10T04:05:33Z,2024-12-09T14:58:31Z,2024-12-09T15:56:17Z,2024-12-09T15:00:00Z,2024-12-09T09:58:31-05:00,Mon,9,2876,3048,47,14,https://youtu.be/zb7QTbEwe1c
Run It Back,UCwZo_mDI4fOIp-g18kinGBw,fWJH07sURvQ,Rockets Trade Incoming!? Cavs Statement Game! Run It Back LIVE! | 12.6.2024,2024-12-07T04:19:35Z,2024-12-06T14:58:41Z,2024-12-06T15:56:10Z,2024-12-06T15:00:00Z,2024-12-06T09:58:41-05:00,Fri,9,2882,3919,60,13,https://youtu.be/fWJH07sURvQ
Run It Back,UCwZo_mDI4fOIp-g18kinGBw,nbEPc5UHhbU,"Lakers Falling Apart, Warriors Break Losing Streak!? Run It Back LIVE! | 12.5.2024",2024-12-06T03:59:45Z,2024-12-05T14:58:51Z,2024-12-05T15:56:10Z,2024-12-05T15:00:00Z,2024-12-05T09:58:51-05:00,Thu,9,2877,2897,46,6,https://youtu.be/nbEPc5UHhbU
Run It Back,UCwZo_mDI4fOIp-g18kinGBw,jwTqZbyz3Yk,"KAT & Wagner BEEF, Suns Lose Durant AGAIN! Run It Back LIVE! | 12.4.2024",2024-12-05T04:09:10Z,2024-12-04T14:58:31Z,2024-12-04T15:56:16Z,2024-12-04T15:00:00Z,2024-12-04T09:58:31-05:00,Wed,9,2869,2797,45,5,https://youtu.be/jwTqZbyz3Yk
Run It Back,UCwZo_mDI4fOIp-g18kinGBw,GCF54AgZJRs,Anthony Edwards Calls Wolves Soft! Wizards Winless November! Run It Back LIVE! | 12.02.2024,2024-12-03T04:03:11Z,2024-12-02T14:58:31Z,2024-12-02T15:56:12Z,2024-12-02T15:00:00Z,2024-12-02T09:58:31-05:00,Mon,9,2869,2377,45,10,https://youtu.be/GCF54AgZJRs
Run It Back,UCwZo_mDI4fOIp-g18kinGBw,BWTLUwULe6o,Durant SHINES in Return!! Biggest Lakers ISSUE!? Run It Back LIVE! | 11.27.2024,2024-11-28T04:17:18Z,2024-11-27T15:00:21Z,2024-11-27T15:56:17Z,2024-11-27T15:00:00Z,2024-11-27T10:00:21-05:00,Wed,10,2859,3110,54,12,https://youtu.be/BWTLUwULe6o
Run It Back,UCwZo_mDI4fOIp-g18kinGBw,_vYV4C72b78,Durant & Beal Return! Coach CALLS OUT Nuggets!! Run It Back LIVE! | 11.26.2024,2024-11-27T04:03:18Z,2024-11-26T14:58:31Z,2024-11-26T15:56:16Z,2024-11-26T15:00:00Z,2024-11-26T09:58:31-05:00,Tue,9,2864,2617,50,9,https://youtu.be/_vYV4C72b78
Run It Back,UCwZo_mDI4fOIp-g18kinGBw,VYkg5iayACo,Sixers Move On From Embiid & Wolves In Trouble!?! Run It Back LIVE! | 11.25.2024,2024-11-26T04:09:57Z,2024-11-25T14:58:31Z,2024-11-25T15:56:16Z,2024-11-25T15:00:00Z,2024-11-25T09:58:31-05:00,Mon,9,2862,13733,61,12,https://youtu.be/VYkg5iayACo
Run It Back,UCwZo_mDI4fOIp-g18kinGBw,mUpwHYo6xfw,Lakers Lose Heartbreaker! Trouble in Minnesota!? Run It Back LIVE! | 11.22.2024,2024-11-23T04:15:49Z,2024-11-22T14:58:46Z,2024-11-22T15:56:19Z,2024-11-22T15:00:00Z,2024-11-22T09:58:46-05:00,Fri,9,2863,2434,46,7,https://youtu.be/mUpwHYo6xfw
Run It Back,UCwZo_mDI4fOIp-g18kinGBw,y6cnI-pFbe8,Embiid Called Out! Lakers Rookie's Record Night! Run It Back LIVE! | 11.20.2024,2024-11-21T04:06:30Z,2024-11-20T14:58:36Z,2024-11-20T15:56:07Z,2024-11-20T15:00:00Z,2024-11-20T09:58:36-05:00,Wed,9,2860,3254,62,2,https://youtu.be/y6cnI-pFbe8
Run It Back,UCwZo_mDI4fOIp-g18kinGBw,9EbG-U0tZH4,Cavs Make It 16-0 vs Celtics!? Lakers 5 Game Win Streak! Run It Back LIVE! | 11.19.2024,2024-11-20T04:09:39Z,2024-11-19T14:58:36Z,2024-11-19T15:56:15Z,2024-11-19T15:00:00Z,2024-11-19T09:58:36-05:00,Tue,9,2869,1980,51,4,https://youtu.be/9EbG-U0tZH4
Run It Back,UCwZo_mDI4fOIp-g18kinGBw,ZaNsOiS6dT8,Wemby vs Anthony Davis!! 👀 Warriors For Real!? Run It Back LIVE! | 11.15.2024,2024-11-16T04:00:45Z,2024-11-15T14:58:41Z,2024-11-15T15:56:09Z,2024-11-15T15:00:00Z,2024-11-15T09:58:41-05:00,Fri,9,2862,2778,40,6,https://youtu.be/ZaNsOiS6dT8
Run It Back,UCwZo_mDI4fOIp-g18kinGBw,zHzyebWqaXE,Wemby Career High! Giannis DOMINATES with 59 Points! Run It Back LIVE! | 11.14.2024,2024-11-15T04:06:27Z,2024-11-14T14:59:08Z,2024-11-14T15:56:11Z,2024-11-14T15:00:00Z,2024-11-14T09:59:08-05:00,Thu,9,2857,2981,67,7,https://youtu.be/zHzyebWqaXE
Run It Back,UCwZo_mDI4fOIp-g18kinGBw,UNjnQMvT_Ns,"Steph Spoils Klay's Return, Embiid's Disappointing Debut! Run It Back LIVE! | 11.13.2024",2024-11-14T04:00:38Z,2024-11-13T14:58:41Z,2024-11-13T15:56:18Z,2024-11-13T15:00:00Z,2024-11-13T09:58:41-05:00,Wed,9,2860,2647,50,5,https://youtu.be/UNjnQMvT_Ns
Run It Back,UCwZo_mDI4fOIp-g18kinGBw,-hGvQT2N7Fc,Jaylen & Giannis BEEF! Warriors BEST in West! Run It Back LIVE! | 11.11.2024,2024-11-12T04:08:08Z,2024-11-11T14:58:31Z,2024-11-11T15:56:13Z,2024-11-11T15:00:00Z,2024-11-11T09:58:31-05:00,Mon,9,2854,3321,45,13,https://youtu.be/-hGvQT2N7Fc
Run It Back,UCwZo_mDI4fOIp-g18kinGBw,7H6C6-mKjNQ,Are Sixers Cooked!? Bronny to G League! Run It Back LIVE! | 11.08.2024,2024-11-09T04:02:22Z,2024-11-08T14:58:36Z,2024-11-08T15:56:08Z,2024-11-08T15:00:00Z,2024-11-08T09:58:36-05:00,Fri,9,2853,2865,52,3,https://youtu.be/7H6C6-mKjNQ
Run It Back,UCwZo_mDI4fOIp-g18kinGBw,pNZUKFrFcJM,Embiid Suspension & Tatum Revenge Game Coming!? Run It Back LIVE! | 11.06.2024,2024-11-07T04:10:42Z,2024-11-06T14:58:26Z,2024-11-06T15:56:06Z,2024-11-06T15:00:00Z,2024-11-06T09:58:26-05:00,Wed,9,2868,2033,38,2,https://youtu.be/pNZUKFrFcJM
Run It Back,UCwZo_mDI4fOIp-g18kinGBw,2T07ba_xSXE,"Lakers In Trouble, Time To Panic For Bucks!?!? | Run It Back LIVE! | 11.05.2024",2024-11-06T04:06:45Z,2024-11-05T14:58:39Z,2024-11-05T15:56:07Z,2024-11-05T15:00:00Z,2024-11-05T09:58:39-05:00,Tue,9,2856,3032,52,8,https://youtu.be/2T07ba_xSXE
Run It Back,UCwZo_mDI4fOIp-g18kinGBw,QWhNC-vOMIo,"Embiid Shoves Reporter, Drake & DeRozan Beef! Run It Back LIVE! | 11.04.2024",2024-11-05T04:02:10Z,2024-11-04T14:58:31Z,2024-11-04T15:56:16Z,2024-11-04T15:00:00Z,2024-11-04T09:58:31-05:00,Mon,9,2861,3103,63,9,https://youtu.be/QWhNC-vOMIo
Run It Back,UCwZo_mDI4fOIp-g18kinGBw,YaoFBCPhRU4,Bucks Trading Giannis?!? Wemby Quad-Double Coming? Run It Back LIVE! | 11.01.2024,2024-11-02T03:07:10Z,2024-11-01T13:58:41Z,2024-11-01T14:56:13Z,2024-11-01T14:00:00Z,2024-11-01T09:58:41-04:00,Fri,9,2868,3387,58,7,https://youtu.be/YaoFBCPhRU4
Run It Back,UCwZo_mDI4fOIp-g18kinGBw,oW63Nvq-aQ0,"Bronny Plays in Cleveland, What's Wrong With Wemby? Run It Back LIVE! | 10.31.2024",2024-11-01T03:10:10Z,2024-10-31T13:58:51Z,2024-10-31T14:56:46Z,2024-10-31T14:00:00Z,2024-10-31T09:58:51-04:00,Thu,9,3231,2136,49,6,https://youtu.be/oW63Nvq-aQ0
Run It Back,UCwZo_mDI4fOIp-g18kinGBw,yIUMmCiIuPM,Mistake Playing Bronny vs Cavs? Danny Green Joins Run It Back LIVE! | 10.30.2024,2024-10-31T03:16:20Z,2024-10-30T13:58:36Z,2024-10-30T14:56:16Z,2024-10-30T14:00:00Z,2024-10-30T09:58:36-04:00,Wed,9,3198,1820,41,8,https://youtu.be/yIUMmCiIuPM
Run It Back,UCwZo_mDI4fOIp-g18kinGBw,rMyvG9D4f-g,JJ to Blame for Lakers Loss? Would Bucks Trade Giannis? Run It Back LIVE! | 10.29.2024,2024-10-30T03:02:45Z,2024-10-29T13:58:56Z,2024-10-29T14:55:00Z,2024-10-29T14:00:00Z,2024-10-29T09:58:56-04:00,Tue,9,3210,3938,58,7,https://youtu.be/rMyvG9D4f-g
Run It Back,UCwZo_mDI4fOIp-g18kinGBw,8Gbn9B3vq8s,"Dwyane Wade Statue Fail, Lakers Best In West? & More on Run It Back LIVE! | 10.28.2024",2024-10-29T03:03:06Z,2024-10-28T13:59:11Z,2024-10-28T14:56:18Z,2024-10-28T14:00:00Z,2024-10-28T09:59:11-04:00,Mon,9,3108,2794,40,4,https://youtu.be/8Gbn9B3vq8s
Run It Back,UCwZo_mDI4fOIp-g18kinGBw,OG6n0wDENy0,"Nike Historian Scott Reames on ""AIR"" Got Everything Wrong & LeBron Signing with Nike Story!",2024-10-25T18:00:05Z,2024-10-25T18:00:05Z,2024-10-25T18:15:04Z,2024-10-25T18:00:00Z,2024-10-25T14:00:05-04:00,Fri,14,755,1052,10,6,https://youtu.be/OG6n0wDENy0
Run It Back,UCwZo_mDI4fOIp-g18kinGBw,M9DKVXIyOEM,Rafer Alston & Sam Eliad Talk And1 Streetball Impact on NBA & NYC Point Gods!,2024-10-25T16:00:05Z,2024-10-25T16:00:05Z,2024-10-25T16:17:10Z,2024-10-25T16:00:00Z,2024-10-25T12:00:05-04:00,Fri,12,889,405,8,1,https://youtu.be/M9DKVXIyOEM
Run It Back,UCwZo_mDI4fOIp-g18kinGBw,__jADTredJU,"Walt Frazier Calls BS on BEST Knicks Starting 5, Jalen Brunson Top 5 Knicks?",2024-10-25T14:00:05Z,2024-10-25T14:00:05Z,2024-10-25T14:24:01Z,2024-10-25T14:00:00Z,2024-10-25T10:00:05-04:00,Fri,10,1308,6297,128,24,https://youtu.be/__jADTredJU
Run It Back,UCwZo_mDI4fOIp-g18kinGBw,usKh_5yidaQ,Paul Scheer Joins Run It Back LIVE! | 10.24.2024,2024-10-25T03:04:11Z,2024-10-24T13:59:01Z,2024-10-24T14:56:15Z,2024-10-24T14:00:00Z,2024-10-24T09:59:01-04:00,Thu,9,3019,981,17,1,https://youtu.be/usKh_5yidaQ
Run It Back,UCwZo_mDI4fOIp-g18kinGBw,LTRQYb_DQZo,Bassist & Lakers Super Fan Flea Joins Run It Back LIVE! | 10.23.2024,2024-10-24T03:18:31Z,2024-10-23T13:58:16Z,2024-10-23T14:56:14Z,2024-10-23T14:00:00Z,2024-10-23T09:58:16-04:00,Wed,9,2978,2029,21,15,https://youtu.be/LTRQYb_DQZo
Run It Back,UCwZo_mDI4fOIp-g18kinGBw,0hhmwlbmItQ,Comedian & Knicks Fan Sam Morril & NBA Opening Night | Run It Back LIVE! | 10.22.2024,2024-10-23T03:05:01Z,2024-10-22T13:58:31Z,2024-10-22T14:56:14Z,2024-10-22T14:00:00Z,2024-10-22T09:58:31-04:00,Tue,9,3002,1413,27,3,https://youtu.be/0hhmwlbmItQ
Run It Back,UCwZo_mDI4fOIp-g18kinGBw,Qa601XvDP_A,Vince Carter Recaps His Hall of Fame Enshrinement Weekend & More! | 10.21.2024,2024-10-22T03:10:39Z,2024-10-21T13:57:56Z,2024-10-21T14:56:16Z,2024-10-21T14:00:00Z,2024-10-21T09:57:56-04:00,Mon,9,3009,1754,42,4,https://youtu.be/Qa601XvDP_A
Run It Back,UCwZo_mDI4fOIp-g18kinGBw,Qf6qv2bRyeQ,Mistake Extending Kawhi Leonard? & More on Run It Back LIVE! | 10.18.2024,2024-10-19T03:07:39Z,2024-10-18T13:57:16Z,2024-10-18T14:56:17Z,2024-10-18T14:00:00Z,2024-10-18T09:57:16-04:00,Fri,9,2857,5905,90,12,https://youtu.be/Qf6qv2bRyeQ
Run It Back,UCwZo_mDI4fOIp-g18kinGBw,jlgHHYgpHQo,Ryen Russillo & Napheesa Collier Join Run It Back LIVE! | 10.17.2024,2024-10-18T03:04:00Z,2024-10-17T13:57:16Z,2024-10-17T14:56:15Z,2024-10-17T14:00:00Z,2024-10-17T09:57:16-04:00,Thu,9,2871,1782,38,5,https://youtu.be/jlgHHYgpHQo
Run It Back,UCwZo_mDI4fOIp-g18kinGBw,pfM89PkvJl4,Phoenix Suns Point Guard Tyus Jones Joins Run It Back LIVE! | 10.16.2024,2024-10-17T03:02:04Z,2024-10-16T13:58:11Z,2024-10-16T14:56:20Z,2024-10-16T14:00:00Z,2024-10-16T09:58:11-04:00,Wed,9,2889,1589,35,7,https://youtu.be/pfM89PkvJl4
Run It Back,UCwZo_mDI4fOIp-g18kinGBw,TQAEIX65n6A,DeMarcus Cousins Joins Run It Back LIVE! | 10.15.2024,2024-10-16T03:15:46Z,2024-10-15T13:58:28Z,2024-10-15T14:56:19Z,2024-10-15T14:00:00Z,2024-10-15T09:58:28-04:00,Tue,9,2883,1878,33,5,https://youtu.be/TQAEIX65n6A
Run It Back,UCwZo_mDI4fOIp-g18kinGBw,3GhsfpiEDLE,Impact of Offseason NBA Signings - Run It Back LIVE! | 10.14.2024,2024-10-15T03:04:20Z,2024-10-14T13:56:12Z,2024-10-14T14:56:17Z,2024-10-14T14:00:00Z,2024-10-14T09:56:12-04:00,Mon,9,2778,2628,38,3,https://youtu.be/3GhsfpiEDLE
The Draymond Green Show,UCBNqqomXKPSWvcQDXOkRvRA,JeRrEgtDztE,Kevin Durant TRADED to ROCKETS?! Draymond & Baron React to NBA offseason chaos + SGA new NBA face?,2025-06-26T16:00:05Z,2025-06-26T16:00:05Z,2025-06-26T17:06:45Z,2025-06-26T16:00:00Z,2025-06-26T12:00:05-04:00,Thu,12,3873,58116,935,170,https://youtu.be/JeRrEgtDztE
The Draymond Green Show,UCBNqqomXKPSWvcQDXOkRvRA,g1y3utuY2XI,"Draymond & Mo Williams REACT: Shai Gilgeous-Alexander & Thunder win, Pacers NBA Finals collapse",2025-06-14T05:25:57Z,2025-06-14T03:37:51Z,2025-06-14T05:09:10Z,2025-06-14T03:30:00Z,2025-06-13T23:37:51-04:00,Fri,23,5485,18581,400,39,https://youtu.be/g1y3utuY2XI
The Draymond Green Show,UCBNqqomXKPSWvcQDXOkRvRA,XMRPIqp7v0g,"Metta REACTS to Pacers-Thunder, SGA needs Kobe's mindset & next Knicks head coach | Draymond & Baron",2025-06-12T05:39:37Z,2025-06-12T03:44:21Z,2025-06-12T05:30:44Z,2025-06-12T03:45:00Z,2025-06-11T23:44:21-04:00,Wed,23,6145,37097,748,89,https://youtu.be/XMRPIqp7v0g
The Draymond Green Show,UCBNqqomXKPSWvcQDXOkRvRA,BfVxzHQy4ZI,Tyrese Haliburton game-winner REACTION: Pacers-Thunder Game 1 w/ Shaun Livingston | Draymond & Baron,2025-06-06T05:16:28Z,2025-06-06T03:34:46Z,2025-06-06T05:06:34Z,2025-06-06T03:30:00Z,2025-06-05T23:34:46-04:00,Thu,23,5137,67762,1488,160,https://youtu.be/BfVxzHQy4ZI
The Draymond Green Show,UCBNqqomXKPSWvcQDXOkRvRA,qAhTFkfBHR8,"Steph Curry injury update, LeBron vs. Stephen A. beef & Harden-Wade debate | Draymond & Baron",2025-03-28T16:15:06Z,2025-03-28T16:15:06Z,2025-03-28T17:15:44Z,2025-03-28T16:15:00Z,2025-03-28T12:15:06-04:00,Fri,12,3562,47375,887,217,https://youtu.be/qAhTFkfBHR8
The Draymond Green Show,UCBNqqomXKPSWvcQDXOkRvRA,9Ph-SnSecqk,"Ernie Johnson on ICONIC LeBron moment, face of NBA debate, Inside the NBA stories | Draymond & Baron",2025-03-07T17:00:06Z,2025-03-07T17:00:06Z,2025-03-07T18:06:09Z,2025-03-07T17:00:00Z,2025-03-07T12:00:06-05:00,Fri,12,3880,37100,1202,132,https://youtu.be/9Ph-SnSecqk
The Draymond Green Show,UCBNqqomXKPSWvcQDXOkRvRA,xiaHCaBnCGM,"Kevin Durant on Warriors-Suns trade veto, Steph Curry & BEST NBA era | Draymond Green & Baron Davis",2025-02-26T15:00:06Z,2025-02-26T15:00:06Z,2025-02-26T16:04:14Z,2025-02-26T15:00:00Z,2025-02-26T10:00:06-05:00,Wed,10,3788,307079,8551,895,https://youtu.be/xiaHCaBnCGM
The Draymond Green Show,UCBNqqomXKPSWvcQDXOkRvRA,baoJyvbpfTo,"Tim Hardaway Sr. on Heat suspending Jimmy Butler, LeBron vs. MJ & Top 5 Warriors | Draymond & Baron",2025-01-28T19:30:06Z,2025-01-28T19:30:06Z,2025-01-28T20:40:41Z,2025-01-28T19:30:00Z,2025-01-28T14:30:06-05:00,Tue,14,4150,14554,373,45,https://youtu.be/baoJyvbpfTo
The Draymond Green Show,UCBNqqomXKPSWvcQDXOkRvRA,sEjee8TPxBM,"Darius Garland on Cavaliers NBA title chase, Donovan Mitchell, D-Rose influence | Draymond & Baron",2025-01-20T15:00:06Z,2025-01-20T15:00:06Z,2025-01-20T16:05:31Z,2025-01-20T15:00:00Z,2025-01-20T10:00:06-05:00,Mon,10,3782,28636,830,118,https://youtu.be/sEjee8TPxBM
The Draymond Green Show,UCBNqqomXKPSWvcQDXOkRvRA,KkOOjTqByzs,"Dray's WWE move vs. Lakers, Steph & Warriors drama + NBA MVP race | Draymond Green & Baron Davis",2025-01-09T20:00:06Z,2025-01-09T20:00:06Z,2025-01-09T21:07:15Z,2025-01-09T20:00:00Z,2025-01-09T15:00:06-05:00,Thu,15,3891,17457,373,74,https://youtu.be/KkOOjTqByzs
The Draymond Green Show,UCBNqqomXKPSWvcQDXOkRvRA,GzoPWoQGa20,"Ty Lue on LeBron's Cavs, Kobe & Shaq Lakers, Kawhi & Clippers | Draymond Green & Baron Davis",2024-12-30T17:00:06Z,2024-12-30T17:00:06Z,2024-12-30T18:47:19Z,2024-12-30T17:00:00Z,2024-12-30T12:00:06-05:00,Mon,12,6365,45370,886,90,https://youtu.be/GzoPWoQGa20
The Draymond Green Show,UCBNqqomXKPSWvcQDXOkRvRA,95Ww4iChd9M,"Penny Hardaway on Michael Jordan & Steph Curry, Shaq-Magic split, coaching Memphis | Draymond Green",2024-12-19T18:00:06Z,2024-12-19T18:00:06Z,2024-12-19T19:15:15Z,2024-12-19T18:00:00Z,2024-12-19T13:00:06-05:00,Thu,13,4379,32206,754,130,https://youtu.be/95Ww4iChd9M
The Draymond Green Show,UCBNqqomXKPSWvcQDXOkRvRA,2bQbEGGiIrA,"De’Aaron Fox on Kings contract, NBA Playoffs vs. Warriors, Steph Curry shoe deal | Draymond Green",2024-12-17T17:00:06Z,2024-12-17T17:00:06Z,2024-12-17T17:59:08Z,2024-12-17T17:00:00Z,2024-12-17T12:00:06-05:00,Tue,12,3407,33619,720,84,https://youtu.be/2bQbEGGiIrA
The Draymond Green Show,UCBNqqomXKPSWvcQDXOkRvRA,uyviKTgB4QU,Norman Powell reacts to Draymond’s NIGHT NIGHT celly vs. Rudy Gobert + funny Kawhi Raptors stories,2024-12-10T18:15:06Z,2024-12-10T18:15:06Z,2024-12-10T19:35:46Z,2024-12-10T18:15:00Z,2024-12-10T13:15:06-05:00,Tue,13,4703,27231,583,100,https://youtu.be/uyviKTgB4QU
The Draymond Green Show,UCBNqqomXKPSWvcQDXOkRvRA,EaLJnqTxaaw,Draymond Green & Baron Davis on Golden State Warriors losing skid + Nets guard Cam Thomas interview,2024-11-27T19:00:06Z,2024-11-27T19:00:06Z,2024-11-27T20:36:48Z,2024-11-27T19:00:00Z,2024-11-27T14:00:06-05:00,Wed,14,5728,26590,552,126,https://youtu.be/EaLJnqTxaaw
The Draymond Green Show,UCBNqqomXKPSWvcQDXOkRvRA,axgaiSD-jMM,"Rajon Rondo on Celtics & Lakers Championship runs, LeBron & KG stories | Draymond Green Show",2024-11-21T16:00:06Z,2024-11-21T16:00:06Z,2024-11-21T16:59:18Z,2024-11-21T16:00:00Z,2024-11-21T11:00:06-05:00,Thu,11,3418,69583,1569,146,https://youtu.be/axgaiSD-jMM
The Draymond Green Show,UCBNqqomXKPSWvcQDXOkRvRA,nLFw3kTUbwg,"Moses Moody on funny Steph Curry stories, playing defense with Draymond Green & Warriors Finals run",2024-11-08T18:00:06Z,2024-11-08T18:00:06Z,2024-11-08T19:15:21Z,2024-11-08T18:00:00Z,2024-11-08T13:00:06-05:00,Fri,13,4375,55030,1639,163,https://youtu.be/nLFw3kTUbwg
The Draymond Green Show,UCBNqqomXKPSWvcQDXOkRvRA,WuRHOMfZ1pg,"Draymond & Baron on Warriors-Pelicans, battling Zion Williamson, Kuminga story overblown, NBA fights",2024-10-31T17:00:07Z,2024-10-31T17:00:07Z,2024-10-31T17:54:28Z,2024-10-31T17:00:00Z,2024-10-31T13:00:07-04:00,Thu,13,3143,36832,1139,125,https://youtu.be/WuRHOMfZ1pg
The Draymond Green Show,UCBNqqomXKPSWvcQDXOkRvRA,zYSYFZeY2sk,"Draymond Green on Steph Curry injury, Dwyane Wade's Heat statue, Baron Davis runs into JJ Redick",2024-10-29T17:00:06Z,2024-10-29T17:00:06Z,2024-10-29T18:18:13Z,2024-10-29T17:00:00Z,2024-10-29T13:00:06-04:00,Tue,13,4604,25345,719,94,https://youtu.be/zYSYFZeY2sk
The Draymond Green Show,UCBNqqomXKPSWvcQDXOkRvRA,PSEc-MSnIi4,"Dray's tech vs. Blazers, Embiid sitting for 76ers, Warriors deepest NBA team? | Draymond Green Show",2024-10-25T17:00:06Z,2024-10-25T17:00:06Z,2024-10-25T18:22:53Z,2024-10-25T17:00:00Z,2024-10-25T13:00:06-04:00,Fri,13,4832,30018,789,119,https://youtu.be/PSEc-MSnIi4
The Draymond Green Show,UCBNqqomXKPSWvcQDXOkRvRA,Dz6mg-sNoSw,"Draymond Green & NEW CO-HOST Baron Davis on 2024 Warriors, Steph Curry's Olympics, Klay to Mavericks",2024-10-22T14:00:06Z,2024-10-22T14:00:06Z,2024-10-22T15:45:48Z,2024-10-22T14:00:00Z,2024-10-22T10:00:06-04:00,Tue,10,6170,55245,1459,192,https://youtu.be/Dz6mg-sNoSw
The Draymond Green Show,UCBNqqomXKPSWvcQDXOkRvRA,WGzoMnZi_vM,"DeMarcus Cousins on ""sh**hole"" Kings, Warriors stories, his unfair reputation | Draymond Green Show",2024-08-21T13:00:07Z,2024-08-21T13:00:07Z,2024-08-21T14:09:01Z,2024-08-21T13:00:00Z,2024-08-21T09:00:07-04:00,Wed,9,4015,74536,1541,184,https://youtu.be/WGzoMnZi_vM
The Draymond Green Show,UCBNqqomXKPSWvcQDXOkRvRA,tZ8e_1WOAbM,"Sam Cassell on Hakeem Olajuwon’s greatness, Rajon Rondo’s genius, NBA head coaching | Draymond Green",2024-08-15T13:00:07Z,2024-08-15T13:00:07Z,2024-08-15T13:46:01Z,2024-08-15T13:00:00Z,2024-08-15T09:00:07-04:00,Thu,9,2635,57951,1337,193,https://youtu.be/tZ8e_1WOAbM
The Draymond Green Show,UCBNqqomXKPSWvcQDXOkRvRA,hvzyPNL0_S0,"Kentavious Caldwell-Pope on wild NBA Bubble stories, LeBron James lessons on Lakers | Draymond Green",2024-07-24T13:00:07Z,2024-07-24T13:00:07Z,2024-07-24T14:05:48Z,2024-07-24T13:00:00Z,2024-07-24T09:00:07-04:00,Wed,9,3822,61451,1253,139,https://youtu.be/hvzyPNL0_S0
The Draymond Green Show,UCBNqqomXKPSWvcQDXOkRvRA,o0g1nkc-Uhs,"Jeff Teague on Jimmy Butler's “wild” T’Wolves era, guarding Steph Curry, Club 520 | Draymond Green",2024-07-18T13:00:07Z,2024-07-18T13:00:07Z,2024-07-18T14:00:50Z,2024-07-18T13:00:00Z,2024-07-18T09:00:07-04:00,Thu,9,3525,315799,8241,649,https://youtu.be/o0g1nkc-Uhs
The Draymond Green Show,UCBNqqomXKPSWvcQDXOkRvRA,rxJ_gkcbbtk,"Baron Davis on Kobe vs. Linsanity, “We Believe” Warriors, Clippers drama | Draymond Green Show",2024-07-11T13:00:08Z,2024-07-11T13:00:08Z,2024-07-11T14:28:44Z,2024-07-11T13:00:00Z,2024-07-11T09:00:08-04:00,Thu,9,5199,99037,1938,226,https://youtu.be/rxJ_gkcbbtk
Gil's Arena,UCAvjYgmwadC682OoC4Cc6TQ,fgSkpsc1iMc,Giannis Trade Reaction & NBA Draft WATCH PARTY!!!,2026-06-24T01:52:34Z,2026-06-23T23:06:41Z,2026-06-24T01:39:24Z,2026-06-23T23:00:00Z,2026-06-23T19:06:41-04:00,Tue,19,9156,102197,1609,152,https://youtu.be/fgSkpsc1iMc
Gil's Arena,UCAvjYgmwadC682OoC4Cc6TQ,uTwIkeaP2BU,Gil's Arena Predicts The BIGGEST Moves Of The Offseason,2026-06-17T20:41:30Z,2026-06-17T18:36:56Z,2026-06-17T20:35:07Z,2026-06-17T18:30:00Z,2026-06-17T14:36:56-04:00,Wed,14,7085,171934,2648,856,https://youtu.be/uTwIkeaP2BU
Gil's Arena,UCAvjYgmwadC682OoC4Cc6TQ,tL14g3lAjXY,Gil's Arena Debates What's Next For The Knicks & Spurs,2026-06-16T20:42:04Z,2026-06-16T18:35:31Z,2026-06-16T20:35:05Z,2026-06-16T18:30:00Z,2026-06-16T14:35:31-04:00,Tue,14,7176,122791,2018,349,https://youtu.be/tL14g3lAjXY
Gil's Arena,UCAvjYgmwadC682OoC4Cc6TQ,1Vah4hXjbM8,Gil's Arena CELEBRATES The Knicks NBA Championship,2026-06-15T20:48:19Z,2026-06-15T18:38:51Z,2026-06-15T20:42:13Z,2026-06-15T18:30:00Z,2026-06-15T14:38:51-04:00,Mon,14,7406,178207,3427,806,https://youtu.be/1Vah4hXjbM8
Gil's Arena,UCAvjYgmwadC682OoC4Cc6TQ,sEjADg7ztis,New York Knicks Championship WATCH PARTY!!!,2026-06-14T05:14:28Z,2026-06-14T00:40:11Z,2026-06-14T03:35:01Z,2026-06-14T00:30:00Z,2026-06-13T20:40:11-04:00,Sat,20,10490,126087,2248,382,https://youtu.be/sEjADg7ztis
Gil's Arena,UCAvjYgmwadC682OoC4Cc6TQ,Tgy7yKRFCec,The Knicks' UNBELIEVABLE Comeback STUNS Gil's Arena,2026-06-11T20:44:19Z,2026-06-11T18:38:46Z,2026-06-11T20:38:09Z,2026-06-11T18:30:00Z,2026-06-11T14:38:46-04:00,Thu,14,7175,227269,3788,988,https://youtu.be/Tgy7yKRFCec
Gil's Arena,UCAvjYgmwadC682OoC4Cc6TQ,zk7ec7hhv9s,Knicks Vs Spurs NBA Finals Game 4 WATCH PARTY!!!,2026-06-11T03:55:17Z,2026-06-11T00:39:21Z,2026-06-11T03:37:24Z,2026-06-11T00:30:00Z,2026-06-10T20:39:21-04:00,Wed,20,10670,93192,1694,310,https://youtu.be/zk7ec7hhv9s
Gil's Arena,UCAvjYgmwadC682OoC4Cc6TQ,XVCqdSx9574,Gil's Arena Previews Game 4 Of The NBA Finals,2026-06-10T20:44:12Z,2026-06-10T18:30:21Z,2026-06-10T20:38:59Z,2026-06-10T18:30:00Z,2026-06-10T14:30:21-04:00,Wed,14,7685,109970,1908,315,https://youtu.be/XVCqdSx9574
Gil's Arena,UCAvjYgmwadC682OoC4Cc6TQ,Sp39XsqM654,The Spurs HOSTILE Bounce Back IGNITES Gil's Arena,2026-06-09T20:50:49Z,2026-06-09T18:32:26Z,2026-06-09T20:45:15Z,2026-06-09T18:30:00Z,2026-06-09T14:32:26-04:00,Tue,14,7546,180804,3001,842,https://youtu.be/Sp39XsqM654
Gil's Arena,UCAvjYgmwadC682OoC4Cc6TQ,UbR1oyAab5o,Knicks Vs Spurs NBA Finals Game 3 WATCH PARTY!!!,2026-06-09T04:31:18Z,2026-06-09T00:37:16Z,2026-06-09T03:32:02Z,2026-06-09T00:30:00Z,2026-06-08T20:37:16-04:00,Mon,20,10500,55575,809,142,https://youtu.be/UbR1oyAab5o
Gil's Arena,UCAvjYgmwadC682OoC4Cc6TQ,yppK65YUmaY,Spurs Vs Knicks NBA Finals Game 2 WATCH PARTY!,2026-06-06T03:56:12Z,2026-06-06T00:42:06Z,2026-06-06T03:27:18Z,2026-06-06T00:15:00Z,2026-06-05T20:42:06-04:00,Fri,20,9905,112183,1894,256,https://youtu.be/yppK65YUmaY
Gil's Arena,UCAvjYgmwadC682OoC4Cc6TQ,fpoHBsW3HoA,Knicks STEALING Game 1 in San Antonio STUNS The Arena,2026-06-04T20:41:57Z,2026-06-04T18:33:56Z,2026-06-04T20:37:02Z,2026-06-04T18:30:00Z,2026-06-04T14:33:56-04:00,Thu,14,7380,198246,3442,1058,https://youtu.be/fpoHBsW3HoA
Gil's Arena,UCAvjYgmwadC682OoC4Cc6TQ,DW3zGewDkP4,Spurs Vs Knicks NBA Finals Game 1 WATCH PARTY!,2026-06-04T03:54:49Z,2026-06-04T00:40:31Z,2026-06-04T03:17:11Z,2026-06-04T00:15:00Z,2026-06-03T20:40:31-04:00,Wed,20,9415,88907,1685,136,https://youtu.be/DW3zGewDkP4
Gil's Arena,UCAvjYgmwadC682OoC4Cc6TQ,D6qh8vcx6Bs,A Spurs vs Knicks NBA Finals ERUPTS The Arena,2026-06-01T20:36:51Z,2026-06-01T18:34:56Z,2026-06-01T20:30:38Z,2026-06-01T18:30:00Z,2026-06-01T14:34:56-04:00,Mon,14,6956,274530,5065,1577,https://youtu.be/D6qh8vcx6Bs
Gil's Arena,UCAvjYgmwadC682OoC4Cc6TQ,86NL6XTPOBU,Giants Locker room DRAMA DIVIDES The Arena,2026-05-29T20:58:41Z,2026-05-29T18:34:12Z,2026-05-29T20:34:56Z,2026-05-29T18:30:00Z,2026-05-29T14:34:12-04:00,Fri,14,7241,75963,1347,269,https://youtu.be/86NL6XTPOBU
Gil's Arena,UCAvjYgmwadC682OoC4Cc6TQ,lwGsHB6Aldg,The Cleveland Cavaliers NEED To BLOW IT UP!!!,2026-05-28T20:50:11Z,2026-05-28T18:37:11Z,2026-05-28T20:45:10Z,2026-05-28T18:30:00Z,2026-05-28T14:37:11-04:00,Thu,14,7689,141386,2309,734,https://youtu.be/lwGsHB6Aldg
Gil's Arena,UCAvjYgmwadC682OoC4Cc6TQ,ZWOH5Mq9RrI,SGA & The OKC Thunder's BIG Win TRIGGERS Gil's Arena,2026-05-27T20:50:47Z,2026-05-27T18:36:56Z,2026-05-27T20:44:13Z,2026-05-27T18:30:00Z,2026-05-27T14:36:56-04:00,Wed,14,7635,155182,2739,826,https://youtu.be/ZWOH5Mq9RrI
Gil's Arena,UCAvjYgmwadC682OoC4Cc6TQ,-nH51SGAx_w,The NBA Playoff's WILD Weekend LIGHTS UP Gil's Arena,2026-05-26T20:49:36Z,2026-05-26T18:35:26Z,2026-05-26T20:42:33Z,2026-05-26T18:30:00Z,2026-05-26T14:35:26-04:00,Tue,14,7640,178014,3305,693,https://youtu.be/-nH51SGAx_w
Gil's Arena,UCAvjYgmwadC682OoC4Cc6TQ,gNYDlUFm2n4,Deshaun Watson Is TAKING OVER The Browns' QB Battle,2026-05-22T21:09:42Z,2026-05-22T18:34:36Z,2026-05-22T20:26:42Z,2026-05-22T18:30:00Z,2026-05-22T14:34:36-04:00,Fri,14,6706,75112,1247,420,https://youtu.be/gNYDlUFm2n4
Gil's Arena,UCAvjYgmwadC682OoC4Cc6TQ,v4FaXAbNhFk,SGA's STATEMENT Game MYSTIFIES Gil's Arena,2026-05-21T20:32:38Z,2026-05-21T18:34:01Z,2026-05-21T20:26:12Z,2026-05-21T18:30:00Z,2026-05-21T14:34:01-04:00,Thu,14,6727,173719,3065,1385,https://youtu.be/v4FaXAbNhFk
Gil's Arena,UCAvjYgmwadC682OoC4Cc6TQ,sqyI3002hgk,The Knicks EPIC Game 1 Comeback FIRES UP Gil's Arena,2026-05-20T20:53:37Z,2026-05-20T18:34:56Z,2026-05-20T20:48:07Z,2026-05-20T18:30:00Z,2026-05-20T14:34:56-04:00,Wed,14,7985,191636,3225,706,https://youtu.be/sqyI3002hgk
Gil's Arena,UCAvjYgmwadC682OoC4Cc6TQ,R_F74sxyT6Y,Victor Wembanyama's MASTERPIECE Dazzles Gil's Arena,2026-05-19T20:54:45Z,2026-05-19T18:35:06Z,2026-05-19T20:48:44Z,2026-05-19T18:30:00Z,2026-05-19T14:35:06-04:00,Tue,14,8030,263271,4943,1048,https://youtu.be/R_F74sxyT6Y
Gil's Arena,UCAvjYgmwadC682OoC4Cc6TQ,jnEdGhoHipw,The RETURN Of Aaron Rodgers Makes The Arena CRASH OUT,2026-05-18T20:43:22Z,2026-05-18T18:31:01Z,2026-05-18T20:29:44Z,2026-05-18T18:30:00Z,2026-05-18T14:31:01-04:00,Mon,14,7136,68757,1213,278,https://youtu.be/jnEdGhoHipw
Gil's Arena,UCAvjYgmwadC682OoC4Cc6TQ,tfyUiO-JMfA,The NFL Schedule Release LIGHTS UP The Arena,2026-05-15T20:59:52Z,2026-05-15T18:32:16Z,2026-05-15T20:31:05Z,2026-05-15T18:30:00Z,2026-05-15T14:32:16-04:00,Fri,14,7140,77395,1445,199,https://youtu.be/tfyUiO-JMfA
Gil's Arena,UCAvjYgmwadC682OoC4Cc6TQ,w38tyAkGhyw,Skip's INSANE LeBron Take TORCHES Gil's Arena,2026-05-14T20:58:48Z,2026-05-14T18:30:31Z,2026-05-14T20:52:46Z,2026-05-14T18:30:00Z,2026-05-14T14:30:31-04:00,Thu,14,8540,192567,3705,1536,https://youtu.be/w38tyAkGhyw
Gil's Arena,UCAvjYgmwadC682OoC4Cc6TQ,TwEao2vCvDg,Gil's Arena Debates What's Next For LeBron & The Lakers,2026-05-13T20:50:12Z,2026-05-13T18:34:46Z,2026-05-13T20:44:20Z,2026-05-13T18:30:00Z,2026-05-13T14:34:46-04:00,Wed,14,7766,184569,2912,648,https://youtu.be/TwEao2vCvDg
Gil's Arena,UCAvjYgmwadC682OoC4Cc6TQ,v7nK9_cGXp0,LeBron SWEPT Out Of The Playoffs SPARKS Gil's Arena,2026-05-12T20:57:07Z,2026-05-12T18:36:46Z,2026-05-12T20:49:29Z,2026-05-12T18:30:00Z,2026-05-12T14:36:46-04:00,Tue,14,7956,227716,3720,1165,https://youtu.be/v7nK9_cGXp0
Gil's Arena,UCAvjYgmwadC682OoC4Cc6TQ,Nsr6ZIiHXCE,The Arena TEASES The Release of The NFL Schedule,2026-05-11T21:04:41Z,2026-05-11T18:30:31Z,2026-05-11T20:29:50Z,2026-05-11T18:30:00Z,2026-05-11T14:30:31-04:00,Mon,14,7151,64986,1111,159,https://youtu.be/Nsr6ZIiHXCE
Gil's Arena,UCAvjYgmwadC682OoC4Cc6TQ,wru6DkvceVc,Skip Bayless Recaps His HOSTILE Return To First Take,2026-05-08T21:20:01Z,2026-05-08T18:32:31Z,2026-05-08T20:40:34Z,2026-05-08T18:30:00Z,2026-05-08T14:32:31-04:00,Fri,14,7695,77524,1424,260,https://youtu.be/wru6DkvceVc
Gil's Arena,UCAvjYgmwadC682OoC4Cc6TQ,pZII08JRgFo,The Lakers TRAMPLED In Game 1 SETS OFF Gil's Arena,2026-05-06T21:04:32Z,2026-05-06T18:33:17Z,2026-05-06T20:58:34Z,2026-05-06T18:35:00Z,2026-05-06T14:33:17-04:00,Wed,14,8726,198163,3316,1379,https://youtu.be/pZII08JRgFo
Gil's Arena,UCAvjYgmwadC682OoC4Cc6TQ,GHwtS4JbUy8,The NBA Playoffs' 2nd Round ELECTRIFIES Gil's Arena,2026-05-05T21:04:35Z,2026-05-05T18:41:06Z,2026-05-05T20:57:56Z,2026-05-05T18:30:00Z,2026-05-05T14:41:06-04:00,Tue,14,8225,215233,4583,880,https://youtu.be/GHwtS4JbUy8
Gil's Arena,UCAvjYgmwadC682OoC4Cc6TQ,tSejEZp_erc,The Cowboys DESERVE To Be Favorites In The NFC East,2026-05-04T20:58:35Z,2026-05-04T18:31:26Z,2026-05-04T20:38:00Z,2026-05-04T18:30:00Z,2026-05-04T14:31:26-04:00,Mon,14,7586,65895,1107,251,https://youtu.be/tSejEZp_erc
Gil's Arena,UCAvjYgmwadC682OoC4Cc6TQ,YSfgS4Q3ePU,The Browns PAVING The Way For Watson STUNS The Arena,2026-05-01T20:42:12Z,2026-05-01T18:32:36Z,2026-05-01T20:35:08Z,2026-05-01T18:30:00Z,2026-05-01T14:32:36-04:00,Fri,14,7340,82780,1444,358,https://youtu.be/YSfgS4Q3ePU
Gil's Arena,UCAvjYgmwadC682OoC4Cc6TQ,PlZwL7DOYcY,LeBron & The Lakers NEED To Push The Panic Button,2026-04-30T20:44:37Z,2026-04-30T18:33:51Z,2026-04-30T20:40:03Z,2026-04-30T18:30:00Z,2026-04-30T14:33:51-04:00,Thu,14,7560,154979,2513,600,https://youtu.be/PlZwL7DOYcY
Gil's Arena,UCAvjYgmwadC682OoC4Cc6TQ,RRGhCP8tqlU,Joel Embiid SAVING The 76ers FIRES UP Gil's Arena,2026-04-29T20:46:49Z,2026-04-29T18:34:16Z,2026-04-29T20:38:28Z,2026-04-29T18:30:00Z,2026-04-29T14:34:16-04:00,Wed,14,7445,138830,2442,397,https://youtu.be/RRGhCP8tqlU
Gil's Arena,UCAvjYgmwadC682OoC4Cc6TQ,IXZVoDSiWaE,The NBA Playoffs' INSANE Weekend Shakes Up Gil's Arena,2026-04-28T20:51:00Z,2026-04-28T18:30:06Z,2026-04-28T20:44:35Z,2026-04-28T18:30:00Z,2026-04-28T14:30:06-04:00,Tue,14,8081,215013,3155,511,https://youtu.be/IXZVoDSiWaE
Gil's Arena,UCAvjYgmwadC682OoC4Cc6TQ,s-E5Z2VTYrQ,The Cleveland Browns RELOADED For Shedeur,2026-04-27T20:53:04Z,2026-04-27T18:35:11Z,2026-04-27T20:38:01Z,2026-04-27T18:30:00Z,2026-04-27T14:35:11-04:00,Mon,14,7356,99081,1570,215,https://youtu.be/s-E5Z2VTYrQ
Gil's Arena,UCAvjYgmwadC682OoC4Cc6TQ,jNbZAnsRVEs,The 1st Round Of The NFL Draft LIGHTS UP The Arena,2026-04-24T20:49:53Z,2026-04-24T18:34:56Z,2026-04-24T20:35:58Z,2026-04-24T18:30:00Z,2026-04-24T14:34:56-04:00,Fri,14,7256,110733,1961,427,https://youtu.be/jNbZAnsRVEs
Gil's Arena,UCAvjYgmwadC682OoC4Cc6TQ,pF5vDfW6xlU,Shai & The OKC Thunder CANNOT Be Stopped,2026-04-23T20:46:36Z,2026-04-23T18:32:26Z,2026-04-23T20:41:24Z,2026-04-23T18:30:00Z,2026-04-23T14:32:26-04:00,Thu,14,7730,164567,2676,608,https://youtu.be/pF5vDfW6xlU
Gil's Arena,UCAvjYgmwadC682OoC4Cc6TQ,H4xJ-YqfL-o,The NBA Playoffs' Night Of Upsets STUNS Gil's Arena,2026-04-22T20:43:00Z,2026-04-22T18:35:51Z,2026-04-22T20:37:17Z,2026-04-22T18:30:00Z,2026-04-22T14:35:51-04:00,Wed,14,7301,260628,4160,782,https://youtu.be/H4xJ-YqfL-o
Gil's Arena,UCAvjYgmwadC682OoC4Cc6TQ,5XGHAYZF-HM,The Tip-Off Of The NBA Playoffs FIRES UP Gil's Arena,2026-04-21T20:54:15Z,2026-04-21T18:35:06Z,2026-04-21T20:46:51Z,2026-04-21T18:30:00Z,2026-04-21T14:35:06-04:00,Tue,14,7921,237967,3545,521,https://youtu.be/5XGHAYZF-HM
Gil's Arena,UCAvjYgmwadC682OoC4Cc6TQ,oLXNATy83jY,The Bengals' MONSTER Trade BLOWS AWAY The Arena,2026-04-20T20:58:36Z,2026-04-20T18:33:41Z,2026-04-20T20:40:07Z,2026-04-20T18:30:00Z,2026-04-20T14:33:41-04:00,Mon,14,7575,70009,1233,162,https://youtu.be/oLXNATy83jY
Gil's Arena,UCAvjYgmwadC682OoC4Cc6TQ,QW7Pd7l09GQ,Will Anderson's MONSTER Extension STUNS The Arena,2026-04-17T21:35:03Z,2026-04-17T18:31:16Z,2026-04-17T20:33:27Z,2026-04-17T18:30:00Z,2026-04-17T14:31:16-04:00,Fri,14,7326,62527,1090,214,https://youtu.be/QW7Pd7l09GQ
Gil's Arena,UCAvjYgmwadC682OoC4Cc6TQ,wVsQmT17Ov0,The Warriors' VINTAGE Win IGNITES Gil's Arena,2026-04-16T20:50:24Z,2026-04-16T18:35:36Z,2026-04-16T20:44:49Z,2026-04-16T18:30:00Z,2026-04-16T14:35:36-04:00,Thu,14,7755,227214,3842,683,https://youtu.be/wVsQmT17Ov0
Gil's Arena,UCAvjYgmwadC682OoC4Cc6TQ,4sEIgY9OWlU,The 1st Round Of The NBA Play-In ELECTRIFIES Gil's Arena,2026-04-15T20:54:52Z,2026-04-15T18:49:41Z,2026-04-15T20:48:12Z,2026-04-15T18:30:00Z,2026-04-15T14:49:41-04:00,Wed,14,7124,194229,3451,507,https://youtu.be/4sEIgY9OWlU
Gil's Arena,UCAvjYgmwadC682OoC4Cc6TQ,Yd3Fc5xGtqU,Gil's Arena GOES WILD Over The End Of The NBA Season,2026-04-14T20:46:22Z,2026-04-14T18:35:42Z,2026-04-14T20:40:55Z,2026-04-14T18:30:00Z,2026-04-14T14:35:42-04:00,Tue,14,7530,217265,3778,1026,https://youtu.be/Yd3Fc5xGtqU
Gil's Arena,UCAvjYgmwadC682OoC4Cc6TQ,I-Kl3YJLk1Y,The Arena BATTLES Over The Best Player In The NFL Draft,2026-04-13T20:44:54Z,2026-04-13T18:36:51Z,2026-04-13T20:31:33Z,2026-04-13T18:30:00Z,2026-04-13T14:36:51-04:00,Mon,14,6881,59931,1082,163,https://youtu.be/I-Kl3YJLk1Y
Gil's Arena,UCAvjYgmwadC682OoC4Cc6TQ,J8U0oVUb9EM,Travis Hunter Moved To Defense SHAKES UP The Arena,2026-04-10T20:50:25Z,2026-04-10T18:30:16Z,2026-04-10T20:32:11Z,2026-04-10T18:30:00Z,2026-04-10T14:30:16-04:00,Fri,14,7316,66813,1162,156,https://youtu.be/J8U0oVUb9EM
Gil's Arena,UCAvjYgmwadC682OoC4Cc6TQ,964PmMbQ1xY,Cade Cunningham's Return Should TERRIFY The NBA,2026-04-09T20:48:17Z,2026-04-09T18:35:31Z,2026-04-09T20:40:39Z,2026-04-09T18:30:00Z,2026-04-09T14:35:31-04:00,Thu,14,7500,195224,3150,557,https://youtu.be/964PmMbQ1xY
Gil's Arena,UCAvjYgmwadC682OoC4Cc6TQ,llORR2g_AGU,Cooper Flagg LOCKED UP Rookie of the Year,2026-04-08T20:49:19Z,2026-04-08T18:32:51Z,2026-04-08T20:43:33Z,2026-04-08T18:30:00Z,2026-04-08T14:32:51-04:00,Wed,14,7831,147108,2689,493,https://youtu.be/llORR2g_AGU
Gil's Arena,UCAvjYgmwadC682OoC4Cc6TQ,IXuQ4cwD8KU,The Lakers' MAJOR Injuries ENRAGE Gil's Arena,2026-04-07T20:56:28Z,2026-04-07T18:34:01Z,2026-04-07T20:48:58Z,2026-04-07T18:30:00Z,2026-04-07T14:34:01-04:00,Tue,14,8110,221213,3726,1655,https://youtu.be/IXuQ4cwD8KU
Gil's Arena,UCAvjYgmwadC682OoC4Cc6TQ,BVt-oTZagN4,Dexter Lawrence DEMANDING A Trade FIRES UP The Arena,2026-04-06T21:24:32Z,2026-04-06T18:33:46Z,2026-04-06T20:36:10Z,2026-04-06T18:30:00Z,2026-04-06T14:33:46-04:00,Mon,14,7346,70443,1363,208,https://youtu.be/BVt-oTZagN4
Gil's Arena,UCAvjYgmwadC682OoC4Cc6TQ,ntGMcOJFvH4,Lavonte David GETS REAL On His Legendary NFL Career,2026-04-03T20:40:51Z,2026-04-03T18:37:06Z,2026-04-03T20:31:19Z,2026-04-03T18:30:00Z,2026-04-03T14:37:06-04:00,Fri,14,6846,45946,1021,95,https://youtu.be/ntGMcOJFvH4
Gil's Arena,UCAvjYgmwadC682OoC4Cc6TQ,jlrdsHCh764,Victor Wembanyama Just HIJACKED The NBA MVP Race,2026-04-02T20:42:07Z,2026-04-02T18:33:16Z,2026-04-02T20:35:44Z,2026-04-02T18:30:00Z,2026-04-02T14:33:16-04:00,Thu,14,7353,150126,2532,555,https://youtu.be/jlrdsHCh764
Gil's Arena,UCAvjYgmwadC682OoC4Cc6TQ,0mFPUlvZkYg,Luka Doncic's UNREAL Month FIRES UP Gil's Arena,2026-04-01T20:34:45Z,2026-04-01T18:32:46Z,2026-04-01T20:29:45Z,2026-04-01T18:30:00Z,2026-04-01T14:32:46-04:00,Wed,14,7035,157834,2815,981,https://youtu.be/0mFPUlvZkYg
Gil's Arena,UCAvjYgmwadC682OoC4Cc6TQ,7tT3tOtmEOE,The TIGHT Race For NBA MVP DESTROYS Gil's Arena,2026-03-31T20:38:45Z,2026-03-31T18:33:11Z,2026-03-31T20:33:27Z,2026-03-31T18:30:00Z,2026-03-31T14:33:11-04:00,Tue,14,7221,220575,3587,834,https://youtu.be/7tT3tOtmEOE
Gil's Arena,UCAvjYgmwadC682OoC4Cc6TQ,ihCRrimfF5U,The Arena PREDICTS The 2026 NFL Draft,2026-03-30T20:41:40Z,2026-03-30T18:33:01Z,2026-03-30T20:33:12Z,2026-03-30T18:30:00Z,2026-03-30T14:33:01-04:00,Mon,14,7166,67410,1239,177,https://youtu.be/ihCRrimfF5U
Gil's Arena,UCAvjYgmwadC682OoC4Cc6TQ,yDvZ0a7dSrU,Tom Brady TEASING A Comeback STUNS The Arena,2026-03-27T20:47:50Z,2026-03-27T18:32:51Z,2026-03-27T20:34:00Z,2026-03-27T18:30:00Z,2026-03-27T14:32:51-04:00,Fri,14,7266,78163,1376,290,https://youtu.be/yDvZ0a7dSrU
Gil's Arena,UCAvjYgmwadC682OoC4Cc6TQ,aEudBhj4Apg,The Celtics PROVED They're The BEST Team In The East,2026-03-26T20:46:37Z,2026-03-26T18:33:01Z,2026-03-26T20:41:02Z,2026-03-26T18:30:00Z,2026-03-26T14:33:01-04:00,Thu,14,7695,165899,2961,666,https://youtu.be/aEudBhj4Apg
Gil's Arena,UCAvjYgmwadC682OoC4Cc6TQ,ga7K4U8JN3Y,Victor Wembanyama's MVP Push SETS OFF Gil's Arena,2026-03-25T20:51:32Z,2026-03-25T18:34:26Z,2026-03-25T20:45:29Z,2026-03-25T18:30:00Z,2026-03-25T14:34:26-04:00,Wed,14,7876,174317,3118,734,https://youtu.be/ga7K4U8JN3Y
Gil's Arena,UCAvjYgmwadC682OoC4Cc6TQ,-FTueklHBqY,Luka & The Lakers CAN WIN The NBA Finals,2026-03-24T21:04:08Z,2026-03-24T18:31:36Z,2026-03-24T20:57:59Z,2026-03-24T18:30:00Z,2026-03-24T14:31:36-04:00,Tue,14,8795,209587,3783,975,https://youtu.be/-FTueklHBqY
Gil's Arena,UCAvjYgmwadC682OoC4Cc6TQ,6604w01UQB8,Jaxon Smith-Njigba Just FLIPPED The WR Market!!,2026-03-23T20:46:30Z,2026-03-23T18:33:26Z,2026-03-23T20:35:06Z,2026-03-23T18:30:00Z,2026-03-23T14:33:26-04:00,Mon,14,7316,62413,1123,161,https://youtu.be/6604w01UQB8
Gil's Arena,UCAvjYgmwadC682OoC4Cc6TQ,wfbKnOMxTHY,Aqib Talib CALLED The Jaylen Waddle Trade,2026-03-20T21:07:42Z,2026-03-20T18:31:46Z,2026-03-20T20:33:26Z,2026-03-20T18:30:00Z,2026-03-20T14:31:46-04:00,Fri,14,7305,53581,1041,144,https://youtu.be/wfbKnOMxTHY
Gil's Arena,UCAvjYgmwadC682OoC4Cc6TQ,f9hbM0ZYmlo,Gil's Arena Reacts To Cade's DEVASTATING Injury,2026-03-19T20:39:58Z,2026-03-19T18:33:56Z,2026-03-19T20:34:15Z,2026-03-19T18:35:00Z,2026-03-19T14:33:56-04:00,Thu,14,7211,175161,2830,376,https://youtu.be/f9hbM0ZYmlo
Gil's Arena,UCAvjYgmwadC682OoC4Cc6TQ,gGK1IANGp4A,Russell Westbrook's Legacy FIRES UP Gil's Arena,2026-03-18T20:52:58Z,2026-03-18T18:35:36Z,2026-03-18T20:47:05Z,2026-03-18T18:30:00Z,2026-03-18T14:35:36-04:00,Wed,14,7880,207245,3985,1192,https://youtu.be/gGK1IANGp4A
Gil's Arena,UCAvjYgmwadC682OoC4Cc6TQ,mpjsA8sLLjQ,Gil's Arena CELEBRATES The Lakers' Winning Streak,2026-03-17T20:49:36Z,2026-03-17T18:33:36Z,2026-03-17T20:41:53Z,2026-03-17T18:30:00Z,2026-03-17T14:33:36-04:00,Tue,14,6943,279058,6546,1209,https://youtu.be/mpjsA8sLLjQ
Gil's Arena,UCAvjYgmwadC682OoC4Cc6TQ,5gVFymrpoI8,The AJ Brown Trade Rumors SHAKE UP The Arena,2026-03-16T20:49:03Z,2026-03-16T18:33:21Z,2026-03-16T20:35:06Z,2026-03-16T18:30:00Z,2026-03-16T14:33:21-04:00,Mon,14,7310,63669,1305,164,https://youtu.be/5gVFymrpoI8
Gil's Arena,UCAvjYgmwadC682OoC4Cc6TQ,qPXrTKVEqI0,The Maxx Crosby Trade REVERSAL Blows Away The Arena,2026-03-13T21:21:42Z,2026-03-13T18:46:58Z,2026-03-13T20:36:02Z,2026-03-13T18:45:00Z,2026-03-13T14:46:58-04:00,Fri,14,6547,54633,1015,154,https://youtu.be/qPXrTKVEqI0
Gil's Arena,UCAvjYgmwadC682OoC4Cc6TQ,ip7uJZYrAxk,The Los Angeles Lakers Are Better WITHOUT LeBron,2026-03-12T20:44:43Z,2026-03-12T18:33:06Z,2026-03-12T20:39:32Z,2026-03-12T18:30:00Z,2026-03-12T14:33:06-04:00,Thu,14,7590,173478,2569,518,https://youtu.be/ip7uJZYrAxk
Gil's Arena,UCAvjYgmwadC682OoC4Cc6TQ,zO2TJqyZ5rA,Bam Adebayo's 83 Points LIGHT UP Gil's Arena,2026-03-11T21:15:45Z,2026-03-11T18:35:23Z,2026-03-11T21:04:57Z,2026-03-11T18:30:00Z,2026-03-11T14:35:23-04:00,Wed,14,8976,238568,4305,1277,https://youtu.be/zO2TJqyZ5rA
Gil's Arena,UCAvjYgmwadC682OoC4Cc6TQ,bFN61WAZd58,Tatum's Return & SGA's Record FIRES UP Gil's Arena,2026-03-10T20:43:27Z,2026-03-10T18:36:23Z,2026-03-10T20:36:52Z,2026-03-10T18:30:00Z,2026-03-10T14:36:23-04:00,Tue,14,7233,132310,2451,859,https://youtu.be/bFN61WAZd58
Gil's Arena,UCAvjYgmwadC682OoC4Cc6TQ,q_6B88R9Bs0,The NFL's Free Agency Frenzy STUNS The Arena,2026-03-09T20:55:14Z,2026-03-09T18:31:28Z,2026-03-09T20:31:47Z,2026-03-09T18:30:00Z,2026-03-09T14:31:28-04:00,Mon,14,7223,65528,1151,108,https://youtu.be/q_6B88R9Bs0
Gil's Arena,UCAvjYgmwadC682OoC4Cc6TQ,0fdjEiRZlY8,Kyler Murray Cut & DJ Moore Traded STUNS The Arena,2026-03-06T22:17:12Z,2026-03-06T19:31:13Z,2026-03-06T21:34:49Z,2026-03-06T19:30:00Z,2026-03-06T14:31:13-05:00,Fri,14,7418,48827,861,131,https://youtu.be/0fdjEiRZlY8
Gil's Arena,UCAvjYgmwadC682OoC4Cc6TQ,Po9q_JOnGWE,The Charlotte Hornets' Hot Streak TORCHES Gil's Arena,2026-03-05T21:52:32Z,2026-03-05T19:38:04Z,2026-03-05T21:45:29Z,2026-03-05T19:30:00Z,2026-03-05T14:38:04-05:00,Thu,14,7651,157520,3033,2193,https://youtu.be/Po9q_JOnGWE
Gil's Arena,UCAvjYgmwadC682OoC4Cc6TQ,Ouq_mNWL2rg,Zion Williamson Is FINALLY Proving His Haters Wrong,2026-03-04T21:48:50Z,2026-03-04T19:31:38Z,2026-03-04T21:43:01Z,2026-03-04T19:30:00Z,2026-03-04T14:31:38-05:00,Wed,14,7888,156235,2606,1202,https://youtu.be/Ouq_mNWL2rg
Gil's Arena,UCAvjYgmwadC682OoC4Cc6TQ,QU5mUVo65pM,Ant-Man's HOT STREAK & Tatum's Return DIVIDES Gil's Arena,2026-03-03T21:51:37Z,2026-03-03T19:33:48Z,2026-03-03T21:45:26Z,2026-03-03T19:30:00Z,2026-03-03T14:33:48-05:00,Tue,14,7903,167236,3796,1070,https://youtu.be/QU5mUVo65pM
Gil's Arena,UCAvjYgmwadC682OoC4Cc6TQ,hW-Jy-h0Wyc,The Arena Breaks Down Rumors From The NFL Combine,2026-03-02T22:14:45Z,2026-03-02T19:32:53Z,2026-03-02T21:35:10Z,2026-03-02T19:30:00Z,2026-03-02T14:32:53-05:00,Mon,14,7343,47470,904,129,https://youtu.be/hW-Jy-h0Wyc
Gil's Arena,UCAvjYgmwadC682OoC4Cc6TQ,uqBWPkDXUQ4,George Pickens' Franchise Tag DIVIDES The Arena,2026-02-27T22:20:21Z,2026-02-27T19:31:28Z,2026-02-27T21:32:46Z,2026-02-27T19:30:00Z,2026-02-27T14:31:28-05:00,Fri,14,7279,49913,861,109,https://youtu.be/uqBWPkDXUQ4
Gil's Arena,UCAvjYgmwadC682OoC4Cc6TQ,J63Ys6yk-3o,Rashad McCants Sends A HOSTILE Response To His Haters,2026-02-26T22:05:06Z,2026-02-26T19:36:32Z,2026-02-26T21:58:33Z,2026-02-26T19:30:00Z,2026-02-26T14:36:32-05:00,Thu,14,8523,209254,4278,2255,https://youtu.be/J63Ys6yk-3o
Gil's Arena,UCAvjYgmwadC682OoC4Cc6TQ,ihNjdNcokWo,The Lakers NEED To Push The Panic Button,2026-02-25T21:50:39Z,2026-02-25T19:38:28Z,2026-02-25T21:44:48Z,2026-02-25T19:30:00Z,2026-02-25T14:38:28-05:00,Wed,14,7581,164831,2831,626,https://youtu.be/ihNjdNcokWo
Gil's Arena,UCAvjYgmwadC682OoC4Cc6TQ,IJl7f3Sxmqo,Gilbert Arenas HATING on Wemby BLOWS UP Gil's Arena,2026-02-24T22:04:13Z,2026-02-24T19:32:01Z,2026-02-24T21:56:35Z,2026-02-24T19:30:00Z,2026-02-24T14:32:01-05:00,Tue,14,8680,171091,3428,1639,https://youtu.be/IJl7f3Sxmqo
Gil's Arena,UCAvjYgmwadC682OoC4Cc6TQ,YKbKV73uzUU,The Arena Predicts The BIG Moves Of The NFL Offseason,2026-02-23T21:47:36Z,2026-02-23T19:30:33Z,2026-02-23T21:31:52Z,2026-02-23T19:30:00Z,2026-02-23T14:30:33-05:00,Mon,14,7281,47438,858,127,https://youtu.be/YKbKV73uzUU
Gil's Arena,UCAvjYgmwadC682OoC4Cc6TQ,URbXiGyokbk,Skip Bayless UNLEASHES On Micah Parsons,2026-02-21T03:25:29Z,2026-02-20T19:30:52Z,2026-02-20T21:34:49Z,2026-02-20T19:30:00Z,2026-02-20T14:30:52-05:00,Fri,14,7438,60844,1291,194,https://youtu.be/URbXiGyokbk
Gil's Arena,UCAvjYgmwadC682OoC4Cc6TQ,WgrG1r-9a1Q,Gil’s Arena Previews The 2nd Half of The NBA Season,2026-02-19T21:45:41Z,2026-02-19T19:33:17Z,2026-02-19T21:40:06Z,2026-02-19T19:30:00Z,2026-02-19T14:33:17-05:00,Thu,14,7614,186638,2939,559,https://youtu.be/WgrG1r-9a1Q
Gil's Arena,UCAvjYgmwadC682OoC4Cc6TQ,WRjStGy2gg8,Chris Paul Going Out SORRY Shocks Gil's Arena,2026-02-18T22:00:27Z,2026-02-18T19:34:46Z,2026-02-18T21:43:45Z,2026-02-18T19:30:00Z,2026-02-18T14:34:46-05:00,Wed,14,7745,189211,3208,780,https://youtu.be/WRjStGy2gg8
Gil's Arena,UCAvjYgmwadC682OoC4Cc6TQ,JTp9uPahhBI,Gil’s Arena ERUPTS Over NBA All Star Weekend,2026-02-17T21:43:05Z,2026-02-17T19:32:28Z,2026-02-17T21:30:52Z,2026-02-17T19:30:00Z,2026-02-17T14:32:28-05:00,Tue,14,7106,229579,3883,996,https://youtu.be/JTp9uPahhBI
Gil's Arena,UCAvjYgmwadC682OoC4Cc6TQ,5BjLpo1TrkQ,Wemby's HISTORIC Night Blows Away Gil's Arena,2026-02-11T21:50:53Z,2026-02-11T19:31:51Z,2026-02-11T21:44:50Z,2026-02-11T19:30:00Z,2026-02-11T14:31:51-05:00,Wed,14,7955,228796,3583,876,https://youtu.be/5BjLpo1TrkQ
Gil's Arena,UCAvjYgmwadC682OoC4Cc6TQ,0TTzAv__1qo,The Hornets Pistons BRAWL Turns Gil's Arena Hostile,2026-02-10T22:00:27Z,2026-02-10T19:31:31Z,2026-02-10T21:53:23Z,2026-02-10T19:30:00Z,2026-02-10T14:31:31-05:00,Tue,14,8501,251709,4772,1245,https://youtu.be/0TTzAv__1qo
Gil's Arena,UCAvjYgmwadC682OoC4Cc6TQ,fmlgOlk89rM,The Seattle Seahawks Super Bowl Win FIRES UP The Arena,2026-02-09T21:37:17Z,2026-02-09T19:29:21Z,2026-02-09T21:30:40Z,2026-02-09T19:30:00Z,2026-02-09T14:29:21-05:00,Mon,14,7271,146209,2458,353,https://youtu.be/fmlgOlk89rM
Gil's Arena,UCAvjYgmwadC682OoC4Cc6TQ,mjFAt1yI4lE,Aaron Donald Previews Super Bowl 60 With The Arena,2026-02-07T21:32:40Z,2026-02-07T19:47:56Z,2026-02-07T21:25:27Z,2026-02-07T19:45:00Z,2026-02-07T14:47:56-05:00,Sat,14,5851,97013,1672,274,https://youtu.be/mjFAt1yI4lE
Gil's Arena,UCAvjYgmwadC682OoC4Cc6TQ,3NLA37gLsTE,Stephen A Smith REUNITES With Skip Bayless,2026-02-06T21:58:11Z,2026-02-06T19:52:01Z,2026-02-06T21:50:35Z,2026-02-06T19:45:00Z,2026-02-06T14:52:01-05:00,Fri,14,7116,306470,6997,1007,https://youtu.be/3NLA37gLsTE
Gil's Arena,UCAvjYgmwadC682OoC4Cc6TQ,szhzYUiXOCI,The NBA Trade Deadline SETS OFF Gil's Arena,2026-02-05T21:49:04Z,2026-02-05T19:33:16Z,2026-02-05T21:42:37Z,2026-02-05T19:30:00Z,2026-02-05T14:33:16-05:00,Thu,14,7750,306286,5525,743,https://youtu.be/szhzYUiXOCI
Gil's Arena,UCAvjYgmwadC682OoC4Cc6TQ,7EYY7cGlzlk,Anthony Davis & Harden TRADED Shakes Up Gil's Arena,2026-02-04T21:51:04Z,2026-02-04T19:36:46Z,2026-02-04T21:44:32Z,2026-02-04T19:30:00Z,2026-02-04T14:36:46-05:00,Wed,14,7661,327074,6919,679,https://youtu.be/7EYY7cGlzlk
Gil's Arena,UCAvjYgmwadC682OoC4Cc6TQ,3Mrxsm3rwNE,The Arena Reacts To The Pro Bowl LIVE From Radio Row,2026-02-04T19:36:53Z,2026-02-04T17:31:01Z,2026-02-04T19:25:36Z,2026-02-04T17:30:00Z,2026-02-04T12:31:01-05:00,Wed,12,6847,57169,1067,168,https://youtu.be/3Mrxsm3rwNE
Gil's Arena,UCAvjYgmwadC682OoC4Cc6TQ,b0cb5Lv2Gcg,James Harden's SURPRISE Trade Request STUNS Gil's Arena,2026-02-03T23:03:45Z,2026-02-03T19:32:01Z,2026-02-03T22:54:04Z,2026-02-03T19:30:00Z,2026-02-03T14:32:01-05:00,Tue,14,12130,261434,3966,497,https://youtu.be/b0cb5Lv2Gcg
Gil's Arena,UCAvjYgmwadC682OoC4Cc6TQ,QiXxxwYpFvs,Aqib Talib Gives The Do's & Don'ts of Super Bowl Week,2026-02-02T21:42:00Z,2026-02-02T19:29:31Z,2026-02-02T21:30:55Z,2026-02-02T19:30:00Z,2026-02-02T14:29:31-05:00,Mon,14,7280,79661,1405,166,https://youtu.be/QiXxxwYpFvs
Gil's Arena,UCAvjYgmwadC682OoC4Cc6TQ,EbfI2jlEUms,Julian Edelman Breaks Down Super Bowl 60 With The Arena,2026-01-30T22:40:49Z,2026-01-30T19:32:31Z,2026-01-30T21:33:15Z,2026-01-30T19:30:00Z,2026-01-30T14:32:31-05:00,Fri,14,7226,122766,2429,364,https://youtu.be/EbfI2jlEUms
Gil's Arena,UCAvjYgmwadC682OoC4Cc6TQ,mjg576j_ziY,LeBron's EMOTIONAL Return Home SHAKES UP Gil's Arena,2026-01-29T21:47:37Z,2026-01-29T19:33:06Z,2026-01-29T21:41:37Z,2026-01-29T19:30:00Z,2026-01-29T14:33:06-05:00,Thu,14,7710,210136,4043,597,https://youtu.be/mjg576j_ziY
Gil's Arena,UCAvjYgmwadC682OoC4Cc6TQ,CmqwTrXKdMM,Giannis Is FINALLY Ready To Move On From Milwaukee,2026-01-28T21:49:28Z,2026-01-28T19:33:51Z,2026-01-28T21:43:25Z,2026-01-28T19:30:00Z,2026-01-28T14:33:51-05:00,Wed,14,7770,195078,3256,586,https://youtu.be/CmqwTrXKdMM
Gil's Arena,UCAvjYgmwadC682OoC4Cc6TQ,ibXCHMOjHTw,Kawhi's Turnaround & Belichick's Snub BLOWS UP The Arena,2026-01-27T23:11:01Z,2026-01-27T19:31:01Z,2026-01-27T22:58:31Z,2026-01-27T19:30:00Z,2026-01-27T14:31:01-05:00,Tue,14,12450,226503,3170,552,https://youtu.be/ibXCHMOjHTw
Gil's Arena,UCAvjYgmwadC682OoC4Cc6TQ,EWEcNWWZV0M,The NFL's Conference Championships LIGHT UP The Arena,2026-01-26T21:44:39Z,2026-01-26T19:29:56Z,2026-01-26T21:38:21Z,2026-01-26T19:30:00Z,2026-01-26T14:29:56-05:00,Mon,14,7690,144996,2217,684,https://youtu.be/EWEcNWWZV0M
Gil's Arena,UCAvjYgmwadC682OoC4Cc6TQ,Q0SsdWp4sRw,The Arena Previews The NFL's Conference Championships,2026-01-23T21:47:34Z,2026-01-23T19:28:56Z,2026-01-23T21:29:55Z,2026-01-23T19:30:00Z,2026-01-23T14:28:56-05:00,Fri,14,7246,86472,1362,252,https://youtu.be/Q0SsdWp4sRw
Gil's Arena,UCAvjYgmwadC682OoC4Cc6TQ,gvvgbEPtPuo,The Knicks Downward Spiral FIRES UP Gil's Arena,2026-01-22T21:50:36Z,2026-01-22T19:34:01Z,2026-01-22T21:43:55Z,2026-01-22T19:30:00Z,2026-01-22T14:34:01-05:00,Thu,14,7220,204364,3115,468,https://youtu.be/gvvgbEPtPuo
Gil's Arena,UCAvjYgmwadC682OoC4Cc6TQ,ZDX_CxKu8lE,Kuminga Is DESTROYING The Warriors Master Plan!!,2026-01-21T21:48:22Z,2026-01-21T19:34:36Z,2026-01-21T21:41:51Z,2026-01-21T19:30:00Z,2026-01-21T14:34:36-05:00,Wed,14,7631,207281,3594,495,https://youtu.be/ZDX_CxKu8lE
Gil's Arena,UCAvjYgmwadC682OoC4Cc6TQ,mh1XyiTJfBw,LeBron's Snub & Mendoza's Masterpiece FIRE UP The Arena,2026-01-20T23:06:06Z,2026-01-20T19:32:46Z,2026-01-20T22:57:23Z,2026-01-20T19:30:00Z,2026-01-20T14:32:46-05:00,Tue,14,12271,206414,3506,679,https://youtu.be/mh1XyiTJfBw
Gil's Arena,UCAvjYgmwadC682OoC4Cc6TQ,_aTOsmtSv5k,The NFL's EPIC Divisional Round Fires Up The Arena,2026-01-19T21:46:59Z,2026-01-19T19:28:46Z,2026-01-19T21:41:03Z,2026-01-19T19:30:00Z,2026-01-19T14:28:46-05:00,Mon,14,7937,158859,2784,585,https://youtu.be/_aTOsmtSv5k
Gil's Arena,UCAvjYgmwadC682OoC4Cc6TQ,c9SF67CXkMg,The Arena Previews An Incredible NFL Playoff Weekend,2026-01-16T21:55:51Z,2026-01-16T19:29:36Z,2026-01-16T21:36:31Z,2026-01-16T19:30:00Z,2026-01-16T14:29:36-05:00,Fri,14,7616,102497,1812,306,https://youtu.be/c9SF67CXkMg
Gil's Arena,UCAvjYgmwadC682OoC4Cc6TQ,23Fe-ZQjxsY,Jonathan Kuminga Is Finally DONE With The Warriors!!,2026-01-15T21:52:21Z,2026-01-15T19:29:06Z,2026-01-15T21:47:03Z,2026-01-15T19:30:00Z,2026-01-15T14:29:06-05:00,Thu,14,8266,255588,3775,639,https://youtu.be/23Fe-ZQjxsY
Gil's Arena,UCAvjYgmwadC682OoC4Cc6TQ,CGwCcNUPiQw,Shai & The Thunder Finally Get REVENGE On The Spurs,2026-01-14T21:47:27Z,2026-01-14T19:34:06Z,2026-01-14T21:40:40Z,2026-01-14T19:30:00Z,2026-01-14T14:34:06-05:00,Wed,14,7605,184367,3230,579,https://youtu.be/CGwCcNUPiQw
Gil's Arena,UCAvjYgmwadC682OoC4Cc6TQ,0kBzxaI0dsU,Mike Tomlin Fired & Ja Trade Rumors SHOCK The Arena,2026-01-13T23:08:52Z,2026-01-13T19:28:26Z,2026-01-13T22:56:07Z,2026-01-13T19:30:00Z,2026-01-13T14:28:26-05:00,Tue,14,12465,220555,3835,560,https://youtu.be/0kBzxaI0dsU
Gil's Arena,UCAvjYgmwadC682OoC4Cc6TQ,u1cn6C9wyzc,The NFL's EPIC Wild Card Weekend LIGHTS UP The Arena,2026-01-12T21:42:39Z,2026-01-12T19:28:41Z,2026-01-12T21:33:32Z,2026-01-12T19:30:00Z,2026-01-12T14:28:41-05:00,Mon,14,7495,145614,2508,394,https://youtu.be/u1cn6C9wyzc
Gil's Arena,UCAvjYgmwadC682OoC4Cc6TQ,_uAItzH1XMQ,Lil Wayne Previews Wild Card Weekend With The Arena,2026-01-10T04:29:00Z,2026-01-09T19:45:21Z,2026-01-09T22:15:09Z,2026-01-09T19:45:00Z,2026-01-09T14:45:21-05:00,Fri,14,8990,138604,2831,339,https://youtu.be/_uAItzH1XMQ
Gil's Arena,UCAvjYgmwadC682OoC4Cc6TQ,BAcOVs0_iVU,Trae Young To The Wizards IGNITES Gil's Arena,2026-01-08T21:45:50Z,2026-01-08T19:32:21Z,2026-01-08T21:38:24Z,2026-01-08T19:30:00Z,2026-01-08T14:32:21-05:00,Thu,14,7461,203882,3339,829,https://youtu.be/BAcOVs0_iVU
Gil's Arena,UCAvjYgmwadC682OoC4Cc6TQ,BcCMBjXHUP4,LeBron BENDING The Knee To Luka FIRES UP Gil's Arena,2026-01-07T21:45:44Z,2026-01-07T19:30:56Z,2026-01-07T21:38:42Z,2026-01-07T19:30:00Z,2026-01-07T14:30:56-05:00,Wed,14,7665,178475,2917,835,https://youtu.be/BcCMBjXHUP4
Gil's Arena,UCAvjYgmwadC682OoC4Cc6TQ,BLZB6ocTlKg,Harbaugh FIRED & Jaylen Brown's MVP Case STUN The Arena,2026-01-06T23:12:24Z,2026-01-06T19:32:36Z,2026-01-06T23:00:36Z,2026-01-06T19:30:00Z,2026-01-06T14:32:36-05:00,Tue,14,12481,200732,3374,563,https://youtu.be/BLZB6ocTlKg
Gil's Arena,UCAvjYgmwadC682OoC4Cc6TQ,g4zbcv2mZOs,Skip Bayless & The Arena Preview The NFL Playoffs,2026-01-05T21:43:13Z,2026-01-05T19:28:51Z,2026-01-05T21:36:31Z,2026-01-05T19:30:00Z,2026-01-05T14:28:51-05:00,Mon,14,7675,149248,2654,498,https://youtu.be/g4zbcv2mZOs
Gil's Arena,UCAvjYgmwadC682OoC4Cc6TQ,SKRGjayoRVA,Nikola Jokic's Injury DEVASTATES Gil's Arena,2025-12-30T21:44:04Z,2025-12-30T19:35:31Z,2025-12-30T21:38:05Z,2025-12-30T19:30:00Z,2025-12-30T14:35:31-05:00,Tue,14,7350,241134,3859,1073,https://youtu.be/SKRGjayoRVA
Gil's Arena,UCAvjYgmwadC682OoC4Cc6TQ,o_VZNrRGl8o,The Arena Breaks Down An UNREAL Week 17 In the NFL,2025-12-29T21:40:25Z,2025-12-29T19:30:16Z,2025-12-29T21:31:10Z,2025-12-29T19:30:00Z,2025-12-29T14:30:16-05:00,Mon,14,7245,128785,2190,333,https://youtu.be/o_VZNrRGl8o
Gil's Arena,UCAvjYgmwadC682OoC4Cc6TQ,mcDCacEmmTE,Gil's Arena Recaps NBA & NFL On Christmas Day,2025-12-26T21:48:34Z,2025-12-26T19:30:06Z,2025-12-26T21:43:12Z,2025-12-26T19:30:00Z,2025-12-26T14:30:06-05:00,Fri,14,7244,233934,4587,1035,https://youtu.be/mcDCacEmmTE
Gil's Arena,UCAvjYgmwadC682OoC4Cc6TQ,iDLKEOsSiRE,Draymond Green vs Steve Kerr BLOWS UP Gil's Arena,2025-12-23T21:19:06Z,2025-12-23T19:34:21Z,2025-12-23T21:13:05Z,2025-12-23T19:30:00Z,2025-12-23T14:34:21-05:00,Tue,14,5940,224535,4075,886,https://youtu.be/iDLKEOsSiRE
Gil's Arena,UCAvjYgmwadC682OoC4Cc6TQ,Rnls4vb3TKc,The Arena Breaks Down An INSANE Week 16 In The NFL,2025-12-22T21:38:07Z,2025-12-22T19:30:06Z,2025-12-22T21:31:39Z,2025-12-22T19:30:00Z,2025-12-22T14:30:06-05:00,Mon,14,7296,128538,2448,645,https://youtu.be/Rnls4vb3TKc
Gil's Arena,UCAvjYgmwadC682OoC4Cc6TQ,6UP9PidZaA0,The NFL's Game Of The Year STUNS The Arena,2025-12-19T21:56:48Z,2025-12-19T19:30:56Z,2025-12-19T21:33:18Z,2025-12-19T19:30:00Z,2025-12-19T14:30:56-05:00,Fri,14,7356,77489,1396,317,https://youtu.be/6UP9PidZaA0
Gil's Arena,UCAvjYgmwadC682OoC4Cc6TQ,OD3hzb1INhw,KD's Take On Leaving OKC BLOWS AWAY Gil's Arena,2025-12-18T21:42:25Z,2025-12-18T19:34:21Z,2025-12-18T21:36:50Z,2025-12-18T19:30:00Z,2025-12-18T14:34:21-05:00,Thu,14,7340,207241,3163,751,https://youtu.be/OD3hzb1INhw
Gil's Arena,UCAvjYgmwadC682OoC4Cc6TQ,xIBScPL19OE,The Knicks' NBA Championship ELECTRIFIES Gil's Arena,2025-12-17T21:57:21Z,2025-12-17T19:34:11Z,2025-12-17T21:51:06Z,2025-12-17T19:30:00Z,2025-12-17T14:34:11-05:00,Wed,14,8206,212881,3816,1073,https://youtu.be/xIBScPL19OE
Gil's Arena,UCAvjYgmwadC682OoC4Cc6TQ,WolkOn3WuBw,Wemby's New Rival & Mahomes' Injury FIRES UP The Arena,2025-12-16T23:16:06Z,2025-12-16T19:31:11Z,2025-12-16T23:02:40Z,2025-12-16T19:30:00Z,2025-12-16T14:31:11-05:00,Tue,14,12701,184001,3155,648,https://youtu.be/WolkOn3WuBw
Gil's Arena,UCAvjYgmwadC682OoC4Cc6TQ,ZrwM7DUBQss,The NFL's WILD Week 15 Turns The Arena UPSIDE DOWN | Ft. Pat Surtain,2025-12-15T21:41:36Z,2025-12-15T19:31:21Z,2025-12-15T21:35:38Z,2025-12-15T19:30:00Z,2025-12-15T14:31:21-05:00,Mon,14,7460,135866,2674,612,https://youtu.be/ZrwM7DUBQss
Gil's Arena,UCAvjYgmwadC682OoC4Cc6TQ,MP478GfmfGw,Baker Mayfield SINKING The Bucs' Season STUNS The Arena,2025-12-12T21:43:01Z,2025-12-12T19:31:56Z,2025-12-12T21:32:15Z,2025-12-12T19:30:00Z,2025-12-12T14:31:56-05:00,Fri,14,7226,74711,1354,209,https://youtu.be/MP478GfmfGw
Gil's Arena,UCAvjYgmwadC682OoC4Cc6TQ,H8mHM4us5qs,The OKC Thunder Are Having The GREATEST Season Ever,2025-12-11T21:51:45Z,2025-12-11T19:32:31Z,2025-12-11T21:42:56Z,2025-12-11T19:30:00Z,2025-12-11T14:32:31-05:00,Thu,14,7831,203652,3316,687,https://youtu.be/H8mHM4us5qs
Gil's Arena,UCAvjYgmwadC682OoC4Cc6TQ,PrkmmToFz0A,Jaylen Brown's Career Year Sends Gil's Arena OFF THE RAILS,2025-12-10T21:48:51Z,2025-12-10T19:32:56Z,2025-12-10T21:42:21Z,2025-12-10T19:30:00Z,2025-12-10T14:32:56-05:00,Wed,14,7770,191058,3178,796,https://youtu.be/PrkmmToFz0A
Gil's Arena,UCAvjYgmwadC682OoC4Cc6TQ,55lb_81wB18,LeBron's Streak & The Eagles NASTY Loss IGNITE The Arena,2025-12-09T23:11:41Z,2025-12-09T19:31:36Z,2025-12-09T22:59:43Z,2025-12-09T19:30:00Z,2025-12-09T14:31:36-05:00,Tue,14,12501,245687,3567,542,https://youtu.be/55lb_81wB18
Gil's Arena,UCAvjYgmwadC682OoC4Cc6TQ,pa1Gdhk3D5s,Shedeur Sanders' BREAKOUT Game FIRES UP The Arena,2025-12-08T21:37:23Z,2025-12-08T19:30:31Z,2025-12-08T21:30:16Z,2025-12-08T19:30:00Z,2025-12-08T14:30:31-05:00,Mon,14,7190,187839,3630,509,https://youtu.be/pa1Gdhk3D5s
Gil's Arena,UCAvjYgmwadC682OoC4Cc6TQ,s-0Vv0aAl50,Skip Bayless LOSES IT Over The Dallas Cowboys' MISERABLE Loss,2025-12-05T21:40:02Z,2025-12-05T19:31:41Z,2025-12-05T21:31:44Z,2025-12-05T19:30:00Z,2025-12-05T14:31:41-05:00,Fri,14,7205,93984,1547,149,https://youtu.be/s-0Vv0aAl50
Gil's Arena,UCAvjYgmwadC682OoC4Cc6TQ,u0wCxtxaXzk,Giannis Going Down With Injury CHANGES Everything!!,2025-12-04T21:40:36Z,2025-12-04T19:31:41Z,2025-12-04T21:35:07Z,2025-12-04T19:35:00Z,2025-12-04T14:31:41-05:00,Thu,14,7415,232316,3378,648,https://youtu.be/u0wCxtxaXzk
Gil's Arena,UCAvjYgmwadC682OoC4Cc6TQ,J5NCeeauD5M,Chris Paul SENT HOME By The Clippers STUNS Gil's Arena,2025-12-03T21:44:16Z,2025-12-03T19:36:31Z,2025-12-03T21:37:57Z,2025-12-03T19:30:00Z,2025-12-03T14:36:31-05:00,Wed,14,7301,267552,4232,1159,https://youtu.be/J5NCeeauD5M
Gil's Arena,UCAvjYgmwadC682OoC4Cc6TQ,I-ZYDrpLDdk,Shai's UNREAL Season & The AFC Race BLOWS UP The Arena,2025-12-02T23:08:21Z,2025-12-02T19:30:46Z,2025-12-02T22:59:01Z,2025-12-02T19:30:00Z,2025-12-02T14:30:46-05:00,Tue,14,12496,227555,3225,749,https://youtu.be/I-ZYDrpLDdk
Gil's Arena,UCAvjYgmwadC682OoC4Cc6TQ,2bKr1nk6ZKQ,Shedeur Sanders Is Being SABOTAGED By The Browns!!,2025-12-01T21:41:01Z,2025-12-01T19:33:01Z,2025-12-01T21:35:10Z,2025-12-01T19:30:00Z,2025-12-01T14:33:01-05:00,Mon,14,7341,124153,2226,417,https://youtu.be/2bKr1nk6ZKQ
Gil's Arena,UCAvjYgmwadC682OoC4Cc6TQ,it1kBIQ03qo,The Arena Celebrates An EPIC NFL Thanksgiving,2025-11-28T20:12:17Z,2025-11-28T18:02:01Z,2025-11-28T20:00:54Z,2025-11-28T18:00:00Z,2025-11-28T13:02:01-05:00,Fri,13,7130,100529,1791,288,https://youtu.be/it1kBIQ03qo
Gil's Arena,UCAvjYgmwadC682OoC4Cc6TQ,d3RRbp71u-U,The Los Angeles Lakers Have The BEST BIG 3 In The NBA!,2025-11-26T21:42:07Z,2025-11-26T19:33:46Z,2025-11-26T21:36:46Z,2025-11-26T19:35:00Z,2025-11-26T14:33:46-05:00,Wed,14,7386,310349,3896,625,https://youtu.be/d3RRbp71u-U
Gil's Arena,UCAvjYgmwadC682OoC4Cc6TQ,i1Iq2-VIvzw,Gil's Arena ERUPTS Over Kenyon vs Draymond Green,2025-11-25T23:09:46Z,2025-11-25T19:30:16Z,2025-11-25T23:01:04Z,2025-11-25T19:35:00Z,2025-11-25T14:30:16-05:00,Tue,14,12640,320480,5263,2292,https://youtu.be/i1Iq2-VIvzw
Gil's Arena,UCAvjYgmwadC682OoC4Cc6TQ,kDYAmWCe3UA,Shedeurs' 1st Win & Cowboys' Comeback UNLEASH The Arena,2025-11-24T21:42:53Z,2025-11-24T19:32:41Z,2025-11-24T21:37:20Z,2025-11-24T19:30:00Z,2025-11-24T14:32:41-05:00,Mon,14,7481,173070,3306,380,https://youtu.be/kDYAmWCe3UA
Gil's Arena,UCAvjYgmwadC682OoC4Cc6TQ,qfkvC31_v_Y,Josh Allen & The Bills Got EXPOSED Again In Prime Time,2025-11-21T21:42:45Z,2025-11-21T19:29:16Z,2025-11-21T21:34:13Z,2025-11-21T19:30:00Z,2025-11-21T14:29:16-05:00,Fri,14,7414,73237,1168,216,https://youtu.be/qfkvC31_v_Y
Gil's Arena,UCAvjYgmwadC682OoC4Cc6TQ,Oc9zGnO2XJY,Shai vs Jokic In Another MVP Battle HEATS UP Gil's Arena,2025-11-20T21:51:01Z,2025-11-20T19:34:06Z,2025-11-20T21:44:26Z,2025-11-20T19:35:00Z,2025-11-20T14:34:06-05:00,Thu,14,7836,213075,2965,761,https://youtu.be/Oc9zGnO2XJY
Gil's Arena,UCAvjYgmwadC682OoC4Cc6TQ,Man5Xcv5KU4,LeBron James' Return To The NBA FIRES UP Gil's Arena,2025-11-19T21:51:12Z,2025-11-19T19:31:16Z,2025-11-19T21:43:51Z,2025-11-19T19:35:00Z,2025-11-19T14:31:16-05:00,Wed,14,7965,237538,3706,466,https://youtu.be/Man5Xcv5KU4
Gil's Arena,UCAvjYgmwadC682OoC4Cc6TQ,koX6plwHcTI,LeBron's Return & The Cowboys' BIG Win SET OFF The Arena,2025-11-18T22:38:25Z,2025-11-18T18:59:36Z,2025-11-18T22:28:38Z,2025-11-18T19:00:00Z,2025-11-18T13:59:36-05:00,Tue,13,12556,188911,3335,629,https://youtu.be/koX6plwHcTI
Gil's Arena,UCAvjYgmwadC682OoC4Cc6TQ,OTRcKh2h12Q,Shedeur Sanders' First NFL Action DAZZLES The Arena!!,2025-11-17T19:46:21Z,2025-11-17T19:46:21Z,2025-11-17T21:55:04Z,2025-11-17T19:45:59Z,2025-11-17T14:46:21-05:00,Mon,14,7609,139390,2836,1022,https://youtu.be/OTRcKh2h12Q
Gil's Arena,UCAvjYgmwadC682OoC4Cc6TQ,iZ7o-OPPkcc,Terrell Suggs Breaks Down The NFL With The Arena!!,2025-11-14T21:51:12Z,2025-11-14T19:32:36Z,2025-11-14T21:34:48Z,2025-11-14T19:30:00Z,2025-11-14T14:32:36-05:00,Fri,14,7058,88233,1414,203,https://youtu.be/iZ7o-OPPkcc
Gil's Arena,UCAvjYgmwadC682OoC4Cc6TQ,fxvw6atf8-8,Steph Curry SAVING The Warriors FIRES UP Gil's Arena,2025-11-13T21:50:54Z,2025-11-13T19:35:21Z,2025-11-13T21:45:29Z,2025-11-13T19:35:00Z,2025-11-13T14:35:21-05:00,Thu,14,7795,250930,3809,1018,https://youtu.be/fxvw6atf8-8
Gil's Arena,UCAvjYgmwadC682OoC4Cc6TQ,ndCU_NT_cf4,Nico Harrison FIRED By The Mavs ERUPTS Gil's Arena,2025-11-12T21:57:34Z,2025-11-12T19:33:46Z,2025-11-12T21:50:50Z,2025-11-12T19:35:00Z,2025-11-12T14:33:46-05:00,Wed,14,8235,261488,4132,730,https://youtu.be/ndCU_NT_cf4
Gil's Arena,UCAvjYgmwadC682OoC4Cc6TQ,fworTsWZmYg,Micah Parsons & The Packers Letdown SETS OFF The Arena,2025-11-11T21:48:59Z,2025-11-11T19:30:46Z,2025-11-11T21:33:58Z,2025-11-11T19:30:00Z,2025-11-11T14:30:46-05:00,Tue,14,7395,101588,2055,410,https://youtu.be/fworTsWZmYg
Gil's Arena,UCAvjYgmwadC682OoC4Cc6TQ,MufHmOXSYxU,The NFL MVP Race HEATS UP The Arena,2025-11-10T21:40:48Z,2025-11-10T19:29:41Z,2025-11-10T21:30:47Z,2025-11-10T19:30:00Z,2025-11-10T14:29:41-05:00,Mon,14,7260,98491,1717,256,https://youtu.be/MufHmOXSYxU
Gil's Arena,UCAvjYgmwadC682OoC4Cc6TQ,9xMNY14jRz8,The Arena Reacts To Bo Nix & The Denver Bronocs Nasty Win,2025-11-07T21:44:21Z,2025-11-07T19:29:21Z,2025-11-07T21:34:15Z,2025-11-07T19:30:00Z,2025-11-07T14:29:21-05:00,Fri,14,7500,76087,1593,305,https://youtu.be/9xMNY14jRz8
Gil's Arena,UCAvjYgmwadC682OoC4Cc6TQ,7zV9zV_9y2k,Luka Doncic CRUSHING Wemby FIRES UP Gil's Arena,2025-11-06T22:06:58Z,2025-11-06T19:33:11Z,2025-11-06T21:55:41Z,2025-11-06T19:35:00Z,2025-11-06T14:33:11-05:00,Thu,14,8560,268838,4470,798,https://youtu.be/7zV9zV_9y2k
Gil's Arena,UCAvjYgmwadC682OoC4Cc6TQ,4YvatESBuuc,Gil's Arena Reacts To Ja Morant's HOSTILE Suspension!!,2025-11-05T21:54:28Z,2025-11-05T19:33:11Z,2025-11-05T21:47:33Z,2025-11-05T19:35:00Z,2025-11-05T14:33:11-05:00,Wed,14,8071,226954,3945,600,https://youtu.be/4YvatESBuuc
Gil's Arena,UCAvjYgmwadC682OoC4Cc6TQ,_l-80ADHLhs,Sauce Gardner Traded To The Colts STUNS The Arena | Part 2,2025-11-04T21:37:17Z,2025-11-04T20:13:36Z,2025-11-04T21:31:46Z,2025-11-04T20:15:00Z,2025-11-04T15:13:36-05:00,Tue,15,4696,81197,1448,252,https://youtu.be/_l-80ADHLhs
Gil's Arena,UCAvjYgmwadC682OoC4Cc6TQ,voau78HfkTU,Sauce Gardner Traded To The Colts STUNS The Arena | Part 1,2025-11-04T19:42:31Z,2025-11-04T19:30:16Z,2025-11-04T19:39:45Z,2025-11-04T19:30:00Z,2025-11-04T14:30:16-05:00,Tue,14,581,46582,698,225,https://youtu.be/voau78HfkTU
Gil's Arena,UCAvjYgmwadC682OoC4Cc6TQ,oaNzLsKn_tw,The NFL's Incredible Week 9 Turns The Arena HOSTILE!!!,2025-11-03T21:56:28Z,2025-11-03T19:33:06Z,2025-11-03T21:41:29Z,2025-11-03T19:30:00Z,2025-11-03T14:33:06-05:00,Mon,14,7716,106090,2132,398,https://youtu.be/oaNzLsKn_tw
Gil's Arena,UCAvjYgmwadC682OoC4Cc6TQ,xW8_DHbkKUg,Lamar Jackson Just SAVED The Baltimore Ravens' Season!,2025-10-31T20:32:26Z,2025-10-31T18:30:56Z,2025-10-31T20:25:16Z,2025-10-31T18:30:00Z,2025-10-31T14:30:56-04:00,Fri,14,6875,77661,1570,246,https://youtu.be/xW8_DHbkKUg
Gil's Arena,UCAvjYgmwadC682OoC4Cc6TQ,jYl7xICNQao,Gil's Arena Throws A SPOOKY Halloween Special,2025-10-30T21:04:42Z,2025-10-30T18:36:51Z,2025-10-30T20:57:28Z,2025-10-30T18:35:00Z,2025-10-30T14:36:51-04:00,Thu,14,8366,247331,4399,751,https://youtu.be/jYl7xICNQao
Gil's Arena,UCAvjYgmwadC682OoC4Cc6TQ,3skHNn4zSrU,Austin Reaves CARRYING The Los Angeles Lakers Fires Up Gil's Arena,2025-10-29T21:30:05Z,2025-10-29T18:34:41Z,2025-10-29T21:20:16Z,2025-10-29T18:35:00Z,2025-10-29T14:34:41-04:00,Wed,14,9926,213749,4176,658,https://youtu.be/3skHNn4zSrU
Gil's Arena,UCAvjYgmwadC682OoC4Cc6TQ,nL59q9eLj-c,The Chiefs Are Back To DESTROY The NFL | Ft. James Cook,2025-10-28T20:37:28Z,2025-10-28T18:29:21Z,2025-10-28T20:25:59Z,2025-10-28T18:30:00Z,2025-10-28T14:29:21-04:00,Tue,14,6965,72031,1366,251,https://youtu.be/nL59q9eLj-c
Gil's Arena,UCAvjYgmwadC682OoC4Cc6TQ,7VvnsXiwlQk,The Arena Gridiron Reacts To Week 8 of NFL Action,2025-10-27T20:33:40Z,2025-10-27T18:29:16Z,2025-10-27T20:25:38Z,2025-10-27T18:30:00Z,2025-10-27T14:29:16-04:00,Mon,14,6990,113367,2154,361,https://youtu.be/7VvnsXiwlQk
Gil's Arena,UCAvjYgmwadC682OoC4Cc6TQ,RzAMe45tUQA,Justin Herbert & The LA Chargers DAZZLE The Arena,2025-10-24T20:51:14Z,2025-10-24T18:30:46Z,2025-10-24T20:31:38Z,2025-10-24T18:30:00Z,2025-10-24T14:30:46-04:00,Fri,14,7196,48307,1061,268,https://youtu.be/RzAMe45tUQA
Gil's Arena,UCAvjYgmwadC682OoC4Cc6TQ,XcChK_TTWR8,Victor Wembanyama Is About To TAKE OVER The NBA!!,2025-10-23T21:13:43Z,2025-10-23T18:38:41Z,2025-10-23T21:07:21Z,2025-10-23T18:35:00Z,2025-10-23T14:38:41-04:00,Thu,14,8905,319565,5654,765,https://youtu.be/XcChK_TTWR8
Gil's Arena,UCAvjYgmwadC682OoC4Cc6TQ,hX0SS9o0PMY,Gil's Arena GOES WILD After NBA Tip Off,2025-10-22T21:14:23Z,2025-10-22T18:33:16Z,2025-10-22T21:07:39Z,2025-10-22T18:30:00Z,2025-10-22T14:33:16-04:00,Wed,14,9211,319416,7455,691,https://youtu.be/hX0SS9o0PMY
Gil's Arena,UCAvjYgmwadC682OoC4Cc6TQ,HXdHuCJnQtg,Baker Mayfield BLEW His MVP Chance On Monday Night!,2025-10-21T20:47:56Z,2025-10-21T18:29:21Z,2025-10-21T20:33:11Z,2025-10-21T18:30:00Z,2025-10-21T14:29:21-04:00,Tue,14,7391,75542,1425,281,https://youtu.be/HXdHuCJnQtg
Gil's Arena,UCAvjYgmwadC682OoC4Cc6TQ,EgvWuvf3x-8,An INSANE Week 7 In The NFL FIRES UP The Arena,2025-10-20T20:39:17Z,2025-10-20T18:29:06Z,2025-10-20T20:32:02Z,2025-10-20T18:30:00Z,2025-10-20T14:29:06-04:00,Mon,14,7365,123465,2442,391,https://youtu.be/EgvWuvf3x-8
Gil's Arena,UCAvjYgmwadC682OoC4Cc6TQ,zBDKUniTMN8,Joe Flacco vs Aaron Rodgers BLOWS AWAY The Arena,2025-10-17T21:15:02Z,2025-10-17T18:29:56Z,2025-10-17T20:50:30Z,2025-10-17T18:30:00Z,2025-10-17T14:29:56-04:00,Fri,14,8426,94573,2053,316,https://youtu.be/zBDKUniTMN8
Gil's Arena,UCAvjYgmwadC682OoC4Cc6TQ,NGvCb4a9htw,Kawhi Leonard's Secret Bag STUNS The Gil's Arena Crew,2025-10-16T21:22:28Z,2025-10-16T18:32:21Z,2025-10-16T21:14:15Z,2025-10-16T18:30:00Z,2025-10-16T14:32:21-04:00,Thu,14,9684,288722,6674,707,https://youtu.be/NGvCb4a9htw
Gil's Arena,UCAvjYgmwadC682OoC4Cc6TQ,0RH5K5JFSyM,Gil's Arena RETURNS To Recap A WILD NBA Offseason,2025-10-15T21:15:31Z,2025-10-15T18:32:56Z,2025-10-15T21:08:36Z,2025-10-15T18:30:00Z,2025-10-15T14:32:56-04:00,Wed,14,9325,330830,9023,1716,https://youtu.be/0RH5K5JFSyM
Gil's Arena,UCAvjYgmwadC682OoC4Cc6TQ,BJ3Ska7EJ3M,Bijan Robinson BROKE Josh Allen & The Buffalo Bills,2025-10-14T20:38:15Z,2025-10-14T18:30:56Z,2025-10-14T20:28:37Z,2025-10-14T18:30:00Z,2025-10-14T14:30:56-04:00,Tue,14,6958,91128,1681,360,https://youtu.be/BJ3Ska7EJ3M
Gil's Arena,UCAvjYgmwadC682OoC4Cc6TQ,youm5lWGAmo,Another Cowboys Loss SHATTERS Skip Bayless & The Arena,2025-10-13T20:40:36Z,2025-10-13T18:29:31Z,2025-10-13T20:33:35Z,2025-10-13T18:30:00Z,2025-10-13T14:29:31-04:00,Mon,14,7435,124347,2447,436,https://youtu.be/youm5lWGAmo
Gil's Arena,UCAvjYgmwadC682OoC4Cc6TQ,86uhcXJfnmU,Gilbert Arenas RETURNS To Preview Giants vs Eagles,2025-10-09T20:39:57Z,2025-10-09T18:30:46Z,2025-10-09T20:30:17Z,2025-10-09T18:30:00Z,2025-10-09T14:30:46-04:00,Thu,14,7145,106979,1985,366,https://youtu.be/86uhcXJfnmU
Gil's Arena,UCAvjYgmwadC682OoC4Cc6TQ,SmK9Kao3y1g,Joe Flacco TRADED Opens The Door For Shedeur Sanders!,2025-10-07T20:36:49Z,2025-10-07T18:29:36Z,2025-10-07T20:25:37Z,2025-10-07T18:30:00Z,2025-10-07T14:29:36-04:00,Tue,14,6945,110526,2204,345,https://youtu.be/SmK9Kao3y1g
Gil's Arena,UCAvjYgmwadC682OoC4Cc6TQ,vYofkU6TVmE,Drake Maye's BREAKOUT Game FIRES UP The Arena,2025-10-06T21:06:24Z,2025-10-06T18:32:26Z,2025-10-06T20:49:32Z,2025-10-06T18:30:00Z,2025-10-06T14:32:26-04:00,Mon,14,8216,124413,2600,429,https://youtu.be/vYofkU6TVmE
Gil's Arena,UCAvjYgmwadC682OoC4Cc6TQ,InfLs_Auy2g,Shedeur Sanders' Silent Treatment BAFFLES Gilbert Arenas,2025-10-02T20:48:52Z,2025-10-02T18:31:01Z,2025-10-02T20:33:20Z,2025-10-02T18:30:00Z,2025-10-02T14:31:01-04:00,Thu,14,7330,105088,2189,286,https://youtu.be/InfLs_Auy2g
Gil's Arena,UCAvjYgmwadC682OoC4Cc6TQ,vqZhK7C_W3s,Shedeur Finally Getting His Shot BLOWS UP The Arena,2025-09-30T20:41:18Z,2025-09-30T18:29:51Z,2025-09-30T20:32:24Z,2025-09-30T18:30:00Z,2025-09-30T14:29:51-04:00,Tue,14,7346,96905,1977,272,https://youtu.be/vqZhK7C_W3s
Gil's Arena,UCAvjYgmwadC682OoC4Cc6TQ,VPbMngJi4sM,Skip Bayless SNAPS On The Dallas Cowboys' STUNNING Tie,2025-09-29T20:40:28Z,2025-09-29T18:29:36Z,2025-09-29T20:32:31Z,2025-09-29T18:30:00Z,2025-09-29T14:29:36-04:00,Mon,14,7366,130125,2541,416,https://youtu.be/VPbMngJi4sM
Gil's Arena,UCAvjYgmwadC682OoC4Cc6TQ,0QIa3lA1gO4,Gilbert Arenas RETURNS To The Arena to Preview Week 4,2025-09-25T20:55:48Z,2025-09-25T18:30:21Z,2025-09-25T20:43:11Z,2025-09-25T18:30:00Z,2025-09-25T14:30:21-04:00,Thu,14,7955,127714,3029,356,https://youtu.be/0QIa3lA1gO4
Gil's Arena,UCAvjYgmwadC682OoC4Cc6TQ,yw2aulrvZE8,Russell Wilson BENCHED For Jaxson Dart STUNS The Arena,2025-09-23T20:47:05Z,2025-09-23T18:29:56Z,2025-09-23T20:26:27Z,2025-09-23T18:35:00Z,2025-09-23T14:29:56-04:00,Tue,14,6986,96520,1787,304,https://youtu.be/yw2aulrvZE8
Gil's Arena,UCAvjYgmwadC682OoC4Cc6TQ,_JOTHnc4Un8,An INSANE Week 3 Of NFL Football FIRES UP The Arena,2025-09-22T20:48:10Z,2025-09-22T18:29:11Z,2025-09-22T20:40:04Z,2025-09-22T18:30:00Z,2025-09-22T14:29:11-04:00,Mon,14,7865,113740,2253,329,https://youtu.be/_JOTHnc4Un8
Gil's Arena,UCAvjYgmwadC682OoC4Cc6TQ,EzD8f-advFA,Caleb Williams Is THE PROBLEM For The Chicago Bears,2025-09-18T20:51:35Z,2025-09-18T18:30:56Z,2025-09-18T20:39:26Z,2025-09-18T18:30:00Z,2025-09-18T14:30:56-04:00,Thu,14,7695,82340,1756,250,https://youtu.be/EzD8f-advFA
Gil's Arena,UCAvjYgmwadC682OoC4Cc6TQ,pZd2OQqPFqM,Shakur Stevenson Pulls NO PUNCHES With Gil's Arena!!,2025-09-17T18:45:06Z,2025-09-17T18:45:06Z,2025-09-17T20:08:18Z,2025-09-17T18:45:00Z,2025-09-17T14:45:06-04:00,Wed,14,4849,421878,8208,824,https://youtu.be/pZd2OQqPFqM
Gil's Arena,UCAvjYgmwadC682OoC4Cc6TQ,6RgpWEB016w,Shedeur Sanders' BAD Decision Turns The Arena HOSTILE,2025-09-16T20:48:09Z,2025-09-16T18:30:11Z,2025-09-16T20:31:47Z,2025-09-16T18:30:00Z,2025-09-16T14:30:11-04:00,Tue,14,7300,106979,2135,376,https://youtu.be/6RgpWEB016w
Gil's Arena,UCAvjYgmwadC682OoC4Cc6TQ,QRlfWQfRvgY,Joe Burrow's Injury & The Fall of KC SETS OFF The Arena,2025-09-15T20:51:03Z,2025-09-15T18:32:36Z,2025-09-15T20:40:10Z,2025-09-15T18:30:00Z,2025-09-15T14:32:36-04:00,Mon,14,7650,108736,2210,332,https://youtu.be/QRlfWQfRvgY
Gil's Arena,UCAvjYgmwadC682OoC4Cc6TQ,Ff-jzD1QL1Q,Jayden Daniels Will EXPOSE Micah Parsons & The Packers,2025-09-11T20:51:37Z,2025-09-11T18:29:31Z,2025-09-11T20:31:09Z,2025-09-11T18:30:00Z,2025-09-11T14:29:31-04:00,Thu,14,7296,94448,1836,277,https://youtu.be/Ff-jzD1QL1Q
Gil's Arena,UCAvjYgmwadC682OoC4Cc6TQ,mgzOppPkjKI,JJ McCarthy's GUTSY Week 1 Win Dazzles The Arena,2025-09-11T07:12:55Z,2025-09-09T18:29:16Z,2025-09-09T20:32:38Z,2025-09-09T18:30:00Z,2025-09-09T14:29:16-04:00,Tue,14,7416,100851,2431,322,https://youtu.be/mgzOppPkjKI
Gil's Arena,UCAvjYgmwadC682OoC4Cc6TQ,P91MxSbq8z4,Tracy McGrady GETS REAL On His NBA Legacy & Kobe Comparisons,2025-09-10T19:45:06Z,2025-09-10T19:45:06Z,2025-09-10T21:41:20Z,2025-09-10T19:45:00Z,2025-09-10T15:45:06-04:00,Wed,15,6902,840978,10187,2218,https://youtu.be/P91MxSbq8z4
Gil's Arena,UCAvjYgmwadC682OoC4Cc6TQ,7AiXc24e8b0,Josh Allen & The Bills' EPIC COMEBACK Fires Up The Arena,2025-09-08T20:33:21Z,2025-09-08T18:29:59Z,2025-09-08T20:27:30Z,2025-09-08T18:30:00Z,2025-09-08T14:29:59-04:00,Mon,14,7056,143880,3330,503,https://youtu.be/7AiXc24e8b0
Gil's Arena,UCAvjYgmwadC682OoC4Cc6TQ,k0ozoeFo3M4,The Arena Gridiron REACTS To Eagles vs Cowboys,2025-09-05T18:49:09Z,2025-09-05T16:32:46Z,2025-09-05T18:42:26Z,2025-09-05T16:30:00Z,2025-09-05T12:32:46-04:00,Fri,12,7761,195380,4551,838,https://youtu.be/k0ozoeFo3M4
Gil's Arena,UCAvjYgmwadC682OoC4Cc6TQ,teOvpeorMxg,NFL Kickoff FIRES UP Skip Bayless & The Arena Crew,2025-09-04T18:43:51Z,2025-09-04T16:27:41Z,2025-09-04T18:31:51Z,2025-09-04T16:30:00Z,2025-09-04T12:27:41-04:00,Thu,12,7230,126095,3401,555,https://youtu.be/teOvpeorMxg
Gil's Arena,UCAvjYgmwadC682OoC4Cc6TQ,aoDGYcdpSpk,The Micah Parsons Trade SETS OFF Skip & The Arena,2025-09-02T18:32:35Z,2025-09-02T16:31:51Z,2025-09-02T18:26:22Z,2025-09-02T16:30:00Z,2025-09-02T12:31:51-04:00,Tue,12,6820,247182,7099,1622,https://youtu.be/aoDGYcdpSpk
Gil's Arena,UCAvjYgmwadC682OoC4Cc6TQ,fsvQp_k3NXA,Mark Cuban GETS REAL On The Luka Trade & NBA Business,2025-08-29T18:35:07Z,2025-08-29T18:35:07Z,2025-08-29T19:32:49Z,2025-08-29T18:35:00Z,2025-08-29T14:35:07-04:00,Fri,14,3335,335057,4228,467,https://youtu.be/fsvQp_k3NXA
Gil's Arena,UCAvjYgmwadC682OoC4Cc6TQ,8prG9dRtrkM,Stephen A Smith Makes A SURPRISE Return To Gil's Arena,2025-08-15T18:35:06Z,2025-08-15T18:35:06Z,2025-08-15T20:22:23Z,2025-08-15T18:35:00Z,2025-08-15T14:35:06-04:00,Fri,14,6289,796503,12763,2776,https://youtu.be/8prG9dRtrkM
Gil's Arena,UCAvjYgmwadC682OoC4Cc6TQ,GMVtu-qLzOM,Gil's Arena GOES WILD Over The Best Moments Of Season 3,2025-07-17T21:26:42Z,2025-07-17T18:46:21Z,2025-07-17T21:14:57Z,2025-07-17T18:35:00Z,2025-07-17T14:46:21-04:00,Thu,14,8915,394955,15885,753,https://youtu.be/GMVtu-qLzOM
Gil's Arena,UCAvjYgmwadC682OoC4Cc6TQ,d7VQAvFSUJw,Gil's Arena ERUPTS Over Their Top 10 Hoopers Of The Decade,2025-07-16T21:18:21Z,2025-07-16T18:40:53Z,2025-07-16T21:10:14Z,2025-07-16T18:35:00Z,2025-07-16T14:40:53-04:00,Wed,14,8920,286609,4280,1383,https://youtu.be/d7VQAvFSUJw
Gil's Arena,UCAvjYgmwadC682OoC4Cc6TQ,R-aZvUqRL5g,Bronny James COOKING Summer League FIRES UP Gil's Arena,2025-07-15T21:19:04Z,2025-07-15T18:40:06Z,2025-07-15T21:11:56Z,2025-07-15T18:35:00Z,2025-07-15T14:40:06-04:00,Tue,14,9040,251592,4145,773,https://youtu.be/R-aZvUqRL5g
Gil's Arena,UCAvjYgmwadC682OoC4Cc6TQ,P4Y58c1f9ug,Gil's Arena LOSES IT Over BR's All Time Top 100 Hoopers,2025-07-14T21:27:34Z,2025-07-14T18:38:06Z,2025-07-14T21:20:07Z,2025-07-14T18:35:00Z,2025-07-14T14:38:06-04:00,Mon,14,9715,276527,4599,1646,https://youtu.be/P4Y58c1f9ug
Gil's Arena,UCAvjYgmwadC682OoC4Cc6TQ,f0c0_COQuFc,Gil's Arena Previews Flagg vs Bronny At NBA Summer League,2025-07-10T20:43:14Z,2025-07-10T18:32:47Z,2025-07-10T20:37:03Z,2025-07-10T18:35:00Z,2025-07-10T14:32:47-04:00,Thu,14,7440,236640,3461,389,https://youtu.be/f0c0_COQuFc
Gil's Arena,UCAvjYgmwadC682OoC4Cc6TQ,-kl3kxf8uG4,Chet Holmgren's INSANE New Deal DIVIDES Gil's Arena,2025-07-09T21:26:57Z,2025-07-09T18:34:06Z,2025-07-09T21:17:49Z,2025-07-09T18:35:00Z,2025-07-09T14:34:06-04:00,Wed,14,9811,214736,3757,739,https://youtu.be/-kl3kxf8uG4
Gil's Arena,UCAvjYgmwadC682OoC4Cc6TQ,v25CfIlBON8,Gil's Arena RIPS The Warriors For Still MESSING With Kuminga,2025-07-08T21:23:08Z,2025-07-08T18:35:51Z,2025-07-08T21:15:41Z,2025-07-08T18:35:00Z,2025-07-08T14:35:51-04:00,Tue,14,9586,242272,4087,594,https://youtu.be/v25CfIlBON8
Gil's Arena,UCAvjYgmwadC682OoC4Cc6TQ,B4dxl4OGl7I,Bronny James' Summer League Breakout FIRES UP Gil's Arena,2025-07-07T21:21:46Z,2025-07-07T18:38:11Z,2025-07-07T21:15:10Z,2025-07-07T18:35:00Z,2025-07-07T14:38:11-04:00,Mon,14,9421,282515,4742,596,https://youtu.be/B4dxl4OGl7I
Gil's Arena,UCAvjYgmwadC682OoC4Cc6TQ,JRnKwuaVXtk,Gil's Arena Reacts To Damian Lillard CUT By The Bucks,2025-07-01T21:24:28Z,2025-07-01T18:34:21Z,2025-07-01T21:16:47Z,2025-07-01T18:35:00Z,2025-07-01T14:34:21-04:00,Tue,14,9745,310462,5284,692,https://youtu.be/JRnKwuaVXtk
Gil's Arena,UCAvjYgmwadC682OoC4Cc6TQ,66kF7eOtmrQ,LeBron James' Future With The Lakers FIRES UP Gil's Arena,2025-06-30T21:14:51Z,2025-06-30T18:37:41Z,2025-06-30T21:08:30Z,2025-06-30T18:35:00Z,2025-06-30T14:37:41-04:00,Mon,14,9035,278593,4172,779,https://youtu.be/66kF7eOtmrQ
Gil's Arena,UCAvjYgmwadC682OoC4Cc6TQ,22MenkxL4nQ,Gilbert Arenas Hosts A Funeral For Cemetery Larry,2025-06-26T21:36:37Z,2025-06-26T18:40:01Z,2025-06-26T21:29:01Z,2025-06-26T18:35:00Z,2025-06-26T14:40:01-04:00,Thu,14,10081,351230,5841,1489,https://youtu.be/22MenkxL4nQ
Gil's Arena,UCAvjYgmwadC682OoC4Cc6TQ,kwUoh0bLrig,The NBA Draft Sparks The BIGGEST Crash Out In Gil's Arena,2025-06-25T21:27:29Z,2025-06-25T18:37:46Z,2025-06-25T21:20:46Z,2025-06-25T18:35:00Z,2025-06-25T14:37:46-04:00,Wed,14,9711,276564,4879,1421,https://youtu.be/kwUoh0bLrig
Gil's Arena,UCAvjYgmwadC682OoC4Cc6TQ,EB5ohbdus2s,The BIG Trades Of The NBA Offseason SHAKE UP Gil's Arena,2025-06-24T21:13:45Z,2025-06-24T18:31:36Z,2025-06-24T21:06:13Z,2025-06-24T18:35:00Z,2025-06-24T14:31:36-04:00,Tue,14,9276,257210,4534,783,https://youtu.be/EB5ohbdus2s
Gil's Arena,UCAvjYgmwadC682OoC4Cc6TQ,86YYLyJk--0,Gil's Arena Reacts To An INSANE Final Day Of The NBA Season,2025-06-23T21:36:09Z,2025-06-23T18:35:31Z,2025-06-23T21:27:20Z,2025-06-23T18:35:00Z,2025-06-23T14:35:31-04:00,Mon,14,10290,298592,5476,1279,https://youtu.be/86YYLyJk--0
Gil's Arena,UCAvjYgmwadC682OoC4Cc6TQ,6McH7jcJFlk,Kendrick Perkins & Gil's Arena React To The Lakers BIG Sale,2025-06-19T21:05:42Z,2025-06-19T18:37:11Z,2025-06-19T20:58:48Z,2025-06-19T18:35:00Z,2025-06-19T14:37:11-04:00,Thu,14,8461,235595,4033,644,https://youtu.be/6McH7jcJFlk
Gil's Arena,UCAvjYgmwadC682OoC4Cc6TQ,aCKem7KlN9Q,Gil's Arena DANCES ON Stephen A's TERRIBLE Giannis Take,2025-06-18T21:09:47Z,2025-06-18T18:34:01Z,2025-06-18T21:02:49Z,2025-06-18T18:35:00Z,2025-06-18T14:34:01-04:00,Wed,14,8875,239481,5244,1794,https://youtu.be/aCKem7KlN9Q
Gil's Arena,UCAvjYgmwadC682OoC4Cc6TQ,e-n734nSC4I,Baron Davis Breaks Down NBA Finals Game 5 With Gil's Arena,2025-06-17T21:20:57Z,2025-06-17T18:34:11Z,2025-06-17T21:13:22Z,2025-06-17T18:35:00Z,2025-06-17T14:34:11-04:00,Tue,14,9546,203294,3886,827,https://youtu.be/e-n734nSC4I
Gil's Arena,UCAvjYgmwadC682OoC4Cc6TQ,-gTqonM8gj8,Another NBA BLOCKBUSTER Trade Shakes Up Gil's Arena,2025-06-16T21:15:54Z,2025-06-16T18:39:26Z,2025-06-16T21:08:34Z,2025-06-16T18:35:00Z,2025-06-16T14:39:26-04:00,Mon,14,8945,247496,4172,824,https://youtu.be/-gTqonM8gj8
Gil's Arena,UCAvjYgmwadC682OoC4Cc6TQ,fKlWFUqE4xU,Gil's Arena Hosts A HOSTILE 2v2 Pickleball Tournament,2025-06-13T18:30:06Z,2025-06-13T18:30:06Z,2025-06-13T19:51:38Z,2025-06-13T18:30:00Z,2025-06-13T14:30:06-04:00,Fri,14,4760,74951,2389,175,https://youtu.be/fKlWFUqE4xU
Gil's Arena,UCAvjYgmwadC682OoC4Cc6TQ,eQo3LNBZbb0,Lou Williams Finally FACES OFF With Mr. B & Gil's Arena,2025-06-12T21:25:50Z,2025-06-12T18:38:36Z,2025-06-12T21:15:36Z,2025-06-12T18:35:00Z,2025-06-12T14:38:36-04:00,Thu,14,9416,267017,5635,618,https://youtu.be/eQo3LNBZbb0
Gil's Arena,UCAvjYgmwadC682OoC4Cc6TQ,fJdecsGy348,Kevin Durant SNAPPING At His Haters Destroys Gil's Arena,2025-06-11T21:25:13Z,2025-06-11T18:34:06Z,2025-06-11T21:16:40Z,2025-06-11T18:35:00Z,2025-06-11T14:34:06-04:00,Wed,14,9716,218641,3700,1034,https://youtu.be/fJdecsGy348
Gil's Arena,UCAvjYgmwadC682OoC4Cc6TQ,ZzrzaraAbDM,Michael Rubin Schools Gil's Arena On Sports Business,2025-06-10T21:36:36Z,2025-06-10T18:39:56Z,2025-06-10T21:28:13Z,2025-06-10T18:35:00Z,2025-06-10T14:39:56-04:00,Tue,14,10086,158552,2888,422,https://youtu.be/ZzrzaraAbDM
Gil's Arena,UCAvjYgmwadC682OoC4Cc6TQ,BijQZSU0Lds,The Thunder's DOMINANT Game 2 Win DERAILS Gil's Arena!!,2025-06-09T21:21:45Z,2025-06-09T18:37:51Z,2025-06-09T21:14:29Z,2025-06-09T18:35:00Z,2025-06-09T14:37:51-04:00,Mon,14,9401,208522,3718,453,https://youtu.be/BijQZSU0Lds
Gil's Arena,UCAvjYgmwadC682OoC4Cc6TQ,4pm3o084gKA,PACERS VS THUNDER NBA FINALS  WATCH PARTY W/Gilbert Arenas,2025-06-09T03:35:31Z,2025-06-09T00:09:41Z,2025-06-09T03:19:53Z,2025-06-09T00:00:00Z,2025-06-08T20:09:41-04:00,Sun,20,11386,50469,685,38,https://youtu.be/4pm3o084gKA
Gil's Arena,UCAvjYgmwadC682OoC4Cc6TQ,VYm1BsiC2mA,Gil's Arena Goes to War with the Chat,2025-06-08T04:45:19Z,2025-06-07T19:30:51Z,2025-06-08T04:07:37Z,2025-06-07T19:15:00Z,2025-06-07T15:30:51-04:00,Sat,15,30966,40060,2823,37,https://youtu.be/VYm1BsiC2mA
Gil's Arena,UCAvjYgmwadC682OoC4Cc6TQ,-rSgsd6oh6w,Gilbert Arenas UNLOADS Another Hostile Take On Towns,2025-06-05T21:21:17Z,2025-06-05T18:37:11Z,2025-06-05T21:13:10Z,2025-06-05T18:35:00Z,2025-06-05T14:37:11-04:00,Thu,14,9360,205517,3548,735,https://youtu.be/-rSgsd6oh6w
Gil's Arena,UCAvjYgmwadC682OoC4Cc6TQ,Tk7xD5nGC70,Gilbert Arenas Reveals The NBA's Pick For Their Next Face,2025-06-04T21:18:24Z,2025-06-04T18:35:31Z,2025-06-04T21:11:42Z,2025-06-04T18:35:00Z,2025-06-04T14:35:31-04:00,Wed,14,9330,190677,3299,601,https://youtu.be/Tk7xD5nGC70
Gil's Arena,UCAvjYgmwadC682OoC4Cc6TQ,e8ZaZgrTb5o,Coach Thibs FIRED By The Knicks STUNS Gil's Arena!!,2025-06-03T21:25:19Z,2025-06-03T18:40:06Z,2025-06-03T21:17:20Z,2025-06-03T18:35:00Z,2025-06-03T14:40:06-04:00,Tue,14,9345,239258,4140,648,https://youtu.be/e8ZaZgrTb5o
Gil's Arena,UCAvjYgmwadC682OoC4Cc6TQ,xqy238LCC-Q,Gil's Arena BATTLES Over How To Fix The Knicks,2025-06-02T21:29:54Z,2025-06-02T18:38:31Z,2025-06-02T21:20:01Z,2025-06-02T18:35:00Z,2025-06-02T14:38:31-04:00,Mon,14,9670,225923,4076,858,https://youtu.be/xqy238LCC-Q
Gil's Arena,UCAvjYgmwadC682OoC4Cc6TQ,QuGERl_T5gQ,Gil's Arena Faces Off In A Backyard 2v2 Championship,2025-05-30T21:33:14Z,2025-05-30T19:04:11Z,2025-05-30T21:21:33Z,2025-05-30T18:30:00Z,2025-05-30T15:04:11-04:00,Fri,15,8157,123975,5535,235,https://youtu.be/QuGERl_T5gQ
Gil's Arena,UCAvjYgmwadC682OoC4Cc6TQ,6YjdBlK3ZWk,Gil's Arena Reacts To The Thunder's Run To The NBA Finals,2025-05-29T21:16:39Z,2025-05-29T18:35:01Z,2025-05-29T21:10:30Z,2025-05-29T18:35:00Z,2025-05-29T14:35:01-04:00,Thu,14,9310,237895,4580,594,https://youtu.be/6YjdBlK3ZWk
Gil's Arena,UCAvjYgmwadC682OoC4Cc6TQ,rdx-sfKjyzw,Haliburton's HISTORIC Triple Double BLOWS AWAY Gil's Arena,2025-05-28T21:24:39Z,2025-05-28T18:37:56Z,2025-05-28T21:16:01Z,2025-05-28T18:35:00Z,2025-05-28T14:37:56-04:00,Wed,14,9416,207135,3586,421,https://youtu.be/rdx-sfKjyzw
Gil's Arena,UCAvjYgmwadC682OoC4Cc6TQ,xJ9nfoJ5ZAI,Mero Breaks Down The Knicks' Playoff Run With Gil's Arena,2025-05-27T21:17:12Z,2025-05-27T18:42:26Z,2025-05-27T21:09:06Z,2025-05-27T18:35:00Z,2025-05-27T14:42:26-04:00,Tue,14,8800,194346,3599,514,https://youtu.be/xJ9nfoJ5ZAI
Gil's Arena,UCAvjYgmwadC682OoC4Cc6TQ,TAoHMWVhLIU,The Knicks MONSTER Comeback Gets Gil Back On The Bandwagon,2025-05-26T21:20:04Z,2025-05-26T18:35:01Z,2025-05-26T21:11:29Z,2025-05-26T18:35:00Z,2025-05-26T14:35:01-04:00,Mon,14,9391,240433,3928,646,https://youtu.be/TAoHMWVhLIU
Gil's Arena,UCAvjYgmwadC682OoC4Cc6TQ,sqtGJMW9o34,Tyrese Haliburton CHOKING Out The Knicks Stuns Gil's Arena,2025-05-22T21:17:27Z,2025-05-22T18:34:01Z,2025-05-22T21:09:46Z,2025-05-22T18:35:00Z,2025-05-22T14:34:01-04:00,Thu,14,9336,280619,4913,506,https://youtu.be/sqtGJMW9o34
Gil's Arena,UCAvjYgmwadC682OoC4Cc6TQ,Ai6P7ps7lcQ,Shai FLOPPING His Way To The Finals BLOWS UP Gil's Arena,2025-05-21T21:13:13Z,2025-05-21T18:34:11Z,2025-05-21T21:06:26Z,2025-05-21T18:35:00Z,2025-05-21T14:34:11-04:00,Wed,14,9106,222919,3749,978,https://youtu.be/Ai6P7ps7lcQ
Gil's Arena,UCAvjYgmwadC682OoC4Cc6TQ,nHd4TKmrtRs,Gil's Arena Previews Ant-Man's BATTLE For Face Of The NBA,2025-05-20T21:17:47Z,2025-05-20T18:33:01Z,2025-05-20T21:10:29Z,2025-05-20T18:35:00Z,2025-05-20T14:33:01-04:00,Tue,14,9215,221558,3811,580,https://youtu.be/nHd4TKmrtRs
Gil's Arena,UCAvjYgmwadC682OoC4Cc6TQ,Vvu9y3hWsnk,Gil's Arena Recaps The Thunder & Knicks' DOMINANT Weekend,2025-05-19T21:20:21Z,2025-05-19T18:36:46Z,2025-05-19T21:11:23Z,2025-05-19T18:35:00Z,2025-05-19T14:36:46-04:00,Mon,14,9261,259267,4909,1474,https://youtu.be/Vvu9y3hWsnk
Gil's Arena,UCAvjYgmwadC682OoC4Cc6TQ,WQOhQzefU5s,Gil's Arena Breaks Down How Jaylen Brown SAVED The Celtics,2025-05-15T21:19:24Z,2025-05-15T18:36:06Z,2025-05-15T21:11:52Z,2025-05-15T18:35:00Z,2025-05-15T14:36:06-04:00,Thu,14,9292,253146,4241,493,https://youtu.be/WQOhQzefU5s
Gil's Arena,UCAvjYgmwadC682OoC4Cc6TQ,ruDE1wIvouQ,Nikola Jokic & The Nuggets Are Playing DUMB Basketball,2025-05-14T21:21:42Z,2025-05-14T18:35:31Z,2025-05-14T21:12:58Z,2025-05-14T18:35:00Z,2025-05-14T14:35:31-04:00,Wed,14,9400,223778,3875,442,https://youtu.be/ruDE1wIvouQ
Gil's Arena,UCAvjYgmwadC682OoC4Cc6TQ,C_0T-g-BoFw,Jayson Tatum's DEVASTATING Injury Shocks Gil's Arena,2025-05-13T21:26:10Z,2025-05-13T18:33:06Z,2025-05-13T21:17:45Z,2025-05-13T18:35:00Z,2025-05-13T14:33:06-04:00,Tue,14,9875,268658,5097,464,https://youtu.be/C_0T-g-BoFw
Gil's Arena,UCAvjYgmwadC682OoC4Cc6TQ,Ipt3i5UhkTg,Danny Green Breaks Down The NBA Playoffs With Gil's Arena,2025-05-12T21:28:10Z,2025-05-12T18:34:56Z,2025-05-12T21:13:45Z,2025-05-12T18:35:00Z,2025-05-12T14:34:56-04:00,Mon,14,9503,268429,4596,572,https://youtu.be/Ipt3i5UhkTg
Gil's Arena,UCAvjYgmwadC682OoC4Cc6TQ,zxd6dlgM0o8,Another Celtics Collapse STUNS The Gil's Arena Crew,2025-05-08T21:17:08Z,2025-05-08T18:36:06Z,2025-05-08T21:06:01Z,2025-05-08T18:35:00Z,2025-05-08T14:36:06-04:00,Thu,14,8985,314931,5524,1699,https://youtu.be/zxd6dlgM0o8
Gil's Arena,UCAvjYgmwadC682OoC4Cc6TQ,_yoz94R8JjU,Tyrese Haliburton's BIG SHOT Blows Up Gil's Arena!!,2025-05-07T21:29:30Z,2025-05-07T18:35:27Z,2025-05-07T21:19:32Z,2025-05-07T18:35:00Z,2025-05-07T14:35:27-04:00,Wed,14,9793,266901,4535,530,https://youtu.be/_yoz94R8JjU
Gil's Arena,UCAvjYgmwadC682OoC4Cc6TQ,mgCBEiGvC8M,Gil's Arena TROLLS The Celtics For Choking Game 1,2025-05-06T21:28:35Z,2025-05-06T18:37:11Z,2025-05-06T21:17:02Z,2025-05-06T18:35:00Z,2025-05-06T14:37:11-04:00,Tue,14,9513,274142,4730,932,https://youtu.be/mgCBEiGvC8M
Gil's Arena,UCAvjYgmwadC682OoC4Cc6TQ,7E7biobh_WM,The Warriors & Nuggets Game 7 Blowouts TORCH Gil's Arena,2025-05-05T21:23:29Z,2025-05-05T18:39:21Z,2025-05-05T21:15:46Z,2025-05-05T18:35:00Z,2025-05-05T14:39:21-04:00,Mon,14,9381,277883,4861,537,https://youtu.be/7E7biobh_WM
Gil's Arena,UCAvjYgmwadC682OoC4Cc6TQ,P8hRdqX2u4Q,Gilbert Arenas RETURNS To Send The Lakers To Cancun,2025-05-01T21:13:55Z,2025-05-01T18:35:51Z,2025-05-01T21:05:33Z,2025-05-01T18:35:00Z,2025-05-01T14:35:51-04:00,Thu,14,8995,380983,6726,989,https://youtu.be/P8hRdqX2u4Q
Gil's Arena,UCAvjYgmwadC682OoC4Cc6TQ,LrW9VF3SbsA,Gil's Arena Reacts To Giannis CRASHING OUT Of The Playoffs,2025-04-30T21:12:14Z,2025-04-30T18:34:22Z,2025-04-30T21:04:18Z,2025-04-30T18:35:00Z,2025-04-30T14:34:22-04:00,Wed,14,8995,212547,3840,600,https://youtu.be/LrW9VF3SbsA
Gil's Arena,UCAvjYgmwadC682OoC4Cc6TQ,qxaJ01N9BZ0,Playoff Jimmy's Return FIRES UP The Gil's Arena Crew!!,2025-04-29T21:26:39Z,2025-04-29T18:35:46Z,2025-04-29T21:14:38Z,2025-04-29T18:35:00Z,2025-04-29T14:35:46-04:00,Tue,14,9535,250042,4521,567,https://youtu.be/qxaJ01N9BZ0
Gil's Arena,UCAvjYgmwadC682OoC4Cc6TQ,iYqjQMHXF-s,LeBron & The Lakers' Collapse STUNS The Gil's Arena Crew,2025-04-28T21:22:06Z,2025-04-28T18:34:21Z,2025-04-28T21:14:24Z,2025-04-28T18:35:00Z,2025-04-28T14:34:21-04:00,Mon,14,9555,312252,6171,681,https://youtu.be/iYqjQMHXF-s
Gil's Arena,UCAvjYgmwadC682OoC4Cc6TQ,QmOE87d1Tm4,Luka & The Lakers Are Back ON TOP Of The NBA Playoffs!,2025-04-23T21:25:37Z,2025-04-23T18:39:36Z,2025-04-23T21:15:55Z,2025-04-23T18:35:00Z,2025-04-23T14:39:36-04:00,Wed,14,9385,290067,4768,849,https://youtu.be/QmOE87d1Tm4
Gil's Arena,UCAvjYgmwadC682OoC4Cc6TQ,2ObMgtyi1k0,Kawhi Leonard Is A Top 5 Playoff Hooper!!,2025-04-22T21:24:22Z,2025-04-22T18:37:06Z,2025-04-22T21:15:46Z,2025-04-22T18:35:00Z,2025-04-22T14:37:06-04:00,Tue,14,9520,269300,4586,569,https://youtu.be/2ObMgtyi1k0
Gil's Arena,UCAvjYgmwadC682OoC4Cc6TQ,aWR2qgF0gnA,LeBron James & The Lakers Got EXPOSED In Game 1,2025-04-21T21:25:58Z,2025-04-21T18:39:56Z,2025-04-21T21:17:15Z,2025-04-21T18:35:00Z,2025-04-21T14:39:56-04:00,Mon,14,9435,284831,4753,1628,https://youtu.be/aWR2qgF0gnA
Gil's Arena,UCAvjYgmwadC682OoC4Cc6TQ,59C_-vINlfM,Gil's Arena & Brandon Jennings RESPOND To Patrick Beverley,2025-04-17T21:25:45Z,2025-04-17T18:43:56Z,2025-04-17T21:19:12Z,2025-04-17T18:35:00Z,2025-04-17T14:43:56-04:00,Thu,14,9321,278228,5158,1416,https://youtu.be/59C_-vINlfM
Gil's Arena,UCAvjYgmwadC682OoC4Cc6TQ,H6iwy2ky-Ng,Playoff Jimmy Butler's Return Is BAD News For The NBA,2025-04-16T21:22:14Z,2025-04-16T18:38:16Z,2025-04-16T21:13:46Z,2025-04-16T18:35:00Z,2025-04-16T14:38:16-04:00,Wed,14,9306,301220,5476,1032,https://youtu.be/H6iwy2ky-Ng
Gil's Arena,UCAvjYgmwadC682OoC4Cc6TQ,T1JiES14fmk,Kevin Durant & The Phoenix Suns Need To START OVER!!,2025-04-15T21:15:49Z,2025-04-15T18:37:11Z,2025-04-15T21:09:42Z,2025-04-15T18:35:00Z,2025-04-15T14:37:11-04:00,Tue,14,9145,260984,4650,821,https://youtu.be/T1JiES14fmk
Gil's Arena,UCAvjYgmwadC682OoC4Cc6TQ,_CNcV2iMpfg,Lil Dicky & Gata Preview The NBA Playoffs With Gil's Arena,2025-04-14T21:21:17Z,2025-04-14T18:46:01Z,2025-04-14T21:12:32Z,2025-04-14T18:35:00Z,2025-04-14T14:46:01-04:00,Mon,14,8786,280310,5254,737,https://youtu.be/_CNcV2iMpfg
Gil's Arena,UCAvjYgmwadC682OoC4Cc6TQ,OCMiX4yE4FY,Luka Doncic's REVENGE Game In Dallas FIRES UP Gil's Arena,2025-04-10T21:22:10Z,2025-04-10T18:38:26Z,2025-04-10T21:13:46Z,2025-04-10T18:35:00Z,2025-04-10T14:38:26-04:00,Thu,14,9084,344117,6305,969,https://youtu.be/OCMiX4yE4FY
Gil's Arena,UCAvjYgmwadC682OoC4Cc6TQ,aogeN12UZh0,Luka Doncic & The Lakers Got ROBBED By The NBA!!,2025-04-09T21:16:09Z,2025-04-09T18:43:32Z,2025-04-09T21:10:06Z,2025-04-09T18:35:00Z,2025-04-09T14:43:32-04:00,Wed,14,8780,278176,5339,877,https://youtu.be/aogeN12UZh0
Gil's Arena,UCAvjYgmwadC682OoC4Cc6TQ,sONEZuheI-w,Michael Malone FIRED By The Nuggets STUNS Gil's Arena,2025-04-08T21:31:46Z,2025-04-08T18:37:16Z,2025-04-08T21:24:10Z,2025-04-08T18:35:00Z,2025-04-08T14:37:16-04:00,Tue,14,10011,320808,6518,665,https://youtu.be/sONEZuheI-w
Gil's Arena,UCAvjYgmwadC682OoC4Cc6TQ,hrK2xBIrVaA,"Ja Morant's $75,000 Fine Turns Gil's Arena HOSTILE!!",2025-04-07T21:35:59Z,2025-04-07T18:37:06Z,2025-04-07T21:23:16Z,2025-04-07T18:35:00Z,2025-04-07T14:37:06-04:00,Mon,14,9961,288702,5502,1139,https://youtu.be/hrK2xBIrVaA
Gil's Arena,UCAvjYgmwadC682OoC4Cc6TQ,ALx2_mjcodg,Anthony Davis Carrying The Mavs FIRES UP Gil's Arena,2025-04-03T21:38:42Z,2025-04-03T18:36:31Z,2025-04-03T21:28:28Z,2025-04-03T18:35:00Z,2025-04-03T14:36:31-04:00,Thu,14,10311,379936,7181,763,https://youtu.be/ALx2_mjcodg
Gil's Arena,UCAvjYgmwadC682OoC4Cc6TQ,orQu0iCYGZ0,Nikola Jokic Just PROVED He's The NBA's Real MVP,2025-04-02T21:12:27Z,2025-04-02T18:35:06Z,2025-04-02T21:05:19Z,2025-04-02T18:35:00Z,2025-04-02T14:35:06-04:00,Wed,14,9000,257730,4998,683,https://youtu.be/orQu0iCYGZ0
Gil's Arena,UCAvjYgmwadC682OoC4Cc6TQ,Yxpzf6ty1m8,Zion Williamson's Season Ending Injury ROCKS Gil's Arena,2025-04-01T21:23:17Z,2025-04-01T18:40:26Z,2025-04-01T21:13:02Z,2025-04-01T18:35:00Z,2025-04-01T14:40:26-04:00,Tue,14,9151,243666,4634,506,https://youtu.be/Yxpzf6ty1m8
Gil's Arena,UCAvjYgmwadC682OoC4Cc6TQ,3ERtAgWuZ4k,Gil's Arena Throws A Party For 1 Million Subscribers!!,2025-03-31T21:21:54Z,2025-03-31T18:42:36Z,2025-03-31T21:12:37Z,2025-03-31T18:35:00Z,2025-03-31T14:42:36-04:00,Mon,14,8910,258575,7881,651,https://youtu.be/3ERtAgWuZ4k
Gil's Arena,UCAvjYgmwadC682OoC4Cc6TQ,GuR7K_CcJ4A,Cemetery Larry Stages A HOSTILE Takeover Of Gil's Arena,2025-03-27T21:01:23Z,2025-03-27T18:34:51Z,2025-03-27T20:55:27Z,2025-03-27T18:35:00Z,2025-03-27T14:34:51-04:00,Thu,14,8426,305259,7751,1585,https://youtu.be/GuR7K_CcJ4A
Gil's Arena,UCAvjYgmwadC682OoC4Cc6TQ,4c3txqLpTwQ,LeBron James' HOSTILE Interview BLOWS UP Gil's Arena,2025-03-26T21:21:54Z,2025-03-26T18:38:06Z,2025-03-26T21:14:23Z,2025-03-26T18:35:00Z,2025-03-26T14:38:06-04:00,Wed,14,9370,333618,5597,944,https://youtu.be/4c3txqLpTwQ
Gil's Arena,UCAvjYgmwadC682OoC4Cc6TQ,Lq339hXJq7k,The Lakers' Cold Streak Sparks A Gil's Arena Meltdown!!,2025-03-25T21:29:36Z,2025-03-25T18:37:31Z,2025-03-25T21:20:43Z,2025-03-25T18:35:00Z,2025-03-25T14:37:31-04:00,Tue,14,9786,232152,4243,842,https://youtu.be/Lq339hXJq7k
Gil's Arena,UCAvjYgmwadC682OoC4Cc6TQ,7kU7pB5ANqs,Bronny James Has Finally PROVEN He Belongs In The NBA!!,2025-03-24T21:31:41Z,2025-03-24T18:36:22Z,2025-03-24T21:14:29Z,2025-03-24T18:35:00Z,2025-03-24T14:36:22-04:00,Mon,14,9481,270137,4695,828,https://youtu.be/7kU7pB5ANqs
Gil's Arena,UCAvjYgmwadC682OoC4Cc6TQ,2RxsnDSZAYc,NBA 2K TOURNAMENT ROUND 1 #battlemode,2025-03-22T22:15:41Z,2025-03-22T18:35:16Z,2025-03-22T21:53:32Z,2025-03-22T18:30:00Z,2025-03-22T14:35:16-04:00,Sat,14,11896,34488,585,38,https://youtu.be/2RxsnDSZAYc
Gil's Arena,UCAvjYgmwadC682OoC4Cc6TQ,eRNFR0Vnz_Q,"BATTLE MODE: Biggest Comeback in Madden Championship History, Brandon Vs Maestro",2025-03-21T22:36:43Z,2025-03-21T18:45:11Z,2025-03-21T22:06:17Z,2025-03-21T18:30:00Z,2025-03-21T14:45:11-04:00,Fri,14,12027,46313,913,65,https://youtu.be/eRNFR0Vnz_Q
Gil's Arena,UCAvjYgmwadC682OoC4Cc6TQ,sewzGtsKeSU,Luka Doncic Is ALREADY A Top 5 Laker Ever!!!,2025-03-20T21:07:27Z,2025-03-20T18:39:13Z,2025-03-20T20:59:19Z,2025-03-20T18:35:00Z,2025-03-20T14:39:13-04:00,Thu,14,8395,255021,4439,1372,https://youtu.be/sewzGtsKeSU
Gil's Arena,UCAvjYgmwadC682OoC4Cc6TQ,bkYExMtnp_0,The NBA Should WATCH OUT For Draymond & The Warriors!,2025-03-19T21:15:27Z,2025-03-19T18:36:56Z,2025-03-19T21:04:41Z,2025-03-19T18:35:00Z,2025-03-19T14:36:56-04:00,Wed,14,8860,211096,4145,613,https://youtu.be/bkYExMtnp_0
Gil's Arena,UCAvjYgmwadC682OoC4Cc6TQ,ME7fpmUmYc4,Gil's Arena THROWS A Watch Party For Bucks vs Warriors,2025-03-19T06:24:16Z,2025-03-19T02:16:21Z,2025-03-19T06:04:50Z,2025-03-19T02:00:00Z,2025-03-18T22:16:21-04:00,Tue,22,12687,64619,1045,54,https://youtu.be/ME7fpmUmYc4
Gil's Arena,UCAvjYgmwadC682OoC4Cc6TQ,A6jy10gpoGk,Gilbert Arenas Sends A HOSTILE Threat To Skip Bayless!!,2025-03-18T21:25:08Z,2025-03-18T18:36:32Z,2025-03-18T21:16:33Z,2025-03-18T18:35:00Z,2025-03-18T14:36:32-04:00,Tue,14,9487,293538,5155,958,https://youtu.be/A6jy10gpoGk
Gil's Arena,UCAvjYgmwadC682OoC4Cc6TQ,qHkeMWidmWk,Gil's Arena THROWS A Watch Party For Nuggets vs Warriors,2025-03-18T05:17:07Z,2025-03-18T02:12:41Z,2025-03-18T04:52:55Z,2025-03-18T02:00:00Z,2025-03-17T22:12:41-04:00,Mon,22,9616,26193,409,5,https://youtu.be/qHkeMWidmWk
Gil's Arena,UCAvjYgmwadC682OoC4Cc6TQ,8sQKrRKDbHA,The Caucasian Lakers Prove They CAN WIN Without LeBron,2025-03-17T21:12:43Z,2025-03-17T18:37:06Z,2025-03-17T21:04:09Z,2025-03-17T18:35:00Z,2025-03-17T14:37:06-04:00,Mon,14,8706,312307,5591,1129,https://youtu.be/8sQKrRKDbHA
Gil's Arena,UCAvjYgmwadC682OoC4Cc6TQ,mOlVx1XgxfU,"MADDEN 25 TOURNAMENT W/ Gilbert Arenas, Brandon Jennings, Nick Young & Maestro",2025-03-14T22:41:52Z,2025-03-14T18:38:31Z,2025-03-14T22:16:14Z,2025-03-14T18:30:00Z,2025-03-14T14:38:31-04:00,Fri,14,12814,67169,1380,119,https://youtu.be/mOlVx1XgxfU
Gil's Arena,UCAvjYgmwadC682OoC4Cc6TQ,eTAWxC_7CwA,Gil's Arena THROWS A Watch Party For Lakers vs Bucks,2025-03-14T02:43:33Z,2025-03-13T23:37:51Z,2025-03-14T02:23:50Z,2025-03-13T23:30:00Z,2025-03-13T19:37:51-04:00,Thu,19,9385,53824,879,65,https://youtu.be/eTAWxC_7CwA
Gil's Arena,UCAvjYgmwadC682OoC4Cc6TQ,MvQSLJVtq44,Gil's Arena Reacts To  Shai's HOSTILE Takeover In Boston,2025-03-13T21:28:35Z,2025-03-13T18:40:02Z,2025-03-13T21:19:44Z,2025-03-13T18:35:00Z,2025-03-13T14:40:02-04:00,Thu,14,9507,262230,4838,661,https://youtu.be/MvQSLJVtq44
Gil's Arena,UCAvjYgmwadC682OoC4Cc6TQ,L2SzzHXfDS8,Zion Williamson's Breakout Season FIRES UP Gil's Arena,2025-03-12T21:14:18Z,2025-03-12T18:39:27Z,2025-03-12T21:06:50Z,2025-03-12T18:35:00Z,2025-03-12T14:39:27-04:00,Wed,14,8777,246654,4883,660,https://youtu.be/L2SzzHXfDS8
Gil's Arena,UCAvjYgmwadC682OoC4Cc6TQ,-RW-I2hkx7o,Stephen A Smith Finally FACES OFF With Gil's Arena,2025-03-11T21:22:30Z,2025-03-11T18:38:01Z,2025-03-11T21:04:26Z,2025-03-11T18:35:00Z,2025-03-11T14:38:01-04:00,Tue,14,8762,1161155,28411,6211,https://youtu.be/-RW-I2hkx7o
Gil's Arena,UCAvjYgmwadC682OoC4Cc6TQ,r8OeRZH-XaI,Gil's Arena THROWS A Watch Party For Thunder vs Nuggets,2025-03-11T03:11:50Z,2025-03-11T00:08:21Z,2025-03-11T02:59:09Z,2025-03-11T00:00:00Z,2025-03-10T20:08:21-04:00,Mon,20,10031,59296,827,89,https://youtu.be/r8OeRZH-XaI
Gil's Arena,UCAvjYgmwadC682OoC4Cc6TQ,VOzf7Ii1-YE,LeBron James' SMOKE For Stephen A DESTROYS Gil's Arena,2025-03-10T21:25:21Z,2025-03-10T18:37:47Z,2025-03-10T21:16:46Z,2025-03-10T18:35:00Z,2025-03-10T14:37:47-04:00,Mon,14,9415,307303,5528,1779,https://youtu.be/VOzf7Ii1-YE
Gil's Arena,UCAvjYgmwadC682OoC4Cc6TQ,ygzpsfLi2Us,Gil's Arena BATTLES Over Their Top 5 Active Point Guards,2025-03-06T22:24:27Z,2025-03-06T19:34:07Z,2025-03-06T22:15:53Z,2025-03-06T19:35:00Z,2025-03-06T14:34:07-05:00,Thu,14,9616,270764,4790,1027,https://youtu.be/ygzpsfLi2Us
Gil's Arena,UCAvjYgmwadC682OoC4Cc6TQ,WKI1pXtDviA,LeBron & Steph Prove They're Still The KINGS Of The NBA,2025-03-05T22:16:55Z,2025-03-05T19:34:22Z,2025-03-05T22:07:55Z,2025-03-05T19:35:00Z,2025-03-05T14:34:22-05:00,Wed,14,9092,266265,4974,766,https://youtu.be/WKI1pXtDviA
Gil's Arena,UCAvjYgmwadC682OoC4Cc6TQ,T8l8uOzAusc,Kyrie Irving's DEVASTATING Injury STUNS Gil's Arena,2025-03-04T22:25:55Z,2025-03-04T19:38:22Z,2025-03-04T22:18:22Z,2025-03-04T19:35:00Z,2025-03-04T14:38:22-05:00,Tue,14,9490,254277,4665,563,https://youtu.be/T8l8uOzAusc
Gil's Arena,UCAvjYgmwadC682OoC4Cc6TQ,PzUS362VVz4,LeBron James' MVP Season Sparks A Gil's Arena Meltdown,2025-03-03T22:21:43Z,2025-03-03T19:36:16Z,2025-03-03T22:11:23Z,2025-03-03T19:35:00Z,2025-03-03T14:36:16-05:00,Mon,14,9196,328337,6533,2005,https://youtu.be/PzUS362VVz4
Gil's Arena,UCAvjYgmwadC682OoC4Cc6TQ,8N7yVe6ltVo,"Gil's Arena Plays 2 On 2 For $100,000!!!",2025-02-27T22:31:53Z,2025-02-27T19:38:16Z,2025-02-27T22:22:24Z,2025-02-27T19:35:00Z,2025-02-27T14:38:16-05:00,Thu,14,9731,302135,6056,1505,https://youtu.be/8N7yVe6ltVo
Gil's Arena,UCAvjYgmwadC682OoC4Cc6TQ,GJVhLE3s1Dk,Luka Doncic's Revenge Game BLOWS UP Gil's Arena,2025-02-26T22:24:49Z,2025-02-26T19:38:11Z,2025-02-26T22:13:58Z,2025-02-26T19:35:00Z,2025-02-26T14:38:11-05:00,Wed,14,9273,320991,5689,1504,https://youtu.be/GJVhLE3s1Dk
Gil's Arena,UCAvjYgmwadC682OoC4Cc6TQ,iF-wPVsrXcs,Zion Williamson's Transformation Turns Gil's Arena HOSTILE,2025-02-25T22:27:11Z,2025-02-25T19:40:36Z,2025-02-25T22:18:30Z,2025-02-25T19:35:00Z,2025-02-25T14:40:36-05:00,Tue,14,9391,246580,4925,1129,https://youtu.be/iF-wPVsrXcs
Gil's Arena,UCAvjYgmwadC682OoC4Cc6TQ,LiLN9WfFcaY,Luka Doncic's First Laker BLACK OUT Fires Up Gil's Arena,2025-02-24T22:21:04Z,2025-02-24T19:39:21Z,2025-02-24T22:13:50Z,2025-02-24T19:35:00Z,2025-02-24T14:39:21-05:00,Mon,14,8915,529977,9425,2944,https://youtu.be/LiLN9WfFcaY
Gil's Arena,UCAvjYgmwadC682OoC4Cc6TQ,5hdTBAJdreY,All The Smoke Gets HOSTILE With Gil's Arena!!,2025-02-21T19:30:06Z,2025-02-21T19:30:06Z,2025-02-21T20:09:40Z,2025-02-21T19:30:00Z,2025-02-21T14:30:06-05:00,Fri,14,2290,503533,6646,1291,https://youtu.be/5hdTBAJdreY
Gil's Arena,UCAvjYgmwadC682OoC4Cc6TQ,lWpJ5ag1VOY,Joakim Noah GETS REAL On Wemby's Game & D-Rose's Legacy,2025-02-20T19:30:06Z,2025-02-20T19:30:06Z,2025-02-20T20:16:11Z,2025-02-20T19:30:00Z,2025-02-20T14:30:06-05:00,Thu,14,2688,336631,3139,611,https://youtu.be/lWpJ5ag1VOY
Gil's Arena,UCAvjYgmwadC682OoC4Cc6TQ,9UAzdKNVQuo,Tim Hardaway Sr. CALLS OUT Gil's Arena For TRASHING The 90's,2025-02-19T19:30:06Z,2025-02-19T19:30:06Z,2025-02-19T20:21:06Z,2025-02-19T19:30:00Z,2025-02-19T14:30:06-05:00,Wed,14,2974,438338,5949,1933,https://youtu.be/9UAzdKNVQuo
Gil's Arena,UCAvjYgmwadC682OoC4Cc6TQ,E0J205XBGgo,Rich Paul GETS REAL On Bronny & The NBA Trade Deadline,2025-02-18T19:30:06Z,2025-02-18T19:30:06Z,2025-02-18T20:23:12Z,2025-02-18T19:30:00Z,2025-02-18T14:30:06-05:00,Tue,14,3067,272476,3845,925,https://youtu.be/E0J205XBGgo
Gil's Arena,UCAvjYgmwadC682OoC4Cc6TQ,7AUMO7lvrK8,Baron Davis CRASHES Gil's Arena Live From NBA All Star,2025-02-17T19:30:06Z,2025-02-17T19:30:06Z,2025-02-17T21:05:26Z,2025-02-17T19:30:00Z,2025-02-17T14:30:06-05:00,Mon,14,5592,255178,3958,895,https://youtu.be/7AUMO7lvrK8
Gil's Arena,UCAvjYgmwadC682OoC4Cc6TQ,ckP4qqqboqY,Gil's Arena DRAFTS Their 2025 NBA All Star Teams,2025-02-12T22:13:07Z,2025-02-12T19:39:37Z,2025-02-12T22:06:23Z,2025-02-12T19:35:00Z,2025-02-12T14:39:37-05:00,Wed,14,8689,337215,5530,683,https://youtu.be/ckP4qqqboqY
Gil's Arena,UCAvjYgmwadC682OoC4Cc6TQ,AYliJlRxLTI,Luka Doncic's Lakers Debut SETS OFF Gil's Arena,2025-02-11T22:27:36Z,2025-02-11T19:41:01Z,2025-02-11T22:18:26Z,2025-02-11T19:35:00Z,2025-02-11T14:41:01-05:00,Tue,14,9441,410025,7269,1487,https://youtu.be/AYliJlRxLTI
Gil's Arena,UCAvjYgmwadC682OoC4Cc6TQ,uZoBbyHOy0U,The Mavs Already REGRET Anthony Davis & The Luka Trade,2025-02-10T22:33:58Z,2025-02-10T19:41:17Z,2025-02-10T22:24:58Z,2025-02-10T19:35:00Z,2025-02-10T14:41:17-05:00,Mon,14,9650,431166,7979,1562,https://youtu.be/uZoBbyHOy0U
Gil's Arena,UCAvjYgmwadC682OoC4Cc6TQ,KK5kPBsulRg,The CRAZIEST NBA Trade Deadline Ever IGNITES Gil's Arena,2025-02-06T22:38:53Z,2025-02-06T19:36:33Z,2025-02-06T22:26:19Z,2025-02-06T19:35:00Z,2025-02-06T14:36:33-05:00,Thu,14,10024,447947,9101,1069,https://youtu.be/KK5kPBsulRg
Gil's Arena,UCAvjYgmwadC682OoC4Cc6TQ,icbfu94eQZE,The Golden State Warriors CALLED Jimmy Butler's Bluff,2025-02-05T22:21:20Z,2025-02-05T19:35:22Z,2025-02-05T22:13:16Z,2025-02-05T19:35:00Z,2025-02-05T14:35:22-05:00,Wed,14,9131,399417,8539,1337,https://youtu.be/icbfu94eQZE
Gil's Arena,UCAvjYgmwadC682OoC4Cc6TQ,7Ym6eD4Zvlk,Luka Doncic's Laker Introduction FIRES UP Gil's Arena,2025-02-04T22:28:34Z,2025-02-04T19:36:22Z,2025-02-04T22:20:43Z,2025-02-04T19:35:00Z,2025-02-04T14:36:22-05:00,Tue,14,9815,396401,8572,1494,https://youtu.be/7Ym6eD4Zvlk
Gil's Arena,UCAvjYgmwadC682OoC4Cc6TQ,OMHcyfK83DU,Luka Doncic's Lakers Trade BLOWS UP Gil's Arena!!,2025-02-03T22:44:45Z,2025-02-03T19:38:31Z,2025-02-03T22:25:27Z,2025-02-03T19:35:00Z,2025-02-03T14:38:31-05:00,Mon,14,10004,942248,24153,2613,https://youtu.be/OMHcyfK83DU
Gil's Arena,UCAvjYgmwadC682OoC4Cc6TQ,b1Sd1DHpYBQ,Gil's Arena Reacts To The Warriors' BIG Win & Alijah Arenas' Decision,2025-01-30T22:28:30Z,2025-01-30T19:38:21Z,2025-01-30T22:21:02Z,2025-01-30T19:35:00Z,2025-01-30T14:38:21-05:00,Thu,14,9653,304151,5601,1322,https://youtu.be/b1Sd1DHpYBQ
Gil's Arena,UCAvjYgmwadC682OoC4Cc6TQ,LPwOso-ZLdE,Gil's Arena Breaks Down Bronny James' ROUGH 1st Quarter,2025-01-29T22:24:03Z,2025-01-29T19:36:51Z,2025-01-29T22:13:01Z,2025-01-29T19:35:00Z,2025-01-29T14:36:51-05:00,Wed,14,9372,263719,4987,1558,https://youtu.be/LPwOso-ZLdE
Gil's Arena,UCAvjYgmwadC682OoC4Cc6TQ,DEiG2ipVyNA,Gil's Arena Reacts To The De'Aaron Fox Trade Rumors,2025-01-28T22:29:14Z,2025-01-28T19:38:02Z,2025-01-28T22:21:16Z,2025-01-28T19:35:00Z,2025-01-28T14:38:02-05:00,Tue,14,9779,270621,4676,1366,https://youtu.be/DEiG2ipVyNA
Gil's Arena,UCAvjYgmwadC682OoC4Cc6TQ,gbIscCn34o0,Jimmy Butler's INDEFINITE Suspension BLOWS UP Gil's Arena,2025-01-27T22:30:46Z,2025-01-27T19:34:51Z,2025-01-27T22:22:10Z,2025-01-27T19:35:00Z,2025-01-27T14:34:51-05:00,Mon,14,10030,283409,5620,1027,https://youtu.be/gbIscCn34o0
Gil's Arena,UCAvjYgmwadC682OoC4Cc6TQ,IO1NoWIY4TU,Gil's Arena Reacts To Shai CEMENTING His Case For NBA MVP,2025-01-23T22:25:49Z,2025-01-23T19:41:42Z,2025-01-23T22:09:35Z,2025-01-23T19:35:00Z,2025-01-23T14:41:42-05:00,Thu,14,8770,285003,4824,760,https://youtu.be/IO1NoWIY4TU
Gil's Arena,UCAvjYgmwadC682OoC4Cc6TQ,OS1L_c_Z3MA,Jimmy Butler's 2nd Suspension SHOCKS Gil's Arena!!,2025-01-22T22:30:57Z,2025-01-22T19:40:16Z,2025-01-22T22:21:39Z,2025-01-22T19:35:00Z,2025-01-22T14:40:16-05:00,Wed,14,9649,289236,4625,1187,https://youtu.be/OS1L_c_Z3MA
Gil's Arena,UCAvjYgmwadC682OoC4Cc6TQ,ke9Bjws8308,Tatum's HOSTILE Message To Steve Kerr Fires Up Gil's Arena,2025-01-21T22:21:33Z,2025-01-21T19:37:11Z,2025-01-21T22:13:23Z,2025-01-21T19:35:00Z,2025-01-21T14:37:11-05:00,Tue,14,9377,272976,4759,1250,https://youtu.be/ke9Bjws8308
Gil's Arena,UCAvjYgmwadC682OoC4Cc6TQ,zGSwqhzwlQU,Gil's Arena Reacts To Jordan Poole's REVENGE on Draymond,2025-01-20T22:20:18Z,2025-01-20T19:38:22Z,2025-01-20T22:11:09Z,2025-01-20T19:35:00Z,2025-01-20T14:38:22-05:00,Mon,14,9021,273959,4788,1115,https://youtu.be/zGSwqhzwlQU
Gil's Arena,UCAvjYgmwadC682OoC4Cc6TQ,fSkIX85cQeI,Gil's Arena Reacts To Ja's DESTRUCTIVE Dunk On Wemby,2025-01-16T22:25:27Z,2025-01-16T19:39:21Z,2025-01-16T22:15:21Z,2025-01-16T19:35:00Z,2025-01-16T14:39:21-05:00,Thu,14,9308,300289,5036,968,https://youtu.be/fSkIX85cQeI
Gil's Arena,UCAvjYgmwadC682OoC4Cc6TQ,2fj2uWshVG4,Gil's Arena DEBATES If Nikola Jokic Will Be Top 10 Ever,2025-01-15T22:21:38Z,2025-01-15T19:39:22Z,2025-01-15T22:12:25Z,2025-01-15T19:35:00Z,2025-01-15T14:39:22-05:00,Wed,14,9147,271316,4278,793,https://youtu.be/2fj2uWshVG4
Gil's Arena,UCAvjYgmwadC682OoC4Cc6TQ,s6_v9wWIIdY,Gil's Arena Breaks Down The Lakers & Warriors SAD Futures,2025-01-15T01:30:06Z,2025-01-15T01:30:06Z,2025-01-15T03:18:33Z,2025-01-15T01:30:00Z,2025-01-14T20:30:06-05:00,Tue,20,6381,191330,3474,1293,https://youtu.be/s6_v9wWIIdY
Gil's Arena,UCAvjYgmwadC682OoC4Cc6TQ,AyvcUIezVWI,Gil's Arena Reacts To Jayson Tatum's Response To Mr. B,2025-01-14T02:15:06Z,2025-01-14T02:15:06Z,2025-01-14T04:02:59Z,2025-01-14T02:15:00Z,2025-01-13T21:15:06-05:00,Mon,21,6327,314948,5247,2428,https://youtu.be/AyvcUIezVWI
Gil's Arena,UCAvjYgmwadC682OoC4Cc6TQ,XzXhtXlQij0,Gil's Arena ERUPTS Over The End Of The Suns' Superteam,2025-01-07T22:17:37Z,2025-01-07T19:33:11Z,2025-01-07T22:09:45Z,2025-01-07T19:35:00Z,2025-01-07T14:33:11-05:00,Tue,14,9291,372792,5777,1311,https://youtu.be/XzXhtXlQij0
Gil's Arena,UCAvjYgmwadC682OoC4Cc6TQ,OSUQ4ERO60c,Gil's Arena GOES WILD For Gil's Birthday Bash,2025-01-06T22:17:11Z,2025-01-06T19:33:21Z,2025-01-06T22:10:35Z,2025-01-06T19:30:00Z,2025-01-06T14:33:21-05:00,Mon,14,9322,436396,8584,1586,https://youtu.be/OSUQ4ERO60c
Gil's Arena,UCAvjYgmwadC682OoC4Cc6TQ,3l0vAL-cYOw,Lonzo & LiAngelo Ball GET REAL With Gil's Arena,2024-12-24T19:30:06Z,2024-12-24T19:30:06Z,2024-12-24T20:11:05Z,2024-12-24T19:30:00Z,2024-12-24T14:30:06-05:00,Tue,14,2384,483841,8895,915,https://youtu.be/3l0vAL-cYOw
Gil's Arena,UCAvjYgmwadC682OoC4Cc6TQ,DpTDyWNOx4Y,Gil's Arena Gets HOSTILE Celebrating The Holiday Season,2024-12-23T19:30:06Z,2024-12-23T19:30:06Z,2024-12-23T20:48:49Z,2024-12-23T19:30:00Z,2024-12-23T14:30:06-05:00,Mon,14,4652,319142,5689,2162,https://youtu.be/DpTDyWNOx4Y
Gil's Arena,UCAvjYgmwadC682OoC4Cc6TQ,mwCCi5eilFc,Gil's Arena Reacts To The Zach Lavine Trade Rumors,2024-12-19T22:10:26Z,2024-12-19T19:41:42Z,2024-12-19T22:01:43Z,2024-12-19T19:35:00Z,2024-12-19T14:41:42-05:00,Thu,14,8325,345026,5568,1417,https://youtu.be/mwCCi5eilFc
Gil's Arena,UCAvjYgmwadC682OoC4Cc6TQ,KC3DkL5L8qA,The Bucks' NBA Cup Championship DESTROYS Gil's Arena,2024-12-18T22:00:17Z,2024-12-18T19:39:17Z,2024-12-18T21:53:19Z,2024-12-18T19:35:00Z,2024-12-18T14:39:17-05:00,Wed,14,8018,360486,5517,1040,https://youtu.be/KC3DkL5L8qA
Gil's Arena,UCAvjYgmwadC682OoC4Cc6TQ,ToTdIyE4j6Q,Gil's Arena PREDICTS Who Will Be The NBA Cup Champions,2024-12-17T22:29:18Z,2024-12-17T19:36:42Z,2024-12-17T22:18:57Z,2024-12-17T19:35:00Z,2024-12-17T14:36:42-05:00,Tue,14,9654,286562,4215,925,https://youtu.be/ToTdIyE4j6Q
Gil's Arena,UCAvjYgmwadC682OoC4Cc6TQ,ckem6LSs5ls,Gil's Arena GETS REAL On LeBron's Return To The Lakers,2024-12-16T22:23:40Z,2024-12-16T19:35:02Z,2024-12-16T22:13:50Z,2024-12-16T19:35:00Z,2024-12-16T14:35:02-05:00,Mon,14,9370,275925,4404,531,https://youtu.be/ckem6LSs5ls
Gil's Arena,UCAvjYgmwadC682OoC4Cc6TQ,kawoHWjSZeU,Trae Young COOKING The Knicks Gets Gil's Arena Fired Up,2024-12-12T22:20:06Z,2024-12-12T19:35:17Z,2024-12-12T22:12:11Z,2024-12-12T19:35:00Z,2024-12-12T14:35:17-05:00,Thu,14,9309,282933,4551,643,https://youtu.be/kawoHWjSZeU
Gil's Arena,UCAvjYgmwadC682OoC4Cc6TQ,xjxSh3l6uII,Gil's Arena Breaks Down The NBA Cup Quarter-Finals,2024-12-11T22:22:37Z,2024-12-11T19:35:46Z,2024-12-11T22:10:13Z,2024-12-11T19:35:00Z,2024-12-11T14:35:46-05:00,Wed,14,9276,249630,4411,1265,https://youtu.be/xjxSh3l6uII
Gil's Arena,UCAvjYgmwadC682OoC4Cc6TQ,wg7su-yPuaA,Jimmy Butler's Trade Rumors SHAKE UP Gil's Arena,2024-12-10T22:22:23Z,2024-12-10T19:33:46Z,2024-12-10T22:12:55Z,2024-12-10T19:35:00Z,2024-12-10T14:33:46-05:00,Tue,14,9556,277532,4133,879,https://youtu.be/wg7su-yPuaA
Gil's Arena,UCAvjYgmwadC682OoC4Cc6TQ,0Mttg-K2vtw,Bronny James' Best Game Ever BLOWS UP Gil's Arena!!,2024-12-09T22:21:00Z,2024-12-09T19:40:27Z,2024-12-09T22:13:30Z,2024-12-09T19:35:00Z,2024-12-09T14:40:27-05:00,Mon,14,9175,255901,4338,1025,https://youtu.be/0Mttg-K2vtw
Gil's Arena,UCAvjYgmwadC682OoC4Cc6TQ,eV01n8XT27E,The Los Angeles Lakers' ROCK BOTTOM Blows Up Gil's Arena,2024-12-05T22:19:48Z,2024-12-05T19:36:47Z,2024-12-05T22:11:17Z,2024-12-05T19:35:00Z,2024-12-05T14:36:47-05:00,Thu,14,9265,289697,4283,669,https://youtu.be/eV01n8XT27E
Gil's Arena,UCAvjYgmwadC682OoC4Cc6TQ,Hwv3idTnuQ4,Gil's Arena BATTLES Over How The Bucks SAVED Their Season,2024-12-04T22:26:23Z,2024-12-04T19:37:51Z,2024-12-04T22:16:01Z,2024-12-04T19:35:00Z,2024-12-04T14:37:51-05:00,Wed,14,9476,260942,3623,629,https://youtu.be/Hwv3idTnuQ4
Gil's Arena,UCAvjYgmwadC682OoC4Cc6TQ,bN7JdpygxSY,Gil's Arena GETS Real On LeBron & The Lakers' COLD Streak,2024-12-03T22:13:17Z,2024-12-03T19:35:36Z,2024-12-03T22:05:37Z,2024-12-03T19:35:00Z,2024-12-03T14:35:36-05:00,Tue,14,8971,246596,3963,1031,https://youtu.be/bN7JdpygxSY
Gil's Arena,UCAvjYgmwadC682OoC4Cc6TQ,8Gbe9nyPjzY,Gil's Arena Tells LeBron James To Take A BACK SEAT!!,2024-12-02T22:13:43Z,2024-12-02T19:36:57Z,2024-12-02T22:06:45Z,2024-12-02T19:35:00Z,2024-12-02T14:36:57-05:00,Mon,14,8975,244974,3999,563,https://youtu.be/8Gbe9nyPjzY
Gil's Arena,UCAvjYgmwadC682OoC4Cc6TQ,Lm7rng_X_Jk,Wallo CRASHES The Gil's Arena Thanksgiving Special,2024-11-27T19:30:06Z,2024-11-27T19:30:06Z,2024-11-27T20:36:50Z,2024-11-27T19:30:00Z,2024-11-27T14:30:06-05:00,Wed,14,3926,396181,6404,1356,https://youtu.be/Lm7rng_X_Jk
Gil's Arena,UCAvjYgmwadC682OoC4Cc6TQ,2EsgZn_6XrI,Gil's Arena GETS HOSTILE Debating The NBA's BEST Young PG,2024-11-26T22:07:08Z,2024-11-26T19:35:51Z,2024-11-26T21:58:10Z,2024-11-26T19:35:00Z,2024-11-26T14:35:51-05:00,Tue,14,8531,299871,4628,966,https://youtu.be/2EsgZn_6XrI
Gil's Arena,UCAvjYgmwadC682OoC4Cc6TQ,QR4ddlZAY1U,Gil's Arena Breaks Down How Mr. B Saved The Bucks' Season,2024-11-25T22:11:41Z,2024-11-25T19:35:11Z,2024-11-25T22:04:48Z,2024-11-25T19:35:00Z,2024-11-25T14:35:11-05:00,Mon,14,8971,313759,4636,1025,https://youtu.be/QR4ddlZAY1U
Gil's Arena,UCAvjYgmwadC682OoC4Cc6TQ,G-3sZLgYhXk,Gil's Arena Debates If PG's Injury COOKED The 76ers!!,2024-11-21T22:13:43Z,2024-11-21T19:35:06Z,2024-11-21T22:05:42Z,2024-11-21T19:35:00Z,2024-11-21T14:35:06-05:00,Thu,14,9022,270867,4356,850,https://youtu.be/G-3sZLgYhXk
Gil's Arena,UCAvjYgmwadC682OoC4Cc6TQ,vo0kzbmlGA4,Dalton Knecht's MONSTER GAME Gets Gil's Arena Hyped,2024-11-20T22:23:49Z,2024-11-20T19:39:46Z,2024-11-20T22:12:50Z,2024-11-20T19:35:00Z,2024-11-20T14:39:46-05:00,Wed,14,9174,268408,4553,1111,https://youtu.be/vo0kzbmlGA4
Gil's Arena,UCAvjYgmwadC682OoC4Cc6TQ,2MizO6jVkp0,Gil's Arena Reacts To The 76ers' Locker Room MELTDOWN,2024-11-19T22:12:52Z,2024-11-19T19:36:51Z,2024-11-19T22:05:27Z,2024-11-19T19:35:00Z,2024-11-19T14:36:51-05:00,Tue,14,8905,278830,4830,666,https://youtu.be/2MizO6jVkp0
Gil's Arena,UCAvjYgmwadC682OoC4Cc6TQ,HTcJdF580jc,Gil's Arena & Greg Oden CELEBRATE The Lakers' Winning Streak,2024-11-18T22:29:34Z,2024-11-18T19:37:52Z,2024-11-18T22:22:24Z,2024-11-18T19:35:00Z,2024-11-18T14:37:52-05:00,Mon,14,9865,299739,5229,1466,https://youtu.be/HTcJdF580jc
Gil's Arena,UCAvjYgmwadC682OoC4Cc6TQ,cc859j_D5U0,"LeBron, Giannis & Wemby's BIG Games FIRE UP Gil's Arena",2024-11-14T22:07:34Z,2024-11-14T19:37:57Z,2024-11-14T22:01:51Z,2024-11-14T19:35:00Z,2024-11-14T14:37:57-05:00,Thu,14,8630,296172,5094,613,https://youtu.be/cc859j_D5U0
Gil's Arena,UCAvjYgmwadC682OoC4Cc6TQ,rcMFhCRnSac,Gil's Arena Reacts To Steph Curry COOKING In Klay's Return,2024-11-13T22:21:56Z,2024-11-13T19:37:41Z,2024-11-13T22:15:19Z,2024-11-13T19:35:00Z,2024-11-13T14:37:41-05:00,Wed,14,9451,295806,4712,629,https://youtu.be/rcMFhCRnSac
Gil's Arena,UCAvjYgmwadC682OoC4Cc6TQ,fTwqLcjB6zs,Gil's Arena Previews Klay & Embiid's Return To Action!!,2024-11-12T22:15:08Z,2024-11-12T19:34:31Z,2024-11-12T22:08:03Z,2024-11-12T19:35:00Z,2024-11-12T14:34:31-05:00,Tue,14,9196,276772,4503,393,https://youtu.be/fTwqLcjB6zs
Gil's Arena,UCAvjYgmwadC682OoC4Cc6TQ,CLz-rIdQXrE,Gil's Arena Reacts To Another ROUGH Weekend For The Bucks,2024-11-11T22:25:03Z,2024-11-11T19:34:56Z,2024-11-11T22:17:30Z,2024-11-11T19:35:00Z,2024-11-11T14:34:56-05:00,Mon,14,9745,309756,5068,879,https://youtu.be/CLz-rIdQXrE
Gil's Arena,UCAvjYgmwadC682OoC4Cc6TQ,VpGM4_5NEQY,Bronny James' G-League Demotion BLOWS UP Gil's Arena,2024-11-07T22:29:12Z,2024-11-07T19:36:36Z,2024-11-07T22:21:22Z,2024-11-07T19:35:00Z,2024-11-07T14:36:36-05:00,Thu,14,9880,366731,5075,1208,https://youtu.be/VpGM4_5NEQY
Gil's Arena,UCAvjYgmwadC682OoC4Cc6TQ,qufJe9Pm5PA,The Lakers' Rough Road Trip CONCERNS The Gil's Arena Crew,2024-11-06T22:30:49Z,2024-11-06T19:33:12Z,2024-11-06T22:21:52Z,2024-11-06T19:35:00Z,2024-11-06T14:33:12-05:00,Wed,14,10115,309303,4519,1041,https://youtu.be/qufJe9Pm5PA
Gil's Arena,UCAvjYgmwadC682OoC4Cc6TQ,gNbgCcWCqWA,The Suns & Warriors' HOT START Fires Up Gil's Arena,2024-11-05T22:23:46Z,2024-11-05T19:34:01Z,2024-11-05T22:14:33Z,2024-11-05T19:35:00Z,2024-11-05T14:34:01-05:00,Tue,14,9625,287279,4574,514,https://youtu.be/gNbgCcWCqWA
Gil's Arena,UCAvjYgmwadC682OoC4Cc6TQ,uf0YF5k8FM0,Joel Embiid's Shove STUNS Bun B & The Gil's Arena Crew,2024-11-04T22:23:47Z,2024-11-04T19:34:21Z,2024-11-04T22:15:59Z,2024-11-04T19:35:00Z,2024-11-04T14:34:21-05:00,Mon,14,9691,222306,4912,832,https://youtu.be/uf0YF5k8FM0
Gil's Arena,UCAvjYgmwadC682OoC4Cc6TQ,6KW-mjjPWgA,Gil's Arena Throws A Spooky Scary Halloween Special,2024-10-31T21:13:59Z,2024-10-31T18:38:16Z,2024-10-31T21:06:42Z,2024-10-31T18:35:00Z,2024-10-31T14:38:16-04:00,Thu,14,8915,304646,6093,904,https://youtu.be/6KW-mjjPWgA
Gil's Arena,UCAvjYgmwadC682OoC4Cc6TQ,Lru5LQ_NFDU,Giannis & The Bucks' Early Struggles DESTROYS Gil's Arena,2024-10-30T21:26:14Z,2024-10-30T18:36:36Z,2024-10-30T21:19:18Z,2024-10-30T18:35:00Z,2024-10-30T14:36:36-04:00,Wed,14,9756,292844,4245,614,https://youtu.be/Lru5LQ_NFDU
Gil's Arena,UCAvjYgmwadC682OoC4Cc6TQ,_yDAdz8NBAg,The Knicks & KAT's Slow Start CONCERNS The Gil's Arena Crew,2024-10-29T21:00:37Z,2024-10-29T18:33:36Z,2024-10-29T20:54:49Z,2024-10-29T18:35:00Z,2024-10-29T14:33:36-04:00,Tue,14,8470,240092,4071,471,https://youtu.be/_yDAdz8NBAg
Gil's Arena,UCAvjYgmwadC682OoC4Cc6TQ,3OrV3aFd9xY,LeBron & The Lakers' Hot Start FIRES UP Gil's Arena,2024-10-28T21:01:03Z,2024-10-28T18:36:01Z,2024-10-28T20:54:25Z,2024-10-28T18:35:00Z,2024-10-28T14:36:01-04:00,Mon,14,8296,341021,6561,825,https://youtu.be/3OrV3aFd9xY
Gil's Arena,UCAvjYgmwadC682OoC4Cc6TQ,R79el7Px9TM,Stephen A's SMOKE With Cemetery Larry BLOWS UP Gil's Arena,2024-10-24T21:24:30Z,2024-10-24T18:35:21Z,2024-10-24T21:17:14Z,2024-10-24T18:35:00Z,2024-10-24T14:35:21-04:00,Thu,14,9706,385934,5761,910,https://youtu.be/R79el7Px9TM
Gil's Arena,UCAvjYgmwadC682OoC4Cc6TQ,61Qbb0hb1Z4,Gil's Arena Breaks Down NBA Tip-Off With Dwight Howard,2024-10-23T21:26:15Z,2024-10-23T18:36:01Z,2024-10-23T21:16:46Z,2024-10-23T18:35:00Z,2024-10-23T14:36:01-04:00,Wed,14,9641,437197,6826,1082,https://youtu.be/61Qbb0hb1Z4
Gil's Arena,UCAvjYgmwadC682OoC4Cc6TQ,3yWDzLQnNtM,Gil's Arena GOES OFF Celebrating The NBA Season Tip-Off,2024-10-22T21:24:00Z,2024-10-22T18:35:46Z,2024-10-22T21:15:03Z,2024-10-22T18:35:00Z,2024-10-22T14:35:46-04:00,Tue,14,9566,255474,4174,666,https://youtu.be/3yWDzLQnNtM
Gil's Arena,UCAvjYgmwadC682OoC4Cc6TQ,hSYja52qFS8,Gil's Arena Reacts To Bronny James' BREAKOUT Game,2024-10-21T21:16:46Z,2024-10-21T18:37:18Z,2024-10-21T21:09:48Z,2024-10-21T18:35:00Z,2024-10-21T14:37:18-04:00,Mon,14,9151,231941,4234,868,https://youtu.be/hSYja52qFS8
Gil's Arena,UCAvjYgmwadC682OoC4Cc6TQ,9HlBxkvO3rU,Gil's Arena Reacts To The WILD Giannis Trade Rumors,2024-10-17T21:10:26Z,2024-10-17T18:33:31Z,2024-10-17T21:03:13Z,2024-10-17T18:35:00Z,2024-10-17T14:33:31-04:00,Thu,14,8975,247184,4071,844,https://youtu.be/9HlBxkvO3rU
Gil's Arena,UCAvjYgmwadC682OoC4Cc6TQ,SJA6KwZpjYQ,Gil's Arena Breaks Down The Golden State Warriors' NEW Era,2024-10-16T21:13:19Z,2024-10-16T18:36:02Z,2024-10-16T21:05:37Z,2024-10-16T18:35:00Z,2024-10-16T14:36:02-04:00,Wed,14,8950,236511,4462,441,https://youtu.be/SJA6KwZpjYQ
Gil's Arena,UCAvjYgmwadC682OoC4Cc6TQ,OZ-f4ZpQheY,Gil's Arena Reacts To The 76ers ROCKY Preseason Start,2024-10-15T21:18:47Z,2024-10-15T18:33:26Z,2024-10-15T21:10:06Z,2024-10-15T18:35:00Z,2024-10-15T14:33:26-04:00,Tue,14,9395,223002,4109,647,https://youtu.be/OZ-f4ZpQheY
Gil's Arena,UCAvjYgmwadC682OoC4Cc6TQ,jW88MAZ16w4,Gil's Arena Reacts To The HOSTILE Knicks & T-Wolves Trade,2024-10-14T21:14:18Z,2024-10-14T18:35:41Z,2024-10-14T21:06:27Z,2024-10-14T18:35:00Z,2024-10-14T14:35:41-04:00,Mon,14,9050,272749,5373,1198,https://youtu.be/jW88MAZ16w4
Gil's Arena,UCAvjYgmwadC682OoC4Cc6TQ,GzxzOY4RdLY,Gil's Arena Celebrates The Last Show of Season 2,2024-09-25T21:38:06Z,2024-09-25T18:35:13Z,2024-09-25T21:29:44Z,2024-09-25T18:35:00Z,2024-09-25T14:35:13-04:00,Wed,14,10389,245791,4936,934,https://youtu.be/GzxzOY4RdLY
Gil's Arena,UCAvjYgmwadC682OoC4Cc6TQ,kfyvky3i3ec,Gil's Arena Reacts To Joel Embiid's MASSIVE New Contract,2024-09-24T21:27:40Z,2024-09-24T18:32:25Z,2024-09-24T21:19:32Z,2024-09-24T18:35:00Z,2024-09-24T14:32:25-04:00,Tue,14,10031,309729,4149,947,https://youtu.be/kfyvky3i3ec
Gil's Arena,UCAvjYgmwadC682OoC4Cc6TQ,BxNjTbRlLpY,Gil's Arena Throws A Tailgate Party For Mr. B's Birthday,2024-09-24T03:55:00Z,2024-09-23T23:36:20Z,2024-09-24T03:24:08Z,2024-09-23T23:35:00Z,2024-09-23T19:36:20-04:00,Mon,19,13696,192388,2805,387,https://youtu.be/BxNjTbRlLpY
Gil's Arena,UCAvjYgmwadC682OoC4Cc6TQ,Ae1ARa9sUbQ,Gil's Arena  Gets Hyped For Ben Simmons' NBA Comeback,2024-09-18T21:08:35Z,2024-09-18T18:35:45Z,2024-09-18T21:01:22Z,2024-09-18T18:35:00Z,2024-09-18T14:35:45-04:00,Wed,14,8540,279599,4300,968,https://youtu.be/Ae1ARa9sUbQ
Gil's Arena,UCAvjYgmwadC682OoC4Cc6TQ,29_R1FQKr5s,Gil's Arena GETS REAL On Caitlin Clark's Dominant Season,2024-09-17T21:31:29Z,2024-09-17T18:35:18Z,2024-09-17T21:20:29Z,2024-09-17T18:35:00Z,2024-09-17T14:35:18-04:00,Tue,14,9901,275460,4461,3003,https://youtu.be/29_R1FQKr5s
Gil's Arena,UCAvjYgmwadC682OoC4Cc6TQ,yC74p3QdMRk,Gil's Arena Throws A WILD Tailgate For Eagles vs Falcons,2024-09-17T04:33:32Z,2024-09-16T23:49:08Z,2024-09-17T04:21:08Z,2024-09-16T23:45:00Z,2024-09-16T19:49:08-04:00,Mon,19,16340,209935,3556,565,https://youtu.be/yC74p3QdMRk
Gil's Arena,UCAvjYgmwadC682OoC4Cc6TQ,f8sZdxbI5UU,Gilbert Arenas Bets $50K To Brandon Jennings At Madden 2K25 Best Of 5,2024-09-13T03:30:42Z,2024-09-12T18:58:22Z,2024-09-12T21:36:56Z,2024-09-12T19:00:00Z,2024-09-12T14:58:22-04:00,Thu,14,9536,62176,1048,71,https://youtu.be/f8sZdxbI5UU
Gil's Arena,UCAvjYgmwadC682OoC4Cc6TQ,Ro0T3s8JPcc,Gil's Arena Debates Who Has The MOST NBA Aura,2024-09-11T21:17:21Z,2024-09-11T18:32:40Z,2024-09-11T21:10:01Z,2024-09-11T18:30:00Z,2024-09-11T14:32:40-04:00,Wed,14,9417,294314,4301,869,https://youtu.be/Ro0T3s8JPcc
Gil's Arena,UCAvjYgmwadC682OoC4Cc6TQ,-nOaCmnZsOk,Gil's Arena ERUPTS Over Jamal Murray's Max Extension,2024-09-10T21:32:40Z,2024-09-10T18:33:55Z,2024-09-10T21:23:02Z,2024-09-10T18:30:00Z,2024-09-10T14:33:55-04:00,Tue,14,10125,308070,4235,970,https://youtu.be/-nOaCmnZsOk
Gil's Arena,UCAvjYgmwadC682OoC4Cc6TQ,zpYVTIKGwhw,Gil's Arena Throws A Monday Night Tailgate,2024-09-10T05:24:13Z,2024-09-10T00:17:35Z,2024-09-10T04:01:18Z,2024-09-10T00:00:00Z,2024-09-09T20:17:35-04:00,Mon,20,13401,220840,3485,541,https://youtu.be/zpYVTIKGwhw
Gil's Arena,UCAvjYgmwadC682OoC4Cc6TQ,6n9QPqNtEYk,Gil's Arena EXPLODES Over The Greatest Team In NBA History,2024-09-05T21:23:36Z,2024-09-05T18:32:34Z,2024-09-05T21:15:21Z,2024-09-05T18:35:00Z,2024-09-05T14:32:34-04:00,Thu,14,9776,366645,5116,1862,https://youtu.be/6n9QPqNtEYk
Gil's Arena,UCAvjYgmwadC682OoC4Cc6TQ,59s2Hdkb-Vs,Gil's Arena EXPLODES Debating Hoopers vs Basketball Players,2024-09-04T21:24:44Z,2024-09-04T18:34:14Z,2024-09-04T21:16:38Z,2024-09-04T18:35:00Z,2024-09-04T14:34:14-04:00,Wed,14,9761,334865,5105,2066,https://youtu.be/59s2Hdkb-Vs
Gil's Arena,UCAvjYgmwadC682OoC4Cc6TQ,oW2Slp1l6F4,Gil's Arena Debates If NBA Hoopers Can PLAY In The NFL,2024-09-03T23:03:14Z,2024-09-03T18:31:27Z,2024-09-03T21:08:20Z,2024-09-03T18:35:00Z,2024-09-03T14:31:27-04:00,Tue,14,9415,279991,5039,1778,https://youtu.be/oW2Slp1l6F4
Gil's Arena,UCAvjYgmwadC682OoC4Cc6TQ,IvmQATzoYno,Gil's Arena GOES WILD With Dwight Howard!!,2024-08-29T22:00:39Z,2024-08-29T18:37:46Z,2024-08-29T21:10:54Z,2024-08-29T18:35:00Z,2024-08-29T14:37:46-04:00,Thu,14,9201,720882,12176,4115,https://youtu.be/IvmQATzoYno
Gil's Arena,UCAvjYgmwadC682OoC4Cc6TQ,N_GKST2U9W0,Gil's Arena DESTROYS NBA OGs For Disrespecting LeBron,2024-08-28T21:29:10Z,2024-08-28T18:32:38Z,2024-08-28T21:19:51Z,2024-08-28T18:35:00Z,2024-08-28T14:32:38-04:00,Wed,14,10025,422815,5597,2413,https://youtu.be/N_GKST2U9W0
Gil's Arena,UCAvjYgmwadC682OoC4Cc6TQ,G3AJch-p8Cc,Gil's Arena ERUPTS Debating If The Old School NBA Had Skill,2024-08-27T21:24:37Z,2024-08-27T18:35:25Z,2024-08-27T21:09:11Z,2024-08-27T18:35:00Z,2024-08-27T14:35:25-04:00,Tue,14,9204,277957,4798,1844,https://youtu.be/G3AJch-p8Cc
Gil's Arena,UCAvjYgmwadC682OoC4Cc6TQ,HQetN4s-Va0,Gil's Arena Debates The Best Scorers In NBA History,2024-08-22T21:24:40Z,2024-08-22T18:33:31Z,2024-08-22T21:13:24Z,2024-08-22T18:35:00Z,2024-08-22T14:33:31-04:00,Thu,14,9585,343847,4638,1015,https://youtu.be/HQetN4s-Va0
Gil's Arena,UCAvjYgmwadC682OoC4Cc6TQ,i7hD1K7je48,Gil's Arena Reacts To The WNBA HATING On Caitlin Clark,2024-08-21T21:18:09Z,2024-08-21T18:34:57Z,2024-08-21T21:09:34Z,2024-08-21T18:35:00Z,2024-08-21T14:34:57-04:00,Wed,14,9265,300837,5017,1922,https://youtu.be/i7hD1K7je48
Gil's Arena,UCAvjYgmwadC682OoC4Cc6TQ,_hsa0MsMwnw,Gil's Arena ERUPTS Debating KD vs Steph's Legacy,2024-08-20T21:18:26Z,2024-08-20T18:31:22Z,2024-08-20T21:10:09Z,2024-08-20T18:35:00Z,2024-08-20T14:31:22-04:00,Tue,14,9525,409362,5041,1915,https://youtu.be/_hsa0MsMwnw
Gil's Arena,UCAvjYgmwadC682OoC4Cc6TQ,-4OA_9tdPok,Gil's Arena Builds The PERFECT Roster For 2028 Team USA,2024-08-15T21:13:44Z,2024-08-15T18:33:21Z,2024-08-15T21:02:26Z,2024-08-15T18:35:00Z,2024-08-15T14:33:21-04:00,Thu,14,8960,300356,4491,817,https://youtu.be/-4OA_9tdPok
Gil's Arena,UCAvjYgmwadC682OoC4Cc6TQ,SBWjjC_7ZiM,Gil's Arena Predicts The Futures Of The Lakers & Warriors,2024-08-14T21:18:38Z,2024-08-14T18:33:51Z,2024-08-14T21:10:23Z,2024-08-14T18:35:00Z,2024-08-14T14:33:51-04:00,Wed,14,9396,301921,4559,725,https://youtu.be/SBWjjC_7ZiM
Gil's Arena,UCAvjYgmwadC682OoC4Cc6TQ,1PW2ya92wGY,Gil's Arena Celebrates Team USA's LEGENDARY Gold Medal,2024-08-13T21:26:35Z,2024-08-13T18:31:27Z,2024-08-13T21:18:41Z,2024-08-13T18:35:00Z,2024-08-13T14:31:27-04:00,Tue,14,10050,381883,5769,1628,https://youtu.be/1PW2ya92wGY
Gil's Arena,UCAvjYgmwadC682OoC4Cc6TQ,Y0AEocESIlA,Gil's Arena Reacts To Team USA's INSANE Comeback Over Serbia,2024-08-08T21:36:21Z,2024-08-08T18:35:19Z,2024-08-08T21:17:46Z,2024-08-08T18:35:00Z,2024-08-08T14:35:19-04:00,Thu,14,9735,504400,7008,1844,https://youtu.be/Y0AEocESIlA
Gil's Arena,UCAvjYgmwadC682OoC4Cc6TQ,lXvK66YQcEU,Gil's Arena Reacts To Team USA's BEATDOWN Of Brazil,2024-08-07T21:11:08Z,2024-08-07T18:36:36Z,2024-08-07T21:02:20Z,2024-08-07T18:30:00Z,2024-08-07T14:36:36-04:00,Wed,14,8733,214998,3755,710,https://youtu.be/lXvK66YQcEU
Gil's Arena,UCAvjYgmwadC682OoC4Cc6TQ,A0TK6o-19pE,Gil's Arena RETURNS To Break Down Team USA Hoops,2024-08-06T21:09:53Z,2024-08-06T18:34:41Z,2024-08-06T20:58:15Z,2024-08-06T18:30:00Z,2024-08-06T14:34:41-04:00,Tue,14,8614,241517,4741,952,https://youtu.be/A0TK6o-19pE
Gil's Arena,UCAvjYgmwadC682OoC4Cc6TQ,BNOY4N3ArSg,Gil's Arena Reacts To The Team USA vs Serbia,2024-07-17T22:19:49Z,2024-07-17T20:06:57Z,2024-07-17T22:08:14Z,2024-07-17T20:00:00Z,2024-07-17T16:06:57-04:00,Wed,16,7281,422203,6855,1247,https://youtu.be/BNOY4N3ArSg
Gil's Arena,UCAvjYgmwadC682OoC4Cc6TQ,jksiRMW_UUU,Gil's Arena Reacts To Jaylen Brown HATING On Bronny,2024-07-16T22:10:35Z,2024-07-16T20:04:54Z,2024-07-16T22:02:56Z,2024-07-16T20:00:00Z,2024-07-16T16:04:54-04:00,Tue,16,7106,417825,7366,3287,https://youtu.be/jksiRMW_UUU
Gil's Arena,UCAvjYgmwadC682OoC4Cc6TQ,xGEUd7XCfgc,Gil's Arena Reacts To The Team USA vs Australia,2024-07-15T22:14:59Z,2024-07-15T20:05:52Z,2024-07-15T22:07:28Z,2024-07-15T20:00:00Z,2024-07-15T16:05:52-04:00,Mon,16,7325,220760,5037,642,https://youtu.be/xGEUd7XCfgc
Gil's Arena,UCAvjYgmwadC682OoC4Cc6TQ,J4Ydd5MaGwU,Jeff Teague Enters Gil's Arena LIVE From Summer League,2024-07-14T22:10:06Z,2024-07-14T20:03:07Z,2024-07-14T22:02:36Z,2024-07-14T20:00:00Z,2024-07-14T16:03:07-04:00,Sun,16,7171,774117,10991,1132,https://youtu.be/J4Ydd5MaGwU
Gil's Arena,UCAvjYgmwadC682OoC4Cc6TQ,6jLR6qeCoKg,Gil's Arena Reacts To Brunson's Contract & Bronny's Slump,2024-07-13T22:08:15Z,2024-07-13T20:05:14Z,2024-07-13T22:01:30Z,2024-07-13T20:00:00Z,2024-07-13T16:05:14-04:00,Sat,16,6981,395803,6611,1925,https://youtu.be/6jLR6qeCoKg
Gil's Arena,UCAvjYgmwadC682OoC4Cc6TQ,m9tpSmzaLCk,Gil's Arena Reacts To Kawhi Leonard Leaving Team USA,2024-07-10T21:32:33Z,2024-07-10T18:43:03Z,2024-07-10T21:24:01Z,2024-07-10T18:30:00Z,2024-07-10T14:43:03-04:00,Wed,14,9621,396365,5895,1028,https://youtu.be/m9tpSmzaLCk
Gil's Arena,UCAvjYgmwadC682OoC4Cc6TQ,J8dtl902s8E,Gil's Arena FIRES BACK At De'Aaron Fox & Kings Fans,2024-07-09T21:15:17Z,2024-07-09T18:34:32Z,2024-07-09T21:02:27Z,2024-07-09T18:30:00Z,2024-07-09T14:34:32-04:00,Tue,14,8860,292356,5254,1109,https://youtu.be/J8dtl902s8E
Gil's Arena,UCAvjYgmwadC682OoC4Cc6TQ,EWATgu7FBaM,The Most HOSTILE Gil's Arena Episode Of The Summer,2024-07-08T21:21:24Z,2024-07-08T18:32:58Z,2024-07-08T21:13:36Z,2024-07-08T18:30:00Z,2024-07-08T14:32:58-04:00,Mon,14,9606,443498,6616,1823,https://youtu.be/EWATgu7FBaM
