date,channel_id,video_id,live_or_on_demand,subscribed_status,country_code,traffic_source_type,traffic_source_detail,views,engaged_views,watch_time_minutes,average_view_duration_seconds,average_view_duration_percentage,red_views,red_watch_time_minutes
20261008,UCSes4X8uDrpc4X46hJKjejg,ePdXtNfowRo,on_demand,not_subscribed,US,7,KcfbmjcZaZ8,1,1,8.3296666666666663,499.78,97.423001949317737,0,0
20261008,UCSes4X8uDrpc4X46hJKjejg,LguyQAIoKlA,on_demand,not_subscribed,US,5,,6,3,1.2466,23.424666666666667,0.53008976389831786,0,0
20261008,UCSes4X8uDrpc4X46hJKjejg,HtZ8tDkeGJY,on_demand,not_subscribed,TW,5,rajon rondo,1,1,0.60658333333333336,36.395,61.686440677966104,1,0.60658333333333336
20261008,UCSes4X8uDrpc4X46hJKjejg,MEHDJ9V-lIk,on_demand,not_subscribed,US,7,ANvcIveiJXk,1,1,12.476833333333333,748.61,36.340291262135921,0,0
20261008,UCSes4X8uDrpc4X46hJKjejg,gTMjT4y5LHE,on_demand,not_subscribed,KW,0,unknown,1,0,0,0,0,1,0
20261008,UCSes4X8uDrpc4X46hJKjejg,kAwxRTy15kQ,on_demand,not_subscribed,US,5,,1,0,0.035,0,0,0,0
20261008,UCSes4X8uDrpc4X46hJKjejg,YHtB62qU1r8,on_demand,not_subscribed,US,7,qQuVbAmawfA,1,1,3.0600333333333332,183.602,39.064255319148934,0,0
20261008,UCSes4X8uDrpc4X46hJKjejg,sggGghEhkSw,on_demand,not_subscribed,ZA,5,,1,0,0.032833333333333332,0,0,0,0
20261008,UCSes4X8uDrpc4X46hJKjejg,tvcu9WeDJD4,on_demand,not_subscribed,US,7,HtyvdjYvtwg,1,1,4.2166666666666668,253,64.871794871794876,0,0
20261008,UCSes4X8uDrpc4X46hJKjejg,J6rzMuvuMuo,on_demand,not_subscribed,CA,5,,3,1,1.2641666666666667,74.15,102.98611111111111,0,0
20261008,UCSes4X8uDrpc4X46hJKjejg,CHaZ3JGEv28,on_demand,not_subscribed,DO,5,washington wizards,3,1,0.70216666666666672,39,102.63157894736842,0,0
20261008,UCSes4X8uDrpc4X46hJKjejg,CHaZ3JGEv28,on_demand,not_subscribed,DE,24,unknown,5,2,2.0261166666666668,58.7835,154.69342105263158,0,0
20261008,UCSes4X8uDrpc4X46hJKjejg,f4MfVVTJ6pY,on_demand,not_subscribed,US,7,D-D6_Vjvq9w,1,1,1.392,83.52,5.08029197080292,0,0
20261008,UCSes4X8uDrpc4X46hJKjejg,dKoSQ-63gP4,on_demand,not_subscribed,US,5,,6,1,0.91425,39.931,6.5568144499178986,1,0.0776
20261008,UCSes4X8uDrpc4X46hJKjejg,CHaZ3JGEv28,on_demand,subscribed,GB,24,unknown,5,2,1.3195,37.72,99.263157894736835,3,0.65616666666666656
20261008,UCSes4X8uDrpc4X46hJKjejg,XfAPPqbSJaI,on_demand,not_subscribed,DE,0,unknown,1,1,0.026916666666666665,1.615,0.050547730829420968,1,0.026916666666666665
20261008,UCSes4X8uDrpc4X46hJKjejg,YHtB62qU1r8,on_demand,not_subscribed,SA,7,7rttm2qTnxg,2,2,3.5116833333333335,105.3505,22.415,0,0
20261008,UCSes4X8uDrpc4X46hJKjejg,QytSHiiqR3k,on_demand,not_subscribed,IE,24,unknown,7,4,1.0349833333333334,14.79975,77.893421052631581,2,0.31566666666666665
20261008,UCSes4X8uDrpc4X46hJKjejg,2n5LJUyMtAk,on_demand,not_subscribed,US,3,what-to-watch,803,398,1036.3139166666667,153.50982663316583,30.397985471914026,73,143.15116666666665
20261008,UCSes4X8uDrpc4X46hJKjejg,J6rzMuvuMuo,on_demand,not_subscribed,IN,5,,5,3,1.9448333333333334,38.333333333333336,53.24074074074074,1,0.078333333333333338
20261008,UCSes4X8uDrpc4X46hJKjejg,3oF068CdTYo,on_demand,not_subscribed,FR,3,what-to-watch,3,1,0.09705,3.138,9.2294117647058815,0,0
20261008,UCSes4X8uDrpc4X46hJKjejg,JZgusHsQ0l4,on_demand,not_subscribed,SE,3,what-to-watch,2,0,0.10688333333333333,0,0,0,0
20261008,UCSes4X8uDrpc4X46hJKjejg,-CjQjOd2JEA,on_demand,not_subscribed,ES,3,what-to-watch,1,1,4.704016666666667,282.241,99.731802120141339,0,0
20261008,UCSes4X8uDrpc4X46hJKjejg,198kcwoCgIY,on_demand,not_subscribed,US,5,,7,3,1.1015666666666666,20.348,75.362962962962968,2,0.60178333333333334
20261008,UCSes4X8uDrpc4X46hJKjejg,XTGlwLovDD0,on_demand,not_subscribed,TW,5,,1,0,0.010533333333333334,0,0,0,0
20261008,UCSes4X8uDrpc4X46hJKjejg,Ha6asqD-La8,on_demand,subscribed,AT,3,what-to-watch,1,1,0.57233333333333336,34.34,92.8108108108108,1,0.57233333333333336
20261008,UCSes4X8uDrpc4X46hJKjejg,YHtB62qU1r8,on_demand,not_subscribed,ES,3,what-to-watch,5,1,1.3755166666666667,78.31,16.661702127659574,0,0
20261008,UCSes4X8uDrpc4X46hJKjejg,BeZUS-lZ4qs,on_demand,not_subscribed,TT,3,what-to-watch,1,1,51.628466666666668,3097.708,99.99057456423499,0,0
20261008,UCSes4X8uDrpc4X46hJKjejg,gTMjT4y5LHE,on_demand,not_subscribed,BW,3,what-to-watch,1,0,0.0036666666666666666,0,0,0,0
20261008,UCSes4X8uDrpc4X46hJKjejg,l5M2ICRhyEA,on_demand,not_subscribed,MX,24,unknown,1,0,0.033333333333333333,0,0,0,0
20261008,UCSes4X8uDrpc4X46hJKjejg,0b8eta7f8mY,on_demand,not_subscribed,AU,5,,1,0,0.053166666666666668,0,0,0,0
20261008,UCSes4X8uDrpc4X46hJKjejg,YHtB62qU1r8,on_demand,not_subscribed,US,7,i_XXZnpLPxU,1,1,7.8241166666666668,469.447,99.882340425531922,0,0
20261008,UCSes4X8uDrpc4X46hJKjejg,k4-t8XMp-wg,on_demand,subscribed,CA,3,what-to-watch,2,0,0.15483333333333332,0,0,0,0
20261008,UCSes4X8uDrpc4X46hJKjejg,gTMjT4y5LHE,on_demand,subscribed,AU,3,what-to-watch,5,2,7.99145,235.2285,47.617105263157896,0,0
20261008,UCSes4X8uDrpc4X46hJKjejg,UvWPXkksqmM,on_demand,subscribed,US,5,,1,0,0.010333333333333333,0,0,0,0
20261008,UCSes4X8uDrpc4X46hJKjejg,9zaom3QbjYs,on_demand,not_subscribed,BR,3,what-to-watch,3,0,0.050033333333333332,0,0,0,0
20261008,UCSes4X8uDrpc4X46hJKjejg,6DF37rM0hQ4,on_demand,not_subscribed,US,5,,5,1,0.39393333333333336,18.25,19.414893617021278,0,0
20261008,UCSes4X8uDrpc4X46hJKjejg,HtZ8tDkeGJY,on_demand,not_subscribed,US,24,unknown,87,56,34.9574,36.918375000000005,62.573516949152541,6,2.45005
20261008,UCSes4X8uDrpc4X46hJKjejg,po8YrSQivoM,on_demand,subscribed,TW,3,what-to-watch,1,0,0.021333333333333333,0,0,0,0
20261008,UCSes4X8uDrpc4X46hJKjejg,SUZ5u07g_Nc,on_demand,not_subscribed,US,3,what-to-watch,1,0,0,0,0,0,0
20261008,UCSes4X8uDrpc4X46hJKjejg,ZpuhxsgE-7M,on_demand,not_subscribed,US,3,what-to-watch,5,2,2.2645,67.935,178.77631578947367,3,1.5761666666666667
20261008,UCSes4X8uDrpc4X46hJKjejg,QytSHiiqR3k,on_demand,not_subscribed,DE,3,what-to-watch,2,0,0.061666666666666668,0,0,0,0
20261008,UCSes4X8uDrpc4X46hJKjejg,YHtB62qU1r8,on_demand,not_subscribed,DK,3,what-to-watch,1,0,0.0083333333333333332,0,0,0,0
20261008,UCSes4X8uDrpc4X46hJKjejg,MEHDJ9V-lIk,on_demand,not_subscribed,US,7,SSoqvKr-9jA,1,1,0.19183333333333333,11.51,0.5587378640776699,1,0.19183333333333333
20261008,UCSes4X8uDrpc4X46hJKjejg,Ha6asqD-La8,on_demand,not_subscribed,GH,4,UCSes4X8uDrpc4X46hJKjejg,2,1,0.73233333333333328,43.94,118.75675675675676,0,0
20261008,UCSes4X8uDrpc4X46hJKjejg,YHtB62qU1r8,on_demand,not_subscribed,CO,3,what-to-watch,1,0,0.16833333333333333,0,0,0,0
20261008,UCSes4X8uDrpc4X46hJKjejg,WAYYE5BMG6c,on_demand,subscribed,US,4,UCSes4X8uDrpc4X46hJKjejg,2,1,0.2597,13.73,0.72339304531085358,0,0
20261008,UCSes4X8uDrpc4X46hJKjejg,5GYyKcjXNN0,on_demand,subscribed,GB,4,UCSes4X8uDrpc4X46hJKjejg,2,0,0.028833333333333332,0,0,0,0
20261008,UCSes4X8uDrpc4X46hJKjejg,bf0XSusrN3g,on_demand,subscribed,US,5,,1,1,0.028833333333333332,1.73,4.6756756756756754,0,0
20261008,UCSes4X8uDrpc4X46hJKjejg,gTMjT4y5LHE,on_demand,not_subscribed,US,8,ytremote,3,3,16.8752,337.50399999999996,68.320647773279347,1,8.2336833333333335
20261008,UCSes4X8uDrpc4X46hJKjejg,Rl73WZoqKzE,on_demand,subscribed,US,4,UCSes4X8uDrpc4X46hJKjejg,1,1,0.72483333333333333,43.49,7.2969798657718119,0,0
20261008,UCSes4X8uDrpc4X46hJKjejg,0b8eta7f8mY,on_demand,not_subscribed,US,7,4uo9yGPsg_4,2,2,2.7526,82.578,15.669449715370019,0,0
20261008,UCSes4X8uDrpc4X46hJKjejg,YHtB62qU1r8,on_demand,not_subscribed,PH,5,lebron james,1,1,2.1666666666666665,130,27.659574468085108,0,0
20261008,UCSes4X8uDrpc4X46hJKjejg,pWCQrmx8beo,on_demand,not_subscribed,BR,3,what-to-watch,1,0,0.02,0,0,0,0
20261008,UCSes4X8uDrpc4X46hJKjejg,6ljakZEWb0o,on_demand,not_subscribed,HK,5,,1,1,0.908,54.48,1.9717698154180239,0,0
20261008,UCSes4X8uDrpc4X46hJKjejg,YHtB62qU1r8,on_demand,not_subscribed,UG,3,what-to-watch,1,1,1.8083333333333333,108.5,23.085106382978722,0,0
20261008,UCSes4X8uDrpc4X46hJKjejg,PY_VRF7d7kc,on_demand,not_subscribed,ZA,5,,1,1,6.47065,388.239,93.3266826923077,0,0
20261008,UCSes4X8uDrpc4X46hJKjejg,yXI5JzLdcwk,on_demand,not_subscribed,US,3,what-to-watch,12,5,5.8063,68.936,86.17,1,0.28933333333333333
20261008,UCSes4X8uDrpc4X46hJKjejg,ID5K-VWCXew,on_demand,subscribed,JP,24,unknown,2,1,0.856,51.36,171.2,0,0
20261008,UCSes4X8uDrpc4X46hJKjejg,dKoSQ-63gP4,on_demand,not_subscribed,DE,7,jxGJdlBk2KY,1,1,9.8701833333333333,592.211,97.2431855500821,0,0
20261008,UCSes4X8uDrpc4X46hJKjejg,BeZUS-lZ4qs,on_demand,subscribed,GB,5,,1,0,0.042,0,0,0,0
20261008,UCSes4X8uDrpc4X46hJKjejg,YHtB62qU1r8,on_demand,not_subscribed,MM,3,what-to-watch,1,1,7.6911666666666667,461.47,98.185106382978717,0,0
20261008,UCSes4X8uDrpc4X46hJKjejg,MEHDJ9V-lIk,on_demand,not_subscribed,FR,7,NjxjHSGRImk,1,1,7.4222833333333336,445.337,21.618300970873786,0,0
20261008,UCSes4X8uDrpc4X46hJKjejg,YHtB62qU1r8,on_demand,not_subscribed,CH,3,what-to-watch,4,2,2.0581333333333331,60.319,12.833829787234043,0,0
20261008,UCSes4X8uDrpc4X46hJKjejg,gTMjT4y5LHE,on_demand,not_subscribed,CK,3,what-to-watch,1,1,2.107,126.42,25.591093117408906,1,2.107
20261008,UCSes4X8uDrpc4X46hJKjejg,MEHDJ9V-lIk,on_demand,not_subscribed,FR,5,carter bryant interview,5,2,2.6,73.45,3.5655339805825244,0,0
20261008,UCSes4X8uDrpc4X46hJKjejg,WATJsSNezuM,on_demand,not_subscribed,US,8,unknown,1,1,0.073116666666666663,4.387,7.4355932203389834,0,0
20261008,UCSes4X8uDrpc4X46hJKjejg,2n5LJUyMtAk,on_demand,not_subscribed,IQ,3,what-to-watch,1,0,0.0066666666666666671,0,0,0,0
20261008,UCSes4X8uDrpc4X46hJKjejg,PVOl1jy_sPs,on_demand,not_subscribed,US,3,what-to-watch,4,0,0.18333333333333332,0,0,0,0
20261008,UCSes4X8uDrpc4X46hJKjejg,DjhN1oAGTYA,on_demand,not_subscribed,SG,3,what-to-watch,2,0,0.0185,0,0,0,0
20261008,UCSes4X8uDrpc4X46hJKjejg,JZgusHsQ0l4,on_demand,not_subscribed,AL,5,,1,1,0.57366666666666666,34.42,66.1923076923077,0,0
20261008,UCSes4X8uDrpc4X46hJKjejg,84XwX8zGUOk,on_demand,not_subscribed,CA,3,what-to-watch,2,0,0.037333333333333336,0,0,0,0
20261008,UCSes4X8uDrpc4X46hJKjejg,lJGV7X5oOg0,on_demand,not_subscribed,ID,5,,1,1,0,0,0,0,0
20261008,UCSes4X8uDrpc4X46hJKjejg,CHaZ3JGEv28,on_demand,not_subscribed,RS,24,unknown,1,1,0.28166666666666668,16.9,44.473684210526315,0,0
20261008,UCSes4X8uDrpc4X46hJKjejg,6ljakZEWb0o,on_demand,not_subscribed,CA,3,what-to-watch,2,0,0.00465,0,0,0,0
20261008,UCSes4X8uDrpc4X46hJKjejg,FC36sHokYnk,on_demand,not_subscribed,ES,3,what-to-watch,1,0,0.0033333333333333335,0,0,0,0
20261008,UCSes4X8uDrpc4X46hJKjejg,dgP0I7rPTlU,on_demand,not_subscribed,US,0,unknown,1,1,0.0387,2.322,8.0068965517241377,0,0
20261008,UCSes4X8uDrpc4X46hJKjejg,18S1GBfKaIo,on_demand,not_subscribed,US,3,what-to-watch,12,5,2.7163833333333334,30.3906,0.94498134328358208,4,2.4158833333333334
20261008,UCSes4X8uDrpc4X46hJKjejg,0b8eta7f8mY,on_demand,not_subscribed,FR,5,,1,0,0.030283333333333332,0,0,0,0
20261008,UCSes4X8uDrpc4X46hJKjejg,M-M22Ac4CRE,on_demand,not_subscribed,GB,5,victor wembanyama,1,0,0.04451666666666667,0,0,0,0
20261008,UCSes4X8uDrpc4X46hJKjejg,l5M2ICRhyEA,on_demand,not_subscribed,IT,3,what-to-watch,4,2,1.1206666666666667,33.62,101.87878787878788,0,0
20261008,UCSes4X8uDrpc4X46hJKjejg,2n5LJUyMtAk,on_demand,not_subscribed,US,7,0b8eta7f8mY,1,1,8.0888333333333335,485.33,96.104950495049508,0,0
20261008,UCSes4X8uDrpc4X46hJKjejg,9LFMqUAyB_U,on_demand,not_subscribed,AU,7,5AFmE5krg7o,1,1,0.075416666666666674,4.525,0.53172737955346649,1,0.075416666666666674
20261008,UCSes4X8uDrpc4X46hJKjejg,QgzDiB4_6xw,on_demand,not_subscribed,CA,3,what-to-watch,1,0,0.083316666666666664,0,0,0,0
20261008,UCSes4X8uDrpc4X46hJKjejg,84XwX8zGUOk,on_demand,not_subscribed,IN,3,what-to-watch,1,0,0.020816666666666667,0,0,0,0
20261008,UCSes4X8uDrpc4X46hJKjejg,YHtB62qU1r8,on_demand,not_subscribed,TT,3,what-to-watch,1,0,0.0209,0,0,0,0
20261008,UCSes4X8uDrpc4X46hJKjejg,l5M2ICRhyEA,on_demand,not_subscribed,US,5,philadelphia 76ers,12,6,2.4758666666666667,23.982,72.672727272727272,1,0.013666666666666667
20261008,UCSes4X8uDrpc4X46hJKjejg,gTMjT4y5LHE,on_demand,subscribed,US,3,watch-later,1,1,7.78,466.8,94.493927125506076,0,0
20261008,UCSes4X8uDrpc4X46hJKjejg,HtZ8tDkeGJY,on_demand,not_subscribed,NO,3,what-to-watch,1,1,0.6237,37.422,63.4271186440678,1,0.6237
20261008,UCSes4X8uDrpc4X46hJKjejg,JZgusHsQ0l4,on_demand,not_subscribed,KE,5,,1,0,0.058333333333333334,0,0,0,0
20261008,UCSes4X8uDrpc4X46hJKjejg,dgP0I7rPTlU,on_demand,not_subscribed,KW,5,,1,1,0.1234,7.404,25.531034482758621,0,0
20261008,UCSes4X8uDrpc4X46hJKjejg,QytSHiiqR3k,on_demand,not_subscribed,SE,24,unknown,27,14,6.4234,27.41242857142857,144.27593984962405,4,0.62666666666666671
20261008,UCSes4X8uDrpc4X46hJKjejg,CHaZ3JGEv28,on_demand,subscribed,US,5,wizards,1,0,0.028333333333333332,0,0,0,0
20261008,UCSes4X8uDrpc4X46hJKjejg,9ueigxUx-KU,on_demand,subscribed,US,3,what-to-watch,1,1,9.7711666666666659,586.27,99.8756388415673,0,0
20261008,UCSes4X8uDrpc4X46hJKjejg,pWCQrmx8beo,on_demand,not_subscribed,US,7,gO--A5HteqY,1,1,0.031166666666666665,1.87,0.062167553191489359,0,0
20261008,UCSes4X8uDrpc4X46hJKjejg,9LFMqUAyB_U,on_demand,not_subscribed,US,9,reddit.com,1,1,0.15076666666666666,9.046,1.0629847238542891,0,0
20261008,UCSes4X8uDrpc4X46hJKjejg,wb2ebOkk2gE,on_demand,not_subscribed,US,3,what-to-watch,1,0,0.026666666666666668,0,0,0,0
20261008,UCSes4X8uDrpc4X46hJKjejg,dgP0I7rPTlU,on_demand,not_subscribed,PT,3,what-to-watch,2,1,0.63833333333333331,38.3,132.06896551724137,0,0
20261008,UCSes4X8uDrpc4X46hJKjejg,JZgusHsQ0l4,on_demand,not_subscribed,US,24,unknown,64,36,21.216566666666665,34.57325,66.487019230769235,4,1.45235
20261008,UCSes4X8uDrpc4X46hJKjejg,FrdUVQMyMVI,on_demand,not_subscribed,JP,5,,1,1,1.0483833333333332,62.903,9.2233137829912017,0,0
20261008,UCSes4X8uDrpc4X46hJKjejg,YHtB62qU1r8,on_demand,not_subscribed,BR,3,what-to-watch,4,1,0.87316666666666665,46.1,9.8085106382978715,0,0
20261008,UCSes4X8uDrpc4X46hJKjejg,UvWPXkksqmM,on_demand,not_subscribed,US,8,unknown,1,1,2.3077333333333332,138.464,20.916012084592143,0,0
20261008,UCSes4X8uDrpc4X46hJKjejg,KC4-NmPr0aI,on_demand,not_subscribed,US,5,,2,0,0.0415,0,0,0,0
20261008,UCSes4X8uDrpc4X46hJKjejg,gTMjT4y5LHE,on_demand,not_subscribed,NG,0,unknown,2,2,0.01855,0.5565,0.11265182186234818,0,0
20261008,UCSes4X8uDrpc4X46hJKjejg,YHtB62qU1r8,on_demand,not_subscribed,EG,8,offline,1,1,6.11,366.6,78,0,0
20261008,UCSes4X8uDrpc4X46hJKjejg,CHaZ3JGEv28,on_demand,subscribed,DE,24,unknown,2,1,1.01,60.6,159.47368421052633,0,0
20261008,UCSes4X8uDrpc4X46hJKjejg,l5M2ICRhyEA,on_demand,not_subscribed,GR,3,what-to-watch,5,1,2.3454333333333333,140.726,426.44242424242424,0,0
20261008,UCSes4X8uDrpc4X46hJKjejg,J6rzMuvuMuo,on_demand,not_subscribed,US,5,zach randolph demarcus cousins,25,13,13.843383333333334,63.450230769230764,88.125320512820508,2,1.305
20261008,UCSes4X8uDrpc4X46hJKjejg,OY-pMjvAl78,on_demand,subscribed,GB,8,unknown,1,1,29.565333333333335,1773.92,30.086838534599728,0,0
20261008,UCSes4X8uDrpc4X46hJKjejg,XxNpGT_I6mk,on_demand,not_subscribed,US,5,atlanta hawks,12,4,2.7275166666666668,39.24525,118.925,1,0.18116666666666667
20261008,UCSes4X8uDrpc4X46hJKjejg,YHtB62qU1r8,on_demand,not_subscribed,AU,5,lebron james,1,1,0.98088333333333333,58.853,12.521914893617021,0,0
20261008,UCSes4X8uDrpc4X46hJKjejg,2n5LJUyMtAk,on_demand,subscribed,US,3,what-to-watch,25,14,46.79165,199.07771428571431,39.421329561527578,4,3.9377333333333335
20261008,UCSes4X8uDrpc4X46hJKjejg,RgLNeyNCgfg,on_demand,not_subscribed,CA,3,what-to-watch,1,1,4.3418833333333335,260.513,93.373835125448025,0,0
20261008,UCSes4X8uDrpc4X46hJKjejg,JZgusHsQ0l4,on_demand,subscribed,SE,3,what-to-watch,2,1,0.9414,56.484,108.62307692307692,0,0
20261008,UCSes4X8uDrpc4X46hJKjejg,eAmJk-XzJZA,on_demand,not_subscribed,ID,5,,1,1,0.096666666666666665,5.8,11.153846153846153,0,0
20261008,UCSes4X8uDrpc4X46hJKjejg,gTMjT4y5LHE,on_demand,not_subscribed,ES,3,what-to-watch,3,2,11.1596,332.6635,67.340789473684211,0,0
20261008,UCSes4X8uDrpc4X46hJKjejg,-CjQjOd2JEA,on_demand,subscribed,GB,5,,1,0,0.027666666666666666,0,0,0,0
20261008,UCSes4X8uDrpc4X46hJKjejg,ePdXtNfowRo,on_demand,not_subscribed,SE,5,,2,1,0.36116666666666669,21.223,4.1370370370370368,1,0.35371666666666668
20261008,UCSes4X8uDrpc4X46hJKjejg,YHtB62qU1r8,on_demand,not_subscribed,US,5,76ers,21,6,14.244766666666667,137.93166666666667,29.347163120567377,1,0.0997
20261008,UCSes4X8uDrpc4X46hJKjejg,JZgusHsQ0l4,on_demand,not_subscribed,MX,3,what-to-watch,1,0,0.031666666666666669,0,0,0,0
20261008,UCSes4X8uDrpc4X46hJKjejg,sRIO-T5dRjA,on_demand,not_subscribed,CA,5,jeremiah fears,1,1,0.13833333333333334,8.3,29.642857142857142,0,0
20261008,UCSes4X8uDrpc4X46hJKjejg,CHaZ3JGEv28,on_demand,subscribed,SI,24,unknown,2,1,0.63166666666666671,37.9,99.736842105263165,2,0.63166666666666671
20261008,UCSes4X8uDrpc4X46hJKjejg,BeZUS-lZ4qs,on_demand,not_subscribed,US,7,li8ObHYq4fg,1,1,0.72883333333333333,43.73,1.4115558424790187,0,0
20261008,UCSes4X8uDrpc4X46hJKjejg,-CjQjOd2JEA,on_demand,not_subscribed,DE,7,Fq0W8gWD0v4,1,0,0.098133333333333336,0,0,0,0
20261008,UCSes4X8uDrpc4X46hJKjejg,Y-cACTFUlfo,on_demand,not_subscribed,CA,5,,2,1,0.85396666666666665,51.238,104.56734693877551,0,0
20261008,UCSes4X8uDrpc4X46hJKjejg,CHaZ3JGEv28,on_demand,subscribed,GB,3,/my_subscriptions,1,1,0.11348333333333334,6.809,17.918421052631579,0,0
20261008,UCSes4X8uDrpc4X46hJKjejg,HtZ8tDkeGJY,on_demand,subscribed,US,24,unknown,6,4,1.1641666666666666,16.4025,27.800847457627118,2,0.73016666666666663
20261008,UCSes4X8uDrpc4X46hJKjejg,SUZ5u07g_Nc,on_demand,subscribed,US,3,what-to-watch,1,0,0.099116666666666672,0,0,0,0
20261008,UCSes4X8uDrpc4X46hJKjejg,gTMjT4y5LHE,on_demand,not_subscribed,DK,3,what-to-watch,3,1,1.9957833333333332,106.715,21.602226720647774,0,0
20261008,UCSes4X8uDrpc4X46hJKjejg,HVLl_aTeQTE,on_demand,not_subscribed,US,26,76ers,1,1,0.45666666666666667,27.4,60.888888888888886,0,0
20261008,UCSes4X8uDrpc4X46hJKjejg,sMPDWe9PcD0,on_demand,not_subscribed,US,9,Google Search,1,1,0.34275,20.565,42.84375,0,0
20261008,UCSes4X8uDrpc4X46hJKjejg,HtZ8tDkeGJY,on_demand,not_subscribed,US,5,,19,7,6.8921,57.964714285714287,98.2452784503632,0,0
20261008,UCSes4X8uDrpc4X46hJKjejg,pWCQrmx8beo,on_demand,not_subscribed,US,7,R09S9nSIyEk,1,1,49.62375,2977.425,98.983543882978722,0,0
20261008,UCSes4X8uDrpc4X46hJKjejg,gTMjT4y5LHE,on_demand,not_subscribed,CO,3,what-to-watch,1,1,8.2331666666666674,493.99,99.997975708502025,1,8.2331666666666674
20261008,UCSes4X8uDrpc4X46hJKjejg,7HuaEHVdk6c,on_demand,not_subscribed,US,24,unknown,1,0,0.0061666666666666667,0,0,0,0
20261008,UCSes4X8uDrpc4X46hJKjejg,BeZUS-lZ4qs,on_demand,not_subscribed,US,7,WAYYE5BMG6c,1,1,16.831066666666668,1009.864,32.597288573273076,0,0
20261008,UCSes4X8uDrpc4X46hJKjejg,ZYxC81zpCi0,on_demand,not_subscribed,US,8,unknown,1,1,13.583583333333333,815.015,26.097182196605829,0,0
20261008,UCSes4X8uDrpc4X46hJKjejg,HCZIc9OVy1o,on_demand,subscribed,US,7,hWVOu6Sy1uU,1,1,2.8488333333333333,170.93,5.8779229711141676,1,2.8488333333333333
20261008,UCSes4X8uDrpc4X46hJKjejg,XxNpGT_I6mk,on_demand,not_subscribed,US,24,unknown,16,11,3.2219166666666665,16.980454545454545,51.455922865013775,1,0.51833333333333331
20261008,UCSes4X8uDrpc4X46hJKjejg,3oF068CdTYo,on_demand,not_subscribed,ES,3,what-to-watch,2,0,0.017333333333333333,0,0,0,0
20261008,UCSes4X8uDrpc4X46hJKjejg,M-M22Ac4CRE,on_demand,not_subscribed,US,3,what-to-watch,18,10,4.7805666666666671,28.2434,85.586060606060613,0,0
20261008,UCSes4X8uDrpc4X46hJKjejg,JZgusHsQ0l4,on_demand,not_subscribed,NO,3,what-to-watch,1,1,0.8385,50.31,96.75,0,0
20261008,UCSes4X8uDrpc4X46hJKjejg,3oF068CdTYo,on_demand,not_subscribed,GB,5,,2,1,0.58415,35.049,103.08529411764705,0,0
20261008,UCSes4X8uDrpc4X46hJKjejg,i-9mS8nWVRQ,on_demand,not_subscribed,CM,3,what-to-watch,2,1,1.27,76.2,101.6,0,0
20261008,UCSes4X8uDrpc4X46hJKjejg,JZgusHsQ0l4,on_demand,not_subscribed,JO,24,unknown,5,1,3.8415,230.49,443.25,0,0
20261008,UCSes4X8uDrpc4X46hJKjejg,oujDWGTay-Q,on_demand,not_subscribed,BE,3,what-to-watch,1,1,1.035,62.1,82.8,0,0
20261008,UCSes4X8uDrpc4X46hJKjejg,gTMjT4y5LHE,on_demand,not_subscribed,UA,3,what-to-watch,1,0,0,0,0,0,0
20261008,UCSes4X8uDrpc4X46hJKjejg,l5M2ICRhyEA,on_demand,not_subscribed,AE,5,philadelphia 76ers,1,1,0.39833333333333332,23.9,72.424242424242422,0,0
20261008,UCSes4X8uDrpc4X46hJKjejg,yXI5JzLdcwk,on_demand,subscribed,US,3,what-to-watch,1,0,0.0016666666666666668,0,0,0,0
20261008,UCSes4X8uDrpc4X46hJKjejg,YHtB62qU1r8,on_demand,not_subscribed,UY,3,what-to-watch,1,0,0.038066666666666665,0,0,0,0
20261008,UCSes4X8uDrpc4X46hJKjejg,ymfIczLSXfI,on_demand,not_subscribed,US,5,,5,2,1.3099166666666666,38.7025,101.84868421052632,0,0
20261008,UCSes4X8uDrpc4X46hJKjejg,gTMjT4y5LHE,on_demand,not_subscribed,CH,3,what-to-watch,4,1,0.26058333333333333,4.02,0.81376518218623484,1,0.067
20261008,UCSes4X8uDrpc4X46hJKjejg,OG1-VxzclcA,on_demand,not_subscribed,US,3,what-to-watch,2,2,0.10466666666666667,3.14,7.3023255813953485,0,0
20261008,UCSes4X8uDrpc4X46hJKjejg,YHtB62qU1r8,on_demand,not_subscribed,US,7,5qhF4LkvrfI,1,1,0.78573333333333328,47.144,10.03063829787234,0,0
20261008,UCSes4X8uDrpc4X46hJKjejg,YHtB62qU1r8,on_demand,not_subscribed,US,7,y8js21UYKz4,1,1,0.125,7.5,1.5957446808510638,0,0
20261008,UCSes4X8uDrpc4X46hJKjejg,sc2QVbRxxV8,on_demand,not_subscribed,TT,5,,1,0,0.0016666666666666668,0,0,0,0
20261008,UCSes4X8uDrpc4X46hJKjejg,b2h1JNbQl_M,on_demand,not_subscribed,TT,3,what-to-watch,1,0,0.0033333333333333335,0,0,0,0
20261008,UCSes4X8uDrpc4X46hJKjejg,-5W-IHpVhiI,on_demand,not_subscribed,US,5,,1,0,0.022166666666666668,0,0,0,0
20261008,UCSes4X8uDrpc4X46hJKjejg,QgeCWQjxuLA,on_demand,not_subscribed,PT,5,,1,0,0.076666666666666661,0,0,0,0
20261008,UCSes4X8uDrpc4X46hJKjejg,8ajxcRVL7g4,on_demand,subscribed,BS,5,cam thomas,1,1,1.2943333333333333,77.66,73.264150943396231,0,0
20261008,UCSes4X8uDrpc4X46hJKjejg,J6rzMuvuMuo,on_demand,not_subscribed,CA,8,unknown,1,1,0.5596,33.576,46.633333333333333,0,0
20261008,UCSes4X8uDrpc4X46hJKjejg,k2rjwlyjahc,on_demand,not_subscribed,GB,5,,3,1,2.18685,131.211,242.98333333333332,0,0
20261008,UCSes4X8uDrpc4X46hJKjejg,CHaZ3JGEv28,on_demand,subscribed,RS,24,unknown,1,0,0.02,0,0,1,0.02
20261008,UCSes4X8uDrpc4X46hJKjejg,6ljakZEWb0o,on_demand,subscribed,CA,3,what-to-watch,1,0,0.078433333333333327,0,0,0,0
20261008,UCSes4X8uDrpc4X46hJKjejg,18S1GBfKaIo,on_demand,subscribed,US,3,what-to-watch,1,1,25.715016666666667,1542.901,47.975777363184079,0,0
20261008,UCSes4X8uDrpc4X46hJKjejg,M-M22Ac4CRE,on_demand,not_subscribed,DE,5,victor wembanyama,3,1,1.1515,69.09,209.36363636363637,0,0
20261008,UCSes4X8uDrpc4X46hJKjejg,PY_VRF7d7kc,on_demand,not_subscribed,HR,5,,1,1,1.6586833333333333,99.521,23.923317307692308,0,0
20261008,UCSes4X8uDrpc4X46hJKjejg,ylj7phhxda8,on_demand,not_subscribed,US,5,,1,0,0.0016666666666666668,0,0,0,0
20261008,UCSes4X8uDrpc4X46hJKjejg,sRIO-T5dRjA,on_demand,not_subscribed,SN,5,jeremiah fears,1,1,1.8735333333333333,112.412,401.47142857142859,0,0
20261008,UCSes4X8uDrpc4X46hJKjejg,9LFMqUAyB_U,on_demand,not_subscribed,TH,3,what-to-watch,1,0,0.06735,0,0,0,0
20261008,UCSes4X8uDrpc4X46hJKjejg,BeZUS-lZ4qs,on_demand,not_subscribed,US,7,p1sKXuHSH7o,1,1,51.62833333333333,3097.7,99.990316333118145,1,51.62833333333333
20261008,UCSes4X8uDrpc4X46hJKjejg,HwWx5nhjCx8,on_demand,not_subscribed,US,3,what-to-watch,45,19,46.36265,142.56978947368421,13.695464887001364,9,9.1185166666666682
20261008,UCSes4X8uDrpc4X46hJKjejg,f4MfVVTJ6pY,on_demand,not_subscribed,KW,5,,1,0,0.056666666666666664,0,0,0,0
20261008,UCSes4X8uDrpc4X46hJKjejg,YHtB62qU1r8,on_demand,not_subscribed,ID,7,2_Wq9bVeFoc,1,1,0.0535,3.21,0.68297872340425536,0,0
20261008,UCSes4X8uDrpc4X46hJKjejg,WAYYE5BMG6c,on_demand,subscribed,CA,7,HdLEFBkWliM,1,1,31.622016666666667,1897.321,99.964225500526865,0,0
20261008,UCSes4X8uDrpc4X46hJKjejg,l5M2ICRhyEA,on_demand,subscribed,US,5,philadelphia 76ers,5,1,20.661833333333334,1239.71,3756.6969696969695,0,0
20261008,UCSes4X8uDrpc4X46hJKjejg,pWCQrmx8beo,on_demand,subscribed,US,7,cgaEfKeXRmI,1,1,37.706333333333333,2262.38,75.212101063829792,0,0
20261008,UCSes4X8uDrpc4X46hJKjejg,HtZ8tDkeGJY,on_demand,not_subscribed,US,7,jeh9bZdxGlI,2,1,1.0723166666666666,64.339,109.04915254237288,2,1.0723166666666666
20261008,UCSes4X8uDrpc4X46hJKjejg,VabbVbaoc3U,on_demand,not_subscribed,AU,5,,1,1,0.31,18.6,14.198473282442748,1,0.31
20261008,UCSes4X8uDrpc4X46hJKjejg,QytSHiiqR3k,on_demand,subscribed,SE,24,unknown,1,1,0.18166666666666667,10.9,57.368421052631582,0,0
20261008,UCSes4X8uDrpc4X46hJKjejg,CHaZ3JGEv28,on_demand,not_subscribed,US,9,unknown,1,1,0.18816666666666668,11.29,29.710526315789473,1,0.18816666666666668
20261008,UCSes4X8uDrpc4X46hJKjejg,wb2ebOkk2gE,on_demand,subscribed,US,3,what-to-watch,1,0,0.033333333333333333,0,0,0,0
20261008,UCSes4X8uDrpc4X46hJKjejg,QytSHiiqR3k,on_demand,not_subscribed,FI,3,what-to-watch,1,0,0,0,0,0,0
20261008,UCSes4X8uDrpc4X46hJKjejg,wPiF9-iLzdQ,on_demand,subscribed,CA,3,what-to-watch,1,1,0.024666666666666667,1.48,3.7,0,0
20261008,UCSes4X8uDrpc4X46hJKjejg,JZgusHsQ0l4,on_demand,subscribed,US,24,unknown,11,4,4.5137833333333335,65.86925,126.67163461538462,2,0.85783333333333334
20261008,UCSes4X8uDrpc4X46hJKjejg,QytSHiiqR3k,on_demand,not_subscribed,SE,5,,2,0,0.055,0,0,0,0
20261008,UCSes4X8uDrpc4X46hJKjejg,IkDS7ZhVkA4,on_demand,not_subscribed,US,7,tpJ3bKcxZgs,2,2,1.5670166666666667,47.0105,2.0368500866551127,0,0
20261008,UCSes4X8uDrpc4X46hJKjejg,RivhYbILNsY,on_demand,not_subscribed,US,5,,1,1,0.19233333333333333,11.54,10.49090909090909,0,0
20261008,UCSes4X8uDrpc4X46hJKjejg,gTMjT4y5LHE,on_demand,not_subscribed,BR,3,what-to-watch,2,0,0.15018333333333334,0,0,0,0
20261008,UCSes4X8uDrpc4X46hJKjejg,YHtB62qU1r8,on_demand,not_subscribed,US,9,unknown,1,1,0.013766666666666667,0.826,0.17574468085106382,0,0
20261008,UCSes4X8uDrpc4X46hJKjejg,XlT3SmO6YYs,on_demand,not_subscribed,TT,5,,2,0,0.031666666666666669,0,0,0,0
20261008,UCSes4X8uDrpc4X46hJKjejg,PoyUkRaWZiM,on_demand,not_subscribed,ES,3,what-to-watch,1,1,2.5427833333333334,152.567,25.010983606557378,1,2.5427833333333334
20261008,UCSes4X8uDrpc4X46hJKjejg,QytSHiiqR3k,on_demand,not_subscribed,MX,24,unknown,6,3,0.98316666666666663,18.383333333333333,96.754385964912274,2,0.31583333333333335
20261008,UCSes4X8uDrpc4X46hJKjejg,7HuaEHVdk6c,on_demand,not_subscribed,IQ,24,unknown,2,2,1.0316666666666667,30.95,30.04854368932039,0,0
20261008,UCSes4X8uDrpc4X46hJKjejg,XxNpGT_I6mk,on_demand,not_subscribed,NO,3,what-to-watch,2,1,0.79355,47.613,144.28181818181818,0,0
20261008,UCSes4X8uDrpc4X46hJKjejg,KC4-NmPr0aI,on_demand,subscribed,US,5,,1,1,0.7595,45.57,87.634615384615387,0,0
20261008,UCSes4X8uDrpc4X46hJKjejg,eu62r4NZQ3Q,on_demand,not_subscribed,GB,5,,2,0,0.02,0,0,0,0
20261008,UCSes4X8uDrpc4X46hJKjejg,JZgusHsQ0l4,on_demand,not_subscribed,US,5,,11,4,2.8535833333333334,42.188,81.130769230769232,0,0
20261008,UCSes4X8uDrpc4X46hJKjejg,PoyUkRaWZiM,on_demand,not_subscribed,GB,5,,1,1,2.77,166.2,27.245901639344261,0,0
20261008,UCSes4X8uDrpc4X46hJKjejg,ePdXtNfowRo,on_demand,not_subscribed,GR,3,what-to-watch,1,0,0.014,0,0,0,0
20261008,UCSes4X8uDrpc4X46hJKjejg,QytSHiiqR3k,on_demand,subscribed,PH,17,uploaded_other,2,1,0.53915,32.349,170.2578947368421,0,0
20261008,UCSes4X8uDrpc4X46hJKjejg,YzGhtvIR9V4,on_demand,not_subscribed,US,5,,1,0,0.0033333333333333335,0,0,0,0
20261008,UCSes4X8uDrpc4X46hJKjejg,J6rzMuvuMuo,on_demand,not_subscribed,VN,24,unknown,1,0,0.03,0,0,0,0
20261008,UCSes4X8uDrpc4X46hJKjejg,JoHK3Z-nc9s,on_demand,not_subscribed,US,3,what-to-watch,4,3,16.214166666666667,323.81666666666666,34.230091613812547,0,0
20261008,UCSes4X8uDrpc4X46hJKjejg,HVLl_aTeQTE,on_demand,not_subscribed,US,5,,5,4,1.6886166666666667,25.32925,56.287222222222219,2,0.9385
20261008,UCSes4X8uDrpc4X46hJKjejg,QytSHiiqR3k,on_demand,not_subscribed,RO,3,what-to-watch,2,1,0.54226666666666667,32.536,171.2421052631579,0,0
20261008,UCSes4X8uDrpc4X46hJKjejg,cRJ3dfuOiik,on_demand,not_subscribed,DE,5,,4,1,0.61483333333333334,33.93,96.942857142857136,0,0
20261008,UCSes4X8uDrpc4X46hJKjejg,HkjnCLrXfDY,on_demand,not_subscribed,KW,3,what-to-watch,1,1,6.05485,363.291,97.658870967741933,0,0
20261008,UCSes4X8uDrpc4X46hJKjejg,gTMjT4y5LHE,on_demand,subscribed,ES,3,what-to-watch,1,0,0.021083333333333332,0,0,0,0
20261008,UCSes4X8uDrpc4X46hJKjejg,CHaZ3JGEv28,on_demand,not_subscribed,IT,24,unknown,3,3,1.0093333333333334,20.186666666666667,53.122807017543863,0,0
20261008,UCSes4X8uDrpc4X46hJKjejg,gTMjT4y5LHE,on_demand,subscribed,GB,5,,2,0,0.042333333333333334,0,0,0,0
20261008,UCSes4X8uDrpc4X46hJKjejg,QytSHiiqR3k,on_demand,not_subscribed,IR,24,unknown,1,1,0.15,9,47.368421052631582,0,0
20261008,UCSes4X8uDrpc4X46hJKjejg,BvHw3ddSlms,on_demand,not_subscribed,GB,3,what-to-watch,1,1,38.188166666666667,2291.29,47.985130890052353,0,0
20261008,UCSes4X8uDrpc4X46hJKjejg,IkDS7ZhVkA4,on_demand,not_subscribed,US,7,IXb8i8Ojkgk,1,1,25.211666666666666,1512.7,65.5415944540728,1,25.211666666666666
20261008,UCSes4X8uDrpc4X46hJKjejg,YHtB62qU1r8,on_demand,subscribed,US,5,76ers,1,1,7.8213333333333335,469.28,99.8468085106383,0,0
20261008,UCSes4X8uDrpc4X46hJKjejg,QytSHiiqR3k,on_demand,not_subscribed,NO,24,unknown,16,7,2.0653333333333332,17.142857142857142,90.225563909774436,9,1.5688333333333331
20261008,UCSes4X8uDrpc4X46hJKjejg,je0veYRo_vs,on_demand,not_subscribed,US,5,,1,1,0.12,7.2,8.3720930232558146,0,0
20261008,UCSes4X8uDrpc4X46hJKjejg,J39ahAPa8Ng,on_demand,not_subscribed,US,7,32D2nTFk0K0,1,1,0.087,5.22,10.44,0,0
20261008,UCSes4X8uDrpc4X46hJKjejg,MEHDJ9V-lIk,on_demand,not_subscribed,US,7,Jw2mKxmtngs,1,1,0.043333333333333335,2.6,0.12621359223300971,0,0
20261008,UCSes4X8uDrpc4X46hJKjejg,l5M2ICRhyEA,on_demand,not_subscribed,ZA,24,unknown,2,1,0.565,33.9,102.72727272727273,0,0
20261008,UCSes4X8uDrpc4X46hJKjejg,BeZUS-lZ4qs,on_demand,not_subscribed,US,7,CRXSqi8rmek,1,1,13.694666666666667,821.68,26.5229180116204,0,0
20261008,UCSes4X8uDrpc4X46hJKjejg,0JHD_pApR7w,on_demand,not_subscribed,US,5,,2,1,0.34948333333333331,18.869,27.346376811594205,0,0
20261008,UCSes4X8uDrpc4X46hJKjejg,jB_in2f-k-M,on_demand,not_subscribed,US,0,unknown,1,1,0.215,12.9,0.52696078431372551,0,0
20261008,UCSes4X8uDrpc4X46hJKjejg,gTMjT4y5LHE,on_demand,subscribed,DK,3,what-to-watch,1,0,0.039766666666666665,0,0,0,0
20261008,UCSes4X8uDrpc4X46hJKjejg,k4-t8XMp-wg,on_demand,not_subscribed,NL,4,UCSes4X8uDrpc4X46hJKjejg,1,1,0.20816666666666667,12.49,4.3671328671328675,0,0
20261008,UCSes4X8uDrpc4X46hJKjejg,YHtB62qU1r8,on_demand,not_subscribed,CA,7,mLmZHPY6XvU,1,1,4.248733333333333,254.924,54.23914893617021,1,4.248733333333333
20261008,UCSes4X8uDrpc4X46hJKjejg,WAYYE5BMG6c,on_demand,subscribed,US,7,BeZUS-lZ4qs,1,1,31.0161,1860.966,98.048788198103267,0,0
20261008,UCSes4X8uDrpc4X46hJKjejg,MEHDJ9V-lIk,on_demand,not_subscribed,US,7,rGGq11K40Gw,1,1,5.0795666666666666,304.774,14.79485436893204,0,0
20261008,UCSes4X8uDrpc4X46hJKjejg,XxNpGT_I6mk,on_demand,subscribed,US,24,unknown,5,3,1.1644666666666668,23.256,70.472727272727269,0,0
20261008,UCSes4X8uDrpc4X46hJKjejg,XcQAK-OMb2s,on_demand,not_subscribed,US,5,,1,0,0.1295,0,0,0,0
20261008,UCSes4X8uDrpc4X46hJKjejg,VEECY3LVcsA,on_demand,subscribed,US,3,what-to-watch,1,1,0.065033333333333332,3.902,11.476470588235294,0,0
20261008,UCSes4X8uDrpc4X46hJKjejg,e7CxdG8sNlA,on_demand,not_subscribed,US,7,2n5LJUyMtAk,8,8,48.60326666666667,364.5245,76.742,1,5.0371666666666668
20261008,UCSes4X8uDrpc4X46hJKjejg,2gYc9vascu8,on_demand,not_subscribed,GB,5,,1,0,0.017833333333333333,0,0,0,0
20261008,UCSes4X8uDrpc4X46hJKjejg,M-M22Ac4CRE,on_demand,subscribed,US,3,what-to-watch,2,1,0.615,36.9,111.81818181818181,0,0
20261008,UCSes4X8uDrpc4X46hJKjejg,BeZUS-lZ4qs,on_demand,not_subscribed,US,7,mx2XmltF8ZE,1,1,5.5206666666666671,331.24,10.692059393156875,0,0
20261008,UCSes4X8uDrpc4X46hJKjejg,7HuaEHVdk6c,on_demand,not_subscribed,US,5,,5,5,2.39255,28.7106,27.874368932038834,1,1.5323833333333334
20261008,UCSes4X8uDrpc4X46hJKjejg,YWmM-Tkjmvo,on_demand,not_subscribed,US,5,,6,2,3.2746666666666666,96.249,33.419791666666669,0,0
20261008,UCSes4X8uDrpc4X46hJKjejg,XlT3SmO6YYs,on_demand,not_subscribed,PH,3,what-to-watch,2,1,1.9033333333333333,114.2,101.06194690265487,0,0
20261008,UCSes4X8uDrpc4X46hJKjejg,dKoSQ-63gP4,on_demand,not_subscribed,KZ,5,,1,0,0.0033333333333333335,0,0,0,0
20261008,UCSes4X8uDrpc4X46hJKjejg,YHtB62qU1r8,on_demand,not_subscribed,US,7,PtUlcRIH7kU,1,1,3.7016666666666667,222.1,47.255319148936174,0,0
20261008,UCSes4X8uDrpc4X46hJKjejg,QytSHiiqR3k,on_demand,subscribed,KR,8,unknown,1,1,0.14101666666666668,8.461,44.531578947368423,0,0
20261008,UCSes4X8uDrpc4X46hJKjejg,QytSHiiqR3k,on_demand,not_subscribed,IT,3,what-to-watch,2,1,0.33,19.8,104.21052631578948,0,0
20261008,UCSes4X8uDrpc4X46hJKjejg,BeZUS-lZ4qs,on_demand,not_subscribed,FR,14,PLX3ZLYz4-6vE2_ZNLW5AfzbHTd1jTskDl,1,1,7.845,470.7,15.193673337637184,0,0
20261008,UCSes4X8uDrpc4X46hJKjejg,gTMjT4y5LHE,on_demand,not_subscribed,UY,3,what-to-watch,1,0,0.046,0,0,0,0
20261008,UCSes4X8uDrpc4X46hJKjejg,XxNpGT_I6mk,on_demand,not_subscribed,US,5,,9,3,1.5261,27.043000000000003,81.948484848484853,0,0
20261008,UCSes4X8uDrpc4X46hJKjejg,FC36sHokYnk,on_demand,not_subscribed,US,9,unknown,1,1,9.2306333333333335,553.838,99.970758122743689,0,0
20261008,UCSes4X8uDrpc4X46hJKjejg,NtvrlkDkUWY,on_demand,not_subscribed,PH,24,unknown,1,1,0.395,23.7,40.862068965517238,0,0
20261008,UCSes4X8uDrpc4X46hJKjejg,CHaZ3JGEv28,on_demand,subscribed,FI,24,unknown,1,0,0.028333333333333332,0,0,0,0
20261008,UCSes4X8uDrpc4X46hJKjejg,QytSHiiqR3k,on_demand,subscribed,AU,17,uploaded_other,4,1,0.9966666666666667,59.8,314.73684210526318,0,0
20261008,UCSes4X8uDrpc4X46hJKjejg,8ajxcRVL7g4,on_demand,not_subscribed,MY,5,,1,1,0.7063,42.378,39.979245283018869,0,0
20261008,UCSes4X8uDrpc4X46hJKjejg,2Q710LlwPG4,on_demand,not_subscribed,MX,5,,2,1,2.0795,124.77,117.70754716981132,0,0
20261008,UCSes4X8uDrpc4X46hJKjejg,0JHD_pApR7w,on_demand,not_subscribed,US,5,san antonio spurs,11,5,3.2121333333333335,37.7392,54.694492753623187,1,0.54666666666666663
20261008,UCSes4X8uDrpc4X46hJKjejg,zxka0rRvmaU,on_demand,not_subscribed,PH,24,unknown,3,3,0.95676666666666665,19.135333333333332,40.713475177304964,0,0
20261008,UCSes4X8uDrpc4X46hJKjejg,YHtB62qU1r8,on_demand,not_subscribed,AU,7,2_Wq9bVeFoc,1,1,0.53345,32.007,6.81,0,0
20261008,UCSes4X8uDrpc4X46hJKjejg,OkzI_U0uKes,on_demand,not_subscribed,US,5,,1,0,0.06945,0,0,0,0
20261008,UCSes4X8uDrpc4X46hJKjejg,HtZ8tDkeGJY,on_demand,not_subscribed,ZA,3,what-to-watch,5,0,0.015683333333333334,0,0,0,0
20261008,UCSes4X8uDrpc4X46hJKjejg,YHtB62qU1r8,on_demand,not_subscribed,CA,7,aQ_oFYahAgU,1,1,0.5545,33.27,7.0787234042553191,0,0
20261008,UCSes4X8uDrpc4X46hJKjejg,YHtB62qU1r8,on_demand,not_subscribed,PH,7,DZPQFqs_ye0,1,1,0.47906666666666664,28.744,6.1157446808510638,0,0
20261008,UCSes4X8uDrpc4X46hJKjejg,ylj7phhxda8,on_demand,subscribed,US,5,,3,1,1.7530166666666667,105.181,202.27115384615385,0,0
20261008,UCSes4X8uDrpc4X46hJKjejg,oujDWGTay-Q,on_demand,not_subscribed,CA,5,tyrese maxey,1,1,0.28166666666666668,16.9,22.533333333333335,0,0
20261008,UCSes4X8uDrpc4X46hJKjejg,HtZ8tDkeGJY,on_demand,subscribed,US,7,0X-apj3KcFQ,2,1,1.09325,65.595,111.17796610169492,0,0
20261008,UCSes4X8uDrpc4X46hJKjejg,HwWx5nhjCx8,on_demand,subscribed,US,3,what-to-watch,6,2,0.97085,25.317,2.4319884726224785,1,0.66031666666666666
20261008,UCSes4X8uDrpc4X46hJKjejg,-9qIPWVeJjg,on_demand,not_subscribed,CA,5,,1,1,0.341,20.46,62,0,0
20261008,UCSes4X8uDrpc4X46hJKjejg,Ha6asqD-La8,on_demand,not_subscribed,US,4,UCSes4X8uDrpc4X46hJKjejg,4,2,1.4283333333333332,42.85,115.81081081081081,0,0
20261008,UCSes4X8uDrpc4X46hJKjejg,CHaZ3JGEv28,on_demand,not_subscribed,DE,8,unknown,2,1,0.6492,38.952,102.50526315789473,0,0
20261008,UCSes4X8uDrpc4X46hJKjejg,Ppxt7uU9PRA,on_demand,not_subscribed,GB,5,chennedy carter,1,1,0.063333333333333339,3.8,5.4285714285714288,0,0
20261008,UCSes4X8uDrpc4X46hJKjejg,YHtB62qU1r8,on_demand,not_subscribed,PE,3,what-to-watch,1,1,7.8262833333333335,469.577,99.91,0,0
20261008,UCSes4X8uDrpc4X46hJKjejg,BeZUS-lZ4qs,on_demand,not_subscribed,IS,3,what-to-watch,1,1,16.698,1001.88,32.3395739186572,0,0
20261008,UCSes4X8uDrpc4X46hJKjejg,Y8VmQ0NuFhs,on_demand,not_subscribed,US,5,,3,2,4.6014333333333335,137.3985,38.272562674094708,0,0
20261008,UCSes4X8uDrpc4X46hJKjejg,PY_VRF7d7kc,on_demand,not_subscribed,US,5,,3,0,0.1209,0,0,0,0
20261008,UCSes4X8uDrpc4X46hJKjejg,a0gZFheQMtE,on_demand,not_subscribed,US,5,,2,0,0.11933333333333333,0,0,0,0
20261008,UCSes4X8uDrpc4X46hJKjejg,UvWPXkksqmM,on_demand,not_subscribed,US,3,what-to-watch,2,1,10.789833333333334,646.126,97.602114803625383,0,0
20261008,UCSes4X8uDrpc4X46hJKjejg,YHtB62qU1r8,on_demand,not_subscribed,RO,5,,1,0,0,0,0,0,0
20261008,UCSes4X8uDrpc4X46hJKjejg,tl_kEy-8WPA,on_demand,not_subscribed,FR,5,,2,2,1.3616833333333334,40.8505,7.6642589118198874,0,0
20261008,UCSes4X8uDrpc4X46hJKjejg,gTMjT4y5LHE,on_demand,not_subscribed,US,9,unknown,1,1,8.1066666666666674,486.4,98.461538461538467,0,0
20261008,UCSes4X8uDrpc4X46hJKjejg,BeZUS-lZ4qs,on_demand,not_subscribed,US,7,6Ss_u74Obxw,2,2,28.453916666666668,853.6175,27.553825048418336,0,0
20261008,UCSes4X8uDrpc4X46hJKjejg,F0PO_64UfwU,on_demand,not_subscribed,NZ,7,Y4k2HqgDGwE,1,1,10.13,607.8,99.802955665024626,0,0
20261008,UCSes4X8uDrpc4X46hJKjejg,DbC9gyEcwbQ,on_demand,subscribed,US,3,what-to-watch,1,0,0.043333333333333335,0,0,0,0
20261008,UCSes4X8uDrpc4X46hJKjejg,jfpYWzUfb44,on_demand,not_subscribed,US,5,,2,1,1.3730333333333333,82.382,101.70617283950617,0,0
20261008,UCSes4X8uDrpc4X46hJKjejg,CHaZ3JGEv28,on_demand,subscribed,RS,3,/my_subscriptions,2,1,0.8027333333333333,48.164,126.74736842105263,0,0
20261008,UCSes4X8uDrpc4X46hJKjejg,J6rzMuvuMuo,on_demand,not_subscribed,IN,5,tim duncan,2,1,0.97461666666666669,57.89,80.402777777777771,0,0
20261008,UCSes4X8uDrpc4X46hJKjejg,JZgusHsQ0l4,on_demand,subscribed,US,5,,1,1,0.8455,50.73,97.5576923076923,0,0
20261008,UCSes4X8uDrpc4X46hJKjejg,jgjSrud0tbo,on_demand,not_subscribed,US,5,,1,1,0.42266666666666669,25.36,23.26605504587156,0,0
20261008,UCSes4X8uDrpc4X46hJKjejg,ID5K-VWCXew,on_demand,not_subscribed,CA,4,UCSes4X8uDrpc4X46hJKjejg,2,1,0.53991666666666671,32.395,107.98333333333333,0,0
20261008,UCSes4X8uDrpc4X46hJKjejg,JZgusHsQ0l4,on_demand,not_subscribed,SC,24,unknown,2,1,0.86166666666666669,51.7,99.42307692307692,0,0
20261008,UCSes4X8uDrpc4X46hJKjejg,8ajxcRVL7g4,on_demand,not_subscribed,ID,5,cam thomas,1,0,0.083383333333333337,0,0,0,0
20261008,UCSes4X8uDrpc4X46hJKjejg,oBHWYBkGqU4,on_demand,subscribed,GB,5,,6,3,2.8620666666666668,56.922666666666665,72.05400843881857,0,0
20261008,UCSes4X8uDrpc4X46hJKjejg,bf0XSusrN3g,on_demand,not_subscribed,US,3,what-to-watch,13,4,2.3606833333333332,32.34575,87.420945945945945,0,0
20261008,UCSes4X8uDrpc4X46hJKjejg,1vlcjLtd_AM,on_demand,not_subscribed,US,5,,11,7,4.4238333333333335,37.798571428571428,77.1399416909621,1,0.4695
20261008,UCSes4X8uDrpc4X46hJKjejg,CHaZ3JGEv28,on_demand,not_subscribed,KR,24,unknown,1,1,0.235,14.1,37.10526315789474,1,0.235
20261008,UCSes4X8uDrpc4X46hJKjejg,IkDS7ZhVkA4,on_demand,not_subscribed,US,5,,14,3,17.046666666666667,334.74666666666667,14.503755054881571,1,2.4175
20261008,UCSes4X8uDrpc4X46hJKjejg,M-M22Ac4CRE,on_demand,not_subscribed,CA,5,,1,0,0.048833333333333333,0,0,0,0
20261008,UCSes4X8uDrpc4X46hJKjejg,9zaom3QbjYs,on_demand,not_subscribed,GB,3,what-to-watch,2,0,0.23043333333333332,0,0,0,0
20261008,UCSes4X8uDrpc4X46hJKjejg,QytSHiiqR3k,on_demand,subscribed,FR,17,uploaded_other,2,1,0.35333333333333333,21.2,111.57894736842105,0,0
20261008,UCSes4X8uDrpc4X46hJKjejg,WATJsSNezuM,on_demand,not_subscribed,CA,24,unknown,1,1,0.12166666666666667,7.3,12.372881355932204,0,0
20261008,UCSes4X8uDrpc4X46hJKjejg,HtZ8tDkeGJY,on_demand,not_subscribed,PH,5,rajon rondo,1,1,0.55633333333333335,33.38,56.576271186440678,1,0.55633333333333335
20261008,UCSes4X8uDrpc4X46hJKjejg,BeZUS-lZ4qs,on_demand,not_subscribed,GB,3,what-to-watch,3,0,0.29058333333333336,0,0,0,0
20261008,UCSes4X8uDrpc4X46hJKjejg,eu62r4NZQ3Q,on_demand,not_subscribed,SI,5,,1,0,0.0083333333333333332,0,0,0,0
20261008,UCSes4X8uDrpc4X46hJKjejg,CHaZ3JGEv28,on_demand,subscribed,IT,24,unknown,1,0,0.05145,0,0,0,0
20261008,UCSes4X8uDrpc4X46hJKjejg,wPiF9-iLzdQ,on_demand,not_subscribed,US,5,lamar jackson,18,8,6.0074,44.452,111.13,4,1.9455
20261008,UCSes4X8uDrpc4X46hJKjejg,0b8eta7f8mY,on_demand,not_subscribed,CA,7,3MzMDtgSnL0,3,3,9.1636,183.27200000000002,34.776470588235291,0,0
20261008,UCSes4X8uDrpc4X46hJKjejg,QytSHiiqR3k,on_demand,not_subscribed,BJ,24,unknown,5,1,3.0885,185.31,975.31578947368416,0,0
20261008,UCSes4X8uDrpc4X46hJKjejg,6ljakZEWb0o,on_demand,not_subscribed,US,0,unknown,3,2,0.31536666666666668,8.9715,0.3247014115092291,0,0
20261008,UCSes4X8uDrpc4X46hJKjejg,QytSHiiqR3k,on_demand,subscribed,NO,24,unknown,4,2,0.667,20.01,105.31578947368421,2,0.344
20261008,UCSes4X8uDrpc4X46hJKjejg,QytSHiiqR3k,on_demand,not_subscribed,SA,24,unknown,7,3,1.217,23.13,121.73684210526316,1,0.0605
20261008,UCSes4X8uDrpc4X46hJKjejg,M-M22Ac4CRE,on_demand,not_subscribed,PL,5,,1,0,0.021333333333333333,0,0,0,0
20261008,UCSes4X8uDrpc4X46hJKjejg,YHtB62qU1r8,on_demand,not_subscribed,US,7,aImktqP89MM,1,1,5.244,314.64,66.944680851063836,0,0
20261008,UCSes4X8uDrpc4X46hJKjejg,MEHDJ9V-lIk,on_demand,subscribed,SK,7,uJQb3iZijWk,1,1,2.16675,130.005,6.3109223300970871,0,0
20261008,UCSes4X8uDrpc4X46hJKjejg,x9aP35H3Wlc,on_demand,subscribed,US,4,UCSes4X8uDrpc4X46hJKjejg,2,1,1.5273333333333334,91.64,179.68627450980392,0,0
20261008,UCSes4X8uDrpc4X46hJKjejg,MEHDJ9V-lIk,on_demand,not_subscribed,US,7,edunwwSfVmk,1,1,34.32735,2059.641,99.982572815533985,0,0
20261008,UCSes4X8uDrpc4X46hJKjejg,VabbVbaoc3U,on_demand,not_subscribed,CA,5,bam 83,1,1,0.4125,24.75,18.893129770992367,0,0
20261008,UCSes4X8uDrpc4X46hJKjejg,JZgusHsQ0l4,on_demand,not_subscribed,ZA,3,what-to-watch,4,1,1.0722833333333333,61.7,118.65384615384616,0,0
20261008,UCSes4X8uDrpc4X46hJKjejg,WAYYE5BMG6c,on_demand,not_subscribed,US,5,,8,3,16.563466666666667,326.15066666666667,17.183912890762205,0,0
20261008,UCSes4X8uDrpc4X46hJKjejg,pWCQrmx8beo,on_demand,not_subscribed,GB,3,what-to-watch,1,1,0.9660333333333333,57.962,1.9269281914893617,0,0
20261008,UCSes4X8uDrpc4X46hJKjejg,k_Qt4Ilp70c,on_demand,not_subscribed,AU,3,what-to-watch,1,1,1.2183333333333333,73.1,12.474402730375427,0,0
20261008,UCSes4X8uDrpc4X46hJKjejg,HzmMTvN__ec,on_demand,not_subscribed,CA,3,what-to-watch,1,0,0.00855,0,0,0,0
20261008,UCSes4X8uDrpc4X46hJKjejg,JZgusHsQ0l4,on_demand,not_subscribed,NZ,3,what-to-watch,2,1,1.1108333333333333,66.65,128.17307692307693,0,0
20261008,UCSes4X8uDrpc4X46hJKjejg,PVOl1jy_sPs,on_demand,subscribed,CA,5,,1,1,4.32955,259.773,73.175492957746485,0,0
20261008,UCSes4X8uDrpc4X46hJKjejg,XTGlwLovDD0,on_demand,not_subscribed,PH,5,,2,2,0.8498,25.494,1.051298969072165,0,0
20261008,UCSes4X8uDrpc4X46hJKjejg,BeZUS-lZ4qs,on_demand,not_subscribed,KR,8,offline,1,1,0.072833333333333333,4.37,0.14105874757908327,1,0.072833333333333333
20261008,UCSes4X8uDrpc4X46hJKjejg,fyi6d0AButQ,on_demand,not_subscribed,SG,3,what-to-watch,2,1,5.18745,303.161,99.724013157894731,0,0
20261008,UCSes4X8uDrpc4X46hJKjejg,CHaZ3JGEv28,on_demand,subscribed,KN,24,unknown,1,0,0.0355,0,0,0,0
20261008,UCSes4X8uDrpc4X46hJKjejg,7HuaEHVdk6c,on_demand,subscribed,US,5,,2,1,1.7245,103.47,100.45631067961165,0,0
20261008,UCSes4X8uDrpc4X46hJKjejg,zxka0rRvmaU,on_demand,not_subscribed,ID,5,,2,1,0.79,47.4,100.85106382978724,0,0
20261008,UCSes4X8uDrpc4X46hJKjejg,FHEr2eQEoLc,on_demand,not_subscribed,US,0,unknown,1,1,1.567,94.02,29.753164556962027,0,0
20261008,UCSes4X8uDrpc4X46hJKjejg,YWmM-Tkjmvo,on_demand,subscribed,US,5,,1,1,0.23333333333333334,14,4.8611111111111107,0,0
20261008,UCSes4X8uDrpc4X46hJKjejg,duUbOIZDS7s,on_demand,not_subscribed,US,9,twitter.com,1,1,1.1793,70.758,34.685294117647061,0,0
20261008,UCSes4X8uDrpc4X46hJKjejg,9LFMqUAyB_U,on_demand,not_subscribed,NL,3,what-to-watch,1,1,5.6222166666666666,337.333,39.639600470035255,0,0
20261008,UCSes4X8uDrpc4X46hJKjejg,arlbF6cjouQ,on_demand,not_subscribed,US,4,UCSes4X8uDrpc4X46hJKjejg,1,1,0.16666666666666666,10,14.492753623188406,0,0
20261008,UCSes4X8uDrpc4X46hJKjejg,IkDS7ZhVkA4,on_demand,not_subscribed,US,7,qAeUUwn-A8s,1,1,5.5863333333333332,335.18,14.522530329289427,0,0
20261008,UCSes4X8uDrpc4X46hJKjejg,XxNpGT_I6mk,on_demand,subscribed,US,5,,1,1,0.105,6.3,19.09090909090909,1,0.105
20261008,UCSes4X8uDrpc4X46hJKjejg,0b8eta7f8mY,on_demand,not_subscribed,US,7,pJBlrY76alo,1,1,5.1021666666666663,306.13,58.08918406072106,0,0
20261008,UCSes4X8uDrpc4X46hJKjejg,LguyQAIoKlA,on_demand,not_subscribed,US,3,what-to-watch,10,4,2.66825,35.04625,0.79308101380402807,0,0
20261008,UCSes4X8uDrpc4X46hJKjejg,QytSHiiqR3k,on_demand,not_subscribed,US,4,UCSes4X8uDrpc4X46hJKjejg,8,3,1.4381333333333333,28.762666666666664,151.38245614035088,0,0
20261008,UCSes4X8uDrpc4X46hJKjejg,YHtB62qU1r8,on_demand,not_subscribed,KN,5,,2,1,7.9456833333333332,469.46,99.885106382978719,0,0
20261008,UCSes4X8uDrpc4X46hJKjejg,-CjQjOd2JEA,on_demand,not_subscribed,US,14,favorites,1,1,4.705,282.3,99.752650176678443,0,0
20261008,UCSes4X8uDrpc4X46hJKjejg,sGp0GTGccKY,on_demand,not_subscribed,US,5,,1,1,0.56833333333333336,34.1,48.714285714285715,0,0
20261008,UCSes4X8uDrpc4X46hJKjejg,0JHD_pApR7w,on_demand,subscribed,US,5,san antonio spurs,3,1,1.26035,73.701,106.81304347826087,0,0
20261008,UCSes4X8uDrpc4X46hJKjejg,QytSHiiqR3k,on_demand,not_subscribed,SE,8,unknown,2,1,0.34521666666666667,20.713,109.01578947368421,0,0
20261008,UCSes4X8uDrpc4X46hJKjejg,dKoSQ-63gP4,on_demand,not_subscribed,US,3,what-to-watch,202,72,252.59695,206.05338888888889,33.834710819193575,19,68.024283333333344
20261008,UCSes4X8uDrpc4X46hJKjejg,-9jvIbYHhag,on_demand,not_subscribed,US,5,,1,1,0.965,57.9,36.415094339622641,0,0
20261008,UCSes4X8uDrpc4X46hJKjejg,JZgusHsQ0l4,on_demand,not_subscribed,US,8,unknown,5,2,2.5647333333333333,75.368,144.93846153846152,0,0
20261008,UCSes4X8uDrpc4X46hJKjejg,zxka0rRvmaU,on_demand,not_subscribed,PH,5,,4,3,1.6508333333333334,33.016666666666666,70.2482269503546,0,0
20261008,UCSes4X8uDrpc4X46hJKjejg,9LFMqUAyB_U,on_demand,not_subscribed,MA,5,,1,1,2.63045,157.827,18.546063454759107,0,0
20261008,UCSes4X8uDrpc4X46hJKjejg,CHaZ3JGEv28,on_demand,not_subscribed,GB,3,what-to-watch,3,1,0.643,38.17,100.44736842105263,0,0
20261008,UCSes4X8uDrpc4X46hJKjejg,-CjQjOd2JEA,on_demand,not_subscribed,GB,3,what-to-watch,1,0,0.013333333333333334,0,0,0,0
20261008,UCSes4X8uDrpc4X46hJKjejg,REB5jybiE18,on_demand,not_subscribed,IN,5,,1,0,0.023333333333333334,0,0,0,0
20261008,UCSes4X8uDrpc4X46hJKjejg,EZ7WjfAU1MI,on_demand,subscribed,AU,9,unknown,1,1,6.0516666666666667,363.1,11.443428931610462,1,6.0516666666666667
20261008,UCSes4X8uDrpc4X46hJKjejg,YHtB62qU1r8,on_demand,subscribed,IN,7,aQ_oFYahAgU,1,1,0.96878333333333333,58.127,12.367446808510639,0,0
20261008,UCSes4X8uDrpc4X46hJKjejg,Ha6asqD-La8,on_demand,subscribed,US,4,UCSes4X8uDrpc4X46hJKjejg,6,5,2.4448333333333334,29.338,79.2918918918919,1,0.515
20261008,UCSes4X8uDrpc4X46hJKjejg,YHtB62qU1r8,on_demand,not_subscribed,GB,3,what-to-watch,51,15,31.715116666666667,120.33760000000001,25.603744680851065,1,7.5651333333333337
20261008,UCSes4X8uDrpc4X46hJKjejg,MEHDJ9V-lIk,on_demand,not_subscribed,CA,0,unknown,1,1,3.1097666666666668,186.586,9.05757281553398,0,0
20261008,UCSes4X8uDrpc4X46hJKjejg,JZgusHsQ0l4,on_demand,not_subscribed,ET,3,what-to-watch,2,1,0.8635,51.81,99.634615384615387,0,0
20261008,UCSes4X8uDrpc4X46hJKjejg,HIZeTvY4T7U,on_demand,not_subscribed,ID,5,,1,0,0,0,0,0,0
20261008,UCSes4X8uDrpc4X46hJKjejg,6ljakZEWb0o,on_demand,not_subscribed,NL,4,UCSes4X8uDrpc4X46hJKjejg,2,1,0.23305,10.593,0.38338762214983713,0,0
20261008,UCSes4X8uDrpc4X46hJKjejg,0b8eta7f8mY,on_demand,not_subscribed,AU,3,what-to-watch,1,1,7.635,458.1,86.925996204933583,1,7.635
20261008,UCSes4X8uDrpc4X46hJKjejg,HtZ8tDkeGJY,on_demand,not_subscribed,KE,3,what-to-watch,1,0,0,0,0,0,0
20261008,UCSes4X8uDrpc4X46hJKjejg,k3pJGiIh1RE,on_demand,not_subscribed,MR,24,unknown,1,1,0.7446666666666667,44.68,87.6078431372549,0,0
20261008,UCSes4X8uDrpc4X46hJKjejg,YHtB62qU1r8,on_demand,not_subscribed,PH,7,xp7qhCHyVPY,1,1,0.83166666666666667,49.9,10.617021276595745,0,0
20261008,UCSes4X8uDrpc4X46hJKjejg,-8W7PIiwRYo,on_demand,not_subscribed,US,5,,2,2,3.3761666666666668,101.285,171.66949152542372,0,0
20261008,UCSes4X8uDrpc4X46hJKjejg,6DF37rM0hQ4,on_demand,not_subscribed,US,3,what-to-watch,1,1,0.54093333333333338,32.456,34.527659574468082,0,0
20261008,UCSes4X8uDrpc4X46hJKjejg,BeZUS-lZ4qs,on_demand,subscribed,US,7,6Ss_u74Obxw,1,1,47.1927,2831.562,91.399677211103935,0,0
20261008,UCSes4X8uDrpc4X46hJKjejg,QytSHiiqR3k,on_demand,not_subscribed,GH,24,unknown,6,3,1.0084166666666667,19.278333333333332,101.46491228070175,0,0
20261008,UCSes4X8uDrpc4X46hJKjejg,fyi6d0AButQ,on_demand,not_subscribed,TW,3,what-to-watch,1,1,4.96995,298.197,98.091118421052627,1,4.96995
20261008,UCSes4X8uDrpc4X46hJKjejg,O5XA8suXg10,on_demand,not_subscribed,US,14,PLX3ZLYz4-6vE2_ZNLW5AfzbHTd1jTskDl,1,1,67.33101666666667,4039.861,99.996559405940587,0,0
20261008,UCSes4X8uDrpc4X46hJKjejg,gTMjT4y5LHE,on_demand,not_subscribed,US,7,64ZE7Jz_Sug,1,1,7.9816666666666665,478.9,96.943319838056681,0,0
20261008,UCSes4X8uDrpc4X46hJKjejg,HtZ8tDkeGJY,on_demand,not_subscribed,US,7,bqrY8lduJag,1,1,0.9595,57.57,97.576271186440678,1,0.9595
20261008,UCSes4X8uDrpc4X46hJKjejg,QytSHiiqR3k,on_demand,not_subscribed,ZA,24,unknown,85,39,53.737583333333333,82.103205128205133,432.12213225371119,10,1.7568333333333332
20261008,UCSes4X8uDrpc4X46hJKjejg,Fg65-8qGtiU,on_demand,not_subscribed,US,9,Google Search,1,1,1.7030333333333334,102.182,208.534693877551,0,0
20261008,UCSes4X8uDrpc4X46hJKjejg,YHtB62qU1r8,on_demand,not_subscribed,US,7,Acve0yUZXGc,1,1,6.1605166666666671,369.631,78.644893617021282,0,0
20261008,UCSes4X8uDrpc4X46hJKjejg,1vlcjLtd_AM,on_demand,subscribed,US,5,,2,1,0.87,52.2,106.53061224489795,0,0
20261008,UCSes4X8uDrpc4X46hJKjejg,CHaZ3JGEv28,on_demand,subscribed,KR,24,unknown,3,2,1.1666666666666667,34.1,89.736842105263165,2,0.65283333333333338
20261008,UCSes4X8uDrpc4X46hJKjejg,gTMjT4y5LHE,on_demand,not_subscribed,US,7,vpVmhiC5FYM,1,1,7.8266666666666671,469.6,95.060728744939269,0,0
20261008,UCSes4X8uDrpc4X46hJKjejg,QytSHiiqR3k,on_demand,not_subscribed,NZ,24,unknown,46,25,8.114116666666666,18.98348,99.91305263157895,5,0.84949999999999992
20261008,UCSes4X8uDrpc4X46hJKjejg,ybbL24ktLlw,on_demand,not_subscribed,US,5,,6,4,2.0421666666666667,30.6325,80.611842105263165,3,0.72733333333333328
20261008,UCSes4X8uDrpc4X46hJKjejg,BeZUS-lZ4qs,on_demand,not_subscribed,DE,3,what-to-watch,2,0,0.11833333333333333,0,0,0,0
20261008,UCSes4X8uDrpc4X46hJKjejg,CHaZ3JGEv28,on_demand,not_subscribed,KR,5,,6,2,0.765,22.65,59.60526315789474,2,0.64166666666666672
20261008,UCSes4X8uDrpc4X46hJKjejg,f6JYYPrnkpo,on_demand,not_subscribed,US,5,,1,1,0.35833333333333334,21.5,44.791666666666664,0,0
20261008,UCSes4X8uDrpc4X46hJKjejg,BeZUS-lZ4qs,on_demand,subscribed,GB,3,what-to-watch,1,0,0.01575,0,0,0,0
20261008,UCSes4X8uDrpc4X46hJKjejg,gTMjT4y5LHE,on_demand,subscribed,AR,3,what-to-watch,1,0,0,0,0,0,0
20261008,UCSes4X8uDrpc4X46hJKjejg,YHtB62qU1r8,on_demand,not_subscribed,HR,7,0GEYjNuVfr4,1,1,7.5966666666666667,455.8,96.978723404255319,0,0
20261008,UCSes4X8uDrpc4X46hJKjejg,MEHDJ9V-lIk,on_demand,not_subscribed,VC,3,what-to-watch,1,1,0.42465,25.479,1.2368446601941747,0,0
20261008,UCSes4X8uDrpc4X46hJKjejg,f9Uo-9KNxsY,on_demand,not_subscribed,GB,5,,1,1,0.1095,6.57,6.1401869158878508,0,0
20261008,UCSes4X8uDrpc4X46hJKjejg,YHtB62qU1r8,on_demand,not_subscribed,JP,7,ofgXzn8s7Jw,1,1,0.15238333333333334,9.143,1.9453191489361703,0,0
20261008,UCSes4X8uDrpc4X46hJKjejg,6ljakZEWb0o,on_demand,subscribed,US,0,unknown,4,4,16.148216666666666,242.22325,8.7666757148027514,3,15.877716666666666
20261008,UCSes4X8uDrpc4X46hJKjejg,fyi6d0AButQ,on_demand,not_subscribed,AU,5,,1,1,2.8216666666666668,169.3,55.690789473684212,1,2.8216666666666668
20261008,UCSes4X8uDrpc4X46hJKjejg,WATJsSNezuM,on_demand,not_subscribed,CA,5,,1,1,0.068166666666666667,4.09,6.9322033898305087,0,0
20261008,UCSes4X8uDrpc4X46hJKjejg,QytSHiiqR3k,on_demand,subscribed,MX,3,/my_subscriptions,1,1,0.079533333333333331,4.772,25.11578947368421,0,0
20261008,UCSes4X8uDrpc4X46hJKjejg,QytSHiiqR3k,on_demand,subscribed,SA,24,unknown,4,1,0.77033333333333331,45.58,239.89473684210526,4,0.77033333333333331
20261008,UCSes4X8uDrpc4X46hJKjejg,oclZFI8L9Sw,on_demand,not_subscribed,US,5,,7,3,3.4719,68.798,80.938823529411764,3,1.458
20261008,UCSes4X8uDrpc4X46hJKjejg,JZgusHsQ0l4,on_demand,not_subscribed,GY,3,what-to-watch,2,1,0.9065,54.39,104.59615384615384,0,0
20261008,UCSes4X8uDrpc4X46hJKjejg,MEHDJ9V-lIk,on_demand,not_subscribed,MY,3,what-to-watch,1,0,0.025766666666666667,0,0,0,0
20261008,UCSes4X8uDrpc4X46hJKjejg,Uo7rmLN6ANk,on_demand,not_subscribed,SG,3,what-to-watch,3,1,3.77185,221.252,8.4933589251439532,1,3.6875333333333336
20261008,UCSes4X8uDrpc4X46hJKjejg,kHqq0RR6dHE,on_demand,not_subscribed,PR,3,what-to-watch,1,0,0.066033333333333333,0,0,0,0
20261008,UCSes4X8uDrpc4X46hJKjejg,YHtB62qU1r8,on_demand,not_subscribed,IN,7,pTtoCledX08,1,1,1.0008666666666666,60.052,12.777021276595745,0,0
20261008,UCSes4X8uDrpc4X46hJKjejg,dKoSQ-63gP4,on_demand,not_subscribed,US,7,0b8eta7f8mY,1,1,2.2280333333333333,133.682,21.951067323481116,0,0
20261008,UCSes4X8uDrpc4X46hJKjejg,0b8eta7f8mY,on_demand,not_subscribed,US,7,dKoSQ-63gP4,1,1,8.618666666666666,517.12,98.125237191650854,1,8.618666666666666
20261008,UCSes4X8uDrpc4X46hJKjejg,ePdXtNfowRo,on_demand,not_subscribed,ZA,5,,2,1,6.24,374,72.904483430799218,1,6.2333333333333334
20261008,UCSes4X8uDrpc4X46hJKjejg,dKoSQ-63gP4,on_demand,not_subscribed,AE,3,what-to-watch,2,0,0.0875,0,0,0,0
20261008,UCSes4X8uDrpc4X46hJKjejg,YHtB62qU1r8,on_demand,not_subscribed,US,7,6kweCn_r2XE,2,2,2.4908,74.724,15.898723404255319,0,0
20261008,UCSes4X8uDrpc4X46hJKjejg,Rl73WZoqKzE,on_demand,subscribed,US,5,,1,0,0.035333333333333335,0,0,0,0
20261008,UCSes4X8uDrpc4X46hJKjejg,QytSHiiqR3k,on_demand,not_subscribed,DZ,24,unknown,2,1,0.36666666666666664,22,115.78947368421052,0,0
20261008,UCSes4X8uDrpc4X46hJKjejg,FC36sHokYnk,on_demand,not_subscribed,GB,3,what-to-watch,4,3,2.1058333333333334,40.550000000000004,7.3194945848375452,2,1.2825
20261008,UCSes4X8uDrpc4X46hJKjejg,YHtB62qU1r8,on_demand,not_subscribed,US,7,u4mngp3CISY,2,2,1.1240166666666667,33.7205,7.1745744680851065,1,0.365
20261008,UCSes4X8uDrpc4X46hJKjejg,MEHDJ9V-lIk,on_demand,not_subscribed,US,7,XQ5hP180Or8,1,1,34.32735,2059.641,99.982572815533985,0,0
20261008,UCSes4X8uDrpc4X46hJKjejg,0b8eta7f8mY,on_demand,not_subscribed,US,3,watch-later,2,2,9.2841666666666658,278.525,52.851043643263758,1,9.1046666666666667
20261008,UCSes4X8uDrpc4X46hJKjejg,FIPueBGagWs,on_demand,not_subscribed,US,3,what-to-watch,3,0,0.079866666666666669,0,0,0,0
20261008,UCSes4X8uDrpc4X46hJKjejg,fyi6d0AButQ,on_demand,subscribed,SG,3,what-to-watch,1,0,0.0090333333333333342,0,0,0,0
20261008,UCSes4X8uDrpc4X46hJKjejg,JZgusHsQ0l4,on_demand,not_subscribed,DE,7,WhEF8cTxy6I,1,0,0.08561666666666666,0,0,0,0
20261008,UCSes4X8uDrpc4X46hJKjejg,MEHDJ9V-lIk,on_demand,not_subscribed,RE,3,what-to-watch,1,1,0.52936666666666665,31.762,1.5418446601941747,0,0
20261008,UCSes4X8uDrpc4X46hJKjejg,_QSU5kf-qK4,on_demand,not_subscribed,US,5,,2,1,0.95916666666666661,57.55,104.63636363636364,0,0
20261008,UCSes4X8uDrpc4X46hJKjejg,IkDS7ZhVkA4,on_demand,not_subscribed,NZ,3,what-to-watch,1,0,0.038666666666666669,0,0,0,0
20261008,UCSes4X8uDrpc4X46hJKjejg,YHtB62qU1r8,on_demand,subscribed,CA,7,j1JhOx4iIUs,1,1,4.34,260.4,55.404255319148938,0,0
20261008,UCSes4X8uDrpc4X46hJKjejg,CHaZ3JGEv28,on_demand,not_subscribed,TW,5,washington wizards,1,0,0.0016666666666666668,0,0,0,0
20261008,UCSes4X8uDrpc4X46hJKjejg,f4MfVVTJ6pY,on_demand,not_subscribed,SG,5,,1,0,0.0245,0,0,0,0
20261008,UCSes4X8uDrpc4X46hJKjejg,0GBZDGEVs-s,on_demand,subscribed,US,3,what-to-watch,1,1,0.8198333333333333,49.19,1.4074391988555079,0,0
20261008,UCSes4X8uDrpc4X46hJKjejg,JZgusHsQ0l4,on_demand,not_subscribed,HR,3,what-to-watch,3,1,0.9575,56.6,108.84615384615384,0,0
20261008,UCSes4X8uDrpc4X46hJKjejg,k4-t8XMp-wg,on_demand,not_subscribed,PH,4,UCSes4X8uDrpc4X46hJKjejg,1,1,0.18783333333333332,11.27,3.9405594405594404,0,0
20261008,UCSes4X8uDrpc4X46hJKjejg,pWCQrmx8beo,on_demand,subscribed,US,7,DnUZksV4LMI,1,1,1.9278333333333333,115.67,3.8454122340425534,0,0
20261008,UCSes4X8uDrpc4X46hJKjejg,QytSHiiqR3k,on_demand,subscribed,US,4,UCSes4X8uDrpc4X46hJKjejg,7,4,1.2221666666666666,18.3325,96.486842105263165,2,0.31516666666666665
20261008,UCSes4X8uDrpc4X46hJKjejg,BeZUS-lZ4qs,on_demand,subscribed,KR,5,,2,1,13.48775,802.105,25.891058747579084,0,0
20261008,UCSes4X8uDrpc4X46hJKjejg,JZgusHsQ0l4,on_demand,not_subscribed,JP,3,what-to-watch,4,1,2.1624833333333333,129.141,248.34807692307692,0,0
20261008,UCSes4X8uDrpc4X46hJKjejg,J6rzMuvuMuo,on_demand,not_subscribed,TN,5,tim duncan trash talk stories,1,0,0.014666666666666666,0,0,0,0
20261008,UCSes4X8uDrpc4X46hJKjejg,QytSHiiqR3k,on_demand,not_subscribed,ET,24,unknown,5,3,0.58406666666666662,11.306666666666667,59.508771929824562,0,0
20261008,UCSes4X8uDrpc4X46hJKjejg,YHtB62qU1r8,on_demand,not_subscribed,DE,7,uagOoXAvEgU,1,1,7.82435,469.461,99.885319148936176,0,0
20261008,UCSes4X8uDrpc4X46hJKjejg,pWCQrmx8beo,on_demand,not_subscribed,SE,7,YHtB62qU1r8,1,1,43.826866666666668,2629.612,87.420611702127658,0,0
20261008,UCSes4X8uDrpc4X46hJKjejg,l5M2ICRhyEA,on_demand,not_subscribed,US,24,unknown,80,39,18.966483333333333,28.143205128205128,85.282439782439781,3,0.19066666666666668
20261008,UCSes4X8uDrpc4X46hJKjejg,kHqq0RR6dHE,on_demand,not_subscribed,PH,3,what-to-watch,1,1,10.179333333333334,610.76,61.321285140562246,1,10.179333333333334
20261008,UCSes4X8uDrpc4X46hJKjejg,wset9vTjdMs,on_demand,not_subscribed,US,4,UCSes4X8uDrpc4X46hJKjejg,1,1,0.30753333333333333,18.452,1.4868654311039484,0,0
20261008,UCSes4X8uDrpc4X46hJKjejg,dKoSQ-63gP4,on_demand,subscribed,US,3,what-to-watch,5,2,10.5805,314.39,51.623973727422005,0,0
20261008,UCSes4X8uDrpc4X46hJKjejg,MpDNI6Cv1nw,on_demand,not_subscribed,US,5,,3,1,0.57901666666666662,33.481,98.4735294117647,0,0
20261008,UCSes4X8uDrpc4X46hJKjejg,YHtB62qU1r8,on_demand,not_subscribed,ZA,5,philadelphia 76ers,1,0,0.0033333333333333335,0,0,0,0
20261008,UCSes4X8uDrpc4X46hJKjejg,RNnuUOuuVfo,on_demand,not_subscribed,DK,3,what-to-watch,2,1,1.6878833333333334,99.933,73.480147058823533,0,0
20261008,UCSes4X8uDrpc4X46hJKjejg,DnybI8N-RX4,on_demand,subscribed,US,5,,1,0,0.0023,0,0,0,0
20261008,UCSes4X8uDrpc4X46hJKjejg,vi8iKo2yzxA,on_demand,not_subscribed,US,5,alex caruso,2,1,0.9573166666666667,57.439,99.032758620689648,0,0
20261008,UCSes4X8uDrpc4X46hJKjejg,PIx_IMsfd-g,on_demand,subscribed,US,4,UCSes4X8uDrpc4X46hJKjejg,2,2,3.40685,102.2055,6.6976081258191353,0,0
20261008,UCSes4X8uDrpc4X46hJKjejg,MfjNVJmMMqA,on_demand,subscribed,PH,3,what-to-watch,1,1,0.078333333333333338,4.7,1.4506172839506173,0,0
20261008,UCSes4X8uDrpc4X46hJKjejg,sRIO-T5dRjA,on_demand,not_subscribed,SG,5,,2,1,0.47556666666666669,28.534,101.90714285714286,0,0
20261008,UCSes4X8uDrpc4X46hJKjejg,1vlcjLtd_AM,on_demand,not_subscribed,US,8,unknown,2,1,0.88023333333333331,52.814,107.78367346938775,0,0
20261008,UCSes4X8uDrpc4X46hJKjejg,PhM-zuCW28M,on_demand,not_subscribed,US,5,,1,0,0.014633333333333333,0,0,0,0
20261008,UCSes4X8uDrpc4X46hJKjejg,YHtB62qU1r8,on_demand,not_subscribed,DE,3,what-to-watch,16,7,6.447916666666667,53.062714285714286,11.289939209726445,0,0
20261008,UCSes4X8uDrpc4X46hJKjejg,gTMjT4y5LHE,on_demand,not_subscribed,GB,3,what-to-watch,57,19,51.7246,159.59257894736842,32.306190070317491,3,16.013516666666668
20261008,UCSes4X8uDrpc4X46hJKjejg,YHtB62qU1r8,on_demand,not_subscribed,AU,7,oyk2QtdUtKE,1,1,3.2090833333333335,192.545,40.967021276595744,0,0
20261008,UCSes4X8uDrpc4X46hJKjejg,JZgusHsQ0l4,on_demand,not_subscribed,HT,3,what-to-watch,1,0,0,0,0,0,0
20261008,UCSes4X8uDrpc4X46hJKjejg,YHtB62qU1r8,on_demand,not_subscribed,PH,32,JZgusHsQ0l4,1,1,3.4783333333333335,208.7,44.404255319148938,1,3.4783333333333335
20261008,UCSes4X8uDrpc4X46hJKjejg,PeMHxUwuByQ,on_demand,not_subscribed,AG,7,YHtB62qU1r8,1,1,0.56066666666666665,33.64,0.90405804891158292,0,0
20261008,UCSes4X8uDrpc4X46hJKjejg,6ljakZEWb0o,on_demand,subscribed,VN,3,what-to-watch,4,1,1.5330333333333332,87.601,3.1705030763662685,0,0
20261008,UCSes4X8uDrpc4X46hJKjejg,FC36sHokYnk,on_demand,not_subscribed,AT,3,what-to-watch,2,1,8.1808333333333341,490.554,88.547653429602889,1,8.1759
20261008,UCSes4X8uDrpc4X46hJKjejg,YHtB62qU1r8,on_demand,not_subscribed,SE,7,UEKO5Mr0oDE,2,2,2.9953666666666665,89.861,19.119361702127659,0,0
20261008,UCSes4X8uDrpc4X46hJKjejg,e7CxdG8sNlA,on_demand,not_subscribed,CL,3,what-to-watch,2,0,0.058116666666666664,0,0,0,0
20261008,UCSes4X8uDrpc4X46hJKjejg,-8W7PIiwRYo,on_demand,subscribed,US,5,,1,0,0,0,0,0,0
20261008,UCSes4X8uDrpc4X46hJKjejg,HtZ8tDkeGJY,on_demand,subscribed,HR,3,what-to-watch,3,1,0.977,55.48,94.033898305084747,0,0
20261008,UCSes4X8uDrpc4X46hJKjejg,CHaZ3JGEv28,on_demand,not_subscribed,LB,5,nba,2,1,0.641,38.46,101.21052631578948,0,0
20261008,UCSes4X8uDrpc4X46hJKjejg,l5M2ICRhyEA,on_demand,not_subscribed,MX,3,what-to-watch,3,2,1.1516166666666667,34.5485,104.69242424242424,0,0
20261008,UCSes4X8uDrpc4X46hJKjejg,e4awgyk_Ypk,on_demand,not_subscribed,US,5,,3,2,1.1384666666666667,34.154,62.098181818181821,1,0.207
20261008,UCSes4X8uDrpc4X46hJKjejg,MEHDJ9V-lIk,on_demand,not_subscribed,ID,5,,2,1,0.29398333333333332,14.81,0.71893203883495149,1,0.24683333333333332
20261008,UCSes4X8uDrpc4X46hJKjejg,e7CxdG8sNlA,on_demand,not_subscribed,PH,3,what-to-watch,4,0,0.1113,0,0,0,0
20261008,UCSes4X8uDrpc4X46hJKjejg,QytSHiiqR3k,on_demand,subscribed,GH,24,unknown,3,2,0.415,12.45,65.526315789473685,3,0.41500000000000004
20261008,UCSes4X8uDrpc4X46hJKjejg,HtZ8tDkeGJY,on_demand,not_subscribed,US,3,what-to-watch,103,40,30.321966666666668,43.6875,74.04661016949153,17,8.0706999999999987
20261008,UCSes4X8uDrpc4X46hJKjejg,l5M2ICRhyEA,on_demand,not_subscribed,JM,24,unknown,2,1,0.6,36,109.09090909090909,0,0
20261008,UCSes4X8uDrpc4X46hJKjejg,QytSHiiqR3k,on_demand,not_subscribed,NO,8,unknown,2,1,0.3194,19.164,100.86315789473684,0,0
20261008,UCSes4X8uDrpc4X46hJKjejg,QytSHiiqR3k,on_demand,not_subscribed,GY,24,unknown,3,1,0.36333333333333334,18.8,98.94736842105263,0,0
20261008,UCSes4X8uDrpc4X46hJKjejg,QytSHiiqR3k,on_demand,subscribed,ZA,24,unknown,7,3,1.2268333333333334,22.400000000000002,117.89473684210526,1,0.055166666666666669
20261008,UCSes4X8uDrpc4X46hJKjejg,QytSHiiqR3k,on_demand,not_subscribed,AL,24,unknown,2,1,0.52833333333333332,31.7,166.84210526315789,0,0
20261008,UCSes4X8uDrpc4X46hJKjejg,3oF068CdTYo,on_demand,not_subscribed,GB,3,what-to-watch,2,2,0.6938333333333333,20.815,61.220588235294116,1,0.35716666666666669
20261008,UCSes4X8uDrpc4X46hJKjejg,QytSHiiqR3k,on_demand,subscribed,NZ,24,unknown,6,4,0.8439,11.9335,62.807894736842108,3,0.40223333333333333
20261008,UCSes4X8uDrpc4X46hJKjejg,QxkwRERjZgA,on_demand,not_subscribed,DK,8,unknown,2,1,0.99478333333333335,59.687,102.90862068965517,0,0
20261008,UCSes4X8uDrpc4X46hJKjejg,QFEUI0R2SXA,on_demand,not_subscribed,US,5,,1,1,0.21416666666666667,12.85,35.694444444444443,0,0
20261008,UCSes4X8uDrpc4X46hJKjejg,jB_in2f-k-M,on_demand,not_subscribed,PH,4,UCSes4X8uDrpc4X46hJKjejg,1,0,0.16275,0,0,0,0
20261008,UCSes4X8uDrpc4X46hJKjejg,CHaZ3JGEv28,on_demand,not_subscribed,CA,5,wizards,6,2,1.3503333333333334,38.85,102.23684210526316,3,0.6911666666666666
20261008,UCSes4X8uDrpc4X46hJKjejg,6qJqOrLxJik,on_demand,not_subscribed,US,3,what-to-watch,2,1,0.192,11.32,0.42050520059435365,0,0
20261008,UCSes4X8uDrpc4X46hJKjejg,MEHDJ9V-lIk,on_demand,not_subscribed,AT,7,ofgXzn8s7Jw,1,1,3.609,216.54,10.511650485436894,0,0
20261008,UCSes4X8uDrpc4X46hJKjejg,QytSHiiqR3k,on_demand,not_subscribed,NZ,5,,2,1,0.3145,18.87,99.3157894736842,0,0
20261008,UCSes4X8uDrpc4X46hJKjejg,LguyQAIoKlA,on_demand,not_subscribed,CA,5,,2,1,1.4855666666666667,88.634,2.0057479067662367,0,0
20261008,UCSes4X8uDrpc4X46hJKjejg,MEHDJ9V-lIk,on_demand,not_subscribed,PH,5,,1,1,0.13448333333333334,8.069,0.39169902912621357,1,0.13448333333333334
20261008,UCSes4X8uDrpc4X46hJKjejg,QxkwRERjZgA,on_demand,not_subscribed,AR,5,,1,0,0.0066666666666666671,0,0,0,0
20261008,UCSes4X8uDrpc4X46hJKjejg,CHaZ3JGEv28,on_demand,not_subscribed,SE,24,unknown,3,2,1.2548333333333332,37.645,99.0657894736842,0,0
20261008,UCSes4X8uDrpc4X46hJKjejg,zS69CFjoay8,on_demand,not_subscribed,GB,5,jalen brunson king of new york,1,1,0.52515,31.509,59.450943396226414,0,0
20261008,UCSes4X8uDrpc4X46hJKjejg,QytSHiiqR3k,on_demand,not_subscribed,KE,24,unknown,19,9,2.8841666666666668,18.58,97.78947368421052,0,0
20261008,UCSes4X8uDrpc4X46hJKjejg,kHqq0RR6dHE,on_demand,not_subscribed,AU,3,what-to-watch,1,0,0.0825,0,0,0,0
20261008,UCSes4X8uDrpc4X46hJKjejg,0b8eta7f8mY,on_demand,not_subscribed,IT,7,xOrHP41v1rg,1,0,0.1392,0,0,0,0
20261008,UCSes4X8uDrpc4X46hJKjejg,YHtB62qU1r8,on_demand,not_subscribed,US,7,ofgXzn8s7Jw,2,2,10.0695,302.085,64.27340425531915,1,2.3245833333333334
20261008,UCSes4X8uDrpc4X46hJKjejg,dgP0I7rPTlU,on_demand,not_subscribed,NL,5,,1,0,0.11983333333333333,0,0,0,0
20261008,UCSes4X8uDrpc4X46hJKjejg,HtZ8tDkeGJY,on_demand,not_subscribed,DE,7,YI0iV06aTBE,1,1,0.7512,45.072,76.393220338983056,0,0
20261008,UCSes4X8uDrpc4X46hJKjejg,QytSHiiqR3k,on_demand,not_subscribed,HR,24,unknown,6,1,0.643,27.5,144.73684210526315,0,0
20261008,UCSes4X8uDrpc4X46hJKjejg,FbqnhV-WJ3Y,on_demand,not_subscribed,CA,5,,1,0,0.04281666666666667,0,0,0,0
20261008,UCSes4X8uDrpc4X46hJKjejg,HuezETFg9xY,on_demand,not_subscribed,US,5,,2,0,0.0083333333333333332,0,0,0,0
20261008,UCSes4X8uDrpc4X46hJKjejg,fyi6d0AButQ,on_demand,not_subscribed,IL,3,what-to-watch,2,1,5.20185,308.235,101.39309210526316,0,0
20261008,UCSes4X8uDrpc4X46hJKjejg,CHaZ3JGEv28,on_demand,subscribed,KR,3,/my_subscriptions,2,1,0.655,39.3,103.42105263157895,0,0
20261008,UCSes4X8uDrpc4X46hJKjejg,QytSHiiqR3k,on_demand,not_subscribed,JP,24,unknown,6,3,0.64621666666666666,11.531,60.689473684210526,5,0.55705
20261008,UCSes4X8uDrpc4X46hJKjejg,2n5LJUyMtAk,on_demand,not_subscribed,CA,3,what-to-watch,13,6,17.059883333333332,169.21283333333335,33.507491749174918,1,0.02825
20261008,UCSes4X8uDrpc4X46hJKjejg,YHtB62qU1r8,on_demand,not_subscribed,PG,3,what-to-watch,1,0,0.011666666666666667,0,0,0,0
20261008,UCSes4X8uDrpc4X46hJKjejg,l5M2ICRhyEA,on_demand,subscribed,CN,24,unknown,1,1,0.24833333333333332,14.9,45.151515151515149,0,0
20261008,UCSes4X8uDrpc4X46hJKjejg,1eStVxHXVaM,on_demand,not_subscribed,US,5,,1,0,0.065333333333333327,0,0,1,0.065333333333333327
20261008,UCSes4X8uDrpc4X46hJKjejg,HtZ8tDkeGJY,on_demand,not_subscribed,JM,3,what-to-watch,1,1,0.305,18.3,31.016949152542374,0,0
20261008,UCSes4X8uDrpc4X46hJKjejg,b-rp11aiQmc,on_demand,not_subscribed,US,9,Google Search,1,1,0.19733333333333333,11.84,2.7031963470319633,0,0
20261008,UCSes4X8uDrpc4X46hJKjejg,-9jvIbYHhag,on_demand,not_subscribed,US,8,unknown,1,1,1.7073333333333334,102.44,64.427672955974842,0,0
20261008,UCSes4X8uDrpc4X46hJKjejg,M-M22Ac4CRE,on_demand,not_subscribed,HK,24,unknown,2,1,0.55561666666666665,33.337,101.02121212121212,0,0
20261008,UCSes4X8uDrpc4X46hJKjejg,YHtB62qU1r8,on_demand,not_subscribed,GD,7,InMzPIuFQuE,1,1,7.58,454.8,96.765957446808514,0,0
20261008,UCSes4X8uDrpc4X46hJKjejg,HtZ8tDkeGJY,on_demand,not_subscribed,RW,7,s3a4OQR-10M,1,1,0.46563333333333334,27.938,47.352542372881359,0,0
20261008,UCSes4X8uDrpc4X46hJKjejg,do4cUugrzEw,on_demand,not_subscribed,PH,5,,2,0,0.021666666666666667,0,0,0,0
20261008,UCSes4X8uDrpc4X46hJKjejg,YHtB62qU1r8,on_demand,not_subscribed,US,7,JhEh0Z6i4Ns,1,1,0.48333333333333334,29,6.1702127659574471,0,0
20261008,UCSes4X8uDrpc4X46hJKjejg,YHtB62qU1r8,on_demand,not_subscribed,PH,0,unknown,1,0,0.021666666666666667,0,0,0,0
20261008,UCSes4X8uDrpc4X46hJKjejg,Rl73WZoqKzE,on_demand,not_subscribed,US,7,rqDhXKrNs4Q,1,1,9.92535,595.521,99.919630872483225,0,0
20261008,UCSes4X8uDrpc4X46hJKjejg,e7CxdG8sNlA,on_demand,not_subscribed,AU,3,what-to-watch,1,1,7.4392,446.352,93.968842105263164,1,7.4392
20261008,UCSes4X8uDrpc4X46hJKjejg,YHtB62qU1r8,on_demand,not_subscribed,CA,7,gi8gsX_camk,1,1,2.88075,172.845,36.77553191489362,0,0
20261008,UCSes4X8uDrpc4X46hJKjejg,u9yo-7_Ly7M,on_demand,not_subscribed,KE,5,,1,1,8.88,532.8,96.872727272727275,0,0
20261008,UCSes4X8uDrpc4X46hJKjejg,dgP0I7rPTlU,on_demand,not_subscribed,NG,3,what-to-watch,4,1,1.03,60,206.89655172413794,3,1
20261008,UCSes4X8uDrpc4X46hJKjejg,PVOl1jy_sPs,on_demand,not_subscribed,US,7,5Cq-w45wCNI,1,1,5.8183333333333334,349.1,98.338028169014081,0,0
20261008,UCSes4X8uDrpc4X46hJKjejg,MEHDJ9V-lIk,on_demand,not_subscribed,HU,3,what-to-watch,1,0,0.015,0,0,0,0
20261008,UCSes4X8uDrpc4X46hJKjejg,MEHDJ9V-lIk,on_demand,not_subscribed,TW,3,what-to-watch,3,2,0.36525,10.9025,0.529247572815534,0,0
20261008,UCSes4X8uDrpc4X46hJKjejg,unimgWGUpHM,on_demand,not_subscribed,US,4,UCSes4X8uDrpc4X46hJKjejg,2,1,0.99833333333333329,59.9,142.61904761904762,0,0
20261008,UCSes4X8uDrpc4X46hJKjejg,MEHDJ9V-lIk,on_demand,not_subscribed,GB,7,NjxjHSGRImk,1,1,4.7189,283.134,13.744368932038835,0,0
20261008,UCSes4X8uDrpc4X46hJKjejg,a_gJeGCqf4g,on_demand,not_subscribed,CA,5,,1,1,0.59916666666666663,35.95,57.063492063492063,0,0
20261008,UCSes4X8uDrpc4X46hJKjejg,Ha6asqD-La8,on_demand,subscribed,JP,24,unknown,1,1,0.50008333333333332,30.005,81.0945945945946,0,0
20261008,UCSes4X8uDrpc4X46hJKjejg,HtZ8tDkeGJY,on_demand,not_subscribed,CA,24,unknown,4,2,1.6632833333333332,49.4985,83.8957627118644,2,1.5466166666666668
20261008,UCSes4X8uDrpc4X46hJKjejg,JZgusHsQ0l4,on_demand,not_subscribed,US,3,what-to-watch,245,81,68.777716666666663,48.48762962962963,93.245441595441591,6,3.5536499999999998
20261008,UCSes4X8uDrpc4X46hJKjejg,PoyUkRaWZiM,on_demand,not_subscribed,GB,3,what-to-watch,2,0,0.072833333333333333,0,0,0,0
20261008,UCSes4X8uDrpc4X46hJKjejg,l5M2ICRhyEA,on_demand,subscribed,US,24,unknown,15,5,3.726,42.81,129.72727272727272,1,0.0575
20261008,UCSes4X8uDrpc4X46hJKjejg,Ha6asqD-La8,on_demand,not_subscribed,US,24,unknown,10,6,2.34265,22.830333333333332,61.703603603603604,5,0.96383333333333332
20261008,UCSes4X8uDrpc4X46hJKjejg,WAYYE5BMG6c,on_demand,not_subscribed,KE,20,u9yo-7_Ly7M,1,1,3.6583333333333332,219.5,11.564805057955743,0,0
20261008,UCSes4X8uDrpc4X46hJKjejg,9LFMqUAyB_U,on_demand,not_subscribed,PH,3,what-to-watch,3,2,0.72995,20.9985,2.467508813160987,1,0.46643333333333331
20261008,UCSes4X8uDrpc4X46hJKjejg,vZiLgAOkJ08,on_demand,not_subscribed,US,3,what-to-watch,1,0,0.029816666666666668,0,0,0,0
20261008,UCSes4X8uDrpc4X46hJKjejg,i8nHff5PKGU,on_demand,not_subscribed,ZA,5,,1,1,0.765,45.9,79.137931034482762,0,0
20261008,UCSes4X8uDrpc4X46hJKjejg,rq61MdGS0U4,on_demand,not_subscribed,PR,5,,1,0,0.0066666666666666671,0,0,0,0
20261008,UCSes4X8uDrpc4X46hJKjejg,x9aP35H3Wlc,on_demand,not_subscribed,SK,5,,1,1,0.37491666666666668,22.495,44.1078431372549,0,0
20261008,UCSes4X8uDrpc4X46hJKjejg,f7VpXTa1D8k,on_demand,not_subscribed,US,3,what-to-watch,1,0,0.03833333333333333,0,0,0,0
20261008,UCSes4X8uDrpc4X46hJKjejg,l5M2ICRhyEA,on_demand,not_subscribed,US,5,,5,2,1.0186666666666666,30.56,92.606060606060609,1,0
20261008,UCSes4X8uDrpc4X46hJKjejg,HVLl_aTeQTE,on_demand,not_subscribed,US,3,what-to-watch,1,0,0.014,0,0,0,0
20261008,UCSes4X8uDrpc4X46hJKjejg,FIPueBGagWs,on_demand,subscribed,US,7,2XaXEI45448,1,1,1.7633333333333334,105.8,2.846381490449287,1,1.7633333333333334
20261008,UCSes4X8uDrpc4X46hJKjejg,5WC7gUC932A,on_demand,not_subscribed,MY,3,what-to-watch,1,1,0.22066666666666668,13.24,8.9459459459459456,1,0.22066666666666668
20261008,UCSes4X8uDrpc4X46hJKjejg,eu62r4NZQ3Q,on_demand,subscribed,RO,5,,1,0,0.0016666666666666668,0,0,0,0
20261008,UCSes4X8uDrpc4X46hJKjejg,mUAP-9mAYUw,on_demand,not_subscribed,US,24,unknown,1,0,0.029166666666666667,0,0,0,0
20261008,UCSes4X8uDrpc4X46hJKjejg,gTMjT4y5LHE,on_demand,not_subscribed,CA,8,ytremote,1,1,8.2336833333333335,494.021,100.00425101214574,0,0
20261008,UCSes4X8uDrpc4X46hJKjejg,gTMjT4y5LHE,on_demand,not_subscribed,DE,3,what-to-watch,7,4,2.61085,38.91275,7.8770748987854251,0,0
20261008,UCSes4X8uDrpc4X46hJKjejg,Mw1jFzscOXE,on_demand,not_subscribed,US,7,GwvMF5YaPLg,1,1,14.503333333333334,870.2,17.407481496299258,0,0
20261008,UCSes4X8uDrpc4X46hJKjejg,PhM-zuCW28M,on_demand,subscribed,US,5,,1,0,0,0,0,0,0
20261008,UCSes4X8uDrpc4X46hJKjejg,gTMjT4y5LHE,on_demand,subscribed,GB,3,what-to-watch,7,2,9.48585,279.9495,56.66993927125506,3,9.3434833333333334
20261008,UCSes4X8uDrpc4X46hJKjejg,Vinyx4cY77Q,on_demand,not_subscribed,US,14,PLX3ZLYz4-6vE2_ZNLW5AfzbHTd1jTskDl,1,1,39.171666666666667,2350.3,52.055370985603545,1,39.171666666666667
20261008,UCSes4X8uDrpc4X46hJKjejg,IkDS7ZhVkA4,on_demand,subscribed,US,8,unknown,1,1,0.010666666666666666,0.64,0.027729636048526862,1,0.010666666666666666
20261008,UCSes4X8uDrpc4X46hJKjejg,zS69CFjoay8,on_demand,not_subscribed,PH,5,jalen brunson,2,1,0.89166666666666672,53.5,100.94339622641509,0,0
20261008,UCSes4X8uDrpc4X46hJKjejg,yXI5JzLdcwk,on_demand,not_subscribed,CA,3,what-to-watch,5,1,1.5388166666666667,84.319,105.39875,0,0
20261008,UCSes4X8uDrpc4X46hJKjejg,sc2QVbRxxV8,on_demand,not_subscribed,SI,5,,1,1,0.095,5.7,15.405405405405405,0,0
20261008,UCSes4X8uDrpc4X46hJKjejg,YHtB62qU1r8,on_demand,not_subscribed,US,7,fZs2RDKixbs,1,1,0.010333333333333333,0.62,0.13191489361702127,1,0.010333333333333333
20261008,UCSes4X8uDrpc4X46hJKjejg,XTGlwLovDD0,on_demand,not_subscribed,US,32,CHaZ3JGEv28,1,1,0.045333333333333337,2.72,0.11216494845360825,0,0
20261008,UCSes4X8uDrpc4X46hJKjejg,2QTpTL9bIDQ,on_demand,not_subscribed,US,3,what-to-watch,1,1,0.61108333333333331,36.665,1.037786583639966,0,0
20261008,UCSes4X8uDrpc4X46hJKjejg,ncc0PEKBAFY,on_demand,not_subscribed,US,5,,1,1,1.1666666666666667,70,79.545454545454547,1,1.1666666666666667
20261008,UCSes4X8uDrpc4X46hJKjejg,YHtB62qU1r8,on_demand,not_subscribed,US,7,NeSIGQdlK_U,1,1,7.825,469.5,99.8936170212766,0,0
20261008,UCSes4X8uDrpc4X46hJKjejg,pWCQrmx8beo,on_demand,not_subscribed,SE,5,,3,2,20.510716666666667,615.3215,20.456166888297872,0,0
20261008,UCSes4X8uDrpc4X46hJKjejg,0JHD_pApR7w,on_demand,not_subscribed,US,3,what-to-watch,5,1,1.2583333333333333,69,100,0,0
20261008,UCSes4X8uDrpc4X46hJKjejg,MEHDJ9V-lIk,on_demand,not_subscribed,TH,7,r-lIquzV234,1,1,5.2566666666666668,315.4,15.310679611650485,1,5.2566666666666668
20261008,UCSes4X8uDrpc4X46hJKjejg,6ljakZEWb0o,on_demand,not_subscribed,PH,4,UCSes4X8uDrpc4X46hJKjejg,1,0,0.079583333333333339,0,0,0,0
20261008,UCSes4X8uDrpc4X46hJKjejg,unimgWGUpHM,on_demand,not_subscribed,GH,24,unknown,2,1,0.7235,43.41,103.35714285714286,0,0
20261008,UCSes4X8uDrpc4X46hJKjejg,46H7mR8PVaU,on_demand,not_subscribed,NL,5,,1,0,0.023333333333333334,0,0,0,0
20261008,UCSes4X8uDrpc4X46hJKjejg,HtZ8tDkeGJY,on_demand,subscribed,US,3,what-to-watch,15,7,5.6481,47.262285714285717,80.105569007263924,2,0.89733333333333332
20261008,UCSes4X8uDrpc4X46hJKjejg,gTMjT4y5LHE,on_demand,not_subscribed,LT,3,what-to-watch,2,1,7.7115,458.59,92.831983805668017,0,0
20261008,UCSes4X8uDrpc4X46hJKjejg,rVyl3bzFBcQ,on_demand,not_subscribed,TW,5,,1,0,0.038666666666666669,0,0,0,0
20261008,UCSes4X8uDrpc4X46hJKjejg,3oF068CdTYo,on_demand,not_subscribed,DE,3,what-to-watch,2,1,0.056666666666666664,2,5.882352941176471,0,0
20261008,UCSes4X8uDrpc4X46hJKjejg,BeZUS-lZ4qs,on_demand,not_subscribed,US,7,eitIEcYtwRE,1,1,0.378,22.68,0.73208521626856038,0,0
20261008,UCSes4X8uDrpc4X46hJKjejg,7HuaEHVdk6c,on_demand,not_subscribed,US,3,what-to-watch,13,5,5.30905,62.6866,60.860776699029124,1,0.0735
20261008,UCSes4X8uDrpc4X46hJKjejg,YWmM-Tkjmvo,on_demand,not_subscribed,US,3,what-to-watch,7,4,2.86715,39.42325,13.688628472222222,0,0
20261008,UCSes4X8uDrpc4X46hJKjejg,QytSHiiqR3k,on_demand,not_subscribed,CN,24,unknown,5,2,0.6868333333333333,19.05,100.26315789473684,0,0
20261008,UCSes4X8uDrpc4X46hJKjejg,XxNpGT_I6mk,on_demand,not_subscribed,US,3,what-to-watch,29,9,5.1903333333333332,32.525111111111109,98.560942760942766,1,0.13935
20261008,UCSes4X8uDrpc4X46hJKjejg,BeZUS-lZ4qs,on_demand,not_subscribed,US,7,jLYeIZnO0ec,2,2,52.7275,1581.825,51.059554551323437,1,52.091666666666669
20261008,UCSes4X8uDrpc4X46hJKjejg,x9aP35H3Wlc,on_demand,not_subscribed,US,5,,3,2,0.928,27.14,53.215686274509807,0,0
20261008,UCSes4X8uDrpc4X46hJKjejg,MEHDJ9V-lIk,on_demand,not_subscribed,US,7,vLutAKr6G3A,1,1,8.425,505.5,24.538834951456312,0,0
20261008,UCSes4X8uDrpc4X46hJKjejg,fyi6d0AButQ,on_demand,not_subscribed,TR,3,what-to-watch,1,1,0.24616666666666667,14.77,4.8585526315789478,0,0
20261008,UCSes4X8uDrpc4X46hJKjejg,HAYtxUru2wQ,on_demand,not_subscribed,US,9,com.google.android.apps.messaging,4,2,3.92,117.6,148.86075949367088,0,0
20261008,UCSes4X8uDrpc4X46hJKjejg,BeZUS-lZ4qs,on_demand,subscribed,US,7,kJ8wshMC56c,1,1,26.208166666666667,1572.49,50.758231116849579,0,0
20261008,UCSes4X8uDrpc4X46hJKjejg,JZgusHsQ0l4,on_demand,not_subscribed,CA,24,unknown,10,6,5.2114,52.114000000000004,100.21923076923076,0,0
20261008,UCSes4X8uDrpc4X46hJKjejg,MEHDJ9V-lIk,on_demand,not_subscribed,ID,7,Hu20eNkMGb4,1,1,2.6566666666666667,159.4,7.7378640776699026,0,0
20261008,UCSes4X8uDrpc4X46hJKjejg,pWCQrmx8beo,on_demand,not_subscribed,US,7,PeMHxUwuByQ,1,1,50.12535,3007.521,99.984075797872336,0,0
20261008,UCSes4X8uDrpc4X46hJKjejg,QytSHiiqR3k,on_demand,subscribed,KE,24,unknown,4,2,0.745,22.35,117.63157894736842,0,0
20261008,UCSes4X8uDrpc4X46hJKjejg,9LFMqUAyB_U,on_demand,not_subscribed,AU,3,what-to-watch,1,0,0.0171,0,0,0,0
20261008,UCSes4X8uDrpc4X46hJKjejg,M-M22Ac4CRE,on_demand,not_subscribed,VN,5,,1,1,0.13316666666666666,7.99,24.212121212121211,0,0
20261008,UCSes4X8uDrpc4X46hJKjejg,pPj9SqEhXao,on_demand,not_subscribed,US,5,,1,0,0.021833333333333333,0,0,0,0
20261008,UCSes4X8uDrpc4X46hJKjejg,QytSHiiqR3k,on_demand,subscribed,HR,24,unknown,4,3,0.61166666666666669,12.233333333333334,64.3859649122807,1,0.17333333333333334
20261008,UCSes4X8uDrpc4X46hJKjejg,_nLQ3Vbdzx0,on_demand,not_subscribed,US,24,unknown,1,0,0.0135,0,0,0,0
20261008,UCSes4X8uDrpc4X46hJKjejg,xRE9H7wpboA,on_demand,not_subscribed,US,5,,2,0,0.10276666666666667,0,0,0,0
20261008,UCSes4X8uDrpc4X46hJKjejg,sRIO-T5dRjA,on_demand,not_subscribed,DO,5,jeremiah fears,1,0,0.0033333333333333335,0,0,0,0
20261008,UCSes4X8uDrpc4X46hJKjejg,oujDWGTay-Q,on_demand,not_subscribed,PH,3,what-to-watch,4,1,1.3635333333333333,75.83,101.10666666666667,0,0
20261008,UCSes4X8uDrpc4X46hJKjejg,QytSHiiqR3k,on_demand,not_subscribed,KE,5,,2,1,0.31166666666666665,18.7,98.421052631578945,0,0
20261008,UCSes4X8uDrpc4X46hJKjejg,VabbVbaoc3U,on_demand,not_subscribed,GB,24,unknown,2,1,2.195,131.7,100.53435114503817,0,0
20261008,UCSes4X8uDrpc4X46hJKjejg,sc2QVbRxxV8,on_demand,not_subscribed,RS,5,,2,1,0.62333333333333329,37.4,101.08108108108108,0,0
20261008,UCSes4X8uDrpc4X46hJKjejg,JZgusHsQ0l4,on_demand,not_subscribed,US,7,6uybgGlF7ow,1,1,0.083333333333333329,5,9.615384615384615,1,0.083333333333333329
20261008,UCSes4X8uDrpc4X46hJKjejg,YHtB62qU1r8,on_demand,not_subscribed,FI,3,what-to-watch,2,0,0.14,0,0,0,0
20261008,UCSes4X8uDrpc4X46hJKjejg,QytSHiiqR3k,on_demand,subscribed,JP,24,unknown,8,3,1.9056666666666666,38.113333333333337,200.59649122807016,0,0
20261008,UCSes4X8uDrpc4X46hJKjejg,6ljakZEWb0o,on_demand,subscribed,CA,7,vbmPVYNf1oA,1,1,46.047,2762.82,99.99348534201954,1,46.047
20261008,UCSes4X8uDrpc4X46hJKjejg,_wDZGJxrWGg,on_demand,not_subscribed,FR,5,,1,1,0.48866666666666669,29.32,21.401459854014597,0,0
20261008,UCSes4X8uDrpc4X46hJKjejg,YHtB62qU1r8,on_demand,not_subscribed,US,7,RwaME6eD5RM,1,1,3.44485,206.691,43.9768085106383,0,0
20261008,UCSes4X8uDrpc4X46hJKjejg,fyi6d0AButQ,on_demand,not_subscribed,TL,3,what-to-watch,1,1,0.14541666666666667,8.725,2.8700657894736841,0,0
20261008,UCSes4X8uDrpc4X46hJKjejg,BvHw3ddSlms,on_demand,not_subscribed,US,4,UCSes4X8uDrpc4X46hJKjejg,2,2,0.37788333333333335,11.3365,0.23741361256544502,1,0.34683333333333333
20261008,UCSes4X8uDrpc4X46hJKjejg,2n5LJUyMtAk,on_demand,subscribed,CA,3,what-to-watch,3,0,0.099666666666666667,0,0,0,0
20261008,UCSes4X8uDrpc4X46hJKjejg,QytSHiiqR3k,on_demand,not_subscribed,US,24,unknown,2875,1405,518.55915,21.525823487544482,113.29380782918149,479,87.67455
20261008,UCSes4X8uDrpc4X46hJKjejg,rScJj_0-t-o,on_demand,not_subscribed,US,5,new orleans pelicans,13,8,10.462166666666667,77.86625,67.709782608695647,0,0
20261008,UCSes4X8uDrpc4X46hJKjejg,Y8VmQ0NuFhs,on_demand,not_subscribed,US,3,what-to-watch,1,0,0.019683333333333334,0,0,0,0
20261008,UCSes4X8uDrpc4X46hJKjejg,PY_VRF7d7kc,on_demand,not_subscribed,US,3,what-to-watch,2,0,0.0665,0,0,0,0
20261008,UCSes4X8uDrpc4X46hJKjejg,YHtB62qU1r8,on_demand,not_subscribed,NL,7,VhabvR4r4n8,1,1,6.2418666666666667,374.512,79.683404255319147,0,0
20261008,UCSes4X8uDrpc4X46hJKjejg,0D9cQJPcrhU,on_demand,not_subscribed,SG,3,what-to-watch,1,1,0.0066666666666666671,0.4,0.13468013468013468,0,0
20261008,UCSes4X8uDrpc4X46hJKjejg,JZgusHsQ0l4,on_demand,not_subscribed,US,7,NNYpiw881IA,2,1,1.2025,72.15,138.75,0,0
20261008,UCSes4X8uDrpc4X46hJKjejg,M6PvfZYH31E,on_demand,subscribed,GB,5,,2,0,0.07745,0,0,0,0
20261008,UCSes4X8uDrpc4X46hJKjejg,PhM-zuCW28M,on_demand,not_subscribed,US,8,unknown,1,1,0.87555,52.533,68.224675324675331,0,0
20261008,UCSes4X8uDrpc4X46hJKjejg,FCAC9ZyPn_4,on_demand,not_subscribed,US,5,,1,1,0.27066666666666667,16.24,3.6909090909090909,0,0
20261008,UCSes4X8uDrpc4X46hJKjejg,iZiHHNQiT4g,on_demand,not_subscribed,US,3,watch-later,1,1,0.57766666666666666,34.66,0.87041687594173778,0,0
20261008,UCSes4X8uDrpc4X46hJKjejg,M-M22Ac4CRE,on_demand,not_subscribed,HK,5,,1,0,0.05505,0,0,0,0
20261008,UCSes4X8uDrpc4X46hJKjejg,YHtB62qU1r8,on_demand,not_subscribed,RO,3,what-to-watch,1,1,0.84,50.4,10.723404255319149,0,0
20261008,UCSes4X8uDrpc4X46hJKjejg,PeMHxUwuByQ,on_demand,not_subscribed,US,7,5ozbBdgA87Q,1,1,3.02185,181.311,4.8726417629669445,0,0
20261008,UCSes4X8uDrpc4X46hJKjejg,unimgWGUpHM,on_demand,subscribed,US,4,UCSes4X8uDrpc4X46hJKjejg,1,0,0.051666666666666666,0,0,0,0
20261008,UCSes4X8uDrpc4X46hJKjejg,YHtB62qU1r8,on_demand,not_subscribed,IN,5,76ers,1,0,0.058333333333333334,0,0,0,0
20261008,UCSes4X8uDrpc4X46hJKjejg,HtZ8tDkeGJY,on_demand,not_subscribed,EE,3,what-to-watch,1,1,0.17586666666666667,10.552,17.884745762711866,1,0.17586666666666667
20261008,UCSes4X8uDrpc4X46hJKjejg,6ljakZEWb0o,on_demand,not_subscribed,US,7,GwH8fLXRjGg,1,1,0.05,3,0.10857763300760044,0,0
20261008,UCSes4X8uDrpc4X46hJKjejg,HtZ8tDkeGJY,on_demand,subscribed,CA,24,unknown,1,1,0.159,9.54,16.16949152542373,1,0.159
20261008,UCSes4X8uDrpc4X46hJKjejg,JZgusHsQ0l4,on_demand,subscribed,US,3,what-to-watch,31,13,11.138766666666667,50.088307692307694,96.323668639053253,9,4.0081833333333332
20261008,UCSes4X8uDrpc4X46hJKjejg,Ha6asqD-La8,on_demand,subscribed,US,24,unknown,3,0,0.10216666666666667,0,0,0,0
20261008,UCSes4X8uDrpc4X46hJKjejg,5WC7gUC932A,on_demand,not_subscribed,PH,5,,2,0,0.083333333333333329,0,0,1,0.048333333333333332
20261008,UCSes4X8uDrpc4X46hJKjejg,tvcu9WeDJD4,on_demand,not_subscribed,US,3,what-to-watch,2,0,0.013516666666666666,0,0,0,0
20261008,UCSes4X8uDrpc4X46hJKjejg,YHtB62qU1r8,on_demand,not_subscribed,BG,7,bgSixq0dOKs,1,1,7.8226666666666667,469.36,99.863829787234039,0,0
20261008,UCSes4X8uDrpc4X46hJKjejg,4HEcIWe3vAg,on_demand,not_subscribed,US,5,,2,1,0.98,58.8,122.5,0,0
20261008,UCSes4X8uDrpc4X46hJKjejg,MEHDJ9V-lIk,on_demand,not_subscribed,NL,3,what-to-watch,4,2,9.4878166666666672,283.9845,13.785655339805825,0,0
20261008,UCSes4X8uDrpc4X46hJKjejg,ePdXtNfowRo,on_demand,not_subscribed,US,5,,8,1,0.45038333333333336,14.87,2.8986354775828458,1,0.24783333333333332
20261008,UCSes4X8uDrpc4X46hJKjejg,l5M2ICRhyEA,on_demand,subscribed,US,5,,5,2,1.223,35.605,107.89393939393939,0,0
20261008,UCSes4X8uDrpc4X46hJKjejg,Ha6asqD-La8,on_demand,not_subscribed,US,5,,8,3,0.40083333333333332,7.1833333333333336,19.414414414414413,0,0
20261008,UCSes4X8uDrpc4X46hJKjejg,IkDS7ZhVkA4,on_demand,not_subscribed,US,3,what-to-watch,21,6,16.882316666666668,164.84366666666668,7.1422732524552286,0,0
20261008,UCSes4X8uDrpc4X46hJKjejg,PeMHxUwuByQ,on_demand,not_subscribed,US,7,YHtB62qU1r8,1,1,26.414766666666665,1584.886,42.593012631013167,0,0
20261008,UCSes4X8uDrpc4X46hJKjejg,gTMjT4y5LHE,on_demand,not_subscribed,ZM,7,CEnSExw_K_o,1,1,8.235,494.1,100.02024291497976,0,0
20261008,UCSes4X8uDrpc4X46hJKjejg,u9yo-7_Ly7M,on_demand,not_subscribed,US,5,,8,1,4.2977,246.88,44.88727272727273,0,0
20261008,UCSes4X8uDrpc4X46hJKjejg,l5M2ICRhyEA,on_demand,not_subscribed,SC,24,unknown,2,1,1.0699833333333333,64.199,194.54242424242423,0,0
20261008,UCSes4X8uDrpc4X46hJKjejg,QytSHiiqR3k,on_demand,not_subscribed,JM,24,unknown,9,3,1.198,23.05,121.31578947368421,0,0
20261008,UCSes4X8uDrpc4X46hJKjejg,IkDS7ZhVkA4,on_demand,not_subscribed,US,7,mIIjhHNnATI,1,1,20.771666666666668,1246.3,53.999133448873486,0,0
20261008,UCSes4X8uDrpc4X46hJKjejg,mUAP-9mAYUw,on_demand,not_subscribed,US,5,,1,1,0.1,6,8.4507042253521121,0,0
20261008,UCSes4X8uDrpc4X46hJKjejg,XxNpGT_I6mk,on_demand,not_subscribed,AE,3,what-to-watch,2,0,0.0175,0,0,0,0
20261008,UCSes4X8uDrpc4X46hJKjejg,QytSHiiqR3k,on_demand,not_subscribed,ZA,8,unknown,2,1,0.31535,18.921,99.584210526315786,0,0
20261008,UCSes4X8uDrpc4X46hJKjejg,ymfIczLSXfI,on_demand,not_subscribed,CA,5,,2,1,0.627,37.62,99,0,0
20261008,UCSes4X8uDrpc4X46hJKjejg,wLJcRS0NJX0,on_demand,not_subscribed,US,5,,2,0,0.038583333333333331,0,0,0,0
20261008,UCSes4X8uDrpc4X46hJKjejg,MsGmqkcp0Gc,on_demand,not_subscribed,ZA,24,unknown,2,1,1.3659666666666668,81.958,113.83055555555555,0,0
20261008,UCSes4X8uDrpc4X46hJKjejg,PoyUkRaWZiM,on_demand,not_subscribed,LT,3,what-to-watch,1,0,0.088616666666666663,0,0,0,0
20261008,UCSes4X8uDrpc4X46hJKjejg,fyi6d0AButQ,on_demand,not_subscribed,PR,3,what-to-watch,1,1,5.035166666666667,302.11,99.3782894736842,0,0
20261008,UCSes4X8uDrpc4X46hJKjejg,oujDWGTay-Q,on_demand,not_subscribed,AU,3,what-to-watch,1,0,0.020666666666666667,0,0,0,0
20261008,UCSes4X8uDrpc4X46hJKjejg,IkDS7ZhVkA4,on_demand,subscribed,US,7,pmzz7Gefdro,1,1,0.7925,47.55,2.0602253032928943,1,0.7925
20261008,UCSes4X8uDrpc4X46hJKjejg,R09S9nSIyEk,on_demand,subscribed,US,7,LH-z_nTdGVs,1,1,12.507883333333334,750.473,19.105728105906312,0,0
20261008,UCSes4X8uDrpc4X46hJKjejg,-k1Ng7TE63Q,on_demand,not_subscribed,CH,5,,2,1,1.01055,60.633,202.11,2,1.01055
20261008,UCSes4X8uDrpc4X46hJKjejg,WAYYE5BMG6c,on_demand,not_subscribed,US,3,what-to-watch,15,5,37.840616666666669,448.90379999999993,23.65141201264489,1,0.055333333333333332
20261008,UCSes4X8uDrpc4X46hJKjejg,ymfIczLSXfI,on_demand,not_subscribed,IN,5,,1,0,0,0,0,0,0
20261008,UCSes4X8uDrpc4X46hJKjejg,YHtB62qU1r8,on_demand,not_subscribed,IT,3,what-to-watch,7,4,8.8997166666666665,130.79425,27.828563829787235,0,0
20261008,UCSes4X8uDrpc4X46hJKjejg,FCAC9ZyPn_4,on_demand,subscribed,IR,3,what-to-watch,1,0,0.01625,0,0,0,0
20261008,UCSes4X8uDrpc4X46hJKjejg,Rl73WZoqKzE,on_demand,subscribed,JP,3,what-to-watch,1,0,0.066516666666666668,0,0,0,0
20261008,UCSes4X8uDrpc4X46hJKjejg,-5W-IHpVhiI,on_demand,not_subscribed,CA,5,,1,1,1.535,92.1,73.68,0,0
20261008,UCSes4X8uDrpc4X46hJKjejg,CHaZ3JGEv28,on_demand,subscribed,AU,17,uploaded_other,1,1,0.18166666666666667,10.9,28.684210526315791,1,0.18166666666666667
20261008,UCSes4X8uDrpc4X46hJKjejg,Rl73WZoqKzE,on_demand,not_subscribed,US,3,what-to-watch,2,0,0.083333333333333329,0,0,0,0
20261008,UCSes4X8uDrpc4X46hJKjejg,DIX-1VvcjM4,on_demand,not_subscribed,US,5,,1,0,0,0,0,0,0
20261008,UCSes4X8uDrpc4X46hJKjejg,tW5MU50qt0A,on_demand,not_subscribed,US,5,,1,1,0.71333333333333337,42.8,85.6,0,0
20261008,UCSes4X8uDrpc4X46hJKjejg,l5M2ICRhyEA,on_demand,not_subscribed,ZA,3,what-to-watch,2,1,0.57036666666666669,34.222,103.7030303030303,0,0
20261008,UCSes4X8uDrpc4X46hJKjejg,YHtB62qU1r8,on_demand,not_subscribed,US,5,philadelphia 76ers,17,6,4.78495,43.512666666666668,9.2580141843971635,0,0
20261008,UCSes4X8uDrpc4X46hJKjejg,JZgusHsQ0l4,on_demand,subscribed,JM,3,what-to-watch,2,0,0.094866666666666669,0,0,0,0
20261008,UCSes4X8uDrpc4X46hJKjejg,2Q710LlwPG4,on_demand,not_subscribed,US,5,,2,1,1.7911333333333332,107.468,101.38490566037736,0,0
20261008,UCSes4X8uDrpc4X46hJKjejg,gTMjT4y5LHE,on_demand,not_subscribed,AU,0,unknown,3,1,1.2829166666666667,67.81,13.726720647773279,0,0
20261008,UCSes4X8uDrpc4X46hJKjejg,J39ahAPa8Ng,on_demand,not_subscribed,TW,3,what-to-watch,1,0,0.01365,0,0,0,0
20261008,UCSes4X8uDrpc4X46hJKjejg,QytSHiiqR3k,on_demand,not_subscribed,AE,24,unknown,5,2,0.56083333333333329,13.615,71.65789473684211,1,0.040333333333333332
20261008,UCSes4X8uDrpc4X46hJKjejg,HwWx5nhjCx8,on_demand,not_subscribed,CA,3,what-to-watch,3,2,0.43001666666666666,11.144,1.0705091258405379,0,0
20261008,UCSes4X8uDrpc4X46hJKjejg,7HuaEHVdk6c,on_demand,subscribed,US,3,what-to-watch,1,0,0.0245,0,0,0,0
20261008,UCSes4X8uDrpc4X46hJKjejg,6ljakZEWb0o,on_demand,not_subscribed,FR,4,UCSes4X8uDrpc4X46hJKjejg,1,1,0.49333333333333335,29.6,1.0712993123416577,0,0
20261008,UCSes4X8uDrpc4X46hJKjejg,2n5LJUyMtAk,on_demand,not_subscribed,US,9,Google Search,1,1,0.24531666666666666,14.719,2.9146534653465346,0,0
20261008,UCSes4X8uDrpc4X46hJKjejg,sD1_yEFKxm0,on_demand,not_subscribed,PH,5,,1,1,0.62383333333333335,37.43,56.712121212121211,1,0.62383333333333335
20261008,UCSes4X8uDrpc4X46hJKjejg,OV__mS_6Hbg,on_demand,not_subscribed,PH,5,,1,1,0.2385,14.31,3.659846547314578,0,0
20261008,UCSes4X8uDrpc4X46hJKjejg,XxNpGT_I6mk,on_demand,subscribed,US,3,what-to-watch,1,0,0.083616666666666672,0,0,0,0
20261008,UCSes4X8uDrpc4X46hJKjejg,YHtB62qU1r8,on_demand,not_subscribed,LC,3,what-to-watch,1,0,0.0083333333333333332,0,0,0,0
20261008,UCSes4X8uDrpc4X46hJKjejg,JZgusHsQ0l4,on_demand,subscribed,CA,24,unknown,3,2,0.98581666666666667,28.2245,54.277884615384615,0,0
20261008,UCSes4X8uDrpc4X46hJKjejg,6ljakZEWb0o,on_demand,not_subscribed,US,7,Ydp0ru9F_cY,1,1,0.75521666666666665,45.313,1.6399927614911329,0,0
20261008,UCSes4X8uDrpc4X46hJKjejg,pWCQrmx8beo,on_demand,not_subscribed,US,7,CycRXto4FnQ,1,1,4.2513333333333332,255.08,8.4800531914893611,1,4.2513333333333332
20261008,UCSes4X8uDrpc4X46hJKjejg,RivhYbILNsY,on_demand,not_subscribed,CA,5,,2,1,0.42466666666666669,25.26,22.963636363636365,0,0
20261008,UCSes4X8uDrpc4X46hJKjejg,5WC7gUC932A,on_demand,not_subscribed,AU,5,,1,1,0.2765,16.59,11.20945945945946,0,0
20261008,UCSes4X8uDrpc4X46hJKjejg,fyi6d0AButQ,on_demand,not_subscribed,PH,3,what-to-watch,5,2,3.28995,93.2825,30.685032894736842,2,3.1094166666666667
20261008,UCSes4X8uDrpc4X46hJKjejg,rP97ZTg5coI,on_demand,not_subscribed,US,5,,1,1,0.23916666666666667,14.35,12.370689655172415,0,0
20261008,UCSes4X8uDrpc4X46hJKjejg,hkx3rs1lVDo,on_demand,not_subscribed,IN,5,,2,0,0.028333333333333332,0,0,0,0
20261008,UCSes4X8uDrpc4X46hJKjejg,k3pJGiIh1RE,on_demand,not_subscribed,AU,9,Google Search,1,1,0.68601666666666672,41.161,80.7078431372549,0,0
20261008,UCSes4X8uDrpc4X46hJKjejg,JZgusHsQ0l4,on_demand,not_subscribed,CA,5,,6,3,2.6338333333333335,52.676666666666669,101.30128205128206,2,0.87333333333333329
20261008,UCSes4X8uDrpc4X46hJKjejg,n8fMP2cKrBc,on_demand,not_subscribed,NL,3,what-to-watch,7,0,0.0816,0,0,0,0
20261008,UCSes4X8uDrpc4X46hJKjejg,gTMjT4y5LHE,on_demand,not_subscribed,FI,3,what-to-watch,6,2,5.3353166666666665,156.7375,31.728238866396762,0,0
20261008,UCSes4X8uDrpc4X46hJKjejg,HwWx5nhjCx8,on_demand,not_subscribed,VI,3,what-to-watch,1,1,0.25101666666666667,15.061,1.4467819404418829,0,0
20261008,UCSes4X8uDrpc4X46hJKjejg,BeZUS-lZ4qs,on_demand,not_subscribed,US,4,UCSes4X8uDrpc4X46hJKjejg,3,2,59.008133333333333,1767.6495,57.057763072950287,1,4.7276666666666669
20261008,UCSes4X8uDrpc4X46hJKjejg,CHaZ3JGEv28,on_demand,subscribed,MX,24,unknown,2,1,0.798,47.88,126,2,0.798
20261008,UCSes4X8uDrpc4X46hJKjejg,MEHDJ9V-lIk,on_demand,not_subscribed,US,7,TrYebu9thxY,1,1,0.63733333333333331,38.24,1.8563106796116504,0,0
20261008,UCSes4X8uDrpc4X46hJKjejg,N4FSFFIyyhU,on_demand,not_subscribed,SE,5,,1,0,0.066666666666666666,0,0,0,0
20261008,UCSes4X8uDrpc4X46hJKjejg,_nLQ3Vbdzx0,on_demand,not_subscribed,US,5,,3,1,0.4005,21.3,32.769230769230766,1,0.355
20261008,UCSes4X8uDrpc4X46hJKjejg,QytSHiiqR3k,on_demand,subscribed,US,3,my-history,1,1,0.017833333333333333,1.07,5.6315789473684212,0,0
20261008,UCSes4X8uDrpc4X46hJKjejg,BvHw3ddSlms,on_demand,subscribed,US,4,UCSes4X8uDrpc4X46hJKjejg,1,1,0.46083333333333332,27.65,0.5790575916230366,0,0
20261008,UCSes4X8uDrpc4X46hJKjejg,HVLl_aTeQTE,on_demand,not_subscribed,CA,5,,1,0,0.060166666666666667,0,0,0,0
20261008,UCSes4X8uDrpc4X46hJKjejg,QytSHiiqR3k,on_demand,subscribed,US,24,unknown,652,282,116.27145,23.970063829787232,126.15823068309071,149,24.042333333333342
20261008,UCSes4X8uDrpc4X46hJKjejg,f4MfVVTJ6pY,on_demand,not_subscribed,AU,7,luQi0xXE1ho,1,1,0.62345,37.407,2.2753649635036495,1,0.62345
20261008,UCSes4X8uDrpc4X46hJKjejg,j1UEQziUeqw,on_demand,not_subscribed,ZA,5,,2,1,0.78833333333333333,47.3,100.63829787234043,2,0.78833333333333333
20261008,UCSes4X8uDrpc4X46hJKjejg,e7CxdG8sNlA,on_demand,not_subscribed,ES,3,what-to-watch,1,0,0.064433333333333329,0,0,0,0
20261008,UCSes4X8uDrpc4X46hJKjejg,s5FwywrEozM,on_demand,subscribed,IS,5,,2,1,0.69,41.4,100.97560975609755,0,0
20261008,UCSes4X8uDrpc4X46hJKjejg,QytSHiiqR3k,on_demand,not_subscribed,US,5,,57,26,9.2302333333333326,20.643384615384612,108.64939271255061,6,0.8925
20261008,UCSes4X8uDrpc4X46hJKjejg,l5M2ICRhyEA,on_demand,not_subscribed,AG,3,what-to-watch,2,1,0.58066666666666666,34.84,105.57575757575758,0,0
20261008,UCSes4X8uDrpc4X46hJKjejg,JZgusHsQ0l4,on_demand,not_subscribed,US,5,lebron,9,5,3.6447833333333333,43.519400000000005,83.691153846153853,2,0.8656666666666667
20261008,UCSes4X8uDrpc4X46hJKjejg,2n5LJUyMtAk,on_demand,not_subscribed,BB,3,what-to-watch,2,0,0.054416666666666669,0,0,0,0
20261008,UCSes4X8uDrpc4X46hJKjejg,gTMjT4y5LHE,on_demand,not_subscribed,RO,3,what-to-watch,1,1,7.7841666666666667,467.05,94.544534412955471,0,0
20261008,UCSes4X8uDrpc4X46hJKjejg,k3pJGiIh1RE,on_demand,not_subscribed,IE,5,,1,1,0.4015,24.09,47.235294117647058,0,0
20261008,UCSes4X8uDrpc4X46hJKjejg,CHaZ3JGEv28,on_demand,not_subscribed,PH,5,nba,2,1,0.72826666666666662,43.696,114.98947368421052,2,0.72826666666666662
20261008,UCSes4X8uDrpc4X46hJKjejg,u2btQrTAuAo,on_demand,not_subscribed,US,5,,3,1,0.8232,49.2,102.5,0,0
20261008,UCSes4X8uDrpc4X46hJKjejg,CHaZ3JGEv28,on_demand,subscribed,IR,24,unknown,3,1,0.55,28.7,75.526315789473685,0,0
20261008,UCSes4X8uDrpc4X46hJKjejg,MEHDJ9V-lIk,on_demand,not_subscribed,US,7,d0yRnyBTxEg,1,1,3.57035,214.221,10.399077669902912,0,0
20261008,UCSes4X8uDrpc4X46hJKjejg,Uo7rmLN6ANk,on_demand,not_subscribed,US,7,VvQQRo6bIDw,1,1,44.385416666666664,2663.125,102.23128598848369,0,0
20261008,UCSes4X8uDrpc4X46hJKjejg,YHtB62qU1r8,on_demand,not_subscribed,MZ,3,what-to-watch,1,0,0.15166666666666667,0,0,0,0
20261008,UCSes4X8uDrpc4X46hJKjejg,CHaZ3JGEv28,on_demand,subscribed,NO,24,unknown,1,1,0.60566666666666669,36.34,95.631578947368425,0,0
20261008,UCSes4X8uDrpc4X46hJKjejg,CHaZ3JGEv28,on_demand,not_subscribed,SA,24,unknown,2,1,0.6355,38.13,100.34210526315789,2,0.6355
20261008,UCSes4X8uDrpc4X46hJKjejg,QytSHiiqR3k,on_demand,subscribed,JP,3,/my_subscriptions,1,0,0.045283333333333335,0,0,0,0
20261008,UCSes4X8uDrpc4X46hJKjejg,YHtB62qU1r8,on_demand,subscribed,US,7,KyuInGiJH5g,1,1,2.575,154.5,32.872340425531917,1,2.575
20261008,UCSes4X8uDrpc4X46hJKjejg,f9Uo-9KNxsY,on_demand,not_subscribed,GR,5,,2,1,0.37666666666666665,22.1,20.654205607476637,0,0
20261008,UCSes4X8uDrpc4X46hJKjejg,2vf4qDJNyOw,on_demand,not_subscribed,US,5,,1,1,9.29345,557.607,100.83309222423146,0,0
20261008,UCSes4X8uDrpc4X46hJKjejg,HwWx5nhjCx8,on_demand,not_subscribed,SN,3,what-to-watch,1,0,0.031666666666666669,0,0,0,0
20261008,UCSes4X8uDrpc4X46hJKjejg,x9aP35H3Wlc,on_demand,not_subscribed,IN,4,UCSes4X8uDrpc4X46hJKjejg,1,1,0.755,45.3,88.82352941176471,0,0
20261008,UCSes4X8uDrpc4X46hJKjejg,hn6pMzitKjE,on_demand,not_subscribed,IN,24,unknown,1,0,0.013,0,0,1,0.013
20261008,UCSes4X8uDrpc4X46hJKjejg,nr2XQrdnjdQ,on_demand,not_subscribed,PH,3,what-to-watch,1,1,0.365,21.9,1.8717948717948718,0,0
20261008,UCSes4X8uDrpc4X46hJKjejg,QytSHiiqR3k,on_demand,subscribed,MX,3,what-to-watch,1,1,0.063,3.78,19.894736842105264,1,0.063
20261008,UCSes4X8uDrpc4X46hJKjejg,ZYxC81zpCi0,on_demand,not_subscribed,US,14,PLX3ZLYz4-6vE2_ZNLW5AfzbHTd1jTskDl,1,1,52.038333333333334,3122.3,99.97758565481908,1,52.038333333333334
20261008,UCSes4X8uDrpc4X46hJKjejg,Ha6asqD-La8,on_demand,subscribed,US,5,,4,1,0.76063333333333338,41.2,111.35135135135135,0,0
20261008,UCSes4X8uDrpc4X46hJKjejg,OGOmzWG_ThE,on_demand,not_subscribed,KR,3,what-to-watch,1,0,0.005,0,0,0,0
20261008,UCSes4X8uDrpc4X46hJKjejg,XxNpGT_I6mk,on_demand,not_subscribed,EE,3,what-to-watch,3,1,0.6326,32.933,99.7969696969697,0,0
20261008,UCSes4X8uDrpc4X46hJKjejg,2Q710LlwPG4,on_demand,not_subscribed,AE,5,,1,0,0.014833333333333334,0,0,0,0
20261008,UCSes4X8uDrpc4X46hJKjejg,po8YrSQivoM,on_demand,subscribed,US,7,R09S9nSIyEk,1,1,0.057633333333333335,3.458,0.10075757575757575,0,0
20261008,UCSes4X8uDrpc4X46hJKjejg,CHaZ3JGEv28,on_demand,not_subscribed,PH,5,washington wizards,2,1,0.12831666666666666,6.599,17.36578947368421,0,0
20261008,UCSes4X8uDrpc4X46hJKjejg,JZgusHsQ0l4,on_demand,not_subscribed,SC,3,what-to-watch,2,1,0.8635,51.81,99.634615384615387,0,0
20261008,UCSes4X8uDrpc4X46hJKjejg,s5FwywrEozM,on_demand,not_subscribed,DE,5,,1,1,0.65266666666666662,39.16,95.512195121951223,0,0
20261008,UCSes4X8uDrpc4X46hJKjejg,CFKK7UDcpPQ,on_demand,not_subscribed,US,5,,1,1,0.62583333333333335,37.55,83.444444444444443,0,0
20261008,UCSes4X8uDrpc4X46hJKjejg,YWmM-Tkjmvo,on_demand,not_subscribed,CA,5,,2,0,0.0040166666666666666,0,0,0,0
20261008,UCSes4X8uDrpc4X46hJKjejg,YHtB62qU1r8,on_demand,not_subscribed,US,7,31KssJCBLMQ,1,1,2.0533333333333332,123.2,26.212765957446809,0,0
20261008,UCSes4X8uDrpc4X46hJKjejg,-k1Ng7TE63Q,on_demand,not_subscribed,CR,5,,1,0,0.0033333333333333335,0,0,0,0
20261008,UCSes4X8uDrpc4X46hJKjejg,xoDKzVpw9j0,on_demand,not_subscribed,ZA,5,,1,1,0.29833333333333334,17.9,25.571428571428573,0,0
20261008,UCSes4X8uDrpc4X46hJKjejg,50MHq47IaLU,on_demand,not_subscribed,US,24,unknown,6,3,2.4631,47.913666666666671,41.664057971014493,0,0
20261008,UCSes4X8uDrpc4X46hJKjejg,QxkwRERjZgA,on_demand,not_subscribed,DE,5,,1,0,0.0036666666666666666,0,0,0,0
20261008,UCSes4X8uDrpc4X46hJKjejg,YHtB62qU1r8,on_demand,not_subscribed,US,7,bxQLwRu2GTw,1,1,6.644,398.64,84.817021276595739,0,0
20261008,UCSes4X8uDrpc4X46hJKjejg,YHtB62qU1r8,on_demand,not_subscribed,TT,9,Google Search,1,1,0.013883333333333333,0.833,0.1772340425531915,0,0
20261008,UCSes4X8uDrpc4X46hJKjejg,fyi6d0AButQ,on_demand,not_subscribed,AU,3,what-to-watch,33,26,68.062183333333337,156.41953846153845,51.4537955465587,4,12.555083333333334
20261008,UCSes4X8uDrpc4X46hJKjejg,YHtB62qU1r8,on_demand,not_subscribed,KR,3,what-to-watch,1,0,0.024,0,0,0,0
20261008,UCSes4X8uDrpc4X46hJKjejg,YHtB62qU1r8,on_demand,not_subscribed,US,7,OKGTa1eqlX0,1,1,0.10875,6.525,1.3882978723404256,0,0
20261008,UCSes4X8uDrpc4X46hJKjejg,oclZFI8L9Sw,on_demand,not_subscribed,US,3,what-to-watch,2,1,1.4453333333333334,86.72,102.02352941176471,0,0
20261008,UCSes4X8uDrpc4X46hJKjejg,2n5LJUyMtAk,on_demand,not_subscribed,US,0,unknown,22,17,41.354333333333336,145.83852941176471,28.878916715200933,4,3.4609666666666667
20261008,UCSes4X8uDrpc4X46hJKjejg,Ha6asqD-La8,on_demand,subscribed,US,3,/my_subscriptions,2,1,0.6815,40.89,110.51351351351352,0,0
20261008,UCSes4X8uDrpc4X46hJKjejg,iyXSPWzKYBk,on_demand,not_subscribed,PH,5,,1,1,0.17505,10.503,4.5077253218884117,0,0
20261008,UCSes4X8uDrpc4X46hJKjejg,QytSHiiqR3k,on_demand,subscribed,NZ,8,unknown,1,0,0.029166666666666667,0,0,0,0
20261008,UCSes4X8uDrpc4X46hJKjejg,CHaZ3JGEv28,on_demand,not_subscribed,US,4,UCSes4X8uDrpc4X46hJKjejg,3,2,1.3189333333333333,39.568,104.12631578947368,0,0
20261008,UCSes4X8uDrpc4X46hJKjejg,gTMjT4y5LHE,on_demand,not_subscribed,IT,3,what-to-watch,4,2,2.786,81.78,16.554655870445345,0,0
20261008,UCSes4X8uDrpc4X46hJKjejg,WAYYE5BMG6c,on_demand,subscribed,US,3,what-to-watch,5,1,0.22715,5.595,0.29478398314014753,0,0
20261008,UCSes4X8uDrpc4X46hJKjejg,YHtB62qU1r8,on_demand,subscribed,IT,3,what-to-watch,1,0,0.04,0,0,0,0
20261008,UCSes4X8uDrpc4X46hJKjejg,CHaZ3JGEv28,on_demand,not_subscribed,GU,5,washington wizards,1,1,0.063333333333333339,3.8,10,0,0
20261008,UCSes4X8uDrpc4X46hJKjejg,i8nHff5PKGU,on_demand,not_subscribed,US,5,,1,1,0.305,18.3,31.551724137931036,0,0
20261008,UCSes4X8uDrpc4X46hJKjejg,YHtB62qU1r8,on_demand,not_subscribed,US,4,UCSes4X8uDrpc4X46hJKjejg,1,1,0.0584,3.504,0.745531914893617,0,0
20261008,UCSes4X8uDrpc4X46hJKjejg,Rl73WZoqKzE,on_demand,subscribed,US,3,what-to-watch,7,2,10.029233333333334,298.112,50.018791946308724,1,0.25553333333333333
20261008,UCSes4X8uDrpc4X46hJKjejg,fAlmTasts-Q,on_demand,not_subscribed,AT,9,Google Search,1,1,0.82301666666666662,49.381,98.762,0,0
20261008,UCSes4X8uDrpc4X46hJKjejg,6ljakZEWb0o,on_demand,not_subscribed,US,32,QytSHiiqR3k,1,1,18.863666666666667,1131.82,40.963445530220774,1,18.863666666666667
20261008,UCSes4X8uDrpc4X46hJKjejg,FHEr2eQEoLc,on_demand,not_subscribed,CA,9,Google Search,1,1,5.7602833333333336,345.617,109.37246835443038,0,0
20261008,UCSes4X8uDrpc4X46hJKjejg,JZgusHsQ0l4,on_demand,not_subscribed,BG,3,what-to-watch,1,0,0.0019166666666666666,0,0,0,0
20261008,UCSes4X8uDrpc4X46hJKjejg,CxaOeEyfWXQ,on_demand,not_subscribed,HK,5,,1,0,0.010533333333333334,0,0,0,0
20261008,UCSes4X8uDrpc4X46hJKjejg,MEHDJ9V-lIk,on_demand,not_subscribed,FR,8,unknown,1,1,7.7121666666666666,462.73,22.462621359223302,0,0
20261008,UCSes4X8uDrpc4X46hJKjejg,BeZUS-lZ4qs,on_demand,not_subscribed,US,20,dKoSQ-63gP4,2,2,26.5398,796.194,25.700258231116848,1,21.006333333333334
20261008,UCSes4X8uDrpc4X46hJKjejg,Ox7Rrh40O2o,on_demand,not_subscribed,ZA,5,,1,1,1.2183333333333333,73.1,91.375,0,0
20261008,UCSes4X8uDrpc4X46hJKjejg,QytSHiiqR3k,on_demand,subscribed,AE,24,unknown,3,2,0.47666666666666668,14.3,75.263157894736835,2,0.4
20261008,UCSes4X8uDrpc4X46hJKjejg,CHaZ3JGEv28,on_demand,not_subscribed,GP,5,washington wizards,2,0,0.0088333333333333337,0,0,0,0
20261008,UCSes4X8uDrpc4X46hJKjejg,Ha6asqD-La8,on_demand,not_subscribed,CA,4,UCSes4X8uDrpc4X46hJKjejg,1,1,0.214,12.84,34.7027027027027,0,0
20261008,UCSes4X8uDrpc4X46hJKjejg,MkdbwBwBHLA,on_demand,subscribed,US,3,what-to-watch,1,1,3.195,191.7,6.18187681393099,0,0
20261008,UCSes4X8uDrpc4X46hJKjejg,QytSHiiqR3k,on_demand,subscribed,GB,17,uploaded_other,3,2,0.594,17.82,93.78947368421052,0,0
20261008,UCSes4X8uDrpc4X46hJKjejg,f4MfVVTJ6pY,on_demand,not_subscribed,QA,5,,1,0,0.036666666666666667,0,0,0,0
20261008,UCSes4X8uDrpc4X46hJKjejg,bf0XSusrN3g,on_demand,not_subscribed,HK,5,,2,1,0.76033333333333331,45.62,123.29729729729729,0,0
20261008,UCSes4X8uDrpc4X46hJKjejg,kO2STGOr8g0,on_demand,not_subscribed,US,3,what-to-watch,2,1,1.2728333333333333,74.27,17.073563218390806,0,0
20261008,UCSes4X8uDrpc4X46hJKjejg,HtZ8tDkeGJY,on_demand,not_subscribed,US,7,G5R7PJ_QpSE,1,1,0.76593333333333335,45.956,77.891525423728808,0,0
20261008,UCSes4X8uDrpc4X46hJKjejg,Ha6asqD-La8,on_demand,not_subscribed,IN,4,UCSes4X8uDrpc4X46hJKjejg,1,1,0.605,36.3,98.108108108108112,0,0
20261008,UCSes4X8uDrpc4X46hJKjejg,PeMHxUwuByQ,on_demand,subscribed,MX,3,what-to-watch,1,1,22.275,1336.5,35.917764041924215,0,0
20261008,UCSes4X8uDrpc4X46hJKjejg,l5M2ICRhyEA,on_demand,not_subscribed,HR,3,what-to-watch,1,1,0.55016666666666669,33.01,100.03030303030303,0,0
20261008,UCSes4X8uDrpc4X46hJKjejg,IkDS7ZhVkA4,on_demand,not_subscribed,CA,8,offline,1,1,13.351166666666666,801.07,34.708405545927207,1,13.351166666666666
20261008,UCSes4X8uDrpc4X46hJKjejg,PY_VRF7d7kc,on_demand,not_subscribed,IN,5,,1,0,0.0081333333333333327,0,0,0,0
20261008,UCSes4X8uDrpc4X46hJKjejg,5GYyKcjXNN0,on_demand,not_subscribed,US,20,2n5LJUyMtAk,2,2,0.11728333333333334,3.5185,4.3438271604938272,0,0
20261008,UCSes4X8uDrpc4X46hJKjejg,nr2XQrdnjdQ,on_demand,not_subscribed,AU,3,what-to-watch,1,0,0.0845,0,0,0,0
20261008,UCSes4X8uDrpc4X46hJKjejg,QytSHiiqR3k,on_demand,not_subscribed,MP,24,unknown,5,1,6.9428333333333336,416.57,2192.4736842105262,0,0
20261008,UCSes4X8uDrpc4X46hJKjejg,zS69CFjoay8,on_demand,not_subscribed,ES,5,jalen brunson,1,1,0.073333333333333334,4.4,8.30188679245283,0,0
20261008,UCSes4X8uDrpc4X46hJKjejg,py5lQUziTsE,on_demand,not_subscribed,US,5,,1,1,0.23616666666666666,14.17,1.6990407673860912,0,0
20261008,UCSes4X8uDrpc4X46hJKjejg,IkDS7ZhVkA4,on_demand,subscribed,AU,7,IJYYRHN-Fk0,1,1,24.551633333333335,1473.098,63.825736568457536,0,0
20261008,UCSes4X8uDrpc4X46hJKjejg,MpDNI6Cv1nw,on_demand,not_subscribed,US,3,what-to-watch,2,1,0.56366666666666665,33.82,99.470588235294116,0,0
20261008,UCSes4X8uDrpc4X46hJKjejg,gDgsmKtRWOI,on_demand,not_subscribed,MY,5,,1,1,0.46661666666666668,27.997,1.9785865724381626,0,0
20261008,UCSes4X8uDrpc4X46hJKjejg,NZGhX5tUpmY,on_demand,not_subscribed,CA,5,,3,0,0.095,0,0,0,0
20261008,UCSes4X8uDrpc4X46hJKjejg,CHaZ3JGEv28,on_demand,not_subscribed,GH,24,unknown,2,1,0.6928333333333333,41.57,109.39473684210526,0,0
20261008,UCSes4X8uDrpc4X46hJKjejg,vI8X-ubqhfI,on_demand,not_subscribed,ID,9,unknown,1,0,0.033333333333333333,0,0,0,0
20261008,UCSes4X8uDrpc4X46hJKjejg,BeZUS-lZ4qs,on_demand,subscribed,US,4,UCSes4X8uDrpc4X46hJKjejg,2,2,0.40116666666666667,12.035,0.38847643641058749,0,0
20261008,UCSes4X8uDrpc4X46hJKjejg,f4MfVVTJ6pY,on_demand,not_subscribed,PH,5,,1,1,5.6965833333333338,341.795,20.7904501216545,1,5.6965833333333338
20261008,UCSes4X8uDrpc4X46hJKjejg,ePdXtNfowRo,on_demand,not_subscribed,US,7,WeHPW6JmJ9k,1,1,8.368666666666666,502.12,97.879142300194928,0,0
20261008,UCSes4X8uDrpc4X46hJKjejg,8utXvbmZfqk,on_demand,not_subscribed,TR,5,,2,1,0.24408333333333335,13.745,10.822834645669291,1,0.22908333333333333
20261008,UCSes4X8uDrpc4X46hJKjejg,YHtB62qU1r8,on_demand,not_subscribed,US,7,WawhnsU4Dhg,1,1,0.75,45,9.5744680851063837,0,0
20261008,UCSes4X8uDrpc4X46hJKjejg,BeZUS-lZ4qs,on_demand,subscribed,IL,7,RAat0sumOyo,1,1,30.231666666666666,1813.9,58.55067785668173,0,0
20261008,UCSes4X8uDrpc4X46hJKjejg,5WC7gUC932A,on_demand,not_subscribed,PH,8,unknown,1,1,0.070283333333333337,4.217,2.8493243243243245,0,0
20261008,UCSes4X8uDrpc4X46hJKjejg,CHaZ3JGEv28,on_demand,not_subscribed,ZA,24,unknown,4,1,0.36733333333333335,13.14,34.578947368421055,0,0
20261008,UCSes4X8uDrpc4X46hJKjejg,JZgusHsQ0l4,on_demand,not_subscribed,US,5,lebron james,21,11,7.2824833333333334,38.645727272727271,74.3187062937063,3,1.74665
20261008,UCSes4X8uDrpc4X46hJKjejg,3oF068CdTYo,on_demand,not_subscribed,US,5,nets,5,4,2.0861666666666667,31.2925,92.036764705882348,2,0.5865
20261008,UCSes4X8uDrpc4X46hJKjejg,wH5J0g50n3A,on_demand,not_subscribed,US,5,,1,0,0.042333333333333334,0,0,0,0
20261008,UCSes4X8uDrpc4X46hJKjejg,e7CxdG8sNlA,on_demand,subscribed,GB,5,,1,0,0.049333333333333333,0,0,0,0
20261008,UCSes4X8uDrpc4X46hJKjejg,QytSHiiqR3k,on_demand,subscribed,US,5,,13,6,2.36675,23.565833333333334,124.03070175438596,0,0
20261008,UCSes4X8uDrpc4X46hJKjejg,BeZUS-lZ4qs,on_demand,not_subscribed,US,7,yKXXDUIP7OQ,1,1,0.54566666666666663,32.74,1.0568108457069076,1,0.54566666666666663
20261008,UCSes4X8uDrpc4X46hJKjejg,CHaZ3JGEv28,on_demand,not_subscribed,NZ,24,unknown,7,4,2.6957166666666668,40.43575,106.40986842105264,0,0
20261008,UCSes4X8uDrpc4X46hJKjejg,HtZ8tDkeGJY,on_demand,not_subscribed,IN,8,unknown,2,2,1.2968666666666666,38.906,65.942372881355936,0,0
20261008,UCSes4X8uDrpc4X46hJKjejg,wPiF9-iLzdQ,on_demand,not_subscribed,CA,5,lamar jackson,1,1,0.09003333333333334,5.402,13.505,0,0
20261008,UCSes4X8uDrpc4X46hJKjejg,QytSHiiqR3k,on_demand,not_subscribed,SC,24,unknown,2,1,0.33666666666666667,20.2,106.31578947368421,0,0
20261008,UCSes4X8uDrpc4X46hJKjejg,2n5LJUyMtAk,on_demand,not_subscribed,VN,3,what-to-watch,1,0,0.078183333333333327,0,0,1,0.078183333333333327
20261008,UCSes4X8uDrpc4X46hJKjejg,chyP71G69Ro,on_demand,not_subscribed,US,14,PLX3ZLYz4-6vE2_ZNLW5AfzbHTd1jTskDl,1,1,63.47635,3808.581,99.9889997374639,0,0
20261008,UCSes4X8uDrpc4X46hJKjejg,0b8eta7f8mY,on_demand,not_subscribed,ES,7,94TlYmBXs8Y,2,2,1.0533333333333332,31.6,5.9962049335863377,0,0
20261008,UCSes4X8uDrpc4X46hJKjejg,fAlmTasts-Q,on_demand,not_subscribed,US,5,,2,2,0.62605,18.7815,37.563,0,0
20261008,UCSes4X8uDrpc4X46hJKjejg,l5M2ICRhyEA,on_demand,not_subscribed,MY,5,76ers,1,1,0.225,13.5,40.909090909090907,0,0
20261008,UCSes4X8uDrpc4X46hJKjejg,34SgPBo7SBw,on_demand,not_subscribed,US,9,unknown,1,1,0.14533333333333334,8.72,1.3952,0,0
20261008,UCSes4X8uDrpc4X46hJKjejg,7Ef_mmNaT5o,on_demand,not_subscribed,US,3,what-to-watch,2,1,0.84678333333333333,50.807,110.45,0,0
20261008,UCSes4X8uDrpc4X46hJKjejg,CHaZ3JGEv28,on_demand,subscribed,SA,24,unknown,1,1,0.098833333333333329,5.93,15.605263157894736,1,0.098833333333333329
20261008,UCSes4X8uDrpc4X46hJKjejg,BeZUS-lZ4qs,on_demand,not_subscribed,US,7,oBV_teMu5ss,1,1,4.9008333333333329,294.05,9.4916074887023889,0,0
20261008,UCSes4X8uDrpc4X46hJKjejg,sRIO-T5dRjA,on_demand,not_subscribed,PH,5,,1,0,0.1115,0,0,0,0
20261008,UCSes4X8uDrpc4X46hJKjejg,J6rzMuvuMuo,on_demand,not_subscribed,TZ,24,unknown,1,1,0.19,11.4,15.833333333333334,0,0
20261008,UCSes4X8uDrpc4X46hJKjejg,QytSHiiqR3k,on_demand,subscribed,US,3,/my_subscriptions,43,24,7.86215,19.655375,103.44934210526316,7,1.1910833333333333
20261008,UCSes4X8uDrpc4X46hJKjejg,nr2XQrdnjdQ,on_demand,subscribed,PH,3,what-to-watch,1,0,0.045333333333333337,0,0,0,0
20261008,UCSes4X8uDrpc4X46hJKjejg,fAZy3HtHBzA,on_demand,subscribed,GB,4,UCSes4X8uDrpc4X46hJKjejg,1,0,0.0036666666666666666,0,0,0,0
20261008,UCSes4X8uDrpc4X46hJKjejg,sc2QVbRxxV8,on_demand,not_subscribed,KR,5,,1,1,0.19883333333333333,11.93,32.243243243243242,1,0.19883333333333333
20261008,UCSes4X8uDrpc4X46hJKjejg,a_Q8pF1c6ds,on_demand,not_subscribed,PH,5,,1,0,0.084666666666666668,0,0,0,0
20261008,UCSes4X8uDrpc4X46hJKjejg,5GYyKcjXNN0,on_demand,not_subscribed,GH,4,UCSes4X8uDrpc4X46hJKjejg,1,1,0.135,8.1,10,0,0
20261008,UCSes4X8uDrpc4X46hJKjejg,2gGszKKgqT8,on_demand,not_subscribed,US,5,,1,0,0.096666666666666665,0,0,0,0
20261008,UCSes4X8uDrpc4X46hJKjejg,HtZ8tDkeGJY,on_demand,not_subscribed,VN,24,unknown,1,0,0.05566666666666667,0,0,0,0
20261008,UCSes4X8uDrpc4X46hJKjejg,CHaZ3JGEv28,on_demand,subscribed,PH,5,washington wizards,1,1,0.58333333333333337,35,92.10526315789474,0,0
20261008,UCSes4X8uDrpc4X46hJKjejg,YHtB62qU1r8,on_demand,not_subscribed,US,7,mdSYLccSo_U,1,1,1.615,96.9,20.617021276595743,1,1.615
20261008,UCSes4X8uDrpc4X46hJKjejg,MEHDJ9V-lIk,on_demand,not_subscribed,CL,3,what-to-watch,1,0,0.04835,0,0,0,0
20261008,UCSes4X8uDrpc4X46hJKjejg,QytSHiiqR3k,on_demand,not_subscribed,BG,24,unknown,2,0,0.11363333333333334,0,0,0,0
20261008,UCSes4X8uDrpc4X46hJKjejg,50MHq47IaLU,on_demand,subscribed,US,24,unknown,4,2,2.2951666666666668,68.745,59.778260869565216,0,0
20261008,UCSes4X8uDrpc4X46hJKjejg,198kcwoCgIY,on_demand,not_subscribed,HK,5,,2,1,0.44933333333333331,26.96,99.851851851851848,2,0.44933333333333331
20261008,UCSes4X8uDrpc4X46hJKjejg,MEHDJ9V-lIk,on_demand,not_subscribed,PH,3,what-to-watch,7,1,0.72711666666666663,38.886,1.8876699029126214,1,0.6481
20261008,UCSes4X8uDrpc4X46hJKjejg,gTMjT4y5LHE,on_demand,not_subscribed,KR,3,what-to-watch,6,1,2.3601666666666667,127.811,25.872672064777326,0,0
20261008,UCSes4X8uDrpc4X46hJKjejg,CHaZ3JGEv28,on_demand,not_subscribed,FR,5,washington wizards,1,1,0.14296666666666666,8.578,22.573684210526316,0,0
20261008,UCSes4X8uDrpc4X46hJKjejg,fyi6d0AButQ,on_demand,subscribed,AU,3,what-to-watch,1,0,0.053783333333333336,0,0,0,0
20261008,UCSes4X8uDrpc4X46hJKjejg,QytSHiiqR3k,on_demand,not_subscribed,CA,4,UCSes4X8uDrpc4X46hJKjejg,1,0,0.020666666666666667,0,0,0,0
20261008,UCSes4X8uDrpc4X46hJKjejg,8ajxcRVL7g4,on_demand,not_subscribed,IL,3,what-to-watch,1,1,0.049333333333333333,2.96,2.7924528301886791,0,0
20261008,UCSes4X8uDrpc4X46hJKjejg,HtZ8tDkeGJY,on_demand,not_subscribed,US,7,I3M1HjtVuvU,2,1,0.99641666666666662,59.785,101.33050847457628,0,0
20261008,UCSes4X8uDrpc4X46hJKjejg,CHaZ3JGEv28,on_demand,subscribed,US,4,UCSes4X8uDrpc4X46hJKjejg,4,2,1.288,37.8,99.473684210526315,2,0.63666666666666671
20261008,UCSes4X8uDrpc4X46hJKjejg,J6rzMuvuMuo,on_demand,not_subscribed,ZW,5,tim duncan,2,1,1.3183333333333334,79.1,109.86111111111111,0,0
20261008,UCSes4X8uDrpc4X46hJKjejg,QUD-7qlFQUs,on_demand,not_subscribed,IT,24,unknown,1,1,0.12073333333333333,7.244,13.170909090909092,0,0
20261008,UCSes4X8uDrpc4X46hJKjejg,gTMjT4y5LHE,on_demand,not_subscribed,FR,0,,1,0,0.020666666666666667,0,0,0,0
20261008,UCSes4X8uDrpc4X46hJKjejg,2n5LJUyMtAk,on_demand,not_subscribed,NG,8,offline,1,1,3.795,227.7,45.089108910891092,0,0
20261008,UCSes4X8uDrpc4X46hJKjejg,zS69CFjoay8,on_demand,subscribed,US,5,,2,1,1.167,70.02,132.11320754716982,0,0
20261008,UCSes4X8uDrpc4X46hJKjejg,f4MfVVTJ6pY,on_demand,not_subscribed,AU,5,,1,0,0.025283333333333335,0,0,0,0
20261008,UCSes4X8uDrpc4X46hJKjejg,-CjQjOd2JEA,on_demand,subscribed,US,4,UCSes4X8uDrpc4X46hJKjejg,1,1,0.061666666666666668,3.7,1.3074204946996466,1,0.061666666666666668
20261008,UCSes4X8uDrpc4X46hJKjejg,gTMjT4y5LHE,on_demand,not_subscribed,US,4,UCSes4X8uDrpc4X46hJKjejg,2,2,8.2616833333333339,247.8505,50.172165991902837,0,0
20261008,UCSes4X8uDrpc4X46hJKjejg,dKoSQ-63gP4,on_demand,not_subscribed,CA,3,what-to-watch,2,1,5.4029833333333332,321.34,52.765188834154351,1,5.355666666666667
20261008,UCSes4X8uDrpc4X46hJKjejg,J6rzMuvuMuo,on_demand,not_subscribed,SG,5,,3,2,1.565,46.95,65.208333333333329,0,0
20261008,UCSes4X8uDrpc4X46hJKjejg,QytSHiiqR3k,on_demand,subscribed,EE,24,unknown,2,1,0.31166666666666665,18.7,98.421052631578945,0,0
20261008,UCSes4X8uDrpc4X46hJKjejg,JZgusHsQ0l4,on_demand,not_subscribed,CA,8,unknown,2,1,0.8837,53.022,101.96538461538462,0,0
20261008,UCSes4X8uDrpc4X46hJKjejg,gTMjT4y5LHE,on_demand,not_subscribed,US,5,cam thomas,11,6,20.160333333333334,199.34133333333332,40.352496626180837,2,3.0044666666666666
20261008,UCSes4X8uDrpc4X46hJKjejg,6ljakZEWb0o,on_demand,subscribed,US,32,QytSHiiqR3k,1,1,1.3311666666666666,79.87,2.8906985161056822,1,1.3311666666666666
20261008,UCSes4X8uDrpc4X46hJKjejg,RqyxGWRDbIo,on_demand,not_subscribed,US,9,unknown,2,2,70.548333333333332,2116.45,50.560200668896321,0,0
20261008,UCSes4X8uDrpc4X46hJKjejg,HCZIc9OVy1o,on_demand,not_subscribed,US,0,unknown,1,1,2.9582,177.492,6.1035763411279227,0,0
20261008,UCSes4X8uDrpc4X46hJKjejg,5Bridlnnqsk,on_demand,not_subscribed,US,5,,1,1,3.91625,234.975,98.31589958158996,0,0
20261008,UCSes4X8uDrpc4X46hJKjejg,yqQ_QnY4_XU,on_demand,not_subscribed,GU,5,,3,1,0.858,51.05,108.61702127659575,0,0
20261008,UCSes4X8uDrpc4X46hJKjejg,YHtB62qU1r8,on_demand,not_subscribed,PR,7,_i6gL8-MCes,1,1,1.135,68.1,14.48936170212766,0,0
20261008,UCSes4X8uDrpc4X46hJKjejg,gTMjT4y5LHE,on_demand,not_subscribed,DK,0,unknown,1,1,0.01065,0.639,0.12935222672064778,0,0
20261008,UCSes4X8uDrpc4X46hJKjejg,XKuQeJ6fyeA,on_demand,not_subscribed,US,5,,1,0,0.0255,0,0,0,0
20261008,UCSes4X8uDrpc4X46hJKjejg,QytSHiiqR3k,on_demand,not_subscribed,US,8,unknown,58,30,11.320816666666667,22.580199999999998,118.84315789473685,4,0.82614999999999994
20261008,UCSes4X8uDrpc4X46hJKjejg,MsGmqkcp0Gc,on_demand,not_subscribed,US,24,unknown,1,1,0.098333333333333328,5.9,8.1944444444444446,0,0
20261008,UCSes4X8uDrpc4X46hJKjejg,MEHDJ9V-lIk,on_demand,not_subscribed,GP,3,what-to-watch,1,1,0.25103333333333333,15.062,0.73116504854368936,0,0
20261008,UCSes4X8uDrpc4X46hJKjejg,YHtB62qU1r8,on_demand,not_subscribed,IE,3,what-to-watch,1,0,0.098333333333333328,0,0,0,0
20261008,UCSes4X8uDrpc4X46hJKjejg,HwWx5nhjCx8,on_demand,not_subscribed,BB,3,what-to-watch,1,0,0.10483333333333333,0,0,0,0
20261008,UCSes4X8uDrpc4X46hJKjejg,6DF37rM0hQ4,on_demand,not_subscribed,CY,3,what-to-watch,2,1,1.04025,59.611,63.415957446808513,1,0.99351666666666671
20261008,UCSes4X8uDrpc4X46hJKjejg,84XwX8zGUOk,on_demand,not_subscribed,US,7,5PQZ25MdrQE,1,1,2.1978833333333334,131.873,25.458108108108107,0,0
20261008,UCSes4X8uDrpc4X46hJKjejg,rq61MdGS0U4,on_demand,not_subscribed,PR,3,what-to-watch,2,1,0.1185,6.248,1.1,0,0
20261008,UCSes4X8uDrpc4X46hJKjejg,MpDNI6Cv1nw,on_demand,subscribed,US,3,what-to-watch,4,1,0.65306666666666668,34.49,101.44117647058823,0,0
20261008,UCSes4X8uDrpc4X46hJKjejg,l5M2ICRhyEA,on_demand,not_subscribed,US,3,what-to-watch,213,66,59.321516666666668,51.61539393939394,156.41028466483013,16,5.1672333333333338
20261008,UCSes4X8uDrpc4X46hJKjejg,QytSHiiqR3k,on_demand,subscribed,AE,3,/my_subscriptions,5,1,1.3105,78.63,413.84210526315792,0,0
20261008,UCSes4X8uDrpc4X46hJKjejg,CHaZ3JGEv28,on_demand,subscribed,GH,24,unknown,2,1,0.63166666666666671,37.9,99.736842105263165,2,0.63166666666666671
20261008,UCSes4X8uDrpc4X46hJKjejg,po8YrSQivoM,on_demand,not_subscribed,US,7,ti8MBPT9aS0,1,1,54.08735,3245.241,94.5583041958042,1,54.08735
20261008,UCSes4X8uDrpc4X46hJKjejg,BeZUS-lZ4qs,on_demand,not_subscribed,SE,3,what-to-watch,1,1,1.1411666666666667,68.47,2.210135571336346,0,0
20261008,UCSes4X8uDrpc4X46hJKjejg,0b8eta7f8mY,on_demand,not_subscribed,GB,3,what-to-watch,1,0,0.045883333333333332,0,0,0,0
20261008,UCSes4X8uDrpc4X46hJKjejg,QUD-7qlFQUs,on_demand,not_subscribed,FI,5,,2,1,1.065,63.9,116.18181818181819,0,0
20261008,UCSes4X8uDrpc4X46hJKjejg,CHaZ3JGEv28,on_demand,subscribed,ZA,24,unknown,3,2,1.0299333333333334,30.898,81.310526315789474,0,0
20261008,UCSes4X8uDrpc4X46hJKjejg,MEHDJ9V-lIk,on_demand,not_subscribed,AU,3,what-to-watch,4,3,33.821333333333335,674.31666666666672,32.733818770226534,1,28.886166666666668
20261008,UCSes4X8uDrpc4X46hJKjejg,ybbL24ktLlw,on_demand,not_subscribed,CA,5,,1,1,0.609,36.54,96.15789473684211,0,0
20261008,UCSes4X8uDrpc4X46hJKjejg,gmPsKXt4foY,on_demand,not_subscribed,GH,4,UCSes4X8uDrpc4X46hJKjejg,1,1,0.32383333333333331,19.43,43.177777777777777,0,0
20261008,UCSes4X8uDrpc4X46hJKjejg,CHaZ3JGEv28,on_demand,not_subscribed,AL,24,unknown,1,1,0.14426666666666665,8.656,22.778947368421054,0,0
20261008,UCSes4X8uDrpc4X46hJKjejg,6Cb-PtdJy98,on_demand,not_subscribed,CA,7,vlAbcDDi_jM,1,1,0.13833333333333334,8.3,2.4411764705882355,1,0.13833333333333334
20261008,UCSes4X8uDrpc4X46hJKjejg,f4MfVVTJ6pY,on_demand,not_subscribed,FR,5,,1,1,27.397016666666666,1643.821,99.98911192214112,0,0
20261008,UCSes4X8uDrpc4X46hJKjejg,CHaZ3JGEv28,on_demand,subscribed,NZ,24,unknown,14,4,7.668333333333333,113.2075,297.91447368421052,2,0.64366666666666672
20261008,UCSes4X8uDrpc4X46hJKjejg,pWCQrmx8beo,on_demand,not_subscribed,US,7,BeZUS-lZ4qs,1,1,50.108666666666664,3006.52,99.950797872340431,0,0
20261008,UCSes4X8uDrpc4X46hJKjejg,Ha6asqD-La8,on_demand,not_subscribed,IT,17,uploaded_other,1,1,0.60833333333333328,36.5,98.648648648648646,0,0
20261008,UCSes4X8uDrpc4X46hJKjejg,QytSHiiqR3k,on_demand,not_subscribed,SS,24,unknown,1,1,0.11166666666666666,6.7,35.263157894736842,0,0
20261008,UCSes4X8uDrpc4X46hJKjejg,CHaZ3JGEv28,on_demand,not_subscribed,NZ,5,,3,2,1.4716666666666667,44.15,116.18421052631579,2,0.92166666666666663
20261008,UCSes4X8uDrpc4X46hJKjejg,PeMHxUwuByQ,on_demand,subscribed,US,18,PLrgo6ghl6uy2OE87_T1IZmlKazBe1lmJR,1,0,0.0153,0,0,1,0.0153
20261008,UCSes4X8uDrpc4X46hJKjejg,BeZUS-lZ4qs,on_demand,not_subscribed,US,7,wk5hUswr_cY,1,1,0.16833333333333333,10.1,0.32601678502259523,0,0
20261008,UCSes4X8uDrpc4X46hJKjejg,xPwrhaAV5VM,on_demand,not_subscribed,US,5,,1,0,0.016666666666666666,0,0,0,0
20261008,UCSes4X8uDrpc4X46hJKjejg,XlT3SmO6YYs,on_demand,not_subscribed,DE,3,what-to-watch,1,1,0.0151,0.906,0.80176991150442478,0,0
20261008,UCSes4X8uDrpc4X46hJKjejg,WAYYE5BMG6c,on_demand,subscribed,CA,5,,1,0,0.0073333333333333332,0,0,0,0
20261008,UCSes4X8uDrpc4X46hJKjejg,HvKhfNcNPiM,on_demand,not_subscribed,US,5,,1,1,0.32566666666666666,19.54,30.061538461538461,0,0
20261008,UCSes4X8uDrpc4X46hJKjejg,Cz8fYLAz-Uo,on_demand,not_subscribed,US,5,,1,1,0.25766666666666665,15.46,23.074626865671643,0,0
20261008,UCSes4X8uDrpc4X46hJKjejg,GzQ4nst8_ak,on_demand,subscribed,US,4,UCSes4X8uDrpc4X46hJKjejg,1,1,6.8276666666666666,409.66,98.239808153477213,0,0
20261008,UCSes4X8uDrpc4X46hJKjejg,YHtB62qU1r8,on_demand,not_subscribed,US,7,44txzy6hnVI,2,2,6.7265,201.795,42.935106382978724,0,0
20261008,UCSes4X8uDrpc4X46hJKjejg,CHaZ3JGEv28,on_demand,not_subscribed,JP,24,unknown,1,1,0.26333333333333331,15.8,41.578947368421055,0,0
20261008,UCSes4X8uDrpc4X46hJKjejg,NcwYIMEFWgM,on_demand,not_subscribed,US,14,PLX3ZLYz4-6vE2_ZNLW5AfzbHTd1jTskDl,1,1,64.838016666666661,3890.281,99.981521459778975,0,0
20261008,UCSes4X8uDrpc4X46hJKjejg,FIPueBGagWs,on_demand,not_subscribed,CA,3,what-to-watch,1,0,0.010666666666666666,0,0,0,0
20261008,UCSes4X8uDrpc4X46hJKjejg,j1UEQziUeqw,on_demand,not_subscribed,US,5,,2,1,0.1475,7.85,16.702127659574469,0,0
20261008,UCSes4X8uDrpc4X46hJKjejg,YHtB62qU1r8,on_demand,not_subscribed,SE,7,stxDWHchxMA,1,1,4.67015,280.209,59.618936170212763,0,0
20261008,UCSes4X8uDrpc4X46hJKjejg,x9aP35H3Wlc,on_demand,not_subscribed,US,3,what-to-watch,1,1,0.02075,1.245,2.4411764705882355,0,0
20261008,UCSes4X8uDrpc4X46hJKjejg,HtZ8tDkeGJY,on_demand,subscribed,GB,7,3vOMPB_i9PA,1,1,0.8541,51.246,86.857627118644061,0,0
20261008,UCSes4X8uDrpc4X46hJKjejg,hAKLukrCrlE,on_demand,not_subscribed,GB,14,my-likes,1,0,0.0018666666666666666,0,0,0,0
20261008,UCSes4X8uDrpc4X46hJKjejg,2vf4qDJNyOw,on_demand,not_subscribed,GY,3,what-to-watch,2,2,7.6484666666666667,229.454,41.492585895117543,0,0
20261008,UCSes4X8uDrpc4X46hJKjejg,xRE9H7wpboA,on_demand,not_subscribed,US,3,what-to-watch,1,1,5.8030166666666663,348.181,99.765329512893985,0,0
20261008,UCSes4X8uDrpc4X46hJKjejg,l5M2ICRhyEA,on_demand,not_subscribed,CA,24,unknown,4,2,1.1055,31.9305,96.759090909090915,1,0.04115
20261008,UCSes4X8uDrpc4X46hJKjejg,YHtB62qU1r8,on_demand,not_subscribed,ES,7,3SPknXVuiVI,1,1,0.62806666666666666,37.684,8.0178723404255319,0,0
20261008,UCSes4X8uDrpc4X46hJKjejg,CHaZ3JGEv28,on_demand,not_subscribed,HT,24,unknown,1,1,0.2255,13.53,35.60526315789474,0,0
20261008,UCSes4X8uDrpc4X46hJKjejg,MEHDJ9V-lIk,on_demand,not_subscribed,FR,3,what-to-watch,10,1,0.5698333333333333,19.342,0.93893203883495147,0,0
20261008,UCSes4X8uDrpc4X46hJKjejg,p5XiosuCXB8,on_demand,not_subscribed,PR,5,,1,0,0.0036666666666666666,0,0,0,0
20261008,UCSes4X8uDrpc4X46hJKjejg,dKoSQ-63gP4,on_demand,subscribed,CA,3,what-to-watch,1,0,0.0229,0,0,0,0
20261008,UCSes4X8uDrpc4X46hJKjejg,XCtyiiCSRAk,on_demand,not_subscribed,US,24,unknown,3,2,1.3584333333333334,40.753,84.902083333333337,0,0
20261008,UCSes4X8uDrpc4X46hJKjejg,BeZUS-lZ4qs,on_demand,not_subscribed,US,7,YHtB62qU1r8,1,1,0.17823333333333333,10.694,0.34519044544867655,0,0
20261008,UCSes4X8uDrpc4X46hJKjejg,MEHDJ9V-lIk,on_demand,not_subscribed,US,3,watch-later,1,1,23.838,1430.28,69.431067961165056,1,23.838
20261008,UCSes4X8uDrpc4X46hJKjejg,B4aYi06AO4g,on_demand,not_subscribed,US,5,,3,2,9.9868333333333332,296.14,9.51300995823964,0,0
20261008,UCSes4X8uDrpc4X46hJKjejg,HtZ8tDkeGJY,on_demand,not_subscribed,PH,7,AhPZcfTLhuk,4,1,3.172,190.32,322.57627118644069,0,0
20261008,UCSes4X8uDrpc4X46hJKjejg,YHtB62qU1r8,on_demand,not_subscribed,SE,3,what-to-watch,5,1,0.31133333333333335,14.7,3.1276595744680851,0,0
20261008,UCSes4X8uDrpc4X46hJKjejg,l5M2ICRhyEA,on_demand,not_subscribed,IN,24,unknown,1,1,0.12783333333333333,7.67,23.242424242424242,1,0.12783333333333333
20261008,UCSes4X8uDrpc4X46hJKjejg,gTMjT4y5LHE,on_demand,subscribed,US,5,cam thomas,1,0,0.018333333333333333,0,0,0,0
20261008,UCSes4X8uDrpc4X46hJKjejg,l5M2ICRhyEA,on_demand,not_subscribed,AE,3,what-to-watch,2,1,0.5754,34.524,104.61818181818182,0,0
20261008,UCSes4X8uDrpc4X46hJKjejg,l5M2ICRhyEA,on_demand,not_subscribed,PL,24,unknown,1,0,0.025,0,0,0,0
20261008,UCSes4X8uDrpc4X46hJKjejg,YHtB62qU1r8,on_demand,not_subscribed,US,7,YL-ohv3JOfY,2,2,7.6513333333333335,229.54,48.838297872340426,0,0
20261008,UCSes4X8uDrpc4X46hJKjejg,HCZIc9OVy1o,on_demand,subscribed,US,0,unknown,2,2,61.491583333333331,1844.7475,63.436984181568086,1,35.41445
20261008,UCSes4X8uDrpc4X46hJKjejg,PhM-zuCW28M,on_demand,not_subscribed,CA,5,,1,1,0.11503333333333333,6.902,8.963636363636363,0,0
20261008,UCSes4X8uDrpc4X46hJKjejg,h-rKsAesX60,on_demand,subscribed,US,4,UCSes4X8uDrpc4X46hJKjejg,1,1,16.049,962.94,99.890041493775939,0,0
20261008,UCSes4X8uDrpc4X46hJKjejg,FC36sHokYnk,on_demand,not_subscribed,ZA,5,,1,1,6.2875,377.25,68.0956678700361,0,0
20261008,UCSes4X8uDrpc4X46hJKjejg,M-M22Ac4CRE,on_demand,not_subscribed,ZA,5,victor wembanyama,2,1,0.40193333333333331,19.9,60.303030303030305,0,0
20261008,UCSes4X8uDrpc4X46hJKjejg,vi8iKo2yzxA,on_demand,not_subscribed,IN,5,alex caruso,2,2,1.3983333333333334,41.95,72.327586206896555,0,0
20261008,UCSes4X8uDrpc4X46hJKjejg,FCAC9ZyPn_4,on_demand,not_subscribed,US,3,what-to-watch,8,3,12.53985,247.55033333333333,56.261439393939391,0,0
20261008,UCSes4X8uDrpc4X46hJKjejg,pWCQrmx8beo,on_demand,not_subscribed,US,7,YHtB62qU1r8,1,1,3.6164333333333332,216.986,7.2136303191489359,0,0
20261008,UCSes4X8uDrpc4X46hJKjejg,ksJXns6KZJE,on_demand,subscribed,US,4,UCSes4X8uDrpc4X46hJKjejg,1,1,1.08015,64.809,86.412,0,0
20261008,UCSes4X8uDrpc4X46hJKjejg,QytSHiiqR3k,on_demand,subscribed,US,8,unknown,9,5,1.4938,17.2752,90.922105263157889,5,1.1134166666666667
20261008,UCSes4X8uDrpc4X46hJKjejg,FC36sHokYnk,on_demand,not_subscribed,NZ,5,,1,0,0.015216666666666667,0,0,0,0
20261008,UCSes4X8uDrpc4X46hJKjejg,P1iVp2SjFm0,on_demand,not_subscribed,US,5,,2,0,0.03833333333333333,0,0,0,0
20261008,UCSes4X8uDrpc4X46hJKjejg,BeZUS-lZ4qs,on_demand,not_subscribed,JP,5,,1,0,0.045733333333333334,0,0,0,0
20261008,UCSes4X8uDrpc4X46hJKjejg,HIZeTvY4T7U,on_demand,not_subscribed,GB,5,,1,1,0.45651666666666668,27.391,88.358064516129033,0,0
20261008,UCSes4X8uDrpc4X46hJKjejg,Ppxt7uU9PRA,on_demand,not_subscribed,US,9,unknown,3,2,3.1375,94.125,134.46428571428572,0,0
20261008,UCSes4X8uDrpc4X46hJKjejg,HtZ8tDkeGJY,on_demand,not_subscribed,DE,5,rajon rondo,3,1,0.40816666666666668,22.84,38.711864406779661,0,0
20261008,UCSes4X8uDrpc4X46hJKjejg,kVGNrF0YpU8,on_demand,not_subscribed,PH,5,,3,1,0.025,0.9,2.6470588235294117,0,0
20261008,UCSes4X8uDrpc4X46hJKjejg,MsGmqkcp0Gc,on_demand,not_subscribed,US,5,,4,3,2.2605333333333335,45.022666666666673,62.531481481481478,0,0
20261008,UCSes4X8uDrpc4X46hJKjejg,ybbL24ktLlw,on_demand,not_subscribed,CM,5,,1,1,0.115,6.9,18.157894736842106,0,0
20261008,UCSes4X8uDrpc4X46hJKjejg,YHtB62qU1r8,on_demand,not_subscribed,US,7,zDqNFp0fDo4,1,1,7.8215,469.29,99.848936170212767,0,0
20261008,UCSes4X8uDrpc4X46hJKjejg,BvHw3ddSlms,on_demand,not_subscribed,US,5,,1,0,0.046333333333333331,0,0,0,0
20261008,UCSes4X8uDrpc4X46hJKjejg,BeZUS-lZ4qs,on_demand,not_subscribed,US,7,Ojo1hqybI3g,1,1,0.031666666666666669,1.9,0.061329890251775342,0,0
20261008,UCSes4X8uDrpc4X46hJKjejg,HtZ8tDkeGJY,on_demand,not_subscribed,CA,3,what-to-watch,16,6,9.2774666666666672,90.084,152.68474576271186,1,0.58816666666666662
20261008,UCSes4X8uDrpc4X46hJKjejg,kzzARP3sGzw,on_demand,not_subscribed,US,24,unknown,4,3,2.63835,52.766999999999996,69.430263157894743,0,0
20261008,UCSes4X8uDrpc4X46hJKjejg,ePdXtNfowRo,on_demand,not_subscribed,US,3,what-to-watch,7,4,10.324,152.17925,29.664571150097466,2,9.9063333333333325
20261008,UCSes4X8uDrpc4X46hJKjejg,e4awgyk_Ypk,on_demand,not_subscribed,IN,5,,3,1,0.38713333333333333,21.283,38.696363636363635,0,0
20261008,UCSes4X8uDrpc4X46hJKjejg,-fFhtxtY2ic,on_demand,not_subscribed,DE,3,what-to-watch,1,0,0.041666666666666664,0,0,0,0
20261008,UCSes4X8uDrpc4X46hJKjejg,l5M2ICRhyEA,on_demand,subscribed,US,3,what-to-watch,23,8,5.8374833333333331,41.2925,125.12878787878788,2,1.1327666666666667
20261008,UCSes4X8uDrpc4X46hJKjejg,Ha6asqD-La8,on_demand,not_subscribed,US,3,what-to-watch,4,0,0.1848,0,0,0,0
20261008,UCSes4X8uDrpc4X46hJKjejg,0b8eta7f8mY,on_demand,not_subscribed,US,7,LBv8I68F-lQ,1,1,3.005,180.3,34.212523719165084,0,0
20261008,UCSes4X8uDrpc4X46hJKjejg,fyi6d0AButQ,on_demand,not_subscribed,TT,3,what-to-watch,2,2,4.995,149.85,49.29276315789474,0,0
20261008,UCSes4X8uDrpc4X46hJKjejg,6ljakZEWb0o,on_demand,subscribed,CN,7,jizHHnGzzUg,1,1,3.0453333333333332,182.72,6.6131017010495841,0,0
20261008,UCSes4X8uDrpc4X46hJKjejg,YHtB62qU1r8,on_demand,not_subscribed,US,7,UEKO5Mr0oDE,2,2,4.7464,142.392,30.296170212765958,0,0
20261008,UCSes4X8uDrpc4X46hJKjejg,HtZ8tDkeGJY,on_demand,not_subscribed,IN,3,what-to-watch,1,1,0.78998333333333337,47.399,80.337288135593226,0,0
20261008,UCSes4X8uDrpc4X46hJKjejg,TDGOuH7TdvQ,on_demand,not_subscribed,CA,24,unknown,1,1,0.23166666666666666,13.9,14.946236559139784,0,0
20261008,UCSes4X8uDrpc4X46hJKjejg,Ox7Rrh40O2o,on_demand,not_subscribed,US,5,,11,8,6.1315666666666671,45.714375,57.14296875,2,1.0926666666666667
20261008,UCSes4X8uDrpc4X46hJKjejg,18S1GBfKaIo,on_demand,not_subscribed,BE,5,,1,1,10.457816666666666,627.469,19.510851990049751,0,0
20261008,UCSes4X8uDrpc4X46hJKjejg,BeZUS-lZ4qs,on_demand,not_subscribed,MX,3,what-to-watch,1,0,0.053333333333333337,0,0,0,0
20261008,UCSes4X8uDrpc4X46hJKjejg,BeZUS-lZ4qs,on_demand,not_subscribed,US,7,aD08_Ixb5jo,1,1,51.62505,3097.503,99.983957391865715,0,0
20261008,UCSes4X8uDrpc4X46hJKjejg,HtZ8tDkeGJY,on_demand,not_subscribed,NZ,7,QyaEWLlJGDg,2,1,0.99906666666666666,59.944,101.6,0,0
20261008,UCSes4X8uDrpc4X46hJKjejg,6ljakZEWb0o,on_demand,not_subscribed,AU,5,,1,0,0.0175,0,0,0,0
20261008,UCSes4X8uDrpc4X46hJKjejg,KWIVBbqRwZ8,on_demand,subscribed,US,4,UCSes4X8uDrpc4X46hJKjejg,1,1,0.10516666666666667,6.31,17.527777777777779,0,0
20261008,UCSes4X8uDrpc4X46hJKjejg,pWCQrmx8beo,on_demand,subscribed,US,7,BeZUS-lZ4qs,1,1,50.12535,3007.521,99.984075797872336,0,0
20261008,UCSes4X8uDrpc4X46hJKjejg,f0Agz2fWwFY,on_demand,not_subscribed,US,3,what-to-watch,1,0,0.00066666666666666664,0,0,0,0
20261008,UCSes4X8uDrpc4X46hJKjejg,8bxXug7LPYM,on_demand,not_subscribed,TR,5,,1,1,0.4611,27.666,31.8,0,0
20261008,UCSes4X8uDrpc4X46hJKjejg,fyi6d0AButQ,on_demand,not_subscribed,BR,3,what-to-watch,1,0,0.066583333333333328,0,0,0,0
20261008,UCSes4X8uDrpc4X46hJKjejg,YHtB62qU1r8,on_demand,not_subscribed,CA,7,ofgXzn8s7Jw,1,1,7.8216666666666663,469.3,99.851063829787236,0,0
20261008,UCSes4X8uDrpc4X46hJKjejg,QgzDiB4_6xw,on_demand,not_subscribed,AU,5,,3,2,2.2166333333333332,66.499,57.825217391304349,0,0
20261008,UCSes4X8uDrpc4X46hJKjejg,CHaZ3JGEv28,on_demand,subscribed,KE,24,unknown,4,2,1.287,38.61,101.60526315789474,2,0.6465
20261008,UCSes4X8uDrpc4X46hJKjejg,QytSHiiqR3k,on_demand,not_subscribed,SK,3,what-to-watch,1,0,0.031166666666666665,0,0,0,0
20261008,UCSes4X8uDrpc4X46hJKjejg,BeZUS-lZ4qs,on_demand,not_subscribed,ZA,8,unknown,1,1,0.04795,2.877,0.092866365397030345,0,0
20261008,UCSes4X8uDrpc4X46hJKjejg,CHaZ3JGEv28,on_demand,subscribed,HR,24,unknown,1,1,0.11666666666666667,7,18.421052631578949,0,0
20261008,UCSes4X8uDrpc4X46hJKjejg,JZgusHsQ0l4,on_demand,not_subscribed,SL,3,what-to-watch,2,1,0.88,52.8,101.53846153846153,0,0
20261008,UCSes4X8uDrpc4X46hJKjejg,k4-t8XMp-wg,on_demand,not_subscribed,GB,4,UCSes4X8uDrpc4X46hJKjejg,1,1,0.75,45,15.734265734265735,0,0
20261008,UCSes4X8uDrpc4X46hJKjejg,J6rzMuvuMuo,on_demand,not_subscribed,NL,5,,1,1,0.05,3,4.166666666666667,0,0
20261008,UCSes4X8uDrpc4X46hJKjejg,BeZUS-lZ4qs,on_demand,not_subscribed,US,7,wmJUP3jo3bo,1,1,3.1533333333333333,189.2,6.107165913492576,0,0
20261008,UCSes4X8uDrpc4X46hJKjejg,-5W-IHpVhiI,on_demand,not_subscribed,IN,3,what-to-watch,1,0,0.008083333333333333,0,0,0,0
20261008,UCSes4X8uDrpc4X46hJKjejg,CHaZ3JGEv28,on_demand,subscribed,JP,24,unknown,7,3,2.1911666666666667,43.19,113.65789473684211,0,0
20261008,UCSes4X8uDrpc4X46hJKjejg,CHaZ3JGEv28,on_demand,not_subscribed,US,24,unknown,2001,1042,711.77186666666671,40.355551823416505,106.19882058793817,237,64.527233333333328
20261008,UCSes4X8uDrpc4X46hJKjejg,ot6TYt270wI,on_demand,not_subscribed,US,7,VWp4Z1_s-fI,1,1,0.074333333333333335,4.46,0.46947368421052632,1,0.074333333333333335
20261008,UCSes4X8uDrpc4X46hJKjejg,UOsqGlestSU,on_demand,not_subscribed,KE,5,,1,1,0.135,8.1,9.7590361445783138,0,0
20261008,UCSes4X8uDrpc4X46hJKjejg,0b8eta7f8mY,on_demand,subscribed,KR,5,,1,0,0.0525,0,0,0,0
20261008,UCSes4X8uDrpc4X46hJKjejg,8ajxcRVL7g4,on_demand,not_subscribed,PH,3,what-to-watch,2,1,1.9883333333333333,119.3,112.54716981132076,0,0
20261008,UCSes4X8uDrpc4X46hJKjejg,BeZUS-lZ4qs,on_demand,not_subscribed,US,7,wPoOW9x77wo,2,2,4.5437833333333337,136.3135,4.40004841833441,1,0.52166666666666661
20261008,UCSes4X8uDrpc4X46hJKjejg,HtZ8tDkeGJY,on_demand,not_subscribed,US,7,I5saZ0pryUU,2,1,1.0920166666666666,65.521,111.05254237288136,0,0
20261008,UCSes4X8uDrpc4X46hJKjejg,bgTJnw7NRxw,on_demand,not_subscribed,US,5,,1,1,0.7563333333333333,45.38,84.037037037037038,1,0.7563333333333333
20261008,UCSes4X8uDrpc4X46hJKjejg,QytSHiiqR3k,on_demand,not_subscribed,CN,3,what-to-watch,1,0,0.0013,0,0,0,0
20261008,UCSes4X8uDrpc4X46hJKjejg,BeZUS-lZ4qs,on_demand,not_subscribed,US,7,SuZnU6CY9Pk,1,1,8.9233333333333338,535.4,17.282117495158168,0,0
20261008,UCSes4X8uDrpc4X46hJKjejg,LXgH2eBmrF8,on_demand,subscribed,FR,24,unknown,2,1,0.63851666666666662,38.311,123.58387096774193,0,0
20261008,UCSes4X8uDrpc4X46hJKjejg,BeZUS-lZ4qs,on_demand,not_subscribed,US,7,h301lB2_79A,1,1,51.381416666666667,3082.885,99.512104583602323,0,0
20261008,UCSes4X8uDrpc4X46hJKjejg,5WC7gUC932A,on_demand,not_subscribed,AU,3,what-to-watch,2,1,2.7146666666666666,162.88,110.05405405405405,0,0
20261008,UCSes4X8uDrpc4X46hJKjejg,unimgWGUpHM,on_demand,not_subscribed,CA,4,UCSes4X8uDrpc4X46hJKjejg,1,0,0.0415,0,0,0,0
20261008,UCSes4X8uDrpc4X46hJKjejg,MEHDJ9V-lIk,on_demand,subscribed,US,7,iyjgmpLIBeY,1,1,1.9565,117.39,5.6985436893203882,1,1.9565
20261008,UCSes4X8uDrpc4X46hJKjejg,pWCQrmx8beo,on_demand,subscribed,IL,7,TU_5lhKdU_I,1,1,3.1733333333333333,190.4,6.3297872340425529,0,0
20261008,UCSes4X8uDrpc4X46hJKjejg,IkDS7ZhVkA4,on_demand,subscribed,US,7,Lda6LrfG3es,1,1,0.0218,1.308,0.05667244367417678,1,0.0218
20261008,UCSes4X8uDrpc4X46hJKjejg,JZgusHsQ0l4,on_demand,not_subscribed,TT,7,SoiI_gv8CRY,2,1,0.87183333333333335,52.31,100.59615384615384,0,0
20261008,UCSes4X8uDrpc4X46hJKjejg,HtZ8tDkeGJY,on_demand,subscribed,KY,3,what-to-watch,6,1,4.72,279.9,474.40677966101697,0,0
20261008,UCSes4X8uDrpc4X46hJKjejg,JZgusHsQ0l4,on_demand,not_subscribed,CA,3,what-to-watch,16,4,3.8722833333333333,54.4975,104.80288461538461,2,0.8755
20261008,UCSes4X8uDrpc4X46hJKjejg,k4-t8XMp-wg,on_demand,subscribed,NL,3,what-to-watch,1,1,3.3648333333333333,201.89,70.5909090909091,0,0
20261008,UCSes4X8uDrpc4X46hJKjejg,l5M2ICRhyEA,on_demand,subscribed,CA,24,unknown,3,1,0.6,35.3,106.96969696969697,1,0.011666666666666667
20261008,UCSes4X8uDrpc4X46hJKjejg,Ha6asqD-La8,on_demand,not_subscribed,CA,24,unknown,1,0,0.048333333333333332,0,0,0,0
20261008,UCSes4X8uDrpc4X46hJKjejg,k3pJGiIh1RE,on_demand,subscribed,US,4,UCSes4X8uDrpc4X46hJKjejg,2,1,1.205,72.3,141.76470588235293,0,0
20261008,UCSes4X8uDrpc4X46hJKjejg,YHtB62qU1r8,on_demand,not_subscribed,MY,7,aQ_oFYahAgU,1,1,0.62361666666666671,37.417,7.9610638297872338,1,0.62361666666666671
20261008,UCSes4X8uDrpc4X46hJKjejg,gTMjT4y5LHE,on_demand,not_subscribed,BY,3,what-to-watch,1,0,0.0083333333333333332,0,0,0,0
20261008,UCSes4X8uDrpc4X46hJKjejg,gTMjT4y5LHE,on_demand,not_subscribed,SE,3,what-to-watch,10,3,20.365433333333332,403.98266666666672,81.7778677462888,1,3.97815
20261008,UCSes4X8uDrpc4X46hJKjejg,HIZeTvY4T7U,on_demand,not_subscribed,BR,3,what-to-watch,1,0,0.018333333333333333,0,0,0,0
20261008,UCSes4X8uDrpc4X46hJKjejg,JZgusHsQ0l4,on_demand,not_subscribed,IN,3,what-to-watch,4,1,0.49116666666666664,24.87,47.82692307692308,1,0.4145
20261008,UCSes4X8uDrpc4X46hJKjejg,CHaZ3JGEv28,on_demand,not_subscribed,BR,5,washington wizards,1,0,0,0,0,0,0
20261008,UCSes4X8uDrpc4X46hJKjejg,XCtyiiCSRAk,on_demand,not_subscribed,US,5,,2,2,0.10491666666666667,3.1475,6.557291666666667,0,0
20261008,UCSes4X8uDrpc4X46hJKjejg,PnFBmHRQrFc,on_demand,not_subscribed,US,5,,1,1,2.9168333333333334,175.01,50.435158501440924,0,0
20261008,UCSes4X8uDrpc4X46hJKjejg,JZgusHsQ0l4,on_demand,not_subscribed,UZ,3,what-to-watch,2,1,0.86733333333333329,52.04,100.07692307692308,0,0
20261008,UCSes4X8uDrpc4X46hJKjejg,e7CxdG8sNlA,on_demand,not_subscribed,GB,3,what-to-watch,1,0,0.020866666666666665,0,0,0,0
20261008,UCSes4X8uDrpc4X46hJKjejg,QytSHiiqR3k,on_demand,not_subscribed,US,3,what-to-watch,20,8,2.5218333333333334,17.7405,93.371052631578948,0,0
20261008,UCSes4X8uDrpc4X46hJKjejg,EhrQWOgY03w,on_demand,not_subscribed,US,5,,1,0,0.042266666666666668,0,0,0,0
20261008,UCSes4X8uDrpc4X46hJKjejg,NPDEMZ90B1M,on_demand,not_subscribed,MK,24,unknown,1,0,0.011333333333333334,0,0,0,0
20261008,UCSes4X8uDrpc4X46hJKjejg,itfxfmA1F64,on_demand,not_subscribed,AU,3,what-to-watch,1,0,0.014,0,0,0,0
20261008,UCSes4X8uDrpc4X46hJKjejg,gL7l_L8da7c,on_demand,not_subscribed,US,5,,1,0,0.015,0,0,0,0
20261008,UCSes4X8uDrpc4X46hJKjejg,YHtB62qU1r8,on_demand,not_subscribed,MX,3,what-to-watch,1,0,0.065,0,0,0,0
20261008,UCSes4X8uDrpc4X46hJKjejg,5GYyKcjXNN0,on_demand,not_subscribed,US,4,UCSes4X8uDrpc4X46hJKjejg,2,2,1.78,53.4,65.925925925925924,0,0
20261008,UCSes4X8uDrpc4X46hJKjejg,CHaZ3JGEv28,on_demand,not_subscribed,JM,24,unknown,8,2,1.4076666666666666,40.4,106.31578947368421,0,0
20261008,UCSes4X8uDrpc4X46hJKjejg,ZYxC81zpCi0,on_demand,not_subscribed,US,0,unknown,1,1,0.52818333333333334,31.691,1.0147614473262889,0,0
20261008,UCSes4X8uDrpc4X46hJKjejg,QLokxg_tvSU,on_demand,not_subscribed,US,5,,1,0,0.00051666666666666668,0,0,0,0
20261008,UCSes4X8uDrpc4X46hJKjejg,A9dCA5I9Pes,on_demand,not_subscribed,US,5,,1,1,0.18666666666666668,11.2,4.6473029045643157,0,0
20261008,UCSes4X8uDrpc4X46hJKjejg,NPDEMZ90B1M,on_demand,not_subscribed,AU,3,what-to-watch,1,1,0.40388333333333332,24.233,26.925555555555555,0,0
20261008,UCSes4X8uDrpc4X46hJKjejg,Mh9vmih_Sro,on_demand,not_subscribed,US,3,what-to-watch,1,0,0.058933333333333331,0,0,0,0
20261008,UCSes4X8uDrpc4X46hJKjejg,QytSHiiqR3k,on_demand,not_subscribed,ZM,24,unknown,4,2,0.71183333333333332,21.355,112.39473684210526,0,0
20261008,UCSes4X8uDrpc4X46hJKjejg,9zaom3QbjYs,on_demand,not_subscribed,US,5,,6,3,26.653783333333333,530.81900000000007,69.936627140974963,0,0
20261008,UCSes4X8uDrpc4X46hJKjejg,6rnCipDf-0M,on_demand,not_subscribed,US,5,,2,1,0.60233333333333339,34.62,50.173913043478258,0,0
20261008,UCSes4X8uDrpc4X46hJKjejg,ybbL24ktLlw,on_demand,not_subscribed,IN,8,unknown,2,1,0.63121666666666665,37.873,99.665789473684214,0,0
20261008,UCSes4X8uDrpc4X46hJKjejg,BeZUS-lZ4qs,on_demand,not_subscribed,US,5,,21,10,77.4945,462.3845,14.92525823111685,3,38.343616666666669
20261008,UCSes4X8uDrpc4X46hJKjejg,2vf4qDJNyOw,on_demand,not_subscribed,US,3,what-to-watch,3,2,11.148933333333334,330.103,59.693128390596748,0,0
20261008,UCSes4X8uDrpc4X46hJKjejg,1Vs6b9DRFto,on_demand,not_subscribed,US,7,C8dU7dhrH00,1,1,5.6898333333333335,341.39,100.11436950146627,0,0
20261008,UCSes4X8uDrpc4X46hJKjejg,MsGmqkcp0Gc,on_demand,subscribed,US,5,,1,1,0.105,6.3,8.75,0,0
20261008,UCSes4X8uDrpc4X46hJKjejg,z9y1rLrYt6g,on_demand,not_subscribed,US,5,,1,1,0.19166666666666668,11.5,25,0,0
20261008,UCSes4X8uDrpc4X46hJKjejg,HtZ8tDkeGJY,on_demand,not_subscribed,US,7,DiNq0lazQ2M,1,1,0.38166666666666665,22.9,38.813559322033896,0,0
20261008,UCSes4X8uDrpc4X46hJKjejg,eu62r4NZQ3Q,on_demand,not_subscribed,GH,5,,1,0,0.11166666666666666,0,0,0,0
20261008,UCSes4X8uDrpc4X46hJKjejg,QytSHiiqR3k,on_demand,not_subscribed,KY,24,unknown,2,1,0.37666666666666665,22.6,118.94736842105263,0,0
20261008,UCSes4X8uDrpc4X46hJKjejg,MEHDJ9V-lIk,on_demand,not_subscribed,ES,3,what-to-watch,2,0,0.048333333333333332,0,0,0,0
20261008,UCSes4X8uDrpc4X46hJKjejg,ePdXtNfowRo,on_demand,subscribed,US,3,what-to-watch,1,0,0.10333333333333333,0,0,0,0
20261008,UCSes4X8uDrpc4X46hJKjejg,LguyQAIoKlA,on_demand,not_subscribed,US,0,unknown,2,2,3.9611166666666668,118.8335,2.6891491287621632,0,0
20261008,UCSes4X8uDrpc4X46hJKjejg,QytSHiiqR3k,on_demand,not_subscribed,BA,24,unknown,3,2,0.4395,13.185,69.39473684210526,0,0
20261008,UCSes4X8uDrpc4X46hJKjejg,u9yo-7_Ly7M,on_demand,subscribed,US,3,what-to-watch,2,1,9.2807,550,100,1,9.1666666666666661
20261008,UCSes4X8uDrpc4X46hJKjejg,kzzARP3sGzw,on_demand,not_subscribed,US,5,,13,6,28.871866666666666,288.71866666666665,379.89298245614037,0,0
20261008,UCSes4X8uDrpc4X46hJKjejg,pWCQrmx8beo,on_demand,not_subscribed,US,5,,5,2,5.1071,149.699,4.9766954787234043,1,4.6913333333333336
20261008,UCSes4X8uDrpc4X46hJKjejg,0b8eta7f8mY,on_demand,not_subscribed,US,7,QQI5ufwPATg,1,1,8.7931666666666661,527.59,100.11195445920303,0,0
20261008,UCSes4X8uDrpc4X46hJKjejg,dKoSQ-63gP4,on_demand,not_subscribed,US,0,unknown,3,2,10.328316666666666,309.035,50.744663382594418,1,0.02715
20261008,UCSes4X8uDrpc4X46hJKjejg,Mrjky6bXwm4,on_demand,not_subscribed,GB,5,,1,1,0.24525,14.715,13.5,0,0
20261008,UCSes4X8uDrpc4X46hJKjejg,fAZy3HtHBzA,on_demand,subscribed,GB,24,unknown,2,1,0.32,18.24,57,0,0
20261008,UCSes4X8uDrpc4X46hJKjejg,gTMjT4y5LHE,on_demand,not_subscribed,US,5,unknown,3,3,8.873266666666666,177.46533333333332,35.924156545209179,0,0
20261008,UCSes4X8uDrpc4X46hJKjejg,QhJLmW0Qj-c,on_demand,not_subscribed,PR,5,,1,1,0.28333333333333333,17,34.693877551020407,0,0
20261008,UCSes4X8uDrpc4X46hJKjejg,nr2XQrdnjdQ,on_demand,subscribed,CH,3,what-to-watch,1,0,0.0068333333333333336,0,0,0,0
20261008,UCSes4X8uDrpc4X46hJKjejg,YHtB62qU1r8,on_demand,not_subscribed,US,7,umppEcUR9iA,1,1,8.09995,485.997,103.4036170212766,0,0
20261008,UCSes4X8uDrpc4X46hJKjejg,zS69CFjoay8,on_demand,not_subscribed,US,3,what-to-watch,2,1,0.16833333333333333,8.9,16.79245283018868,0,0
20261008,UCSes4X8uDrpc4X46hJKjejg,6ljakZEWb0o,on_demand,not_subscribed,IL,3,what-to-watch,1,0,0,0,0,0,0
20261008,UCSes4X8uDrpc4X46hJKjejg,PeMHxUwuByQ,on_demand,not_subscribed,US,3,what-to-watch,8,4,63.731216666666668,953.72575,25.63089895189465,0,0
20261008,UCSes4X8uDrpc4X46hJKjejg,YHtB62qU1r8,on_demand,not_subscribed,GB,0,unknown,1,1,11.977233333333333,718.634,152.90085106382978,0,0
20261008,UCSes4X8uDrpc4X46hJKjejg,B9BmWYyE9To,on_demand,not_subscribed,US,5,,1,0,0.010916666666666667,0,0,0,0
20261008,UCSes4X8uDrpc4X46hJKjejg,DjhN1oAGTYA,on_demand,not_subscribed,DE,3,what-to-watch,1,0,0.021666666666666667,0,0,0,0
20261008,UCSes4X8uDrpc4X46hJKjejg,MEHDJ9V-lIk,on_demand,not_subscribed,UG,3,what-to-watch,1,1,0.66548333333333332,39.929,1.9383009708737864,0,0
20261008,UCSes4X8uDrpc4X46hJKjejg,FC36sHokYnk,on_demand,not_subscribed,MX,3,what-to-watch,1,0,0.048666666666666664,0,0,0,0
20261008,UCSes4X8uDrpc4X46hJKjejg,jfpYWzUfb44,on_demand,not_subscribed,HK,5,,2,1,0.04,2,2.4691358024691357,0,0
20261008,UCSes4X8uDrpc4X46hJKjejg,QytSHiiqR3k,on_demand,not_subscribed,CA,24,unknown,337,167,56.5815,19.883209580838322,104.64847147809644,59,9.6730833333333344
20261008,UCSes4X8uDrpc4X46hJKjejg,QytSHiiqR3k,on_demand,not_subscribed,CY,24,unknown,2,1,0.3165,18.99,99.94736842105263,0,0
20261008,UCSes4X8uDrpc4X46hJKjejg,kHqq0RR6dHE,on_demand,not_subscribed,CA,8,ytremote,1,1,9.42815,565.689,56.7960843373494,0,0
20261008,UCSes4X8uDrpc4X46hJKjejg,CHaZ3JGEv28,on_demand,subscribed,US,24,unknown,722,335,209.44615,36.490838805970149,96.028523173605663,150,37.422833333333337
20261008,UCSes4X8uDrpc4X46hJKjejg,OGOmzWG_ThE,on_demand,not_subscribed,US,5,,6,3,15.227716666666666,303.2233333333333,11.542570739753838,0,0
20261008,UCSes4X8uDrpc4X46hJKjejg,QytSHiiqR3k,on_demand,not_subscribed,IN,24,unknown,57,30,8.7763333333333335,17.214,90.6,14,2.1358
20261008,UCSes4X8uDrpc4X46hJKjejg,gTMjT4y5LHE,on_demand,not_subscribed,US,24,unknown,1,0,0.005,0,0,0,0
20261008,UCSes4X8uDrpc4X46hJKjejg,eqlwdgYN1FU,on_demand,not_subscribed,PH,5,,1,1,0.30666666666666664,18.4,31.1864406779661,0,0
20261008,UCSes4X8uDrpc4X46hJKjejg,QytSHiiqR3k,on_demand,not_subscribed,PL,24,unknown,6,4,1.2081666666666666,18.1225,95.381578947368425,2,0.47983333333333333
20261008,UCSes4X8uDrpc4X46hJKjejg,0b8eta7f8mY,on_demand,not_subscribed,CA,7,JZlSlSyzANM,1,1,0.21983333333333333,13.19,2.5028462998102468,0,0
20261008,UCSes4X8uDrpc4X46hJKjejg,XxnCUta00KQ,on_demand,not_subscribed,US,9,unknown,1,1,4.5916666666666668,275.5,99.818840579710141,0,0
20261008,UCSes4X8uDrpc4X46hJKjejg,CHaZ3JGEv28,on_demand,not_subscribed,US,5,,94,44,25.273533333333333,34.004386363636364,89.485227272727272,17,6.5638333333333323
20261008,UCSes4X8uDrpc4X46hJKjejg,JZgusHsQ0l4,on_demand,not_subscribed,MN,5,,1,1,0.066666666666666666,4,7.6923076923076925,0,0
20261008,UCSes4X8uDrpc4X46hJKjejg,9zaom3QbjYs,on_demand,not_subscribed,US,7,2eqNYzKYKVc,1,1,1.47,88.2,11.620553359683795,1,1.47
20261008,UCSes4X8uDrpc4X46hJKjejg,QytSHiiqR3k,on_demand,not_subscribed,UZ,24,unknown,1,0,0.066666666666666666,0,0,0,0
20261008,UCSes4X8uDrpc4X46hJKjejg,gmPsKXt4foY,on_demand,not_subscribed,US,4,UCSes4X8uDrpc4X46hJKjejg,1,1,0.73333333333333328,44,97.777777777777771,0,0
20261008,UCSes4X8uDrpc4X46hJKjejg,-CjQjOd2JEA,on_demand,not_subscribed,US,5,,4,4,10.473,157.095,55.510600706713781,0,0
20261008,UCSes4X8uDrpc4X46hJKjejg,5xA-FaYOc_0,on_demand,not_subscribed,US,5,,14,8,6.3552833333333334,47.438375,107.81448863636363,1,0.272
20261008,UCSes4X8uDrpc4X46hJKjejg,BeZUS-lZ4qs,on_demand,not_subscribed,US,7,2eqNYzKYKVc,1,1,51.6275,3097.65,99.988702388637833,1,51.6275
20261008,UCSes4X8uDrpc4X46hJKjejg,YHtB62qU1r8,on_demand,not_subscribed,US,5,,35,17,65.01455,227.09335294117648,48.317734668335419,1,8.3055
20261008,UCSes4X8uDrpc4X46hJKjejg,UOsqGlestSU,on_demand,not_subscribed,US,5,,8,4,2.8026166666666668,40.26675,48.514156626506022,0,0
20261008,UCSes4X8uDrpc4X46hJKjejg,JZgusHsQ0l4,on_demand,subscribed,CA,3,what-to-watch,7,1,0.90185,52.1,100.19230769230769,0,0
20261008,UCSes4X8uDrpc4X46hJKjejg,QytSHiiqR3k,on_demand,not_subscribed,VI,24,unknown,1,1,0.24666666666666667,14.8,77.89473684210526,0,0
20261008,UCSes4X8uDrpc4X46hJKjejg,7HuaEHVdk6c,on_demand,not_subscribed,SN,3,what-to-watch,2,1,0.09,5,4.8543689320388346,0,0
20261008,UCSes4X8uDrpc4X46hJKjejg,QytSHiiqR3k,on_demand,not_subscribed,PS,24,unknown,1,1,0.151,9.06,47.684210526315788,0,0
20261008,UCSes4X8uDrpc4X46hJKjejg,f4MfVVTJ6pY,on_demand,not_subscribed,PH,3,what-to-watch,1,0,0.008416666666666666,0,0,0,0
20261008,UCSes4X8uDrpc4X46hJKjejg,Ha6asqD-La8,on_demand,not_subscribed,CA,5,,1,1,0.38333333333333336,23,62.162162162162161,0,0
20261008,UCSes4X8uDrpc4X46hJKjejg,IkDS7ZhVkA4,on_demand,not_subscribed,CA,3,what-to-watch,3,0,0.20138333333333333,0,0,0,0
20261008,UCSes4X8uDrpc4X46hJKjejg,PeMHxUwuByQ,on_demand,not_subscribed,CA,7,YHtB62qU1r8,1,1,1.2235,73.41,1.97285675893577,0,0
20261008,UCSes4X8uDrpc4X46hJKjejg,QbOI1xgQ8ZE,on_demand,not_subscribed,AE,24,unknown,1,1,0.165,9.9,24.146341463414632,0,0
20261008,UCSes4X8uDrpc4X46hJKjejg,pWCQrmx8beo,on_demand,not_subscribed,US,7,2eqNYzKYKVc,1,1,26.18535,1571.121,52.231416223404253,0,0
20261008,UCSes4X8uDrpc4X46hJKjejg,ePdXtNfowRo,on_demand,not_subscribed,IN,5,,1,1,2.1715833333333334,130.295,25.398635477582847,1,2.1715833333333334
20261008,UCSes4X8uDrpc4X46hJKjejg,FP-0zyc1SUI,on_demand,not_subscribed,US,5,,10,4,4.0908,60.4565,123.38061224489796,1,0.42265
20261008,UCSes4X8uDrpc4X46hJKjejg,gTMjT4y5LHE,on_demand,not_subscribed,MX,3,what-to-watch,5,1,0.2921,14.2,2.8744939271255059,0,0
20261008,UCSes4X8uDrpc4X46hJKjejg,QytSHiiqR3k,on_demand,subscribed,US,3,what-to-watch,4,0,0.058,0,0,0,0
20261008,UCSes4X8uDrpc4X46hJKjejg,sRIO-T5dRjA,on_demand,not_subscribed,IL,5,jeremiah fears,1,0,0.031,0,0,0,0
20261008,UCSes4X8uDrpc4X46hJKjejg,3oF068CdTYo,on_demand,not_subscribed,US,24,unknown,5,3,1.2287333333333332,24.141333333333336,71.003921568627447,0,0
20261008,UCSes4X8uDrpc4X46hJKjejg,5GYyKcjXNN0,on_demand,subscribed,US,4,UCSes4X8uDrpc4X46hJKjejg,4,3,1.7891666666666666,35.783333333333331,44.176954732510289,1,0.14733333333333334
20261008,UCSes4X8uDrpc4X46hJKjejg,BeZUS-lZ4qs,on_demand,not_subscribed,SI,0,unknown,1,1,51.62768333333333,3097.661,99.9890574564235,0,0
20261008,UCSes4X8uDrpc4X46hJKjejg,dgP0I7rPTlU,on_demand,not_subscribed,FR,3,what-to-watch,2,0,0.08945,0,0,0,0
20261008,UCSes4X8uDrpc4X46hJKjejg,XlT3SmO6YYs,on_demand,subscribed,SE,5,,1,0,0.051666666666666666,0,0,1,0.051666666666666666
20261008,UCSes4X8uDrpc4X46hJKjejg,9zaom3QbjYs,on_demand,not_subscribed,FI,7,lDjBQu8Kmn4,1,1,12.424683333333334,745.481,98.218840579710147,0,0
20261008,UCSes4X8uDrpc4X46hJKjejg,f0Agz2fWwFY,on_demand,not_subscribed,CA,5,,2,1,1.643,95.02,92.252427184466015,0,0
20261008,UCSes4X8uDrpc4X46hJKjejg,tBjNM2mKPtg,on_demand,not_subscribed,US,5,,3,2,1.4441666666666666,43.11,78.381818181818176,1,0.79416666666666669
20261008,UCSes4X8uDrpc4X46hJKjejg,XTGlwLovDD0,on_demand,subscribed,IN,32,CHaZ3JGEv28,1,1,8.1766666666666659,490.6,20.230927835051546,1,8.1766666666666659
20261008,UCSes4X8uDrpc4X46hJKjejg,WAYYE5BMG6c,on_demand,not_subscribed,CA,3,what-to-watch,1,1,0.19266666666666668,11.56,0.60906217070600632,0,0
20261008,UCSes4X8uDrpc4X46hJKjejg,QytSHiiqR3k,on_demand,not_subscribed,SN,24,unknown,2,1,0.41166666666666668,24.7,130,0,0
20261008,UCSes4X8uDrpc4X46hJKjejg,2vf4qDJNyOw,on_demand,subscribed,US,3,what-to-watch,1,1,1.9725,118.35,21.401446654611213,0,0
20261008,UCSes4X8uDrpc4X46hJKjejg,e7CxdG8sNlA,on_demand,not_subscribed,LT,3,what-to-watch,1,1,3.1838833333333332,191.033,40.217473684210525,0,0
20261008,UCSes4X8uDrpc4X46hJKjejg,YHtB62qU1r8,on_demand,not_subscribed,SA,3,what-to-watch,2,0,0.11,0,0,0,0
20261008,UCSes4X8uDrpc4X46hJKjejg,tW5MU50qt0A,on_demand,not_subscribed,IN,5,,1,0,0,0,0,0,0
20261008,UCSes4X8uDrpc4X46hJKjejg,BeZUS-lZ4qs,on_demand,not_subscribed,US,7,rb1sy5QrQXQ,1,1,14.1651,849.906,27.434021949644933,1,14.1651
20261008,UCSes4X8uDrpc4X46hJKjejg,6ljakZEWb0o,on_demand,subscribed,NL,3,what-to-watch,1,0,0.00935,0,0,0,0
20261008,UCSes4X8uDrpc4X46hJKjejg,MEHDJ9V-lIk,on_demand,not_subscribed,ID,4,UCEZHE-0CoHqeL1LGFa2EmQw,1,0,0.025066666666666668,0,0,0,0
20261008,UCSes4X8uDrpc4X46hJKjejg,KoxnHEXhTNQ,on_demand,not_subscribed,US,4,UCSes4X8uDrpc4X46hJKjejg,2,1,0.33333333333333331,20,100,0,0
20261008,UCSes4X8uDrpc4X46hJKjejg,-4YEzVnpr50,on_demand,not_subscribed,VN,5,,1,0,0.00096666666666666667,0,0,0,0
20261008,UCSes4X8uDrpc4X46hJKjejg,QytSHiiqR3k,on_demand,not_subscribed,BD,5,,1,0,0.0072333333333333329,0,0,0,0
20261008,UCSes4X8uDrpc4X46hJKjejg,sc2QVbRxxV8,on_demand,not_subscribed,US,4,UCSes4X8uDrpc4X46hJKjejg,1,1,0.60333333333333339,36.2,97.837837837837839,0,0
20261008,UCSes4X8uDrpc4X46hJKjejg,FC36sHokYnk,on_demand,not_subscribed,US,5,,1,1,6.9891666666666667,419.35,75.694945848375454,1,6.9891666666666667
20261008,UCSes4X8uDrpc4X46hJKjejg,M-M22Ac4CRE,on_demand,not_subscribed,US,5,victor wembanyama,13,6,2.7329166666666667,26.004166666666666,78.800505050505052,0,0
20261008,UCSes4X8uDrpc4X46hJKjejg,YHtB62qU1r8,on_demand,not_subscribed,VU,3,what-to-watch,1,0,0.025,0,0,0,0
20261008,UCSes4X8uDrpc4X46hJKjejg,B4aYi06AO4g,on_demand,subscribed,IN,4,UCSes4X8uDrpc4X46hJKjejg,1,1,0.16833333333333333,10.1,0.32444587214905235,1,0.16833333333333333
20261008,UCSes4X8uDrpc4X46hJKjejg,9zaom3QbjYs,on_demand,not_subscribed,ZA,3,what-to-watch,1,1,7.3456,440.736,58.067984189723319,0,0
20261008,UCSes4X8uDrpc4X46hJKjejg,50MHq47IaLU,on_demand,not_subscribed,US,3,what-to-watch,4,1,2.0148833333333331,115.626,100.54434782608696,0,0
20261008,UCSes4X8uDrpc4X46hJKjejg,3u7u_ark1p8,on_demand,not_subscribed,CA,5,,1,1,1.863,111.78,27.197080291970803,0,0
20261008,UCSes4X8uDrpc4X46hJKjejg,qMc2Kadj1PU,on_demand,not_subscribed,PH,8,offline,1,1,0.025,1.5,0.21961932650073207,0,0
20261008,UCSes4X8uDrpc4X46hJKjejg,BeZUS-lZ4qs,on_demand,not_subscribed,ZA,3,what-to-watch,2,0,0.027016666666666668,0,0,0,0
20261008,UCSes4X8uDrpc4X46hJKjejg,f4MfVVTJ6pY,on_demand,not_subscribed,AU,3,what-to-watch,2,0,0.0669,0,0,1,0.024566666666666667
20261008,UCSes4X8uDrpc4X46hJKjejg,MEHDJ9V-lIk,on_demand,not_subscribed,US,7,hx82qAPL0bI,1,1,15.219166666666666,913.15,44.327669902912625,1,15.219166666666666
20261008,UCSes4X8uDrpc4X46hJKjejg,GzQ4nst8_ak,on_demand,not_subscribed,US,5,,1,1,0.52435,31.461,7.5446043165467627,0,0
20261008,UCSes4X8uDrpc4X46hJKjejg,eu62r4NZQ3Q,on_demand,not_subscribed,HR,5,,1,0,0.0315,0,0,0,0
20261008,UCSes4X8uDrpc4X46hJKjejg,BeZUS-lZ4qs,on_demand,not_subscribed,US,7,yeLyZJx1Cvc,1,1,0.93203333333333338,55.922,1.8051000645577793,1,0.93203333333333338
20261008,UCSes4X8uDrpc4X46hJKjejg,dgP0I7rPTlU,on_demand,subscribed,AU,3,what-to-watch,1,0,0.015,0,0,0,0
20261008,UCSes4X8uDrpc4X46hJKjejg,BeZUS-lZ4qs,on_demand,not_subscribed,CA,4,UCSes4X8uDrpc4X46hJKjejg,1,1,1.0188333333333333,61.13,1.973208521626856,0,0
20261008,UCSes4X8uDrpc4X46hJKjejg,MEHDJ9V-lIk,on_demand,not_subscribed,PH,4,UCEZHE-0CoHqeL1LGFa2EmQw,2,1,0.10165,1.6,0.077669902912621352,2,0.10165
20261008,UCSes4X8uDrpc4X46hJKjejg,F0PO_64UfwU,on_demand,not_subscribed,US,5,,2,0,0.0033333333333333335,0,0,0,0
20261008,UCSes4X8uDrpc4X46hJKjejg,ybbL24ktLlw,on_demand,not_subscribed,CG,5,,1,1,0.27933333333333332,16.76,44.10526315789474,0,0
20261008,UCSes4X8uDrpc4X46hJKjejg,QytSHiiqR3k,on_demand,subscribed,CA,24,unknown,54,24,11.969233333333333,29.284916666666664,154.13114035087719,17,2.7477000000000009
20261008,UCSes4X8uDrpc4X46hJKjejg,Vinyx4cY77Q,on_demand,not_subscribed,US,7,eZrZ_qDFcTI,1,1,14.06745,844.047,18.694285714285716,0,0
20261008,UCSes4X8uDrpc4X46hJKjejg,5Bridlnnqsk,on_demand,not_subscribed,US,3,what-to-watch,3,0,0.0611,0,0,1,0.0356
20261008,UCSes4X8uDrpc4X46hJKjejg,l5M2ICRhyEA,on_demand,not_subscribed,CA,8,unknown,2,1,0.72243333333333337,43.346,131.35151515151514,0,0
20261008,UCSes4X8uDrpc4X46hJKjejg,B_P_YFmb70s,on_demand,subscribed,GB,5,,2,1,0.764,45.84,101.86666666666666,0,0
20261008,UCSes4X8uDrpc4X46hJKjejg,YHtB62qU1r8,on_demand,not_subscribed,PH,7,wx00qoZX68Y,1,1,4.6667666666666667,280.006,59.575744680851066,0,0
20261008,UCSes4X8uDrpc4X46hJKjejg,f7VpXTa1D8k,on_demand,not_subscribed,US,9,Google Search,1,1,0.5143,30.858,0.92389221556886225,1,0.5143
20261008,UCSes4X8uDrpc4X46hJKjejg,HtZ8tDkeGJY,on_demand,not_subscribed,US,17,uploaded_other,4,1,3.155,189.3,320.84745762711867,0,0
20261008,UCSes4X8uDrpc4X46hJKjejg,QytSHiiqR3k,on_demand,not_subscribed,CA,5,,4,2,0.88733333333333331,26.62,140.10526315789474,0,0
20261008,UCSes4X8uDrpc4X46hJKjejg,pWCQrmx8beo,on_demand,not_subscribed,NZ,3,what-to-watch,1,0,0.026733333333333335,0,0,0,0
20261008,UCSes4X8uDrpc4X46hJKjejg,k3pJGiIh1RE,on_demand,not_subscribed,US,24,unknown,3,1,0.2375,8.94,17.529411764705884,0,0
20261008,UCSes4X8uDrpc4X46hJKjejg,QytSHiiqR3k,on_demand,subscribed,IN,24,unknown,12,6,2.0895,20.761666666666667,109.2719298245614,3,0.425
20261008,UCSes4X8uDrpc4X46hJKjejg,JZgusHsQ0l4,on_demand,not_subscribed,CA,5,lebron,1,1,0.701,42.06,80.884615384615387,1,0.701
20261008,UCSes4X8uDrpc4X46hJKjejg,5WC7gUC932A,on_demand,not_subscribed,GB,5,,2,0,0.0989,0,0,0,0
20261008,UCSes4X8uDrpc4X46hJKjejg,XKuQeJ6fyeA,on_demand,not_subscribed,US,3,what-to-watch,3,1,0.62306666666666666,37.174,112.64848484848486,0,0
20261008,UCSes4X8uDrpc4X46hJKjejg,J6rzMuvuMuo,on_demand,not_subscribed,PH,5,,7,5,2.281,26.95,37.430555555555557,4,0.68316666666666659
20261008,UCSes4X8uDrpc4X46hJKjejg,CHaZ3JGEv28,on_demand,subscribed,US,5,,11,4,1.5370333333333333,22.36475,58.854605263157893,0,0
20261008,UCSes4X8uDrpc4X46hJKjejg,YHtB62qU1r8,on_demand,subscribed,US,7,2rm0xGcxbTc,1,1,0.18428333333333333,11.057,2.3525531914893616,0,0
20261008,UCSes4X8uDrpc4X46hJKjejg,cPqvlELxWVk,on_demand,not_subscribed,US,3,what-to-watch,1,0,0.0737,0,0,0,0
20261008,UCSes4X8uDrpc4X46hJKjejg,VabbVbaoc3U,on_demand,not_subscribed,TW,5,bam 83,4,1,1.9033333333333333,112.9,86.18320610687023,1,1.8816666666666666
20261008,UCSes4X8uDrpc4X46hJKjejg,gmPsKXt4foY,on_demand,subscribed,US,4,UCSes4X8uDrpc4X46hJKjejg,1,1,0.62283333333333335,37.37,83.044444444444451,0,0
20261008,UCSes4X8uDrpc4X46hJKjejg,cRJ3dfuOiik,on_demand,not_subscribed,US,5,,2,0,0.1555,0,0,0,0
20261008,UCSes4X8uDrpc4X46hJKjejg,-CjQjOd2JEA,on_demand,subscribed,US,5,,1,0,0.005783333333333333,0,0,0,0
20261008,UCSes4X8uDrpc4X46hJKjejg,5xA-FaYOc_0,on_demand,subscribed,US,5,,1,1,0.48948333333333333,29.369,66.747727272727275,1,0.48948333333333333
20261008,UCSes4X8uDrpc4X46hJKjejg,N4FSFFIyyhU,on_demand,not_subscribed,US,5,,1,0,0.012733333333333333,0,0,0,0
20261008,UCSes4X8uDrpc4X46hJKjejg,gTMjT4y5LHE,on_demand,not_subscribed,US,5,,5,4,11.09505,166.37075,33.67828947368421,0,0
20261008,UCSes4X8uDrpc4X46hJKjejg,DiQL1Q4_4VM,on_demand,not_subscribed,US,5,,3,1,0.8262666666666667,49.247,111.925,0,0
20261008,UCSes4X8uDrpc4X46hJKjejg,YHtB62qU1r8,on_demand,subscribed,US,5,,3,0,0.31155,0,0,0,0
20261008,UCSes4X8uDrpc4X46hJKjejg,9zaom3QbjYs,on_demand,not_subscribed,US,8,unknown,1,1,0.07166666666666667,4.3,0.56653491436100134,1,0.07166666666666667
20261008,UCSes4X8uDrpc4X46hJKjejg,PoyUkRaWZiM,on_demand,not_subscribed,MX,3,what-to-watch,1,1,5.1708666666666669,310.252,50.860983606557376,0,0
20261008,UCSes4X8uDrpc4X46hJKjejg,6oGL_hVMNjM,on_demand,not_subscribed,US,5,,1,1,0.3515,21.09,17.429752066115704,1,0.3515
20261008,UCSes4X8uDrpc4X46hJKjejg,l5M2ICRhyEA,on_demand,not_subscribed,QA,5,76ers,1,1,0.070833333333333331,4.25,12.878787878787879,0,0
20261008,UCSes4X8uDrpc4X46hJKjejg,BeZUS-lZ4qs,on_demand,subscribed,DE,0,unknown,1,1,0.017116666666666665,1.027,0.033150419625564878,0,0
20261008,UCSes4X8uDrpc4X46hJKjejg,BeZUS-lZ4qs,on_demand,not_subscribed,US,8,unknown,1,1,12.228,733.68,23.682375726275016,0,0
20261008,UCSes4X8uDrpc4X46hJKjejg,HtZ8tDkeGJY,on_demand,not_subscribed,NG,24,unknown,2,1,1.018,60.65,102.79661016949153,0,0
20261008,UCSes4X8uDrpc4X46hJKjejg,MEHDJ9V-lIk,on_demand,not_subscribed,US,7,IkDS7ZhVkA4,1,1,2.038,122.28,5.9359223300970871,1,2.038
20261008,UCSes4X8uDrpc4X46hJKjejg,CHaZ3JGEv28,on_demand,subscribed,US,3,/my_subscriptions,25,15,7.284583333333333,29.038733333333333,76.417719298245615,9,3.6944
20261008,UCSes4X8uDrpc4X46hJKjejg,WOQL9qnbLuM,on_demand,not_subscribed,US,9,unknown,1,1,0.593,35.58,65.888888888888886,0,0
20261008,UCSes4X8uDrpc4X46hJKjejg,iI6JAiouTXA,on_demand,not_subscribed,US,20,gTMjT4y5LHE,1,1,3.4428,206.568,4.9347348303870042,0,0
20261008,UCSes4X8uDrpc4X46hJKjejg,ksJXns6KZJE,on_demand,not_subscribed,US,5,,1,1,1.0856166666666667,65.137,86.849333333333334,0,0
20261008,UCSes4X8uDrpc4X46hJKjejg,HtZ8tDkeGJY,on_demand,not_subscribed,CH,7,RVS7VkQHBbk,1,1,0.0043333333333333331,0.26,0.44067796610169491,0,0
20261008,UCSes4X8uDrpc4X46hJKjejg,gTMjT4y5LHE,on_demand,subscribed,MX,3,what-to-watch,1,0,0.021666666666666667,0,0,0,0
20261008,UCSes4X8uDrpc4X46hJKjejg,2n5LJUyMtAk,on_demand,not_subscribed,BM,3,what-to-watch,1,0,0.088166666666666671,0,0,0,0
20261008,UCSes4X8uDrpc4X46hJKjejg,Z2aOtGIhWdM,on_demand,not_subscribed,US,3,what-to-watch,3,0,0.31283333333333335,0,0,0,0
20261008,UCSes4X8uDrpc4X46hJKjejg,6ljakZEWb0o,on_demand,not_subscribed,PR,3,what-to-watch,1,0,0.0245,0,0,0,0
20261008,UCSes4X8uDrpc4X46hJKjejg,XB6TixLR2cg,on_demand,subscribed,AU,5,,2,1,0.6375,38.25,103.37837837837837,2,0.6375
20261008,UCSes4X8uDrpc4X46hJKjejg,3oF068CdTYo,on_demand,not_subscribed,US,5,,4,2,1.2161833333333334,36.4855,107.31029411764706,2,0.62231666666666663
20261008,UCSes4X8uDrpc4X46hJKjejg,YHtB62qU1r8,on_demand,not_subscribed,ZA,3,what-to-watch,4,0,0.313,0,0,0,0
20261008,UCSes4X8uDrpc4X46hJKjejg,YHtB62qU1r8,on_demand,not_subscribed,US,7,yen0u0KENrE,4,4,19.121383333333334,286.82075,61.025691489361705,1,7.674666666666667
20261008,UCSes4X8uDrpc4X46hJKjejg,CHaZ3JGEv28,on_demand,not_subscribed,CA,4,UCSes4X8uDrpc4X46hJKjejg,2,1,0.73733333333333329,44.24,116.42105263157895,0,0
20261008,UCSes4X8uDrpc4X46hJKjejg,MEHDJ9V-lIk,on_demand,not_subscribed,NL,7,zYO2Hw91H2s,1,1,0.031666666666666669,1.9,0.092233009708737865,1,0.031666666666666669
20261008,UCSes4X8uDrpc4X46hJKjejg,zS69CFjoay8,on_demand,not_subscribed,CA,5,,1,1,0.071,4.26,8.0377358490566042,0,0
20261008,UCSes4X8uDrpc4X46hJKjejg,MEHDJ9V-lIk,on_demand,subscribed,CA,7,PVOl1jy_sPs,1,1,0.7037,42.222,2.0496116504854367,0,0
20261008,UCSes4X8uDrpc4X46hJKjejg,YHtB62qU1r8,on_demand,not_subscribed,NZ,3,what-to-watch,4,2,0.9371666666666667,26.415,5.6202127659574472,0,0
20261008,UCSes4X8uDrpc4X46hJKjejg,zxka0rRvmaU,on_demand,not_subscribed,GR,5,,1,0,0.05855,0,0,0,0
20261008,UCSes4X8uDrpc4X46hJKjejg,YHtB62qU1r8,on_demand,not_subscribed,GB,7,_Sc0_4ZAErY,1,1,7.825,469.5,99.8936170212766,0,0
20261008,UCSes4X8uDrpc4X46hJKjejg,PeMHxUwuByQ,on_demand,not_subscribed,CA,5,,2,0,0.0049166666666666664,0,0,0,0
20261008,UCSes4X8uDrpc4X46hJKjejg,Rl73WZoqKzE,on_demand,subscribed,CA,3,what-to-watch,6,1,0.5083333333333333,16.52,2.7718120805369129,0,0
20261008,UCSes4X8uDrpc4X46hJKjejg,BvHw3ddSlms,on_demand,not_subscribed,US,18,PLX3ZLYz4-6vE2_ZNLW5AfzbHTd1jTskDl,1,1,61.310533333333332,3678.632,77.03941361256544,0,0
20261008,UCSes4X8uDrpc4X46hJKjejg,MEHDJ9V-lIk,on_demand,not_subscribed,AR,3,what-to-watch,2,0,0.0955,0,0,0,0
20261008,UCSes4X8uDrpc4X46hJKjejg,4rZ8j7jxsMI,on_demand,not_subscribed,PH,5,,1,1,0.7,42,60,1,0.7
20261008,UCSes4X8uDrpc4X46hJKjejg,OkzI_U0uKes,on_demand,not_subscribed,US,9,Google Search,1,1,0.7084,42.504,4.1266019417475732,0,0
20261008,UCSes4X8uDrpc4X46hJKjejg,i8nHff5PKGU,on_demand,not_subscribed,IN,5,,2,0,0.036666666666666667,0,0,0,0
20261008,UCSes4X8uDrpc4X46hJKjejg,Rl73WZoqKzE,on_demand,subscribed,IN,3,what-to-watch,1,0,0.062883333333333333,0,0,0,0
20261008,UCSes4X8uDrpc4X46hJKjejg,fyi6d0AButQ,on_demand,not_subscribed,GB,3,what-to-watch,1,0,0.013333333333333334,0,0,0,0
20261008,UCSes4X8uDrpc4X46hJKjejg,MEHDJ9V-lIk,on_demand,not_subscribed,TW,0,unknown,1,1,0.9665,57.99,2.8150485436893202,0,0
20261008,UCSes4X8uDrpc4X46hJKjejg,2n5LJUyMtAk,on_demand,not_subscribed,BE,3,what-to-watch,1,0,0.09275,0,0,0,0
20261008,UCSes4X8uDrpc4X46hJKjejg,KoxnHEXhTNQ,on_demand,subscribed,US,4,UCSes4X8uDrpc4X46hJKjejg,1,0,0.034833333333333334,0,0,0,0
20261008,UCSes4X8uDrpc4X46hJKjejg,0b8eta7f8mY,on_demand,not_subscribed,KR,3,what-to-watch,1,0,0.0225,0,0,0,0
20261008,UCSes4X8uDrpc4X46hJKjejg,PoyUkRaWZiM,on_demand,not_subscribed,GB,0,unknown,1,1,5.75575,345.345,56.613934426229505,0,0
20261008,UCSes4X8uDrpc4X46hJKjejg,HtZ8tDkeGJY,on_demand,not_subscribed,VN,3,what-to-watch,1,1,0.26666666666666666,16,27.118644067796609,1,0.26666666666666666
20261008,UCSes4X8uDrpc4X46hJKjejg,sc2QVbRxxV8,on_demand,subscribed,US,4,UCSes4X8uDrpc4X46hJKjejg,1,1,0.14416666666666667,8.65,23.378378378378379,0,0
20261008,UCSes4X8uDrpc4X46hJKjejg,10E4EUZZK8k,on_demand,subscribed,US,4,UCSes4X8uDrpc4X46hJKjejg,1,1,0.62033333333333329,37.22,95.435897435897431,0,0
20261008,UCSes4X8uDrpc4X46hJKjejg,CHaZ3JGEv28,on_demand,subscribed,DE,17,uploaded_other,2,1,0.73666666666666669,44.2,116.31578947368421,0,0
20261008,UCSes4X8uDrpc4X46hJKjejg,dgP0I7rPTlU,on_demand,not_subscribed,ES,3,what-to-watch,1,1,0.08645,5.187,17.886206896551723,1,0.08645
20261008,UCSes4X8uDrpc4X46hJKjejg,JVb22_ZEVlc,on_demand,not_subscribed,GB,5,,1,0,0.0277,0,0,0,0
20261008,UCSes4X8uDrpc4X46hJKjejg,PnFBmHRQrFc,on_demand,not_subscribed,KZ,5,,1,1,0.39833333333333332,23.9,6.8876080691642647,1,0.39833333333333332
20261008,UCSes4X8uDrpc4X46hJKjejg,50MHq47IaLU,on_demand,subscribed,US,3,what-to-watch,2,0,0.013466666666666667,0,0,0,0
20261008,UCSes4X8uDrpc4X46hJKjejg,84XwX8zGUOk,on_demand,not_subscribed,PH,3,what-to-watch,1,0,0.024833333333333332,0,0,0,0
20261008,UCSes4X8uDrpc4X46hJKjejg,YHtB62qU1r8,on_demand,not_subscribed,ZA,7,wW5JtY5TbNg,1,1,0.95166666666666666,57.1,12.148936170212766,0,0
20261008,UCSes4X8uDrpc4X46hJKjejg,6ljakZEWb0o,on_demand,not_subscribed,PH,3,what-to-watch,5,0,0.23341666666666666,0,0,0,0
20261008,UCSes4X8uDrpc4X46hJKjejg,MEHDJ9V-lIk,on_demand,not_subscribed,CZ,3,what-to-watch,2,2,10.055,301.65,14.643203883495145,0,0
20261008,UCSes4X8uDrpc4X46hJKjejg,CHaZ3JGEv28,on_demand,not_subscribed,US,8,unknown,16,10,6.6828166666666666,40.0969,105.51815789473685,1,0.4294
20261008,UCSes4X8uDrpc4X46hJKjejg,-CjQjOd2JEA,on_demand,not_subscribed,US,8,unknown,1,1,3.9691666666666667,238.15,84.15194346289752,0,0
20261008,UCSes4X8uDrpc4X46hJKjejg,0JUVBPIGUg8,on_demand,not_subscribed,US,5,,3,2,0.1895,4.665,11.961538461538462,0,0
20261008,UCSes4X8uDrpc4X46hJKjejg,BeZUS-lZ4qs,on_demand,not_subscribed,US,7,0yB33onXKhU,1,1,2.9959166666666666,179.755,5.80229180116204,0,0
20261008,UCSes4X8uDrpc4X46hJKjejg,BeZUS-lZ4qs,on_demand,not_subscribed,AL,3,what-to-watch,1,0,0.049,0,0,0,0
20261008,UCSes4X8uDrpc4X46hJKjejg,JZgusHsQ0l4,on_demand,not_subscribed,NG,24,unknown,2,1,0.88833333333333331,53.3,102.5,0,0
20261008,UCSes4X8uDrpc4X46hJKjejg,YHtB62qU1r8,on_demand,not_subscribed,AT,7,GNWBOl3uFF4,1,1,0.81666666666666665,49,10.425531914893616,0,0
20261008,UCSes4X8uDrpc4X46hJKjejg,MEHDJ9V-lIk,on_demand,not_subscribed,ES,7,u_N8LAJVWtc,1,1,11.193333333333333,671.6,32.601941747572816,0,0
20261008,UCSes4X8uDrpc4X46hJKjejg,HtZ8tDkeGJY,on_demand,not_subscribed,US,7,E2bLvfSR5wk,2,1,2.2583333333333333,135.5,229.66101694915255,0,0
20261008,UCSes4X8uDrpc4X46hJKjejg,ABlbRTTk1ek,on_demand,not_subscribed,US,5,,2,0,0.046166666666666668,0,0,0,0
20261008,UCSes4X8uDrpc4X46hJKjejg,YHtB62qU1r8,on_demand,not_subscribed,US,8,unknown,2,2,16.88585,506.5755,107.78202127659574,0,0
20261008,UCSes4X8uDrpc4X46hJKjejg,B4aYi06AO4g,on_demand,not_subscribed,US,3,what-to-watch,4,0,0.23833333333333334,0,0,0,0
20261008,UCSes4X8uDrpc4X46hJKjejg,JUn4tQJ9Y60,on_demand,subscribed,US,4,UCSes4X8uDrpc4X46hJKjejg,2,1,1.145,68.7,104.09090909090909,0,0
20261008,UCSes4X8uDrpc4X46hJKjejg,M1HloftCFBM,on_demand,not_subscribed,US,5,,3,1,0.80833333333333335,47.03,67.185714285714283,0,0
20261008,UCSes4X8uDrpc4X46hJKjejg,YHtB62qU1r8,on_demand,not_subscribed,AG,3,what-to-watch,2,0,0.29,0,0,0,0
20261008,UCSes4X8uDrpc4X46hJKjejg,2QTpTL9bIDQ,on_demand,not_subscribed,US,0,unknown,1,1,1.0080166666666666,60.481,1.7118879139541465,0,0
20261008,UCSes4X8uDrpc4X46hJKjejg,0nYtXNTW54c,on_demand,not_subscribed,NL,24,unknown,2,1,0.63,37.8,96.92307692307692,0,0
20261008,UCSes4X8uDrpc4X46hJKjejg,CHaZ3JGEv28,on_demand,not_subscribed,GB,5,nba,3,2,0.69408333333333339,20.8225,54.796052631578945,0,0
20261008,UCSes4X8uDrpc4X46hJKjejg,7Iwn2vTy66E,on_demand,not_subscribed,US,5,,2,0,0.022533333333333332,0,0,0,0
20261008,UCSes4X8uDrpc4X46hJKjejg,9zaom3QbjYs,on_demand,not_subscribed,KE,3,what-to-watch,1,1,0.6524,39.144,5.1573122529644273,0,0
20261008,UCSes4X8uDrpc4X46hJKjejg,eu62r4NZQ3Q,on_demand,not_subscribed,US,5,,3,1,2.803,162,80.597014925373131,1,2.7
20261008,UCSes4X8uDrpc4X46hJKjejg,PoyUkRaWZiM,on_demand,not_subscribed,US,5,,1,0,0.017166666666666667,0,0,0,0
20261008,UCSes4X8uDrpc4X46hJKjejg,JZgusHsQ0l4,on_demand,not_subscribed,CA,5,lebron james,2,0,0.04415,0,0,0,0
20261008,UCSes4X8uDrpc4X46hJKjejg,BeZUS-lZ4qs,on_demand,subscribed,IN,4,UCSes4X8uDrpc4X46hJKjejg,1,1,14.885,893.1,28.828276307295027,1,14.885
20261008,UCSes4X8uDrpc4X46hJKjejg,MEHDJ9V-lIk,on_demand,not_subscribed,FR,4,UCEZHE-0CoHqeL1LGFa2EmQw,1,1,0.61965,37.179,1.8048058252427184,1,0.61965
20261008,UCSes4X8uDrpc4X46hJKjejg,QytSHiiqR3k,on_demand,subscribed,CA,5,,1,1,0.14366666666666666,8.62,45.368421052631582,1,0.14366666666666666
20261008,UCSes4X8uDrpc4X46hJKjejg,nr2XQrdnjdQ,on_demand,not_subscribed,GB,3,what-to-watch,1,0,0.021666666666666667,0,0,0,0
20261008,UCSes4X8uDrpc4X46hJKjejg,gTMjT4y5LHE,on_demand,not_subscribed,BT,3,what-to-watch,4,0,0.1195,0,0,0,0
20261008,UCSes4X8uDrpc4X46hJKjejg,M-M22Ac4CRE,on_demand,not_subscribed,NL,5,,1,1,0.5275,31.65,95.9090909090909,0,0
20261008,UCSes4X8uDrpc4X46hJKjejg,JZgusHsQ0l4,on_demand,not_subscribed,IN,5,lebron james,1,1,0.41215,24.729,47.555769230769229,0,0
20261008,UCSes4X8uDrpc4X46hJKjejg,QytSHiiqR3k,on_demand,not_subscribed,BB,24,unknown,1,1,0.17333333333333334,10.4,54.736842105263158,0,0
20261008,UCSes4X8uDrpc4X46hJKjejg,P1iVp2SjFm0,on_demand,not_subscribed,US,3,what-to-watch,1,0,0.02545,0,0,0,0
20261008,UCSes4X8uDrpc4X46hJKjejg,k3pJGiIh1RE,on_demand,not_subscribed,US,5,,6,1,1.9888333333333332,117.05,229.50980392156862,0,0
20261008,UCSes4X8uDrpc4X46hJKjejg,YHtB62qU1r8,on_demand,not_subscribed,SG,7,SoiI_gv8CRY,1,1,1.5283833333333334,91.703,19.511276595744683,0,0
20261008,UCSes4X8uDrpc4X46hJKjejg,YHtB62qU1r8,on_demand,not_subscribed,NG,5,76ers,1,0,0.03,0,0,0,0
20261008,UCSes4X8uDrpc4X46hJKjejg,CHaZ3JGEv28,on_demand,not_subscribed,GB,5,washington wizards,2,1,0.737,44.22,116.36842105263158,0,0
20261008,UCSes4X8uDrpc4X46hJKjejg,0b8eta7f8mY,on_demand,not_subscribed,US,7,4eAnjha-5Dc,1,1,8.769,526.14,99.83681214421253,0,0
20261008,UCSes4X8uDrpc4X46hJKjejg,DiQL1Q4_4VM,on_demand,subscribed,US,5,,1,1,0.64133333333333331,38.48,87.454545454545453,1,0.64133333333333331
20261008,UCSes4X8uDrpc4X46hJKjejg,BvHw3ddSlms,on_demand,not_subscribed,US,3,what-to-watch,2,2,11.399833333333333,341.995,7.1621989528795815,0,0
20261008,UCSes4X8uDrpc4X46hJKjejg,A7YpyzGt_6c,on_demand,not_subscribed,US,14,PLX3ZLYz4-6vE2_ZNLW5AfzbHTd1jTskDl,1,1,90.49,5429.4,99.988950276243088,1,90.49
20261008,UCSes4X8uDrpc4X46hJKjejg,J6rzMuvuMuo,on_demand,not_subscribed,FR,5,,1,0,0.033333333333333333,0,0,0,0
20261008,UCSes4X8uDrpc4X46hJKjejg,HtZ8tDkeGJY,on_demand,not_subscribed,US,7,0N_Kn7If8kc,2,1,1.054,63.24,107.1864406779661,2,1.054
20261008,UCSes4X8uDrpc4X46hJKjejg,QytSHiiqR3k,on_demand,subscribed,CA,3,/my_subscriptions,13,8,2.6971666666666665,20.22875,106.46710526315789,1,0.3
20261008,UCSes4X8uDrpc4X46hJKjejg,5GYyKcjXNN0,on_demand,subscribed,GB,20,gTMjT4y5LHE,1,1,1.3483333333333334,80.9,99.876543209876544,1,1.3483333333333334
20261008,UCSes4X8uDrpc4X46hJKjejg,do4cUugrzEw,on_demand,not_subscribed,MA,5,nba podcast,3,3,0.985,19.7,33.389830508474574,0,0
20261008,UCSes4X8uDrpc4X46hJKjejg,7aDF_0FOSnA,on_demand,not_subscribed,US,5,,2,2,0.88383333333333336,26.515,25.014150943396228,0,0
20261008,UCSes4X8uDrpc4X46hJKjejg,MEHDJ9V-lIk,on_demand,not_subscribed,ES,7,N4GfLk1_Ams,1,1,21.975216666666668,1318.513,64.00548543689321,0,0
20261008,UCSes4X8uDrpc4X46hJKjejg,QytSHiiqR3k,on_demand,subscribed,IN,3,/my_subscriptions,3,1,0.5997,33,173.68421052631578,1,0.0497
20261008,UCSes4X8uDrpc4X46hJKjejg,Ox7Rrh40O2o,on_demand,not_subscribed,US,3,what-to-watch,3,2,2.6729,80.187,100.23375,1,1.2112333333333334
20261008,UCSes4X8uDrpc4X46hJKjejg,FC36sHokYnk,on_demand,not_subscribed,EE,5,,1,1,7.9788666666666668,478.732,86.413718411552352,1,7.9788666666666668
20261008,UCSes4X8uDrpc4X46hJKjejg,gTMjT4y5LHE,on_demand,subscribed,US,3,/my_subscriptions,1,0,0.0621,0,0,1,0.0621
20261008,UCSes4X8uDrpc4X46hJKjejg,MEHDJ9V-lIk,on_demand,not_subscribed,US,7,TQo3EM_mq7s,2,1,1.0676666666666668,62.16,3.0174757281553397,0,0
20261008,UCSes4X8uDrpc4X46hJKjejg,QytSHiiqR3k,on_demand,subscribed,PL,3,/my_subscriptions,1,0,0.035683333333333331,0,0,0,0
20261008,UCSes4X8uDrpc4X46hJKjejg,gTMjT4y5LHE,on_demand,not_subscribed,GH,3,what-to-watch,2,0,0.058833333333333335,0,0,0,0
20261008,UCSes4X8uDrpc4X46hJKjejg,OkzI_U0uKes,on_demand,not_subscribed,US,0,unknown,2,2,3.7463333333333333,112.39,10.911650485436894,0,0
20261008,UCSes4X8uDrpc4X46hJKjejg,F0PO_64UfwU,on_demand,not_subscribed,PL,14,QP,1,1,1.0066666666666666,60.4,9.9178981937602622,1,1.0066666666666666
20261008,UCSes4X8uDrpc4X46hJKjejg,CHaZ3JGEv28,on_demand,subscribed,VG,24,unknown,1,0,0.041666666666666664,0,0,0,0
20261008,UCSes4X8uDrpc4X46hJKjejg,CHaZ3JGEv28,on_demand,not_subscribed,AT,5,nba,1,1,0.017333333333333333,1.04,2.736842105263158,0,0
20261008,UCSes4X8uDrpc4X46hJKjejg,2gYc9vascu8,on_demand,not_subscribed,US,5,,3,2,0.49898333333333333,14.62,6.1949152542372881,0,0
20261008,UCSes4X8uDrpc4X46hJKjejg,YHtB62qU1r8,on_demand,not_subscribed,GY,3,what-to-watch,3,2,4.3036666666666665,128.21,27.27872340425532,0,0
20261008,UCSes4X8uDrpc4X46hJKjejg,BeZUS-lZ4qs,on_demand,not_subscribed,US,7,TR8SlcOr_TY,1,1,11.6614,699.684,22.585022595222725,1,11.6614
20261008,UCSes4X8uDrpc4X46hJKjejg,gTMjT4y5LHE,on_demand,not_subscribed,ZA,3,what-to-watch,3,0,0.19693333333333332,0,0,0,0
20261008,UCSes4X8uDrpc4X46hJKjejg,JjbXhl4su3U,on_demand,not_subscribed,US,5,,2,1,0.42336666666666667,25.081,42.510169491525424,0,0
20261008,UCSes4X8uDrpc4X46hJKjejg,QgzDiB4_6xw,on_demand,not_subscribed,AU,3,what-to-watch,1,1,0.17573333333333332,10.544,9.1686956521739127,0,0
20261008,UCSes4X8uDrpc4X46hJKjejg,YHtB62qU1r8,on_demand,subscribed,ZA,3,what-to-watch,1,0,0.033533333333333332,0,0,0,0
20261008,UCSes4X8uDrpc4X46hJKjejg,JwDkO74iC-w,on_demand,not_subscribed,US,3,what-to-watch,7,1,0.4265,11.13,0.21260744985673352,0,0
20261008,UCSes4X8uDrpc4X46hJKjejg,gTMjT4y5LHE,on_demand,not_subscribed,NZ,3,what-to-watch,12,6,10.58925,103.521,20.955668016194331,5,3.9497166666666668
20261008,UCSes4X8uDrpc4X46hJKjejg,cJVrzjm7YPs,on_demand,not_subscribed,US,3,what-to-watch,3,2,1.71,49.1,102.29166666666667,0,0
20261008,UCSes4X8uDrpc4X46hJKjejg,BeZUS-lZ4qs,on_demand,not_subscribed,US,18,PLX3ZLYz4-6vE2_ZNLW5AfzbHTd1jTskDl,2,2,57.435983333333333,1723.0795,55.619092963202064,1,51.296666666666667
20261008,UCSes4X8uDrpc4X46hJKjejg,46H7mR8PVaU,on_demand,not_subscribed,GB,5,,1,1,8.1292333333333335,487.754,98.536161616161621,0,0
20261008,UCSes4X8uDrpc4X46hJKjejg,gTMjT4y5LHE,on_demand,not_subscribed,CA,5,cam thomas,1,0,0.041666666666666664,0,0,0,0
20261008,UCSes4X8uDrpc4X46hJKjejg,AGR1wuQDdnM,on_demand,not_subscribed,FR,3,what-to-watch,1,0,0.0281,0,0,0,0
20261008,UCSes4X8uDrpc4X46hJKjejg,JZgusHsQ0l4,on_demand,not_subscribed,HK,3,what-to-watch,1,0,0.024666666666666667,0,0,0,0
20261008,UCSes4X8uDrpc4X46hJKjejg,BeZUS-lZ4qs,on_demand,not_subscribed,US,7,rUVtqSkkZzY,1,1,3.867,232.02,7.4893479664299552,0,0
20261008,UCSes4X8uDrpc4X46hJKjejg,PeMHxUwuByQ,on_demand,not_subscribed,EE,7,xM0hJueHxgs,1,1,1.29305,77.583,2.0850040311744156,0,0
20261008,UCSes4X8uDrpc4X46hJKjejg,JsEe4qzWT40,on_demand,not_subscribed,MX,3,what-to-watch,3,0,0.23068333333333332,0,0,0,0
20261008,UCSes4X8uDrpc4X46hJKjejg,YHtB62qU1r8,on_demand,not_subscribed,KE,3,what-to-watch,2,2,11.517983333333333,345.5395,73.519042553191483,0,0
20261008,UCSes4X8uDrpc4X46hJKjejg,QytSHiiqR3k,on_demand,not_subscribed,PT,24,unknown,15,6,3.4515,34.015,179.02631578947367,0,0
20261008,UCSes4X8uDrpc4X46hJKjejg,WOQL9qnbLuM,on_demand,not_subscribed,IT,5,,2,1,0.88828333333333331,53.297,98.69814814814815,0,0
20261008,UCSes4X8uDrpc4X46hJKjejg,SkSLumMmvbc,on_demand,not_subscribed,SE,5,,1,1,0.017066666666666667,1.024,2.6947368421052631,1,0.017066666666666667
20261008,UCSes4X8uDrpc4X46hJKjejg,l5M2ICRhyEA,on_demand,not_subscribed,BZ,24,unknown,1,0,0.013333333333333334,0,0,0,0
20261008,UCSes4X8uDrpc4X46hJKjejg,QytSHiiqR3k,on_demand,not_subscribed,CA,8,unknown,9,6,1.9347833333333333,19.347833333333334,101.83070175438597,0,0
20261008,UCSes4X8uDrpc4X46hJKjejg,YHtB62qU1r8,on_demand,not_subscribed,JP,3,what-to-watch,2,0,0.13766666666666666,0,0,0,0
20261008,UCSes4X8uDrpc4X46hJKjejg,IkDS7ZhVkA4,on_demand,not_subscribed,US,0,unknown,1,1,34.338833333333334,2060.33,89.269064124783355,0,0
20261008,UCSes4X8uDrpc4X46hJKjejg,Mw1jFzscOXE,on_demand,not_subscribed,US,3,what-to-watch,3,3,16.058916666666665,321.17833333333334,6.4248516369940658,0,0
20261008,UCSes4X8uDrpc4X46hJKjejg,Ppxt7uU9PRA,on_demand,not_subscribed,US,5,chennedy carter,10,7,6.6828666666666665,57.250285714285717,81.7861224489796,2,1.2126
20261008,UCSes4X8uDrpc4X46hJKjejg,ePdXtNfowRo,on_demand,not_subscribed,US,7,C6K1y_nlz1w,1,1,3.2248,193.488,37.716959064327483,0,0
20261008,UCSes4X8uDrpc4X46hJKjejg,YHtB62qU1r8,on_demand,not_subscribed,US,7,P6j4C8RypeA,1,1,4.3215,259.29,55.168085106382982,1,4.3215
20261008,UCSes4X8uDrpc4X46hJKjejg,-d30fi6DFM0,on_demand,not_subscribed,US,14,PLX3ZLYz4-6vE2_ZNLW5AfzbHTd1jTskDl,1,1,9.3294166666666669,559.765,16.983161407766989,0,0
20261008,UCSes4X8uDrpc4X46hJKjejg,6ljakZEWb0o,on_demand,subscribed,PH,3,what-to-watch,1,0,0.0024333333333333334,0,0,1,0.0024333333333333334
20261008,UCSes4X8uDrpc4X46hJKjejg,CHaZ3JGEv28,on_demand,subscribed,US,8,unknown,11,5,2.6883,31.3362,82.46368421052631,1,0.02735
20261008,UCSes4X8uDrpc4X46hJKjejg,MEHDJ9V-lIk,on_demand,not_subscribed,US,7,AajtlUXyvSQ,1,1,20.978333333333332,1258.7,61.101941747572816,0,0
20261008,UCSes4X8uDrpc4X46hJKjejg,QytSHiiqR3k,on_demand,not_subscribed,IN,8,unknown,3,2,0.7168,21.504,113.17894736842105,0,0
20261008,UCSes4X8uDrpc4X46hJKjejg,HtZ8tDkeGJY,on_demand,not_subscribed,SG,24,unknown,2,1,0.51033333333333331,30.62,51.898305084745765,0,0
20261008,UCSes4X8uDrpc4X46hJKjejg,BeZUS-lZ4qs,on_demand,subscribed,US,7,oJQjy68grrw,1,1,3.97125,238.275,7.6912524209167206,1,3.97125
20261008,UCSes4X8uDrpc4X46hJKjejg,B4aYi06AO4g,on_demand,subscribed,US,3,what-to-watch,3,0,0.13118333333333335,0,0,0,0
20261008,UCSes4X8uDrpc4X46hJKjejg,l5M2ICRhyEA,on_demand,not_subscribed,CA,3,what-to-watch,10,3,1.87195,31.845,96.5,0,0
20261008,UCSes4X8uDrpc4X46hJKjejg,gmPsKXt4foY,on_demand,not_subscribed,US,24,unknown,1,1,0.72816666666666663,43.69,97.088888888888889,0,0
20261008,UCSes4X8uDrpc4X46hJKjejg,dgP0I7rPTlU,on_demand,not_subscribed,SI,5,,3,2,0.77173333333333338,23.152,79.8344827586207,0,0
20261008,UCSes4X8uDrpc4X46hJKjejg,l5M2ICRhyEA,on_demand,not_subscribed,IN,3,what-to-watch,3,2,0.64666666666666661,18.45,55.909090909090907,1,0.515
20261008,UCSes4X8uDrpc4X46hJKjejg,0b8eta7f8mY,on_demand,subscribed,US,7,r8cBVXdI698,1,1,6.5343333333333335,392.06,74.394686907020869,0,0
20261008,UCSes4X8uDrpc4X46hJKjejg,WAYYE5BMG6c,on_demand,not_subscribed,US,0,unknown,1,0,0.031666666666666669,0,0,0,0
20261008,UCSes4X8uDrpc4X46hJKjejg,WAYYE5BMG6c,on_demand,not_subscribed,US,7,GPO70jPFAho,1,1,2.1456666666666666,128.74,6.782929399367756,0,0
20261008,UCSes4X8uDrpc4X46hJKjejg,yXI5JzLdcwk,on_demand,not_subscribed,ID,5,,1,0,0.0335,0,0,0,0
20261008,UCSes4X8uDrpc4X46hJKjejg,nr2XQrdnjdQ,on_demand,not_subscribed,DE,3,what-to-watch,1,1,18.47295,1108.377,94.733076923076922,0,0
20261008,UCSes4X8uDrpc4X46hJKjejg,BeZUS-lZ4qs,on_demand,not_subscribed,CA,7,UviORiP2u2k,1,1,0.69716666666666671,41.83,1.3502259522272433,1,0.69716666666666671
20261008,UCSes4X8uDrpc4X46hJKjejg,HtZ8tDkeGJY,on_demand,not_subscribed,US,7,gTrOdynWVzE,1,1,0.094166666666666662,5.65,9.5762711864406782,0,0
20261008,UCSes4X8uDrpc4X46hJKjejg,MEHDJ9V-lIk,on_demand,not_subscribed,DE,7,NM3Rh7tgqE0,1,0,0.0060666666666666664,0,0,0,0
20261008,UCSes4X8uDrpc4X46hJKjejg,6C69Z_OCe4c,on_demand,not_subscribed,US,5,,7,2,2.1611166666666666,62.895,104.825,3,1.4948333333333332
20261008,UCSes4X8uDrpc4X46hJKjejg,ZpuhxsgE-7M,on_demand,not_subscribed,PH,5,,2,1,0.16833333333333333,9.9,26.05263157894737,0,0
20261008,UCSes4X8uDrpc4X46hJKjejg,iI6JAiouTXA,on_demand,not_subscribed,US,0,unknown,1,1,2.6303166666666669,157.819,3.7701624462494028,0,0
20261008,UCSes4X8uDrpc4X46hJKjejg,9zaom3QbjYs,on_demand,not_subscribed,US,3,what-to-watch,132,55,189.31405,202.39196363636364,26.665607857228412,17,37.782033333333331
20261008,UCSes4X8uDrpc4X46hJKjejg,PoyUkRaWZiM,on_demand,not_subscribed,GB,7,46H7mR8PVaU,1,1,4.7153333333333336,282.92,46.380327868852461,0,0
20261008,UCSes4X8uDrpc4X46hJKjejg,CHaZ3JGEv28,on_demand,not_subscribed,DE,5,washington wizards,4,2,1.1365833333333333,33.7775,88.888157894736835,0,0
20261008,UCSes4X8uDrpc4X46hJKjejg,M-M22Ac4CRE,on_demand,not_subscribed,VG,5,victor wembanyama,3,1,1.1499166666666667,68.995,209.07575757575756,0,0
20261008,UCSes4X8uDrpc4X46hJKjejg,XxNpGT_I6mk,on_demand,not_subscribed,HK,3,what-to-watch,1,0,0.08445,0,0,0,0
20261008,UCSes4X8uDrpc4X46hJKjejg,XB6TixLR2cg,on_demand,not_subscribed,BR,5,,2,0,0.03925,0,0,0,0
20261008,UCSes4X8uDrpc4X46hJKjejg,BeZUS-lZ4qs,on_demand,not_subscribed,US,3,what-to-watch,103,21,171.42321666666666,480.93980952380957,15.524203018844723,2,29.089833333333335
20261008,UCSes4X8uDrpc4X46hJKjejg,JOMMjWncBzA,on_demand,subscribed,RO,5,,1,1,0.26,15.6,20.8,0,0
20261008,UCSes4X8uDrpc4X46hJKjejg,JwDkO74iC-w,on_demand,not_subscribed,US,7,in2sDE9kW7w,1,1,19.944983333333333,1196.699,22.859579751671443,0,0
20261008,UCSes4X8uDrpc4X46hJKjejg,BvHw3ddSlms,on_demand,subscribed,US,3,what-to-watch,3,0,0.06505,0,0,0,0
20261008,UCSes4X8uDrpc4X46hJKjejg,6wZwOsYD9rQ,on_demand,not_subscribed,BW,5,,1,1,0.72666666666666668,43.6,8.384615384615385,0,0
20261008,UCSes4X8uDrpc4X46hJKjejg,HtZ8tDkeGJY,on_demand,subscribed,CA,7,gjn_6D42mGI,1,1,0.137,8.22,13.932203389830509,0,0
20261008,UCSes4X8uDrpc4X46hJKjejg,YHtB62qU1r8,on_demand,not_subscribed,US,7,TDqixsQNroE,1,1,7.718633333333333,463.118,98.535744680851067,0,0
20261008,UCSes4X8uDrpc4X46hJKjejg,yqQ_QnY4_XU,on_demand,subscribed,GB,24,unknown,2,0,0.048,0,0,0,0
20261008,UCSes4X8uDrpc4X46hJKjejg,MEHDJ9V-lIk,on_demand,not_subscribed,GB,3,what-to-watch,2,2,2.8205,84.615,4.10752427184466,0,0
20261008,UCSes4X8uDrpc4X46hJKjejg,QgeCWQjxuLA,on_demand,not_subscribed,PW,5,,2,1,1.0049,60.294,147.05853658536586,0,0
20261008,UCSes4X8uDrpc4X46hJKjejg,198kcwoCgIY,on_demand,not_subscribed,TW,5,,1,0,0.015,0,0,0,0
20261008,UCSes4X8uDrpc4X46hJKjejg,eu62r4NZQ3Q,on_demand,not_subscribed,FJ,7,4fIPq3VoT54,1,1,3.345,200.7,99.850746268656721,0,0
20261008,UCSes4X8uDrpc4X46hJKjejg,ttBqrtUC078,on_demand,not_subscribed,US,5,,1,0,0.02035,0,0,0,0
20261008,UCSes4X8uDrpc4X46hJKjejg,IkDS7ZhVkA4,on_demand,not_subscribed,US,7,6WUT1M4tikM,1,1,0.10508333333333333,6.305,0.27318024263431545,0,0
20261008,UCSes4X8uDrpc4X46hJKjejg,PoyUkRaWZiM,on_demand,not_subscribed,ZA,3,what-to-watch,2,0,0.14615,0,0,0,0
20261008,UCSes4X8uDrpc4X46hJKjejg,hEO-PuZ2_5c,on_demand,not_subscribed,US,3,what-to-watch,1,1,0.93483333333333329,56.09,98.403508771929822,0,0
20261008,UCSes4X8uDrpc4X46hJKjejg,yXI5JzLdcwk,on_demand,not_subscribed,PH,5,,3,1,1.3433333333333333,76.9,96.125,0,0
20261008,UCSes4X8uDrpc4X46hJKjejg,J6rzMuvuMuo,on_demand,not_subscribed,BR,24,unknown,1,0,0.066666666666666666,0,0,0,0
20261008,UCSes4X8uDrpc4X46hJKjejg,5GYyKcjXNN0,on_demand,not_subscribed,US,5,,1,1,0.038666666666666669,2.32,2.8641975308641974,0,0
20261008,UCSes4X8uDrpc4X46hJKjejg,pWCQrmx8beo,on_demand,not_subscribed,US,3,what-to-watch,35,16,102.96985,383.7133125,12.75642661236702,2,48.92745
20261008,UCSes4X8uDrpc4X46hJKjejg,gTMjT4y5LHE,on_demand,not_subscribed,US,7,FDiofXkgmkA,1,1,1.4458333333333333,86.75,17.560728744939272,1,1.4458333333333333
20261008,UCSes4X8uDrpc4X46hJKjejg,YHtB62qU1r8,on_demand,not_subscribed,US,7,V_tqh3elTDQ,1,1,1.9965333333333333,119.792,25.487659574468086,0,0
20261008,UCSes4X8uDrpc4X46hJKjejg,PoyUkRaWZiM,on_demand,not_subscribed,NZ,3,what-to-watch,1,0,0.055,0,0,0,0
20261008,UCSes4X8uDrpc4X46hJKjejg,YHtB62qU1r8,on_demand,not_subscribed,BS,7,SoiI_gv8CRY,1,1,7.6047666666666665,456.286,97.082127659574468,0,0
20261008,UCSes4X8uDrpc4X46hJKjejg,BvHw3ddSlms,on_demand,not_subscribed,HK,4,UCSes4X8uDrpc4X46hJKjejg,1,1,18.174483333333335,1090.469,22.837047120418848,0,0
20261008,UCSes4X8uDrpc4X46hJKjejg,HtZ8tDkeGJY,on_demand,not_subscribed,RE,5,,1,1,0.66833333333333333,40.1,67.966101694915253,1,0.66833333333333333
20261008,UCSes4X8uDrpc4X46hJKjejg,QytSHiiqR3k,on_demand,not_subscribed,HK,24,unknown,5,2,0.64133333333333331,18.585,97.8157894736842,2,0.31283333333333335
20261008,UCSes4X8uDrpc4X46hJKjejg,BeZUS-lZ4qs,on_demand,subscribed,GB,7,6ljakZEWb0o,1,1,9.5702,574.212,18.534925758553907,0,0
20261008,UCSes4X8uDrpc4X46hJKjejg,JsEe4qzWT40,on_demand,not_subscribed,US,5,,11,6,4.6185166666666664,45.7235,72.576984126984129,0,0
20261008,UCSes4X8uDrpc4X46hJKjejg,YHtB62qU1r8,on_demand,not_subscribed,US,7,4grm13kgaD0,1,1,4.6032333333333337,276.194,58.764680851063829,0,0
20261008,UCSes4X8uDrpc4X46hJKjejg,F0PO_64UfwU,on_demand,subscribed,IN,4,UCSes4X8uDrpc4X46hJKjejg,1,1,0.18333333333333332,11,1.80623973727422,1,0.18333333333333332
20261008,UCSes4X8uDrpc4X46hJKjejg,UNP1rbmbsYY,on_demand,not_subscribed,PH,5,,1,1,0.078333333333333338,4.7,10.444444444444445,0,0
20261008,UCSes4X8uDrpc4X46hJKjejg,gTMjT4y5LHE,on_demand,not_subscribed,AL,3,what-to-watch,2,1,2.9983333333333335,179.08,36.251012145748987,0,0
20261008,UCSes4X8uDrpc4X46hJKjejg,9zaom3QbjYs,on_demand,not_subscribed,JM,3,what-to-watch,1,0,0.08695,0,0,0,0
20261008,UCSes4X8uDrpc4X46hJKjejg,YHtB62qU1r8,on_demand,subscribed,US,7,ty1VF9Db23g,1,1,7.825,469.5,99.8936170212766,0,0
20261008,UCSes4X8uDrpc4X46hJKjejg,sc2QVbRxxV8,on_demand,not_subscribed,US,24,unknown,1,1,0.08,4.8,12.972972972972974,0,0
20261008,UCSes4X8uDrpc4X46hJKjejg,gTMjT4y5LHE,on_demand,not_subscribed,OM,3,what-to-watch,1,0,0.027666666666666666,0,0,0,0
20261008,UCSes4X8uDrpc4X46hJKjejg,10E4EUZZK8k,on_demand,not_subscribed,US,24,unknown,1,0,0.0505,0,0,0,0
20261008,UCSes4X8uDrpc4X46hJKjejg,eu62r4NZQ3Q,on_demand,not_subscribed,EE,5,,1,0,0.024766666666666666,0,0,0,0
20261008,UCSes4X8uDrpc4X46hJKjejg,YHtB62qU1r8,on_demand,not_subscribed,US,7,uagOoXAvEgU,3,3,9.877816666666666,197.55633333333333,42.033262411347515,0,0
20261008,UCSes4X8uDrpc4X46hJKjejg,yk5nmMoxpqQ,on_demand,not_subscribed,TR,9,link.me,1,1,0.128,7.68,1.9844961240310077,0,0
20261008,UCSes4X8uDrpc4X46hJKjejg,0b8eta7f8mY,on_demand,not_subscribed,US,7,cQ8ZhXdsZx4,1,1,0.39583333333333331,23.75,4.5066413662239091,0,0
20261008,UCSes4X8uDrpc4X46hJKjejg,l5M2ICRhyEA,on_demand,subscribed,ML,3,what-to-watch,5,1,0.71166666666666667,35.9,108.78787878787878,0,0
20261008,UCSes4X8uDrpc4X46hJKjejg,0b8eta7f8mY,on_demand,not_subscribed,TW,7,4uo9yGPsg_4,1,1,0.11296666666666667,6.778,1.2861480075901328,0,0
20261008,UCSes4X8uDrpc4X46hJKjejg,gTMjT4y5LHE,on_demand,not_subscribed,KE,3,what-to-watch,5,1,2.3132166666666665,134.9,27.307692307692307,0,0
20261008,UCSes4X8uDrpc4X46hJKjejg,MEHDJ9V-lIk,on_demand,not_subscribed,US,7,aT1JtMjCRkw,1,1,5.5054833333333333,330.329,16.035388349514562,1,5.5054833333333333
20261008,UCSes4X8uDrpc4X46hJKjejg,BeZUS-lZ4qs,on_demand,not_subscribed,ZA,7,pmHVTkNEj7Y,1,1,4.27,256.2,8.2698515171078117,0,0
20261008,UCSes4X8uDrpc4X46hJKjejg,QytSHiiqR3k,on_demand,subscribed,PT,24,unknown,1,0,0.036666666666666667,0,0,0,0
20261008,UCSes4X8uDrpc4X46hJKjejg,gTMjT4y5LHE,on_demand,not_subscribed,HR,3,what-to-watch,3,0,0.12833333333333333,0,0,0,0
20261008,UCSes4X8uDrpc4X46hJKjejg,OGOmzWG_ThE,on_demand,not_subscribed,US,3,what-to-watch,3,1,18.87595,1131,43.052912066996576,0,0
20261008,UCSes4X8uDrpc4X46hJKjejg,HwWx5nhjCx8,on_demand,not_subscribed,US,7,DQVd9hpKzIk,1,1,1.4346166666666667,86.077,8.2686839577329483,0,0
20261008,UCSes4X8uDrpc4X46hJKjejg,ZpuhxsgE-7M,on_demand,not_subscribed,AU,5,,1,1,0.33266666666666667,19.96,52.526315789473685,0,0
20261008,UCSes4X8uDrpc4X46hJKjejg,BeZUS-lZ4qs,on_demand,not_subscribed,US,7,0hqeHre6QLA,2,2,28.503333333333334,855.1,27.601678502259521,0,0
20261008,UCSes4X8uDrpc4X46hJKjejg,FCAC9ZyPn_4,on_demand,not_subscribed,CA,3,what-to-watch,1,1,2.0493833333333331,122.963,27.946136363636363,0,0
20261008,UCSes4X8uDrpc4X46hJKjejg,JUn4tQJ9Y60,on_demand,not_subscribed,US,24,unknown,2,1,1.1633333333333333,69.8,105.75757575757575,0,0
20261008,UCSes4X8uDrpc4X46hJKjejg,J6rzMuvuMuo,on_demand,not_subscribed,ID,5,tim duncan,1,1,0.08,4.8,6.666666666666667,0,0
20261008,UCSes4X8uDrpc4X46hJKjejg,f4MfVVTJ6pY,on_demand,not_subscribed,DE,5,,1,1,0.55,33,2.0072992700729926,0,0
20261008,UCSes4X8uDrpc4X46hJKjejg,CHaZ3JGEv28,on_demand,not_subscribed,US,3,what-to-watch,16,7,2.65975,21.173142857142857,55.7187969924812,3,0.9936666666666667
20261008,UCSes4X8uDrpc4X46hJKjejg,8utXvbmZfqk,on_demand,not_subscribed,SZ,3,what-to-watch,1,0,0.016666666666666666,0,0,0,0
20261008,UCSes4X8uDrpc4X46hJKjejg,BeZUS-lZ4qs,on_demand,not_subscribed,CA,3,my-history,1,1,8.3083333333333336,498.5,16.091026468689478,1,8.3083333333333336
20261008,UCSes4X8uDrpc4X46hJKjejg,gTMjT4y5LHE,on_demand,not_subscribed,JP,3,what-to-watch,8,4,2.3335,33.513,6.7840080971659917,0,0
20261008,UCSes4X8uDrpc4X46hJKjejg,-CjQjOd2JEA,on_demand,not_subscribed,US,3,what-to-watch,59,20,51.35393333333333,150.4623,53.166890459363955,2,4.57505
20261008,UCSes4X8uDrpc4X46hJKjejg,HtZ8tDkeGJY,on_demand,not_subscribed,SE,5,rajon rondo,1,1,0.51666666666666672,31,52.542372881355931,0,0
20261008,UCSes4X8uDrpc4X46hJKjejg,MEHDJ9V-lIk,on_demand,not_subscribed,US,7,ERlr-NveE1k,1,1,24.642,1478.52,71.772815533980577,1,24.642
20261008,UCSes4X8uDrpc4X46hJKjejg,TbGrrW4Obe0,on_demand,not_subscribed,IL,3,what-to-watch,1,0,0.030916666666666665,0,0,0,0
20261008,UCSes4X8uDrpc4X46hJKjejg,QytSHiiqR3k,on_demand,subscribed,CA,8,unknown,3,1,0.38373333333333332,20.762,109.27368421052631,0,0
20261008,UCSes4X8uDrpc4X46hJKjejg,BeZUS-lZ4qs,on_demand,not_subscribed,US,7,dspGg8Qx99Y,1,1,51.62768333333333,3097.661,99.9890574564235,0,0
20261008,UCSes4X8uDrpc4X46hJKjejg,YHtB62qU1r8,on_demand,not_subscribed,US,3,what-to-watch,1640,775,1852.81445,140.32048903225805,29.855423198352781,91,175.7899166666667
20261008,UCSes4X8uDrpc4X46hJKjejg,IkDS7ZhVkA4,on_demand,subscribed,IL,7,R4gfDF0PXLo,1,1,14.545,872.7,37.81195840554593,0,0
20261008,UCSes4X8uDrpc4X46hJKjejg,IkDS7ZhVkA4,on_demand,subscribed,US,0,unknown,1,1,37.990216666666669,2279.413,98.761395147313692,0,0
20261008,UCSes4X8uDrpc4X46hJKjejg,J6rzMuvuMuo,on_demand,subscribed,PH,8,unknown,1,1,1.0232666666666668,61.396,85.272222222222226,0,0
20261008,UCSes4X8uDrpc4X46hJKjejg,HtZ8tDkeGJY,on_demand,not_subscribed,CA,7,5HpRIOvo5Jk,2,1,1.472,88.32,149.69491525423729,0,0
20261008,UCSes4X8uDrpc4X46hJKjejg,YHtB62qU1r8,on_demand,not_subscribed,US,7,nKUApIxdZB8,1,1,0.45883333333333332,27.53,5.8574468085106384,0,0
20261008,UCSes4X8uDrpc4X46hJKjejg,M-M22Ac4CRE,on_demand,not_subscribed,US,9,android.googlequicksearchbox,3,1,1.3346833333333334,80.081,242.66969696969696,0,0
20261008,UCSes4X8uDrpc4X46hJKjejg,JZgusHsQ0l4,on_demand,not_subscribed,MY,5,,6,2,3.5096,105.288,202.47692307692307,0,0
20261008,UCSes4X8uDrpc4X46hJKjejg,dKoSQ-63gP4,on_demand,not_subscribed,US,7,WivbQB_cvc0,1,1,5.3368333333333338,320.21,52.579638752052546,1,5.3368333333333338
20261008,UCSes4X8uDrpc4X46hJKjejg,BeZUS-lZ4qs,on_demand,not_subscribed,US,7,0b8eta7f8mY,1,1,5.7123333333333335,342.74,11.063266623628147,1,5.7123333333333335
20261008,UCSes4X8uDrpc4X46hJKjejg,QytSHiiqR3k,on_demand,subscribed,IN,8,unknown,3,1,0.89666666666666661,53.8,283.15789473684208,3,0.89666666666666661
20261008,UCSes4X8uDrpc4X46hJKjejg,k4-t8XMp-wg,on_demand,subscribed,GB,5,,1,0,0.035,0,0,0,0
20261008,UCSes4X8uDrpc4X46hJKjejg,2n5LJUyMtAk,on_demand,not_subscribed,BS,3,what-to-watch,1,0,0.0022166666666666667,0,0,0,0
20261008,UCSes4X8uDrpc4X46hJKjejg,dgP0I7rPTlU,on_demand,not_subscribed,IT,24,unknown,1,1,0.16416666666666666,9.85,33.96551724137931,0,0
20261008,UCSes4X8uDrpc4X46hJKjejg,yXI5JzLdcwk,on_demand,not_subscribed,AU,5,,2,2,2.2951666666666668,68.855,86.06875,1,1.3233333333333333
20261008,UCSes4X8uDrpc4X46hJKjejg,Z0dmNYuly0I,on_demand,not_subscribed,CA,5,,1,0,0,0,0,0,0
20261008,UCSes4X8uDrpc4X46hJKjejg,kzzARP3sGzw,on_demand,not_subscribed,DE,5,baltimore ravens,2,1,1.2812666666666668,76.876,101.15263157894736,0,0
20261008,UCSes4X8uDrpc4X46hJKjejg,po8YrSQivoM,on_demand,not_subscribed,US,7,vH0OetsEZ7A,1,1,0.59333333333333338,35.6,1.0372960372960374,1,0.59333333333333338
20261008,UCSes4X8uDrpc4X46hJKjejg,WAYYE5BMG6c,on_demand,not_subscribed,HK,3,what-to-watch,1,0,0.0036666666666666666,0,0,0,0
20261008,UCSes4X8uDrpc4X46hJKjejg,nbPkjNPdK74,on_demand,not_subscribed,RS,5,,1,1,0.15666666666666668,9.4,24.736842105263158,0,0
20261008,UCSes4X8uDrpc4X46hJKjejg,fyi6d0AButQ,on_demand,not_subscribed,AU,0,unknown,1,1,3.1958833333333332,191.753,63.076644736842105,0,0
20261008,UCSes4X8uDrpc4X46hJKjejg,gmPsKXt4foY,on_demand,subscribed,US,24,unknown,1,0,0.015,0,0,0,0
20261008,UCSes4X8uDrpc4X46hJKjejg,XTGlwLovDD0,on_demand,not_subscribed,SE,5,,1,0,0.051633333333333337,0,0,0,0
20261008,UCSes4X8uDrpc4X46hJKjejg,6ljakZEWb0o,on_demand,subscribed,US,3,watch-later,1,1,0.385,23.1,0.83604777415852338,0,0
20261008,UCSes4X8uDrpc4X46hJKjejg,J6rzMuvuMuo,on_demand,not_subscribed,CH,5,,1,1,1.1671666666666667,70.03,97.263888888888886,0,0
20261008,UCSes4X8uDrpc4X46hJKjejg,YHtB62qU1r8,on_demand,not_subscribed,ZZ,7,ZTDb9gMUvBY,1,1,7.825,469.5,99.8936170212766,0,0
20261008,UCSes4X8uDrpc4X46hJKjejg,M-M22Ac4CRE,on_demand,not_subscribed,SG,3,what-to-watch,5,2,1.1378333333333333,32.296,97.86666666666666,0,0
20261008,UCSes4X8uDrpc4X46hJKjejg,bPORsh6K6ec,on_demand,not_subscribed,IT,5,,1,1,0.34616666666666668,20.77,24.151162790697676,0,0
20261008,UCSes4X8uDrpc4X46hJKjejg,WAYYE5BMG6c,on_demand,subscribed,US,0,unknown,1,1,0.066683333333333331,4.001,0.2108008429926238,0,0
20261008,UCSes4X8uDrpc4X46hJKjejg,gmPsKXt4foY,on_demand,not_subscribed,US,5,,14,3,34.412683333333334,685.20033333333333,1522.6674074074074,1,0.049
20261008,UCSes4X8uDrpc4X46hJKjejg,wPiF9-iLzdQ,on_demand,not_subscribed,NA,5,lamar jackson,2,1,0.76348333333333329,45.809,114.5225,0,0
20261008,UCSes4X8uDrpc4X46hJKjejg,7_wBOZQYuhU,on_demand,not_subscribed,US,5,,1,0,0.028333333333333332,0,0,0,0
20261008,UCSes4X8uDrpc4X46hJKjejg,9zaom3QbjYs,on_demand,subscribed,US,3,what-to-watch,4,3,7.2768333333333333,144.78866666666667,19.076240667545015,0,0
20261008,UCSes4X8uDrpc4X46hJKjejg,K1wl4I0UnEE,on_demand,not_subscribed,US,3,what-to-watch,1,1,1.3161666666666667,78.97,98.7125,0,0
20261008,UCSes4X8uDrpc4X46hJKjejg,gjplpVq_woo,on_demand,not_subscribed,PT,5,,2,1,1.147,68.82,101.20588235294117,0,0
20261008,UCSes4X8uDrpc4X46hJKjejg,KC4-NmPr0aI,on_demand,not_subscribed,TW,5,,2,1,0.95,57,109.61538461538461,2,0.95
20261008,UCSes4X8uDrpc4X46hJKjejg,BeZUS-lZ4qs,on_demand,subscribed,US,3,what-to-watch,21,6,60.3205,600.26233333333334,19.375801592425219,1,51.62768333333333
20261008,UCSes4X8uDrpc4X46hJKjejg,pWCQrmx8beo,on_demand,not_subscribed,SE,7,qqtVUFDDc9M,1,1,0.1724,10.344,0.34388297872340423,0,0
20261008,UCSes4X8uDrpc4X46hJKjejg,YHtB62qU1r8,on_demand,not_subscribed,JM,3,what-to-watch,2,0,0.010866666666666667,0,0,0,0
20261008,UCSes4X8uDrpc4X46hJKjejg,BeZUS-lZ4qs,on_demand,not_subscribed,US,7,bV7tuPbWHjU,1,1,0.30866666666666664,18.52,0.59780503550677855,0,0
20261008,UCSes4X8uDrpc4X46hJKjejg,5WC7gUC932A,on_demand,not_subscribed,IT,5,,1,1,0.0036666666666666666,0.22,0.14864864864864866,0,0
20261008,UCSes4X8uDrpc4X46hJKjejg,JZgusHsQ0l4,on_demand,not_subscribed,BI,3,what-to-watch,2,0,0.031666666666666669,0,0,0,0
20261008,UCSes4X8uDrpc4X46hJKjejg,0b8eta7f8mY,on_demand,not_subscribed,CH,7,3SPknXVuiVI,1,1,8.9694166666666675,538.165,102.11859582542695,0,0
20261008,UCSes4X8uDrpc4X46hJKjejg,zS69CFjoay8,on_demand,not_subscribed,KR,5,jalen brunson,1,1,0.8803333333333333,52.82,99.660377358490564,1,0.8803333333333333
20261008,UCSes4X8uDrpc4X46hJKjejg,ePdXtNfowRo,on_demand,not_subscribed,US,7,HermwS6D8eQ,1,1,6.2952166666666667,377.713,73.628265107212471,0,0
20261008,UCSes4X8uDrpc4X46hJKjejg,IkDS7ZhVkA4,on_demand,subscribed,US,7,6WUT1M4tikM,1,1,30.372166666666665,1822.33,78.957105719237433,0,0
20261008,UCSes4X8uDrpc4X46hJKjejg,JZgusHsQ0l4,on_demand,not_subscribed,DO,3,what-to-watch,3,1,0.9665,55.72,107.15384615384616,0,0
20261008,UCSes4X8uDrpc4X46hJKjejg,YHtB62qU1r8,on_demand,not_subscribed,TW,7,cmTKjkEpN6Y,1,1,1.8992666666666667,113.956,24.245957446808511,0,0
20261008,UCSes4X8uDrpc4X46hJKjejg,84XwX8zGUOk,on_demand,not_subscribed,GB,5,,1,0,0.033333333333333333,0,0,0,0
20261008,UCSes4X8uDrpc4X46hJKjejg,6ljakZEWb0o,on_demand,not_subscribed,GB,5,,1,0,0.0945,0,0,0,0
20261008,UCSes4X8uDrpc4X46hJKjejg,22Dv4-Y7JtU,on_demand,not_subscribed,PL,5,,1,0,0.0023,0,0,0,0
20261008,UCSes4X8uDrpc4X46hJKjejg,QbOI1xgQ8ZE,on_demand,not_subscribed,US,3,what-to-watch,2,1,0.70183333333333331,42.11,102.70731707317073,0,0
20261008,UCSes4X8uDrpc4X46hJKjejg,CHaZ3JGEv28,on_demand,not_subscribed,CA,24,unknown,71,36,24.763083333333334,40.930972222222223,107.71308479532163,6,1.93
20261008,UCSes4X8uDrpc4X46hJKjejg,pWCQrmx8beo,on_demand,subscribed,US,3,what-to-watch,2,2,51.516833333333331,1545.505,51.3798204787234,0,0
20261008,UCSes4X8uDrpc4X46hJKjejg,YHtB62qU1r8,on_demand,not_subscribed,US,7,Ly6MpxjKV0A,1,1,1.8733333333333333,112.4,23.914893617021278,0,0
20261008,UCSes4X8uDrpc4X46hJKjejg,FC36sHokYnk,on_demand,not_subscribed,US,3,what-to-watch,13,9,32.453316666666666,216.14111111111112,39.0146409947854,2,7.915
20261008,UCSes4X8uDrpc4X46hJKjejg,QytSHiiqR3k,on_demand,subscribed,HK,24,unknown,1,0,0.046666666666666669,0,0,0,0
20261008,UCSes4X8uDrpc4X46hJKjejg,YHtB62qU1r8,on_demand,not_subscribed,IQ,3,what-to-watch,1,0,0.041666666666666664,0,0,0,0
20261008,UCSes4X8uDrpc4X46hJKjejg,Axk5Cd1W1JU,on_demand,not_subscribed,US,5,,2,2,1.3224666666666667,39.674,44.082222222222221,0,0
20261008,UCSes4X8uDrpc4X46hJKjejg,CHaZ3JGEv28,on_demand,not_subscribed,IN,24,unknown,7,3,1.8163333333333334,35.916666666666664,94.517543859649123,5,1.1713333333333333
20261008,UCSes4X8uDrpc4X46hJKjejg,YHtB62qU1r8,on_demand,not_subscribed,GB,7,qBoK0ZCwceU,1,1,7.8241666666666667,469.45,99.88297872340425,1,7.8241666666666667
20261008,UCSes4X8uDrpc4X46hJKjejg,oujDWGTay-Q,on_demand,not_subscribed,AU,5,tyrese maxey,2,1,1.6960333333333333,101.762,135.68266666666668,0,0
20261008,UCSes4X8uDrpc4X46hJKjejg,HtZ8tDkeGJY,on_demand,not_subscribed,US,7,zyCb0wa8Twk,1,1,0.8656666666666667,51.94,88.033898305084747,1,0.8656666666666667
20261008,UCSes4X8uDrpc4X46hJKjejg,RNnuUOuuVfo,on_demand,not_subscribed,US,5,,2,1,2.2746666666666666,136.48,100.35294117647059,2,2.2746666666666666
20261008,UCSes4X8uDrpc4X46hJKjejg,MEHDJ9V-lIk,on_demand,not_subscribed,AU,7,Uwaj8it4t3k,1,1,28.670116666666665,1720.207,83.505194174757278,1,28.670116666666665
20261008,UCSes4X8uDrpc4X46hJKjejg,PoyUkRaWZiM,on_demand,subscribed,IN,4,UCSes4X8uDrpc4X46hJKjejg,1,1,5.19,311.4,51.049180327868854,1,5.19
20261008,UCSes4X8uDrpc4X46hJKjejg,YHtB62qU1r8,on_demand,not_subscribed,US,7,0b8eta7f8mY,1,1,0.265,15.9,3.3829787234042552,0,0
20261008,UCSes4X8uDrpc4X46hJKjejg,ACx0N2Z0f3A,on_demand,not_subscribed,US,5,,1,0,0.0066666666666666671,0,0,0,0
20261008,UCSes4X8uDrpc4X46hJKjejg,ePdXtNfowRo,on_demand,not_subscribed,US,7,PHh5iDPU1p4,1,1,5.9277666666666669,355.666,69.330604288499032,0,0
20261008,UCSes4X8uDrpc4X46hJKjejg,QytSHiiqR3k,on_demand,not_subscribed,BZ,24,unknown,2,1,0.32833333333333331,19.7,103.68421052631579,0,0
20261008,UCSes4X8uDrpc4X46hJKjejg,ldIBIZwjv48,on_demand,not_subscribed,GB,5,,2,1,0.66966666666666663,40.18,114.8,0,0
20261008,UCSes4X8uDrpc4X46hJKjejg,YHtB62qU1r8,on_demand,not_subscribed,AE,3,what-to-watch,2,0,0.098666666666666666,0,0,0,0
20261008,UCSes4X8uDrpc4X46hJKjejg,gTMjT4y5LHE,on_demand,not_subscribed,CN,3,what-to-watch,1,1,1.2308666666666668,73.852,14.949797570850203,1,1.2308666666666668
20261008,UCSes4X8uDrpc4X46hJKjejg,YHtB62qU1r8,on_demand,not_subscribed,US,7,12JmMl56QbM,1,1,4.0136666666666665,240.82,51.238297872340425,1,4.0136666666666665
20261008,UCSes4X8uDrpc4X46hJKjejg,HtZ8tDkeGJY,on_demand,not_subscribed,NL,24,unknown,1,1,0.11,6.6,11.186440677966102,0,0
20261008,UCSes4X8uDrpc4X46hJKjejg,HtZ8tDkeGJY,on_demand,not_subscribed,US,7,foq8w0F3eaI,3,1,2.0343333333333335,122.06,206.88135593220338,3,2.0343333333333335
20261008,UCSes4X8uDrpc4X46hJKjejg,CHaZ3JGEv28,on_demand,not_subscribed,VI,24,unknown,1,1,0.20683333333333334,12.41,32.6578947368421,0,0
20261008,UCSes4X8uDrpc4X46hJKjejg,F0PO_64UfwU,on_demand,not_subscribed,US,3,what-to-watch,17,4,25.070466666666668,371.95,61.075533661740558,0,0
20261008,UCSes4X8uDrpc4X46hJKjejg,KoxnHEXhTNQ,on_demand,not_subscribed,US,5,,1,1,0.094916666666666663,5.695,28.475,0,0
20261008,UCSes4X8uDrpc4X46hJKjejg,PnFBmHRQrFc,on_demand,not_subscribed,CA,5,,1,0,0.10833333333333334,0,0,0,0
20261008,UCSes4X8uDrpc4X46hJKjejg,0b8eta7f8mY,on_demand,not_subscribed,US,3,my-history,1,1,0.2702,16.212,3.0762808349146109,0,0
20261008,UCSes4X8uDrpc4X46hJKjejg,QytSHiiqR3k,on_demand,not_subscribed,CA,3,what-to-watch,2,1,0.067033333333333334,2.54,13.368421052631579,0,0
20261008,UCSes4X8uDrpc4X46hJKjejg,OGOmzWG_ThE,on_demand,subscribed,US,3,what-to-watch,1,0,0.007,0,0,0,0
20261008,UCSes4X8uDrpc4X46hJKjejg,QytSHiiqR3k,on_demand,not_subscribed,DJ,24,unknown,2,1,0.32,19.2,101.05263157894737,0,0
20261008,UCSes4X8uDrpc4X46hJKjejg,0b8eta7f8mY,on_demand,not_subscribed,JP,5,,1,0,0.01655,0,0,0,0
20261008,UCSes4X8uDrpc4X46hJKjejg,5GYyKcjXNN0,on_demand,not_subscribed,CA,4,UCSes4X8uDrpc4X46hJKjejg,1,0,0.029333333333333333,0,0,0,0
20261008,UCSes4X8uDrpc4X46hJKjejg,p5XiosuCXB8,on_demand,not_subscribed,GB,5,,2,1,1.2326666666666666,73.96,121.24590163934427,0,0
20261008,UCSes4X8uDrpc4X46hJKjejg,CHaZ3JGEv28,on_demand,subscribed,US,3,what-to-watch,23,9,3.2052,20.424666666666667,53.749122807017542,1,0.11503333333333333
20261008,UCSes4X8uDrpc4X46hJKjejg,b_yAPSYuyQY,on_demand,subscribed,CA,3,what-to-watch,3,1,1.2889666666666666,71.524,61.658620689655173,0,0
20261008,UCSes4X8uDrpc4X46hJKjejg,j2D55yhpzco,on_demand,not_subscribed,US,5,,2,1,0.87198333333333333,52.319,104.638,0,0
20261008,UCSes4X8uDrpc4X46hJKjejg,-CjQjOd2JEA,on_demand,subscribed,US,3,what-to-watch,5,1,0.78851666666666664,40.145,14.185512367491166,2,0.00445
20261008,UCSes4X8uDrpc4X46hJKjejg,2n5LJUyMtAk,on_demand,not_subscribed,CA,3,PP,3,3,8.315,166.29999999999998,32.930693069306933,3,8.315
20261008,UCSes4X8uDrpc4X46hJKjejg,46H7mR8PVaU,on_demand,not_subscribed,CZ,3,what-to-watch,1,0,0.0033333333333333335,0,0,0,0
20261008,UCSes4X8uDrpc4X46hJKjejg,HtZ8tDkeGJY,on_demand,not_subscribed,IL,24,unknown,1,1,0.24,14.4,24.406779661016948,1,0.24
20261008,UCSes4X8uDrpc4X46hJKjejg,5xA-FaYOc_0,on_demand,subscribed,US,3,what-to-watch,2,1,0.74433333333333329,44.66,101.5,0,0
20261008,UCSes4X8uDrpc4X46hJKjejg,gTMjT4y5LHE,on_demand,not_subscribed,US,3,what-to-watch,2028,743,2020.424,158.83282368775235,32.152393459059184,118,285.81018333333355
20261008,UCSes4X8uDrpc4X46hJKjejg,f4MfVVTJ6pY,on_demand,not_subscribed,SR,3,what-to-watch,1,1,17.898383333333335,1073.903,65.322566909975663,0,0
20261008,UCSes4X8uDrpc4X46hJKjejg,6rnCipDf-0M,on_demand,not_subscribed,CA,5,,2,2,0.18466666666666667,5.54,8.0289855072463769,0,0
20261008,UCSes4X8uDrpc4X46hJKjejg,DiQL1Q4_4VM,on_demand,not_subscribed,US,3,what-to-watch,1,0,0.016666666666666666,0,0,0,0
20261008,UCSes4X8uDrpc4X46hJKjejg,5GYyKcjXNN0,on_demand,not_subscribed,IN,4,UCSes4X8uDrpc4X46hJKjejg,1,1,0.955,57.3,70.740740740740748,0,0
20261008,UCSes4X8uDrpc4X46hJKjejg,YHtB62qU1r8,on_demand,subscribed,US,3,what-to-watch,36,12,34.17425,167.50508333333332,35.639379432624111,3,2.8218
20261008,UCSes4X8uDrpc4X46hJKjejg,M-M22Ac4CRE,on_demand,not_subscribed,AU,5,,1,1,0.4105,24.63,74.63636363636364,1,0.4105
20261008,UCSes4X8uDrpc4X46hJKjejg,J6rzMuvuMuo,on_demand,not_subscribed,BS,5,zach randolph demarcus cousins,2,1,1.467,88.02,122.25,0,0
20261008,UCSes4X8uDrpc4X46hJKjejg,BeZUS-lZ4qs,on_demand,not_subscribed,CA,5,,1,0,0.0016666666666666668,0,0,0,0
20261008,UCSes4X8uDrpc4X46hJKjejg,-8W7PIiwRYo,on_demand,not_subscribed,NG,5,,1,1,0.93333333333333335,56,94.915254237288138,0,0
20261008,UCSes4X8uDrpc4X46hJKjejg,x9aP35H3Wlc,on_demand,not_subscribed,DO,5,,2,2,0.21435,6.4305,12.608823529411765,0,0
20261008,UCSes4X8uDrpc4X46hJKjejg,J6rzMuvuMuo,on_demand,not_subscribed,CR,5,,2,1,1.205,72.3,100.41666666666667,0,0
20261008,UCSes4X8uDrpc4X46hJKjejg,LoFU5kr6npM,on_demand,not_subscribed,US,4,UCSes4X8uDrpc4X46hJKjejg,1,0,0.00355,0,0,0,0
20261008,UCSes4X8uDrpc4X46hJKjejg,gTMjT4y5LHE,on_demand,not_subscribed,US,7,RVXbLLuqYNo,1,1,0.33456666666666668,20.074,4.0635627530364369,0,0
20261008,UCSes4X8uDrpc4X46hJKjejg,WAYYE5BMG6c,on_demand,not_subscribed,CA,14,PLX3ZLYz4-6vE2_ZNLW5AfzbHTd1jTskDl,1,1,31.616333333333333,1896.98,99.946259220231823,0,0
20261008,UCSes4X8uDrpc4X46hJKjejg,0b8eta7f8mY,on_demand,not_subscribed,AU,7,3MzMDtgSnL0,3,3,9.3677333333333337,187.35466666666665,35.551170145477549,1,0.10421666666666667
20261008,UCSes4X8uDrpc4X46hJKjejg,BeZUS-lZ4qs,on_demand,not_subscribed,IN,5,,1,1,1.7383333333333333,104.3,3.366688185926404,0,0
20261008,UCSes4X8uDrpc4X46hJKjejg,HtZ8tDkeGJY,on_demand,not_subscribed,US,7,eewE0vQAh4g,2,1,1.3205,79.23,134.28813559322035,2,1.3205
20261008,UCSes4X8uDrpc4X46hJKjejg,XlT3SmO6YYs,on_demand,not_subscribed,US,5,,7,3,4.1291666666666664,81.81,72.398230088495581,0,0
20261008,UCSes4X8uDrpc4X46hJKjejg,kzzARP3sGzw,on_demand,not_subscribed,CA,5,,1,1,0.89833333333333332,53.9,70.921052631578945,1,0.89833333333333332
20261008,UCSes4X8uDrpc4X46hJKjejg,YHtB62qU1r8,on_demand,not_subscribed,BS,5,76ers,1,1,4.3135,258.81,55.065957446808511,0,0
20261008,UCSes4X8uDrpc4X46hJKjejg,pWCQrmx8beo,on_demand,not_subscribed,CA,5,,2,1,0.70683333333333331,34.61,1.1505984042553192,0,0
20261008,UCSes4X8uDrpc4X46hJKjejg,NPDEMZ90B1M,on_demand,not_subscribed,GB,3,what-to-watch,3,1,1.89675,112.52,125.02222222222223,0,0
20261008,UCSes4X8uDrpc4X46hJKjejg,hEO-PuZ2_5c,on_demand,not_subscribed,CY,5,,1,0,0.01,0,0,0,0
20261008,UCSes4X8uDrpc4X46hJKjejg,qTi5JqNn970,on_demand,not_subscribed,IN,3,what-to-watch,1,1,0.7135,42.81,60.29577464788732,1,0.7135
20261008,UCSes4X8uDrpc4X46hJKjejg,po8YrSQivoM,on_demand,not_subscribed,US,5,,8,4,69.03788333333334,1033.42025,30.111312645687647,2,67.112466666666677
20261008,UCSes4X8uDrpc4X46hJKjejg,QytSHiiqR3k,on_demand,not_subscribed,DO,24,unknown,3,2,0.40766666666666668,12.23,64.368421052631575,0,0
20261008,UCSes4X8uDrpc4X46hJKjejg,wb2ebOkk2gE,on_demand,subscribed,TW,3,what-to-watch,1,0,0.031166666666666665,0,0,0,0
20261008,UCSes4X8uDrpc4X46hJKjejg,9zaom3QbjYs,on_demand,not_subscribed,US,7,-DipEnAbXZU,1,1,0.51046666666666662,30.628,4.0353096179183137,0,0
20261008,UCSes4X8uDrpc4X46hJKjejg,OcddzswV_IM,on_demand,not_subscribed,PL,3,what-to-watch,1,0,0.04,0,0,0,0
20261008,UCSes4X8uDrpc4X46hJKjejg,3oF068CdTYo,on_demand,not_subscribed,US,3,what-to-watch,114,49,30.27915,35.8274693877551,105.3749099639856,19,6.46395
20261008,UCSes4X8uDrpc4X46hJKjejg,6ljakZEWb0o,on_demand,not_subscribed,BR,3,what-to-watch,1,0,0.0083333333333333332,0,0,0,0
20261008,UCSes4X8uDrpc4X46hJKjejg,YHtB62qU1r8,on_demand,not_subscribed,TW,9,unknown,1,1,0.74833333333333329,44.9,9.5531914893617014,0,0
20261008,UCSes4X8uDrpc4X46hJKjejg,IkDS7ZhVkA4,on_demand,not_subscribed,US,7,DdmSoh6cdyo,1,1,5.77905,346.743,15.023526863084921,1,5.77905
20261008,UCSes4X8uDrpc4X46hJKjejg,gTMjT4y5LHE,on_demand,not_subscribed,CA,5,unknown,2,2,4.3628333333333336,130.885,26.49493927125506,0,0
20261008,UCSes4X8uDrpc4X46hJKjejg,ZED77MceAsY,on_demand,subscribed,IN,4,UCSes4X8uDrpc4X46hJKjejg,2,2,1.3933333333333333,41.8,14.266211604095563,2,1.3933333333333333
20261008,UCSes4X8uDrpc4X46hJKjejg,BeZUS-lZ4qs,on_demand,not_subscribed,US,7,MKv-OO1BQEk,1,1,9.7533333333333339,585.2,18.889606197546804,1,9.7533333333333339
20261008,UCSes4X8uDrpc4X46hJKjejg,gTMjT4y5LHE,on_demand,not_subscribed,JM,3,what-to-watch,1,0,0.015,0,0,0,0
20261008,UCSes4X8uDrpc4X46hJKjejg,uXCHsBjtupk,on_demand,not_subscribed,BA,3,what-to-watch,1,0,0.037633333333333331,0,0,0,0
20261008,UCSes4X8uDrpc4X46hJKjejg,XCtyiiCSRAk,on_demand,not_subscribed,SN,5,,1,1,0.32816666666666666,19.69,41.020833333333336,0,0
20261008,UCSes4X8uDrpc4X46hJKjejg,zS69CFjoay8,on_demand,not_subscribed,US,5,jalen brunson king of new york,5,4,2.0730166666666667,31.027,58.541509433962261,2,1.3345
20261008,UCSes4X8uDrpc4X46hJKjejg,YHtB62qU1r8,on_demand,not_subscribed,PH,3,watch-later,2,2,7.926333333333333,237.79,50.593617021276593,0,0
20261008,UCSes4X8uDrpc4X46hJKjejg,xRE9H7wpboA,on_demand,not_subscribed,CA,7,kytTcL8oWWI,1,1,5.4965666666666664,329.794,94.496848137535821,0,0
20261008,UCSes4X8uDrpc4X46hJKjejg,JZgusHsQ0l4,on_demand,not_subscribed,ZW,3,what-to-watch,1,0,0.017733333333333334,0,0,0,0
20261008,UCSes4X8uDrpc4X46hJKjejg,xRE9H7wpboA,on_demand,not_subscribed,US,9,Google Search,1,1,0.38466666666666666,23.08,6.6131805157593124,0,0
20261008,UCSes4X8uDrpc4X46hJKjejg,fAZy3HtHBzA,on_demand,not_subscribed,GH,4,UCSes4X8uDrpc4X46hJKjejg,4,1,1.6523333333333334,99.14,309.8125,0,0
20261008,UCSes4X8uDrpc4X46hJKjejg,BeZUS-lZ4qs,on_demand,not_subscribed,US,7,y8JWMr3T2SI,1,1,52.051666666666669,3123.1,100.81020012911556,0,0
20261008,UCSes4X8uDrpc4X46hJKjejg,apguqLi-hhk,on_demand,not_subscribed,US,3,what-to-watch,1,0,0.023016666666666668,0,0,0,0
20261008,UCSes4X8uDrpc4X46hJKjejg,aC-PG5Uik1o,on_demand,not_subscribed,US,5,,1,0,0.046,0,0,0,0
20261008,UCSes4X8uDrpc4X46hJKjejg,WATJsSNezuM,on_demand,not_subscribed,PH,5,,2,1,1.0733333333333333,64.4,109.15254237288136,0,0
20261008,UCSes4X8uDrpc4X46hJKjejg,TvOCMn2CqrA,on_demand,not_subscribed,GR,5,,1,0,0.021666666666666667,0,0,0,0
20261008,UCSes4X8uDrpc4X46hJKjejg,CHaZ3JGEv28,on_demand,subscribed,CA,24,unknown,49,18,7.2670166666666667,21.7875,57.335526315789473,14,2.9990833333333335
20261008,UCSes4X8uDrpc4X46hJKjejg,h7irfevRRGc,on_demand,not_subscribed,US,5,,1,1,7.8910333333333336,473.462,56.63421052631579,1,7.8910333333333336
20261008,UCSes4X8uDrpc4X46hJKjejg,_QSU5kf-qK4,on_demand,not_subscribed,NG,5,,1,1,0.60116666666666663,36.07,65.581818181818178,0,0
20261008,UCSes4X8uDrpc4X46hJKjejg,E_QIN76-3cY,on_demand,not_subscribed,US,26,lebronjames,2,1,1.0233333333333334,61.4,102.33333333333333,0,0
20261008,UCSes4X8uDrpc4X46hJKjejg,JZgusHsQ0l4,on_demand,not_subscribed,IL,24,unknown,1,1,0.56441666666666668,33.865,65.125,0,0
20261008,UCSes4X8uDrpc4X46hJKjejg,0b8eta7f8mY,on_demand,not_subscribed,FR,7,3MzMDtgSnL0,1,1,0.95413333333333339,57.248,10.862998102466793,0,0
20261008,UCSes4X8uDrpc4X46hJKjejg,CHaZ3JGEv28,on_demand,subscribed,IN,24,unknown,1,1,0.076666666666666661,4.6,12.105263157894736,0,0
20261008,UCSes4X8uDrpc4X46hJKjejg,gmPsKXt4foY,on_demand,not_subscribed,CA,4,UCSes4X8uDrpc4X46hJKjejg,1,0,0.026333333333333334,0,0,0,0
20261008,UCSes4X8uDrpc4X46hJKjejg,198kcwoCgIY,on_demand,not_subscribed,PH,24,unknown,2,1,0.46166666666666667,27.7,102.5925925925926,0,0
20261008,UCSes4X8uDrpc4X46hJKjejg,z_muXd0mV1g,on_demand,not_subscribed,US,5,,1,1,0.84916666666666663,50.95,60.654761904761905,0,0
20261008,UCSes4X8uDrpc4X46hJKjejg,PY_VRF7d7kc,on_demand,not_subscribed,GB,9,unknown,1,1,0.16768333333333332,10.061,2.4185096153846155,0,0
20261008,UCSes4X8uDrpc4X46hJKjejg,5xA-FaYOc_0,on_demand,not_subscribed,CA,5,,3,2,1.385,41.55,94.431818181818187,1,0.44
20261008,UCSes4X8uDrpc4X46hJKjejg,0JUVBPIGUg8,on_demand,not_subscribed,US,3,what-to-watch,2,1,0.069166666666666668,3.65,9.35897435897436,0,0
20261008,UCSes4X8uDrpc4X46hJKjejg,BZZMTymeoEI,on_demand,subscribed,LU,3,what-to-watch,1,0,0.04766666666666667,0,0,0,0
20261008,UCSes4X8uDrpc4X46hJKjejg,-_-9eKiFCtM,on_demand,not_subscribed,US,5,,1,1,0.17233333333333334,10.34,14.985507246376812,1,0.17233333333333334
20261008,UCSes4X8uDrpc4X46hJKjejg,l5M2ICRhyEA,on_demand,not_subscribed,NA,24,unknown,5,1,2.3252666666666668,139.516,422.77575757575755,0,0
20261008,UCSes4X8uDrpc4X46hJKjejg,YHtB62qU1r8,on_demand,not_subscribed,CA,5,,2,1,4.8026833333333334,286.906,61.043829787234046,0,0
20261008,UCSes4X8uDrpc4X46hJKjejg,CHaZ3JGEv28,on_demand,not_subscribed,IN,5,,1,0,0,0,0,0,0
20261008,UCSes4X8uDrpc4X46hJKjejg,ldIBIZwjv48,on_demand,subscribed,GB,5,,1,1,0.25711666666666666,15.427,44.07714285714286,0,0
20261008,UCSes4X8uDrpc4X46hJKjejg,Ro6eDq71MAc,on_demand,subscribed,IN,4,UCSes4X8uDrpc4X46hJKjejg,1,1,0.081666666666666665,4.9,0.86115992970123023,1,0.081666666666666665
20261008,UCSes4X8uDrpc4X46hJKjejg,gmPsKXt4foY,on_demand,not_subscribed,IN,4,UCSes4X8uDrpc4X46hJKjejg,2,1,0.905,54.3,120.66666666666667,0,0
20261008,UCSes4X8uDrpc4X46hJKjejg,-CjQjOd2JEA,on_demand,not_subscribed,PL,5,,1,0,0.02475,0,0,0,0
20261008,UCSes4X8uDrpc4X46hJKjejg,CHaZ3JGEv28,on_demand,not_subscribed,GR,5,washington wizards,3,1,1.26065,75.639,199.05,3,1.26065
20261008,UCSes4X8uDrpc4X46hJKjejg,YHtB62qU1r8,on_demand,not_subscribed,IN,5,,2,1,0.64166666666666672,37.3,7.9361702127659575,0,0
20261008,UCSes4X8uDrpc4X46hJKjejg,5xA-FaYOc_0,on_demand,not_subscribed,PL,5,,1,1,0.31946666666666668,19.168,43.563636363636363,0,0
20261008,UCSes4X8uDrpc4X46hJKjejg,XTGlwLovDD0,on_demand,not_subscribed,US,4,UCSes4X8uDrpc4X46hJKjejg,1,1,32.954133333333331,1977.248,81.536,0,0
20261008,UCSes4X8uDrpc4X46hJKjejg,pWCQrmx8beo,on_demand,not_subscribed,SE,0,unknown,1,1,0.042,2.52,0.083776595744680854,0,0
20261008,UCSes4X8uDrpc4X46hJKjejg,l5M2ICRhyEA,on_demand,not_subscribed,PT,3,what-to-watch,2,1,0.76501666666666668,45.901,139.09393939393939,0,0
20261008,UCSes4X8uDrpc4X46hJKjejg,eu62r4NZQ3Q,on_demand,not_subscribed,US,3,what-to-watch,1,0,0.058333333333333334,0,0,0,0
20261008,UCSes4X8uDrpc4X46hJKjejg,PoyUkRaWZiM,on_demand,not_subscribed,US,3,what-to-watch,22,4,3.26855,38.927,6.3814754098360655,1,0.07166666666666667
20261008,UCSes4X8uDrpc4X46hJKjejg,MEHDJ9V-lIk,on_demand,not_subscribed,US,5,carter bryant interview,3,3,48.6492,972.984,47.232233009708736,0,0
20261008,UCSes4X8uDrpc4X46hJKjejg,QytSHiiqR3k,on_demand,subscribed,HK,3,/my_subscriptions,2,1,0.41348333333333331,24.809,130.57368421052632,0,0
20261008,UCSes4X8uDrpc4X46hJKjejg,DjhN1oAGTYA,on_demand,not_subscribed,US,7,S2xYYb5ICwU,1,1,0.62666666666666671,37.6,12.96551724137931,0,0
20261008,UCSes4X8uDrpc4X46hJKjejg,FP-0zyc1SUI,on_demand,not_subscribed,CA,5,,1,1,0.46366666666666667,27.82,56.775510204081634,0,0
20261008,UCSes4X8uDrpc4X46hJKjejg,Ck3vqY7J6xQ,on_demand,not_subscribed,GB,5,,1,0,0.010333333333333333,0,0,0,0
20261008,UCSes4X8uDrpc4X46hJKjejg,BeZUS-lZ4qs,on_demand,not_subscribed,US,4,UCA95kYjGqDgRziNA7sJZBag,1,1,9.2968333333333337,557.81,18.005487411233055,0,0
20261008,UCSes4X8uDrpc4X46hJKjejg,QytSHiiqR3k,on_demand,subscribed,CA,3,what-to-watch,3,1,0.358,19.452,102.37894736842105,0,0
20261008,UCSes4X8uDrpc4X46hJKjejg,-fFhtxtY2ic,on_demand,not_subscribed,PH,7,2nljN5dlCgI,1,1,1.95,117,24.788135593220339,0,0
20261008,UCSes4X8uDrpc4X46hJKjejg,YHtB62qU1r8,on_demand,not_subscribed,DE,7,ZTDb9gMUvBY,1,1,1.4847833333333333,89.087,18.954680851063831,0,0
20261008,UCSes4X8uDrpc4X46hJKjejg,QxkwRERjZgA,on_demand,not_subscribed,US,24,unknown,3,2,1.79385,53.8155,92.7853448275862,0,0
20261008,UCSes4X8uDrpc4X46hJKjejg,0b8eta7f8mY,on_demand,not_subscribed,US,5,,9,6,12.4466,123.86433333333333,23.503668564199874,2,9.0209
20261008,UCSes4X8uDrpc4X46hJKjejg,k3pJGiIh1RE,on_demand,not_subscribed,US,3,what-to-watch,1,0,0.060533333333333335,0,0,0,0
20261008,UCSes4X8uDrpc4X46hJKjejg,yXI5JzLdcwk,on_demand,not_subscribed,ES,5,,1,1,0.1,6,7.5,0,0
20261008,UCSes4X8uDrpc4X46hJKjejg,gTMjT4y5LHE,on_demand,subscribed,US,3,what-to-watch,66,20,65.417033333333336,191.7299,38.811720647773278,8,15.467683333333333
20261008,UCSes4X8uDrpc4X46hJKjejg,QytSHiiqR3k,on_demand,subscribed,PL,3,what-to-watch,1,0,0.00295,0,0,0,0
20261008,UCSes4X8uDrpc4X46hJKjejg,BeZUS-lZ4qs,on_demand,not_subscribed,GH,7,NtnRlpQS31g,1,1,26.343333333333334,1580.6,51.020012911555845,0,0
20261008,UCSes4X8uDrpc4X46hJKjejg,gTMjT4y5LHE,on_demand,not_subscribed,US,7,bV7tuPbWHjU,1,1,8.9061,534.366,108.17125506072874,0,0
20261008,UCSes4X8uDrpc4X46hJKjejg,LoFU5kr6npM,on_demand,subscribed,US,4,UCSes4X8uDrpc4X46hJKjejg,2,2,1.1173833333333334,33.5215,1.4448922413793104,0,0
20261008,UCSes4X8uDrpc4X46hJKjejg,SkSLumMmvbc,on_demand,not_subscribed,ZA,5,,1,1,0.32833333333333331,19.7,51.8421052631579,1,0.32833333333333331
20261008,UCSes4X8uDrpc4X46hJKjejg,CHaZ3JGEv28,on_demand,not_subscribed,PR,5,wizards,1,1,0,0,0,0,0
20261008,UCSes4X8uDrpc4X46hJKjejg,HtZ8tDkeGJY,on_demand,not_subscribed,RW,3,what-to-watch,2,1,1.0663,63.978,108.43728813559322,0,0
20261008,UCSes4X8uDrpc4X46hJKjejg,IkDS7ZhVkA4,on_demand,not_subscribed,US,7,FXX_QCiXNno,3,3,75.9709,1519.418,65.832668977469666,1,39.635333333333335
20261008,UCSes4X8uDrpc4X46hJKjejg,DFY-sVJGeDI,on_demand,not_subscribed,US,5,,1,0,0.069033333333333335,0,0,0,0
20261008,UCSes4X8uDrpc4X46hJKjejg,46H7mR8PVaU,on_demand,not_subscribed,GR,5,,1,1,6.1633333333333331,369.8,74.707070707070713,0,0
20261008,UCSes4X8uDrpc4X46hJKjejg,YHtB62qU1r8,on_demand,not_subscribed,PH,7,SoiI_gv8CRY,1,1,0.37,22.2,4.7234042553191493,0,0
20261008,UCSes4X8uDrpc4X46hJKjejg,XlT3SmO6YYs,on_demand,subscribed,US,5,,2,2,3.1444666666666667,94.334,83.481415929203536,1,1.5169666666666666
20261008,UCSes4X8uDrpc4X46hJKjejg,BeZUS-lZ4qs,on_demand,subscribed,US,7,zOHCDY1io_A,1,1,51.62768333333333,3097.661,99.9890574564235,0,0
20261008,UCSes4X8uDrpc4X46hJKjejg,QytSHiiqR3k,on_demand,not_subscribed,ZW,24,unknown,2,2,0.18183333333333335,5.455,28.710526315789473,1,0.080166666666666664
20261008,UCSes4X8uDrpc4X46hJKjejg,J6rzMuvuMuo,on_demand,not_subscribed,US,5,tim duncan trash talk stories,8,3,3.2543166666666665,63.369666666666667,88.01342592592593,0,0
20261008,UCSes4X8uDrpc4X46hJKjejg,duUbOIZDS7s,on_demand,not_subscribed,ES,3,what-to-watch,1,1,2.7533333333333334,165.2,80.980392156862749,0,0
20261008,UCSes4X8uDrpc4X46hJKjejg,7T3HrqTdHGU,on_demand,not_subscribed,US,8,unknown,1,0,0.035383333333333336,0,0,0,0
20261008,UCSes4X8uDrpc4X46hJKjejg,QLFDB2t734A,on_demand,subscribed,US,4,UCSes4X8uDrpc4X46hJKjejg,2,0,0.071,0,0,0,0
20261008,UCSes4X8uDrpc4X46hJKjejg,2n5LJUyMtAk,on_demand,subscribed,US,7,K9lfIVBDR2Q,1,1,8.19275,491.565,97.339603960396033,0,0
20261008,UCSes4X8uDrpc4X46hJKjejg,gTMjT4y5LHE,on_demand,not_subscribed,US,14,my-likes,1,1,8.2336833333333335,494.021,100.00425101214574,1,8.2336833333333335
20261008,UCSes4X8uDrpc4X46hJKjejg,6ljakZEWb0o,on_demand,not_subscribed,US,9,unknown,1,1,4.44,266.4,9.64169381107492,1,4.44
20261008,UCSes4X8uDrpc4X46hJKjejg,3oF068CdTYo,on_demand,subscribed,US,3,what-to-watch,4,2,0.7295,21.785,64.07352941176471,1,0.14783333333333334
20261008,UCSes4X8uDrpc4X46hJKjejg,2n5LJUyMtAk,on_demand,not_subscribed,PR,3,what-to-watch,1,0,0.02915,0,0,0,0
20261008,UCSes4X8uDrpc4X46hJKjejg,sc2QVbRxxV8,on_demand,not_subscribed,IN,4,UCSes4X8uDrpc4X46hJKjejg,2,1,0.5450666666666667,32.404,87.578378378378375,0,0
20261008,UCSes4X8uDrpc4X46hJKjejg,M-M22Ac4CRE,on_demand,not_subscribed,IN,5,victor wembanyama,1,1,0.185,11.1,33.636363636363633,0,0
20261008,UCSes4X8uDrpc4X46hJKjejg,YHtB62qU1r8,on_demand,not_subscribed,US,7,e7CxdG8sNlA,1,1,7.82425,469.455,99.884042553191492,0,0
20261008,UCSes4X8uDrpc4X46hJKjejg,CHaZ3JGEv28,on_demand,not_subscribed,KR,5,washington wizards,2,0,0.068333333333333329,0,0,0,0
20261008,UCSes4X8uDrpc4X46hJKjejg,FCAC9ZyPn_4,on_demand,not_subscribed,US,0,unknown,2,2,0.4356,13.068,2.97,0,0
20261008,UCSes4X8uDrpc4X46hJKjejg,QytSHiiqR3k,on_demand,not_subscribed,KW,24,unknown,4,3,0.74116666666666664,14.823333333333332,78.017543859649123,4,0.74116666666666664
20261008,UCSes4X8uDrpc4X46hJKjejg,IkDS7ZhVkA4,on_demand,not_subscribed,TW,5,,1,0,0,0,0,0,0
20261008,UCSes4X8uDrpc4X46hJKjejg,JZgusHsQ0l4,on_demand,not_subscribed,NL,5,,1,1,0.72833333333333339,43.7,84.038461538461533,0,0
20261008,UCSes4X8uDrpc4X46hJKjejg,CHaZ3JGEv28,on_demand,not_subscribed,PH,5,wizards,5,2,0.98081666666666667,28.3995,74.735526315789471,2,0.79733333333333334
20261008,UCSes4X8uDrpc4X46hJKjejg,BeZUS-lZ4qs,on_demand,subscribed,US,7,y8JWMr3T2SI,1,1,11.506016666666667,690.361,22.284086507424146,0,0
20261008,UCSes4X8uDrpc4X46hJKjejg,-d30fi6DFM0,on_demand,not_subscribed,US,0,unknown,1,1,45.601316666666669,2736.079,83.012105582524271,0,0
20261008,UCSes4X8uDrpc4X46hJKjejg,Yw9jmAwzBKM,on_demand,not_subscribed,PH,5,,1,0,0.025,0,0,1,0.025
20261008,UCSes4X8uDrpc4X46hJKjejg,OY-pMjvAl78,on_demand,not_subscribed,US,14,PLX3ZLYz4-6vE2_ZNLW5AfzbHTd1jTskDl,1,1,87.806666666666672,5268.4,89.355495251017643,1,87.806666666666672
20261008,UCSes4X8uDrpc4X46hJKjejg,_nLQ3Vbdzx0,on_demand,not_subscribed,US,9,Google Search,1,1,0.42301666666666665,25.381,39.047692307692309,0,0
20261008,UCSes4X8uDrpc4X46hJKjejg,l5M2ICRhyEA,on_demand,not_subscribed,HK,3,what-to-watch,1,0,0,0,0,0,0
20261008,UCSes4X8uDrpc4X46hJKjejg,po8YrSQivoM,on_demand,not_subscribed,ZA,3,what-to-watch,1,1,0.28811666666666669,17.287,0.50370046620046616,0,0
20261008,UCSes4X8uDrpc4X46hJKjejg,2n5LJUyMtAk,on_demand,not_subscribed,CA,9,Gmail,1,1,5.211616666666667,312.697,61.92019801980198,0,0
20261008,UCSes4X8uDrpc4X46hJKjejg,ctnSSZJmx2o,on_demand,not_subscribed,US,14,RDPS,1,1,1.5683333333333334,94.1,3.0842346771550311,1,1.5683333333333334
20261008,UCSes4X8uDrpc4X46hJKjejg,f4MfVVTJ6pY,on_demand,not_subscribed,GB,3,what-to-watch,1,0,0.011583333333333333,0,0,0,0
20261008,UCSes4X8uDrpc4X46hJKjejg,po8YrSQivoM,on_demand,not_subscribed,NZ,3,what-to-watch,1,0,0.03,0,0,0,0
20261008,UCSes4X8uDrpc4X46hJKjejg,QytSHiiqR3k,on_demand,not_subscribed,US,9,Google Search,52,27,19.637783333333335,43.576555555555558,229.35029239766081,2,1.8630666666666666
20261008,UCSes4X8uDrpc4X46hJKjejg,BKajt53aHGo,on_demand,subscribed,US,4,UCSes4X8uDrpc4X46hJKjejg,1,0,0.043166666666666666,0,0,0,0
20261008,UCSes4X8uDrpc4X46hJKjejg,zoEAknX4FwM,on_demand,not_subscribed,US,0,unknown,4,4,0.05856666666666667,0.8785,0.99829545454545454,4,0.05856666666666667
20261008,UCSes4X8uDrpc4X46hJKjejg,YHtB62qU1r8,on_demand,not_subscribed,US,7,GhhyyXedr-Y,1,1,4.7041666666666666,282.25,60.0531914893617,0,0
20261008,UCSes4X8uDrpc4X46hJKjejg,gmPsKXt4foY,on_demand,not_subscribed,BG,5,,2,1,0.78993333333333338,47.396,105.32444444444444,0,0
20261008,UCSes4X8uDrpc4X46hJKjejg,a_gJeGCqf4g,on_demand,not_subscribed,ID,5,,1,0,0.031666666666666669,0,0,0,0
20261008,UCSes4X8uDrpc4X46hJKjejg,HtZ8tDkeGJY,on_demand,not_subscribed,ID,24,unknown,1,1,0.11216666666666666,6.73,11.40677966101695,0,0
20261008,UCSes4X8uDrpc4X46hJKjejg,2n5LJUyMtAk,on_demand,not_subscribed,PH,3,what-to-watch,2,2,4.7059333333333333,141.178,27.956039603960395,0,0
20261008,UCSes4X8uDrpc4X46hJKjejg,5IEMHu7Fxr4,on_demand,not_subscribed,US,5,,1,1,4.0626666666666669,243.76,31.616083009079119,0,0
20261008,UCSes4X8uDrpc4X46hJKjejg,CHaZ3JGEv28,on_demand,subscribed,IN,5,,1,1,0.32333333333333331,19.4,51.05263157894737,1,0.32333333333333331
20261008,UCSes4X8uDrpc4X46hJKjejg,198kcwoCgIY,on_demand,not_subscribed,PH,5,,4,2,0.8085,23.455,86.870370370370367,2,0.49166666666666664
20261008,UCSes4X8uDrpc4X46hJKjejg,YHtB62qU1r8,on_demand,not_subscribed,US,7,AeuI70s5jHA,1,1,1.4023833333333333,84.143,17.902765957446807,0,0
20261008,UCSes4X8uDrpc4X46hJKjejg,BvHw3ddSlms,on_demand,not_subscribed,US,14,PLX3ZLYz4-6vE2_ZNLW5AfzbHTd1jTskDl,1,1,74.265,4455.9,93.317277486911,1,74.265
20261008,UCSes4X8uDrpc4X46hJKjejg,-4YEzVnpr50,on_demand,not_subscribed,SG,5,,2,0,0.016533333333333334,0,0,0,0
20261008,UCSes4X8uDrpc4X46hJKjejg,JZgusHsQ0l4,on_demand,not_subscribed,NG,3,what-to-watch,2,1,1.1216666666666666,67.3,129.42307692307693,2,1.1216666666666666
20261008,UCSes4X8uDrpc4X46hJKjejg,JZgusHsQ0l4,on_demand,not_subscribed,RW,3,what-to-watch,1,1,0.098,5.88,11.307692307692308,0,0
20261008,UCSes4X8uDrpc4X46hJKjejg,CHaZ3JGEv28,on_demand,not_subscribed,IE,0,,1,0,0.048333333333333332,0,0,0,0
20261008,UCSes4X8uDrpc4X46hJKjejg,QytSHiiqR3k,on_demand,not_subscribed,RU,24,unknown,3,2,0.485,14.55,76.578947368421055,0,0
20261008,UCSes4X8uDrpc4X46hJKjejg,DbNsygUVZUQ,on_demand,not_subscribed,US,5,,3,2,1.2005833333333333,36.0175,58.092741935483872,0,0
20261008,UCSes4X8uDrpc4X46hJKjejg,CHaZ3JGEv28,on_demand,subscribed,CA,3,/my_subscriptions,2,1,0.65183333333333338,39.11,102.92105263157895,0,0
20261008,UCSes4X8uDrpc4X46hJKjejg,YHtB62qU1r8,on_demand,not_subscribed,US,5,lebron james,5,3,10.8838,214.55366666666666,45.649716312056739,0,0
20261008,UCSes4X8uDrpc4X46hJKjejg,BeZUS-lZ4qs,on_demand,subscribed,GY,7,aL8ETNuSC28,1,1,51.6278,3097.668,99.989283408650749,0,0
20261008,UCSes4X8uDrpc4X46hJKjejg,HtZ8tDkeGJY,on_demand,not_subscribed,BE,3,what-to-watch,1,1,0.889,53.34,90.406779661016955,0,0
20261008,UCSes4X8uDrpc4X46hJKjejg,ePdXtNfowRo,on_demand,not_subscribed,US,7,eMRlGnfXXbQ,1,1,5.4518333333333331,327.11,63.764132553606238,0,0
20261008,UCSes4X8uDrpc4X46hJKjejg,MEHDJ9V-lIk,on_demand,not_subscribed,GR,3,what-to-watch,1,1,2.3083333333333331,138.5,6.7233009708737868,0,0
20261008,UCSes4X8uDrpc4X46hJKjejg,YHtB62qU1r8,on_demand,not_subscribed,US,7,zHBgJqG1nJo,5,5,12.558666666666667,150.704,32.064680851063827,0,0
20261008,UCSes4X8uDrpc4X46hJKjejg,i8nHff5PKGU,on_demand,not_subscribed,DO,5,,2,2,0.83283333333333331,24.985,43.077586206896555,0,0
20261008,UCSes4X8uDrpc4X46hJKjejg,0b8eta7f8mY,on_demand,not_subscribed,US,7,Q_cATo4iQvA,1,1,8.6705333333333332,520.232,98.7157495256167,0,0
20261008,UCSes4X8uDrpc4X46hJKjejg,CHaZ3JGEv28,on_demand,subscribed,IN,3,/my_subscriptions,2,1,0.63666666666666671,38.2,100.52631578947368,0,0
20261008,UCSes4X8uDrpc4X46hJKjejg,M-M22Ac4CRE,on_demand,not_subscribed,ES,5,,2,1,0.12666666666666668,7.6,23.030303030303031,0,0
20261008,UCSes4X8uDrpc4X46hJKjejg,zxka0rRvmaU,on_demand,not_subscribed,SA,5,,1,1,0.7543333333333333,45.26,96.297872340425528,0,0
20261008,UCSes4X8uDrpc4X46hJKjejg,YHtB62qU1r8,on_demand,not_subscribed,US,7,8FqCMLxa7wU,1,1,0.61333333333333329,36.8,7.8297872340425529,0,0
20261008,UCSes4X8uDrpc4X46hJKjejg,LoFU5kr6npM,on_demand,subscribed,BB,7,GDDkN_BFi-c,1,1,12.996666666666666,779.8,33.612068965517238,0,0
20261008,UCSes4X8uDrpc4X46hJKjejg,s5FwywrEozM,on_demand,not_subscribed,US,5,,4,2,0.80033333333333334,19.29,47.048780487804876,0,0
20261008,UCSes4X8uDrpc4X46hJKjejg,l5M2ICRhyEA,on_demand,not_subscribed,US,0,,2,1,0.63533333333333331,38.12,115.51515151515152,0,0
20261008,UCSes4X8uDrpc4X46hJKjejg,34SgPBo7SBw,on_demand,not_subscribed,US,5,,3,1,10.448016666666666,624.981,99.99696,0,0
20261008,UCSes4X8uDrpc4X46hJKjejg,IkDS7ZhVkA4,on_demand,not_subscribed,US,32,4HEcIWe3vAg,1,1,4.9983333333333331,299.9,12.993934142114385,0,0
20261008,UCSes4X8uDrpc4X46hJKjejg,HtZ8tDkeGJY,on_demand,not_subscribed,US,7,7sCl_xj_Azw,2,1,1.6535,99.21,168.15254237288136,0,0
20261008,UCSes4X8uDrpc4X46hJKjejg,QxkwRERjZgA,on_demand,not_subscribed,US,5,,10,4,4.0047,59.2655,102.18189655172414,0,0
20261008,UCSes4X8uDrpc4X46hJKjejg,desjJiqXjVw,on_demand,not_subscribed,US,14,PLX3ZLYz4-6vE2_ZNLW5AfzbHTd1jTskDl,1,1,50.841016666666668,3050.461,99.982333661094728,0,0
20261008,UCSes4X8uDrpc4X46hJKjejg,BeZUS-lZ4qs,on_demand,not_subscribed,US,7,RAk8080EgjY,1,1,4.543333333333333,272.6,8.79922530664945,1,4.543333333333333
20261008,UCSes4X8uDrpc4X46hJKjejg,3oF068CdTYo,on_demand,not_subscribed,IN,5,,2,1,0.76166666666666671,45.7,134.41176470588235,0,0
20261008,UCSes4X8uDrpc4X46hJKjejg,JwDkO74iC-w,on_demand,not_subscribed,US,14,PLX3ZLYz4-6vE2_ZNLW5AfzbHTd1jTskDl,1,1,40.306666666666665,2418.4,46.196752626552055,1,40.306666666666665
20261008,UCSes4X8uDrpc4X46hJKjejg,QUD-7qlFQUs,on_demand,not_subscribed,US,5,,7,2,2.84,84.55,153.72727272727272,0,0
20261008,UCSes4X8uDrpc4X46hJKjejg,7aus3KbsW_c,on_demand,subscribed,US,5,,1,0,0.054533333333333336,0,0,0,0
20261008,UCSes4X8uDrpc4X46hJKjejg,yXI5JzLdcwk,on_demand,not_subscribed,PH,3,what-to-watch,1,0,0.027833333333333335,0,0,0,0
20261008,UCSes4X8uDrpc4X46hJKjejg,2n5LJUyMtAk,on_demand,not_subscribed,LU,3,what-to-watch,2,0,0.010333333333333333,0,0,0,0
20261008,UCSes4X8uDrpc4X46hJKjejg,YHtB62qU1r8,on_demand,not_subscribed,US,7,k2S-lR7ESmE,1,1,0.509,30.54,6.4978723404255323,0,0
20261008,UCSes4X8uDrpc4X46hJKjejg,WAYYE5BMG6c,on_demand,subscribed,US,7,Uf2qOFL1GfM,1,1,0.25833333333333336,15.5,0.81664910432033722,1,0.25833333333333336
20261008,UCSes4X8uDrpc4X46hJKjejg,wPiF9-iLzdQ,on_demand,not_subscribed,BS,5,lamar jackson,2,1,0.78166666666666662,46.9,117.25,0,0
20261008,UCSes4X8uDrpc4X46hJKjejg,UOsqGlestSU,on_demand,not_subscribed,US,5,kenyon martin,6,4,3.1205,46.755,56.331325301204821,0,0
20261008,UCSes4X8uDrpc4X46hJKjejg,QytSHiiqR3k,on_demand,subscribed,ZW,24,unknown,1,0,0.016666666666666666,0,0,0,0
20261008,UCSes4X8uDrpc4X46hJKjejg,CHaZ3JGEv28,on_demand,not_subscribed,PT,24,unknown,1,1,0.11333333333333333,6.8,17.894736842105264,0,0
20261008,UCSes4X8uDrpc4X46hJKjejg,0b8eta7f8mY,on_demand,not_subscribed,ZA,3,what-to-watch,1,1,5.3735833333333334,322.415,61.179316888045541,0,0
20261008,UCSes4X8uDrpc4X46hJKjejg,NKWK0WtZalw,on_demand,not_subscribed,US,5,,2,1,1.2965,76.53,69.572727272727278,0,0
20261008,UCSes4X8uDrpc4X46hJKjejg,JZgusHsQ0l4,on_demand,not_subscribed,ID,24,unknown,2,1,0.42315,22.989,44.209615384615383,0,0
20261008,UCSes4X8uDrpc4X46hJKjejg,JsEe4qzWT40,on_demand,not_subscribed,US,3,what-to-watch,5,0,0.2382,0,0,0,0
20261008,UCSes4X8uDrpc4X46hJKjejg,2n5LJUyMtAk,on_demand,not_subscribed,AU,3,what-to-watch,2,0,0.030183333333333333,0,0,0,0
20261008,UCSes4X8uDrpc4X46hJKjejg,lJGV7X5oOg0,on_demand,not_subscribed,US,5,,1,1,0.0071666666666666667,0.43,1.34375,0,0
20261008,UCSes4X8uDrpc4X46hJKjejg,198kcwoCgIY,on_demand,not_subscribed,AU,5,,1,0,0.01175,0,0,0,0
20261008,UCSes4X8uDrpc4X46hJKjejg,QytSHiiqR3k,on_demand,not_subscribed,US,17,uploaded_other,20,9,3.9086666666666665,25.657777777777778,135.04093567251462,5,0.68166666666666664
20261008,UCSes4X8uDrpc4X46hJKjejg,FCAC9ZyPn_4,on_demand,not_subscribed,HK,3,what-to-watch,2,1,2.84635,170.293,38.702954545454546,0,0
20261008,UCSes4X8uDrpc4X46hJKjejg,0JUVBPIGUg8,on_demand,not_subscribed,CA,5,,2,2,0.189,5.67,14.538461538461538,0,0
20261008,UCSes4X8uDrpc4X46hJKjejg,gTMjT4y5LHE,on_demand,not_subscribed,BG,3,what-to-watch,3,1,3.04465,177.019,35.8338056680162,0,0
20261008,UCSes4X8uDrpc4X46hJKjejg,0b8eta7f8mY,on_demand,not_subscribed,HK,7,RV0zvSL56o4,1,1,8.6251833333333341,517.511,98.199430740037954,0,0
20261008,UCSes4X8uDrpc4X46hJKjejg,CHaZ3JGEv28,on_demand,not_subscribed,IN,8,unknown,2,1,0.63836666666666664,38.302,100.79473684210527,0,0
20261008,UCSes4X8uDrpc4X46hJKjejg,J6rzMuvuMuo,on_demand,not_subscribed,GB,5,,3,1,1.48615,85.43,118.65277777777777,0,0
20261008,UCSes4X8uDrpc4X46hJKjejg,ZYxC81zpCi0,on_demand,not_subscribed,FR,5,,2,0,0.071316666666666667,0,0,0,0
20261008,UCSes4X8uDrpc4X46hJKjejg,QytSHiiqR3k,on_demand,not_subscribed,NA,24,unknown,7,4,1.2474666666666667,17.812,93.747368421052627,0,0
20261008,UCSes4X8uDrpc4X46hJKjejg,ze7OyP5UN9w,on_demand,not_subscribed,PH,5,,1,0,0.0016666666666666668,0,0,0,0
20261008,UCSes4X8uDrpc4X46hJKjejg,CHaZ3JGEv28,on_demand,subscribed,US,4,UCDtz84R5bn4fY8AgHuouojg,1,0,0.010333333333333333,0,0,0,0
20261008,UCSes4X8uDrpc4X46hJKjejg,5UEhfpivkPo,on_demand,not_subscribed,US,4,UCSes4X8uDrpc4X46hJKjejg,1,1,0.46333333333333332,27.8,99.285714285714292,0,0
20261008,UCSes4X8uDrpc4X46hJKjejg,sw4NTTJpYCY,on_demand,not_subscribed,IN,5,,2,1,1.1466666666666667,68.8,101.17647058823529,0,0
20261008,UCSes4X8uDrpc4X46hJKjejg,vi8iKo2yzxA,on_demand,not_subscribed,TH,5,alex caruso,1,1,0.16916666666666666,10.15,17.5,0,0
20261008,UCSes4X8uDrpc4X46hJKjejg,yapU4SQQ39c,on_demand,not_subscribed,US,3,what-to-watch,1,1,20.398,1223.88,44.929515418502206,0,0
20261008,UCSes4X8uDrpc4X46hJKjejg,MEHDJ9V-lIk,on_demand,not_subscribed,KR,3,what-to-watch,1,0,0.018333333333333333,0,0,0,0
20261008,UCSes4X8uDrpc4X46hJKjejg,9ak8N4NkEwk,on_demand,not_subscribed,CA,5,,1,0,0.007,0,0,0,0
20261008,UCSes4X8uDrpc4X46hJKjejg,HtZ8tDkeGJY,on_demand,not_subscribed,AU,24,unknown,6,2,1.4393333333333334,39.985,67.771186440677965,2,0.3833333333333333
20261008,UCSes4X8uDrpc4X46hJKjejg,JZgusHsQ0l4,on_demand,not_subscribed,PH,24,unknown,21,12,10.009883333333333,49.941083333333331,96.040544871794879,1,0.0985
20261008,UCSes4X8uDrpc4X46hJKjejg,QytSHiiqR3k,on_demand,not_subscribed,RW,24,unknown,2,1,0.32703333333333334,19.622,103.27368421052631,0,0
20261008,UCSes4X8uDrpc4X46hJKjejg,QytSHiiqR3k,on_demand,not_subscribed,NG,24,unknown,20,8,4.8131,34.9145,183.76052631578946,3,0.47833333333333333
20261008,UCSes4X8uDrpc4X46hJKjejg,BeZUS-lZ4qs,on_demand,not_subscribed,US,7,kFfVS38QW_A,1,1,19.707966666666668,1182.478,38.169076823757266,0,0
20261008,UCSes4X8uDrpc4X46hJKjejg,BJRAeFXkOd4,on_demand,not_subscribed,CA,5,,1,1,3.4474833333333335,206.849,94.8848623853211,0,0
20261008,UCSes4X8uDrpc4X46hJKjejg,CHaZ3JGEv28,on_demand,not_subscribed,FR,5,wizards,1,1,0.11716666666666667,7.03,18.5,0,0
20261008,UCSes4X8uDrpc4X46hJKjejg,uzUBO8cpUC0,on_demand,not_subscribed,GB,5,,1,1,1.1145666666666667,66.874,85.735897435897442,0,0
20261008,UCSes4X8uDrpc4X46hJKjejg,Ppxt7uU9PRA,on_demand,not_subscribed,US,24,unknown,1,1,1.1976833333333334,71.861,102.65857142857143,0,0
20261008,UCSes4X8uDrpc4X46hJKjejg,Ha6asqD-La8,on_demand,subscribed,US,17,uploaded_other,1,1,0.56666666666666665,34,91.891891891891888,1,0.56666666666666665
20261008,UCSes4X8uDrpc4X46hJKjejg,VabbVbaoc3U,on_demand,not_subscribed,US,5,,1,0,0.0016666666666666668,0,0,0,0
20261008,UCSes4X8uDrpc4X46hJKjejg,gTMjT4y5LHE,on_demand,subscribed,CA,18,my-likes,1,1,0.2765,16.59,3.3582995951417005,0,0
20261008,UCSes4X8uDrpc4X46hJKjejg,J6rzMuvuMuo,on_demand,not_subscribed,PH,5,zach randolph demarcus cousins,1,0,0.033333333333333333,0,0,0,0
20261008,UCSes4X8uDrpc4X46hJKjejg,k3pJGiIh1RE,on_demand,not_subscribed,CA,5,,1,0,0.0251,0,0,0,0
20261008,UCSes4X8uDrpc4X46hJKjejg,XxNpGT_I6mk,on_demand,not_subscribed,PH,5,atlanta hawks,3,1,0.64023333333333332,37.78,114.48484848484848,0,0
20261008,UCSes4X8uDrpc4X46hJKjejg,itfxfmA1F64,on_demand,not_subscribed,SE,5,,2,1,1.31065,78.639,100.81923076923077,0,0
20261008,UCSes4X8uDrpc4X46hJKjejg,k4-t8XMp-wg,on_demand,subscribed,GB,3,what-to-watch,1,0,0.01505,0,0,0,0
20261008,UCSes4X8uDrpc4X46hJKjejg,9zaom3QbjYs,on_demand,not_subscribed,US,7,2_Wq9bVeFoc,1,1,6.4666666666666668,388,51.119894598155469,1,6.4666666666666668
20261008,UCSes4X8uDrpc4X46hJKjejg,7Ef_mmNaT5o,on_demand,not_subscribed,SG,5,,1,1,0.1165,6.99,15.195652173913043,0,0
20261008,UCSes4X8uDrpc4X46hJKjejg,yXI5JzLdcwk,on_demand,not_subscribed,AU,3,what-to-watch,5,2,2.7845,83.325,104.15625,0,0
20261008,UCSes4X8uDrpc4X46hJKjejg,MEHDJ9V-lIk,on_demand,not_subscribed,US,7,5TEPxgVe18E,1,1,0.78833333333333333,47.3,2.296116504854369,0,0
20261008,UCSes4X8uDrpc4X46hJKjejg,YHtB62qU1r8,on_demand,not_subscribed,US,7,c79hBpWc-O4,2,2,9.3822833333333335,281.4685,59.886914893617025,0,0
20261008,UCSes4X8uDrpc4X46hJKjejg,HtZ8tDkeGJY,on_demand,not_subscribed,SG,3,what-to-watch,3,1,1.4586,85.7,145.25423728813558,2,1.4283333333333332
20261008,UCSes4X8uDrpc4X46hJKjejg,2n5LJUyMtAk,on_demand,not_subscribed,FR,3,what-to-watch,1,0,0.0033333333333333335,0,0,0,0
20261008,UCSes4X8uDrpc4X46hJKjejg,YHtB62qU1r8,on_demand,subscribed,US,5,lebron james,1,1,1.047,62.82,13.36595744680851,0,0
20261008,UCSes4X8uDrpc4X46hJKjejg,YHtB62qU1r8,on_demand,not_subscribed,PH,5,76ers,2,1,5.5991333333333335,335.648,71.414468085106378,0,0
20261008,UCSes4X8uDrpc4X46hJKjejg,BeZUS-lZ4qs,on_demand,not_subscribed,US,7,9xWQqP-hUI4,1,1,51.62768333333333,3097.661,99.9890574564235,0,0
20261008,UCSes4X8uDrpc4X46hJKjejg,2n5LJUyMtAk,on_demand,not_subscribed,US,3,watch-later,1,1,0.026666666666666668,1.6,0.31683168316831684,1,0.026666666666666668
20261008,UCSes4X8uDrpc4X46hJKjejg,IkDS7ZhVkA4,on_demand,not_subscribed,CA,7,sfs7hyHVc5E,1,1,0.6606,39.636,1.7173310225303293,0,0
20261008,UCSes4X8uDrpc4X46hJKjejg,Ox7Rrh40O2o,on_demand,not_subscribed,CA,3,what-to-watch,1,1,1.0003,60.018,75.0225,0,0
20261008,UCSes4X8uDrpc4X46hJKjejg,V9NkcCuZZys,on_demand,not_subscribed,US,3,what-to-watch,1,1,15.333683333333333,920.021,100.00228260869565,0,0
20261008,UCSes4X8uDrpc4X46hJKjejg,gTMjT4y5LHE,on_demand,not_subscribed,US,7,qv54Mis-x8Y,1,1,2.9166666666666665,175,35.4251012145749,0,0
20261008,UCSes4X8uDrpc4X46hJKjejg,wPiF9-iLzdQ,on_demand,not_subscribed,IT,5,,1,1,0.2665,15.99,39.975,0,0
20261008,UCSes4X8uDrpc4X46hJKjejg,fAZy3HtHBzA,on_demand,not_subscribed,US,4,UCSes4X8uDrpc4X46hJKjejg,2,1,0.54666666666666663,32.8,102.5,0,0
20261008,UCSes4X8uDrpc4X46hJKjejg,HCZIc9OVy1o,on_demand,not_subscribed,PH,3,what-to-watch,1,1,0.33083333333333331,19.85,0.68259972489683629,0,0
20261008,UCSes4X8uDrpc4X46hJKjejg,YHtB62qU1r8,on_demand,not_subscribed,US,7,NrcUgZlhey8,1,1,7.5298833333333333,451.793,96.126170212765956,0,0
20261008,UCSes4X8uDrpc4X46hJKjejg,PeMHxUwuByQ,on_demand,not_subscribed,US,0,unknown,5,5,29.008366666666667,348.1004,9.355022843321688,0,0
20261008,UCSes4X8uDrpc4X46hJKjejg,1t3OClu0AG8,on_demand,not_subscribed,GR,5,,1,0,0.10206666666666667,0,0,0,0
20261008,UCSes4X8uDrpc4X46hJKjejg,HtZ8tDkeGJY,on_demand,subscribed,PH,24,unknown,1,1,0.94866666666666666,56.92,96.474576271186436,0,0
20261008,UCSes4X8uDrpc4X46hJKjejg,ePdXtNfowRo,on_demand,not_subscribed,ZA,7,5LvPoMjVDvs,1,1,2.8916666666666666,173.5,33.820662768031191,0,0
20261008,UCSes4X8uDrpc4X46hJKjejg,YHtB62qU1r8,on_demand,not_subscribed,BS,7,WH3sYXA9jfk,1,1,0.71,42.6,9.0638297872340434,0,0
20261008,UCSes4X8uDrpc4X46hJKjejg,-TauZcQxKUU,on_demand,not_subscribed,US,4,UCSes4X8uDrpc4X46hJKjejg,2,2,0.75606666666666666,22.682,1.0709159584513692,0,0
20261008,UCSes4X8uDrpc4X46hJKjejg,CHaZ3JGEv28,on_demand,not_subscribed,HK,24,unknown,2,1,0.646,38.76,102,0,0
20261008,UCSes4X8uDrpc4X46hJKjejg,HtZ8tDkeGJY,on_demand,not_subscribed,PH,5,,4,2,3.2733333333333334,98.2,166.4406779661017,2,1.5666666666666667
20261008,UCSes4X8uDrpc4X46hJKjejg,6wZwOsYD9rQ,on_demand,not_subscribed,GB,5,,1,1,1.3525,81.15,15.60576923076923,0,0
20261008,UCSes4X8uDrpc4X46hJKjejg,BeZUS-lZ4qs,on_demand,not_subscribed,US,7,TYxJ_HXi6Cw,1,1,51.62755,3097.653,99.98879922530665,0,0
20261008,UCSes4X8uDrpc4X46hJKjejg,-k1Ng7TE63Q,on_demand,not_subscribed,ZA,5,,3,1,1,60,200,0,0
20261008,UCSes4X8uDrpc4X46hJKjejg,QxkwRERjZgA,on_demand,subscribed,US,5,,1,1,0.14206666666666667,8.524,14.696551724137931,0,0
20261008,UCSes4X8uDrpc4X46hJKjejg,p5XiosuCXB8,on_demand,not_subscribed,IT,5,,1,0,0.0336,0,0,0,0
20261008,UCSes4X8uDrpc4X46hJKjejg,BeZUS-lZ4qs,on_demand,not_subscribed,CA,18,PLX3ZLYz4-6vE2_ZNLW5AfzbHTd1jTskDl,1,1,51.612666666666669,3096.76,99.959974176888309,0,0
20261008,UCSes4X8uDrpc4X46hJKjejg,nDezJpLHvgs,on_demand,not_subscribed,FR,5,,1,0,0.10936666666666667,0,0,0,0
20261008,UCSes4X8uDrpc4X46hJKjejg,JZgusHsQ0l4,on_demand,not_subscribed,AU,24,unknown,3,2,1.0741,31.5,60.57692307692308,0,0
20261008,UCSes4X8uDrpc4X46hJKjejg,YHtB62qU1r8,on_demand,not_subscribed,AU,7,YDrSvIdx-Jk,1,1,7.6276666666666664,457.66,97.374468085106386,1,7.6276666666666664
20261008,UCSes4X8uDrpc4X46hJKjejg,dKoSQ-63gP4,on_demand,not_subscribed,NL,3,what-to-watch,1,1,2.2981666666666665,137.89,22.642036124794746,0,0
20261008,UCSes4X8uDrpc4X46hJKjejg,84XwX8zGUOk,on_demand,not_subscribed,GB,3,what-to-watch,1,0,0,0,0,0,0
20261008,UCSes4X8uDrpc4X46hJKjejg,QytSHiiqR3k,on_demand,not_subscribed,ME,24,unknown,6,2,2.1726666666666667,65.18,343.05263157894734,0,0
20261008,UCSes4X8uDrpc4X46hJKjejg,fTXwOlPruv0,on_demand,subscribed,MX,4,UCSes4X8uDrpc4X46hJKjejg,1,0,0.020333333333333332,0,0,1,0.020333333333333332
20261008,UCSes4X8uDrpc4X46hJKjejg,VMf9pJANqkw,on_demand,not_subscribed,US,3,what-to-watch,1,0,0.046283333333333336,0,0,0,0
20261008,UCSes4X8uDrpc4X46hJKjejg,QytSHiiqR3k,on_demand,not_subscribed,BE,24,unknown,13,8,1.9601,14.70075,77.372368421052627,1,0.074
20261008,UCSes4X8uDrpc4X46hJKjejg,UOsqGlestSU,on_demand,subscribed,US,5,kenyon martin,1,1,1.15985,69.591,83.84457831325301,1,1.15985
20261008,UCSes4X8uDrpc4X46hJKjejg,CHaZ3JGEv28,on_demand,subscribed,PT,24,unknown,1,1,0.2705,16.23,42.710526315789473,0,0
20261008,UCSes4X8uDrpc4X46hJKjejg,OGOmzWG_ThE,on_demand,not_subscribed,US,14,PLX3ZLYz4-6vE2_ZNLW5AfzbHTd1jTskDl,1,1,10.696666666666667,641.8,24.430909783022457,1,10.696666666666667
20261008,UCSes4X8uDrpc4X46hJKjejg,fyi6d0AButQ,on_demand,subscribed,IE,3,what-to-watch,1,0,0.06933333333333333,0,0,0,0
20261008,UCSes4X8uDrpc4X46hJKjejg,IkDS7ZhVkA4,on_demand,subscribed,US,7,NfZfaGd02yo,1,1,38.4485,2306.91,99.952772963604858,0,0
20261008,UCSes4X8uDrpc4X46hJKjejg,dKoSQ-63gP4,on_demand,not_subscribed,IL,3,what-to-watch,2,2,1.9384,58.152,9.5487684729064046,0,0
20261008,UCSes4X8uDrpc4X46hJKjejg,QytSHiiqR3k,on_demand,subscribed,US,17,uploaded_other,27,10,5.1958333333333337,30.268,159.30526315789473,4,0.7998333333333334
20261008,UCSes4X8uDrpc4X46hJKjejg,JZgusHsQ0l4,on_demand,not_subscribed,TH,3,what-to-watch,4,1,1.5078333333333334,89.41,171.94230769230768,2,1.4901666666666666
20261008,UCSes4X8uDrpc4X46hJKjejg,9LFMqUAyB_U,on_demand,not_subscribed,US,5,,1,1,0.40166666666666667,24.1,2.8319623971797885,0,0
20261008,UCSes4X8uDrpc4X46hJKjejg,QytSHiiqR3k,on_demand,not_subscribed,US,9,feedly.com,1,1,0.30535,18.321,96.426315789473691,0,0
20261008,UCSes4X8uDrpc4X46hJKjejg,bYyR5Ika78M,on_demand,subscribed,US,0,unknown,2,2,0.17861666666666667,5.3585,0.69590909090909092,0,0
20261008,UCSes4X8uDrpc4X46hJKjejg,YqW2Prk9nvs,on_demand,not_subscribed,US,5,,1,0,0.019333333333333334,0,0,1,0.019333333333333334
20261008,UCSes4X8uDrpc4X46hJKjejg,JZgusHsQ0l4,on_demand,not_subscribed,SG,3,what-to-watch,4,1,0.64421666666666666,35.79,68.82692307692308,1,0.5965
20261008,UCSes4X8uDrpc4X46hJKjejg,HwWx5nhjCx8,on_demand,not_subscribed,PH,3,what-to-watch,1,0,0.093333333333333338,0,0,0,0
20261008,UCSes4X8uDrpc4X46hJKjejg,gTMjT4y5LHE,on_demand,not_subscribed,AO,3,watch-later,1,1,2.6678333333333333,160.07,32.402834008097166,0,0
20261008,UCSes4X8uDrpc4X46hJKjejg,raTPEA_Z12U,on_demand,not_subscribed,CA,5,,1,0,0.037033333333333335,0,0,0,0
20261008,UCSes4X8uDrpc4X46hJKjejg,fAZy3HtHBzA,on_demand,not_subscribed,NZ,24,unknown,1,1,0.14783333333333334,8.87,27.71875,0,0
20261008,UCSes4X8uDrpc4X46hJKjejg,QytSHiiqR3k,on_demand,not_subscribed,MY,24,unknown,28,15,4.7413166666666671,18.53326666666667,97.543508771929822,1,0.044666666666666667
20261008,UCSes4X8uDrpc4X46hJKjejg,IYL3_MSyo_U,on_demand,not_subscribed,IN,0,unknown,1,1,0.15566666666666668,9.34,0.34837747109287581,0,0
20261008,UCSes4X8uDrpc4X46hJKjejg,PVOl1jy_sPs,on_demand,not_subscribed,US,3,watch-later,1,1,5.9128333333333334,354.77,99.935211267605638,1,5.9128333333333334
20261008,UCSes4X8uDrpc4X46hJKjejg,5UEhfpivkPo,on_demand,subscribed,US,4,UCSes4X8uDrpc4X46hJKjejg,1,0,0.0625,0,0,0,0
20261008,UCSes4X8uDrpc4X46hJKjejg,qKk3hH95Two,on_demand,not_subscribed,US,5,,1,1,0.50416666666666665,30.25,43.214285714285715,0,0
20261008,UCSes4X8uDrpc4X46hJKjejg,2n5LJUyMtAk,on_demand,not_subscribed,US,8,ytremote,1,1,8.4110166666666668,504.661,99.932871287128719,1,8.4110166666666668
20261008,UCSes4X8uDrpc4X46hJKjejg,9LFMqUAyB_U,on_demand,not_subscribed,SI,9,Google Search,1,1,1.9682,118.092,13.876850763807285,0,0
20261008,UCSes4X8uDrpc4X46hJKjejg,HtZ8tDkeGJY,on_demand,subscribed,AU,24,unknown,1,1,0.16166666666666665,9.7,16.440677966101696,0,0
20261008,UCSes4X8uDrpc4X46hJKjejg,JZgusHsQ0l4,on_demand,subscribed,PH,24,unknown,1,0,0.0415,0,0,0,0
20261008,UCSes4X8uDrpc4X46hJKjejg,p5XiosuCXB8,on_demand,not_subscribed,GB,3,what-to-watch,2,1,1.0544833333333334,63.269,103.71967213114755,0,0
20261008,UCSes4X8uDrpc4X46hJKjejg,YHtB62qU1r8,on_demand,not_subscribed,PH,9,unknown,1,1,0.12833333333333333,7.7,1.6382978723404256,0,0
20261008,UCSes4X8uDrpc4X46hJKjejg,DV9g1AgkDW0,on_demand,not_subscribed,US,4,UCSes4X8uDrpc4X46hJKjejg,1,1,0.2705,16.23,12.111940298507463,0,0
20261008,UCSes4X8uDrpc4X46hJKjejg,CHaZ3JGEv28,on_demand,subscribed,FR,5,wizards,1,1,0.19666666666666666,11.8,31.05263157894737,0,0
20261008,UCSes4X8uDrpc4X46hJKjejg,HtZ8tDkeGJY,on_demand,not_subscribed,AU,5,,1,1,0.28533333333333333,17.12,29.016949152542374,0,0
20261008,UCSes4X8uDrpc4X46hJKjejg,2KDQxZ48L88,on_demand,subscribed,US,5,,3,1,3.427,205.62,263.61538461538464,0,0
20261008,UCSes4X8uDrpc4X46hJKjejg,JZgusHsQ0l4,on_demand,not_subscribed,PH,5,,22,8,9.413,69.9975,134.61057692307693,3,1.091
20261008,UCSes4X8uDrpc4X46hJKjejg,YHtB62qU1r8,on_demand,not_subscribed,TT,7,pTtoCledX08,1,1,2.496,149.76,31.863829787234042,0,0
20261008,UCSes4X8uDrpc4X46hJKjejg,XxNpGT_I6mk,on_demand,not_subscribed,AU,24,unknown,2,1,0.575,34.5,104.54545454545455,0,0
20261008,UCSes4X8uDrpc4X46hJKjejg,kHqq0RR6dHE,on_demand,not_subscribed,ZA,3,what-to-watch,1,1,16.416666666666668,985,98.895582329317264,0,0
20261008,UCSes4X8uDrpc4X46hJKjejg,M-M22Ac4CRE,on_demand,not_subscribed,AU,3,what-to-watch,1,1,0.53498333333333337,32.099,97.269696969696966,1,0.53498333333333337
20261008,UCSes4X8uDrpc4X46hJKjejg,ePdXtNfowRo,on_demand,not_subscribed,BN,3,what-to-watch,1,1,3.8412833333333332,230.477,44.927290448343079,0,0
20261008,UCSes4X8uDrpc4X46hJKjejg,BeZUS-lZ4qs,on_demand,not_subscribed,CA,3,what-to-watch,8,3,15.644733333333333,310.3,10.016139444803098,2,15.28
20261008,UCSes4X8uDrpc4X46hJKjejg,Ppxt7uU9PRA,on_demand,not_subscribed,US,5,,4,3,2.2167,44.334,63.334285714285713,0,0
20261008,UCSes4X8uDrpc4X46hJKjejg,CHaZ3JGEv28,on_demand,subscribed,VN,24,unknown,2,1,0.84,50.4,132.63157894736841,0,0
20261008,UCSes4X8uDrpc4X46hJKjejg,6ljakZEWb0o,on_demand,subscribed,LA,3,what-to-watch,1,0,0.098166666666666666,0,0,0,0
20261008,UCSes4X8uDrpc4X46hJKjejg,ePdXtNfowRo,on_demand,not_subscribed,MY,5,,1,1,0.66666666666666663,40,7.7972709551656916,0,0
20261008,UCSes4X8uDrpc4X46hJKjejg,9zaom3QbjYs,on_demand,not_subscribed,PL,3,what-to-watch,1,0,0.00885,0,0,0,0
20261008,UCSes4X8uDrpc4X46hJKjejg,ymfIczLSXfI,on_demand,not_subscribed,AU,5,,2,1,0.73135,43.881,115.47631578947369,0,0
20261008,UCSes4X8uDrpc4X46hJKjejg,4kM5P08h3q4,on_demand,subscribed,GB,5,,1,0,0.090833333333333335,0,0,0,0
20261008,UCSes4X8uDrpc4X46hJKjejg,XTGlwLovDD0,on_demand,subscribed,US,7,BeZUS-lZ4qs,1,1,40.404683333333331,2424.281,99.97035051546392,1,40.404683333333331
20261008,UCSes4X8uDrpc4X46hJKjejg,XlT3SmO6YYs,on_demand,not_subscribed,US,3,what-to-watch,1,1,1.6801666666666666,100.81,89.212389380530979,0,0
20261008,UCSes4X8uDrpc4X46hJKjejg,6mYXcUQHtfA,on_demand,not_subscribed,US,3,what-to-watch,1,0,0.098333333333333328,0,0,0,0
20261008,UCSes4X8uDrpc4X46hJKjejg,pWCQrmx8beo,on_demand,not_subscribed,CA,3,what-to-watch,1,0,0.046166666666666668,0,0,0,0
20261008,UCSes4X8uDrpc4X46hJKjejg,gTMjT4y5LHE,on_demand,not_subscribed,US,7,daEFEnK7feo,1,1,2.7953333333333332,167.72,33.951417004048587,0,0
20261008,UCSes4X8uDrpc4X46hJKjejg,mUAP-9mAYUw,on_demand,not_subscribed,MY,5,,1,1,0.25,15,21.12676056338028,1,0.25
20261008,UCSes4X8uDrpc4X46hJKjejg,fAZy3HtHBzA,on_demand,subscribed,US,4,UCSes4X8uDrpc4X46hJKjejg,3,3,0.86183333333333334,17.236666666666668,53.864583333333336,1,0.1385
20261008,UCSes4X8uDrpc4X46hJKjejg,EIUqX3av_G0,on_demand,not_subscribed,US,5,,2,2,0.84833333333333338,25.45,53.020833333333336,0,0
20261008,UCSes4X8uDrpc4X46hJKjejg,po8YrSQivoM,on_demand,not_subscribed,US,3,what-to-watch,4,2,0.93703333333333338,24.0945,0.70205419580419581,1,0.033883333333333335
20261008,UCSes4X8uDrpc4X46hJKjejg,7HuaEHVdk6c,on_demand,not_subscribed,QA,5,,2,1,1.7075166666666666,98.548,95.677669902912626,0,0
20261008,UCSes4X8uDrpc4X46hJKjejg,Rl73WZoqKzE,on_demand,not_subscribed,US,14,PLX3ZLYz4-6vF1bjHk5zROfglVneetkfmx,1,1,0.11566666666666667,6.94,1.1644295302013423,1,0.11566666666666667
20261008,UCSes4X8uDrpc4X46hJKjejg,yqQ_QnY4_XU,on_demand,not_subscribed,GH,4,UCSes4X8uDrpc4X46hJKjejg,2,1,0.78583333333333338,47.15,100.31914893617021,0,0
20261008,UCSes4X8uDrpc4X46hJKjejg,cDEy2e8wqlc,on_demand,not_subscribed,US,5,,6,4,1.3988166666666666,20.34725,54.992567567567569,3,1.05065
20261008,UCSes4X8uDrpc4X46hJKjejg,0JHD_pApR7w,on_demand,not_subscribed,PH,5,,1,1,0.43433333333333335,26.06,37.768115942028984,0,0
20261008,UCSes4X8uDrpc4X46hJKjejg,-TauZcQxKUU,on_demand,subscribed,US,4,UCSes4X8uDrpc4X46hJKjejg,2,2,35.161666666666669,1054.85,49.804060434372047,2,35.161666666666669
20261008,UCSes4X8uDrpc4X46hJKjejg,e7CxdG8sNlA,on_demand,not_subscribed,ZA,3,what-to-watch,3,2,0.49635,14.6905,3.0927368421052632,1,0.01345
20261008,UCSes4X8uDrpc4X46hJKjejg,eqlwdgYN1FU,on_demand,not_subscribed,FI,5,,3,1,1.7943333333333333,107.66,182.47457627118644,0,0
20261008,UCSes4X8uDrpc4X46hJKjejg,CHaZ3JGEv28,on_demand,subscribed,HK,24,unknown,3,2,1.1115333333333333,33.346,87.752631578947373,2,0.6385
20261008,UCSes4X8uDrpc4X46hJKjejg,f4MfVVTJ6pY,on_demand,not_subscribed,GE,3,what-to-watch,1,0,0.10668333333333334,0,0,0,0
20261008,UCSes4X8uDrpc4X46hJKjejg,0JHD_pApR7w,on_demand,not_subscribed,ID,5,san antonio spurs,2,2,0.67133333333333334,20.14,29.188405797101449,2,0.67133333333333334
20261008,UCSes4X8uDrpc4X46hJKjejg,HwWx5nhjCx8,on_demand,not_subscribed,AU,3,what-to-watch,1,1,0.105,6.3,0.60518731988472618,1,0.105
20261008,UCSes4X8uDrpc4X46hJKjejg,iOURk-GhPG0,on_demand,subscribed,GB,24,unknown,2,0,0.020833333333333332,0,0,0,0
20261008,UCSes4X8uDrpc4X46hJKjejg,HtZ8tDkeGJY,on_demand,not_subscribed,AU,7,ZV7Bt8Y7nAA,1,1,0.90416666666666667,54.25,91.949152542372886,1,0.90416666666666667
20261008,UCSes4X8uDrpc4X46hJKjejg,oujDWGTay-Q,on_demand,not_subscribed,US,5,,7,4,2.5409833333333331,36.92375,49.231666666666669,0,0
20261008,UCSes4X8uDrpc4X46hJKjejg,IkDS7ZhVkA4,on_demand,not_subscribed,US,7,LC_CU_IkCXs,1,1,0.041666666666666664,2.5,0.10831889081455806,1,0.041666666666666664
20261008,UCSes4X8uDrpc4X46hJKjejg,CHaZ3JGEv28,on_demand,not_subscribed,HK,5,,3,1,0.64108333333333334,35.755,94.09210526315789,0,0
20261008,UCSes4X8uDrpc4X46hJKjejg,YHtB62qU1r8,on_demand,not_subscribed,SL,3,what-to-watch,1,0,0.06356666666666666,0,0,0,0
20261008,UCSes4X8uDrpc4X46hJKjejg,MEHDJ9V-lIk,on_demand,subscribed,AE,7,sOvVYlH9Rgs,1,1,1.3166666666666667,79,3.8349514563106797,0,0
20261008,UCSes4X8uDrpc4X46hJKjejg,bK14uGRrRaU,on_demand,not_subscribed,US,14,PLX3ZLYz4-6vE2_ZNLW5AfzbHTd1jTskDl,1,1,68.88666666666667,4133.2,97.804070042593466,1,68.88666666666667
20261008,UCSes4X8uDrpc4X46hJKjejg,7HuaEHVdk6c,on_demand,not_subscribed,PH,5,,2,0,0.048333333333333332,0,0,0,0
20261008,UCSes4X8uDrpc4X46hJKjejg,k_Qt4Ilp70c,on_demand,not_subscribed,US,3,what-to-watch,2,1,10.0565,602.59,102.83105802047781,0,0
20261008,UCSes4X8uDrpc4X46hJKjejg,YunIKDzyezI,on_demand,not_subscribed,US,14,PLX3ZLYz4-6vE2_ZNLW5AfzbHTd1jTskDl,1,1,45.591716666666663,2735.503,81.827789410708945,0,0
20261008,UCSes4X8uDrpc4X46hJKjejg,HCZIc9OVy1o,on_demand,subscribed,AU,7,5hnaSDBLveM,1,1,30.615833333333335,1836.95,63.168844566712515,1,30.615833333333335
20261008,UCSes4X8uDrpc4X46hJKjejg,QytSHiiqR3k,on_demand,not_subscribed,TH,24,unknown,17,9,2.2292666666666667,14.337333333333333,75.459649122807022,12,1.3146
20261008,UCSes4X8uDrpc4X46hJKjejg,6ljakZEWb0o,on_demand,not_subscribed,DE,3,what-to-watch,1,1,0.76616666666666666,45.97,1.6637712631197974,0,0
20261008,UCSes4X8uDrpc4X46hJKjejg,3oF068CdTYo,on_demand,not_subscribed,US,5,brooklyn nets,11,6,3.1185,30.541666666666668,89.828431372549019,2,0.575
20261008,UCSes4X8uDrpc4X46hJKjejg,QytSHiiqR3k,on_demand,not_subscribed,SG,24,unknown,47,19,9.3065833333333341,28.809736842105263,151.63019390581718,12,1.7943333333333333
20261008,UCSes4X8uDrpc4X46hJKjejg,1Vs6b9DRFto,on_demand,not_subscribed,US,3,my-history,1,1,5.6745,340.47,99.84457478005865,1,5.6745
20261008,UCSes4X8uDrpc4X46hJKjejg,rScJj_0-t-o,on_demand,not_subscribed,TH,5,new orleans pelicans,1,0,0.0245,0,0,0,0
20261008,UCSes4X8uDrpc4X46hJKjejg,l5M2ICRhyEA,on_demand,not_subscribed,ZW,3,what-to-watch,1,1,0.55,33,100,0,0
20261008,UCSes4X8uDrpc4X46hJKjejg,6qJqOrLxJik,on_demand,subscribed,PH,5,,1,1,14.371666666666666,862.3,32.031946508172361,0,0
20261008,UCSes4X8uDrpc4X46hJKjejg,BeZUS-lZ4qs,on_demand,subscribed,VN,5,,1,0,0.073466666666666666,0,0,0,0
20261008,UCSes4X8uDrpc4X46hJKjejg,OGOmzWG_ThE,on_demand,not_subscribed,CA,3,what-to-watch,1,0,0.06,0,0,0,0
20261008,UCSes4X8uDrpc4X46hJKjejg,JZgusHsQ0l4,on_demand,not_subscribed,AU,5,,1,0,0.026883333333333332,0,0,0,0
20261008,UCSes4X8uDrpc4X46hJKjejg,QytSHiiqR3k,on_demand,subscribed,BE,24,unknown,3,2,0.57266666666666666,17.18,90.421052631578945,1,0.098333333333333328
20261008,UCSes4X8uDrpc4X46hJKjejg,CHaZ3JGEv28,on_demand,subscribed,US,4,UC6Ng5rg0wVfSdzrTs3Y8jFA,1,0,0.0033333333333333335,0,0,0,0
20261008,UCSes4X8uDrpc4X46hJKjejg,gw79jVAmrx0,on_demand,not_subscribed,US,5,,2,1,0.497,29.62,2.7838345864661656,0,0
20261008,UCSes4X8uDrpc4X46hJKjejg,b-rp11aiQmc,on_demand,not_subscribed,US,9,unknown,1,1,1.0333333333333334,62,14.155251141552512,0,0
20261008,UCSes4X8uDrpc4X46hJKjejg,CHaZ3JGEv28,on_demand,not_subscribed,CA,3,what-to-watch,1,0,0.05,0,0,0,0
20261008,UCSes4X8uDrpc4X46hJKjejg,FC36sHokYnk,on_demand,not_subscribed,US,7,SKjEAfe9z2s,1,1,9.2306333333333335,553.838,99.970758122743689,1,9.2306333333333335
20261008,UCSes4X8uDrpc4X46hJKjejg,-CjQjOd2JEA,on_demand,not_subscribed,CA,3,what-to-watch,1,0,0.041166666666666664,0,0,0,0
20261008,UCSes4X8uDrpc4X46hJKjejg,YHtB62qU1r8,on_demand,not_subscribed,US,7,Y9j639UweK4,1,1,7.8242333333333329,469.454,99.883829787234049,0,0
20261008,UCSes4X8uDrpc4X46hJKjejg,-k1Ng7TE63Q,on_demand,not_subscribed,US,24,unknown,2,1,0.51966666666666672,31.18,103.93333333333334,0,0
20261008,UCSes4X8uDrpc4X46hJKjejg,XTGlwLovDD0,on_demand,subscribed,US,7,OGOmzWG_ThE,1,1,40.404683333333331,2424.281,99.97035051546392,0,0
20261008,UCSes4X8uDrpc4X46hJKjejg,YHtB62qU1r8,on_demand,not_subscribed,CA,3,what-to-watch,56,26,60.9725,138.38646153846153,29.443927986906711,7,10.997083333333332
20261008,UCSes4X8uDrpc4X46hJKjejg,YHtB62qU1r8,on_demand,not_subscribed,US,7,m1X5Pyo9NZc,4,4,19.940666666666665,299.11,63.640425531914893,0,0
20261008,UCSes4X8uDrpc4X46hJKjejg,M6PvfZYH31E,on_demand,not_subscribed,US,3,what-to-watch,2,1,1.4527166666666667,87.163,101.35232558139535,0,0
20261008,UCSes4X8uDrpc4X46hJKjejg,rVyl3bzFBcQ,on_demand,not_subscribed,AO,7,whpEUOSUZ4U,1,1,0.71325,42.795,11.629076086956522,0,0
20261008,UCSes4X8uDrpc4X46hJKjejg,222EkE1XZs0,on_demand,not_subscribed,US,3,what-to-watch,2,1,0.973,58.38,129.73333333333332,0,0
20261008,UCSes4X8uDrpc4X46hJKjejg,YHtB62qU1r8,on_demand,not_subscribed,CY,3,what-to-watch,2,0,0.15333333333333332,0,0,0,0
20261008,UCSes4X8uDrpc4X46hJKjejg,BvHw3ddSlms,on_demand,not_subscribed,CA,7,FlhkxBVaBp8,1,1,63.49816666666667,3809.89,79.7882722513089,0,0
20261008,UCSes4X8uDrpc4X46hJKjejg,9LFMqUAyB_U,on_demand,subscribed,US,5,,1,1,14.146666666666667,848.8,99.74148061104583,0,0
20261008,UCSes4X8uDrpc4X46hJKjejg,P1iVp2SjFm0,on_demand,not_subscribed,US,9,Google Search,1,1,0.5865,35.19,1.0170520231213873,0,0
20261008,UCSes4X8uDrpc4X46hJKjejg,HtZ8tDkeGJY,on_demand,not_subscribed,ES,24,unknown,1,1,0.27165,16.299,27.625423728813558,0,0
20261008,UCSes4X8uDrpc4X46hJKjejg,9vjrcOuBdYY,on_demand,not_subscribed,US,3,what-to-watch,4,2,2.4522166666666667,72.664,8.3907621247113156,0,0
20261008,UCSes4X8uDrpc4X46hJKjejg,M-M22Ac4CRE,on_demand,not_subscribed,VN,5,victor wembanyama,1,0,0.0016666666666666668,0,0,0,0
20261008,UCSes4X8uDrpc4X46hJKjejg,Ox7Rrh40O2o,on_demand,subscribed,SN,3,what-to-watch,1,0,0.05,0,0,0,0
20261008,UCSes4X8uDrpc4X46hJKjejg,PeMHxUwuByQ,on_demand,not_subscribed,US,7,GNWBOl3uFF4,2,2,96.933383333333339,2908.0015,78.151074979844125,0,0
20261008,UCSes4X8uDrpc4X46hJKjejg,YHtB62qU1r8,on_demand,not_subscribed,IN,3,what-to-watch,3,2,2.1651,64.638,13.752765957446808,0,0
20261008,UCSes4X8uDrpc4X46hJKjejg,9eLKiC65gQ0,on_demand,not_subscribed,US,5,,1,1,1.5245,91.47,70.361538461538458,0,0
20261008,UCSes4X8uDrpc4X46hJKjejg,6ljakZEWb0o,on_demand,not_subscribed,LT,3,what-to-watch,1,0,0.011666666666666667,0,0,0,0
20261008,UCSes4X8uDrpc4X46hJKjejg,BeZUS-lZ4qs,on_demand,not_subscribed,US,7,B2rB2dBmKOo,1,1,1.2376666666666667,74.26,2.39703034215623,0,0
20261008,UCSes4X8uDrpc4X46hJKjejg,QytSHiiqR3k,on_demand,subscribed,MY,24,unknown,2,1,0.20783333333333334,12.47,65.631578947368425,2,0.20783333333333334
20261008,UCSes4X8uDrpc4X46hJKjejg,HtZ8tDkeGJY,on_demand,not_subscribed,IN,7,ft4Vnlc5rxs,1,1,0.85773333333333335,51.464,87.2271186440678,0,0
20261008,UCSes4X8uDrpc4X46hJKjejg,YHtB62qU1r8,on_demand,not_subscribed,PL,3,what-to-watch,6,3,2.3755833333333332,46.834,9.96468085106383,0,0
20261008,UCSes4X8uDrpc4X46hJKjejg,IkDS7ZhVkA4,on_demand,not_subscribed,ID,5,,1,1,7.6991666666666667,461.95,20.015164644714037,0,0
20261008,UCSes4X8uDrpc4X46hJKjejg,BeZUS-lZ4qs,on_demand,not_subscribed,US,7,ztgtNBawT-4,1,1,43.261833333333335,2595.71,83.786636539703039,0,0
20261008,UCSes4X8uDrpc4X46hJKjejg,NN_PzDZuw9g,on_demand,not_subscribed,US,5,,2,0,0.0271,0,0,0,0
20261008,UCSes4X8uDrpc4X46hJKjejg,hfhxrnxnucU,on_demand,not_subscribed,US,5,,1,1,1.8286666666666667,109.72,98.846846846846844,0,0
20261008,UCSes4X8uDrpc4X46hJKjejg,HtZ8tDkeGJY,on_demand,not_subscribed,US,5,rajon rondo,19,9,10.158683333333334,66.894555555555556,113.38060263653485,3,2.4798333333333336
20261008,UCSes4X8uDrpc4X46hJKjejg,HwWx5nhjCx8,on_demand,not_subscribed,FR,3,what-to-watch,1,0,0.036866666666666666,0,0,0,0
20261008,UCSes4X8uDrpc4X46hJKjejg,4t-D0IFIQQk,on_demand,not_subscribed,NZ,5,,1,1,0.033933333333333336,2.036,0.6764119601328904,0,0
20261008,UCSes4X8uDrpc4X46hJKjejg,BeZUS-lZ4qs,on_demand,not_subscribed,PH,7,6Ss_u74Obxw,1,1,0.030333333333333334,1.82,0.058747579083279537,1,0.030333333333333334
20261008,UCSes4X8uDrpc4X46hJKjejg,lVK8i2o6lzQ,on_demand,subscribed,US,3,what-to-watch,1,0,0.031666666666666669,0,0,0,0
20261008,UCSes4X8uDrpc4X46hJKjejg,2n5LJUyMtAk,on_demand,not_subscribed,CH,3,what-to-watch,1,0,0.04635,0,0,0,0
20261008,UCSes4X8uDrpc4X46hJKjejg,0b8eta7f8mY,on_demand,not_subscribed,US,3,what-to-watch,37,22,69.445983333333331,187.37927272727273,35.555839227186475,7,9.5888666666666662
20261008,UCSes4X8uDrpc4X46hJKjejg,JZgusHsQ0l4,on_demand,not_subscribed,LB,3,what-to-watch,1,0,0.026666666666666668,0,0,0,0
20261008,UCSes4X8uDrpc4X46hJKjejg,YHtB62qU1r8,on_demand,subscribed,US,7,Os8okjX62pE,1,1,7.4015,444.09,94.4872340425532,0,0
20261008,UCSes4X8uDrpc4X46hJKjejg,CHaZ3JGEv28,on_demand,not_subscribed,DO,24,unknown,1,1,0.21966666666666668,13.18,34.684210526315788,1,0.21966666666666668
20261008,UCSes4X8uDrpc4X46hJKjejg,8ajxcRVL7g4,on_demand,not_subscribed,US,5,cam thomas,8,4,5.619766666666667,82.855,78.165094339622641,1,1.659
20261008,UCSes4X8uDrpc4X46hJKjejg,CHaZ3JGEv28,on_demand,not_subscribed,MX,5,washington wizards,2,0,0.1405,0,0,0,0
20261008,UCSes4X8uDrpc4X46hJKjejg,ybbL24ktLlw,on_demand,not_subscribed,PH,24,unknown,1,1,0.6,36,94.736842105263165,0,0
20261008,UCSes4X8uDrpc4X46hJKjejg,IkDS7ZhVkA4,on_demand,not_subscribed,US,7,HEzmHs7iAvw,1,1,0.588,35.28,1.5285961871750433,0,0
20261008,UCSes4X8uDrpc4X46hJKjejg,k5c7oBPcmRU,on_demand,subscribed,GB,5,,3,1,0.76145,44.979,99.953333333333333,0,0
20261008,UCSes4X8uDrpc4X46hJKjejg,BeZUS-lZ4qs,on_demand,subscribed,CA,3,what-to-watch,1,0,0,0,0,0,0
20261008,UCSes4X8uDrpc4X46hJKjejg,HtZ8tDkeGJY,on_demand,not_subscribed,IL,3,what-to-watch,2,1,1.0086666666666666,60.52,102.57627118644068,0,0
20261008,UCSes4X8uDrpc4X46hJKjejg,XTGlwLovDD0,on_demand,not_subscribed,US,5,,1,0,0.023083333333333334,0,0,0,0
20261008,UCSes4X8uDrpc4X46hJKjejg,IkDS7ZhVkA4,on_demand,not_subscribed,PH,5,,2,0,0.041383333333333334,0,0,0,0
20261008,UCSes4X8uDrpc4X46hJKjejg,f4MfVVTJ6pY,on_demand,not_subscribed,IT,3,what-to-watch,1,1,0.54466666666666663,32.68,1.9878345498783454,0,0
20261008,UCSes4X8uDrpc4X46hJKjejg,oujDWGTay-Q,on_demand,not_subscribed,LA,5,tyrese maxey,2,1,1.6116666666666666,96.7,128.93333333333334,0,0
20261008,UCSes4X8uDrpc4X46hJKjejg,BeZUS-lZ4qs,on_demand,not_subscribed,US,7,eAiUkrJMyWM,1,1,1.5682333333333334,94.094,3.0372498386055518,0,0
20261008,UCSes4X8uDrpc4X46hJKjejg,QytSHiiqR3k,on_demand,not_subscribed,TW,24,unknown,6,4,0.98651666666666671,14.79775,77.8828947368421,4,0.6792
20261008,UCSes4X8uDrpc4X46hJKjejg,QytSHiiqR3k,on_demand,not_subscribed,HU,24,unknown,7,3,1.0183333333333333,19.3,101.57894736842105,0,0
20261008,UCSes4X8uDrpc4X46hJKjejg,YHtB62qU1r8,on_demand,not_subscribed,GY,7,6UBlZJW3lYo,1,1,6.3033333333333337,378.2,80.468085106382972,0,0
20261008,UCSes4X8uDrpc4X46hJKjejg,YHtB62qU1r8,on_demand,not_subscribed,US,7,Y_3mL0wb_-I,1,1,7.9211666666666662,475.27,101.12127659574467,0,0
20261008,UCSes4X8uDrpc4X46hJKjejg,DFY-sVJGeDI,on_demand,not_subscribed,US,3,what-to-watch,1,1,40.201833333333333,2412.11,99.963116452548689,0,0
20261008,UCSes4X8uDrpc4X46hJKjejg,XlT3SmO6YYs,on_demand,subscribed,US,3,what-to-watch,1,1,1.8273333333333333,109.64,97.026548672566378,0,0
20261008,UCSes4X8uDrpc4X46hJKjejg,kHqq0RR6dHE,on_demand,not_subscribed,KE,3,what-to-watch,3,3,12.109766666666667,242.19533333333334,24.316800535475235,0,0
20261008,UCSes4X8uDrpc4X46hJKjejg,KLcmcAAvSkg,on_demand,subscribed,AU,4,UCSes4X8uDrpc4X46hJKjejg,1,1,0.58966666666666667,35.38,0.88229426433915215,0,0
20261008,UCSes4X8uDrpc4X46hJKjejg,ymfIczLSXfI,on_demand,not_subscribed,MA,5,,1,0,0.051633333333333337,0,0,0,0
20261008,UCSes4X8uDrpc4X46hJKjejg,0TDhWq6S65A,on_demand,not_subscribed,US,3,what-to-watch,1,0,0.0605,0,0,0,0
20261008,UCSes4X8uDrpc4X46hJKjejg,QytSHiiqR3k,on_demand,not_subscribed,TZ,24,unknown,6,2,0.965,27.85,146.57894736842104,0,0
20261008,UCSes4X8uDrpc4X46hJKjejg,mgmmw1KQris,on_demand,not_subscribed,NL,4,UCSes4X8uDrpc4X46hJKjejg,1,0,0.018583333333333334,0,0,0,0
20261008,UCSes4X8uDrpc4X46hJKjejg,dKoSQ-63gP4,on_demand,not_subscribed,PR,3,what-to-watch,4,2,2.49035,73.4825,12.066091954022989,0,0
20261008,UCSes4X8uDrpc4X46hJKjejg,NtvrlkDkUWY,on_demand,not_subscribed,US,5,,1,1,0.93483333333333329,56.09,96.706896551724142,0,0
20261008,UCSes4X8uDrpc4X46hJKjejg,jt5zUu9xgi4,on_demand,not_subscribed,US,3,what-to-watch,1,0,0.014,0,0,0,0
20261008,UCSes4X8uDrpc4X46hJKjejg,f4MfVVTJ6pY,on_demand,not_subscribed,GB,7,2i3tLbO0LYA,1,1,0.66116666666666668,39.67,2.4130170316301705,1,0.66116666666666668
20261008,UCSes4X8uDrpc4X46hJKjejg,fBt-BvGIsHQ,on_demand,not_subscribed,US,18,PLX3ZLYz4-6vE2_ZNLW5AfzbHTd1jTskDl,1,1,0.037066666666666664,2.224,0.063074305161656269,0,0
20261008,UCSes4X8uDrpc4X46hJKjejg,MaurflLy1CQ,on_demand,not_subscribed,GB,7,Lqs0X7WbxkM,1,1,0.215,12.9,2.034700315457413,0,0
20261008,UCSes4X8uDrpc4X46hJKjejg,oujDWGTay-Q,on_demand,subscribed,US,5,,3,1,2.5683333333333334,154.1,205.46666666666667,3,2.5683333333333334
20261008,UCSes4X8uDrpc4X46hJKjejg,0b8eta7f8mY,on_demand,not_subscribed,US,7,1fHrQC7xW_Q,1,1,6.169,370.14,70.235294117647058,0,0
20261008,UCSes4X8uDrpc4X46hJKjejg,m5D4N9fRrBE,on_demand,subscribed,US,5,,1,0,0.0033333333333333335,0,0,0,0
20261008,UCSes4X8uDrpc4X46hJKjejg,M6EKlkDnZRQ,on_demand,subscribed,GB,5,,1,1,0.41358333333333336,24.815,43.535087719298247,0,0
20261008,UCSes4X8uDrpc4X46hJKjejg,zxka0rRvmaU,on_demand,not_subscribed,US,5,,13,5,2.9874166666666668,33.626,71.544680851063831,3,0.8765
20261008,UCSes4X8uDrpc4X46hJKjejg,VKNmjIbno6Q,on_demand,not_subscribed,US,5,,5,3,0.83333333333333337,16.666666666666668,52.083333333333336,0,0
20261008,UCSes4X8uDrpc4X46hJKjejg,Ha6asqD-La8,on_demand,not_subscribed,HU,5,,2,1,0.63283333333333336,37.97,102.62162162162163,0,0
20261008,UCSes4X8uDrpc4X46hJKjejg,JZgusHsQ0l4,on_demand,not_subscribed,NL,3,what-to-watch,2,1,0.86716666666666664,52.03,100.05769230769231,0,0
20261008,UCSes4X8uDrpc4X46hJKjejg,ePdXtNfowRo,on_demand,not_subscribed,IN,7,PHh5iDPU1p4,1,1,1.8075,108.45,21.140350877192983,0,0
20261008,UCSes4X8uDrpc4X46hJKjejg,F0PO_64UfwU,on_demand,not_subscribed,CA,3,what-to-watch,1,0,0,0,0,0,0
20261008,UCSes4X8uDrpc4X46hJKjejg,MfjNVJmMMqA,on_demand,not_subscribed,US,3,what-to-watch,2,1,3.9935333333333332,239.212,73.830864197530857,0,0
20261008,UCSes4X8uDrpc4X46hJKjejg,Ha6asqD-La8,on_demand,not_subscribed,NL,24,unknown,4,0,0.055,0,0,0,0
20261008,UCSes4X8uDrpc4X46hJKjejg,je0veYRo_vs,on_demand,not_subscribed,US,9,search.brave.com,1,1,1.3025833333333334,78.155,90.877906976744185,0,0
20261008,UCSes4X8uDrpc4X46hJKjejg,_2utdeWP6UI,on_demand,not_subscribed,KE,7,llxHyECqm6A,1,1,2.1015333333333333,126.092,13.963676633444075,0,0
20261008,UCSes4X8uDrpc4X46hJKjejg,f4MfVVTJ6pY,on_demand,not_subscribed,CA,7,DNkdlSvb6OY,1,1,0.51008333333333333,30.605,1.8616180048661801,0,0
20261008,UCSes4X8uDrpc4X46hJKjejg,6ljakZEWb0o,on_demand,subscribed,DE,3,what-to-watch,1,0,0,0,0,0,0
20261008,UCSes4X8uDrpc4X46hJKjejg,JZgusHsQ0l4,on_demand,not_subscribed,QA,8,unknown,3,1,1.7601833333333334,105.611,203.09807692307692,0,0
20261008,UCSes4X8uDrpc4X46hJKjejg,XxNpGT_I6mk,on_demand,not_subscribed,ES,5,atlanta hawks,1,1,0.42283333333333334,25.37,76.878787878787875,0,0
20261008,UCSes4X8uDrpc4X46hJKjejg,e7CxdG8sNlA,on_demand,subscribed,IN,4,UCSes4X8uDrpc4X46hJKjejg,1,1,5.8516666666666666,351.1,73.915789473684214,1,5.8516666666666666
20261008,UCSes4X8uDrpc4X46hJKjejg,YHtB62qU1r8,on_demand,not_subscribed,CM,3,what-to-watch,1,1,3.6970833333333335,221.825,47.1968085106383,0,0
20261008,UCSes4X8uDrpc4X46hJKjejg,QytSHiiqR3k,on_demand,subscribed,SG,24,unknown,2,1,0.371,22.26,117.15789473684211,0,0
20261008,UCSes4X8uDrpc4X46hJKjejg,0b8eta7f8mY,on_demand,not_subscribed,CA,3,my-history,1,1,0.10116666666666667,6.07,1.1518026565464896,0,0
20261008,UCSes4X8uDrpc4X46hJKjejg,MpDNI6Cv1nw,on_demand,not_subscribed,PK,3,what-to-watch,1,0,0.033333333333333333,0,0,0,0
20261008,UCSes4X8uDrpc4X46hJKjejg,2n5LJUyMtAk,on_demand,subscribed,GB,5,,1,0,0.042166666666666665,0,0,0,0
20261008,UCSes4X8uDrpc4X46hJKjejg,6ljakZEWb0o,on_demand,subscribed,GB,7,bV7tuPbWHjU,1,1,15.070166666666667,904.21,32.72566051393413,1,15.070166666666667
20261008,UCSes4X8uDrpc4X46hJKjejg,BvHw3ddSlms,on_demand,not_subscribed,US,0,unknown,1,0,0.11831666666666667,0,0,0,0
20261008,UCSes4X8uDrpc4X46hJKjejg,JZgusHsQ0l4,on_demand,not_subscribed,DK,24,unknown,1,1,0.6868333333333333,41.21,79.25,0,0
20261008,UCSes4X8uDrpc4X46hJKjejg,QytSHiiqR3k,on_demand,not_subscribed,SG,5,,1,1,0.11161666666666667,6.697,35.247368421052634,0,0
20261008,UCSes4X8uDrpc4X46hJKjejg,1Vs6b9DRFto,on_demand,not_subscribed,US,5,,4,3,11.806166666666666,236.04999999999998,69.222873900293251,1,0.035833333333333335
20261008,UCSes4X8uDrpc4X46hJKjejg,CHaZ3JGEv28,on_demand,subscribed,CA,3,what-to-watch,1,0,0.01395,0,0,0,0
20261008,UCSes4X8uDrpc4X46hJKjejg,C2l9uxwD-qI,on_demand,not_subscribed,CA,3,what-to-watch,1,1,0.28403333333333336,17.042,0.4313338395342951,0,0
20261008,UCSes4X8uDrpc4X46hJKjejg,0b8eta7f8mY,on_demand,not_subscribed,US,14,PLDHPYODKPCvw,1,1,5.7333666666666669,344.002,65.275521821631884,0,0
20261008,UCSes4X8uDrpc4X46hJKjejg,5UEhfpivkPo,on_demand,subscribed,JP,24,unknown,2,1,0.77533333333333332,46.52,166.14285714285714,0,0
20261008,UCSes4X8uDrpc4X46hJKjejg,YHtB62qU1r8,on_demand,not_subscribed,FR,7,G0kLuXKgfGM,1,1,1.1883833333333333,71.303,15.170851063829787,0,0
20261008,UCSes4X8uDrpc4X46hJKjejg,84XwX8zGUOk,on_demand,not_subscribed,US,7,mWi2ygAOJ9c,1,1,8.4063333333333325,504.38,97.370656370656377,0,0
20261008,UCSes4X8uDrpc4X46hJKjejg,5UEhfpivkPo,on_demand,not_subscribed,US,24,unknown,1,1,0.085,5.1,18.214285714285715,0,0
20261008,UCSes4X8uDrpc4X46hJKjejg,gTMjT4y5LHE,on_demand,not_subscribed,CA,3,what-to-watch,162,53,171.62511666666666,189.75205660377358,38.411347490642427,12,26.540533333333332
20261008,UCSes4X8uDrpc4X46hJKjejg,JZgusHsQ0l4,on_demand,not_subscribed,IL,3,what-to-watch,3,1,0.20783333333333334,8.65,16.634615384615383,1,0.14416666666666667
20261008,UCSes4X8uDrpc4X46hJKjejg,JUn4tQJ9Y60,on_demand,not_subscribed,CA,5,,2,1,1.224,73.44,111.27272727272727,2,1.224
20261008,UCSes4X8uDrpc4X46hJKjejg,YHtB62qU1r8,on_demand,subscribed,CA,3,what-to-watch,6,2,2.7114666666666665,69.615,14.811702127659574,0,0
20261008,UCSes4X8uDrpc4X46hJKjejg,HtZ8tDkeGJY,on_demand,not_subscribed,US,7,CEXDlsPWBxg,1,1,0.174,10.44,17.694915254237287,1,0.174
20261008,UCSes4X8uDrpc4X46hJKjejg,M6PvfZYH31E,on_demand,subscribed,US,3,what-to-watch,2,1,1.425,85.07,98.9186046511628,0,0
20261008,UCSes4X8uDrpc4X46hJKjejg,gTMjT4y5LHE,on_demand,not_subscribed,CY,3,what-to-watch,1,1,1.8595333333333333,111.572,22.585425101214575,0,0
20261008,UCSes4X8uDrpc4X46hJKjejg,-k1Ng7TE63Q,on_demand,not_subscribed,US,5,,16,7,3.07625,24.964285714285715,83.214285714285708,0,0
20261008,UCSes4X8uDrpc4X46hJKjejg,QytSHiiqR3k,on_demand,not_subscribed,LB,24,unknown,1,1,0.095666666666666664,5.74,30.210526315789473,0,0
20261008,UCSes4X8uDrpc4X46hJKjejg,QytSHiiqR3k,on_demand,not_subscribed,BS,24,unknown,7,3,1.0477333333333334,20.741333333333333,109.16491228070176,0,0
20261008,UCSes4X8uDrpc4X46hJKjejg,gTMjT4y5LHE,on_demand,not_subscribed,IN,3,what-to-watch,1,0,0.073333333333333334,0,0,0,0
20261008,UCSes4X8uDrpc4X46hJKjejg,NP1GEiJhqeM,on_demand,not_subscribed,US,5,,2,1,1.4151666666666667,84.91,111.72368421052632,0,0
20261008,UCSes4X8uDrpc4X46hJKjejg,QytSHiiqR3k,on_demand,not_subscribed,GH,7,NuEfvCXYcJo,1,0,0.024666666666666667,0,0,1,0.024666666666666667
20261008,UCSes4X8uDrpc4X46hJKjejg,gTMjT4y5LHE,on_demand,not_subscribed,PL,3,what-to-watch,1,0,0.024183333333333334,0,0,0,0
20261008,UCSes4X8uDrpc4X46hJKjejg,6ljakZEWb0o,on_demand,not_subscribed,AU,0,unknown,1,0,0,0,0,0,0
20261008,UCSes4X8uDrpc4X46hJKjejg,DbNsygUVZUQ,on_demand,not_subscribed,US,3,what-to-watch,1,1,0.46111666666666667,27.667,44.6241935483871,1,0.46111666666666667
20261008,UCSes4X8uDrpc4X46hJKjejg,HIZeTvY4T7U,on_demand,not_subscribed,US,5,,5,3,1.8119166666666666,36.238333333333337,116.89784946236558,4,1.69875
20261008,UCSes4X8uDrpc4X46hJKjejg,MEHDJ9V-lIk,on_demand,not_subscribed,US,3,my-history,2,2,1.8270333333333333,54.811,2.6607281553398057,2,1.8270333333333333
20261008,UCSes4X8uDrpc4X46hJKjejg,QytSHiiqR3k,on_demand,subscribed,BE,3,/my_subscriptions,1,1,0.0071666666666666667,0.43,2.263157894736842,0,0
20261008,UCSes4X8uDrpc4X46hJKjejg,ybbL24ktLlw,on_demand,not_subscribed,ID,5,,2,1,0.705,42.3,111.31578947368421,0,0
20261008,UCSes4X8uDrpc4X46hJKjejg,l5M2ICRhyEA,on_demand,not_subscribed,NG,3,what-to-watch,2,0,0.053333333333333337,0,0,0,0
20261008,UCSes4X8uDrpc4X46hJKjejg,WAYYE5BMG6c,on_demand,not_subscribed,AU,5,,1,0,0.057183333333333336,0,0,0,0
20261008,UCSes4X8uDrpc4X46hJKjejg,2n5LJUyMtAk,on_demand,subscribed,UA,3,what-to-watch,2,1,0.042016666666666667,1.333,0.263960396039604,0,0
20261008,UCSes4X8uDrpc4X46hJKjejg,fAZy3HtHBzA,on_demand,subscribed,KE,24,unknown,1,0,0.015,0,0,0,0
20261008,UCSes4X8uDrpc4X46hJKjejg,M-M22Ac4CRE,on_demand,not_subscribed,GB,5,,1,0,0.001,0,0,0,0
20261008,UCSes4X8uDrpc4X46hJKjejg,PY_VRF7d7kc,on_demand,not_subscribed,FR,5,,1,1,8.2537666666666674,495.226,119.04471153846154,0,0
20261008,UCSes4X8uDrpc4X46hJKjejg,0b8eta7f8mY,on_demand,subscribed,US,3,what-to-watch,3,1,0.3594,11.445,2.1717267552182165,2,0.26896666666666669
20261008,UCSes4X8uDrpc4X46hJKjejg,Mrjky6bXwm4,on_demand,not_subscribed,US,24,unknown,1,1,0.1753,10.518,9.64954128440367,0,0
20261008,UCSes4X8uDrpc4X46hJKjejg,fBt-BvGIsHQ,on_demand,not_subscribed,US,3,what-to-watch,2,2,2.825,84.75,2.4035734543391944,0,0
20261008,UCSes4X8uDrpc4X46hJKjejg,3oF068CdTYo,on_demand,not_subscribed,CA,3,what-to-watch,10,3,1.7550333333333332,33.183,97.597058823529409,0,0
20261008,UCSes4X8uDrpc4X46hJKjejg,yXI5JzLdcwk,on_demand,not_subscribed,DE,5,,1,0,0.019433333333333334,0,0,0,0
20261008,UCSes4X8uDrpc4X46hJKjejg,0b8eta7f8mY,on_demand,not_subscribed,GB,7,3MzMDtgSnL0,2,2,9.2222333333333335,276.667,52.498481973434536,1,0.95383333333333331
20261008,UCSes4X8uDrpc4X46hJKjejg,HAYtxUru2wQ,on_demand,not_subscribed,US,5,,1,1,0.04583333333333333,2.75,3.481012658227848,0,0
20261008,UCSes4X8uDrpc4X46hJKjejg,HtZ8tDkeGJY,on_demand,subscribed,CO,24,unknown,1,0,0,0,0,0,0
20261008,UCSes4X8uDrpc4X46hJKjejg,zS69CFjoay8,on_demand,not_subscribed,TH,5,,1,0,0.005,0,0,0,0
20261008,UCSes4X8uDrpc4X46hJKjejg,fAZy3HtHBzA,on_demand,subscribed,JP,24,unknown,1,1,0.33883333333333332,20.33,63.53125,0,0
20261008,UCSes4X8uDrpc4X46hJKjejg,k_Qt4Ilp70c,on_demand,not_subscribed,IN,8,offline,1,1,9.3681666666666672,562.09,95.919795221843,0,0
20261008,UCSes4X8uDrpc4X46hJKjejg,CHaZ3JGEv28,on_demand,subscribed,SO,24,unknown,2,2,0.68333333333333335,20.5,53.94736842105263,0,0
20261008,UCSes4X8uDrpc4X46hJKjejg,YHtB62qU1r8,on_demand,not_subscribed,PH,7,Acve0yUZXGc,1,1,7.7116666666666669,462.7,98.446808510638292,0,0
20261008,UCSes4X8uDrpc4X46hJKjejg,fAZy3HtHBzA,on_demand,not_subscribed,US,24,unknown,10,6,2.3304,22.204166666666666,69.388020833333329,0,0
20261008,UCSes4X8uDrpc4X46hJKjejg,QUD-7qlFQUs,on_demand,not_subscribed,US,3,what-to-watch,8,3,3.778,74.093333333333334,134.71515151515152,0,0
20261008,UCSes4X8uDrpc4X46hJKjejg,5WC7gUC932A,on_demand,not_subscribed,NZ,5,,1,0,0.015933333333333334,0,0,0,0
20261008,UCSes4X8uDrpc4X46hJKjejg,0b8eta7f8mY,on_demand,not_subscribed,AU,7,pJBlrY76alo,1,1,4.2766666666666664,256.6,48.690702087286525,0,0
20261008,UCSes4X8uDrpc4X46hJKjejg,YHtB62qU1r8,on_demand,not_subscribed,ID,7,u4mngp3CISY,1,1,1.1803333333333332,70.82,15.068085106382979,1,1.1803333333333332
20261008,UCSes4X8uDrpc4X46hJKjejg,0b8eta7f8mY,on_demand,not_subscribed,IT,7,3SPknXVuiVI,1,1,1.2300333333333333,73.802,14.004174573055028,0,0
20261008,UCSes4X8uDrpc4X46hJKjejg,BeZUS-lZ4qs,on_demand,not_subscribed,BB,3,what-to-watch,1,0,0.061483333333333334,0,0,0,0
20261008,UCSes4X8uDrpc4X46hJKjejg,YHtB62qU1r8,on_demand,not_subscribed,CA,7,L0CAlGUFFHE,1,1,4.1421,248.526,52.877872340425533,0,0
20261008,UCSes4X8uDrpc4X46hJKjejg,0gqaXrduLlw,on_demand,not_subscribed,US,0,unknown,1,1,0,0,0,0,0
20261008,UCSes4X8uDrpc4X46hJKjejg,JZgusHsQ0l4,on_demand,not_subscribed,TW,5,lebron,2,1,1.2075,72.45,139.32692307692307,0,0
20261008,UCSes4X8uDrpc4X46hJKjejg,QytSHiiqR3k,on_demand,not_subscribed,NL,24,unknown,31,17,5.5293166666666664,19.421117647058821,102.21640866873065,5,1.041
20261008,UCSes4X8uDrpc4X46hJKjejg,k4-t8XMp-wg,on_demand,not_subscribed,US,4,UCSes4X8uDrpc4X46hJKjejg,2,2,1.0573333333333332,31.72,11.090909090909092,0,0
20261008,UCSes4X8uDrpc4X46hJKjejg,DjhN1oAGTYA,on_demand,not_subscribed,US,3,what-to-watch,14,7,17.238966666666666,145.09328571428571,50.032167487684731,1,0.050666666666666665
20261008,UCSes4X8uDrpc4X46hJKjejg,dKoSQ-63gP4,on_demand,not_subscribed,AU,3,what-to-watch,1,0,0.048333333333333332,0,0,0,0
20261008,UCSes4X8uDrpc4X46hJKjejg,Z7QVkAQ5aA8,on_demand,not_subscribed,US,5,,4,2,0.7805833333333333,23.4175,106.44318181818181,0,0
20261008,UCSes4X8uDrpc4X46hJKjejg,k_Qt4Ilp70c,on_demand,not_subscribed,PL,5,,1,0,0.01515,0,0,0,0
20261008,UCSes4X8uDrpc4X46hJKjejg,h7irfevRRGc,on_demand,not_subscribed,CA,5,,2,1,14.1925,848.01,101.4366028708134,0,0
20261008,UCSes4X8uDrpc4X46hJKjejg,FC36sHokYnk,on_demand,subscribed,CA,3,what-to-watch,1,1,7.9974,479.844,86.614440433212991,0,0
20261008,UCSes4X8uDrpc4X46hJKjejg,QytSHiiqR3k,on_demand,not_subscribed,ME,8,unknown,1,1,0.15885,9.531,50.163157894736841,1,0.15885
20261008,UCSes4X8uDrpc4X46hJKjejg,rq61MdGS0U4,on_demand,subscribed,GH,5,,1,1,4.19,251.4,44.260563380281688,0,0
20261008,UCSes4X8uDrpc4X46hJKjejg,kHqq0RR6dHE,on_demand,not_subscribed,US,3,what-to-watch,15,6,33.982883333333334,336.7065,33.8058734939759,3,0.39675
20261008,UCSes4X8uDrpc4X46hJKjejg,BeZUS-lZ4qs,on_demand,not_subscribed,US,7,Hjn8qRvJPJU,1,1,0.56833333333333336,34.1,1.1007101355713365,0,0
20261008,UCSes4X8uDrpc4X46hJKjejg,QytSHiiqR3k,on_demand,not_subscribed,BE,8,unknown,1,0,0.048633333333333334,0,0,0,0
20261008,UCSes4X8uDrpc4X46hJKjejg,BKajt53aHGo,on_demand,not_subscribed,IN,4,UCSes4X8uDrpc4X46hJKjejg,1,1,0.70833333333333337,42.5,98.837209302325576,0,0
20261008,UCSes4X8uDrpc4X46hJKjejg,WAYYE5BMG6c,on_demand,not_subscribed,FR,5,,3,3,25.488333333333333,509.76666666666665,26.858096241657886,0,0
20261008,UCSes4X8uDrpc4X46hJKjejg,sULhs9L9vRk,on_demand,not_subscribed,CA,5,,1,0,0.023333333333333334,0,0,0,0
20261008,UCSes4X8uDrpc4X46hJKjejg,QytSHiiqR3k,on_demand,not_subscribed,IL,24,unknown,17,10,2.5791,15.1346,79.655789473684209,0,0
20261008,UCSes4X8uDrpc4X46hJKjejg,-8W7PIiwRYo,on_demand,not_subscribed,AU,5,,2,2,0.47423333333333334,14.227,24.113559322033897,0,0
20261008,UCSes4X8uDrpc4X46hJKjejg,SACCq5Em2is,on_demand,not_subscribed,US,5,,1,0,0.028333333333333332,0,0,0,0
20261008,UCSes4X8uDrpc4X46hJKjejg,RqyxGWRDbIo,on_demand,not_subscribed,US,3,what-to-watch,1,0,0.036666666666666667,0,0,0,0
20261008,UCSes4X8uDrpc4X46hJKjejg,9zaom3QbjYs,on_demand,not_subscribed,US,0,unknown,2,1,12.715666666666667,759.79,100.10408432147563,0,0
20261008,UCSes4X8uDrpc4X46hJKjejg,PoyUkRaWZiM,on_demand,not_subscribed,CA,3,what-to-watch,3,1,11.072533333333332,659.2,108.06557377049181,0,0
20261008,UCSes4X8uDrpc4X46hJKjejg,OGOmzWG_ThE,on_demand,subscribed,US,7,MEHDJ9V-lIk,1,1,43.77035,2626.221,99.970346402740773,0,0
20261008,UCSes4X8uDrpc4X46hJKjejg,CHaZ3JGEv28,on_demand,not_subscribed,RU,24,unknown,2,1,0.63516666666666666,38.11,100.28947368421052,0,0
20261008,UCSes4X8uDrpc4X46hJKjejg,JZgusHsQ0l4,on_demand,not_subscribed,TR,3,what-to-watch,2,2,0.53755,16.1265,31.0125,1,0.49833333333333335
20261008,UCSes4X8uDrpc4X46hJKjejg,BeZUS-lZ4qs,on_demand,not_subscribed,US,0,unknown,11,10,139.88801666666666,838.9745,27.081165267914784,1,7.840816666666667
20261008,UCSes4X8uDrpc4X46hJKjejg,FCAC9ZyPn_4,on_demand,not_subscribed,IL,5,,1,0,0.00018333333333333334,0,0,0,0
20261008,UCSes4X8uDrpc4X46hJKjejg,K1KXX7Al--U,on_demand,not_subscribed,US,5,,1,1,0.72833333333333339,43.7,76.666666666666671,0,0
20261008,UCSes4X8uDrpc4X46hJKjejg,l5M2ICRhyEA,on_demand,not_subscribed,PH,24,unknown,6,3,1.4508333333333334,29.016666666666666,87.929292929292927,2,0.77916666666666667
20261008,UCSes4X8uDrpc4X46hJKjejg,MEHDJ9V-lIk,on_demand,not_subscribed,GB,0,unknown,1,1,16.822216666666666,1009.333,48.996747572815536,0,0
20261008,UCSes4X8uDrpc4X46hJKjejg,fyi6d0AButQ,on_demand,not_subscribed,ZA,3,what-to-watch,1,0,0.0495,0,0,0,0
20261008,UCSes4X8uDrpc4X46hJKjejg,0b8eta7f8mY,on_demand,not_subscribed,CA,5,,4,0,0.0266,0,0,0,0
20261008,UCSes4X8uDrpc4X46hJKjejg,wset9vTjdMs,on_demand,not_subscribed,PH,4,UCSes4X8uDrpc4X46hJKjejg,1,1,0.4447,26.682,2.1500402900886382,0,0
20261008,UCSes4X8uDrpc4X46hJKjejg,6ljakZEWb0o,on_demand,not_subscribed,IT,3,what-to-watch,1,0,0.0021333333333333334,0,0,0,0
20261008,UCSes4X8uDrpc4X46hJKjejg,84XwX8zGUOk,on_demand,not_subscribed,US,7,7Az00eK9pDg,1,1,0.16133333333333333,9.68,1.8687258687258688,1,0.16133333333333333
20261008,UCSes4X8uDrpc4X46hJKjejg,e7CxdG8sNlA,on_demand,not_subscribed,US,3,what-to-watch,91,24,68.6458,164.89795833333332,34.71535964912281,6,5.8454333333333333
20261008,UCSes4X8uDrpc4X46hJKjejg,HtZ8tDkeGJY,on_demand,subscribed,AU,8,unknown,1,1,0.1561,9.366,15.874576271186442,0,0
20261008,UCSes4X8uDrpc4X46hJKjejg,gTMjT4y5LHE,on_demand,subscribed,CA,3,what-to-watch,5,2,2.14175,56.1,11.356275303643725,0,0
20261008,UCSes4X8uDrpc4X46hJKjejg,JZgusHsQ0l4,on_demand,subscribed,IL,3,what-to-watch,2,1,0.8635,51.81,99.634615384615387,0,0
20261008,UCSes4X8uDrpc4X46hJKjejg,fyi6d0AButQ,on_demand,not_subscribed,NZ,3,what-to-watch,1,0,0.063116666666666668,0,0,0,0
20261008,UCSes4X8uDrpc4X46hJKjejg,yqQ_QnY4_XU,on_demand,not_subscribed,US,4,UCSes4X8uDrpc4X46hJKjejg,1,1,0.77333333333333332,46.4,98.723404255319153,0,0
20261008,UCSes4X8uDrpc4X46hJKjejg,pWCQrmx8beo,on_demand,not_subscribed,US,0,unknown,6,6,67.2385,672.385,22.353224734042552,1,0.0331
20261008,UCSes4X8uDrpc4X46hJKjejg,QytSHiiqR3k,on_demand,not_subscribed,LR,5,,1,0,0,0,0,0,0
20261008,UCSes4X8uDrpc4X46hJKjejg,JOMMjWncBzA,on_demand,not_subscribed,US,5,,1,1,0.80598333333333338,48.359,64.478666666666669,0,0
20261008,UCSes4X8uDrpc4X46hJKjejg,vjaPix9JaOk,on_demand,not_subscribed,CA,5,,1,1,0.075,4.5,14.516129032258064,0,0
20261008,UCSes4X8uDrpc4X46hJKjejg,tvcu9WeDJD4,on_demand,not_subscribed,IL,3,what-to-watch,3,0,0.0698,0,0,0,0
20261008,UCSes4X8uDrpc4X46hJKjejg,vi8iKo2yzxA,on_demand,not_subscribed,PH,5,alex caruso,4,1,0.98833333333333329,55,94.827586206896555,0,0
20261008,UCSes4X8uDrpc4X46hJKjejg,HtZ8tDkeGJY,on_demand,not_subscribed,ID,3,what-to-watch,1,0,0.0091833333333333333,0,0,0,0
20261008,UCSes4X8uDrpc4X46hJKjejg,5WC7gUC932A,on_demand,not_subscribed,SB,5,,2,1,0.14,7.2,4.8648648648648649,0,0
20261008,UCSes4X8uDrpc4X46hJKjejg,dKoSQ-63gP4,on_demand,not_subscribed,FR,3,what-to-watch,1,0,0.0035,0,0,0,0
20261008,UCSes4X8uDrpc4X46hJKjejg,YHtB62qU1r8,on_demand,not_subscribed,AG,7,GNWBOl3uFF4,1,1,7.0393333333333334,422.36,89.863829787234039,0,0
20261008,UCSes4X8uDrpc4X46hJKjejg,FdVAq_ppu74,on_demand,not_subscribed,US,5,,1,1,0.15666666666666668,9.4,17.09090909090909,0,0
20261008,UCSes4X8uDrpc4X46hJKjejg,YHtB62qU1r8,on_demand,not_subscribed,BB,3,what-to-watch,3,2,0.9054,26.712,5.6834042553191493,0,0
20261008,UCSes4X8uDrpc4X46hJKjejg,QytSHiiqR3k,on_demand,not_subscribed,BS,5,,2,1,0.3215,19.29,101.52631578947368,0,0
20261008,UCSes4X8uDrpc4X46hJKjejg,WOQL9qnbLuM,on_demand,not_subscribed,US,5,,1,1,0.17783333333333334,10.67,19.75925925925926,0,0
20261008,UCSes4X8uDrpc4X46hJKjejg,MEHDJ9V-lIk,on_demand,not_subscribed,US,5,,14,7,74.914266666666663,640.41971428571435,31.088335644937587,3,25.686983333333334
20261008,UCSes4X8uDrpc4X46hJKjejg,J6rzMuvuMuo,on_demand,not_subscribed,AT,3,what-to-watch,1,0,0.018583333333333334,0,0,0,0
20261008,UCSes4X8uDrpc4X46hJKjejg,HtZ8tDkeGJY,on_demand,subscribed,TR,3,what-to-watch,4,1,1.1641666666666666,61.441,104.13728813559322,0,0
20261008,UCSes4X8uDrpc4X46hJKjejg,fTXwOlPruv0,on_demand,not_subscribed,US,4,UCSes4X8uDrpc4X46hJKjejg,1,0,0.016666666666666666,0,0,0,0
20261008,UCSes4X8uDrpc4X46hJKjejg,BeZUS-lZ4qs,on_demand,not_subscribed,US,7,uNUV5MB7ASk,1,1,7.13015,427.809,13.809199483537766,1,7.13015
20261008,UCSes4X8uDrpc4X46hJKjejg,J6rzMuvuMuo,on_demand,not_subscribed,IN,5,tim duncan trash talk stories,2,1,1.205,72.3,100.41666666666667,2,1.205
20261008,UCSes4X8uDrpc4X46hJKjejg,HtZ8tDkeGJY,on_demand,not_subscribed,PH,3,what-to-watch,6,1,1.23565,64.845,109.90677966101696,0,0
20261008,UCSes4X8uDrpc4X46hJKjejg,MEHDJ9V-lIk,on_demand,not_subscribed,TH,7,6pKZW0ocGDc,1,1,4.4363833333333336,266.183,12.921504854368932,1,4.4363833333333336
20261008,UCSes4X8uDrpc4X46hJKjejg,Rl73WZoqKzE,on_demand,not_subscribed,IL,3,what-to-watch,1,1,0.66416666666666668,39.85,6.6862416107382554,0,0
20261008,UCSes4X8uDrpc4X46hJKjejg,Mrjky6bXwm4,on_demand,not_subscribed,US,5,,9,3,2.4314833333333334,45.481666666666662,41.7262996941896,3,0.066833333333333328
20261008,UCSes4X8uDrpc4X46hJKjejg,fAZy3HtHBzA,on_demand,subscribed,US,24,unknown,4,2,1.1056666666666666,33.17,103.65625,0,0
20261008,UCSes4X8uDrpc4X46hJKjejg,CHaZ3JGEv28,on_demand,not_subscribed,US,17,uploaded_other,3,1,0.70333333333333337,40.3,106.05263157894737,0,0
20261008,UCSes4X8uDrpc4X46hJKjejg,QUD-7qlFQUs,on_demand,subscribed,US,3,what-to-watch,1,1,0.050333333333333334,3.02,5.4909090909090912,0,0
20261008,UCSes4X8uDrpc4X46hJKjejg,gTMjT4y5LHE,on_demand,not_subscribed,TH,5,cam thomas,1,0,0.011666666666666667,0,0,0,0
20261008,UCSes4X8uDrpc4X46hJKjejg,9zaom3QbjYs,on_demand,not_subscribed,NL,4,UCSes4X8uDrpc4X46hJKjejg,1,1,0.02745,1.647,0.21699604743083004,0,0
20261008,UCSes4X8uDrpc4X46hJKjejg,-CjQjOd2JEA,on_demand,not_subscribed,US,0,unknown,1,1,1.9046333333333334,114.278,40.380918727915194,0,0
20261008,UCSes4X8uDrpc4X46hJKjejg,tl_kEy-8WPA,on_demand,not_subscribed,US,3,what-to-watch,1,1,0.7724833333333333,46.349,8.6958724202626634,0,0
20261008,UCSes4X8uDrpc4X46hJKjejg,4t-D0IFIQQk,on_demand,not_subscribed,US,5,,1,1,2.4251666666666667,145.51,48.3421926910299,1,2.4251666666666667
20261008,UCSes4X8uDrpc4X46hJKjejg,Quf1VxVcRX4,on_demand,not_subscribed,US,5,,1,0,0.09166666666666666,0,0,0,0
20261008,UCSes4X8uDrpc4X46hJKjejg,CHaZ3JGEv28,on_demand,subscribed,KW,24,unknown,1,0,0.020166666666666666,0,0,0,0
20261008,UCSes4X8uDrpc4X46hJKjejg,YHtB62qU1r8,on_demand,not_subscribed,US,0,unknown,32,20,58.310383333333334,173.80329999999998,36.979425531914892,3,0.095
20261008,UCSes4X8uDrpc4X46hJKjejg,l5M2ICRhyEA,on_demand,not_subscribed,AU,24,unknown,1,0,0.0016666666666666668,0,0,0,0
20261008,UCSes4X8uDrpc4X46hJKjejg,WpDAGs23cb0,on_demand,not_subscribed,US,3,what-to-watch,1,0,0.06458333333333334,0,0,0,0
20261008,UCSes4X8uDrpc4X46hJKjejg,QytSHiiqR3k,on_demand,subscribed,NL,24,unknown,5,3,0.75516666666666665,15.103333333333333,79.491228070175438,3,0.43516666666666665
20261008,UCSes4X8uDrpc4X46hJKjejg,ybbL24ktLlw,on_demand,not_subscribed,FR,5,,1,1,0.38333333333333336,23,60.526315789473685,0,0
20261008,UCSes4X8uDrpc4X46hJKjejg,k4-t8XMp-wg,on_demand,subscribed,US,4,UCSes4X8uDrpc4X46hJKjejg,7,4,0.60796666666666666,8.089,2.8283216783216782,0,0
20261008,UCSes4X8uDrpc4X46hJKjejg,DjhN1oAGTYA,on_demand,subscribed,US,3,what-to-watch,1,0,0.0769,0,0,0,0
20261008,UCSes4X8uDrpc4X46hJKjejg,YHtB62qU1r8,on_demand,not_subscribed,PH,7,ofgXzn8s7Jw,1,1,4.0491833333333336,242.951,51.691702127659575,0,0
20261008,UCSes4X8uDrpc4X46hJKjejg,5WC7gUC932A,on_demand,not_subscribed,HR,5,,1,1,0.12,7.2,4.8648648648648649,0,0
20261008,UCSes4X8uDrpc4X46hJKjejg,JZgusHsQ0l4,on_demand,not_subscribed,PR,3,what-to-watch,1,0,0.02,0,0,0,0
20261008,UCSes4X8uDrpc4X46hJKjejg,eWSQp0g8llA,on_demand,not_subscribed,US,5,,1,0,0.018816666666666666,0,0,0,0
20261008,UCSes4X8uDrpc4X46hJKjejg,CHaZ3JGEv28,on_demand,not_subscribed,NG,24,unknown,3,2,0.738,22.14,58.263157894736842,0,0
20261008,UCSes4X8uDrpc4X46hJKjejg,QytSHiiqR3k,on_demand,not_subscribed,TH,8,unknown,3,2,0.74005,22.2015,116.85,0,0
20261008,UCSes4X8uDrpc4X46hJKjejg,2n5LJUyMtAk,on_demand,not_subscribed,US,9,Google,1,1,4.84125,290.475,57.519801980198018,0,0
20261008,UCSes4X8uDrpc4X46hJKjejg,QytSHiiqR3k,on_demand,not_subscribed,TR,24,unknown,2,1,0.18333333333333332,7.2,37.89473684210526,2,0.18333333333333335
20261008,UCSes4X8uDrpc4X46hJKjejg,B_P_YFmb70s,on_demand,not_subscribed,US,5,,2,1,0.7515,45.09,100.2,0,0
20261008,UCSes4X8uDrpc4X46hJKjejg,J39ahAPa8Ng,on_demand,not_subscribed,US,24,unknown,2,1,0.305,15.2,30.4,0,0
20261008,UCSes4X8uDrpc4X46hJKjejg,JZgusHsQ0l4,on_demand,not_subscribed,ID,3,what-to-watch,2,0,0.11645,0,0,0,0
20261008,UCSes4X8uDrpc4X46hJKjejg,kHqq0RR6dHE,on_demand,subscribed,US,3,what-to-watch,1,1,0.081666666666666665,4.9,0.49196787148594379,1,0.081666666666666665
20261008,UCSes4X8uDrpc4X46hJKjejg,9LFMqUAyB_U,on_demand,not_subscribed,US,3,what-to-watch,4,2,3.3569333333333335,100.658,11.828202115158637,1,0.090933333333333338
20261008,UCSes4X8uDrpc4X46hJKjejg,op6JvrFdWrY,on_demand,not_subscribed,GH,24,unknown,3,1,0.83083333333333331,49.85,207.70833333333334,0,0
20261008,UCSes4X8uDrpc4X46hJKjejg,J6rzMuvuMuo,on_demand,not_subscribed,DE,3,what-to-watch,1,0,0.063183333333333327,0,0,0,0
20261008,UCSes4X8uDrpc4X46hJKjejg,gTMjT4y5LHE,on_demand,not_subscribed,US,9,Google Search,2,2,5.9802166666666663,179.4065,36.317105263157892,0,0
20261008,UCSes4X8uDrpc4X46hJKjejg,mgmmw1KQris,on_demand,not_subscribed,PH,4,UCSes4X8uDrpc4X46hJKjejg,1,0,0.14743333333333333,0,0,0,0
20261008,UCSes4X8uDrpc4X46hJKjejg,l5M2ICRhyEA,on_demand,not_subscribed,MH,5,philadelphia 76ers,1,0,0.016666666666666666,0,0,0,0
20261008,UCSes4X8uDrpc4X46hJKjejg,QytSHiiqR3k,on_demand,subscribed,IL,24,unknown,2,1,0.405,24.3,127.89473684210526,0,0
20261008,UCSes4X8uDrpc4X46hJKjejg,MEHDJ9V-lIk,on_demand,not_subscribed,AU,7,I_NJ_iY8bJ0,1,1,31.36635,1881.981,91.358300970873785,1,31.36635
20261008,UCSes4X8uDrpc4X46hJKjejg,SACCq5Em2is,on_demand,subscribed,US,5,,4,2,1.1233333333333333,30.65,58.942307692307693,0,0
20261008,UCSes4X8uDrpc4X46hJKjejg,YHtB62qU1r8,on_demand,not_subscribed,CA,5,lebron james,1,0,0.0035,0,0,0,0
20261008,UCSes4X8uDrpc4X46hJKjejg,uVwhhOZH0kg,on_demand,not_subscribed,US,5,,3,2,1.726,51.78,129.45,0,0
20261008,UCSes4X8uDrpc4X46hJKjejg,9zaom3QbjYs,on_demand,not_subscribed,GF,7,9ZRNba4TZW0,1,1,2.276,136.56,17.992094861660078,0,0
20261008,UCSes4X8uDrpc4X46hJKjejg,tBjNM2mKPtg,on_demand,not_subscribed,US,0,unknown,1,1,0.0355,2.13,3.8727272727272726,0,0
20261008,UCSes4X8uDrpc4X46hJKjejg,zS69CFjoay8,on_demand,not_subscribed,US,5,jalen brunson,4,2,2.0478,60.725,114.5754716981132,0,0
20261008,UCSes4X8uDrpc4X46hJKjejg,0b8eta7f8mY,on_demand,not_subscribed,CA,7,Q_cATo4iQvA,1,1,3.8561666666666667,231.37,43.903225806451616,0,0
20261008,UCSes4X8uDrpc4X46hJKjejg,HkqUBns9E8Q,on_demand,not_subscribed,US,3,what-to-watch,1,1,0.1697,10.182,1.1676605504587156,1,0.1697
20261008,UCSes4X8uDrpc4X46hJKjejg,BeZUS-lZ4qs,on_demand,subscribed,US,0,unknown,1,1,0.12213333333333333,7.328,0.23653970303421562,1,0.12213333333333333
20261008,UCSes4X8uDrpc4X46hJKjejg,vjaPix9JaOk,on_demand,not_subscribed,CM,5,,1,1,0.25166666666666665,15.1,48.70967741935484,0,0
20261008,UCSes4X8uDrpc4X46hJKjejg,5GYyKcjXNN0,on_demand,not_subscribed,US,20,YHtB62qU1r8,2,2,1.42,42.6,52.592592592592595,0,0
20261008,UCSes4X8uDrpc4X46hJKjejg,HtZ8tDkeGJY,on_demand,not_subscribed,AU,3,what-to-watch,10,1,1.1468166666666666,49.316,83.5864406779661,0,0
20261008,UCSes4X8uDrpc4X46hJKjejg,vYHpYbDk4Tg,on_demand,not_subscribed,JP,5,,1,1,0.50583333333333336,30.35,41.013513513513516,0,0
20261008,UCSes4X8uDrpc4X46hJKjejg,ePdXtNfowRo,on_demand,not_subscribed,TR,5,,1,0,0.093333333333333338,0,0,0,0
20261008,UCSes4X8uDrpc4X46hJKjejg,JZgusHsQ0l4,on_demand,not_subscribed,PH,3,what-to-watch,39,13,10.256766666666667,44.324769230769228,85.239940828402368,2,1.25995
20261008,UCSes4X8uDrpc4X46hJKjejg,MEHDJ9V-lIk,on_demand,not_subscribed,AE,5,,1,1,0.12033333333333333,7.22,0.35048543689320388,0,0
20261008,UCSes4X8uDrpc4X46hJKjejg,_88BKGbZUdE,on_demand,not_subscribed,CA,4,UCSes4X8uDrpc4X46hJKjejg,1,1,7.27475,436.485,82.824478178368125,0,0
20261008,UCSes4X8uDrpc4X46hJKjejg,2n5LJUyMtAk,on_demand,not_subscribed,US,14,PLBcL7tSvozcc8tivhh7GECcy2hxQd0nqG,1,1,8.4108333333333327,504.65,99.930693069306926,1,8.4108333333333327
20261008,UCSes4X8uDrpc4X46hJKjejg,s5FwywrEozM,on_demand,not_subscribed,CA,5,,2,1,0.69016666666666671,41.41,101,0,0
20261008,UCSes4X8uDrpc4X46hJKjejg,BeZUS-lZ4qs,on_demand,not_subscribed,US,7,NFgSMAG-aR0,1,1,25.646016666666668,1538.761,49.669496449322146,0,0
20261008,UCSes4X8uDrpc4X46hJKjejg,e7CxdG8sNlA,on_demand,subscribed,US,3,what-to-watch,15,6,16.759033333333335,162.14266666666666,34.135298245614038,0,0
20261008,UCSes4X8uDrpc4X46hJKjejg,jd9rjcm7Opg,on_demand,not_subscribed,US,5,,6,1,0.49766666666666665,20.5,36.607142857142854,0,0
20261008,UCSes4X8uDrpc4X46hJKjejg,Ppxt7uU9PRA,on_demand,not_subscribed,US,3,what-to-watch,3,2,1.81205,54.3615,77.659285714285716,0,0
20261008,UCSes4X8uDrpc4X46hJKjejg,hri0Uci7wpE,on_demand,not_subscribed,US,3,what-to-watch,2,0,0.041666666666666664,0,0,0,0
20261008,UCSes4X8uDrpc4X46hJKjejg,BeZUS-lZ4qs,on_demand,subscribed,US,7,ykx7Xwe7yjo,1,1,2.3273333333333333,139.64,4.5074241446094252,0,0
20261008,UCSes4X8uDrpc4X46hJKjejg,l5M2ICRhyEA,on_demand,not_subscribed,PH,5,,2,1,0.22,10,30.303030303030305,0,0
20261008,UCSes4X8uDrpc4X46hJKjejg,HtZ8tDkeGJY,on_demand,not_subscribed,DM,3,what-to-watch,1,0,0.023683333333333334,0,0,0,0
20261008,UCSes4X8uDrpc4X46hJKjejg,2n5LJUyMtAk,on_demand,not_subscribed,CA,7,BsgTwxk8yfA,1,1,2.2570666666666668,135.424,26.816633663366336,0,0
20261008,UCSes4X8uDrpc4X46hJKjejg,6ljakZEWb0o,on_demand,not_subscribed,US,4,UCSes4X8uDrpc4X46hJKjejg,5,3,3.2587666666666668,63.579666666666668,2.3011099046929666,0,0
20261008,UCSes4X8uDrpc4X46hJKjejg,yqQ_QnY4_XU,on_demand,subscribed,US,4,UCSes4X8uDrpc4X46hJKjejg,3,3,1.8213333333333332,36.426666666666669,77.503546099290787,1,0.77333333333333332
20261008,UCSes4X8uDrpc4X46hJKjejg,SjFpD8hyZ7c,on_demand,not_subscribed,GB,5,,1,0,0.08433333333333333,0,0,0,0
20261008,UCSes4X8uDrpc4X46hJKjejg,QxkwRERjZgA,on_demand,not_subscribed,CA,5,,2,1,0.9825,56.92,98.137931034482762,0,0
20261008,UCSes4X8uDrpc4X46hJKjejg,pWCQrmx8beo,on_demand,subscribed,US,0,unknown,1,1,0.1547,9.282,0.30857712765957446,0,0
20261008,UCSes4X8uDrpc4X46hJKjejg,tvcu9WeDJD4,on_demand,subscribed,IL,3,what-to-watch,1,0,0.005,0,0,0,0
20261008,UCSes4X8uDrpc4X46hJKjejg,rq61MdGS0U4,on_demand,not_subscribed,US,5,,1,0,0.031333333333333331,0,0,0,0
20261008,UCSes4X8uDrpc4X46hJKjejg,FC36sHokYnk,on_demand,not_subscribed,US,0,unknown,1,1,8.1655833333333341,489.935,88.435920577617324,0,0
20261008,UCSes4X8uDrpc4X46hJKjejg,0JHD_pApR7w,on_demand,not_subscribed,PW,5,san antonio spurs,2,1,1.1806333333333334,70.838,102.66376811594203,0,0
20261008,UCSes4X8uDrpc4X46hJKjejg,BeZUS-lZ4qs,on_demand,subscribed,US,7,J7lqUqxF4n4,1,1,13.970833333333333,838.25,27.057779212395094,0,0
20261008,UCSes4X8uDrpc4X46hJKjejg,0JUVBPIGUg8,on_demand,not_subscribed,DO,5,,1,0,0,0,0,0,0
20261008,UCSes4X8uDrpc4X46hJKjejg,HuezETFg9xY,on_demand,not_subscribed,AU,5,,1,0,0.0145,0,0,0,0
20261008,UCSes4X8uDrpc4X46hJKjejg,B4aYi06AO4g,on_demand,not_subscribed,DO,3,what-to-watch,1,0,0.13165,0,0,0,0
20261008,UCSes4X8uDrpc4X46hJKjejg,5GYyKcjXNN0,on_demand,subscribed,US,20,BeZUS-lZ4qs,1,1,0.31783333333333336,19.07,23.543209876543209,0,0
20261008,UCSes4X8uDrpc4X46hJKjejg,CHaZ3JGEv28,on_demand,not_subscribed,BE,24,unknown,1,1,0.26936666666666664,16.162,42.531578947368423,1,0.26936666666666664
20261008,UCSes4X8uDrpc4X46hJKjejg,NKWK0WtZalw,on_demand,not_subscribed,CA,5,,1,0,0,0,0,0,0
20261008,UCSes4X8uDrpc4X46hJKjejg,op6JvrFdWrY,on_demand,subscribed,US,4,UCSes4X8uDrpc4X46hJKjejg,1,1,0.1835,11.01,45.875,0,0
20261008,UCSes4X8uDrpc4X46hJKjejg,5WC7gUC932A,on_demand,not_subscribed,AE,24,unknown,1,1,0.14233333333333334,8.54,5.77027027027027,0,0
20261008,UCSes4X8uDrpc4X46hJKjejg,LoFU5kr6npM,on_demand,not_subscribed,US,3,what-to-watch,1,0,0.034666666666666665,0,0,0,0
20261008,UCSes4X8uDrpc4X46hJKjejg,YHtB62qU1r8,on_demand,not_subscribed,MW,3,what-to-watch,1,0,0.035,0,0,0,0
20261008,UCSes4X8uDrpc4X46hJKjejg,HtZ8tDkeGJY,on_demand,subscribed,PH,3,what-to-watch,1,1,0.1035,6.21,10.525423728813559,0,0
20261008,UCSes4X8uDrpc4X46hJKjejg,dgP0I7rPTlU,on_demand,not_subscribed,HR,5,,1,0,0.0053833333333333337,0,0,0,0
20261008,UCSes4X8uDrpc4X46hJKjejg,QytSHiiqR3k,on_demand,not_subscribed,PR,24,unknown,7,4,0.968,14.38,75.6842105263158,2,0.31616666666666665
20261008,UCSes4X8uDrpc4X46hJKjejg,oujDWGTay-Q,on_demand,not_subscribed,US,3,what-to-watch,9,3,3.1459333333333332,62.603333333333332,83.471111111111114,0,0
20261008,UCSes4X8uDrpc4X46hJKjejg,CHaZ3JGEv28,on_demand,not_subscribed,HK,3,what-to-watch,1,0,0.011666666666666667,0,0,0,0
20261008,UCSes4X8uDrpc4X46hJKjejg,7Ef_mmNaT5o,on_demand,not_subscribed,FR,5,,1,0,0.005,0,0,0,0
20261008,UCSes4X8uDrpc4X46hJKjejg,OGOmzWG_ThE,on_demand,subscribed,US,0,unknown,1,1,0.08218333333333333,4.931,0.18770460601446518,0,0
20261008,UCSes4X8uDrpc4X46hJKjejg,l5M2ICRhyEA,on_demand,not_subscribed,TW,3,what-to-watch,1,1,0.021966666666666666,1.318,3.9939393939393941,0,0
20261008,UCSes4X8uDrpc4X46hJKjejg,CHaZ3JGEv28,on_demand,subscribed,US,17,uploaded_other,37,16,13.854,51.298125,134.99506578947367,6,2.5383333333333331
20261008,UCSes4X8uDrpc4X46hJKjejg,YWmM-Tkjmvo,on_demand,not_subscribed,PH,3,what-to-watch,1,0,0,0,0,0,0
20261008,UCSes4X8uDrpc4X46hJKjejg,YHtB62qU1r8,on_demand,not_subscribed,HK,3,what-to-watch,3,2,0.24541666666666667,7.038,1.4974468085106383,0,0
20261008,UCSes4X8uDrpc4X46hJKjejg,QytSHiiqR3k,on_demand,not_subscribed,ID,24,unknown,29,13,4.5013166666666669,19.609923076923078,103.21012145748988,5,0.72700000000000009
20261008,UCSes4X8uDrpc4X46hJKjejg,WAYYE5BMG6c,on_demand,not_subscribed,FR,8,unknown,1,1,0.39333333333333331,23.6,1.2434141201264488,0,0
20261008,UCSes4X8uDrpc4X46hJKjejg,7qt1wBW-P6A,on_demand,not_subscribed,US,5,,1,1,0.083833333333333329,5.03,6.5324675324675328,0,0
20261008,UCSes4X8uDrpc4X46hJKjejg,PeMHxUwuByQ,on_demand,not_subscribed,US,7,ZTDb9gMUvBY,1,1,6.0583333333333336,363.5,9.7688793335124959,0,0
20261008,UCSes4X8uDrpc4X46hJKjejg,CHaZ3JGEv28,on_demand,not_subscribed,MY,24,unknown,2,1,0.635,38.1,100.26315789473684,0,0
20261008,UCSes4X8uDrpc4X46hJKjejg,N4FSFFIyyhU,on_demand,not_subscribed,US,0,unknown,1,1,7.4283,445.698,99.044,0,0
20261008,UCSes4X8uDrpc4X46hJKjejg,bPORsh6K6ec,on_demand,not_subscribed,US,5,,5,3,3.6683166666666667,73.36633333333333,85.309689922480615,0,0
20261008,UCSes4X8uDrpc4X46hJKjejg,gTMjT4y5LHE,on_demand,not_subscribed,US,0,unknown,15,10,18.725633333333334,110.7076,22.410445344129556,1,2.9765833333333331
20261008,UCSes4X8uDrpc4X46hJKjejg,BeZUS-lZ4qs,on_demand,subscribed,VN,3,what-to-watch,1,0,0,0,0,0,0
20261008,UCSes4X8uDrpc4X46hJKjejg,QytSHiiqR3k,on_demand,not_subscribed,QA,24,unknown,2,1,0.445,26.7,140.52631578947367,0,0
20261008,UCSes4X8uDrpc4X46hJKjejg,2n5LJUyMtAk,on_demand,not_subscribed,GB,3,what-to-watch,3,2,0.92451666666666665,24.88,4.9267326732673267,0,0
20261008,UCSes4X8uDrpc4X46hJKjejg,JZgusHsQ0l4,on_demand,not_subscribed,AU,3,what-to-watch,13,3,2.7948333333333335,52.356,100.68461538461538,2,0.87133333333333329
20261008,UCSes4X8uDrpc4X46hJKjejg,MEHDJ9V-lIk,on_demand,not_subscribed,ZA,3,what-to-watch,1,1,0.6454833333333333,38.729,1.8800485436893204,0,0
20261008,UCSes4X8uDrpc4X46hJKjejg,l5M2ICRhyEA,on_demand,subscribed,AU,24,unknown,2,1,0.57865,32.599,98.784848484848482,0,0
20261008,UCSes4X8uDrpc4X46hJKjejg,gw79jVAmrx0,on_demand,not_subscribed,US,3,what-to-watch,2,2,2.4276333333333335,72.829,6.8448308270676694,1,0.8458
20261008,UCSes4X8uDrpc4X46hJKjejg,-TauZcQxKUU,on_demand,subscribed,US,5,,1,0,0.10788333333333333,0,0,0,0
20261008,UCSes4X8uDrpc4X46hJKjejg,J6rzMuvuMuo,on_demand,not_subscribed,FI,5,tim duncan,3,1,3.28,196.8,273.33333333333331,0,0
20261008,UCSes4X8uDrpc4X46hJKjejg,MEHDJ9V-lIk,on_demand,not_subscribed,NZ,3,what-to-watch,2,1,28.4165,741.239,35.982475728155343,0,0
20261008,UCSes4X8uDrpc4X46hJKjejg,LSwj_klZHr8,on_demand,not_subscribed,NZ,5,,1,0,0.0071666666666666667,0,0,0,0
20261008,UCSes4X8uDrpc4X46hJKjejg,CHaZ3JGEv28,on_demand,subscribed,RW,24,unknown,1,1,0.10166666666666667,6.1,16.05263157894737,0,0
20261008,UCSes4X8uDrpc4X46hJKjejg,CHaZ3JGEv28,on_demand,subscribed,NG,24,unknown,5,1,3.8066666666666666,228.4,601.0526315789474,5,3.8066666666666666
20261008,UCSes4X8uDrpc4X46hJKjejg,l5M2ICRhyEA,on_demand,not_subscribed,AU,5,,1,0,0.043666666666666666,0,0,0,0
20261008,UCSes4X8uDrpc4X46hJKjejg,BeZUS-lZ4qs,on_demand,not_subscribed,US,7,ROKcZnZmJCI,1,1,1.7078333333333333,102.47,3.3076178179470626,0,0
20261008,UCSes4X8uDrpc4X46hJKjejg,6DF37rM0hQ4,on_demand,not_subscribed,DE,24,unknown,2,1,1.5898333333333334,95.39,101.47872340425532,0,0
20261008,UCSes4X8uDrpc4X46hJKjejg,0b8eta7f8mY,on_demand,not_subscribed,IT,9,WhatsApp,1,1,0.20333333333333334,12.2,2.3149905123339658,0,0
20261008,UCSes4X8uDrpc4X46hJKjejg,JoHK3Z-nc9s,on_demand,not_subscribed,US,9,unknown,1,1,3.1025,186.15,19.677589852008456,0,0
20261008,UCSes4X8uDrpc4X46hJKjejg,B_P_YFmb70s,on_demand,subscribed,US,5,,2,1,0.827,49.62,110.26666666666667,0,0
20261008,UCSes4X8uDrpc4X46hJKjejg,fAZy3HtHBzA,on_demand,subscribed,US,3,/my_subscriptions,1,1,0.1023,6.138,19.18125,0,0
20261008,UCSes4X8uDrpc4X46hJKjejg,FCAC9ZyPn_4,on_demand,subscribed,BE,3,what-to-watch,2,2,7.4912833333333335,224.7385,51.076931818181819,0,0
20261008,UCSes4X8uDrpc4X46hJKjejg,ED8GlLr9Eoc,on_demand,not_subscribed,US,5,,2,1,0.93925,52.22,0.94618590324334118,0,0
20261008,UCSes4X8uDrpc4X46hJKjejg,1vlcjLtd_AM,on_demand,not_subscribed,BR,5,,1,1,0.85666666666666669,51.4,104.89795918367346,1,0.85666666666666669
20261008,UCSes4X8uDrpc4X46hJKjejg,CHaZ3JGEv28,on_demand,not_subscribed,NG,5,,1,0,0.032833333333333332,0,0,0,0
20261008,UCSes4X8uDrpc4X46hJKjejg,0b8eta7f8mY,on_demand,not_subscribed,CA,8,unknown,1,1,9.0155166666666666,540.931,102.64345351043643,1,9.0155166666666666
20261008,UCSes4X8uDrpc4X46hJKjejg,5WC7gUC932A,on_demand,not_subscribed,US,5,,6,3,6.2146,123.39533333333333,83.375225225225222,0,0
20261008,UCSes4X8uDrpc4X46hJKjejg,QytSHiiqR3k,on_demand,not_subscribed,PH,24,unknown,109,48,19.131716666666666,23.116500000000002,121.66578947368421,33,5.7308833333333329
20261008,UCSes4X8uDrpc4X46hJKjejg,UvWPXkksqmM,on_demand,subscribed,GB,5,,1,0,0.091,0,0,0,0
20261008,UCSes4X8uDrpc4X46hJKjejg,4HEcIWe3vAg,on_demand,not_subscribed,ID,5,,1,0,0.029333333333333333,0,0,0,0
20261008,UCSes4X8uDrpc4X46hJKjejg,J39ahAPa8Ng,on_demand,not_subscribed,US,5,,8,6,1.5175,14.409333333333334,28.818666666666665,1,0.098666666666666666
20261008,UCSes4X8uDrpc4X46hJKjejg,HtZ8tDkeGJY,on_demand,not_subscribed,GB,24,unknown,4,2,1.5583333333333333,45.685,77.4322033898305,0,0
20261008,UCSes4X8uDrpc4X46hJKjejg,7Ef_mmNaT5o,on_demand,not_subscribed,NL,3,what-to-watch,2,1,0.60166666666666668,35.4,76.956521739130437,0,0
20261008,UCSes4X8uDrpc4X46hJKjejg,rq61MdGS0U4,on_demand,not_subscribed,GH,7,PWW8ccFwDyQ,1,1,8.0234333333333332,481.406,84.754577464788738,0,0
20261008,UCSes4X8uDrpc4X46hJKjejg,bf0XSusrN3g,on_demand,not_subscribed,CI,5,,1,1,0.46103333333333335,27.662,74.762162162162156,0,0
20261008,UCSes4X8uDrpc4X46hJKjejg,BeZUS-lZ4qs,on_demand,subscribed,HK,3,what-to-watch,1,0,0.017833333333333333,0,0,0,0
20261008,UCSes4X8uDrpc4X46hJKjejg,QytSHiiqR3k,on_demand,subscribed,NL,3,/my_subscriptions,1,0,0.0467,0,0,0,0
20261008,UCSes4X8uDrpc4X46hJKjejg,QytSHiiqR3k,on_demand,not_subscribed,MY,3,what-to-watch,2,1,0.36733333333333335,22.04,116,0,0
20261008,UCSes4X8uDrpc4X46hJKjejg,HkqUBns9E8Q,on_demand,subscribed,US,3,what-to-watch,1,0,0.088166666666666671,0,0,0,0
20261008,UCSes4X8uDrpc4X46hJKjejg,WAYYE5BMG6c,on_demand,not_subscribed,PR,3,what-to-watch,1,0,0.016666666666666666,0,0,0,0
20261008,UCSes4X8uDrpc4X46hJKjejg,pWCQrmx8beo,on_demand,not_subscribed,CA,14,PLX3ZLYz4-6vE2_ZNLW5AfzbHTd1jTskDl,1,1,48.850833333333334,2931.05,97.441821808510639,0,0
20261008,UCSes4X8uDrpc4X46hJKjejg,PeMHxUwuByQ,on_demand,not_subscribed,CA,0,unknown,1,1,0.40086666666666665,24.052,0.64638538027411985,0,0
20261008,UCSes4X8uDrpc4X46hJKjejg,po8YrSQivoM,on_demand,not_subscribed,US,14,TL,1,1,18.12745,1087.647,31.691346153846155,0,0
20261008,UCSes4X8uDrpc4X46hJKjejg,itfxfmA1F64,on_demand,not_subscribed,US,5,,4,1,1.3406833333333332,78.241,100.30897435897435,0,0
20261008,UCSes4X8uDrpc4X46hJKjejg,QytSHiiqR3k,on_demand,not_subscribed,GU,24,unknown,3,1,0.34516666666666668,19.13,100.68421052631579,0,0
20261008,UCSes4X8uDrpc4X46hJKjejg,JZgusHsQ0l4,on_demand,subscribed,PH,3,what-to-watch,6,3,1.4048166666666666,26.438999999999997,50.844230769230769,0,0
20261008,UCSes4X8uDrpc4X46hJKjejg,po8YrSQivoM,on_demand,not_subscribed,US,14,PLX3ZLYz4-6vE2_ZNLW5AfzbHTd1jTskDl,1,1,38.488333333333337,2309.3,67.287296037296031,1,38.488333333333337
20261008,UCSes4X8uDrpc4X46hJKjejg,Ha6asqD-La8,on_demand,subscribed,PH,24,unknown,1,1,0.11666666666666667,7,18.918918918918919,0,0
20261008,UCSes4X8uDrpc4X46hJKjejg,MEHDJ9V-lIk,on_demand,not_subscribed,DZ,7,OawzDUil_44,1,1,0.13333333333333333,8,0.38834951456310679,0,0
20261008,UCSes4X8uDrpc4X46hJKjejg,fAZy3HtHBzA,on_demand,not_subscribed,IN,4,UCSes4X8uDrpc4X46hJKjejg,2,1,0.595,35.7,111.5625,0,0
20261008,UCSes4X8uDrpc4X46hJKjejg,vYHpYbDk4Tg,on_demand,not_subscribed,US,5,,2,2,1.2862,38.586,52.143243243243241,0,0
20261008,UCSes4X8uDrpc4X46hJKjejg,DYgYafn4Two,on_demand,not_subscribed,US,4,UCSes4X8uDrpc4X46hJKjejg,1,1,3.8706666666666667,232.24,99.673819742489272,0,0
20261008,UCSes4X8uDrpc4X46hJKjejg,pWCQrmx8beo,on_demand,not_subscribed,PK,5,,1,1,0.72133333333333338,43.28,1.4388297872340425,0,0
20261008,UCSes4X8uDrpc4X46hJKjejg,BeZUS-lZ4qs,on_demand,not_subscribed,US,7,FIhUB_Xg0ts,1,1,42.525516666666668,2551.531,82.360587475790837,0,0
20261008,UCSes4X8uDrpc4X46hJKjejg,JwDkO74iC-w,on_demand,not_subscribed,PH,4,UCSes4X8uDrpc4X46hJKjejg,1,1,0.03833333333333333,2.3,0.043935052531041068,0,0
20261008,UCSes4X8uDrpc4X46hJKjejg,YHtB62qU1r8,on_demand,not_subscribed,US,7,GNWBOl3uFF4,5,5,29.3115,351.738,74.837872340425534,0,0
20261008,UCSes4X8uDrpc4X46hJKjejg,XTGlwLovDD0,on_demand,not_subscribed,US,3,what-to-watch,8,4,18.683033333333334,279.43975,11.523288659793815,1,15.907333333333334
20261008,UCSes4X8uDrpc4X46hJKjejg,l5M2ICRhyEA,on_demand,not_subscribed,BS,3,what-to-watch,1,0,0.01,0,0,0,0
20261008,UCSes4X8uDrpc4X46hJKjejg,6ljakZEWb0o,on_demand,subscribed,US,4,UCSes4X8uDrpc4X46hJKjejg,13,10,43.637966666666664,261.2989,9.4570720231632279,3,24.1238
20261008,UCSes4X8uDrpc4X46hJKjejg,fyi6d0AButQ,on_demand,not_subscribed,CN,3,what-to-watch,2,1,1.2612,73.047,24.028618421052631,0,0
20261008,UCSes4X8uDrpc4X46hJKjejg,apguqLi-hhk,on_demand,not_subscribed,US,0,unknown,1,1,1.2281666666666666,73.69,12.021207177814029,1,1.2281666666666666
20261008,UCSes4X8uDrpc4X46hJKjejg,Rl73WZoqKzE,on_demand,not_subscribed,ID,3,what-to-watch,2,0,0.0068666666666666668,0,0,0,0
20261008,UCSes4X8uDrpc4X46hJKjejg,XxNpGT_I6mk,on_demand,not_subscribed,AU,3,what-to-watch,4,1,0.89785,44.43,134.63636363636363,0,0
20261008,UCSes4X8uDrpc4X46hJKjejg,8qw_XePPwJg,on_demand,not_subscribed,US,3,what-to-watch,1,0,0.1055,0,0,0,0
20261008,UCSes4X8uDrpc4X46hJKjejg,PoyUkRaWZiM,on_demand,not_subscribed,US,7,Lqs0X7WbxkM,3,3,20.666416666666667,413.32833333333332,67.758743169398912,2,20.0775
20261008,UCSes4X8uDrpc4X46hJKjejg,gTMjT4y5LHE,on_demand,not_subscribed,VN,3,what-to-watch,2,1,0.32583333333333331,12.04,2.4372469635627532,0,0
20261008,UCSes4X8uDrpc4X46hJKjejg,QytSHiiqR3k,on_demand,not_subscribed,GT,24,unknown,1,1,0.26948333333333335,16.169,85.1,1,0.26948333333333335
20261008,UCSes4X8uDrpc4X46hJKjejg,JVtMpIpnwl0,on_demand,subscribed,US,5,,1,0,0.0081,0,0,0,0
20261008,UCSes4X8uDrpc4X46hJKjejg,QytSHiiqR3k,on_demand,not_subscribed,LU,24,unknown,2,1,0.30813333333333331,18.488,97.305263157894743,0,0
20261008,UCSes4X8uDrpc4X46hJKjejg,CHaZ3JGEv28,on_demand,not_subscribed,TH,24,unknown,5,3,2.2862,45.724,120.32631578947368,3,1.5013666666666667
20261008,UCSes4X8uDrpc4X46hJKjejg,6oGL_hVMNjM,on_demand,not_subscribed,VN,3,what-to-watch,1,1,0.38785,23.271,19.232231404958679,0,0
20261008,UCSes4X8uDrpc4X46hJKjejg,8ajxcRVL7g4,on_demand,not_subscribed,US,5,,6,4,3.129,46.36,43.735849056603776,0,0
20261008,UCSes4X8uDrpc4X46hJKjejg,CHaZ3JGEv28,on_demand,not_subscribed,SG,24,unknown,4,2,0.7835,22.02,57.94736842105263,0,0
20261008,UCSes4X8uDrpc4X46hJKjejg,lVK8i2o6lzQ,on_demand,not_subscribed,BA,3,what-to-watch,2,0,0.15678333333333333,0,0,0,0
20261008,UCSes4X8uDrpc4X46hJKjejg,UOsqGlestSU,on_demand,subscribed,CA,5,kenyon martin,1,1,0.90666666666666662,54.4,65.5421686746988,1,0.90666666666666662
20261008,UCSes4X8uDrpc4X46hJKjejg,HtZ8tDkeGJY,on_demand,not_subscribed,AT,24,unknown,4,2,3.00895,90.2685,152.99745762711865,0,0
20261008,UCSes4X8uDrpc4X46hJKjejg,l5M2ICRhyEA,on_demand,not_subscribed,GB,5,philadelphia 76ers,1,1,0.14,8.4,25.454545454545453,0,0
20261008,UCSes4X8uDrpc4X46hJKjejg,Iga34eYHPD0,on_demand,not_subscribed,US,5,,1,0,0.023333333333333334,0,0,0,0
20261008,UCSes4X8uDrpc4X46hJKjejg,BeZUS-lZ4qs,on_demand,not_subscribed,US,7,20HdNJlbrLU,1,1,51.926666666666669,3115.6,100.56810845706907,0,0
20261008,UCSes4X8uDrpc4X46hJKjejg,ncc0PEKBAFY,on_demand,not_subscribed,FR,5,,1,1,0.46333333333333332,27.8,31.59090909090909,0,0
20261008,UCSes4X8uDrpc4X46hJKjejg,fyi6d0AButQ,on_demand,not_subscribed,US,3,what-to-watch,25,8,16.487433333333332,119.615875,39.347327302631577,2,0.64191666666666669
20261008,UCSes4X8uDrpc4X46hJKjejg,QytSHiiqR3k,on_demand,not_subscribed,AU,24,unknown,184,99,29.5056,17.524303030303031,92.233173843700158,40,6.0887666666666664
20261008,UCSes4X8uDrpc4X46hJKjejg,itfxfmA1F64,on_demand,not_subscribed,JM,5,,1,1,0.6206666666666667,37.24,47.743589743589745,0,0
20261008,UCSes4X8uDrpc4X46hJKjejg,gTMjT4y5LHE,on_demand,not_subscribed,ZA,7,FXX_QCiXNno,1,1,0.1295,7.77,1.5728744939271255,0,0
20261008,UCSes4X8uDrpc4X46hJKjejg,eyaVWU5Eee4,on_demand,not_subscribed,US,5,,1,1,0.165,9.9,35.357142857142854,0,0
20261008,UCSes4X8uDrpc4X46hJKjejg,ybbL24ktLlw,on_demand,not_subscribed,CH,5,,1,0,0.017216666666666668,0,0,0,0
20261008,UCSes4X8uDrpc4X46hJKjejg,2Q710LlwPG4,on_demand,not_subscribed,PH,5,,1,0,0.012,0,0,0,0
20261008,UCSes4X8uDrpc4X46hJKjejg,oujDWGTay-Q,on_demand,subscribed,US,3,what-to-watch,2,1,0.78903333333333336,47.342,63.122666666666667,2,0.78903333333333336
20261008,UCSes4X8uDrpc4X46hJKjejg,QytSHiiqR3k,on_demand,subscribed,CA,17,uploaded_other,7,3,1.6283333333333334,32.56666666666667,171.40350877192984,3,0.7533333333333333
20261008,UCSes4X8uDrpc4X46hJKjejg,JZgusHsQ0l4,on_demand,not_subscribed,GB,24,unknown,2,1,0.12983333333333333,4.3,8.26923076923077,0,0
20261008,UCSes4X8uDrpc4X46hJKjejg,qMc2Kadj1PU,on_demand,not_subscribed,CA,32,JUn4tQJ9Y60,1,1,0.79433333333333334,47.66,6.9780380673499272,1,0.79433333333333334
20261008,UCSes4X8uDrpc4X46hJKjejg,0JHD_pApR7w,on_demand,not_subscribed,FR,3,what-to-watch,3,1,1.1931666666666667,71.38,103.44927536231884,0,0
20261008,UCSes4X8uDrpc4X46hJKjejg,M-M22Ac4CRE,on_demand,not_subscribed,IT,5,,1,1,0.093666666666666662,5.62,17.030303030303031,0,0
20261008,UCSes4X8uDrpc4X46hJKjejg,YHtB62qU1r8,on_demand,not_subscribed,BS,7,44txzy6hnVI,1,1,1.9515,117.09,24.912765957446808,0,0
20261008,UCSes4X8uDrpc4X46hJKjejg,gTMjT4y5LHE,on_demand,not_subscribed,HK,3,what-to-watch,3,2,15.904816666666667,477.1345,96.585931174089069,0,0
20261008,UCSes4X8uDrpc4X46hJKjejg,YHtB62qU1r8,on_demand,not_subscribed,GB,7,9gDhVwkDlQc,1,1,3.746,224.76,47.821276595744678,0,0
20261008,UCSes4X8uDrpc4X46hJKjejg,IkDS7ZhVkA4,on_demand,not_subscribed,US,7,Z47K_Cbz8jw,1,1,2.86785,172.071,7.4554159445407278,0,0
20261008,UCSes4X8uDrpc4X46hJKjejg,dgP0I7rPTlU,on_demand,not_subscribed,US,5,,2,1,0.11325,5.655,19.5,0,0
20261008,UCSes4X8uDrpc4X46hJKjejg,QytSHiiqR3k,on_demand,subscribed,ID,24,unknown,5,3,1.0231666666666666,20.463333333333335,107.70175438596492,2,0.36483333333333334
20261008,UCSes4X8uDrpc4X46hJKjejg,2n5LJUyMtAk,on_demand,not_subscribed,DE,3,what-to-watch,3,1,3.2287,189.949,37.613663366336631,0,0
20261008,UCSes4X8uDrpc4X46hJKjejg,l5M2ICRhyEA,on_demand,not_subscribed,NL,3,what-to-watch,1,0,0.0023666666666666667,0,0,0,0
20261008,UCSes4X8uDrpc4X46hJKjejg,XxNpGT_I6mk,on_demand,not_subscribed,GB,5,atlanta hawks,2,1,0.54833333333333334,32.9,99.6969696969697,0,0
20261008,UCSes4X8uDrpc4X46hJKjejg,HwWx5nhjCx8,on_demand,subscribed,US,7,Rl73WZoqKzE,1,1,17.335,1040.1,99.9135446685879,0,0
20261008,UCSes4X8uDrpc4X46hJKjejg,7HuaEHVdk6c,on_demand,not_subscribed,FR,3,what-to-watch,1,1,0.5735,34.41,33.407766990291265,0,0
20261008,UCSes4X8uDrpc4X46hJKjejg,YWmM-Tkjmvo,on_demand,not_subscribed,FR,3,what-to-watch,1,0,0.056833333333333333,0,0,0,0
20261008,UCSes4X8uDrpc4X46hJKjejg,JZgusHsQ0l4,on_demand,subscribed,AU,3,what-to-watch,1,1,0.75083333333333335,45.05,86.634615384615387,1,0.75083333333333335
20261008,UCSes4X8uDrpc4X46hJKjejg,yTQv3l6WIPk,on_demand,not_subscribed,US,3,what-to-watch,2,0,0.21166666666666667,0,0,0,0
20261008,UCSes4X8uDrpc4X46hJKjejg,YHtB62qU1r8,on_demand,not_subscribed,BZ,3,what-to-watch,1,1,7.2213333333333329,433.28,92.187234042553186,0,0
20261008,UCSes4X8uDrpc4X46hJKjejg,XxNpGT_I6mk,on_demand,not_subscribed,FR,3,what-to-watch,1,1,0.08533333333333333,5.12,15.515151515151516,0,0
20261008,UCSes4X8uDrpc4X46hJKjejg,CHaZ3JGEv28,on_demand,not_subscribed,MY,5,,4,2,1.2416666666666667,37.2,97.89473684210526,0,0
20261008,UCSes4X8uDrpc4X46hJKjejg,FCAC9ZyPn_4,on_demand,subscribed,TH,3,what-to-watch,1,1,0.023333333333333334,1.4,0.31818181818181818,1,0.023333333333333334
20261008,UCSes4X8uDrpc4X46hJKjejg,sRIO-T5dRjA,on_demand,not_subscribed,US,24,unknown,1,1,0.19133333333333333,11.48,41,0,0
20261008,UCSes4X8uDrpc4X46hJKjejg,CHaZ3JGEv28,on_demand,not_subscribed,US,5,nba,4,3,1.1648,23.296000000000003,61.305263157894736,3,0.6585
20261008,UCSes4X8uDrpc4X46hJKjejg,1Vs6b9DRFto,on_demand,not_subscribed,US,3,what-to-watch,1,1,0.50916666666666666,30.55,8.9589442815249267,0,0
20261008,UCSes4X8uDrpc4X46hJKjejg,tvcu9WeDJD4,on_demand,not_subscribed,AU,3,what-to-watch,2,0,0.088883333333333328,0,0,0,0
20261008,UCSes4X8uDrpc4X46hJKjejg,ePdXtNfowRo,on_demand,not_subscribed,AU,5,,1,0,0.020333333333333332,0,0,0,0
20261008,UCSes4X8uDrpc4X46hJKjejg,wG7RXWoJcys,on_demand,not_subscribed,US,5,,1,1,2.1116666666666668,126.7,27.014925373134329,0,0
20261008,UCSes4X8uDrpc4X46hJKjejg,O-ore054yEk,on_demand,not_subscribed,US,9,Google Search,1,1,0.29285,17.571,2.9984641638225256,0,0
20261008,UCSes4X8uDrpc4X46hJKjejg,BeZUS-lZ4qs,on_demand,not_subscribed,US,7,g8dDPBZFlc4,1,1,0.65778333333333339,39.467,1.2739509360877985,0,0
20261008,UCSes4X8uDrpc4X46hJKjejg,0JHD_pApR7w,on_demand,not_subscribed,TN,5,san antonio spurs,1,0,0.011666666666666667,0,0,0,0
20261008,UCSes4X8uDrpc4X46hJKjejg,YHtB62qU1r8,on_demand,not_subscribed,MY,5,,1,0,0.0175,0,0,0,0
20261008,UCSes4X8uDrpc4X46hJKjejg,YHtB62qU1r8,on_demand,not_subscribed,GB,5,76ers,2,1,0.23666666666666666,13.7,2.9148936170212765,0,0
20261008,UCSes4X8uDrpc4X46hJKjejg,JZgusHsQ0l4,on_demand,not_subscribed,MA,3,what-to-watch,2,1,1.402,84.12,161.76923076923077,0,0
20261008,UCSes4X8uDrpc4X46hJKjejg,BeZUS-lZ4qs,on_demand,not_subscribed,US,20,0b8eta7f8mY,2,2,36.109383333333334,1083.2815,34.967123950936084,0,0
20261008,UCSes4X8uDrpc4X46hJKjejg,FC36sHokYnk,on_demand,not_subscribed,EE,0,unknown,1,1,1.5935333333333332,95.612,17.258483754512635,0,0
20261008,UCSes4X8uDrpc4X46hJKjejg,nr2XQrdnjdQ,on_demand,not_subscribed,US,3,what-to-watch,7,5,21.3751,254.6482,21.764803418803417,1,10.4065
20261008,UCSes4X8uDrpc4X46hJKjejg,5WC7gUC932A,on_demand,subscribed,US,5,,5,1,2.4788333333333332,146.24,98.8108108108108,4,2.472
20261008,UCSes4X8uDrpc4X46hJKjejg,QytSHiiqR3k,on_demand,subscribed,PH,24,unknown,34,15,6.3711,25.471066666666665,134.05824561403509,10,1.4426666666666665
20261008,UCSes4X8uDrpc4X46hJKjejg,6DF37rM0hQ4,on_demand,not_subscribed,DE,5,,2,1,1.4933833333333333,87.924,93.536170212765953,1,1.4654
20261008,UCSes4X8uDrpc4X46hJKjejg,BeZUS-lZ4qs,on_demand,not_subscribed,SG,5,,1,0,0.013666666666666667,0,0,0,0
20261008,UCSes4X8uDrpc4X46hJKjejg,OkzI_U0uKes,on_demand,not_subscribed,FR,3,what-to-watch,2,0,0.0033333333333333335,0,0,0,0
20261008,UCSes4X8uDrpc4X46hJKjejg,Ha6asqD-La8,on_demand,not_subscribed,DM,5,,1,1,0.076666666666666661,4.6,12.432432432432432,0,0
20261008,UCSes4X8uDrpc4X46hJKjejg,gTMjT4y5LHE,on_demand,not_subscribed,NG,5,,1,0,0.028333333333333332,0,0,0,0
20261008,UCSes4X8uDrpc4X46hJKjejg,duUbOIZDS7s,on_demand,not_subscribed,ES,0,unknown,1,1,1.1281,67.686,33.179411764705883,0,0
20261008,UCSes4X8uDrpc4X46hJKjejg,vgg8-8HkNsM,on_demand,not_subscribed,US,5,,1,0,0.042,0,0,0,0
20261008,UCSes4X8uDrpc4X46hJKjejg,HtZ8tDkeGJY,on_demand,subscribed,GB,24,unknown,2,1,1.0113333333333334,60.68,102.84745762711864,0,0
20261008,UCSes4X8uDrpc4X46hJKjejg,MEHDJ9V-lIk,on_demand,not_subscribed,HR,3,what-to-watch,1,0,0.07166666666666667,0,0,0,0
20261008,UCSes4X8uDrpc4X46hJKjejg,HIZeTvY4T7U,on_demand,not_subscribed,US,3,what-to-watch,4,3,0.30183333333333334,5.97,19.258064516129032,1,0.17366666666666666
20261008,UCSes4X8uDrpc4X46hJKjejg,CHaZ3JGEv28,on_demand,not_subscribed,US,5,washington wizards,114,59,28.2538,28.004745762711863,73.696699375557543,21,7.6712
20261008,UCSes4X8uDrpc4X46hJKjejg,QytSHiiqR3k,on_demand,not_subscribed,PH,5,,3,1,0.3117,14.902,78.431578947368422,1,0.03
20261008,UCSes4X8uDrpc4X46hJKjejg,9wZJKeENB1w,on_demand,not_subscribed,US,5,,1,1,1.1621666666666666,69.73,83.011904761904759,0,0
20261008,UCSes4X8uDrpc4X46hJKjejg,HtZ8tDkeGJY,on_demand,not_subscribed,ES,3,what-to-watch,1,0,0.019266666666666668,0,0,0,0
20261008,UCSes4X8uDrpc4X46hJKjejg,JZgusHsQ0l4,on_demand,not_subscribed,PH,5,lebron,6,4,1.3011666666666666,18.9675,36.47596153846154,2,0.36166666666666669
20261008,UCSes4X8uDrpc4X46hJKjejg,NN_PzDZuw9g,on_demand,subscribed,US,3,what-to-watch,2,1,1.5321666666666667,90,84.112149532710276,0,0
20261008,UCSes4X8uDrpc4X46hJKjejg,QytSHiiqR3k,on_demand,not_subscribed,FR,24,unknown,14,10,2.2901666666666665,13.741,72.321052631578951,3,0.6095
20261008,UCSes4X8uDrpc4X46hJKjejg,MEHDJ9V-lIk,on_demand,not_subscribed,JP,3,what-to-watch,1,0,0.03345,0,0,0,0
20261008,UCSes4X8uDrpc4X46hJKjejg,WAYYE5BMG6c,on_demand,not_subscribed,AU,3,what-to-watch,2,0,0.072833333333333333,0,0,0,0
20261008,UCSes4X8uDrpc4X46hJKjejg,DFY-sVJGeDI,on_demand,not_subscribed,US,14,PLX3ZLYz4-6vE2_ZNLW5AfzbHTd1jTskDl,1,1,20.481666666666666,1228.9,50.928305014504765,1,20.481666666666666
20261008,UCSes4X8uDrpc4X46hJKjejg,yLaHIgUjz6w,on_demand,not_subscribed,US,3,what-to-watch,2,1,1.1352833333333334,67.83,19.269886363636363,1,1.1305
20261008,UCSes4X8uDrpc4X46hJKjejg,nbPkjNPdK74,on_demand,not_subscribed,US,5,,1,0,0.0175,0,0,0,0
20261008,UCSes4X8uDrpc4X46hJKjejg,po8YrSQivoM,on_demand,not_subscribed,CA,3,what-to-watch,3,1,6.6375166666666665,394.74,11.501748251748252,0,0
20261008,UCSes4X8uDrpc4X46hJKjejg,YHtB62qU1r8,on_demand,not_subscribed,US,7,oKoehJCl-zs,1,1,4.2396,254.376,54.122553191489359,0,0
20261008,UCSes4X8uDrpc4X46hJKjejg,cDEy2e8wqlc,on_demand,not_subscribed,CA,5,,1,0,0.017666666666666667,0,0,0,0
20261008,UCSes4X8uDrpc4X46hJKjejg,J6rzMuvuMuo,on_demand,not_subscribed,PT,5,tim duncan trash talk stories,1,1,1.175,70.5,97.916666666666671,0,0
20261008,UCSes4X8uDrpc4X46hJKjejg,iyXSPWzKYBk,on_demand,not_subscribed,US,5,,2,1,2.2985833333333332,137.099,58.840772532188844,0,0
20261008,UCSes4X8uDrpc4X46hJKjejg,gTMjT4y5LHE,on_demand,not_subscribed,TN,9,unknown,1,1,1.245,74.7,15.121457489878543,0,0
20261008,UCSes4X8uDrpc4X46hJKjejg,PoyUkRaWZiM,on_demand,not_subscribed,VN,3,what-to-watch,1,1,10.020616666666667,601.237,98.563442622950816,0,0
20261008,UCSes4X8uDrpc4X46hJKjejg,M-M22Ac4CRE,on_demand,not_subscribed,BE,5,victor wembanyama,1,1,0.14466666666666667,8.68,26.303030303030305,0,0
20261008,UCSes4X8uDrpc4X46hJKjejg,po8YrSQivoM,on_demand,not_subscribed,IN,3,what-to-watch,1,0,0.0016666666666666668,0,0,0,0
20261008,UCSes4X8uDrpc4X46hJKjejg,fyi6d0AButQ,on_demand,not_subscribed,AE,3,what-to-watch,2,1,0.70096666666666663,41.959,13.802302631578947,0,0
20261008,UCSes4X8uDrpc4X46hJKjejg,c-sLq27d-jw,on_demand,not_subscribed,RU,3,what-to-watch,1,1,1.5314166666666666,91.885,4.2519666820916244,0,0
20261008,UCSes4X8uDrpc4X46hJKjejg,ymfIczLSXfI,on_demand,not_subscribed,GB,5,,1,0,0.0135,0,0,0,0
20261008,UCSes4X8uDrpc4X46hJKjejg,llAjcdthT0Q,on_demand,not_subscribed,US,3,what-to-watch,1,1,0.094666666666666663,5.68,8,0,0
20261008,UCSes4X8uDrpc4X46hJKjejg,YHtB62qU1r8,on_demand,subscribed,US,7,GNWBOl3uFF4,1,1,0.435,26.1,5.5531914893617023,0,0
20261008,UCSes4X8uDrpc4X46hJKjejg,HtZ8tDkeGJY,on_demand,not_subscribed,DK,3,what-to-watch,2,1,0.19335,11.394,19.311864406779662,0,0
20261008,UCSes4X8uDrpc4X46hJKjejg,oujDWGTay-Q,on_demand,not_subscribed,CA,5,,3,2,1.57345,47.2035,62.938,2,1.3334333333333332
20261008,UCSes4X8uDrpc4X46hJKjejg,XTGlwLovDD0,on_demand,subscribed,US,3,what-to-watch,1,0,0.021666666666666667,0,0,0,0
20261008,UCSes4X8uDrpc4X46hJKjejg,bQEO6DmLkPg,on_demand,not_subscribed,SA,5,,1,1,0.245,14.7,26.25,0,0
20261008,UCSes4X8uDrpc4X46hJKjejg,YHtB62qU1r8,on_demand,not_subscribed,AU,7,Cng3bU8OGVs,1,1,0.6114,36.684,7.8051063829787237,0,0
20261008,UCSes4X8uDrpc4X46hJKjejg,op6JvrFdWrY,on_demand,subscribed,JP,24,unknown,2,1,0.4195,21.82,90.916666666666671,0,0
20261008,UCSes4X8uDrpc4X46hJKjejg,YHtB62qU1r8,on_demand,not_subscribed,DO,3,what-to-watch,4,4,14.158916666666666,212.38375,45.188031914893614,0,0
20261008,UCSes4X8uDrpc4X46hJKjejg,fzzrdnfjmpA,on_demand,not_subscribed,US,5,,2,2,0.54333333333333333,16.3,35.434782608695649,0,0
20261008,UCSes4X8uDrpc4X46hJKjejg,Uo7rmLN6ANk,on_demand,not_subscribed,US,3,what-to-watch,2,0,0.072883333333333328,0,0,0,0
20261008,UCSes4X8uDrpc4X46hJKjejg,18S1GBfKaIo,on_demand,not_subscribed,DE,3,what-to-watch,1,1,1.4066666666666667,84.4,2.6243781094527363,0,0
20261008,UCSes4X8uDrpc4X46hJKjejg,Ha6asqD-La8,on_demand,not_subscribed,FR,5,,1,1,0.031933333333333334,1.916,5.1783783783783788,0,0
20261008,UCSes4X8uDrpc4X46hJKjejg,QytSHiiqR3k,on_demand,subscribed,LU,24,unknown,2,1,0.31633333333333336,18.98,99.89473684210526,0,0
20261008,UCSes4X8uDrpc4X46hJKjejg,iOURk-GhPG0,on_demand,not_subscribed,GH,4,UCSes4X8uDrpc4X46hJKjejg,1,1,0.2295,13.77,47.482758620689658,0,0
20261008,UCSes4X8uDrpc4X46hJKjejg,CHaZ3JGEv28,on_demand,subscribed,TH,24,unknown,3,2,0.7545,22.635,59.565789473684212,1,0.1135
20261008,UCSes4X8uDrpc4X46hJKjejg,46H7mR8PVaU,on_demand,not_subscribed,US,5,,1,0,0.0105,0,0,0,0
20261008,UCSes4X8uDrpc4X46hJKjejg,M-M22Ac4CRE,on_demand,not_subscribed,MY,5,victor wembanyama,1,0,0.13805,0,0,0,0
20261008,UCSes4X8uDrpc4X46hJKjejg,ybbL24ktLlw,on_demand,not_subscribed,CR,5,,1,0,0.0018333333333333333,0,0,0,0
20261008,UCSes4X8uDrpc4X46hJKjejg,f4MfVVTJ6pY,on_demand,not_subscribed,US,8,offline,1,1,23.278333333333332,1396.7,84.957420924574208,1,23.278333333333332
20261008,UCSes4X8uDrpc4X46hJKjejg,JwDkO74iC-w,on_demand,not_subscribed,US,7,BIZvX2as-7E,1,1,11.211666666666666,672.7,12.850047755491882,0,0
20261008,UCSes4X8uDrpc4X46hJKjejg,aniUY_3CpGY,on_demand,not_subscribed,US,5,,1,1,0.164,9.84,3.215686274509804,0,0
20261008,UCSes4X8uDrpc4X46hJKjejg,CHaZ3JGEv28,on_demand,subscribed,SG,24,unknown,4,3,1.092,21.84,57.473684210526315,0,0
20261008,UCSes4X8uDrpc4X46hJKjejg,3vvJggGtHLg,on_demand,not_subscribed,FR,5,,1,0,0.012716666666666666,0,0,0,0
20261008,UCSes4X8uDrpc4X46hJKjejg,HwWx5nhjCx8,on_demand,not_subscribed,GB,3,what-to-watch,1,1,9.52585,571.551,54.904034582132567,0,0
20261008,UCSes4X8uDrpc4X46hJKjejg,IkDS7ZhVkA4,on_demand,not_subscribed,US,9,m,1,1,0.0063833333333333337,0.383,0.016594454072790296,0,0
20261008,UCSes4X8uDrpc4X46hJKjejg,OGOmzWG_ThE,on_demand,not_subscribed,SG,5,,1,0,0.0068333333333333336,0,0,0,0
20261008,UCSes4X8uDrpc4X46hJKjejg,mUAP-9mAYUw,on_demand,not_subscribed,FR,5,,1,1,0.54876666666666662,32.926,46.374647887323945,0,0
20261008,UCSes4X8uDrpc4X46hJKjejg,kR4DhF7Jd7A,on_demand,not_subscribed,CA,5,,1,1,0.053166666666666668,3.19,3.6666666666666665,0,0
20261008,UCSes4X8uDrpc4X46hJKjejg,FIPueBGagWs,on_demand,not_subscribed,AU,14,PLBovHeO3YL0P0T75FmZARcwewQCWYsr6c,1,1,7.7171666666666665,463.03,12.457089050309389,0,0
20261008,UCSes4X8uDrpc4X46hJKjejg,fyi6d0AButQ,on_demand,subscribed,US,3,what-to-watch,5,2,5.3068666666666671,157.8105,51.911348684210523,1,0.00705
20261008,UCSes4X8uDrpc4X46hJKjejg,YHtB62qU1r8,on_demand,not_subscribed,US,7,aOKDIBaDzcM,2,2,10.169333333333332,305.08,64.910638297872339,1,6.9526666666666666
20261008,UCSes4X8uDrpc4X46hJKjejg,QytSHiiqR3k,on_demand,subscribed,AU,24,unknown,22,9,2.313,14.33,75.421052631578945,9,0.44716666666666671
20261008,UCSes4X8uDrpc4X46hJKjejg,eu62r4NZQ3Q,on_demand,not_subscribed,ZA,3,PP,1,1,0.041666666666666664,2.5,1.2437810945273631,0,0
20261008,UCSes4X8uDrpc4X46hJKjejg,VabbVbaoc3U,on_demand,not_subscribed,CA,8,unknown,1,1,0.8938166666666667,53.629,40.9381679389313,0,0
20261008,UCSes4X8uDrpc4X46hJKjejg,YHtB62qU1r8,on_demand,not_subscribed,US,7,7Q6Rd9raS3c,1,1,3.9122,234.732,49.942978723404252,0,0
20261008,UCSes4X8uDrpc4X46hJKjejg,JZgusHsQ0l4,on_demand,not_subscribed,DE,24,unknown,4,3,1.8274833333333333,36.549666666666667,70.287820512820517,0,0
20261008,UCSes4X8uDrpc4X46hJKjejg,JZgusHsQ0l4,on_demand,subscribed,GB,24,unknown,2,1,1.4798333333333333,88.79,170.75,0,0
20261008,UCSes4X8uDrpc4X46hJKjejg,6ljakZEWb0o,on_demand,subscribed,AU,7,v4YnulGF_uE,1,1,46.038166666666669,2762.29,99.97430329352153,0,0
20261008,UCSes4X8uDrpc4X46hJKjejg,f4MfVVTJ6pY,on_demand,not_subscribed,US,5,,13,6,44.15985,439.50949999999995,26.734154501216544,2,23.638233333333336
20261008,UCSes4X8uDrpc4X46hJKjejg,QytSHiiqR3k,on_demand,not_subscribed,MA,24,unknown,2,0,0.081016666666666667,0,0,0,0
20261008,UCSes4X8uDrpc4X46hJKjejg,pWCQrmx8beo,on_demand,not_subscribed,US,7,GwH8fLXRjGg,1,1,43.4585,2607.51,86.685837765957444,1,43.4585
20261008,UCSes4X8uDrpc4X46hJKjejg,VUgcbRT8QnA,on_demand,not_subscribed,US,5,,1,0,0.049666666666666665,0,0,0,0
20261008,UCSes4X8uDrpc4X46hJKjejg,J6rzMuvuMuo,on_demand,not_subscribed,DE,5,zach randolph demarcus cousins,1,1,0.245,14.7,20.416666666666668,0,0
20261008,UCSes4X8uDrpc4X46hJKjejg,k4-t8XMp-wg,on_demand,not_subscribed,US,5,,2,1,0.27096666666666669,16.046,5.6104895104895105,0,0
20261008,UCSes4X8uDrpc4X46hJKjejg,QytSHiiqR3k,on_demand,not_subscribed,BB,17,uploaded_other,1,1,0.355,21.3,112.10526315789474,0,0
20261008,UCSes4X8uDrpc4X46hJKjejg,JZgusHsQ0l4,on_demand,not_subscribed,MO,3,what-to-watch,1,0,0.01,0,0,0,0
20261008,UCSes4X8uDrpc4X46hJKjejg,HtZ8tDkeGJY,on_demand,not_subscribed,CA,5,rajon rondo,1,1,0.092616666666666667,5.557,9.41864406779661,1,0.092616666666666667
20261008,UCSes4X8uDrpc4X46hJKjejg,PeMHxUwuByQ,on_demand,subscribed,AU,7,5ozbBdgA87Q,1,1,47.3595,2841.57,76.365761891964524,1,47.3595
20261008,UCSes4X8uDrpc4X46hJKjejg,FCAC9ZyPn_4,on_demand,not_subscribed,IL,3,what-to-watch,1,0,0.11296666666666667,0,0,1,0.11296666666666667
20261008,UCSes4X8uDrpc4X46hJKjejg,HVLl_aTeQTE,on_demand,not_subscribed,GB,5,,1,0,0.048333333333333332,0,0,0,0
20261008,UCSes4X8uDrpc4X46hJKjejg,kzzARP3sGzw,on_demand,not_subscribed,US,5,baltimore ravens,26,14,15.175816666666666,64.762071428571431,85.213251879699243,2,0.98883333333333334
20261008,UCSes4X8uDrpc4X46hJKjejg,K1KXX7Al--U,on_demand,not_subscribed,US,3,what-to-watch,1,1,0.010666666666666666,0.64,1.1228070175438596,0,0
20261008,UCSes4X8uDrpc4X46hJKjejg,9LFMqUAyB_U,on_demand,not_subscribed,PH,7,zEgrNFMdXwg,1,1,0.49333333333333335,29.6,3.4782608695652173,0,0
20261008,UCSes4X8uDrpc4X46hJKjejg,l5M2ICRhyEA,on_demand,not_subscribed,TR,3,what-to-watch,1,0,0.053333333333333337,0,0,0,0
20261008,UCSes4X8uDrpc4X46hJKjejg,0b8eta7f8mY,on_demand,not_subscribed,CA,3,what-to-watch,1,0,0.0853,0,0,0,0
20261008,UCSes4X8uDrpc4X46hJKjejg,MpDNI6Cv1nw,on_demand,not_subscribed,PH,3,what-to-watch,2,1,0.81473333333333331,48.884,143.7764705882353,0,0
20261008,UCSes4X8uDrpc4X46hJKjejg,tIFk16TQrU4,on_demand,not_subscribed,US,4,UCSes4X8uDrpc4X46hJKjejg,1,0,0.053333333333333337,0,0,0,0
20261008,UCSes4X8uDrpc4X46hJKjejg,6ljakZEWb0o,on_demand,subscribed,US,7,zlPZsJkvKdw,1,1,3.3294333333333332,199.766,7.2300398117987692,0,0
20261008,UCSes4X8uDrpc4X46hJKjejg,gTMjT4y5LHE,on_demand,not_subscribed,MY,5,,1,0,0.0196,0,0,0,0
20261008,UCSes4X8uDrpc4X46hJKjejg,JZgusHsQ0l4,on_demand,not_subscribed,DK,3,what-to-watch,4,0,0.084033333333333335,0,0,0,0
20261008,UCSes4X8uDrpc4X46hJKjejg,QytSHiiqR3k,on_demand,not_subscribed,CK,24,unknown,2,1,0.41483333333333333,24.89,131,2,0.41483333333333333
20261008,UCSes4X8uDrpc4X46hJKjejg,sRIO-T5dRjA,on_demand,not_subscribed,US,5,,9,6,2.75695,27.5695,98.4625,0,0
20261008,UCSes4X8uDrpc4X46hJKjejg,QytSHiiqR3k,on_demand,not_subscribed,AO,24,unknown,3,1,0.89816666666666667,53.89,283.63157894736844,0,0
20261008,UCSes4X8uDrpc4X46hJKjejg,nr2XQrdnjdQ,on_demand,subscribed,US,3,what-to-watch,1,1,19.028183333333335,1141.691,97.580427350427357,0,0
20261008,UCSes4X8uDrpc4X46hJKjejg,0b8eta7f8mY,on_demand,not_subscribed,PL,3,what-to-watch,2,2,5.0393166666666671,151.1795,28.686812144212524,0,0
20261008,UCSes4X8uDrpc4X46hJKjejg,JZgusHsQ0l4,on_demand,not_subscribed,PH,5,lebron james,18,8,5.098816666666667,37.637,72.378846153846155,0,0
20261008,UCSes4X8uDrpc4X46hJKjejg,a_Q8pF1c6ds,on_demand,not_subscribed,US,5,,2,2,2.5687666666666669,77.063,28.436531365313652,0,0
20261008,UCSes4X8uDrpc4X46hJKjejg,BeZUS-lZ4qs,on_demand,not_subscribed,US,7,rGGq11K40Gw,1,1,27.531866666666666,1651.912,53.321885087153,0,0
20261008,UCSes4X8uDrpc4X46hJKjejg,ePdXtNfowRo,on_demand,not_subscribed,US,7,cqWLyty4OQw,2,2,3.2793333333333332,98.38,19.177387914230021,0,0
20261008,UCSes4X8uDrpc4X46hJKjejg,muwMeVYa7wE,on_demand,not_subscribed,GH,5,,2,0,0.071333333333333332,0,0,0,0
20261008,UCSes4X8uDrpc4X46hJKjejg,CHaZ3JGEv28,on_demand,subscribed,US,5,washington wizards,7,2,1.3225,38.11,100.28947368421052,0,0
20261008,UCSes4X8uDrpc4X46hJKjejg,HtZ8tDkeGJY,on_demand,not_subscribed,DE,5,,2,0,0.1705,0,0,0,0
20261008,UCSes4X8uDrpc4X46hJKjejg,QytSHiiqR3k,on_demand,subscribed,FR,24,unknown,3,1,0.331,19,100,0,0
20261008,UCSes4X8uDrpc4X46hJKjejg,HtZ8tDkeGJY,on_demand,not_subscribed,NL,7,ViHQc5JonqY,1,1,0.61333333333333329,36.8,62.3728813559322,1,0.61333333333333329
20261008,UCSes4X8uDrpc4X46hJKjejg,QytSHiiqR3k,on_demand,not_subscribed,MT,24,unknown,3,1,0.33816666666666667,18.42,96.94736842105263,0,0
20261008,UCSes4X8uDrpc4X46hJKjejg,JZgusHsQ0l4,on_demand,not_subscribed,CH,3,what-to-watch,1,1,0.28466666666666668,17.08,32.846153846153847,1,0.28466666666666668
20261008,UCSes4X8uDrpc4X46hJKjejg,84XwX8zGUOk,on_demand,not_subscribed,IN,7,ePdXtNfowRo,1,1,0.2725,16.35,3.1563706563706564,0,0
20261008,UCSes4X8uDrpc4X46hJKjejg,HtZ8tDkeGJY,on_demand,not_subscribed,US,7,ZmEubFet8SA,2,1,1.3335,80.01,135.61016949152543,2,1.3335
20261008,UCSes4X8uDrpc4X46hJKjejg,M-M22Ac4CRE,on_demand,not_subscribed,DE,3,what-to-watch,1,0,0.055816666666666667,0,0,0,0
20261008,UCSes4X8uDrpc4X46hJKjejg,MEHDJ9V-lIk,on_demand,not_subscribed,US,3,what-to-watch,73,33,180.26065,325.35657575757574,15.794008531921154,6,35.300116666666668
20261008,UCSes4X8uDrpc4X46hJKjejg,0TDhWq6S65A,on_demand,not_subscribed,CA,3,what-to-watch,1,0,0.15275,0,0,0,0
20261008,UCSes4X8uDrpc4X46hJKjejg,Rl73WZoqKzE,on_demand,subscribed,AU,3,what-to-watch,1,0,0.0040333333333333332,0,0,0,0
20261008,UCSes4X8uDrpc4X46hJKjejg,6ljakZEWb0o,on_demand,not_subscribed,JP,5,,1,0,0.0022333333333333333,0,0,0,0
20261008,UCSes4X8uDrpc4X46hJKjejg,Aa5QDN6HCy0,on_demand,subscribed,GB,5,,1,1,0.75783333333333336,45.47,79.7719298245614,0,0
20261008,UCSes4X8uDrpc4X46hJKjejg,x9aP35H3Wlc,on_demand,not_subscribed,LK,5,,2,1,0.85433333333333328,51.26,100.50980392156863,0,0
20261008,UCSes4X8uDrpc4X46hJKjejg,CHaZ3JGEv28,on_demand,not_subscribed,NL,24,unknown,6,3,2.3582333333333332,46.591333333333331,122.60877192982456,0,0
20261008,UCSes4X8uDrpc4X46hJKjejg,BeZUS-lZ4qs,on_demand,not_subscribed,US,20,DjhN1oAGTYA,1,1,5.02,301.2,9.7224015493867011,0,0
20261008,UCSes4X8uDrpc4X46hJKjejg,YHtB62qU1r8,on_demand,not_subscribed,TW,5,,2,1,1.8033,102.366,21.78,1,1.7061
20261008,UCSes4X8uDrpc4X46hJKjejg,0ipk1CRDgH0,on_demand,not_subscribed,US,24,unknown,3,1,0.85033333333333339,51.02,221.82608695652175,0,0
20261008,UCSes4X8uDrpc4X46hJKjejg,fyi6d0AButQ,on_demand,subscribed,AE,3,what-to-watch,2,2,6.555,196.65,64.6875,0,0
20261008,UCSes4X8uDrpc4X46hJKjejg,nhsSC-6FfUM,on_demand,not_subscribed,US,5,,1,0,0.014233333333333334,0,0,0,0
20261008,UCSes4X8uDrpc4X46hJKjejg,Mrjky6bXwm4,on_demand,not_subscribed,US,3,what-to-watch,1,0,0.0023166666666666665,0,0,0,0
20261008,UCSes4X8uDrpc4X46hJKjejg,bkGNuDS6ibU,on_demand,subscribed,US,5,,1,1,0.69508333333333339,41.705,49.648809523809526,0,0
20261008,UCSes4X8uDrpc4X46hJKjejg,WAYYE5BMG6c,on_demand,not_subscribed,US,8,ytremote,1,1,31.622016666666667,1897.321,99.964225500526865,1,31.622016666666667
20261008,UCSes4X8uDrpc4X46hJKjejg,tIFk16TQrU4,on_demand,not_subscribed,GH,24,unknown,1,1,0.41766666666666669,25.06,73.705882352941174,0,0
20261008,UCSes4X8uDrpc4X46hJKjejg,JZgusHsQ0l4,on_demand,not_subscribed,TT,3,what-to-watch,2,1,0.9371666666666667,56.23,108.13461538461539,0,0
20261008,UCSes4X8uDrpc4X46hJKjejg,zxka0rRvmaU,on_demand,not_subscribed,CA,5,,4,1,0.98233333333333328,56.16,119.48936170212765,0,0
20261008,UCSes4X8uDrpc4X46hJKjejg,gTMjT4y5LHE,on_demand,not_subscribed,ID,5,cam thomas,2,0,0.125,0,0,0,0
20261008,UCSes4X8uDrpc4X46hJKjejg,IkDS7ZhVkA4,on_demand,not_subscribed,US,7,vwcDI5jbe-Y,1,1,1.2966666666666666,77.8,3.3708838821490468,1,1.2966666666666666
20261008,UCSes4X8uDrpc4X46hJKjejg,QytSHiiqR3k,on_demand,not_subscribed,SZ,24,unknown,2,1,0.325,19.5,102.63157894736842,0,0
20261008,UCSes4X8uDrpc4X46hJKjejg,Mknv0_8mh_s,on_demand,not_subscribed,US,5,,3,1,1.4159833333333334,82.622,105.92564102564103,0,0
20261008,UCSes4X8uDrpc4X46hJKjejg,BeZUS-lZ4qs,on_demand,not_subscribed,US,18,PL-STpD9WpjQhzJqLiIbEHGLmjXP3HVi_N,1,1,0.043333333333333335,2.6,0.083925112976113617,1,0.043333333333333335
20261008,UCSes4X8uDrpc4X46hJKjejg,CHaZ3JGEv28,on_demand,not_subscribed,IL,24,unknown,4,2,0.84121666666666661,23.6865,62.332894736842107,0,0
20261008,UCSes4X8uDrpc4X46hJKjejg,QytSHiiqR3k,on_demand,not_subscribed,ES,24,unknown,14,6,1.6273833333333334,15.249,80.2578947368421,0,0
20261008,UCSes4X8uDrpc4X46hJKjejg,wt0fDe3hO0Y,on_demand,not_subscribed,US,5,,1,1,2.4533666666666667,147.202,3.5385096153846152,0,0
20261008,UCSes4X8uDrpc4X46hJKjejg,zxka0rRvmaU,on_demand,not_subscribed,PL,5,,1,1,0.775,46.5,98.936170212765958,1,0.775
20261008,UCSes4X8uDrpc4X46hJKjejg,YHtB62qU1r8,on_demand,not_subscribed,US,7,4Ojs0G5s_iA,1,1,1.0664166666666666,63.985,13.613829787234042,0,0
20261008,UCSes4X8uDrpc4X46hJKjejg,DR20PV1jy9c,on_demand,not_subscribed,US,14,my-likes,1,1,7.1416666666666666,428.5,99.883449883449885,1,7.1416666666666666
20261008,UCSes4X8uDrpc4X46hJKjejg,50MHq47IaLU,on_demand,not_subscribed,PH,5,,1,0,0.015,0,0,0,0
20261008,UCSes4X8uDrpc4X46hJKjejg,HwWx5nhjCx8,on_demand,not_subscribed,DE,3,what-to-watch,2,0,0.1312,0,0,0,0
20261008,UCSes4X8uDrpc4X46hJKjejg,op6JvrFdWrY,on_demand,not_subscribed,US,5,,3,1,0.439,25.92,108,0,0
20261008,UCSes4X8uDrpc4X46hJKjejg,kVGNrF0YpU8,on_demand,not_subscribed,US,24,unknown,2,1,0.5668333333333333,34.01,100.02941176470588,0,0
20261008,UCSes4X8uDrpc4X46hJKjejg,eWSQp0g8llA,on_demand,not_subscribed,US,3,what-to-watch,3,2,5.40935,159.434,49.513664596273294,0,0
20261008,UCSes4X8uDrpc4X46hJKjejg,YHtB62qU1r8,on_demand,not_subscribed,CA,7,xp7qhCHyVPY,1,1,7.823833333333333,469.43,99.878723404255325,0,0
20261008,UCSes4X8uDrpc4X46hJKjejg,JZgusHsQ0l4,on_demand,not_subscribed,BR,3,what-to-watch,4,1,0.9588,51.3,98.65384615384616,0,0
20261008,UCSes4X8uDrpc4X46hJKjejg,0D9cQJPcrhU,on_demand,subscribed,IN,4,UCSes4X8uDrpc4X46hJKjejg,1,1,0.45166666666666666,27.1,9.1245791245791246,1,0.45166666666666666
20261008,UCSes4X8uDrpc4X46hJKjejg,xiYxKcHCRw0,on_demand,not_subscribed,DO,3,what-to-watch,1,0,0.076666666666666661,0,0,0,0
20261008,UCSes4X8uDrpc4X46hJKjejg,YHtB62qU1r8,on_demand,not_subscribed,HK,5,lebron james,1,0,0.033333333333333333,0,0,0,0
20261008,UCSes4X8uDrpc4X46hJKjejg,p5XiosuCXB8,on_demand,not_subscribed,US,24,unknown,1,1,0.41866666666666669,25.12,41.180327868852459,0,0
20261008,UCSes4X8uDrpc4X46hJKjejg,OG1-VxzclcA,on_demand,not_subscribed,LT,3,what-to-watch,2,1,0.7193,43.158,100.36744186046512,0,0
20261008,UCSes4X8uDrpc4X46hJKjejg,YHtB62qU1r8,on_demand,not_subscribed,KW,3,what-to-watch,1,0,0.03,0,0,0,0
20261008,UCSes4X8uDrpc4X46hJKjejg,MEHDJ9V-lIk,on_demand,subscribed,SG,7,KBzEyYVG41k,1,1,0.052,3.12,0.15145631067961166,1,0.052
20261008,UCSes4X8uDrpc4X46hJKjejg,PY_VRF7d7kc,on_demand,not_subscribed,GB,5,,1,0,0.070333333333333331,0,0,0,0
20261008,UCSes4X8uDrpc4X46hJKjejg,l5M2ICRhyEA,on_demand,not_subscribed,PR,3,what-to-watch,1,0,0,0,0,0,0
20261008,UCSes4X8uDrpc4X46hJKjejg,YHtB62qU1r8,on_demand,not_subscribed,AO,5,philadelphia 76ers,1,1,3.4223333333333334,205.34,43.689361702127663,0,0
20261008,UCSes4X8uDrpc4X46hJKjejg,QytSHiiqR3k,on_demand,not_subscribed,QA,8,unknown,2,1,0.34183333333333332,20.51,107.94736842105263,0,0
20261008,UCSes4X8uDrpc4X46hJKjejg,BeZUS-lZ4qs,on_demand,not_subscribed,US,7,AWdIuflemFU,2,2,2.6885,80.655,2.6034538411878629,0,0
20261008,UCSes4X8uDrpc4X46hJKjejg,J0ZXbFcQJKY,on_demand,not_subscribed,US,9,Google Docs,1,1,0.016483333333333332,0.989,0.22125279642058165,0,0
20261008,UCSes4X8uDrpc4X46hJKjejg,JZgusHsQ0l4,on_demand,not_subscribed,AU,5,lebron james,2,1,0.87,52.2,100.38461538461539,2,0.87
20261008,UCSes4X8uDrpc4X46hJKjejg,gTMjT4y5LHE,on_demand,not_subscribed,PH,5,cam thomas,4,2,8.54885,254.8905,51.597267206477731,0,0
20261008,UCSes4X8uDrpc4X46hJKjejg,YHtB62qU1r8,on_demand,not_subscribed,US,7,-d4Q7_xRQ8Q,1,1,2.0975,125.85,26.776595744680851,0,0
20261008,UCSes4X8uDrpc4X46hJKjejg,CHaZ3JGEv28,on_demand,subscribed,LR,24,unknown,1,0,0.028,0,0,0,0
20261008,UCSes4X8uDrpc4X46hJKjejg,YHtB62qU1r8,on_demand,not_subscribed,US,7,wN6J7OY1r4I,1,1,0.68583333333333329,41.15,8.75531914893617,0,0
20261008,UCSes4X8uDrpc4X46hJKjejg,rVyl3bzFBcQ,on_demand,not_subscribed,US,5,,1,0,0.013833333333333333,0,0,0,0
20261008,UCSes4X8uDrpc4X46hJKjejg,-k1Ng7TE63Q,on_demand,not_subscribed,CA,5,,4,1,0.54666666666666663,30.4,101.33333333333333,4,0.54666666666666663
20261008,UCSes4X8uDrpc4X46hJKjejg,f4MfVVTJ6pY,on_demand,subscribed,US,5,,2,0,0.013716666666666667,0,0,0,0
20261008,UCSes4X8uDrpc4X46hJKjejg,YHtB62qU1r8,on_demand,not_subscribed,US,7,G6njfPvlnVs,3,3,18.677133333333334,373.54266666666666,79.477163120567383,0,0
20261008,UCSes4X8uDrpc4X46hJKjejg,QytSHiiqR3k,on_demand,not_subscribed,DK,24,unknown,2,1,0.20083333333333334,10.3,54.210526315789473,0,0
20261008,UCSes4X8uDrpc4X46hJKjejg,JZgusHsQ0l4,on_demand,not_subscribed,DE,5,,2,1,0.13166666666666665,7,13.461538461538462,0,0
20261008,UCSes4X8uDrpc4X46hJKjejg,QytSHiiqR3k,on_demand,not_subscribed,CO,24,unknown,4,1,0.726,39.96,210.31578947368422,0,0
20261008,UCSes4X8uDrpc4X46hJKjejg,IkDS7ZhVkA4,on_demand,subscribed,CA,7,jizHHnGzzUg,1,1,0.24216666666666667,14.53,0.62954939341421146,1,0.24216666666666667
20261008,UCSes4X8uDrpc4X46hJKjejg,CHaZ3JGEv28,on_demand,subscribed,TH,3,/my_subscriptions,2,1,0.72,43.2,113.68421052631579,0,0
20261008,UCSes4X8uDrpc4X46hJKjejg,HtZ8tDkeGJY,on_demand,subscribed,TT,3,what-to-watch,1,0,0.018333333333333333,0,0,0,0
20261008,UCSes4X8uDrpc4X46hJKjejg,Q_gPc2nsP9U,on_demand,not_subscribed,US,14,PLX3ZLYz4-6vE2_ZNLW5AfzbHTd1jTskDl,1,1,24.163333333333334,1449.8,25.183255167622026,1,24.163333333333334
20261008,UCSes4X8uDrpc4X46hJKjejg,BeZUS-lZ4qs,on_demand,not_subscribed,US,7,pAfR8e1rJlM,1,1,19.38825,1163.295,37.549870884441575,0,0
20261008,UCSes4X8uDrpc4X46hJKjejg,QytSHiiqR3k,on_demand,not_subscribed,PH,8,unknown,11,6,1.9556666666666667,19.556666666666668,102.92982456140351,2,0.32526666666666665
20261008,UCSes4X8uDrpc4X46hJKjejg,J6rzMuvuMuo,on_demand,not_subscribed,NZ,24,unknown,2,1,1.1988333333333334,71.93,99.902777777777771,0,0
20261008,UCSes4X8uDrpc4X46hJKjejg,YHtB62qU1r8,on_demand,not_subscribed,US,7,J7ZDHyF0qEc,2,2,8.039083333333334,241.1725,51.313297872340428,0,0
20261008,UCSes4X8uDrpc4X46hJKjejg,CHaZ3JGEv28,on_demand,not_subscribed,BS,5,,1,0,0.00195,0,0,0,0
20261008,UCSes4X8uDrpc4X46hJKjejg,M-M22Ac4CRE,on_demand,not_subscribed,TW,5,victor wembanyama,2,0,0.003966666666666667,0,0,0,0
20261008,UCSes4X8uDrpc4X46hJKjejg,QytSHiiqR3k,on_demand,not_subscribed,UG,24,unknown,2,1,0.32833333333333331,19.7,103.68421052631579,2,0.32833333333333331
20261008,UCSes4X8uDrpc4X46hJKjejg,IkDS7ZhVkA4,on_demand,not_subscribed,GB,5,,1,0,0.059,0,0,0,0
20261008,UCSes4X8uDrpc4X46hJKjejg,pWCQrmx8beo,on_demand,not_subscribed,US,20,e7CxdG8sNlA,1,1,6.8065,408.39,13.576795212765957,0,0
20261008,UCSes4X8uDrpc4X46hJKjejg,QytSHiiqR3k,on_demand,not_subscribed,UA,24,unknown,2,1,0.13693333333333332,5.566,29.294736842105262,1,0.092766666666666664
20261008,UCSes4X8uDrpc4X46hJKjejg,K1KXX7Al--U,on_demand,subscribed,US,3,what-to-watch,2,1,1.0763333333333334,64.58,113.29824561403508,0,0
20261008,UCSes4X8uDrpc4X46hJKjejg,_JUn-uRTUZA,on_demand,subscribed,US,5,,1,0,0.04898333333333333,0,0,0,0
20261008,UCSes4X8uDrpc4X46hJKjejg,ePdXtNfowRo,on_demand,not_subscribed,TR,3,what-to-watch,1,0,0.016666666666666666,0,0,0,0
20261008,UCSes4X8uDrpc4X46hJKjejg,l5M2ICRhyEA,on_demand,subscribed,TR,3,what-to-watch,3,1,0.62975,37.785,114.5,0,0
20261008,UCSes4X8uDrpc4X46hJKjejg,HAYtxUru2wQ,on_demand,not_subscribed,CA,18,my-likes,1,1,0.23,13.8,17.468354430379748,0,0
20261008,UCSes4X8uDrpc4X46hJKjejg,QytSHiiqR3k,on_demand,not_subscribed,CH,24,unknown,6,4,0.93666666666666665,13.785,72.55263157894737,0,0
20261008,UCSes4X8uDrpc4X46hJKjejg,tIFk16TQrU4,on_demand,subscribed,US,4,UCSes4X8uDrpc4X46hJKjejg,2,1,0.56866666666666665,34.12,100.35294117647059,0,0
20261008,UCSes4X8uDrpc4X46hJKjejg,AGR1wuQDdnM,on_demand,not_subscribed,US,5,,1,1,1.7178333333333333,103.07,54.824468085106382,0,0
20261008,UCSes4X8uDrpc4X46hJKjejg,apguqLi-hhk,on_demand,not_subscribed,DO,3,what-to-watch,1,0,0.09166666666666666,0,0,0,0
20261008,UCSes4X8uDrpc4X46hJKjejg,l5M2ICRhyEA,on_demand,not_subscribed,PH,3,what-to-watch,15,4,2.4215,35.10975,106.39318181818182,1,0.05
20261008,UCSes4X8uDrpc4X46hJKjejg,Ox7Rrh40O2o,on_demand,not_subscribed,PH,24,unknown,1,1,0.74833333333333329,44.9,56.125,0,0
20261008,UCSes4X8uDrpc4X46hJKjejg,3oF068CdTYo,on_demand,not_subscribed,SG,5,,2,1,0.68966666666666665,41.38,121.70588235294117,0,0
20261008,UCSes4X8uDrpc4X46hJKjejg,PeMHxUwuByQ,on_demand,subscribed,ID,7,2eqNYzKYKVc,1,0,0.07,0,0,0,0
20261008,UCSes4X8uDrpc4X46hJKjejg,rq61MdGS0U4,on_demand,not_subscribed,US,3,what-to-watch,17,5,10.984466666666666,122.9202,21.640880281690141,1,8.4714166666666664
20261008,UCSes4X8uDrpc4X46hJKjejg,SDO1LgHcMsY,on_demand,not_subscribed,GB,5,,1,1,0.61833333333333329,37.1,68.703703703703709,0,0
20261008,UCSes4X8uDrpc4X46hJKjejg,j1UEQziUeqw,on_demand,not_subscribed,PR,5,,3,0,0.051683333333333331,0,0,0,0
20261008,UCSes4X8uDrpc4X46hJKjejg,f4MfVVTJ6pY,on_demand,not_subscribed,NZ,3,what-to-watch,2,1,2.9653333333333332,174,10.583941605839415,0,0
20261008,UCSes4X8uDrpc4X46hJKjejg,BeZUS-lZ4qs,on_demand,subscribed,DE,9,unknown,1,1,0.0097,0.582,0.018786313750806971,0,0
20261008,UCSes4X8uDrpc4X46hJKjejg,JZgusHsQ0l4,on_demand,subscribed,PH,5,lebron james,1,1,0.24833333333333332,14.9,28.653846153846153,0,0
20261008,UCSes4X8uDrpc4X46hJKjejg,a_Q8pF1c6ds,on_demand,subscribed,US,5,,1,1,0.24995,14.997,5.5339483394833948,1,0.24995
20261008,UCSes4X8uDrpc4X46hJKjejg,OGOmzWG_ThE,on_demand,subscribed,US,7,zyCb0wa8Twk,1,1,24.7505,1485.03,56.529501332318233,0,0
20261008,UCSes4X8uDrpc4X46hJKjejg,0JUVBPIGUg8,on_demand,not_subscribed,DO,3,what-to-watch,2,1,1.1356666666666666,68.14,174.71794871794873,0,0
20261008,UCSes4X8uDrpc4X46hJKjejg,6ljakZEWb0o,on_demand,not_subscribed,US,8,offline,1,1,46.046666666666667,2762.8,99.992761491132825,0,0
20261008,UCSes4X8uDrpc4X46hJKjejg,Mk4k01iePP8,on_demand,not_subscribed,US,3,what-to-watch,1,1,0.245,14.7,27.222222222222221,0,0
20261008,UCSes4X8uDrpc4X46hJKjejg,QytSHiiqR3k,on_demand,not_subscribed,TT,24,unknown,14,7,2.5503833333333334,21.860428571428571,115.05488721804511,0,0
20261008,UCSes4X8uDrpc4X46hJKjejg,JZgusHsQ0l4,on_demand,subscribed,CH,3,what-to-watch,4,1,1.0109333333333332,50.957,97.994230769230768,0,0
20261008,UCSes4X8uDrpc4X46hJKjejg,LXgH2eBmrF8,on_demand,not_subscribed,US,5,,1,1,0.08,4.8,15.483870967741936,1,0.08
20261008,UCSes4X8uDrpc4X46hJKjejg,i-9mS8nWVRQ,on_demand,not_subscribed,US,5,,7,1,3.2576,179.09,238.78666666666666,0,0
20261008,UCSes4X8uDrpc4X46hJKjejg,1t3OClu0AG8,on_demand,not_subscribed,US,5,,1,0,0.045,0,0,0,0
20261008,UCSes4X8uDrpc4X46hJKjejg,gTMjT4y5LHE,on_demand,not_subscribed,AU,5,cam thomas,1,1,0.14133333333333334,8.48,1.7165991902834008,0,0
20261008,UCSes4X8uDrpc4X46hJKjejg,CHaZ3JGEv28,on_demand,subscribed,NL,24,unknown,3,1,0.6945,36.4,95.78947368421052,2,0.087833333333333333
20261008,UCSes4X8uDrpc4X46hJKjejg,Ha6asqD-La8,on_demand,not_subscribed,CH,5,,1,1,0.35833333333333334,21.5,58.108108108108105,0,0
20261008,UCSes4X8uDrpc4X46hJKjejg,IkDS7ZhVkA4,on_demand,not_subscribed,CH,3,what-to-watch,1,0,0,0,0,0,0
20261008,UCSes4X8uDrpc4X46hJKjejg,84XwX8zGUOk,on_demand,not_subscribed,US,5,,2,1,0.59881666666666666,33.93,6.55019305019305,0,0
20261008,UCSes4X8uDrpc4X46hJKjejg,aniUY_3CpGY,on_demand,not_subscribed,US,8,unknown,1,1,4.6863333333333337,281.18,91.888888888888886,0,0
20261008,UCSes4X8uDrpc4X46hJKjejg,6ljakZEWb0o,on_demand,not_subscribed,US,5,,13,3,2.7971666666666666,50.133333333333333,1.8144528893714562,1,0.92333333333333334
20261008,UCSes4X8uDrpc4X46hJKjejg,YHtB62qU1r8,on_demand,not_subscribed,US,7,T_EW-QmWDoY,1,1,0.15333333333333332,9.2,1.9574468085106382,1,0.15333333333333332
20261008,UCSes4X8uDrpc4X46hJKjejg,kHqq0RR6dHE,on_demand,not_subscribed,CA,3,what-to-watch,1,1,0.3005,18.03,1.8102409638554218,0,0
20261008,UCSes4X8uDrpc4X46hJKjejg,QytSHiiqR3k,on_demand,not_subscribed,BR,24,unknown,7,5,1.3589333333333333,16.3072,85.827368421052626,2,0.30833333333333335
20261008,UCSes4X8uDrpc4X46hJKjejg,CHaZ3JGEv28,on_demand,not_subscribed,TR,24,unknown,1,1,0.082166666666666666,4.93,12.973684210526315,0,0
20261008,UCSes4X8uDrpc4X46hJKjejg,PeMHxUwuByQ,on_demand,not_subscribed,IL,3,what-to-watch,1,0,0.0742,0,0,1,0.0742
20261008,UCSes4X8uDrpc4X46hJKjejg,QytSHiiqR3k,on_demand,not_subscribed,GB,4,UCSes4X8uDrpc4X46hJKjejg,2,1,0.31726666666666664,19.036,100.18947368421053,0,0
20261008,UCSes4X8uDrpc4X46hJKjejg,QgzDiB4_6xw,on_demand,not_subscribed,US,5,,6,1,1.1389333333333334,66,57.391304347826086,1,1.1
20261008,UCSes4X8uDrpc4X46hJKjejg,YHtB62qU1r8,on_demand,not_subscribed,US,7,qBoK0ZCwceU,1,1,7.6973333333333329,461.84,98.263829787234044,0,0
20261008,UCSes4X8uDrpc4X46hJKjejg,QytSHiiqR3k,on_demand,not_subscribed,AU,8,unknown,8,5,1.4085166666666666,16.9022,88.95894736842105,0,0
20261008,UCSes4X8uDrpc4X46hJKjejg,f0Agz2fWwFY,on_demand,not_subscribed,CH,5,,1,1,0.63116666666666665,37.87,36.766990291262132,0,0
20261008,UCSes4X8uDrpc4X46hJKjejg,dKoSQ-63gP4,on_demand,not_subscribed,GB,3,what-to-watch,3,3,10.46665,209.333,34.373234811165844,1,9.5876666666666672
20261008,UCSes4X8uDrpc4X46hJKjejg,ldIBIZwjv48,on_demand,not_subscribed,US,5,,1,1,0.51083333333333336,30.65,87.571428571428569,0,0
20261008,UCSes4X8uDrpc4X46hJKjejg,f_e5haTt3sI,on_demand,subscribed,IS,5,,3,2,0.96,27.8,67.8048780487805,0,0
20261008,UCSes4X8uDrpc4X46hJKjejg,wPiF9-iLzdQ,on_demand,not_subscribed,US,5,,8,6,2.726,26.555000000000003,66.3875,2,0.62383333333333335
20261008,UCSes4X8uDrpc4X46hJKjejg,JZgusHsQ0l4,on_demand,not_subscribed,US,7,8g1-Bm2ci3o,2,1,0.865,51.9,99.8076923076923,0,0
20261008,UCSes4X8uDrpc4X46hJKjejg,QytSHiiqR3k,on_demand,subscribed,ES,24,unknown,2,1,0.32483333333333331,19.49,102.57894736842105,0,0
20261008,UCSes4X8uDrpc4X46hJKjejg,2Q710LlwPG4,on_demand,not_subscribed,UG,5,,1,0,0.051666666666666666,0,0,1,0.051666666666666666
20261008,UCSes4X8uDrpc4X46hJKjejg,IkDS7ZhVkA4,on_demand,subscribed,IS,5,,1,0,0.0066666666666666671,0,0,0,0
20261008,UCSes4X8uDrpc4X46hJKjejg,FHEr2eQEoLc,on_demand,not_subscribed,US,5,,1,1,5.8766666666666669,352.6,111.58227848101266,1,5.8766666666666669
20261008,UCSes4X8uDrpc4X46hJKjejg,YHtB62qU1r8,on_demand,not_subscribed,VE,3,what-to-watch,1,1,0.23685,14.211,3.0236170212765958,0,0
20261008,UCSes4X8uDrpc4X46hJKjejg,-CjQjOd2JEA,on_demand,not_subscribed,IL,5,,1,0,0.013833333333333333,0,0,0,0
20261008,UCSes4X8uDrpc4X46hJKjejg,YHtB62qU1r8,on_demand,not_subscribed,PH,7,A9dCA5I9Pes,1,1,6.8916666666666666,413.5,87.978723404255319,0,0
20261008,UCSes4X8uDrpc4X46hJKjejg,l5M2ICRhyEA,on_demand,not_subscribed,AU,3,what-to-watch,12,2,5.2611833333333333,153.068,463.84242424242422,0,0
20261008,UCSes4X8uDrpc4X46hJKjejg,Ha6asqD-La8,on_demand,subscribed,GB,4,UCSes4X8uDrpc4X46hJKjejg,2,0,0.035333333333333335,0,0,0,0
20261008,UCSes4X8uDrpc4X46hJKjejg,3oF068CdTYo,on_demand,not_subscribed,TW,5,,1,0,0.016666666666666666,0,0,1,0.016666666666666666
20261008,UCSes4X8uDrpc4X46hJKjejg,HwWx5nhjCx8,on_demand,not_subscribed,BO,3,what-to-watch,1,0,0.050333333333333334,0,0,0,0
20261008,UCSes4X8uDrpc4X46hJKjejg,e7CxdG8sNlA,on_demand,not_subscribed,CA,3,what-to-watch,4,1,1.1101,54.88,11.553684210526315,0,0
20261008,UCSes4X8uDrpc4X46hJKjejg,l5M2ICRhyEA,on_demand,subscribed,PR,3,what-to-watch,1,1,0.0175,1.05,3.1818181818181817,0,0
20261008,UCSes4X8uDrpc4X46hJKjejg,kVGNrF0YpU8,on_demand,not_subscribed,US,5,,2,1,0.27163333333333334,16.1,47.352941176470587,0,0
20261008,UCSes4X8uDrpc4X46hJKjejg,5WC7gUC932A,on_demand,not_subscribed,US,3,what-to-watch,3,1,0.24923333333333333,10.724,7.2459459459459463,0,0
20261008,UCSes4X8uDrpc4X46hJKjejg,yqQ_QnY4_XU,on_demand,not_subscribed,CA,4,UCSes4X8uDrpc4X46hJKjejg,1,0,0.026333333333333334,0,0,0,0
20261008,UCSes4X8uDrpc4X46hJKjejg,p5XiosuCXB8,on_demand,not_subscribed,US,5,,7,5,5.0494,60.2866,98.83049180327869,0,0
20261008,UCSes4X8uDrpc4X46hJKjejg,Lq8OMS-KBsU,on_demand,not_subscribed,AU,5,,1,0,0.026166666666666668,0,0,0,0
20261008,UCSes4X8uDrpc4X46hJKjejg,6DF37rM0hQ4,on_demand,not_subscribed,GB,3,what-to-watch,1,0,0.0062333333333333329,0,0,0,0
20261008,UCSes4X8uDrpc4X46hJKjejg,1Wth6gVDv0s,on_demand,not_subscribed,US,5,,5,1,0.088883333333333328,1.592,6.1230769230769226,2,0.033533333333333332
20261008,UCSes4X8uDrpc4X46hJKjejg,J39ahAPa8Ng,on_demand,not_subscribed,US,3,what-to-watch,15,6,5.1977,49.380166666666668,98.760333333333335,1,0.75935
20261008,UCSes4X8uDrpc4X46hJKjejg,YHtB62qU1r8,on_demand,not_subscribed,US,7,ZTDb9gMUvBY,3,3,12.55185,251.037,53.412127659574466,0,0
20261008,UCSes4X8uDrpc4X46hJKjejg,BJRAeFXkOd4,on_demand,not_subscribed,US,7,SusMa6B__I4,1,1,0.57838333333333336,34.703,15.918807339449542,0,0
20261008,UCSes4X8uDrpc4X46hJKjejg,YHtB62qU1r8,on_demand,not_subscribed,RW,3,what-to-watch,1,0,0.045683333333333333,0,0,0,0
20261008,UCSes4X8uDrpc4X46hJKjejg,YHtB62qU1r8,on_demand,not_subscribed,NG,3,what-to-watch,2,1,0.68333333333333335,37,7.8723404255319149,0,0
20261008,UCSes4X8uDrpc4X46hJKjejg,DYgYafn4Two,on_demand,not_subscribed,RS,7,DkaVZ41Atj8,1,1,3.3297,199.782,85.743347639484981,0,0
20261008,UCSes4X8uDrpc4X46hJKjejg,QytSHiiqR3k,on_demand,subscribed,DK,24,unknown,7,3,1.3112166666666667,26.224333333333334,138.02280701754387,2,0.31333333333333335
20261008,UCSes4X8uDrpc4X46hJKjejg,yqQ_QnY4_XU,on_demand,not_subscribed,IN,4,UCSes4X8uDrpc4X46hJKjejg,2,1,0.78666666666666663,47.2,100.42553191489361,0,0
20261008,UCSes4X8uDrpc4X46hJKjejg,ePdXtNfowRo,on_demand,not_subscribed,QA,3,what-to-watch,1,1,4.37565,262.539,51.177192982456141,0,0
20261008,UCSes4X8uDrpc4X46hJKjejg,QytSHiiqR3k,on_demand,not_subscribed,CR,24,unknown,3,1,0.84783333333333333,50.87,267.73684210526318,0,0
20261008,UCSes4X8uDrpc4X46hJKjejg,HtZ8tDkeGJY,on_demand,subscribed,RO,24,unknown,1,0,0.040566666666666668,0,0,0,0
20261008,UCSes4X8uDrpc4X46hJKjejg,dKoSQ-63gP4,on_demand,not_subscribed,CA,9,m,1,1,9.8567166666666672,591.403,97.110509031198688,0,0
20261008,UCSes4X8uDrpc4X46hJKjejg,QytSHiiqR3k,on_demand,subscribed,PH,8,unknown,2,1,0.31996666666666668,19.198,101.04210526315789,0,0
20261008,UCSes4X8uDrpc4X46hJKjejg,Y_jAuCgZdpw,on_demand,not_subscribed,TR,24,unknown,1,1,0.39951666666666669,23.971,33.761971830985914,0,0
20261008,UCSes4X8uDrpc4X46hJKjejg,IkDS7ZhVkA4,on_demand,subscribed,ES,3,what-to-watch,1,0,0.093333333333333338,0,0,0,0
20261008,UCSes4X8uDrpc4X46hJKjejg,IkDS7ZhVkA4,on_demand,not_subscribed,DE,5,,2,2,12.6935,380.805,16.499350086655113,0,0
20261008,UCSes4X8uDrpc4X46hJKjejg,fZ8cUpE_Fg8,on_demand,not_subscribed,US,5,,1,1,0.21316666666666667,12.79,12.663366336633663,0,0
20261008,UCSes4X8uDrpc4X46hJKjejg,WAYYE5BMG6c,on_demand,not_subscribed,BR,3,what-to-watch,1,0,0.079216666666666671,0,0,0,0
20261008,UCSes4X8uDrpc4X46hJKjejg,itfxfmA1F64,on_demand,not_subscribed,US,3,what-to-watch,3,1,2.64675,158.805,203.59615384615384,0,0
20261008,UCSes4X8uDrpc4X46hJKjejg,2n5LJUyMtAk,on_demand,not_subscribed,KR,3,what-to-watch,1,0,0.062666666666666662,0,0,0,0
20261008,UCSes4X8uDrpc4X46hJKjejg,WOQL9qnbLuM,on_demand,not_subscribed,IN,5,,1,1,0.315,18.9,35,0,0
20261008,UCSes4X8uDrpc4X46hJKjejg,J6rzMuvuMuo,on_demand,not_subscribed,NZ,5,,1,1,0.13666666666666666,8.2,11.388888888888889,0,0
20261008,UCSes4X8uDrpc4X46hJKjejg,iOURk-GhPG0,on_demand,not_subscribed,US,4,UCSes4X8uDrpc4X46hJKjejg,1,1,0.48,28.8,99.3103448275862,0,0
20261008,UCSes4X8uDrpc4X46hJKjejg,MsGmqkcp0Gc,on_demand,not_subscribed,PH,5,,1,1,0.43066666666666664,25.84,35.888888888888886,1,0.43066666666666664
20261008,UCSes4X8uDrpc4X46hJKjejg,QytSHiiqR3k,on_demand,subscribed,MM,24,unknown,2,1,0.21,10.7,56.315789473684212,2,0.21
20261008,UCSes4X8uDrpc4X46hJKjejg,dKoSQ-63gP4,on_demand,not_subscribed,AT,3,what-to-watch,1,0,0.02,0,0,0,0
20261008,UCSes4X8uDrpc4X46hJKjejg,QytSHiiqR3k,on_demand,subscribed,CH,24,unknown,1,1,0.083333333333333329,5,26.315789473684209,0,0
20261008,UCSes4X8uDrpc4X46hJKjejg,op6JvrFdWrY,on_demand,not_subscribed,CA,4,UCSes4X8uDrpc4X46hJKjejg,3,1,0.30458333333333332,16.795,69.979166666666671,0,0
20261008,UCSes4X8uDrpc4X46hJKjejg,QytSHiiqR3k,on_demand,not_subscribed,FR,8,unknown,2,1,0.33971666666666667,20.383,107.27894736842106,0,0
20261008,UCSes4X8uDrpc4X46hJKjejg,BeZUS-lZ4qs,on_demand,not_subscribed,MY,3,what-to-watch,2,0,0.10396666666666667,0,0,0,0
20261008,UCSes4X8uDrpc4X46hJKjejg,OcddzswV_IM,on_demand,not_subscribed,TR,3,what-to-watch,3,0,0.075,0,0,0,0
20261008,UCSes4X8uDrpc4X46hJKjejg,hEO-PuZ2_5c,on_demand,not_subscribed,TR,5,,2,1,0.19833333333333333,5.9,10.350877192982455,0,0
20261008,UCSes4X8uDrpc4X46hJKjejg,NPDEMZ90B1M,on_demand,not_subscribed,US,3,what-to-watch,3,1,1.5853333333333333,86.341,95.934444444444438,0,0
20261008,UCSes4X8uDrpc4X46hJKjejg,BeZUS-lZ4qs,on_demand,subscribed,AU,7,sj6R-DJ8rGg,1,1,0.69216666666666671,41.53,1.3405422853453841,1,0.69216666666666671
20261008,UCSes4X8uDrpc4X46hJKjejg,WAYYE5BMG6c,on_demand,subscribed,CA,7,Np1OJE2C42A,1,1,31.622016666666667,1897.321,99.964225500526865,0,0
20261008,UCSes4X8uDrpc4X46hJKjejg,2n5LJUyMtAk,on_demand,not_subscribed,US,4,UCSes4X8uDrpc4X46hJKjejg,1,1,8.2515,495.09,98.037623762376242,0,0
20261008,UCSes4X8uDrpc4X46hJKjejg,x9aP35H3Wlc,on_demand,not_subscribed,AU,3,what-to-watch,2,1,0.8465,50.79,99.588235294117652,0,0
20261008,UCSes4X8uDrpc4X46hJKjejg,MEHDJ9V-lIk,on_demand,not_subscribed,US,7,q0bTHps0_ns,1,1,0.031166666666666665,1.87,0.090776699029126218,1,0.031166666666666665
20261008,UCSes4X8uDrpc4X46hJKjejg,CHaZ3JGEv28,on_demand,not_subscribed,PR,24,unknown,2,1,0.7065,42.39,111.55263157894737,0,0
20261008,UCSes4X8uDrpc4X46hJKjejg,CHaZ3JGEv28,on_demand,not_subscribed,CA,17,uploaded_other,2,1,0.65666666666666662,39.4,103.68421052631579,0,0
20261008,UCSes4X8uDrpc4X46hJKjejg,MEHDJ9V-lIk,on_demand,not_subscribed,US,7,IgJB4LH_zDY,1,1,34.32735,2059.641,99.982572815533985,0,0
20261008,UCSes4X8uDrpc4X46hJKjejg,BeZUS-lZ4qs,on_demand,subscribed,US,7,ZTDb9gMUvBY,1,1,51.62768333333333,3097.661,99.9890574564235,0,0
20261008,UCSes4X8uDrpc4X46hJKjejg,Ox7Rrh40O2o,on_demand,not_subscribed,PH,5,,1,1,1.195,71.7,89.625,0,0
20261008,UCSes4X8uDrpc4X46hJKjejg,l5M2ICRhyEA,on_demand,not_subscribed,FR,3,what-to-watch,5,1,1.1950166666666666,66.121,200.36666666666667,0,0
20261008,UCSes4X8uDrpc4X46hJKjejg,i8nHff5PKGU,on_demand,not_subscribed,ES,5,,2,1,1.2993333333333332,77.96,134.41379310344828,2,1.2993333333333332
20261008,UCSes4X8uDrpc4X46hJKjejg,PoyUkRaWZiM,on_demand,not_subscribed,US,7,wS5l_raq0Sk,1,1,0.25208333333333333,15.125,2.4795081967213113,0,0
20261008,UCSes4X8uDrpc4X46hJKjejg,CHaZ3JGEv28,on_demand,not_subscribed,ID,24,unknown,2,1,0.635,38.1,100.26315789473684,0,0
20261008,UCSes4X8uDrpc4X46hJKjejg,YHtB62qU1r8,on_demand,not_subscribed,CA,0,unknown,2,0,0.097533333333333333,0,0,0,0
20261008,UCSes4X8uDrpc4X46hJKjejg,8ajxcRVL7g4,on_demand,not_subscribed,US,3,what-to-watch,5,2,0.74005,20.085,18.94811320754717,0,0
20261008,UCSes4X8uDrpc4X46hJKjejg,KoxnHEXhTNQ,on_demand,not_subscribed,HK,3,what-to-watch,1,0,0.0262,0,0,0,0
20261008,UCSes4X8uDrpc4X46hJKjejg,BeZUS-lZ4qs,on_demand,not_subscribed,US,7,zWvBl2waNkQ,1,1,51.160733333333333,3069.644,99.084699806326668,0,0
20261008,UCSes4X8uDrpc4X46hJKjejg,8tbSej4GRRM,on_demand,not_subscribed,US,5,,2,0,0.021666666666666667,0,0,0,0
20261008,UCSes4X8uDrpc4X46hJKjejg,k4-t8XMp-wg,on_demand,subscribed,CA,4,UCSes4X8uDrpc4X46hJKjejg,1,1,1.4033333333333333,84.2,29.44055944055944,0,0
20261008,UCSes4X8uDrpc4X46hJKjejg,BeZUS-lZ4qs,on_demand,not_subscribed,US,7,dYYZxqNxDsI,1,1,3.5026666666666668,210.16,6.7837314396384762,1,3.5026666666666668
20261008,UCSes4X8uDrpc4X46hJKjejg,kHqq0RR6dHE,on_demand,not_subscribed,US,7,yIrStyzx-Ic,2,2,24.939333333333334,748.18,75.118473895582326,0,0
20261008,UCSes4X8uDrpc4X46hJKjejg,2n5LJUyMtAk,on_demand,not_subscribed,CA,9,Google,1,1,8.3243166666666664,499.459,98.902772277227726,0,0
20261008,UCSes4X8uDrpc4X46hJKjejg,3oF068CdTYo,on_demand,not_subscribed,RU,3,what-to-watch,2,1,0.7836,47.016,138.28235294117647,0,0
20261008,UCSes4X8uDrpc4X46hJKjejg,-CjQjOd2JEA,on_demand,not_subscribed,ME,3,what-to-watch,1,0,0.017166666666666667,0,0,0,0
20261008,UCSes4X8uDrpc4X46hJKjejg,6ljakZEWb0o,on_demand,subscribed,US,5,,9,1,0.42245,16.72,0.60513934129569313,0,0
20261008,UCSes4X8uDrpc4X46hJKjejg,JZgusHsQ0l4,on_demand,not_subscribed,FI,5,,1,0,0.0068333333333333336,0,0,0,0
20261008,UCSes4X8uDrpc4X46hJKjejg,9LFMqUAyB_U,on_demand,not_subscribed,CA,3,what-to-watch,4,3,10.587266666666666,210.24966666666668,24.706188797493144,1,8.032566666666666
20261008,UCSes4X8uDrpc4X46hJKjejg,C4i7wcaa3YU,on_demand,not_subscribed,US,5,,2,1,0.20783333333333334,10.7,17.540983606557376,1,0.17833333333333334
20261008,UCSes4X8uDrpc4X46hJKjejg,QytSHiiqR3k,on_demand,subscribed,GB,4,UCSes4X8uDrpc4X46hJKjejg,1,1,0.27181666666666665,16.309,85.836842105263159,0,0
20261008,UCSes4X8uDrpc4X46hJKjejg,6ljakZEWb0o,on_demand,subscribed,US,14,PLFV6r71UhzIzQbA6T3V9nzJOdWTPed-pZ,1,1,0.8065,48.39,1.7513572204125949,1,0.8065
20261008,UCSes4X8uDrpc4X46hJKjejg,_JUn-uRTUZA,on_demand,subscribed,IN,4,UCSes4X8uDrpc4X46hJKjejg,1,1,1.1883333333333332,71.3,24.417808219178081,1,1.1883333333333332
20261008,UCSes4X8uDrpc4X46hJKjejg,YHtB62qU1r8,on_demand,not_subscribed,BE,3,what-to-watch,1,1,7.6063,456.378,97.101702127659578,0,0
20261008,UCSes4X8uDrpc4X46hJKjejg,XTGlwLovDD0,on_demand,not_subscribed,US,7,UaVIkkQBCks,1,1,20.539166666666667,1232.35,50.818556701030928,1,20.539166666666667
20261008,UCSes4X8uDrpc4X46hJKjejg,LguyQAIoKlA,on_demand,not_subscribed,US,32,Ppxt7uU9PRA,1,1,0.033333333333333333,2,0.045259108395564608,0,0
20261008,UCSes4X8uDrpc4X46hJKjejg,FCAC9ZyPn_4,on_demand,not_subscribed,AU,3,what-to-watch,4,3,11.387816666666666,226.35633333333331,51.444621212121213,0,0
20261008,UCSes4X8uDrpc4X46hJKjejg,PeMHxUwuByQ,on_demand,not_subscribed,US,7,i5QuW3pCH3U,1,1,0.015,0.9,0.024187046492878259,1,0.015
20261008,UCSes4X8uDrpc4X46hJKjejg,eeBl_3A6Fok,on_demand,not_subscribed,US,9,unknown,2,1,0.8565,51.39,104.87755102040816,0,0
20261008,UCSes4X8uDrpc4X46hJKjejg,3oF068CdTYo,on_demand,not_subscribed,SX,5,,1,0,0.0033333333333333335,0,0,0,0
20261008,UCSes4X8uDrpc4X46hJKjejg,CHaZ3JGEv28,on_demand,not_subscribed,PH,24,unknown,24,11,8.0889333333333333,43.364181818181812,114.11626794258373,1,0.225
20261008,UCSes4X8uDrpc4X46hJKjejg,dgP0I7rPTlU,on_demand,not_subscribed,US,3,what-to-watch,12,3,4.7705,94.25,325,4,1.7155
20261008,UCSes4X8uDrpc4X46hJKjejg,9LFMqUAyB_U,on_demand,not_subscribed,IN,3,what-to-watch,1,0,0.005,0,0,0,0
20261008,UCSes4X8uDrpc4X46hJKjejg,dKoSQ-63gP4,on_demand,not_subscribed,DE,3,what-to-watch,1,1,0.28728333333333333,17.237,2.830377668308703,0,0
20261008,UCSes4X8uDrpc4X46hJKjejg,QytSHiiqR3k,on_demand,subscribed,AU,8,unknown,3,2,0.5072,15.216,80.084210526315786,0,0
20261008,UCSes4X8uDrpc4X46hJKjejg,0b8eta7f8mY,on_demand,not_subscribed,US,0,unknown,5,5,24.2507,291.0084,55.219810246679316,0,0
20261008,UCSes4X8uDrpc4X46hJKjejg,XCtyiiCSRAk,on_demand,not_subscribed,ID,5,,1,1,0.3695,22.17,46.1875,0,0
20261008,UCSes4X8uDrpc4X46hJKjejg,6ljakZEWb0o,on_demand,subscribed,US,3,/my_subscriptions,1,1,0.21808333333333332,13.085,0.47357944263481722,0,0
20261008,UCSes4X8uDrpc4X46hJKjejg,MpDNI6Cv1nw,on_demand,not_subscribed,GB,5,,1,0,0.046566666666666666,0,0,0,0
20261008,UCSes4X8uDrpc4X46hJKjejg,dKoSQ-63gP4,on_demand,not_subscribed,US,7,8L_-qMbP09s,1,1,10.138233333333334,608.294,99.8840722495895,0,0
20261008,UCSes4X8uDrpc4X46hJKjejg,DbNsygUVZUQ,on_demand,not_subscribed,US,9,Google Search,1,1,1.2861166666666666,77.167,124.46290322580646,0,0
20261008,UCSes4X8uDrpc4X46hJKjejg,YHtB62qU1r8,on_demand,not_subscribed,US,7,U33cQd2mb9o,1,1,0.95083333333333331,57.05,12.138297872340425,0,0
20261008,UCSes4X8uDrpc4X46hJKjejg,bQEO6DmLkPg,on_demand,not_subscribed,US,5,,4,1,1.6766666666666667,94.39,168.55357142857142,0,0
20261008,UCSes4X8uDrpc4X46hJKjejg,YHtB62qU1r8,on_demand,not_subscribed,VC,3,what-to-watch,1,0,0.0068333333333333336,0,0,0,0
20261008,UCSes4X8uDrpc4X46hJKjejg,ePdXtNfowRo,on_demand,not_subscribed,AU,3,what-to-watch,3,2,11.150333333333334,333.7505,65.058576998050683,1,8.5460166666666666
20261008,UCSes4X8uDrpc4X46hJKjejg,PhM-zuCW28M,on_demand,not_subscribed,GB,5,,2,0,0.07166666666666667,0,0,0,0
20261008,UCSes4X8uDrpc4X46hJKjejg,6ljakZEWb0o,on_demand,not_subscribed,ZA,3,what-to-watch,1,0,0.07,0,0,0,0
20261008,UCSes4X8uDrpc4X46hJKjejg,EZ7WjfAU1MI,on_demand,subscribed,US,7,BeZUS-lZ4qs,1,1,4.1782833333333329,250.697,7.90094547746612,0,0
20261008,UCSes4X8uDrpc4X46hJKjejg,9zaom3QbjYs,on_demand,not_subscribed,TH,3,what-to-watch,2,1,0.056833333333333333,1.73,0.22793148880105402,1,0.028833333333333332
20261008,UCSes4X8uDrpc4X46hJKjejg,EXmEyigb8hI,on_demand,not_subscribed,US,5,,1,0,0.0019333333333333333,0,0,0,0
20261008,UCSes4X8uDrpc4X46hJKjejg,0b8eta7f8mY,on_demand,not_subscribed,PT,3,what-to-watch,1,0,0,0,0,0,0
20261008,UCSes4X8uDrpc4X46hJKjejg,MEHDJ9V-lIk,on_demand,not_subscribed,US,7,6cQuH_knF6A,1,1,34.32735,2059.641,99.982572815533985,0,0
20261008,UCSes4X8uDrpc4X46hJKjejg,po8YrSQivoM,on_demand,not_subscribed,HK,3,what-to-watch,2,0,0.10608333333333334,0,0,0,0
20261008,UCSes4X8uDrpc4X46hJKjejg,-9jvIbYHhag,on_demand,not_subscribed,SI,5,,1,0,0.028333333333333332,0,0,0,0
20261008,UCSes4X8uDrpc4X46hJKjejg,YHtB62qU1r8,on_demand,not_subscribed,US,7,2v3OKlLiZwA,1,1,0.15331666666666666,9.199,1.9572340425531916,0,0
20261008,UCSes4X8uDrpc4X46hJKjejg,Ox7Rrh40O2o,on_demand,not_subscribed,AU,5,,1,1,0.38481666666666664,23.089,28.86125,0,0
20261008,UCSes4X8uDrpc4X46hJKjejg,6DF37rM0hQ4,on_demand,not_subscribed,DE,3,what-to-watch,4,3,1.1119166666666667,22.064666666666668,23.47304964539007,0,0
20261008,UCSes4X8uDrpc4X46hJKjejg,BeZUS-lZ4qs,on_demand,not_subscribed,SG,3,what-to-watch,1,0,0.048333333333333332,0,0,0,0
20261008,UCSes4X8uDrpc4X46hJKjejg,KNIhW9GZe2s,on_demand,not_subscribed,CA,5,,2,0,0.028333333333333332,0,0,0,0
20261008,UCSes4X8uDrpc4X46hJKjejg,rScJj_0-t-o,on_demand,not_subscribed,US,24,unknown,1,0,0.0155,0,0,0,0
20261008,UCSes4X8uDrpc4X46hJKjejg,gTMjT4y5LHE,on_demand,not_subscribed,NG,3,what-to-watch,2,0,0.045166666666666667,0,0,0,0
20261008,UCSes4X8uDrpc4X46hJKjejg,BeZUS-lZ4qs,on_demand,not_subscribed,US,7,yrNroxCP0Ow,1,1,0.44833333333333331,26.9,0.868302130406714,0,0
20261008,UCSes4X8uDrpc4X46hJKjejg,QytSHiiqR3k,on_demand,not_subscribed,TN,24,unknown,2,1,0.17533333333333334,9.3,48.94736842105263,0,0
20261008,UCSes4X8uDrpc4X46hJKjejg,QytSHiiqR3k,on_demand,not_subscribed,PH,3,what-to-watch,1,0,0.025,0,0,0,0
20261008,UCSes4X8uDrpc4X46hJKjejg,QytSHiiqR3k,on_demand,not_subscribed,CZ,24,unknown,2,1,0.386,23.16,121.89473684210526,0,0
20261008,UCSes4X8uDrpc4X46hJKjejg,HtZ8tDkeGJY,on_demand,not_subscribed,GB,3,what-to-watch,6,3,2.9276166666666668,58.432333333333332,99.037853107344631,0,0
20261008,UCSes4X8uDrpc4X46hJKjejg,5GYyKcjXNN0,on_demand,not_subscribed,US,20,0b8eta7f8mY,1,1,0.40833333333333333,24.5,30.246913580246915,1,0.40833333333333333
20261008,UCSes4X8uDrpc4X46hJKjejg,CHaZ3JGEv28,on_demand,not_subscribed,GT,24,unknown,2,1,0.72166666666666668,43.3,113.94736842105263,0,0
20261008,UCSes4X8uDrpc4X46hJKjejg,A9dCA5I9Pes,on_demand,not_subscribed,PH,5,,1,1,3.8316666666666666,229.9,95.39419087136929,0,0
20261008,UCSes4X8uDrpc4X46hJKjejg,9zaom3QbjYs,on_demand,not_subscribed,PH,5,,1,0,0.076866666666666666,0,0,1,0.076866666666666666
20261008,UCSes4X8uDrpc4X46hJKjejg,cJVrzjm7YPs,on_demand,not_subscribed,AU,5,,1,0,0.0185,0,0,0,0
20261008,UCSes4X8uDrpc4X46hJKjejg,Fg65-8qGtiU,on_demand,not_subscribed,US,5,,3,3,1.1851,23.701999999999998,48.371428571428574,2,0.74926666666666664
20261008,UCSes4X8uDrpc4X46hJKjejg,BeZUS-lZ4qs,on_demand,not_subscribed,PH,5,,1,0,0.028333333333333332,0,0,0,0
20261008,UCSes4X8uDrpc4X46hJKjejg,FCAC9ZyPn_4,on_demand,not_subscribed,FR,3,what-to-watch,2,1,2.5915,151.225,34.36931818181818,0,0
20261008,UCSes4X8uDrpc4X46hJKjejg,Ey6xyzJD_2s,on_demand,not_subscribed,US,5,,1,1,0.48166666666666669,28.9,48.166666666666664,0,0
20261008,UCSes4X8uDrpc4X46hJKjejg,Mw1jFzscOXE,on_demand,not_subscribed,BW,7,DfIlvzFY3qM,1,1,31.418816666666668,1885.129,37.710122024404882,0,0
20261008,UCSes4X8uDrpc4X46hJKjejg,iOURk-GhPG0,on_demand,subscribed,US,4,UCSes4X8uDrpc4X46hJKjejg,3,2,0.57666666666666666,17.3,59.6551724137931,2,0.47833333333333333
20261008,UCSes4X8uDrpc4X46hJKjejg,FC36sHokYnk,on_demand,not_subscribed,BE,3,what-to-watch,1,1,3.6405833333333333,218.435,39.428700361010833,0,0
20261008,UCSes4X8uDrpc4X46hJKjejg,gX5Aks5a3eE,on_demand,not_subscribed,CA,5,,1,0,0.018583333333333334,0,0,0,0
20261008,UCSes4X8uDrpc4X46hJKjejg,XB6TixLR2cg,on_demand,not_subscribed,US,5,,2,1,0.10945,6.35,17.162162162162161,1,0.0036166666666666665
20261008,UCSes4X8uDrpc4X46hJKjejg,BeZUS-lZ4qs,on_demand,subscribed,MY,3,what-to-watch,1,0,0.024,0,0,0,0
20261008,UCSes4X8uDrpc4X46hJKjejg,NKWK0WtZalw,on_demand,not_subscribed,US,9,Google Search,1,1,1.82355,109.413,99.466363636363639,0,0
20261008,UCSes4X8uDrpc4X46hJKjejg,YHtB62qU1r8,on_demand,not_subscribed,EE,7,qBoK0ZCwceU,1,1,4.61,276.6,58.851063829787236,0,0
20261008,UCSes4X8uDrpc4X46hJKjejg,CHaZ3JGEv28,on_demand,not_subscribed,AU,24,unknown,30,16,9.19865,34.2025,90.006578947368425,9,3.2296666666666667
20261008,UCSes4X8uDrpc4X46hJKjejg,glMYlkjTPJA,on_demand,not_subscribed,US,5,,6,4,2.9348333333333332,44.0225,86.318627450980387,2,1.202
20261008,UCSes4X8uDrpc4X46hJKjejg,duUbOIZDS7s,on_demand,not_subscribed,US,5,,4,2,3.7343666666666668,111.249,54.533823529411762,1,0.4619
20261008,UCSes4X8uDrpc4X46hJKjejg,mWRP3oc3ZE8,on_demand,not_subscribed,VN,5,,2,1,0.62018333333333331,37.211,106.31714285714285,0,0
20261008,UCSes4X8uDrpc4X46hJKjejg,YHtB62qU1r8,on_demand,not_subscribed,US,7,hz24HaVI6zc,1,1,4.1816666666666666,250.9,53.382978723404257,0,0
20261008,UCSes4X8uDrpc4X46hJKjejg,YHtB62qU1r8,on_demand,not_subscribed,US,7,U1RajhBpl0o,3,3,8.3376833333333327,166.75366666666667,35.479503546099288,1,7.823833333333333
20261008,UCSes4X8uDrpc4X46hJKjejg,CHaZ3JGEv28,on_demand,subscribed,PR,24,unknown,5,1,0.20733333333333334,9.94,26.157894736842106,0,0
20261008,UCSes4X8uDrpc4X46hJKjejg,csQkpsn38Co,on_demand,not_subscribed,US,3,what-to-watch,1,1,0.031666666666666669,1.9,2.4675324675324677,0,0
20261008,UCSes4X8uDrpc4X46hJKjejg,CHaZ3JGEv28,on_demand,subscribed,CA,17,uploaded_other,4,2,1.3916666666666666,41.75,109.86842105263158,0,0
20261008,UCSes4X8uDrpc4X46hJKjejg,oujDWGTay-Q,on_demand,not_subscribed,IN,3,what-to-watch,2,1,1.2560666666666667,75.364,100.48533333333333,0,0
20261008,UCSes4X8uDrpc4X46hJKjejg,E2YsFlwkbwg,on_demand,not_subscribed,US,5,,3,2,0.213,4.25,7.2033898305084749,0,0
20261008,UCSes4X8uDrpc4X46hJKjejg,WAYYE5BMG6c,on_demand,not_subscribed,AR,3,what-to-watch,1,0,0.005,0,0,0,0
20261008,UCSes4X8uDrpc4X46hJKjejg,gTMjT4y5LHE,on_demand,not_subscribed,BM,3,what-to-watch,1,1,2.849,170.94,34.603238866396758,1,2.849
20261008,UCSes4X8uDrpc4X46hJKjejg,fzzrdnfjmpA,on_demand,not_subscribed,US,3,what-to-watch,2,1,0.415,18.5,40.217391304347828,0,0
20261008,UCSes4X8uDrpc4X46hJKjejg,J6rzMuvuMuo,on_demand,not_subscribed,US,24,unknown,8,3,3.8169333333333335,74.865333333333339,103.97962962962963,4,2.5445666666666664
20261008,UCSes4X8uDrpc4X46hJKjejg,FPS5TgQX95c,on_demand,not_subscribed,AR,5,,2,1,0.013333333333333334,0,0,0,0
20261008,UCSes4X8uDrpc4X46hJKjejg,ePdXtNfowRo,on_demand,not_subscribed,US,3,watch-later,1,1,8.5456666666666674,512.74,99.949317738791422,1,8.5456666666666674
20261008,UCSes4X8uDrpc4X46hJKjejg,YHtB62qU1r8,on_demand,not_subscribed,ID,8,offline,2,2,5.715,171.45,36.478723404255319,0,0
20261008,UCSes4X8uDrpc4X46hJKjejg,gTMjT4y5LHE,on_demand,not_subscribed,CA,0,unknown,3,3,0.6348166666666667,12.696333333333333,2.5701079622132252,0,0
20261008,UCSes4X8uDrpc4X46hJKjejg,QgeCWQjxuLA,on_demand,not_subscribed,US,5,,4,3,1.1826666666666668,23.653333333333332,57.6910569105691,0,0
20261008,UCSes4X8uDrpc4X46hJKjejg,8ajxcRVL7g4,on_demand,subscribed,US,3,what-to-watch,2,1,3.199,191.94,181.0754716981132,0,0
20261008,UCSes4X8uDrpc4X46hJKjejg,YHtB62qU1r8,on_demand,not_subscribed,PR,5,,2,1,7.8016666666666667,467.8,99.531914893617028,0,0
20261008,UCSes4X8uDrpc4X46hJKjejg,RqyxGWRDbIo,on_demand,not_subscribed,US,9,Google Search,2,2,7.8157166666666669,234.4715,5.6013258480649784,0,0
20261008,UCSes4X8uDrpc4X46hJKjejg,sfqmr0gTLuc,on_demand,not_subscribed,US,5,,1,1,0.577,34.62,43.275,0,0
20261008,UCSes4X8uDrpc4X46hJKjejg,CHaZ3JGEv28,on_demand,not_subscribed,TH,3,what-to-watch,1,0,0.053,0,0,0,0
20261008,UCSes4X8uDrpc4X46hJKjejg,HCZIc9OVy1o,on_demand,not_subscribed,US,4,UCSes4X8uDrpc4X46hJKjejg,2,1,0.40476666666666666,23.774,0.81753782668500685,0,0
20261008,UCSes4X8uDrpc4X46hJKjejg,QytSHiiqR3k,on_demand,not_subscribed,MK,24,unknown,1,1,0.165,9.9,52.10526315789474,0,0
20261008,UCSes4X8uDrpc4X46hJKjejg,WAYYE5BMG6c,on_demand,not_subscribed,US,7,I8fQYSP1emI,1,1,8.7580333333333336,525.482,27.686090621707059,0,0
20261008,UCSes4X8uDrpc4X46hJKjejg,758kz6ojvfE,on_demand,not_subscribed,US,5,,2,1,2.1958166666666665,128.399,46.021146953405015,0,0
20261008,UCSes4X8uDrpc4X46hJKjejg,uzUBO8cpUC0,on_demand,not_subscribed,US,24,unknown,1,1,0.91198333333333337,54.719,70.1525641025641,0,0
20261008,UCSes4X8uDrpc4X46hJKjejg,HtZ8tDkeGJY,on_demand,not_subscribed,AT,3,what-to-watch,3,1,1.0220333333333333,50.9,86.271186440677965,0,0
20261008,UCSes4X8uDrpc4X46hJKjejg,YHtB62qU1r8,on_demand,not_subscribed,ID,5,,1,0,0.0016666666666666668,0,0,0,0
20261008,UCSes4X8uDrpc4X46hJKjejg,MEHDJ9V-lIk,on_demand,not_subscribed,SE,7,HzF6cpG1up4,1,1,0.245,14.7,0.71359223300970875,0,0
20261008,UCSes4X8uDrpc4X46hJKjejg,MEHDJ9V-lIk,on_demand,subscribed,US,7,XpT03Fjkfc4,1,1,0.496,29.76,1.4446601941747572,1,0.496
20261008,UCSes4X8uDrpc4X46hJKjejg,MEHDJ9V-lIk,on_demand,subscribed,US,7,AzNV6snJyrk,1,1,0.35933333333333334,21.56,1.0466019417475727,1,0.35933333333333334
20261008,UCSes4X8uDrpc4X46hJKjejg,YHtB62qU1r8,on_demand,not_subscribed,SG,3,what-to-watch,3,2,8.2221166666666665,245.6635,52.26882978723404,0,0
20261008,UCSes4X8uDrpc4X46hJKjejg,QytSHiiqR3k,on_demand,not_subscribed,AU,3,what-to-watch,2,1,0.31301666666666667,18.151,95.531578947368416,0,0
20261008,UCSes4X8uDrpc4X46hJKjejg,0b8eta7f8mY,on_demand,not_subscribed,BA,7,fJMscOhaSDI,1,1,0.2705,16.23,3.0796963946869069,1,0.2705
20261008,UCSes4X8uDrpc4X46hJKjejg,f4MfVVTJ6pY,on_demand,not_subscribed,US,3,what-to-watch,23,10,78.5175,466.966,28.404257907542579,1,0.16545
20261008,UCSes4X8uDrpc4X46hJKjejg,0b8eta7f8mY,on_demand,not_subscribed,HK,3,what-to-watch,1,0,0.039833333333333332,0,0,0,0
20261008,UCSes4X8uDrpc4X46hJKjejg,gTMjT4y5LHE,on_demand,not_subscribed,BE,3,what-to-watch,3,0,0.16891666666666666,0,0,0,0
20261008,UCSes4X8uDrpc4X46hJKjejg,cgwKmhg8f_A,on_demand,not_subscribed,US,5,,2,0,0.043333333333333335,0,0,0,0
20261008,UCSes4X8uDrpc4X46hJKjejg,DjhN1oAGTYA,on_demand,not_subscribed,US,7,W4-KWuHkePM,1,1,4.833333333333333,290,100,0,0
20261008,UCSes4X8uDrpc4X46hJKjejg,JZgusHsQ0l4,on_demand,not_subscribed,GB,3,what-to-watch,10,4,2.77085,38.235,73.52884615384616,1,0.50266666666666671
20261008,UCSes4X8uDrpc4X46hJKjejg,CHaZ3JGEv28,on_demand,subscribed,PH,24,unknown,17,8,6.6206333333333331,48.96875,128.86513157894737,3,0.685
20261008,UCSes4X8uDrpc4X46hJKjejg,8ajxcRVL7g4,on_demand,not_subscribed,HK,5,cam thomas,1,0,0.0016,0,0,0,0
20261008,UCSes4X8uDrpc4X46hJKjejg,YHtB62qU1r8,on_demand,not_subscribed,JP,7,ETkdGPO0rj8,1,1,0.64666666666666661,38.8,8.25531914893617,1,0.64666666666666661
20261008,UCSes4X8uDrpc4X46hJKjejg,dgP0I7rPTlU,on_demand,subscribed,US,3,what-to-watch,2,1,0.51,30.6,105.51724137931035,0,0
20261008,UCSes4X8uDrpc4X46hJKjejg,QytSHiiqR3k,on_demand,not_subscribed,ZZ,24,unknown,1,0,0.027333333333333334,0,0,0,0
20261008,UCSes4X8uDrpc4X46hJKjejg,7X7tv7bum9s,on_demand,not_subscribed,FR,0,unknown,1,1,3.6106833333333332,216.641,99.834562211981563,0,0
20261008,UCSes4X8uDrpc4X46hJKjejg,91WKuG0roa4,on_demand,not_subscribed,US,5,,2,1,1.087,65.22,95.911764705882348,0,0
20261008,UCSes4X8uDrpc4X46hJKjejg,5WC7gUC932A,on_demand,not_subscribed,IN,5,,2,0,0.0305,0,0,2,0.0305
20261008,UCSes4X8uDrpc4X46hJKjejg,l5M2ICRhyEA,on_demand,not_subscribed,ES,3,what-to-watch,2,0,0.012866666666666667,0,0,0,0
20261008,UCSes4X8uDrpc4X46hJKjejg,AlriaK-mgWQ,on_demand,not_subscribed,US,5,,3,2,3.51975,103.885,2.1967646436878834,0,0
20261008,UCSes4X8uDrpc4X46hJKjejg,CHaZ3JGEv28,on_demand,not_subscribed,PH,5,,2,1,0.63833333333333331,38.3,100.78947368421052,0,0
20261008,UCSes4X8uDrpc4X46hJKjejg,BeZUS-lZ4qs,on_demand,not_subscribed,AU,5,,1,0,0.10766666666666666,0,0,0,0
20261008,UCSes4X8uDrpc4X46hJKjejg,MEHDJ9V-lIk,on_demand,subscribed,US,7,u_N8LAJVWtc,1,1,34.32735,2059.641,99.982572815533985,0,0
20261008,UCSes4X8uDrpc4X46hJKjejg,CHaZ3JGEv28,on_demand,not_subscribed,FR,24,unknown,1,0,0.049133333333333334,0,0,0,0
20261008,UCSes4X8uDrpc4X46hJKjejg,5xA-FaYOc_0,on_demand,not_subscribed,PH,5,,1,1,0.47666666666666668,28.6,65,0,0
20261008,UCSes4X8uDrpc4X46hJKjejg,OG1-VxzclcA,on_demand,not_subscribed,US,4,UCSes4X8uDrpc4X46hJKjejg,2,1,0.72333333333333338,43.4,100.93023255813954,0,0
20261008,UCSes4X8uDrpc4X46hJKjejg,YHtB62qU1r8,on_demand,not_subscribed,PH,5,,8,2,1.8127,45.164,9.6093617021276589,0,0
20261008,UCSes4X8uDrpc4X46hJKjejg,itfxfmA1F64,on_demand,not_subscribed,CA,5,,4,2,1.5676333333333334,46.8015,60.001923076923077,0,0
20261008,UCSes4X8uDrpc4X46hJKjejg,DFY-sVJGeDI,on_demand,subscribed,US,7,KDWV53ZoO9U,1,1,1.4616666666666667,87.7,3.6344799005387483,0,0
20261008,UCSes4X8uDrpc4X46hJKjejg,UOsqGlestSU,on_demand,not_subscribed,PH,5,,1,1,0.2355,14.13,17.024096385542169,0,0
20261008,UCSes4X8uDrpc4X46hJKjejg,LSwj_klZHr8,on_demand,not_subscribed,CN,3,what-to-watch,1,1,0.0602,3.612,0.81534988713318279,0,0
20261008,UCSes4X8uDrpc4X46hJKjejg,dJJN73f-B-8,on_demand,not_subscribed,US,9,Google Search,1,1,0.39831666666666665,23.899,3.5145588235294118,0,0
20261008,UCSes4X8uDrpc4X46hJKjejg,6ljakZEWb0o,on_demand,not_subscribed,AL,3,what-to-watch,1,0,0.03,0,0,0,0
20261008,UCSes4X8uDrpc4X46hJKjejg,sRIO-T5dRjA,on_demand,not_subscribed,US,3,what-to-watch,10,4,2.1240333333333332,31.4455,112.30535714285715,3,1.0565333333333333
20261008,UCSes4X8uDrpc4X46hJKjejg,itfxfmA1F64,on_demand,not_subscribed,IN,5,,2,1,1.3119166666666666,78.715,100.91666666666667,0,0
20261008,UCSes4X8uDrpc4X46hJKjejg,do4cUugrzEw,on_demand,not_subscribed,US,5,nba podcast,8,4,2.1503166666666669,31.70975,53.74533898305085,0,0
20261008,UCSes4X8uDrpc4X46hJKjejg,YHtB62qU1r8,on_demand,not_subscribed,US,7,zG80NRs3G_g,1,1,4.9433333333333334,296.6,63.1063829787234,1,4.9433333333333334
20261008,UCSes4X8uDrpc4X46hJKjejg,l5M2ICRhyEA,on_demand,not_subscribed,DK,3,what-to-watch,6,2,1.6339666666666666,48.484,146.92121212121211,0,0
20261008,UCSes4X8uDrpc4X46hJKjejg,l5M2ICRhyEA,on_demand,not_subscribed,CO,3,what-to-watch,2,0,0.024483333333333333,0,0,0,0
20261008,UCSes4X8uDrpc4X46hJKjejg,IkDS7ZhVkA4,on_demand,not_subscribed,US,7,Z4X-HVVlRms,1,1,37.9635,2277.81,98.6919410745234,0,0
20261008,UCSes4X8uDrpc4X46hJKjejg,WAYYE5BMG6c,on_demand,not_subscribed,PE,3,what-to-watch,1,0,0.056833333333333333,0,0,0,0
20261008,UCSes4X8uDrpc4X46hJKjejg,PoyUkRaWZiM,on_demand,not_subscribed,CA,7,Lqs0X7WbxkM,1,1,7.65935,459.561,75.33786885245901,0,0
20261008,UCSes4X8uDrpc4X46hJKjejg,QytSHiiqR3k,on_demand,subscribed,PH,3,what-to-watch,1,0,0.048833333333333333,0,0,0,0
20261008,UCSes4X8uDrpc4X46hJKjejg,HtZ8tDkeGJY,on_demand,not_subscribed,DE,3,what-to-watch,1,0,0.02185,0,0,0,0
20261008,UCSes4X8uDrpc4X46hJKjejg,rScJj_0-t-o,on_demand,not_subscribed,US,5,,2,1,0.26041666666666669,14.11,12.269565217391305,0,0
20261008,UCSes4X8uDrpc4X46hJKjejg,ZKhPpyVL2JQ,on_demand,not_subscribed,US,5,,1,1,0.48583333333333334,29.15,97.166666666666671,0,0
20261008,UCSes4X8uDrpc4X46hJKjejg,HtZ8tDkeGJY,on_demand,subscribed,GB,3,what-to-watch,2,0,0.12773333333333334,0,0,0,0
20261008,UCSes4X8uDrpc4X46hJKjejg,zS69CFjoay8,on_demand,not_subscribed,AU,3,what-to-watch,1,0,0.083883333333333338,0,0,0,0
20261008,UCSes4X8uDrpc4X46hJKjejg,wO2uMX8-8BE,on_demand,not_subscribed,US,5,,1,1,0.334,20.04,18.90566037735849,0,0
20261008,UCSes4X8uDrpc4X46hJKjejg,QytSHiiqR3k,on_demand,not_subscribed,IS,24,unknown,2,1,0.53498333333333337,32.099,168.94210526315788,2,0.53498333333333337
20261008,UCSes4X8uDrpc4X46hJKjejg,JCJN0n3wG88,on_demand,not_subscribed,US,3,what-to-watch,1,0,0.005,0,0,0,0
20261008,UCSes4X8uDrpc4X46hJKjejg,QytSHiiqR3k,on_demand,not_subscribed,FR,3,what-to-watch,2,1,0.35553333333333331,21.332,112.27368421052631,0,0
20261008,UCSes4X8uDrpc4X46hJKjejg,6ljakZEWb0o,on_demand,not_subscribed,JP,3,what-to-watch,2,0,0.015,0,0,0,0
20261008,UCSes4X8uDrpc4X46hJKjejg,BeZUS-lZ4qs,on_demand,not_subscribed,US,7,vLutAKr6G3A,1,1,0.44478333333333331,26.687,0.861426726920594,1,0.44478333333333331
20261008,UCSes4X8uDrpc4X46hJKjejg,-CjQjOd2JEA,on_demand,not_subscribed,US,18,PLqQnjK0pwhEcR-jPqiXbm3qKUtitmeeFt,1,1,4.7036666666666669,282.22,99.7243816254417,1,4.7036666666666669
20261008,UCSes4X8uDrpc4X46hJKjejg,JZgusHsQ0l4,on_demand,not_subscribed,AT,3,what-to-watch,1,1,0.35,21,40.384615384615387,0,0
20261008,UCSes4X8uDrpc4X46hJKjejg,4paPqTeriso,on_demand,not_subscribed,CA,5,,1,1,0.05043333333333333,3.026,1.096376811594203,0,0
20261008,UCSes4X8uDrpc4X46hJKjejg,HzmMTvN__ec,on_demand,not_subscribed,US,5,,1,1,1.3285166666666666,79.711,16.503312629399584,0,0
20261008,UCSes4X8uDrpc4X46hJKjejg,YHtB62qU1r8,on_demand,not_subscribed,TW,3,what-to-watch,2,0,0.1475,0,0,0,0
20261008,UCSes4X8uDrpc4X46hJKjejg,fyi6d0AButQ,on_demand,not_subscribed,CA,3,what-to-watch,8,4,7.9047833333333335,115.73775,38.071628289473686,3,3.3586833333333335
20261008,UCSes4X8uDrpc4X46hJKjejg,3oF068CdTYo,on_demand,not_subscribed,UY,5,nets,2,1,0.62016666666666664,37.21,109.44117647058823,0,0
20261008,UCSes4X8uDrpc4X46hJKjejg,gTMjT4y5LHE,on_demand,not_subscribed,BR,5,cam thomas,4,0,0.05175,0,0,0,0
20261008,UCSes4X8uDrpc4X46hJKjejg,6ljakZEWb0o,on_demand,subscribed,US,8,unknown,2,1,9.2996833333333342,553.708,20.040101339124142,0,0
20261008,UCSes4X8uDrpc4X46hJKjejg,CHaZ3JGEv28,on_demand,subscribed,AU,24,unknown,17,8,5.33965,39.473625,103.87796052631579,1,0.0175
20261008,UCSes4X8uDrpc4X46hJKjejg,IkDS7ZhVkA4,on_demand,not_subscribed,IT,5,,1,1,15.455333333333334,927.32,40.178509532062392,0,0
20261008,UCSes4X8uDrpc4X46hJKjejg,BeZUS-lZ4qs,on_demand,not_subscribed,FR,5,,5,3,33.7512,674.83333333333337,21.782870669248979,0,0
20261008,UCSes4X8uDrpc4X46hJKjejg,fyi6d0AButQ,on_demand,not_subscribed,IN,3,what-to-watch,1,0,0.07166666666666667,0,0,0,0
20261008,UCSes4X8uDrpc4X46hJKjejg,MEHDJ9V-lIk,on_demand,not_subscribed,US,4,UCEZHE-0CoHqeL1LGFa2EmQw,9,2,1.8980333333333332,52.3895,2.5431796116504852,3,0.052933333333333332
20261008,UCSes4X8uDrpc4X46hJKjejg,jB_in2f-k-M,on_demand,not_subscribed,US,3,what-to-watch,1,0,0.0035,0,0,0,0
20261008,UCSes4X8uDrpc4X46hJKjejg,yXI5JzLdcwk,on_demand,not_subscribed,ZA,5,,1,0,0.0083333333333333332,0,0,0,0
20261008,UCSes4X8uDrpc4X46hJKjejg,9LFMqUAyB_U,on_demand,not_subscribed,US,9,Google Search,1,1,0.07113333333333334,4.268,0.50152761457109285,0,0
20261008,UCSes4X8uDrpc4X46hJKjejg,YHtB62qU1r8,on_demand,not_subscribed,TZ,3,what-to-watch,1,0,0.026666666666666668,0,0,0,0
20261008,UCSes4X8uDrpc4X46hJKjejg,CHaZ3JGEv28,on_demand,not_subscribed,AU,5,,1,1,0.19971666666666665,11.983,31.534210526315789,0,0
20261008,UCSes4X8uDrpc4X46hJKjejg,QbOI1xgQ8ZE,on_demand,not_subscribed,PH,5,,5,2,1.66605,48.339,117.9,0,0
20261008,UCSes4X8uDrpc4X46hJKjejg,9LFMqUAyB_U,on_demand,not_subscribed,IE,9,reddit.com,3,3,4.0190833333333336,80.381666666666675,9.4455542499020755,0,0
20261008,UCSes4X8uDrpc4X46hJKjejg,pWCQrmx8beo,on_demand,not_subscribed,BS,3,what-to-watch,1,0,0.005,0,0,0,0
20261008,UCSes4X8uDrpc4X46hJKjejg,Mw1jFzscOXE,on_demand,not_subscribed,BW,5,,1,0,0.010333333333333333,0,0,0,0
20261008,UCSes4X8uDrpc4X46hJKjejg,l5M2ICRhyEA,on_demand,not_subscribed,TT,3,what-to-watch,1,1,0.25666666666666665,15.4,46.666666666666664,0,0
20261008,UCSes4X8uDrpc4X46hJKjejg,5xA-FaYOc_0,on_demand,not_subscribed,AU,5,,1,1,0.55833333333333335,33.5,76.13636363636364,1,0.55833333333333335
20261008,UCSes4X8uDrpc4X46hJKjejg,e7CxdG8sNlA,on_demand,not_subscribed,US,0,unknown,2,2,10.922583333333334,327.6775,68.984736842105264,1,7.9050166666666666
20261008,UCSes4X8uDrpc4X46hJKjejg,YHtB62qU1r8,on_demand,not_subscribed,AU,5,,2,0,0.12483333333333334,0,0,0,0
20261008,UCSes4X8uDrpc4X46hJKjejg,gTMjT4y5LHE,on_demand,not_subscribed,CA,7,0PWIi0vX-VQ,1,1,0.32088333333333335,19.253,3.8973684210526316,0,0
20261008,UCSes4X8uDrpc4X46hJKjejg,QytSHiiqR3k,on_demand,not_subscribed,GB,24,unknown,136,65,22.944466666666667,20.69453846153846,108.91862348178138,34,6.9852000000000016
20261008,UCSes4X8uDrpc4X46hJKjejg,dgP0I7rPTlU,on_demand,not_subscribed,IN,5,,2,1,0.50648333333333329,30.389,104.78965517241379,0,0
20261008,UCSes4X8uDrpc4X46hJKjejg,UOsqGlestSU,on_demand,not_subscribed,AU,5,,1,1,0.14133333333333334,8.48,10.216867469879517,1,0.14133333333333334
20261008,UCSes4X8uDrpc4X46hJKjejg,J6rzMuvuMuo,on_demand,not_subscribed,US,5,,48,22,26.3824,71.37527272727273,99.13232323232323,6,4.4135
20261008,UCSes4X8uDrpc4X46hJKjejg,pWCQrmx8beo,on_demand,not_subscribed,FR,5,,2,0,0.066666666666666666,0,0,0,0
20261008,UCSes4X8uDrpc4X46hJKjejg,CHaZ3JGEv28,on_demand,not_subscribed,CA,5,nba,3,3,0.429,8.58,22.578947368421051,0,0
20261008,UCSes4X8uDrpc4X46hJKjejg,yapU4SQQ39c,on_demand,not_subscribed,FR,4,UCSes4X8uDrpc4X46hJKjejg,1,1,0.06,3.6,0.13215859030837004,0,0
20261008,UCSes4X8uDrpc4X46hJKjejg,JZgusHsQ0l4,on_demand,not_subscribed,PE,5,lebron,1,1,0.69516666666666671,41.71,80.211538461538467,0,0
20261008,UCSes4X8uDrpc4X46hJKjejg,l5M2ICRhyEA,on_demand,not_subscribed,BR,3,what-to-watch,2,0,0.075,0,0,0,0
20261008,UCSes4X8uDrpc4X46hJKjejg,gTMjT4y5LHE,on_demand,not_subscribed,TH,3,what-to-watch,3,3,15.9143,318.286,64.43036437246964,1,7.6860833333333334
20261008,UCSes4X8uDrpc4X46hJKjejg,9zaom3QbjYs,on_demand,not_subscribed,US,7,VctHKjvQeWk,1,1,0.12878333333333333,7.727,1.0180500658761529,0,0
20261008,UCSes4X8uDrpc4X46hJKjejg,YWmM-Tkjmvo,on_demand,not_subscribed,KR,5,,1,0,0.068333333333333329,0,0,0,0
20261008,UCSes4X8uDrpc4X46hJKjejg,CHaZ3JGEv28,on_demand,subscribed,PR,3,/my_subscriptions,1,1,0.13,7.8,20.526315789473685,0,0
20261008,UCSes4X8uDrpc4X46hJKjejg,QytSHiiqR3k,on_demand,subscribed,ES,8,unknown,2,1,0.33001666666666668,19.801,104.21578947368421,0,0
20261008,UCSes4X8uDrpc4X46hJKjejg,6ljakZEWb0o,on_demand,not_subscribed,US,18,PLX3ZLYz4-6vE2_ZNLW5AfzbHTd1jTskDl,2,2,15.661,469.83,17.004343105320302,2,15.661000000000001
20261008,UCSes4X8uDrpc4X46hJKjejg,gTMjT4y5LHE,on_demand,not_subscribed,SG,3,what-to-watch,2,1,5.0562333333333331,301.8,61.093117408906885,0,0
20261008,UCSes4X8uDrpc4X46hJKjejg,9SP2xoGRkF0,on_demand,not_subscribed,AU,5,,1,0,0.035,0,0,1,0.035
20261008,UCSes4X8uDrpc4X46hJKjejg,9zaom3QbjYs,on_demand,not_subscribed,NL,3,what-to-watch,1,1,0.23471666666666666,14.083,1.855467720685112,0,0
20261008,UCSes4X8uDrpc4X46hJKjejg,uzUBO8cpUC0,on_demand,not_subscribed,US,5,,6,3,1.4246166666666666,23.059,29.562820512820512,0,0
20261008,UCSes4X8uDrpc4X46hJKjejg,BeZUS-lZ4qs,on_demand,not_subscribed,NL,3,what-to-watch,1,0,0.01115,0,0,0,0
20261008,UCSes4X8uDrpc4X46hJKjejg,JZgusHsQ0l4,on_demand,not_subscribed,DE,3,what-to-watch,17,6,4.6953166666666668,45.303,87.121153846153845,0,0
20261008,UCSes4X8uDrpc4X46hJKjejg,Ppxt7uU9PRA,on_demand,not_subscribed,US,9,Google Search,2,2,1.6543166666666667,49.6295,70.89928571428571,0,0
20261008,UCSes4X8uDrpc4X46hJKjejg,JZgusHsQ0l4,on_demand,subscribed,GB,3,what-to-watch,4,1,3.095,185.7,357.11538461538464,0,0
20261008,UCSes4X8uDrpc4X46hJKjejg,CHaZ3JGEv28,on_demand,not_subscribed,CA,5,washington wizards,4,1,0.3,15.9,41.8421052631579,0,0
20261008,UCSes4X8uDrpc4X46hJKjejg,k4-t8XMp-wg,on_demand,subscribed,US,3,what-to-watch,8,5,12.2371,146.1696,51.108251748251746,2,6.429
20261008,UCSes4X8uDrpc4X46hJKjejg,HtZ8tDkeGJY,on_demand,not_subscribed,RS,3,what-to-watch,1,0,0.0016666666666666668,0,0,0,0
20261008,UCSes4X8uDrpc4X46hJKjejg,ePdXtNfowRo,on_demand,not_subscribed,GB,5,,3,2,4.773,143.085,27.891812865497077,2,4.7695
20261008,UCSes4X8uDrpc4X46hJKjejg,IkDS7ZhVkA4,on_demand,not_subscribed,GB,3,what-to-watch,1,0,0.0014833333333333332,0,0,0,0
20261008,UCSes4X8uDrpc4X46hJKjejg,cRJ3dfuOiik,on_demand,not_subscribed,PH,5,,3,2,0.87908333333333333,26.3725,75.35,0,0
20261008,UCSes4X8uDrpc4X46hJKjejg,6wZwOsYD9rQ,on_demand,not_subscribed,CN,5,,1,1,1.103,66.18,12.726923076923077,0,0
20261008,UCSes4X8uDrpc4X46hJKjejg,l5M2ICRhyEA,on_demand,not_subscribed,US,5,76ers,8,4,2.3155,34.29,103.90909090909091,1,0.0295
20261008,UCSes4X8uDrpc4X46hJKjejg,CHaZ3JGEv28,on_demand,subscribed,FR,24,unknown,6,3,2.2097166666666666,44.194333333333333,116.30087719298245,2,0.63666666666666671
20261008,UCSes4X8uDrpc4X46hJKjejg,N4FSFFIyyhU,on_demand,not_subscribed,PH,5,,1,0,0.060166666666666667,0,0,0,0
20261008,UCSes4X8uDrpc4X46hJKjejg,OG1-VxzclcA,on_demand,subscribed,US,4,UCSes4X8uDrpc4X46hJKjejg,1,1,0.1065,6.39,14.86046511627907,0,0
20261008,UCSes4X8uDrpc4X46hJKjejg,gTMjT4y5LHE,on_demand,not_subscribed,PH,5,,1,1,0.33166666666666667,19.9,4.02834008097166,1,0.33166666666666667
20261008,UCSes4X8uDrpc4X46hJKjejg,BeZUS-lZ4qs,on_demand,subscribed,US,7,PQ1x60Hs9RU,1,1,51.62768333333333,3097.661,99.9890574564235,1,51.62768333333333
20261008,UCSes4X8uDrpc4X46hJKjejg,9zaom3QbjYs,on_demand,not_subscribed,IL,3,what-to-watch,1,0,0.0070333333333333333,0,0,0,0
20261008,UCSes4X8uDrpc4X46hJKjejg,YHtB62qU1r8,on_demand,not_subscribed,BS,3,what-to-watch,2,1,0.65566666666666662,39.34,8.3702127659574472,0,0
20261008,UCSes4X8uDrpc4X46hJKjejg,MEHDJ9V-lIk,on_demand,not_subscribed,US,14,PLX3ZLYz4-6vE2_ZNLW5AfzbHTd1jTskDl,1,1,7.083333333333333,425,20.631067961165048,1,7.083333333333333
20261008,UCSes4X8uDrpc4X46hJKjejg,dKoSQ-63gP4,on_demand,not_subscribed,IT,3,what-to-watch,1,0,0.0033333333333333335,0,0,0,0
20261008,UCSes4X8uDrpc4X46hJKjejg,3oF068CdTYo,on_demand,not_subscribed,TH,3,what-to-watch,4,1,1.2639833333333332,75.839,223.05588235294118,0,0
20261008,UCSes4X8uDrpc4X46hJKjejg,AGR1wuQDdnM,on_demand,not_subscribed,US,3,what-to-watch,2,1,0.2657,10.849,5.7707446808510641,0,0
20261008,UCSes4X8uDrpc4X46hJKjejg,BeZUS-lZ4qs,on_demand,not_subscribed,IL,3,what-to-watch,2,0,0.026883333333333332,0,0,0,0
20261008,UCSes4X8uDrpc4X46hJKjejg,QytSHiiqR3k,on_demand,not_subscribed,AT,24,unknown,4,2,0.62316666666666665,18.695,98.39473684210526,0,0
20261008,UCSes4X8uDrpc4X46hJKjejg,CHaZ3JGEv28,on_demand,subscribed,PH,3,/my_subscriptions,1,1,0.53333333333333333,32,84.21052631578948,0,0
20261008,UCSes4X8uDrpc4X46hJKjejg,YHtB62qU1r8,on_demand,not_subscribed,FR,5,,1,1,4.0795,244.77,52.078723404255321,0,0
20261008,UCSes4X8uDrpc4X46hJKjejg,QytSHiiqR3k,on_demand,subscribed,SR,5,,1,0,0.027833333333333335,0,0,0,0
20261008,UCSes4X8uDrpc4X46hJKjejg,LoFU5kr6npM,on_demand,not_subscribed,US,9,Google Search,1,1,0.30533333333333335,18.32,0.78965517241379313,0,0
20261008,UCSes4X8uDrpc4X46hJKjejg,YHtB62qU1r8,on_demand,not_subscribed,US,7,Rq8tgJAifIE,1,1,1.2216666666666667,73.3,15.595744680851064,1,1.2216666666666667
20261008,UCSes4X8uDrpc4X46hJKjejg,4rZ8j7jxsMI,on_demand,not_subscribed,US,5,,1,1,0.16983333333333334,10.19,14.557142857142857,1,0.16983333333333334
20261008,UCSes4X8uDrpc4X46hJKjejg,WAYYE5BMG6c,on_demand,not_subscribed,GB,3,what-to-watch,1,0,0.063166666666666663,0,0,0,0
20261008,UCSes4X8uDrpc4X46hJKjejg,YHtB62qU1r8,on_demand,not_subscribed,SX,3,what-to-watch,3,2,0.9603666666666667,28.711,6.1087234042553193,0,0
20261008,UCSes4X8uDrpc4X46hJKjejg,QytSHiiqR3k,on_demand,subscribed,CH,8,unknown,2,1,0.31531666666666669,18.919,99.573684210526309,0,0
20261008,UCSes4X8uDrpc4X46hJKjejg,UKDfootD670,on_demand,subscribed,US,5,,1,1,0.20908333333333334,12.545,25.09,0,0
20261008,UCSes4X8uDrpc4X46hJKjejg,6wZwOsYD9rQ,on_demand,not_subscribed,US,5,,1,1,0.19633333333333333,11.78,2.2653846153846153,0,0
20261008,UCSes4X8uDrpc4X46hJKjejg,eqlwdgYN1FU,on_demand,not_subscribed,EE,5,,1,0,0.0015166666666666666,0,0,0,0
20261008,UCSes4X8uDrpc4X46hJKjejg,e7CxdG8sNlA,on_demand,not_subscribed,VN,3,what-to-watch,1,1,0.6425,38.55,8.1157894736842113,1,0.6425
20261008,UCSes4X8uDrpc4X46hJKjejg,YHtB62qU1r8,on_demand,not_subscribed,GB,5,philadelphia 76ers,1,0,0.031666666666666669,0,0,0,0
20261008,UCSes4X8uDrpc4X46hJKjejg,CHaZ3JGEv28,on_demand,not_subscribed,SZ,24,unknown,3,1,1.2932,77.592,204.18947368421053,0,0
20261008,UCSes4X8uDrpc4X46hJKjejg,QytSHiiqR3k,on_demand,subscribed,IS,24,unknown,1,1,0.079883333333333334,4.793,25.226315789473684,1,0.079883333333333334
20261008,UCSes4X8uDrpc4X46hJKjejg,i-9mS8nWVRQ,on_demand,not_subscribed,US,3,what-to-watch,4,3,3.3432,66.440666666666672,88.587555555555554,0,0
20261008,UCSes4X8uDrpc4X46hJKjejg,CHaZ3JGEv28,on_demand,not_subscribed,LK,24,unknown,2,1,0.67115,40.269,105.97105263157894,0,0
20261008,UCSes4X8uDrpc4X46hJKjejg,dKoSQ-63gP4,on_demand,not_subscribed,GR,3,what-to-watch,1,0,0.0037,0,0,0,0
20261008,UCSes4X8uDrpc4X46hJKjejg,CHaZ3JGEv28,on_demand,not_subscribed,ES,24,unknown,2,1,0.65466666666666662,39.28,103.36842105263158,0,0
20261008,UCSes4X8uDrpc4X46hJKjejg,po8YrSQivoM,on_demand,not_subscribed,US,7,84XwX8zGUOk,1,1,0.93788333333333329,56.273,1.6396561771561771,0,0
20261008,UCSes4X8uDrpc4X46hJKjejg,VEf3EBKuaZw,on_demand,not_subscribed,US,3,what-to-watch,2,1,0.99183333333333334,59.51,99.183333333333337,0,0
20261008,UCSes4X8uDrpc4X46hJKjejg,3oF068CdTYo,on_demand,not_subscribed,FR,24,unknown,1,1,0.5605,33.63,98.911764705882348,0,0
20261008,UCSes4X8uDrpc4X46hJKjejg,J6rzMuvuMuo,on_demand,not_subscribed,AE,5,,6,2,2.7298333333333331,81.895,113.74305555555556,0,0
20261008,UCSes4X8uDrpc4X46hJKjejg,84XwX8zGUOk,on_demand,not_subscribed,US,3,what-to-watch,3,3,17.639066666666668,352.78133333333335,68.1045045045045,0,0
20261008,UCSes4X8uDrpc4X46hJKjejg,6ljakZEWb0o,on_demand,not_subscribed,US,3,what-to-watch,34,5,22.40565,255.80700000000002,9.2583061889250811,2,20.7335
20261008,UCSes4X8uDrpc4X46hJKjejg,gTMjT4y5LHE,on_demand,not_subscribed,TW,3,what-to-watch,3,0,0.085716666666666663,0,0,0,0
20261008,UCSes4X8uDrpc4X46hJKjejg,fyi6d0AButQ,on_demand,subscribed,CA,3,what-to-watch,1,1,4.6756833333333336,280.541,92.283223684210526,0,0
20261008,UCSes4X8uDrpc4X46hJKjejg,f4MfVVTJ6pY,on_demand,not_subscribed,CA,5,,1,0,0.020666666666666667,0,0,0,0
20261008,UCSes4X8uDrpc4X46hJKjejg,YHtB62qU1r8,on_demand,not_subscribed,NL,3,what-to-watch,6,3,10.39865,207.10299999999998,44.064468085106384,1,0.828
20261008,UCSes4X8uDrpc4X46hJKjejg,M-M22Ac4CRE,on_demand,not_subscribed,NZ,5,,1,1,0.515,30.9,93.63636363636364,0,0
20261008,UCSes4X8uDrpc4X46hJKjejg,mza6X5H4Mzs,on_demand,not_subscribed,US,5,,1,0,0,0,0,0,0
20261008,UCSes4X8uDrpc4X46hJKjejg,e7CxdG8sNlA,on_demand,not_subscribed,HK,3,what-to-watch,2,0,0.0077,0,0,0,0
20261008,UCSes4X8uDrpc4X46hJKjejg,HtZ8tDkeGJY,on_demand,subscribed,LT,3,what-to-watch,1,0,0.0035166666666666666,0,0,0,0
20261008,UCSes4X8uDrpc4X46hJKjejg,fyi6d0AButQ,on_demand,subscribed,PL,3,what-to-watch,1,1,4.5616666666666665,273.7,90.03289473684211,0,0
20261008,UCSes4X8uDrpc4X46hJKjejg,YHtB62qU1r8,on_demand,not_subscribed,CW,3,what-to-watch,1,0,0.10078333333333334,0,0,0,0
20261008,UCSes4X8uDrpc4X46hJKjejg,QytSHiiqR3k,on_demand,not_subscribed,CI,24,unknown,1,0,0.036666666666666667,0,0,0,0
20261008,UCSes4X8uDrpc4X46hJKjejg,CHaZ3JGEv28,on_demand,not_subscribed,DK,24,unknown,2,1,0.626,37.56,98.84210526315789,0,0
20261008,UCSes4X8uDrpc4X46hJKjejg,wPiF9-iLzdQ,on_demand,not_subscribed,US,3,what-to-watch,2,1,0.8188833333333333,49.133,122.8325,0,0
20261008,UCSes4X8uDrpc4X46hJKjejg,ZpuhxsgE-7M,on_demand,not_subscribed,US,24,unknown,1,0,0.032083333333333332,0,0,0,0
20261008,UCSes4X8uDrpc4X46hJKjejg,FC36sHokYnk,on_demand,subscribed,PH,5,,1,0,0.051783333333333334,0,0,0,0
20261008,UCSes4X8uDrpc4X46hJKjejg,4HEcIWe3vAg,on_demand,subscribed,IS,5,,2,2,0.865,25.95,54.0625,0,0
20261008,UCSes4X8uDrpc4X46hJKjejg,QytSHiiqR3k,on_demand,not_subscribed,WS,24,unknown,1,0,0.021,0,0,0,0
20261008,UCSes4X8uDrpc4X46hJKjejg,QytSHiiqR3k,on_demand,not_subscribed,DE,24,unknown,49,26,8.4314166666666672,19.120961538461536,100.63663967611336,4,0.65271666666666672
20261008,UCSes4X8uDrpc4X46hJKjejg,QytSHiiqR3k,on_demand,subscribed,GB,24,unknown,38,18,6.8576333333333332,22.119333333333334,116.41754385964913,11,1.4828000000000001
20261008,UCSes4X8uDrpc4X46hJKjejg,po8YrSQivoM,on_demand,not_subscribed,TW,5,,3,1,0.441,25.405,0.74023892773892774,1,0.42341666666666666
20261008,UCSes4X8uDrpc4X46hJKjejg,JZgusHsQ0l4,on_demand,not_subscribed,IE,5,,1,0,0.0215,0,0,0,0
20261008,UCSes4X8uDrpc4X46hJKjejg,kzzARP3sGzw,on_demand,not_subscribed,CA,5,baltimore ravens,2,1,1.2726,76.356,100.46842105263158,0,0
20261008,UCSes4X8uDrpc4X46hJKjejg,J6rzMuvuMuo,on_demand,subscribed,US,5,,2,1,1.2366666666666666,74.2,103.05555555555556,2,1.2366666666666666
20261008,UCSes4X8uDrpc4X46hJKjejg,_tLOeO7HfXM,on_demand,not_subscribed,US,5,,4,1,2.7718333333333334,165.9,202.3170731707317,0,0
20261008,UCSes4X8uDrpc4X46hJKjejg,0JUVBPIGUg8,on_demand,not_subscribed,PH,5,,5,2,1.2568333333333332,37.455,96.038461538461533,0,0
20261008,UCSes4X8uDrpc4X46hJKjejg,V9NkcCuZZys,on_demand,not_subscribed,SA,7,7Sar1bom-QM,1,1,0.91713333333333336,55.028,5.9813043478260868,0,0
20261008,UCSes4X8uDrpc4X46hJKjejg,QytSHiiqR3k,on_demand,not_subscribed,GD,24,unknown,4,2,0.88816666666666666,26.645,140.23684210526315,0,0
20261008,UCSes4X8uDrpc4X46hJKjejg,YHtB62qU1r8,on_demand,not_subscribed,IL,3,what-to-watch,1,0,0.11113333333333333,0,0,0,0
20261008,UCSes4X8uDrpc4X46hJKjejg,QytSHiiqR3k,on_demand,not_subscribed,GB,5,,8,3,1.1525,21.88,115.15789473684211,2,0.0585
20261008,UCSes4X8uDrpc4X46hJKjejg,CHaZ3JGEv28,on_demand,not_subscribed,UA,24,unknown,1,1,0.11166666666666666,6.7,17.631578947368421,1,0.11166666666666666
20261008,UCSes4X8uDrpc4X46hJKjejg,tIFk16TQrU4,on_demand,not_subscribed,CA,4,UCSes4X8uDrpc4X46hJKjejg,2,0,0.048666666666666664,0,0,0,0
20261008,UCSes4X8uDrpc4X46hJKjejg,ePdXtNfowRo,on_demand,not_subscribed,BR,3,what-to-watch,1,1,0.42233333333333334,25.34,4.9395711500974659,1,0.42233333333333334
20261008,UCSes4X8uDrpc4X46hJKjejg,JZgusHsQ0l4,on_demand,not_subscribed,GB,5,lebron,4,2,1.7337833333333332,52.0135,100.02596153846154,0,0
20261008,UCSes4X8uDrpc4X46hJKjejg,M1HloftCFBM,on_demand,not_subscribed,PH,5,,1,0,0.033333333333333333,0,0,0,0
20261008,UCSes4X8uDrpc4X46hJKjejg,Rl73WZoqKzE,on_demand,subscribed,NL,0,unknown,1,1,9.6827333333333332,580.964,97.4771812080537,0,0
20261008,UCSes4X8uDrpc4X46hJKjejg,p5XiosuCXB8,on_demand,not_subscribed,US,3,what-to-watch,4,0,0.053333333333333337,0,0,0,0
20261008,UCSes4X8uDrpc4X46hJKjejg,yXI5JzLdcwk,on_demand,not_subscribed,US,24,unknown,1,1,1.1237333333333333,67.424,84.28,0,0
20261008,UCSes4X8uDrpc4X46hJKjejg,QytSHiiqR3k,on_demand,not_subscribed,SI,24,unknown,7,3,1.5196666666666667,30.393333333333334,159.96491228070175,0,0
20261008,UCSes4X8uDrpc4X46hJKjejg,tIFk16TQrU4,on_demand,not_subscribed,IN,4,UCSes4X8uDrpc4X46hJKjejg,1,0,0,0,0,0,0
20261008,UCSes4X8uDrpc4X46hJKjejg,HtZ8tDkeGJY,on_demand,not_subscribed,SE,5,,4,1,1.1016666666666666,60.8,103.05084745762711,0,0
20261008,UCSes4X8uDrpc4X46hJKjejg,0nYtXNTW54c,on_demand,subscribed,US,4,UCSes4X8uDrpc4X46hJKjejg,2,1,0.64666666666666661,38.8,99.487179487179489,0,0
20261008,UCSes4X8uDrpc4X46hJKjejg,gTMjT4y5LHE,on_demand,not_subscribed,US,7,c004cWT0eSA,1,1,5.3326666666666664,319.96,64.769230769230774,1,5.3326666666666664
20261008,UCSes4X8uDrpc4X46hJKjejg,HtZ8tDkeGJY,on_demand,not_subscribed,MX,24,unknown,1,1,0.14166666666666666,8.5,14.40677966101695,1,0.14166666666666666
20261008,UCSes4X8uDrpc4X46hJKjejg,MEHDJ9V-lIk,on_demand,not_subscribed,CI,7,MZu01cZ0eX8,1,1,34.596666666666664,2075.8,100.76699029126213,0,0
20261008,UCSes4X8uDrpc4X46hJKjejg,sRIO-T5dRjA,on_demand,not_subscribed,IN,5,,2,1,0.5,30,107.14285714285714,0,0
20261008,UCSes4X8uDrpc4X46hJKjejg,sRIO-T5dRjA,on_demand,not_subscribed,US,5,jeremiah fears,21,9,3.1979833333333332,19.536,69.771428571428572,1,0.46666666666666667
20261008,UCSes4X8uDrpc4X46hJKjejg,JZgusHsQ0l4,on_demand,not_subscribed,DE,7,k9vUnhgciHA,2,1,0.9058,54.348,104.51538461538462,0,0
20261008,UCSes4X8uDrpc4X46hJKjejg,QytSHiiqR3k,on_demand,not_subscribed,LT,24,unknown,5,3,0.74175,14.835,78.078947368421055,0,0
20261008,UCSes4X8uDrpc4X46hJKjejg,198kcwoCgIY,on_demand,not_subscribed,NO,5,,1,1,0.18633333333333332,11.18,41.407407407407405,1,0.18633333333333332
20261008,UCSes4X8uDrpc4X46hJKjejg,YHtB62qU1r8,on_demand,not_subscribed,US,9,com.google.android.apps.messaging,1,1,0.175,10.5,2.2340425531914891,0,0
20261008,UCSes4X8uDrpc4X46hJKjejg,Y-cACTFUlfo,on_demand,not_subscribed,US,5,,4,2,1.9058333333333333,57.175,116.68367346938776,0,0
20261008,UCSes4X8uDrpc4X46hJKjejg,ePdXtNfowRo,on_demand,subscribed,GB,5,,2,0,0.0173,0,0,0,0
20261008,UCSes4X8uDrpc4X46hJKjejg,2n5LJUyMtAk,on_demand,not_subscribed,US,7,uZTvm48WKT4,1,1,8.20515,492.309,97.486930693069311,0,0
20261008,UCSes4X8uDrpc4X46hJKjejg,MEHDJ9V-lIk,on_demand,not_subscribed,CA,3,what-to-watch,3,1,0.75121666666666664,34.914,1.6948543689320388,1,0.5819
20261008,UCSes4X8uDrpc4X46hJKjejg,LSwj_klZHr8,on_demand,not_subscribed,CA,5,,1,0,0.049166666666666664,0,0,0,0
20261008,UCSes4X8uDrpc4X46hJKjejg,MEHDJ9V-lIk,on_demand,subscribed,CA,7,FqbntOzTMJ8,1,1,0.83165,49.899,2.4222815533980584,0,0
20261008,UCSes4X8uDrpc4X46hJKjejg,HtZ8tDkeGJY,on_demand,not_subscribed,RO,3,what-to-watch,4,1,1.82875,104.431,177.00169491525423,2,1.7405166666666667
20261008,UCSes4X8uDrpc4X46hJKjejg,CHaZ3JGEv28,on_demand,not_subscribed,TT,24,unknown,2,1,0.65793333333333337,39.476,103.88421052631578,0,0
20261008,UCSes4X8uDrpc4X46hJKjejg,YHtB62qU1r8,on_demand,not_subscribed,US,7,ILnEKwIJBos,1,1,1.3951666666666667,83.71,17.810638297872341,0,0
20261008,UCSes4X8uDrpc4X46hJKjejg,gTMjT4y5LHE,on_demand,not_subscribed,BS,3,what-to-watch,3,1,0.3405,10.4,2.1052631578947367,0,0
20261008,UCSes4X8uDrpc4X46hJKjejg,MEHDJ9V-lIk,on_demand,not_subscribed,US,7,2awLpQqNFPc,1,1,17.143333333333334,1028.6,49.932038834951456,0,0
20261008,UCSes4X8uDrpc4X46hJKjejg,yqQ_QnY4_XU,on_demand,not_subscribed,CA,5,,2,1,0.99,59.4,126.38297872340425,0,0
20261008,UCSes4X8uDrpc4X46hJKjejg,Ighg-kbn1AM,on_demand,not_subscribed,CA,24,unknown,1,1,0.6283333333333333,37.7,66.140350877192986,0,0
20261008,UCSes4X8uDrpc4X46hJKjejg,FC36sHokYnk,on_demand,not_subscribed,NL,3,what-to-watch,1,0,0.026666666666666668,0,0,0,0
20261008,UCSes4X8uDrpc4X46hJKjejg,-CjQjOd2JEA,on_demand,subscribed,US,7,2n5LJUyMtAk,1,1,4.704016666666667,282.241,99.731802120141339,0,0
20261008,UCSes4X8uDrpc4X46hJKjejg,MEHDJ9V-lIk,on_demand,not_subscribed,PL,3,what-to-watch,1,0,0.099283333333333335,0,0,0,0
20261008,UCSes4X8uDrpc4X46hJKjejg,QytSHiiqR3k,on_demand,subscribed,AT,24,unknown,6,2,1.335,40.05,210.78947368421052,0,0
20261008,UCSes4X8uDrpc4X46hJKjejg,c24CDRG2J1Q,on_demand,not_subscribed,CR,9,Google Search,1,1,0.52118333333333333,31.271,31.586868686868687,0,0
20261008,UCSes4X8uDrpc4X46hJKjejg,CHaZ3JGEv28,on_demand,not_subscribed,BR,24,unknown,2,1,1.2116666666666667,72.7,191.31578947368422,2,1.2116666666666667
20261008,UCSes4X8uDrpc4X46hJKjejg,l5M2ICRhyEA,on_demand,not_subscribed,CZ,3,what-to-watch,1,0,0.0046333333333333331,0,0,0,0
20261008,UCSes4X8uDrpc4X46hJKjejg,zS69CFjoay8,on_demand,not_subscribed,GB,5,,1,1,0.6155,36.93,69.679245283018872,1,0.6155
20261008,UCSes4X8uDrpc4X46hJKjejg,18S1GBfKaIo,on_demand,not_subscribed,US,4,UCWcbo7_7Qiu0VtXPjpp-SDA,1,0,0.033016666666666666,0,0,0,0
20261008,UCSes4X8uDrpc4X46hJKjejg,FPS5TgQX95c,on_demand,subscribed,GB,5,,1,1,0.88391666666666668,53.035,61.668604651162788,0,0
20261008,UCSes4X8uDrpc4X46hJKjejg,xRE9H7wpboA,on_demand,not_subscribed,RS,5,,2,2,2.8363333333333332,85.09,24.3810888252149,2,2.8363333333333332
20261008,UCSes4X8uDrpc4X46hJKjejg,Rl73WZoqKzE,on_demand,subscribed,GB,3,what-to-watch,2,0,0.081216666666666673,0,0,0,0
20261008,UCSes4X8uDrpc4X46hJKjejg,YHtB62qU1r8,on_demand,not_subscribed,CM,7,aOKDIBaDzcM,1,1,7.74,464.4,98.808510638297875,0,0
20261008,UCSes4X8uDrpc4X46hJKjejg,CHaZ3JGEv28,on_demand,not_subscribed,AU,8,unknown,1,0,0.05045,0,0,0,0
20261008,UCSes4X8uDrpc4X46hJKjejg,UvWPXkksqmM,on_demand,subscribed,US,4,UCSes4X8uDrpc4X46hJKjejg,2,2,12.98205,389.4615,58.831042296072511,0,0
20261008,UCSes4X8uDrpc4X46hJKjejg,CHaZ3JGEv28,on_demand,subscribed,ES,24,unknown,2,2,0.685,20.55,54.078947368421055,0,0
20261008,UCSes4X8uDrpc4X46hJKjejg,XefOWOtXAfw,on_demand,not_subscribed,CA,4,UCSes4X8uDrpc4X46hJKjejg,1,1,0.86583333333333334,51.95,3.2048118445404072,0,0
20261008,UCSes4X8uDrpc4X46hJKjejg,6ljakZEWb0o,on_demand,subscribed,US,3,what-to-watch,16,3,1.1299333333333332,14.239333333333335,0.51535770297985284,0,0
20261008,UCSes4X8uDrpc4X46hJKjejg,HtZ8tDkeGJY,on_demand,not_subscribed,IT,3,what-to-watch,2,1,0.98771666666666669,59.263,100.4457627118644,0,0
20261008,UCSes4X8uDrpc4X46hJKjejg,2n5LJUyMtAk,on_demand,not_subscribed,US,5,,3,3,16.578516666666665,331.57033333333334,65.657491749174923,0,0
20261008,UCSes4X8uDrpc4X46hJKjejg,eu62r4NZQ3Q,on_demand,not_subscribed,AU,5,,1,1,2.9356666666666666,176.14,87.6318407960199,0,0
20261008,UCSes4X8uDrpc4X46hJKjejg,XxnCUta00KQ,on_demand,not_subscribed,US,9,Google Search,1,1,0.1453,8.718,3.1586956521739129,0,0
20261008,UCSes4X8uDrpc4X46hJKjejg,6ljakZEWb0o,on_demand,subscribed,GB,7,BprSVkRZCjA,1,1,46.04745,2762.847,99.994462540716611,0,0
20261008,UCSes4X8uDrpc4X46hJKjejg,gTMjT4y5LHE,on_demand,not_subscribed,NL,3,what-to-watch,8,1,2.8936333333333333,158.358,32.056275303643723,0,0
20261008,UCSes4X8uDrpc4X46hJKjejg,PRRn46RwdmM,on_demand,not_subscribed,US,3,what-to-watch,3,1,0.21666666666666667,10.9,1.0987903225806452,0,0
20261008,UCSes4X8uDrpc4X46hJKjejg,ST2Cs9kvw6w,on_demand,not_subscribed,US,5,,2,0,0.046666666666666669,0,0,0,0
20261008,UCSes4X8uDrpc4X46hJKjejg,-CjQjOd2JEA,on_demand,not_subscribed,TR,3,what-to-watch,1,1,0.66278333333333328,39.767,14.051943462897526,1,0.66278333333333328
20261008,UCSes4X8uDrpc4X46hJKjejg,BeZUS-lZ4qs,on_demand,not_subscribed,US,7,jzyCbstmLcc,3,3,61.279533333333333,1225.5906666666667,39.560705831719389,0,0
20261008,UCSes4X8uDrpc4X46hJKjejg,8utXvbmZfqk,on_demand,not_subscribed,CA,5,,2,1,2.1415,128.49,101.1732283464567,0,0
20261008,UCSes4X8uDrpc4X46hJKjejg,CHaZ3JGEv28,on_demand,subscribed,DK,24,unknown,4,2,1.3733333333333333,41.2,108.42105263157895,0,0
20261008,UCSes4X8uDrpc4X46hJKjejg,CHaZ3JGEv28,on_demand,subscribed,CO,24,unknown,2,1,0.635,38.1,100.26315789473684,0,0
20261008,UCSes4X8uDrpc4X46hJKjejg,QytSHiiqR3k,on_demand,subscribed,DE,24,unknown,5,2,0.80333333333333334,22.35,117.63157894736842,5,0.80333333333333334
20261008,UCSes4X8uDrpc4X46hJKjejg,XTGlwLovDD0,on_demand,not_subscribed,US,0,unknown,1,1,0.38016666666666665,22.81,0.94061855670103089,0,0
20261008,UCSes4X8uDrpc4X46hJKjejg,ZpuhxsgE-7M,on_demand,not_subscribed,US,5,,6,4,1.1455833333333334,16.33375,42.983552631578945,1,0.071933333333333335
20261008,UCSes4X8uDrpc4X46hJKjejg,MEHDJ9V-lIk,on_demand,subscribed,AU,7,IkDS7ZhVkA4,1,1,1.14115,68.469,3.32373786407767,0,0
20261008,UCSes4X8uDrpc4X46hJKjejg,n8fMP2cKrBc,on_demand,not_subscribed,IN,3,what-to-watch,1,0,0,0,0,0,0
20261008,UCSes4X8uDrpc4X46hJKjejg,eda5b-pIz_w,on_demand,not_subscribed,US,5,,1,1,0.097866666666666671,5.872,7.8293333333333335,0,0
20261008,UCSes4X8uDrpc4X46hJKjejg,-CjQjOd2JEA,on_demand,not_subscribed,CA,9,WhatsApp,1,1,4.6,276,97.526501766784449,0,0
20261008,UCSes4X8uDrpc4X46hJKjejg,M-M22Ac4CRE,on_demand,not_subscribed,US,24,unknown,2,1,0.83466666666666667,50.08,151.75757575757575,0,0
20261008,UCSes4X8uDrpc4X46hJKjejg,84XwX8zGUOk,on_demand,not_subscribed,US,7,dWVplxnsYeU,1,1,1.3033333333333332,78.2,15.096525096525097,1,1.3033333333333332
20261008,UCSes4X8uDrpc4X46hJKjejg,BeZUS-lZ4qs,on_demand,subscribed,US,7,d0yRnyBTxEg,1,1,21.975416666666668,1318.525,42.560522918011621,0,0
20261008,UCSes4X8uDrpc4X46hJKjejg,BeZUS-lZ4qs,on_demand,not_subscribed,ID,3,what-to-watch,1,0,0.018333333333333333,0,0,0,0
20261008,UCSes4X8uDrpc4X46hJKjejg,tVeFZEpG488,on_demand,subscribed,US,5,,1,1,0.80366666666666664,48.22,96.44,0,0
20261008,UCSes4X8uDrpc4X46hJKjejg,CHaZ3JGEv28,on_demand,not_subscribed,CU,24,unknown,2,1,0.645,38.7,101.84210526315789,0,0
20261008,UCSes4X8uDrpc4X46hJKjejg,_88BKGbZUdE,on_demand,not_subscribed,JP,0,unknown,1,1,1.9087,114.522,21.730929791271347,0,0
20261008,UCSes4X8uDrpc4X46hJKjejg,gTMjT4y5LHE,on_demand,not_subscribed,US,7,7Jli0_1yDFk,1,1,0.28,16.8,3.4008097165991904,1,0.28
20261008,UCSes4X8uDrpc4X46hJKjejg,FCAC9ZyPn_4,on_demand,not_subscribed,AR,3,what-to-watch,1,0,0.016183333333333334,0,0,0,0
20261008,UCSes4X8uDrpc4X46hJKjejg,0JHD_pApR7w,on_demand,not_subscribed,SE,5,,1,1,0.1505,9.03,13.086956521739131,0,0
20261008,UCSes4X8uDrpc4X46hJKjejg,BeZUS-lZ4qs,on_demand,not_subscribed,US,7,pu6bSq1_7Qk,1,1,5.7257833333333332,343.547,11.089315687540349,0,0
20261008,UCSes4X8uDrpc4X46hJKjejg,1TP1WrccvpY,on_demand,not_subscribed,US,5,,2,1,0.76716666666666666,46.03,100.06521739130434,0,0
20261008,UCSes4X8uDrpc4X46hJKjejg,pWCQrmx8beo,on_demand,not_subscribed,PR,3,what-to-watch,1,1,0.105,6.3,0.20944148936170212,0,0
20261008,UCSes4X8uDrpc4X46hJKjejg,QytSHiiqR3k,on_demand,subscribed,SI,24,unknown,2,1,0.3105,18.63,98.05263157894737,2,0.3105
20261008,UCSes4X8uDrpc4X46hJKjejg,yXI5JzLdcwk,on_demand,not_subscribed,US,5,,9,2,5.505,162.535,203.16875,0,0
20261008,UCSes4X8uDrpc4X46hJKjejg,QUD-7qlFQUs,on_demand,not_subscribed,SG,5,,2,1,0.947,56.82,103.30909090909091,2,0.947
20261008,UCSes4X8uDrpc4X46hJKjejg,R09S9nSIyEk,on_demand,not_subscribed,US,7,JcPR_xlxruc,1,1,65.45301666666667,3927.181,99.979149694501018,0,0
20261008,UCSes4X8uDrpc4X46hJKjejg,2n5LJUyMtAk,on_demand,not_subscribed,SA,3,what-to-watch,1,0,0.06,0,0,0,0
20261008,UCSes4X8uDrpc4X46hJKjejg,FPS5TgQX95c,on_demand,not_subscribed,RS,5,,1,1,1.41,84.6,98.372093023255815,0,0
20261008,UCSes4X8uDrpc4X46hJKjejg,-ikHvyGYwdo,on_demand,subscribed,US,3,watch-later,1,1,1.6016666666666666,96.1,99.0721649484536,0,0
20261008,UCSes4X8uDrpc4X46hJKjejg,MEHDJ9V-lIk,on_demand,subscribed,US,7,mzGvOMY6iAs,1,1,34.32735,2059.641,99.982572815533985,1,34.32735
20261008,UCSes4X8uDrpc4X46hJKjejg,fyi6d0AButQ,on_demand,not_subscribed,US,0,unknown,1,1,4.2546833333333334,255.281,83.974013157894731,0,0
20261008,UCSes4X8uDrpc4X46hJKjejg,Za2jZfZdBao,on_demand,not_subscribed,US,5,,1,1,0.066666666666666666,4,14.285714285714286,0,0
20261008,UCSes4X8uDrpc4X46hJKjejg,JsEe4qzWT40,on_demand,not_subscribed,PR,5,,2,0,0.0213,0,0,0,0
20261008,UCSes4X8uDrpc4X46hJKjejg,BeZUS-lZ4qs,on_demand,not_subscribed,CL,3,what-to-watch,1,1,0.6646,39.876,1.2871530019367334,0,0
20261008,UCSes4X8uDrpc4X46hJKjejg,IkDS7ZhVkA4,on_demand,not_subscribed,US,7,qq_jIm6aU4E,1,1,3.5721666666666665,214.33,9.28639514731369,0,0
20261008,UCSes4X8uDrpc4X46hJKjejg,QytSHiiqR3k,on_demand,not_subscribed,LT,5,,1,0,0.048333333333333332,0,0,0,0
20261008,UCSes4X8uDrpc4X46hJKjejg,0b8eta7f8mY,on_demand,not_subscribed,BS,5,,1,1,8.5431,512.586,97.264895635673625,0,0
20261008,UCSes4X8uDrpc4X46hJKjejg,M-M22Ac4CRE,on_demand,not_subscribed,MX,3,what-to-watch,1,1,0.53333333333333333,32,96.969696969696969,0,0
20261008,UCSes4X8uDrpc4X46hJKjejg,BeZUS-lZ4qs,on_demand,not_subscribed,PH,3,what-to-watch,7,1,0.59498333333333331,23.9,0.77146546158812135,0,0
20261008,UCSes4X8uDrpc4X46hJKjejg,JZgusHsQ0l4,on_demand,not_subscribed,IT,3,what-to-watch,1,0,0,0,0,0,0
20261008,UCSes4X8uDrpc4X46hJKjejg,QytSHiiqR3k,on_demand,not_subscribed,GE,24,unknown,3,1,0.61116666666666664,36.67,193,0,0
20261008,UCSes4X8uDrpc4X46hJKjejg,JsEe4qzWT40,on_demand,not_subscribed,ID,5,,1,1,0.77183333333333337,46.31,73.5079365079365,0,0
20261008,UCSes4X8uDrpc4X46hJKjejg,PVOl1jy_sPs,on_demand,not_subscribed,US,5,,3,2,7.9816666666666665,238.29,67.123943661971836,0,0
20261008,UCSes4X8uDrpc4X46hJKjejg,b5IBqpbub08,on_demand,not_subscribed,US,5,,1,0,0.014,0,0,0,0
20261008,UCSes4X8uDrpc4X46hJKjejg,MEHDJ9V-lIk,on_demand,subscribed,FR,7,FmpU_RIjgtI,1,0,0.065,0,0,1,0.065
20261008,UCSes4X8uDrpc4X46hJKjejg,YHtB62qU1r8,on_demand,not_subscribed,US,7,mLmZHPY6XvU,2,2,7.9730833333333333,239.1925,50.892021276595742,1,7.8241666666666667
20261008,UCSes4X8uDrpc4X46hJKjejg,18S1GBfKaIo,on_demand,not_subscribed,US,5,,3,0,0.043166666666666666,0,0,0,0
20261008,UCSes4X8uDrpc4X46hJKjejg,BeZUS-lZ4qs,on_demand,subscribed,US,7,dgCInlqFOUk,1,1,30.166333333333334,1809.98,58.424144609425433,0,0
20261008,UCSes4X8uDrpc4X46hJKjejg,m-bzcVSer0s,on_demand,not_subscribed,US,9,Google Search,1,1,0.44801666666666667,26.881,2.8780513918629551,0,0
20261008,UCSes4X8uDrpc4X46hJKjejg,QytSHiiqR3k,on_demand,not_subscribed,IS,8,unknown,3,2,0.47851666666666665,14.3555,75.555263157894743,0,0
20261008,UCSes4X8uDrpc4X46hJKjejg,mza6X5H4Mzs,on_demand,subscribed,US,18,PLrgo6ghl6uy2OE87_T1IZmlKazBe1lmJR,1,1,0.06745,4.047,0.11984009475866153,1,0.06745
20261008,UCSes4X8uDrpc4X46hJKjejg,50MHq47IaLU,on_demand,not_subscribed,GB,5,,1,1,0.67,40.2,34.956521739130437,1,0.67
20261008,UCSes4X8uDrpc4X46hJKjejg,CHaZ3JGEv28,on_demand,subscribed,BR,24,unknown,1,1,0.305,18.3,48.1578947368421,0,0
20261008,UCSes4X8uDrpc4X46hJKjejg,QytSHiiqR3k,on_demand,not_subscribed,FI,24,unknown,10,5,1.4775,17.05,89.736842105263165,0,0
20261008,UCSes4X8uDrpc4X46hJKjejg,WhMciDNFNFQ,on_demand,subscribed,IS,5,,1,0,0.013333333333333334,0,0,0,0
20261008,UCSes4X8uDrpc4X46hJKjejg,YHtB62qU1r8,on_demand,not_subscribed,US,7,iPZvxiwEEiM,1,1,4.2862166666666663,257.173,54.717659574468087,0,0
20261008,UCSes4X8uDrpc4X46hJKjejg,IkDS7ZhVkA4,on_demand,not_subscribed,AU,0,unknown,1,1,25.643866666666668,1538.632,66.665164644714039,0,0
20261008,UCSes4X8uDrpc4X46hJKjejg,-CjQjOd2JEA,on_demand,not_subscribed,PR,3,what-to-watch,2,2,1.58,47.4,16.749116607773853,1,0.49
20261008,UCSes4X8uDrpc4X46hJKjejg,ePdXtNfowRo,on_demand,not_subscribed,AU,7,C6K1y_nlz1w,1,1,0.66683333333333328,40.01,7.7992202729044831,0,0
20261008,UCSes4X8uDrpc4X46hJKjejg,MaurflLy1CQ,on_demand,not_subscribed,US,7,Lqs0X7WbxkM,1,1,1.5368333333333333,92.21,14.544164037854889,1,1.5368333333333333
20261008,UCSes4X8uDrpc4X46hJKjejg,CHaZ3JGEv28,on_demand,subscribed,AU,8,unknown,1,1,0.29201666666666665,17.521,46.107894736842105,0,0
20261008,UCSes4X8uDrpc4X46hJKjejg,M-M22Ac4CRE,on_demand,not_subscribed,DK,5,victor wembanyama,1,1,0.5264,31.584,95.7090909090909,0,0
20261008,UCSes4X8uDrpc4X46hJKjejg,M6EKlkDnZRQ,on_demand,subscribed,US,5,,2,1,1.175,70.5,123.68421052631579,0,0
20261008,UCSes4X8uDrpc4X46hJKjejg,YHtB62qU1r8,on_demand,not_subscribed,PR,3,what-to-watch,1,1,1.2688333333333333,76.13,16.197872340425533,0,0
20261008,UCSes4X8uDrpc4X46hJKjejg,QytSHiiqR3k,on_demand,subscribed,RS,24,unknown,13,6,1.95165,18.133166666666668,95.437719298245611,4,0.75
20261008,UCSes4X8uDrpc4X46hJKjejg,O-gIrTrkCe8,on_demand,not_subscribed,US,5,,1,1,0.119,7.14,6.31858407079646,0,0
20261008,UCSes4X8uDrpc4X46hJKjejg,758kz6ojvfE,on_demand,not_subscribed,US,3,what-to-watch,1,0,0.155,0,0,0,0
20261008,UCSes4X8uDrpc4X46hJKjejg,QytSHiiqR3k,on_demand,not_subscribed,RO,24,unknown,2,1,0.31166666666666665,18.7,98.421052631578945,0,0
20261008,UCSes4X8uDrpc4X46hJKjejg,YHtB62qU1r8,on_demand,not_subscribed,US,7,aQ_oFYahAgU,7,7,36.997616666666666,317.12242857142854,67.472857142857137,0,0
20261008,UCSes4X8uDrpc4X46hJKjejg,XTGlwLovDD0,on_demand,not_subscribed,CG,3,what-to-watch,1,0,0.14833333333333334,0,0,0,0
20261008,UCSes4X8uDrpc4X46hJKjejg,YHtB62qU1r8,on_demand,not_subscribed,ID,3,what-to-watch,1,1,3.1836166666666665,191.017,40.64191489361702,1,3.1836166666666665
20261008,UCSes4X8uDrpc4X46hJKjejg,4kM5P08h3q4,on_demand,subscribed,CA,4,UCSes4X8uDrpc4X46hJKjejg,1,1,0.70483333333333331,42.29,11.429729729729729,0,0
20261008,UCSes4X8uDrpc4X46hJKjejg,oujDWGTay-Q,on_demand,not_subscribed,US,5,tyrese maxey,4,3,1.5471666666666666,30.943333333333332,41.257777777777775,3,1.4976666666666665
20261008,UCSes4X8uDrpc4X46hJKjejg,9LFMqUAyB_U,on_demand,not_subscribed,MY,5,,1,1,0.46936666666666665,28.162,3.309283196239718,0,0
20261008,UCSes4X8uDrpc4X46hJKjejg,QytSHiiqR3k,on_demand,not_subscribed,GB,8,unknown,4,2,0.83585,25.0755,131.97631578947369,0,0
20261008,UCSes4X8uDrpc4X46hJKjejg,YHtB62qU1r8,on_demand,not_subscribed,QA,3,what-to-watch,1,0,0.0033333333333333335,0,0,0,0
20261008,UCSes4X8uDrpc4X46hJKjejg,CHaZ3JGEv28,on_demand,not_subscribed,ZA,5,wizards,1,1,0.62283333333333335,37.37,98.34210526315789,0,0
20261008,UCSes4X8uDrpc4X46hJKjejg,gTMjT4y5LHE,on_demand,subscribed,NL,3,what-to-watch,1,0,0,0,0,0,0
20261008,UCSes4X8uDrpc4X46hJKjejg,6C69Z_OCe4c,on_demand,not_subscribed,AU,5,,2,1,0.038666666666666669,2.11,3.5166666666666666,0,0
20261008,UCSes4X8uDrpc4X46hJKjejg,9zaom3QbjYs,on_demand,not_subscribed,AU,3,what-to-watch,1,0,0.0579,0,0,0,0
20261008,UCSes4X8uDrpc4X46hJKjejg,J6rzMuvuMuo,on_demand,not_subscribed,US,5,tim duncan,15,7,10.578866666666666,90.3202857142857,125.44484126984128,0,0
20261008,UCSes4X8uDrpc4X46hJKjejg,XTGlwLovDD0,on_demand,not_subscribed,HK,3,what-to-watch,1,1,0.027716666666666667,1.663,0.06857731958762886,0,0
20261008,UCSes4X8uDrpc4X46hJKjejg,AlriaK-mgWQ,on_demand,not_subscribed,US,3,what-to-watch,1,0,0,0,0,0,0
20261008,UCSes4X8uDrpc4X46hJKjejg,gTMjT4y5LHE,on_demand,not_subscribed,TR,3,what-to-watch,1,0,0.0036666666666666666,0,0,0,0
20261008,UCSes4X8uDrpc4X46hJKjejg,CHaZ3JGEv28,on_demand,not_subscribed,TN,24,unknown,1,0,0.041666666666666664,0,0,0,0
20261008,UCSes4X8uDrpc4X46hJKjejg,0lbad9fh3KM,on_demand,not_subscribed,US,5,,2,2,0.83833333333333337,25.15,55.888888888888886,1,0.53333333333333333
20261008,UCSes4X8uDrpc4X46hJKjejg,CHaZ3JGEv28,on_demand,not_subscribed,PH,3,what-to-watch,1,0,0.03,0,0,0,0
20261008,UCSes4X8uDrpc4X46hJKjejg,CHaZ3JGEv28,on_demand,not_subscribed,CZ,24,unknown,1,1,0.22183333333333333,13.31,35.026315789473685,0,0
20261008,UCSes4X8uDrpc4X46hJKjejg,l5M2ICRhyEA,on_demand,not_subscribed,GB,3,what-to-watch,7,1,0.73076666666666668,34.491,104.51818181818182,0,0
20261008,UCSes4X8uDrpc4X46hJKjejg,HwWx5nhjCx8,on_demand,not_subscribed,NO,3,what-to-watch,1,1,1.2602166666666668,75.613,7.2634966378482231,0,0
20261008,UCSes4X8uDrpc4X46hJKjejg,oBHWYBkGqU4,on_demand,not_subscribed,IL,3,what-to-watch,3,1,0.05,0.7,0.88607594936708856,0,0
20261008,UCSes4X8uDrpc4X46hJKjejg,EZ7WjfAU1MI,on_demand,not_subscribed,US,3,what-to-watch,1,0,0.078333333333333338,0,0,0,0
20261008,UCSes4X8uDrpc4X46hJKjejg,BeZUS-lZ4qs,on_demand,not_subscribed,AU,3,what-to-watch,2,1,3.4305,205.03,6.6181407359586828,1,3.4171666666666667
20261008,UCSes4X8uDrpc4X46hJKjejg,Lq8OMS-KBsU,on_demand,not_subscribed,DE,24,unknown,1,0,0.042333333333333334,0,0,0,0
20261008,UCSes4X8uDrpc4X46hJKjejg,jCAYf9Ha0xY,on_demand,not_subscribed,PH,5,,1,0,0,0,0,0,0
20261008,UCSes4X8uDrpc4X46hJKjejg,IkDS7ZhVkA4,on_demand,not_subscribed,CA,7,Mzwzz4iwmts,1,1,33.403666666666666,2004.22,86.837954939341415,0,0
20261008,UCSes4X8uDrpc4X46hJKjejg,2n5LJUyMtAk,on_demand,not_subscribed,GH,3,what-to-watch,1,1,1.4489,86.934,17.214653465346533,0,0
20261008,UCSes4X8uDrpc4X46hJKjejg,IkDS7ZhVkA4,on_demand,not_subscribed,US,7,wVwL3tvcqDI,1,1,30.7525,1845.15,79.945840554592721,1,30.7525
20261008,UCSes4X8uDrpc4X46hJKjejg,YHtB62qU1r8,on_demand,not_subscribed,PH,3,what-to-watch,31,12,33.93398333333333,163.43916666666667,34.774290780141847,3,16.347
20261008,UCSes4X8uDrpc4X46hJKjejg,XTGlwLovDD0,on_demand,subscribed,US,0,unknown,1,1,0.0255,1.53,0.06309278350515464,0,0
20261008,UCSes4X8uDrpc4X46hJKjejg,0nYtXNTW54c,on_demand,not_subscribed,US,24,unknown,1,1,0.59566666666666668,35.74,91.641025641025635,0,0
20261008,UCSes4X8uDrpc4X46hJKjejg,MEHDJ9V-lIk,on_demand,not_subscribed,CG,7,VDYWa-qfzRI,1,1,3.9783333333333335,238.7,11.587378640776699,0,0
20261008,UCSes4X8uDrpc4X46hJKjejg,iOURk-GhPG0,on_demand,not_subscribed,CA,4,UCSes4X8uDrpc4X46hJKjejg,1,1,0.452,27.12,93.517241379310349,0,0
20261008,UCSes4X8uDrpc4X46hJKjejg,cRJ3dfuOiik,on_demand,not_subscribed,CO,5,,3,1,0.5915,34.19,97.685714285714283,1,0.5698333333333333
20261008,UCSes4X8uDrpc4X46hJKjejg,ID5K-VWCXew,on_demand,not_subscribed,US,4,UCSes4X8uDrpc4X46hJKjejg,3,1,1.1533333333333333,69.2,230.66666666666666,0,0
20261008,UCSes4X8uDrpc4X46hJKjejg,qTi5JqNn970,on_demand,not_subscribed,GB,8,unknown,2,1,1.9577,117.462,165.43943661971832,0,0
20261008,UCSes4X8uDrpc4X46hJKjejg,YHtB62qU1r8,on_demand,not_subscribed,SG,7,KKsGcmxNTPg,1,1,3.1876666666666669,191.26,40.693617021276594,1,3.1876666666666669
20261008,UCSes4X8uDrpc4X46hJKjejg,BeZUS-lZ4qs,on_demand,not_subscribed,US,7,y8z3KjxMCD0,1,1,26.2272,1573.632,50.795093608779858,0,0
20261008,UCSes4X8uDrpc4X46hJKjejg,pWCQrmx8beo,on_demand,not_subscribed,AU,3,what-to-watch,2,2,1.0166833333333334,30.5005,1.0139793882978723,2,1.0166833333333334
20261008,UCSes4X8uDrpc4X46hJKjejg,QytSHiiqR3k,on_demand,not_subscribed,IT,24,unknown,11,5,1.6068333333333333,18.246000000000002,96.031578947368416,0,0
20261008,UCSes4X8uDrpc4X46hJKjejg,VEECY3LVcsA,on_demand,not_subscribed,US,5,,4,2,1.3373333333333333,40.12,118,0,0
20261008,UCSes4X8uDrpc4X46hJKjejg,iOURk-GhPG0,on_demand,not_subscribed,IN,4,UCSes4X8uDrpc4X46hJKjejg,2,1,0.64333333333333331,38.6,133.10344827586206,0,0
20261008,UCSes4X8uDrpc4X46hJKjejg,K_Lm-tI6RdE,on_demand,not_subscribed,MK,3,what-to-watch,3,1,0.40666666666666668,21,22.826086956521738,0,0
20261008,UCSes4X8uDrpc4X46hJKjejg,M-M22Ac4CRE,on_demand,not_subscribed,US,5,,19,8,4.9467333333333334,36.616625,110.95946969696969,1,0.098666666666666666
20261008,UCSes4X8uDrpc4X46hJKjejg,BeZUS-lZ4qs,on_demand,subscribed,US,7,pu6bSq1_7Qk,1,1,21.2382,1274.292,41.132730794060684,0,0
20261008,UCSes4X8uDrpc4X46hJKjejg,LoFU5kr6npM,on_demand,not_subscribed,CA,14,PLX3ZLYz4-6vE2_ZNLW5AfzbHTd1jTskDl,1,1,38.654,2319.24,99.967241379310352,0,0
20261008,UCSes4X8uDrpc4X46hJKjejg,fAlmTasts-Q,on_demand,not_subscribed,DE,5,,1,1,0.33,19.8,39.6,0,0
20261008,UCSes4X8uDrpc4X46hJKjejg,QytSHiiqR3k,on_demand,not_subscribed,NP,24,unknown,7,4,1.3585,19.4025,102.11842105263158,0,0
20261008,UCSes4X8uDrpc4X46hJKjejg,YHtB62qU1r8,on_demand,not_subscribed,FI,5,philadelphia 76ers,1,0,0.057166666666666664,0,0,0,0
20261008,UCSes4X8uDrpc4X46hJKjejg,WATJsSNezuM,on_demand,not_subscribed,US,24,unknown,3,2,2.0068333333333332,60.205,102.04237288135593,0,0
20261008,UCSes4X8uDrpc4X46hJKjejg,MEHDJ9V-lIk,on_demand,not_subscribed,US,7,s76FrMMz5Tk,1,1,1.3296666666666668,79.78,3.8728155339805825,0,0
20261008,UCSes4X8uDrpc4X46hJKjejg,0b8eta7f8mY,on_demand,not_subscribed,US,7,3MzMDtgSnL0,25,25,105.98735,254.36964,48.267483870967745,8,34.325216666666662
20261008,UCSes4X8uDrpc4X46hJKjejg,YHtB62qU1r8,on_demand,not_subscribed,GU,3,what-to-watch,1,0,0.115,0,0,0,0
20261008,UCSes4X8uDrpc4X46hJKjejg,QytSHiiqR3k,on_demand,subscribed,DE,3,/my_subscriptions,1,1,0.18696666666666667,11.218,59.042105263157893,0,0
20261008,UCSes4X8uDrpc4X46hJKjejg,rScJj_0-t-o,on_demand,not_subscribed,US,3,what-to-watch,3,1,4.27,256.2,222.78260869565219,0,0
20261008,UCSes4X8uDrpc4X46hJKjejg,yPppbvdaO98,on_demand,not_subscribed,US,5,,3,3,0.2265,4.53,9.8478260869565215,1,0.077333333333333337
20261008,UCSes4X8uDrpc4X46hJKjejg,ze7OyP5UN9w,on_demand,subscribed,US,4,UCSes4X8uDrpc4X46hJKjejg,1,1,0.186,11.16,16.411764705882351,0,0
20261008,UCSes4X8uDrpc4X46hJKjejg,gTMjT4y5LHE,on_demand,not_subscribed,LT,7,QaaIDkqSjIo,1,1,2.2106666666666666,132.64,26.850202429149796,0,0
20261008,UCSes4X8uDrpc4X46hJKjejg,pPj9SqEhXao,on_demand,not_subscribed,GR,5,,1,1,0.11833333333333333,7.1,7.3195876288659791,0,0
20261008,UCSes4X8uDrpc4X46hJKjejg,CHaZ3JGEv28,on_demand,not_subscribed,CG,5,nba,1,1,0.10985,6.591,17.344736842105263,0,0
20261008,UCSes4X8uDrpc4X46hJKjejg,HtZ8tDkeGJY,on_demand,not_subscribed,ZA,24,unknown,3,1,1.7166666666666666,101.4,171.864406779661,0,0
20261008,UCSes4X8uDrpc4X46hJKjejg,VabbVbaoc3U,on_demand,not_subscribed,US,5,bam 83,5,4,7.3979833333333334,110.96975,84.709732824427476,0,0
20261008,UCSes4X8uDrpc4X46hJKjejg,CHaZ3JGEv28,on_demand,subscribed,UA,3,/my_subscriptions,2,1,0.855,51.3,135,0,0
20261008,UCSes4X8uDrpc4X46hJKjejg,HzmMTvN__ec,on_demand,not_subscribed,US,3,what-to-watch,2,0,0.0105,0,0,0,0
20261008,UCSes4X8uDrpc4X46hJKjejg,DYgYafn4Two,on_demand,not_subscribed,CA,5,,1,1,3.0155,180.93,77.652360515021456,1,3.0155
20261008,UCSes4X8uDrpc4X46hJKjejg,A9dCA5I9Pes,on_demand,not_subscribed,TN,5,,1,0,0.021533333333333335,0,0,0,0
20261008,UCSes4X8uDrpc4X46hJKjejg,QytSHiiqR3k,on_demand,not_subscribed,GR,24,unknown,7,4,0.99825,14.33125,75.42763157894737,0,0
20261008,UCSes4X8uDrpc4X46hJKjejg,BeZUS-lZ4qs,on_demand,not_subscribed,US,7,uIWUaUqlMjQ,1,1,7.6833333333333336,461,14.880568108457069,0,0
20261008,UCSes4X8uDrpc4X46hJKjejg,oqop8HY9S0o,on_demand,not_subscribed,ZA,5,,1,1,0.17166666666666666,10.3,6.2424242424242422,0,0
20261008,UCSes4X8uDrpc4X46hJKjejg,YHtB62qU1r8,on_demand,not_subscribed,MZ,7,KBCRssuC5RA,2,2,0.27975,8.3925,1.7856382978723404,0,0
20261008,UCSes4X8uDrpc4X46hJKjejg,18S1GBfKaIo,on_demand,subscribed,US,5,,1,1,6.9035,414.21,12.879664179104477,0,0
20261008,UCSes4X8uDrpc4X46hJKjejg,YHtB62qU1r8,on_demand,not_subscribed,AE,7,aQ_oFYahAgU,1,1,4.187,251.22,53.451063829787238,0,0
20261008,UCSes4X8uDrpc4X46hJKjejg,l5M2ICRhyEA,on_demand,not_subscribed,AT,3,what-to-watch,2,1,0.34433333333333332,20.66,62.606060606060609,0,0
20261008,UCSes4X8uDrpc4X46hJKjejg,Ox7Rrh40O2o,on_demand,not_subscribed,AT,24,unknown,1,1,0.34083333333333332,20.45,25.5625,0,0
20261008,UCSes4X8uDrpc4X46hJKjejg,oujDWGTay-Q,on_demand,not_subscribed,MY,5,,2,1,1.6372666666666666,98.236,130.98133333333334,0,0
20261008,UCSes4X8uDrpc4X46hJKjejg,glMYlkjTPJA,on_demand,subscribed,US,3,what-to-watch,2,1,0.8633,51.798,101.56470588235294,0,0
20261008,UCSes4X8uDrpc4X46hJKjejg,ID5K-VWCXew,on_demand,not_subscribed,GH,24,unknown,5,1,2.0896666666666666,125.38,417.93333333333334,0,0
20261008,UCSes4X8uDrpc4X46hJKjejg,2n5LJUyMtAk,on_demand,not_subscribed,US,8,unknown,2,1,0.04555,1.9,0.37623762376237624,1,0.031666666666666669
20261008,UCSes4X8uDrpc4X46hJKjejg,BeZUS-lZ4qs,on_demand,not_subscribed,US,3,watch-later,1,1,6.019,361.14,11.657198192382182,0,0
20261008,UCSes4X8uDrpc4X46hJKjejg,HwWx5nhjCx8,on_demand,not_subscribed,US,7,VVIjOHYWFo8,1,1,0.31485,18.891,1.8146974063400576,0,0
20261008,UCSes4X8uDrpc4X46hJKjejg,zxka0rRvmaU,on_demand,not_subscribed,BF,5,,2,1,0.81175,48.705,103.62765957446808,0,0
20261008,UCSes4X8uDrpc4X46hJKjejg,CHaZ3JGEv28,on_demand,not_subscribed,AU,3,what-to-watch,2,2,0.4029,12.087,31.807894736842105,0,0
20261008,UCSes4X8uDrpc4X46hJKjejg,YHtB62qU1r8,on_demand,not_subscribed,US,7,FgVjSZjQR54,1,1,7.1293333333333333,427.76,91.0127659574468,0,0
20261008,UCSes4X8uDrpc4X46hJKjejg,Mw1jFzscOXE,on_demand,not_subscribed,BW,3,what-to-watch,5,2,0.97933333333333328,26.96,0.53930786157231447,0,0
20261008,UCSes4X8uDrpc4X46hJKjejg,-CjQjOd2JEA,on_demand,not_subscribed,AU,3,what-to-watch,2,0,0.091833333333333336,0,0,0,0
20261008,UCSes4X8uDrpc4X46hJKjejg,CxaOeEyfWXQ,on_demand,not_subscribed,US,24,unknown,2,1,0.78333333333333333,47,120.51282051282051,0,0
20261008,UCSes4X8uDrpc4X46hJKjejg,BeZUS-lZ4qs,on_demand,not_subscribed,US,9,m,1,1,0.19683333333333333,11.81,0.38121368624919305,0,0
20261008,UCSes4X8uDrpc4X46hJKjejg,XCtyiiCSRAk,on_demand,not_subscribed,GB,24,unknown,1,1,0.46995,28.197,58.74375,0,0
20261008,UCSes4X8uDrpc4X46hJKjejg,YHtB62qU1r8,on_demand,not_subscribed,AU,3,what-to-watch,27,9,25.011216666666666,161.65555555555557,34.394799054373522,4,0.23981666666666668
20261008,UCSes4X8uDrpc4X46hJKjejg,gTMjT4y5LHE,on_demand,not_subscribed,DE,5,cam thomas,1,0,0.012733333333333333,0,0,0,0
20261008,UCSes4X8uDrpc4X46hJKjejg,QytSHiiqR3k,on_demand,not_subscribed,FI,5,,1,1,0.24183333333333334,14.51,76.368421052631575,0,0
20261008,UCSes4X8uDrpc4X46hJKjejg,TTR49BKResM,on_demand,not_subscribed,US,5,,3,1,0.87083333333333335,48.2,120.5,0,0
20261008,UCSes4X8uDrpc4X46hJKjejg,gTMjT4y5LHE,on_demand,not_subscribed,PR,3,what-to-watch,3,0,0.22583333333333333,0,0,0,0
20261008,UCSes4X8uDrpc4X46hJKjejg,DbC9gyEcwbQ,on_demand,not_subscribed,US,5,,1,1,9.596,575.76,14.931535269709544,0,0
20261008,UCSes4X8uDrpc4X46hJKjejg,eu62r4NZQ3Q,on_demand,not_subscribed,ES,5,,1,0,0.13666666666666666,0,0,0,0
20261008,UCSes4X8uDrpc4X46hJKjejg,YHtB62qU1r8,on_demand,not_subscribed,US,7,6SIrFfxK-Nc,1,1,4.2133333333333329,252.8,53.787234042553195,0,0
20261008,UCSes4X8uDrpc4X46hJKjejg,BeZUS-lZ4qs,on_demand,not_subscribed,US,7,aeLqUPdqg7Q,1,1,18.645,1118.7,36.110393802453196,0,0
20261008,UCSes4X8uDrpc4X46hJKjejg,pWCQrmx8beo,on_demand,not_subscribed,US,3,watch-later,1,1,50.113833333333332,3006.83,99.96110372340425,0,0
20261008,UCSes4X8uDrpc4X46hJKjejg,bf0XSusrN3g,on_demand,not_subscribed,US,24,unknown,7,3,3.47485,69.497,187.82972972972973,0,0
20261008,UCSes4X8uDrpc4X46hJKjejg,758kz6ojvfE,on_demand,subscribed,US,3,what-to-watch,1,0,0.081233333333333338,0,0,0,0
20261008,UCSes4X8uDrpc4X46hJKjejg,MEHDJ9V-lIk,on_demand,not_subscribed,FR,7,b9mRHZoZNM0,1,1,2.17,130.2,6.3203883495145634,0,0
20261008,UCSes4X8uDrpc4X46hJKjejg,gTMjT4y5LHE,on_demand,not_subscribed,ID,3,what-to-watch,4,0,0.049333333333333333,0,0,0,0
20261008,UCSes4X8uDrpc4X46hJKjejg,0b8eta7f8mY,on_demand,not_subscribed,US,7,Eaf4F8sE4gI,1,1,0.24,14.4,2.7324478178368121,0,0
20261008,UCSes4X8uDrpc4X46hJKjejg,YHtB62qU1r8,on_demand,subscribed,US,7,aQ_oFYahAgU,2,2,9.0335833333333326,271.0075,57.66117021276596,0,0
20261008,UCSes4X8uDrpc4X46hJKjejg,FCAC9ZyPn_4,on_demand,not_subscribed,GB,3,what-to-watch,3,0,0.060916666666666668,0,0,0,0
20261008,UCSes4X8uDrpc4X46hJKjejg,PY_VRF7d7kc,on_demand,not_subscribed,MX,5,,1,1,3.1482,188.892,45.406730769230769,0,0
20261008,UCSes4X8uDrpc4X46hJKjejg,bQEO6DmLkPg,on_demand,not_subscribed,IN,5,,1,1,0.25965,15.579,27.819642857142856,0,0
20261008,UCSes4X8uDrpc4X46hJKjejg,18S1GBfKaIo,on_demand,not_subscribed,NZ,3,what-to-watch,1,0,0.11655,0,0,0,0
20261008,UCSes4X8uDrpc4X46hJKjejg,oujDWGTay-Q,on_demand,subscribed,US,5,tyrese maxey,2,1,1.2470333333333334,74.822,99.762666666666661,2,1.2470333333333334
20261008,UCSes4X8uDrpc4X46hJKjejg,QytSHiiqR3k,on_demand,subscribed,GB,8,unknown,5,1,1.5276666666666667,91.66,482.42105263157896,0,0
20261008,UCSes4X8uDrpc4X46hJKjejg,uzUBO8cpUC0,on_demand,not_subscribed,US,3,what-to-watch,2,0,0.0033333333333333335,0,0,0,0
20261008,UCSes4X8uDrpc4X46hJKjejg,gTMjT4y5LHE,on_demand,not_subscribed,QA,3,what-to-watch,1,1,0.50483333333333336,30.29,6.1315789473684212,0,0
20261008,UCSes4X8uDrpc4X46hJKjejg,MEHDJ9V-lIk,on_demand,not_subscribed,US,0,unknown,6,6,36.64825,366.4825,17.790412621359224,0,0
20261008,UCSes4X8uDrpc4X46hJKjejg,sc2QVbRxxV8,on_demand,not_subscribed,PH,5,,2,1,0.67585,40.551,109.5972972972973,0,0
20261008,UCSes4X8uDrpc4X46hJKjejg,YWmM-Tkjmvo,on_demand,not_subscribed,US,4,UCSes4X8uDrpc4X46hJKjejg,1,1,4.79135,287.481,99.81979166666666,0,0
20261008,UCSes4X8uDrpc4X46hJKjejg,TDGOuH7TdvQ,on_demand,not_subscribed,GE,8,unknown,1,1,0.07355,4.413,4.7451612903225806,0,0
20261008,UCSes4X8uDrpc4X46hJKjejg,BvHw3ddSlms,on_demand,not_subscribed,GB,5,,2,2,31.398166666666668,941.945,19.726596858638743,1,1.7983333333333333
20261008,UCSes4X8uDrpc4X46hJKjejg,a_Q8pF1c6ds,on_demand,not_subscribed,PT,5,,1,0,0.0215,0,0,0,0
20261008,UCSes4X8uDrpc4X46hJKjejg,JZgusHsQ0l4,on_demand,not_subscribed,ZA,24,unknown,1,1,0.011666666666666667,0.7,1.3461538461538463,0,0
20261008,UCSes4X8uDrpc4X46hJKjejg,JZgusHsQ0l4,on_demand,not_subscribed,KG,3,what-to-watch,3,1,1.8338666666666668,110.032,211.6,0,0
20261008,UCSes4X8uDrpc4X46hJKjejg,l5M2ICRhyEA,on_demand,not_subscribed,DE,3,what-to-watch,7,3,1.2598166666666666,25.196333333333332,76.352525252525254,0,0
20261008,UCSes4X8uDrpc4X46hJKjejg,ePdXtNfowRo,on_demand,not_subscribed,GB,3,what-to-watch,1,1,7.2183333333333337,433.1,84.424951267056528,1,7.2183333333333337
20261008,UCSes4X8uDrpc4X46hJKjejg,QytSHiiqR3k,on_demand,subscribed,RS,3,/my_subscriptions,1,1,0.18333333333333332,11,57.89473684210526,1,0.18333333333333332
20261008,UCSes4X8uDrpc4X46hJKjejg,BeZUS-lZ4qs,on_demand,subscribed,AU,3,what-to-watch,1,0,0.0377,0,0,0,0
20261008,UCSes4X8uDrpc4X46hJKjejg,iWguCTdoyMs,on_demand,not_subscribed,US,3,what-to-watch,3,2,1.12995,32.4985,11.129623287671233,0,0
20261008,UCSes4X8uDrpc4X46hJKjejg,XCmyCCnXmbY,on_demand,not_subscribed,US,5,,1,0,0.0066666666666666671,0,0,0,0
20261008,UCSes4X8uDrpc4X46hJKjejg,gTMjT4y5LHE,on_demand,not_subscribed,PH,3,what-to-watch,10,1,1.9452666666666667,107.92,21.846153846153847,0,0
20261008,UCSes4X8uDrpc4X46hJKjejg,F0PO_64UfwU,on_demand,subscribed,UG,5,,3,0,0.094833333333333339,0,0,0,0
20261008,UCSes4X8uDrpc4X46hJKjejg,MEHDJ9V-lIk,on_demand,not_subscribed,US,7,Sn4_BYVj6vY,1,1,0.30478333333333335,18.287,0.88771844660194177,0,0
20261008,UCSes4X8uDrpc4X46hJKjejg,Tr3R77L7FiM,on_demand,not_subscribed,US,5,,1,0,0.01105,0,0,0,0
20261008,UCSes4X8uDrpc4X46hJKjejg,0b8eta7f8mY,on_demand,not_subscribed,US,7,rgjBPwknyzg,1,1,3.1111333333333335,186.668,35.420872865275143,0,0
20261008,UCSes4X8uDrpc4X46hJKjejg,0b8eta7f8mY,on_demand,not_subscribed,MY,3,what-to-watch,1,0,0.040966666666666665,0,0,0,0
20261008,UCSes4X8uDrpc4X46hJKjejg,QytSHiiqR3k,on_demand,not_subscribed,KR,24,unknown,6,1,0.47116666666666668,21.43,112.78947368421052,0,0
20261008,UCSes4X8uDrpc4X46hJKjejg,ID5K-VWCXew,on_demand,subscribed,US,4,UCSes4X8uDrpc4X46hJKjejg,2,1,0.6303333333333333,37.82,126.06666666666666,0,0
20261008,UCSes4X8uDrpc4X46hJKjejg,YHtB62qU1r8,on_demand,not_subscribed,US,7,dKoSQ-63gP4,2,2,6.1215,183.645,39.073404255319147,1,1.945
20261008,UCSes4X8uDrpc4X46hJKjejg,-CjQjOd2JEA,on_demand,not_subscribed,US,3,watch-later,1,1,3.4503833333333334,207.023,73.1530035335689,1,3.4503833333333334
20261008,UCSes4X8uDrpc4X46hJKjejg,8bxXug7LPYM,on_demand,not_subscribed,CA,5,,2,1,1.479,88.74,102,0,0
20261008,UCSes4X8uDrpc4X46hJKjejg,l5M2ICRhyEA,on_demand,not_subscribed,SI,3,what-to-watch,1,0,0.051666666666666666,0,0,0,0
20261008,UCSes4X8uDrpc4X46hJKjejg,YHtB62qU1r8,on_demand,not_subscribed,FR,3,what-to-watch,19,6,10.9062,100.53250000000001,21.389893617021276,0,0
20261008,UCSes4X8uDrpc4X46hJKjejg,QytSHiiqR3k,on_demand,subscribed,IT,24,unknown,2,1,0.10783333333333334,5.01,26.368421052631579,0,0
20261008,UCSes4X8uDrpc4X46hJKjejg,MEHDJ9V-lIk,on_demand,subscribed,SG,7,_zBaPBFjIBg,1,1,3.886,233.16,11.318446601941748,1,3.886
20261008,UCSes4X8uDrpc4X46hJKjejg,CHaZ3JGEv28,on_demand,not_subscribed,JP,5,wizards,4,4,0.105,1.575,4.1447368421052628,0,0
20261008,UCSes4X8uDrpc4X46hJKjejg,glMYlkjTPJA,on_demand,not_subscribed,CA,5,,1,0,0.0033333333333333335,0,0,0,0
20261008,UCSes4X8uDrpc4X46hJKjejg,YHtB62qU1r8,on_demand,not_subscribed,US,3,watch-later,1,1,7.82435,469.461,99.885319148936176,0,0
20261008,UCSes4X8uDrpc4X46hJKjejg,JZgusHsQ0l4,on_demand,not_subscribed,SA,5,,2,1,0.42333333333333334,25.4,48.846153846153847,0,0
20261008,UCSes4X8uDrpc4X46hJKjejg,oujDWGTay-Q,on_demand,not_subscribed,SG,5,,1,0,0.028333333333333332,0,0,0,0
20261008,UCSes4X8uDrpc4X46hJKjejg,l5M2ICRhyEA,on_demand,not_subscribed,LT,3,what-to-watch,2,1,0.021666666666666667,0.8,2.4242424242424243,0,0
20261008,UCSes4X8uDrpc4X46hJKjejg,BeZUS-lZ4qs,on_demand,not_subscribed,AE,3,watch-later,1,1,22.630833333333332,1357.85,43.829890251775339,0,0
20261008,UCSes4X8uDrpc4X46hJKjejg,6wZwOsYD9rQ,on_demand,not_subscribed,US,3,what-to-watch,2,0,0.0455,0,0,0,0
20261008,UCSes4X8uDrpc4X46hJKjejg,YHtB62qU1r8,on_demand,not_subscribed,AU,7,3gSmR80Q8Gk,1,1,2.44025,146.415,31.152127659574468,0,0
20261008,UCSes4X8uDrpc4X46hJKjejg,31omTbqnd5Q,on_demand,not_subscribed,US,9,Google Search,1,1,0.11031666666666666,6.619,0.96346433770014561,0,0
20261008,UCSes4X8uDrpc4X46hJKjejg,HtZ8tDkeGJY,on_demand,subscribed,GH,24,unknown,1,1,0.16666666666666666,10,16.949152542372882,0,0
20261008,UCSes4X8uDrpc4X46hJKjejg,0b8eta7f8mY,on_demand,subscribed,US,7,3MzMDtgSnL0,2,2,6.4615,193.845,36.782732447817835,0,0
20261008,UCSes4X8uDrpc4X46hJKjejg,WATJsSNezuM,on_demand,not_subscribed,US,5,,10,5,4.0817166666666669,47.7626,80.9535593220339,0,0
20261008,UCSes4X8uDrpc4X46hJKjejg,2n5LJUyMtAk,on_demand,subscribed,IN,4,UCSes4X8uDrpc4X46hJKjejg,1,1,8.1033333333333335,486.2,96.277227722772281,1,8.1033333333333335
20261008,UCSes4X8uDrpc4X46hJKjejg,f4MfVVTJ6pY,on_demand,not_subscribed,HK,5,,1,1,0.7019,42.114,2.5616788321167885,0,0
20261008,UCSes4X8uDrpc4X46hJKjejg,gtmhdTHz30k,on_demand,subscribed,US,4,UCSes4X8uDrpc4X46hJKjejg,1,0,0.023333333333333334,0,0,0,0
20261008,UCSes4X8uDrpc4X46hJKjejg,3oF068CdTYo,on_demand,not_subscribed,PH,3,what-to-watch,2,1,0.6939,41.634,122.45294117647059,2,0.6939
20261008,UCSes4X8uDrpc4X46hJKjejg,k4-t8XMp-wg,on_demand,not_subscribed,US,20,YHtB62qU1r8,3,3,5.9305166666666667,118.61033333333334,41.472144522144525,2,5.0478333333333332
20261008,UCSes4X8uDrpc4X46hJKjejg,18S1GBfKaIo,on_demand,not_subscribed,US,7,X0vUKYpF6W8,1,1,54.765,3285.9,102.17350746268657,0,0
20261008,UCSes4X8uDrpc4X46hJKjejg,j1UEQziUeqw,on_demand,not_subscribed,DE,5,,1,0,0.0165,0,0,0,0
20261008,UCSes4X8uDrpc4X46hJKjejg,dKoSQ-63gP4,on_demand,not_subscribed,JP,5,,1,1,10.203333333333333,612.2,100.52545155993433,1,10.203333333333333
20261008,UCSes4X8uDrpc4X46hJKjejg,198kcwoCgIY,on_demand,not_subscribed,US,24,unknown,2,1,0.45276666666666665,27.166,100.61481481481482,0,0
20261008,UCSes4X8uDrpc4X46hJKjejg,2n5LJUyMtAk,on_demand,not_subscribed,JP,3,what-to-watch,1,0,0,0,0,0,0
20261008,UCSes4X8uDrpc4X46hJKjejg,CHaZ3JGEv28,on_demand,not_subscribed,GB,24,unknown,20,9,7.5018333333333329,50.001111111111108,131.58187134502924,4,2.0526666666666666
20261008,UCSes4X8uDrpc4X46hJKjejg,CHaZ3JGEv28,on_demand,subscribed,PE,24,unknown,2,1,0.19333333333333333,11.6,30.526315789473685,0,0
20261008,UCSes4X8uDrpc4X46hJKjejg,QytSHiiqR3k,on_demand,subscribed,GR,24,unknown,6,2,1.602,48.06,252.94736842105263,0,0
20261008,UCSes4X8uDrpc4X46hJKjejg,IkDS7ZhVkA4,on_demand,not_subscribed,US,7,7IIGTAZIJMo,1,1,0.22833333333333333,13.7,0.59358752166377815,1,0.22833333333333333
20261008,UCSes4X8uDrpc4X46hJKjejg,zS69CFjoay8,on_demand,not_subscribed,PH,5,jalen brunson king of new york,1,1,0.20371666666666666,12.223,23.062264150943395,0,0
20261008,UCSes4X8uDrpc4X46hJKjejg,LRn1yY1ZB7k,on_demand,not_subscribed,US,5,,1,0,0.041166666666666664,0,0,0,0
20261008,UCSes4X8uDrpc4X46hJKjejg,HtZ8tDkeGJY,on_demand,not_subscribed,US,7,kKlAEOr4z6w,2,1,1.0583333333333333,63.5,107.62711864406779,0,0
20261008,UCSes4X8uDrpc4X46hJKjejg,WAYYE5BMG6c,on_demand,not_subscribed,NO,5,,1,1,4.33635,260.181,13.708166491043203,0,0
20261008,UCSes4X8uDrpc4X46hJKjejg,HtZ8tDkeGJY,on_demand,not_subscribed,KE,24,unknown,1,1,0.98,58.8,99.66101694915254,1,0.98
20261008,UCSes4X8uDrpc4X46hJKjejg,f4MfVVTJ6pY,on_demand,not_subscribed,CA,3,what-to-watch,2,0,0.019816666666666666,0,0,0,0
20261008,UCSes4X8uDrpc4X46hJKjejg,QytSHiiqR3k,on_demand,not_subscribed,GR,5,,2,1,0.31766666666666665,19.06,100.31578947368421,0,0
20261008,UCSes4X8uDrpc4X46hJKjejg,M-M22Ac4CRE,on_demand,not_subscribed,NZ,3,what-to-watch,1,1,0.52366666666666661,31.42,95.212121212121218,0,0
20261008,UCSes4X8uDrpc4X46hJKjejg,BeZUS-lZ4qs,on_demand,not_subscribed,US,7,7MNp4A9auB8,1,1,0.102,6.12,0.197546804389929,1,0.102
20261008,UCSes4X8uDrpc4X46hJKjejg,MEHDJ9V-lIk,on_demand,not_subscribed,US,7,6d7nip_50ns,1,1,7.719,463.14,22.48252427184466,1,7.719
20261008,UCSes4X8uDrpc4X46hJKjejg,BeZUS-lZ4qs,on_demand,subscribed,US,7,pXaJwW1XFQs,1,1,51.62768333333333,3097.661,99.9890574564235,1,51.62768333333333
20261008,UCSes4X8uDrpc4X46hJKjejg,ngiIU2PriJE,on_demand,subscribed,US,4,UCSes4X8uDrpc4X46hJKjejg,1,1,0.127,7.62,17.318181818181817,0,0
20261008,UCSes4X8uDrpc4X46hJKjejg,R09S9nSIyEk,on_demand,not_subscribed,US,4,UCSes4X8uDrpc4X46hJKjejg,1,1,0.61755,37.053,0.94330448065173111,0,0
20261008,UCSes4X8uDrpc4X46hJKjejg,YHtB62qU1r8,on_demand,not_subscribed,BW,3,what-to-watch,1,0,0.0105,0,0,0,0
20261008,UCSes4X8uDrpc4X46hJKjejg,nr2XQrdnjdQ,on_demand,not_subscribed,US,14,PLX3ZLYz4-6vFapW85GvTgNr-4rJjgkzqi,1,1,0.11588333333333334,6.953,0.59427350427350423,0,0
20261008,UCSes4X8uDrpc4X46hJKjejg,gTMjT4y5LHE,on_demand,not_subscribed,AU,3,what-to-watch,106,35,103.68333333333334,173.41848571428571,35.104956622325041,10,32.5969
20261008,UCSes4X8uDrpc4X46hJKjejg,cgwKmhg8f_A,on_demand,not_subscribed,IN,5,,1,1,0.091,5.46,6.5,0,0
20261008,UCSes4X8uDrpc4X46hJKjejg,YHtB62qU1r8,on_demand,subscribed,AU,3,what-to-watch,2,1,0.20166666666666666,12.1,2.5744680851063828,0,0
20261008,UCSes4X8uDrpc4X46hJKjejg,CxaOeEyfWXQ,on_demand,not_subscribed,US,5,,15,7,3.7691833333333333,31.928714285714285,81.868498168498164,1,0.28733333333333333
20261008,UCSes4X8uDrpc4X46hJKjejg,BeZUS-lZ4qs,on_demand,not_subscribed,US,7,cM5z03cCGvQ,1,1,8.7806666666666668,526.84,17.005810200129115,0,0
20261008,UCSes4X8uDrpc4X46hJKjejg,DbC9gyEcwbQ,on_demand,subscribed,US,5,,1,0,0.019633333333333332,0,0,0,0
20261008,UCSes4X8uDrpc4X46hJKjejg,rq61MdGS0U4,on_demand,not_subscribed,US,0,unknown,1,0,0.029383333333333334,0,0,0,0
20261008,UCSes4X8uDrpc4X46hJKjejg,XCtyiiCSRAk,on_demand,not_subscribed,GB,5,,1,1,0.6343833333333333,38.063,79.297916666666666,0,0
20261008,UCSes4X8uDrpc4X46hJKjejg,YHtB62qU1r8,on_demand,not_subscribed,PT,7,J7ZDHyF0qEc,1,1,7.6818333333333335,460.91,98.065957446808511,1,7.6818333333333335
20261008,UCSes4X8uDrpc4X46hJKjejg,Ox7Rrh40O2o,on_demand,not_subscribed,TH,9,Google Search,1,1,1.2057833333333334,72.347,90.43375,1,1.2057833333333334
20261008,UCSes4X8uDrpc4X46hJKjejg,QxkwRERjZgA,on_demand,not_subscribed,ID,24,unknown,2,1,1.2816666666666667,76.9,132.58620689655172,0,0
20261008,UCSes4X8uDrpc4X46hJKjejg,YHtB62qU1r8,on_demand,not_subscribed,MA,3,what-to-watch,1,0,0.067716666666666661,0,0,0,0
20261008,UCSes4X8uDrpc4X46hJKjejg,tVeFZEpG488,on_demand,not_subscribed,US,3,what-to-watch,5,1,3.4235,205.41,410.82,0,0
20261008,UCSes4X8uDrpc4X46hJKjejg,MEHDJ9V-lIk,on_demand,not_subscribed,PH,7,s8ZjqHwSrUM,1,1,5.8208666666666664,349.252,16.95398058252427,1,5.8208666666666664
20261008,UCSes4X8uDrpc4X46hJKjejg,sRIO-T5dRjA,on_demand,not_subscribed,CA,3,what-to-watch,2,1,0.85716666666666663,51.43,183.67857142857142,2,0.85716666666666663
20261008,UCSes4X8uDrpc4X46hJKjejg,oujDWGTay-Q,on_demand,not_subscribed,TW,5,,2,1,2.5157333333333334,150.944,201.25866666666667,2,2.5157333333333334
20261008,UCSes4X8uDrpc4X46hJKjejg,bf0XSusrN3g,on_demand,not_subscribed,US,5,,2,1,0.61983333333333335,37.19,100.51351351351352,0,0
20261008,UCSes4X8uDrpc4X46hJKjejg,QytSHiiqR3k,on_demand,subscribed,MZ,24,unknown,1,1,0.1315,7.89,41.526315789473685,0,0
20261008,UCSes4X8uDrpc4X46hJKjejg,HwWx5nhjCx8,on_demand,not_subscribed,ZA,3,what-to-watch,1,0,0.031666666666666669,0,0,0,0
20261008,UCSes4X8uDrpc4X46hJKjejg,YHtB62qU1r8,on_demand,not_subscribed,US,8,ytremote,1,1,4.006,240.36,51.140425531914893,0,0
20261008,UCSes4X8uDrpc4X46hJKjejg,HtZ8tDkeGJY,on_demand,not_subscribed,SE,3,what-to-watch,1,1,0.10216666666666667,6.13,10.389830508474576,0,0
20261008,UCSes4X8uDrpc4X46hJKjejg,po8YrSQivoM,on_demand,not_subscribed,AU,5,,1,0,0.010783333333333334,0,0,0,0
20261008,UCSes4X8uDrpc4X46hJKjejg,2dTehcFnpis,on_demand,not_subscribed,FR,5,,1,0,0.034,0,0,0,0
20261008,UCSes4X8uDrpc4X46hJKjejg,CHaZ3JGEv28,on_demand,subscribed,SR,5,,3,1,0.68613333333333337,37.714,99.247368421052627,0,0
20261008,UCSes4X8uDrpc4X46hJKjejg,BeZUS-lZ4qs,on_demand,not_subscribed,GB,5,,3,1,0.43085,24.385,0.78712072304712721,0,0
20261008,UCSes4X8uDrpc4X46hJKjejg,3oF068CdTYo,on_demand,not_subscribed,AU,3,what-to-watch,1,1,0.031816666666666667,1.909,5.6147058823529408,0,0
20261008,UCSes4X8uDrpc4X46hJKjejg,YHtB62qU1r8,on_demand,not_subscribed,US,7,SoiI_gv8CRY,5,5,10.094616666666667,121.1354,25.773489361702129,1,0.35166666666666668
20261008,UCSes4X8uDrpc4X46hJKjejg,Y-cACTFUlfo,on_demand,not_subscribed,US,3,what-to-watch,1,0,0.0083333333333333332,0,0,0,0
20261008,UCSes4X8uDrpc4X46hJKjejg,JZgusHsQ0l4,on_demand,not_subscribed,ZA,5,,2,0,0.043333333333333335,0,0,0,0
20261008,UCSes4X8uDrpc4X46hJKjejg,BeZUS-lZ4qs,on_demand,subscribed,AU,7,bV7tuPbWHjU,1,1,11.698,701.88,22.655907036797934,0,0
20261008,UCSes4X8uDrpc4X46hJKjejg,kzzARP3sGzw,on_demand,not_subscribed,GB,5,,1,0,0.003,0,0,0,0
20261008,UCSes4X8uDrpc4X46hJKjejg,CHaZ3JGEv28,on_demand,subscribed,IS,24,unknown,1,1,0.61115,36.669,96.497368421052627,1,0.61115
20261008,UCSes4X8uDrpc4X46hJKjejg,pWCQrmx8beo,on_demand,not_subscribed,GB,5,,1,1,0.20833333333333334,12.5,0.41555851063829785,0,0
20261008,UCSes4X8uDrpc4X46hJKjejg,QytSHiiqR3k,on_demand,subscribed,KR,24,unknown,3,1,0.33,18.8,98.94736842105263,3,0.33
20261008,UCSes4X8uDrpc4X46hJKjejg,HzmMTvN__ec,on_demand,not_subscribed,CA,5,,5,1,0.90301666666666669,48.781,10.099585921325051,0,0
20261008,UCSes4X8uDrpc4X46hJKjejg,JCJN0n3wG88,on_demand,not_subscribed,IN,3,what-to-watch,2,0,0.0083333333333333332,0,0,0,0
20261008,UCSes4X8uDrpc4X46hJKjejg,8utXvbmZfqk,on_demand,not_subscribed,VN,5,,1,0,0,0,0,0,0
20261008,UCSes4X8uDrpc4X46hJKjejg,JZgusHsQ0l4,on_demand,not_subscribed,KE,24,unknown,1,0,0.027833333333333335,0,0,0,0
20261008,UCSes4X8uDrpc4X46hJKjejg,SzAT_OV8iGk,on_demand,not_subscribed,US,5,,2,2,0.7708666666666667,23.126,57.815,0,0
20261008,UCSes4X8uDrpc4X46hJKjejg,gTMjT4y5LHE,on_demand,not_subscribed,FR,3,what-to-watch,8,1,6.1009333333333338,355.241,71.911133603238866,0,0
20261008,UCSes4X8uDrpc4X46hJKjejg,4paPqTeriso,on_demand,not_subscribed,US,9,Google Search,1,1,0.011316666666666666,0.679,0.24601449275362319,0,0
20261008,UCSes4X8uDrpc4X46hJKjejg,5xA-FaYOc_0,on_demand,subscribed,US,3,watch-later,1,1,0.725,43.5,98.86363636363636,0,0
20261008,UCSes4X8uDrpc4X46hJKjejg,gTMjT4y5LHE,on_demand,not_subscribed,US,3,watch-later,1,1,7.4695166666666664,448.171,90.722874493927122,0,0
20261008,UCSes4X8uDrpc4X46hJKjejg,YHtB62qU1r8,on_demand,subscribed,US,3,watch-later,1,1,7.689,461.34,98.157446808510642,0,0
20261008,UCSes4X8uDrpc4X46hJKjejg,QytSHiiqR3k,on_demand,not_subscribed,GE,8,unknown,1,1,0.084983333333333327,5.099,26.836842105263159,0,0
20261008,UCSes4X8uDrpc4X46hJKjejg,CHaZ3JGEv28,on_demand,not_subscribed,US,5,wizards,73,42,22.190183333333334,31.522928571428572,82.955075187969925,7,1.9217166666666665
20261008,UCSes4X8uDrpc4X46hJKjejg,9zaom3QbjYs,on_demand,not_subscribed,CH,3,what-to-watch,1,0,0.0105,0,0,0,0
