date,channel_id,video_id,device_type,operating_system,traffic_source_type,traffic_source_detail,video_thumbnail_impressions,video_thumbnail_impressions_ctr
20261008,UCSes4X8uDrpc4X46hJKjejg,-4YEzVnpr50,101,2,3,what-to-watch,1,0
20261008,UCSes4X8uDrpc4X46hJKjejg,-4YEzVnpr50,101,2,5,unknown,3,0
20261008,UCSes4X8uDrpc4X46hJKjejg,-4YEzVnpr50,104,4,5,unknown,1,0
20261008,UCSes4X8uDrpc4X46hJKjejg,-4YEzVnpr50,104,5,5,unknown,2,0
20261008,UCSes4X8uDrpc4X46hJKjejg,-4yxSDbT62Q,101,2,4,UCSes4X8uDrpc4X46hJKjejg,1,0
20261008,UCSes4X8uDrpc4X46hJKjejg,-5W-IHpVhiI,101,2,3,what-to-watch,1,0
20261008,UCSes4X8uDrpc4X46hJKjejg,-5W-IHpVhiI,104,4,3,what-to-watch,7,0
20261008,UCSes4X8uDrpc4X46hJKjejg,-5W-IHpVhiI,104,5,3,what-to-watch,3,0
20261008,UCSes4X8uDrpc4X46hJKjejg,-5W-IHpVhiI,105,5,3,what-to-watch,2,0
20261008,UCSes4X8uDrpc4X46hJKjejg,-5W-IHpVhiI,101,2,5,unknown,2,0
20261008,UCSes4X8uDrpc4X46hJKjejg,-5W-IHpVhiI,102,12,5,unknown,1,0
20261008,UCSes4X8uDrpc4X46hJKjejg,-5W-IHpVhiI,104,4,5,unknown,5,0
20261008,UCSes4X8uDrpc4X46hJKjejg,-5W-IHpVhiI,104,5,5,unknown,3,0
20261008,UCSes4X8uDrpc4X46hJKjejg,-5W-IHpVhiI,104,5,18,unknown,1,0
20261008,UCSes4X8uDrpc4X46hJKjejg,-5wpJa5qAg8,101,9,5,unknown,1,0
20261008,UCSes4X8uDrpc4X46hJKjejg,-5wpJa5qAg8,101,9,14,PLX3ZLYz4-6vE2_ZNLW5AfzbHTd1jTskDl,1,0
20261008,UCSes4X8uDrpc4X46hJKjejg,-8W7PIiwRYo,101,2,3,what-to-watch,2,0
20261008,UCSes4X8uDrpc4X46hJKjejg,-8W7PIiwRYo,101,2,5,unknown,2,0
20261008,UCSes4X8uDrpc4X46hJKjejg,-8W7PIiwRYo,101,9,5,unknown,1,0
20261008,UCSes4X8uDrpc4X46hJKjejg,-8W7PIiwRYo,102,28,5,unknown,2,0
20261008,UCSes4X8uDrpc4X46hJKjejg,-8W7PIiwRYo,102,29,5,unknown,1,0
20261008,UCSes4X8uDrpc4X46hJKjejg,-8W7PIiwRYo,104,4,5,unknown,4,0.25
20261008,UCSes4X8uDrpc4X46hJKjejg,-8W7PIiwRYo,104,5,5,unknown,6,0.33333333333333331
20261008,UCSes4X8uDrpc4X46hJKjejg,-8W7PIiwRYo,105,5,5,unknown,3,0
20261008,UCSes4X8uDrpc4X46hJKjejg,-9jvIbYHhag,101,2,5,unknown,1,0
20261008,UCSes4X8uDrpc4X46hJKjejg,-9jvIbYHhag,102,19,5,unknown,1,0
20261008,UCSes4X8uDrpc4X46hJKjejg,-9jvIbYHhag,104,4,5,unknown,2,0.5
20261008,UCSes4X8uDrpc4X46hJKjejg,-9jvIbYHhag,104,5,5,unknown,6,0
20261008,UCSes4X8uDrpc4X46hJKjejg,-CjQjOd2JEA,102,4,3,/my_subscriptions,1,0
20261008,UCSes4X8uDrpc4X46hJKjejg,-CjQjOd2JEA,101,1,3,what-to-watch,3,0
20261008,UCSes4X8uDrpc4X46hJKjejg,-CjQjOd2JEA,101,2,3,what-to-watch,51,0.0196078431372549
20261008,UCSes4X8uDrpc4X46hJKjejg,-CjQjOd2JEA,101,9,3,what-to-watch,18,0
20261008,UCSes4X8uDrpc4X46hJKjejg,-CjQjOd2JEA,101,30,3,what-to-watch,2,0
20261008,UCSes4X8uDrpc4X46hJKjejg,-CjQjOd2JEA,102,1,3,what-to-watch,6,0
20261008,UCSes4X8uDrpc4X46hJKjejg,-CjQjOd2JEA,102,4,3,what-to-watch,21,0.047619047619047616
20261008,UCSes4X8uDrpc4X46hJKjejg,-CjQjOd2JEA,102,12,3,what-to-watch,9,0
20261008,UCSes4X8uDrpc4X46hJKjejg,-CjQjOd2JEA,102,19,3,what-to-watch,15,0.066666666666666666
20261008,UCSes4X8uDrpc4X46hJKjejg,-CjQjOd2JEA,102,26,3,what-to-watch,16,0
20261008,UCSes4X8uDrpc4X46hJKjejg,-CjQjOd2JEA,102,28,3,what-to-watch,6,0
20261008,UCSes4X8uDrpc4X46hJKjejg,-CjQjOd2JEA,102,29,3,what-to-watch,26,0.038461538461538464
20261008,UCSes4X8uDrpc4X46hJKjejg,-CjQjOd2JEA,103,10,3,what-to-watch,13,0
20261008,UCSes4X8uDrpc4X46hJKjejg,-CjQjOd2JEA,103,17,3,what-to-watch,7,0
20261008,UCSes4X8uDrpc4X46hJKjejg,-CjQjOd2JEA,104,4,3,what-to-watch,50,0.14
20261008,UCSes4X8uDrpc4X46hJKjejg,-CjQjOd2JEA,104,5,3,what-to-watch,148,0.027027027027027029
20261008,UCSes4X8uDrpc4X46hJKjejg,-CjQjOd2JEA,105,5,3,what-to-watch,32,0.0625
20261008,UCSes4X8uDrpc4X46hJKjejg,-CjQjOd2JEA,101,2,4,UCSes4X8uDrpc4X46hJKjejg,10,0
20261008,UCSes4X8uDrpc4X46hJKjejg,-CjQjOd2JEA,101,9,4,UCSes4X8uDrpc4X46hJKjejg,22,0
20261008,UCSes4X8uDrpc4X46hJKjejg,-CjQjOd2JEA,101,30,4,UCSes4X8uDrpc4X46hJKjejg,1,0
20261008,UCSes4X8uDrpc4X46hJKjejg,-CjQjOd2JEA,104,4,4,UCSes4X8uDrpc4X46hJKjejg,17,0.058823529411764705
20261008,UCSes4X8uDrpc4X46hJKjejg,-CjQjOd2JEA,104,5,4,UCSes4X8uDrpc4X46hJKjejg,22,0
20261008,UCSes4X8uDrpc4X46hJKjejg,-CjQjOd2JEA,101,2,5,unknown,3,0.33333333333333331
20261008,UCSes4X8uDrpc4X46hJKjejg,-CjQjOd2JEA,101,9,5,unknown,1,0
20261008,UCSes4X8uDrpc4X46hJKjejg,-CjQjOd2JEA,101,30,5,unknown,1,0
20261008,UCSes4X8uDrpc4X46hJKjejg,-CjQjOd2JEA,102,4,5,unknown,4,0
20261008,UCSes4X8uDrpc4X46hJKjejg,-CjQjOd2JEA,102,26,5,unknown,4,0
20261008,UCSes4X8uDrpc4X46hJKjejg,-CjQjOd2JEA,102,29,5,unknown,3,0
20261008,UCSes4X8uDrpc4X46hJKjejg,-CjQjOd2JEA,103,10,5,unknown,1,0
20261008,UCSes4X8uDrpc4X46hJKjejg,-CjQjOd2JEA,104,4,5,unknown,2,0
20261008,UCSes4X8uDrpc4X46hJKjejg,-CjQjOd2JEA,104,5,5,unknown,13,0.23076923076923078
20261008,UCSes4X8uDrpc4X46hJKjejg,-CjQjOd2JEA,105,5,5,unknown,2,0
20261008,UCSes4X8uDrpc4X46hJKjejg,-CjQjOd2JEA,104,5,7,0CppxaNUHXA,2,0
20261008,UCSes4X8uDrpc4X46hJKjejg,-CjQjOd2JEA,101,9,7,1fHrQC7xW_Q,1,0
20261008,UCSes4X8uDrpc4X46hJKjejg,-CjQjOd2JEA,101,2,7,2n5LJUyMtAk,1,0
20261008,UCSes4X8uDrpc4X46hJKjejg,-CjQjOd2JEA,101,9,7,2n5LJUyMtAk,2,0.5
20261008,UCSes4X8uDrpc4X46hJKjejg,-CjQjOd2JEA,104,5,7,5GYyKcjXNN0,2,0
20261008,UCSes4X8uDrpc4X46hJKjejg,-CjQjOd2JEA,101,9,7,64ZE7Jz_Sug,1,0
20261008,UCSes4X8uDrpc4X46hJKjejg,-CjQjOd2JEA,101,9,7,6ljakZEWb0o,2,0
20261008,UCSes4X8uDrpc4X46hJKjejg,-CjQjOd2JEA,104,4,7,6ljakZEWb0o,1,0
20261008,UCSes4X8uDrpc4X46hJKjejg,-CjQjOd2JEA,101,9,7,I3M1HjtVuvU,1,0
20261008,UCSes4X8uDrpc4X46hJKjejg,-CjQjOd2JEA,101,9,7,IIRl-bs9MRI,1,0
20261008,UCSes4X8uDrpc4X46hJKjejg,-CjQjOd2JEA,101,2,7,KHuRqtXJTRQ,1,0
20261008,UCSes4X8uDrpc4X46hJKjejg,-CjQjOd2JEA,101,2,7,NaKcUIJYZdw,1,0
20261008,UCSes4X8uDrpc4X46hJKjejg,-CjQjOd2JEA,101,2,7,PoyUkRaWZiM,2,0
20261008,UCSes4X8uDrpc4X46hJKjejg,-CjQjOd2JEA,105,5,7,XgnMSpEX4Qw,1,0
20261008,UCSes4X8uDrpc4X46hJKjejg,-CjQjOd2JEA,101,2,7,gTMjT4y5LHE,4,0
20261008,UCSes4X8uDrpc4X46hJKjejg,-CjQjOd2JEA,102,4,7,gTMjT4y5LHE,1,0
20261008,UCSes4X8uDrpc4X46hJKjejg,-CjQjOd2JEA,103,10,7,gTMjT4y5LHE,2,0
20261008,UCSes4X8uDrpc4X46hJKjejg,-CjQjOd2JEA,104,5,7,gTMjT4y5LHE,1,0
20261008,UCSes4X8uDrpc4X46hJKjejg,-CjQjOd2JEA,104,5,7,hHD10DjxM1g,1,0
20261008,UCSes4X8uDrpc4X46hJKjejg,-CjQjOd2JEA,101,9,7,hPH2fnIs2sc,1,0
20261008,UCSes4X8uDrpc4X46hJKjejg,-CjQjOd2JEA,101,9,7,k4-t8XMp-wg,2,0
20261008,UCSes4X8uDrpc4X46hJKjejg,-CjQjOd2JEA,101,2,7,kHqq0RR6dHE,1,0
20261008,UCSes4X8uDrpc4X46hJKjejg,-CjQjOd2JEA,104,4,7,qZls0wqmDVM,1,0
20261008,UCSes4X8uDrpc4X46hJKjejg,-CjQjOd2JEA,104,5,7,qgqFOPa_wNQ,1,0
20261008,UCSes4X8uDrpc4X46hJKjejg,-CjQjOd2JEA,104,5,7,ruLu-X_pmD8,1,0
20261008,UCSes4X8uDrpc4X46hJKjejg,-CjQjOd2JEA,104,4,14,PL3rZUSM8phPotjJ69Zxu_r_4Elpt_LtId,5,0
20261008,UCSes4X8uDrpc4X46hJKjejg,-CjQjOd2JEA,101,2,14,PLX3ZLYz4-6vF1bjHk5zROfglVneetkfmx,1,0
20261008,UCSes4X8uDrpc4X46hJKjejg,-CjQjOd2JEA,104,5,14,PLX3ZLYz4-6vF1bjHk5zROfglVneetkfmx,2,0
20261008,UCSes4X8uDrpc4X46hJKjejg,-CjQjOd2JEA,104,5,14,PLnYQU37U33LNQnHOvyVYXlNU10cDl4Ylg,1,0
20261008,UCSes4X8uDrpc4X46hJKjejg,-CjQjOd2JEA,104,4,14,favorites,12,0
20261008,UCSes4X8uDrpc4X46hJKjejg,-CjQjOd2JEA,101,9,18,unknown,1,0
20261008,UCSes4X8uDrpc4X46hJKjejg,-CjQjOd2JEA,104,4,18,unknown,9,0
20261008,UCSes4X8uDrpc4X46hJKjejg,-CjQjOd2JEA,104,5,18,unknown,5,0.2
20261008,UCSes4X8uDrpc4X46hJKjejg,-LlgyQga0GE,101,2,4,UCSes4X8uDrpc4X46hJKjejg,1,0
20261008,UCSes4X8uDrpc4X46hJKjejg,-LlgyQga0GE,104,4,5,unknown,1,0
20261008,UCSes4X8uDrpc4X46hJKjejg,-TauZcQxKUU,101,9,3,what-to-watch,2,0
20261008,UCSes4X8uDrpc4X46hJKjejg,-TauZcQxKUU,101,2,4,UCSes4X8uDrpc4X46hJKjejg,5,0.2
20261008,UCSes4X8uDrpc4X46hJKjejg,-TauZcQxKUU,101,9,4,UCSes4X8uDrpc4X46hJKjejg,10,0.1
20261008,UCSes4X8uDrpc4X46hJKjejg,-TauZcQxKUU,101,30,4,UCSes4X8uDrpc4X46hJKjejg,1,0
20261008,UCSes4X8uDrpc4X46hJKjejg,-TauZcQxKUU,102,4,4,UCSes4X8uDrpc4X46hJKjejg,2,0
20261008,UCSes4X8uDrpc4X46hJKjejg,-TauZcQxKUU,102,12,4,UCSes4X8uDrpc4X46hJKjejg,2,0
20261008,UCSes4X8uDrpc4X46hJKjejg,-TauZcQxKUU,102,19,4,UCSes4X8uDrpc4X46hJKjejg,1,0
20261008,UCSes4X8uDrpc4X46hJKjejg,-TauZcQxKUU,102,26,4,UCSes4X8uDrpc4X46hJKjejg,4,0
20261008,UCSes4X8uDrpc4X46hJKjejg,-TauZcQxKUU,104,4,4,UCSes4X8uDrpc4X46hJKjejg,15,0.066666666666666666
20261008,UCSes4X8uDrpc4X46hJKjejg,-TauZcQxKUU,104,5,4,UCSes4X8uDrpc4X46hJKjejg,15,0
20261008,UCSes4X8uDrpc4X46hJKjejg,-TauZcQxKUU,104,4,5,unknown,1,0
20261008,UCSes4X8uDrpc4X46hJKjejg,-TauZcQxKUU,104,5,5,unknown,2,0
20261008,UCSes4X8uDrpc4X46hJKjejg,-TauZcQxKUU,105,5,5,unknown,1,0
20261008,UCSes4X8uDrpc4X46hJKjejg,-TauZcQxKUU,101,2,14,PLX3ZLYz4-6vFapW85GvTgNr-4rJjgkzqi,7,0
20261008,UCSes4X8uDrpc4X46hJKjejg,-VUYU0-Lsqg,101,9,5,unknown,2,0
20261008,UCSes4X8uDrpc4X46hJKjejg,-_-9eKiFCtM,101,2,5,unknown,2,0
20261008,UCSes4X8uDrpc4X46hJKjejg,-_-9eKiFCtM,101,9,5,unknown,1,0
20261008,UCSes4X8uDrpc4X46hJKjejg,-_-9eKiFCtM,104,5,5,unknown,4,0.25
20261008,UCSes4X8uDrpc4X46hJKjejg,-d30fi6DFM0,101,9,5,unknown,2,0
20261008,UCSes4X8uDrpc4X46hJKjejg,-d30fi6DFM0,101,9,14,PLX3ZLYz4-6vE2_ZNLW5AfzbHTd1jTskDl,1,0
20261008,UCSes4X8uDrpc4X46hJKjejg,-fFhtxtY2ic,101,2,3,what-to-watch,1,0
20261008,UCSes4X8uDrpc4X46hJKjejg,-fFhtxtY2ic,104,4,3,what-to-watch,3,0
20261008,UCSes4X8uDrpc4X46hJKjejg,-fFhtxtY2ic,102,12,5,unknown,2,0
20261008,UCSes4X8uDrpc4X46hJKjejg,-fFhtxtY2ic,104,4,7,2nljN5dlCgI,1,1
20261008,UCSes4X8uDrpc4X46hJKjejg,-gHT2VJ6fv4,101,2,5,unknown,2,0
20261008,UCSes4X8uDrpc4X46hJKjejg,-gHT2VJ6fv4,104,4,5,unknown,1,0
20261008,UCSes4X8uDrpc4X46hJKjejg,-gHT2VJ6fv4,104,5,5,unknown,1,0
20261008,UCSes4X8uDrpc4X46hJKjejg,-ikHvyGYwdo,104,4,5,unknown,2,0
20261008,UCSes4X8uDrpc4X46hJKjejg,-k1Ng7TE63Q,101,9,3,what-to-watch,1,0
20261008,UCSes4X8uDrpc4X46hJKjejg,-k1Ng7TE63Q,104,4,4,UCSes4X8uDrpc4X46hJKjejg,2,0
20261008,UCSes4X8uDrpc4X46hJKjejg,-k1Ng7TE63Q,101,2,5,unknown,13,0.076923076923076927
20261008,UCSes4X8uDrpc4X46hJKjejg,-k1Ng7TE63Q,101,9,5,unknown,6,0
20261008,UCSes4X8uDrpc4X46hJKjejg,-k1Ng7TE63Q,101,30,5,unknown,1,0
20261008,UCSes4X8uDrpc4X46hJKjejg,-k1Ng7TE63Q,102,29,5,unknown,1,0
20261008,UCSes4X8uDrpc4X46hJKjejg,-k1Ng7TE63Q,104,4,5,unknown,19,0
20261008,UCSes4X8uDrpc4X46hJKjejg,-k1Ng7TE63Q,104,5,5,unknown,15,0.066666666666666666
20261008,UCSes4X8uDrpc4X46hJKjejg,-k1Ng7TE63Q,104,5,14,my-likes,7,0
20261008,UCSes4X8uDrpc4X46hJKjejg,-k1Ng7TE63Q,105,5,14,my-likes,2,0
20261008,UCSes4X8uDrpc4X46hJKjejg,-k1Ng7TE63Q,101,2,18,unknown,1,0
20261008,UCSes4X8uDrpc4X46hJKjejg,-k1Ng7TE63Q,102,19,18,unknown,1,0
20261008,UCSes4X8uDrpc4X46hJKjejg,-k1Ng7TE63Q,104,5,18,unknown,2,0
20261008,UCSes4X8uDrpc4X46hJKjejg,-oSurRGS2pg,104,5,5,unknown,1,0
20261008,UCSes4X8uDrpc4X46hJKjejg,-pLw9eac_OY,104,4,5,unknown,2,0
20261008,UCSes4X8uDrpc4X46hJKjejg,-pLw9eac_OY,104,5,5,unknown,2,0
20261008,UCSes4X8uDrpc4X46hJKjejg,-pt53gl0zwY,104,5,4,UCSes4X8uDrpc4X46hJKjejg,2,0
20261008,UCSes4X8uDrpc4X46hJKjejg,-pt53gl0zwY,104,5,5,unknown,1,0
20261008,UCSes4X8uDrpc4X46hJKjejg,-uAI3szehko,101,9,14,PLX3ZLYz4-6vE2_ZNLW5AfzbHTd1jTskDl,1,0
20261008,UCSes4X8uDrpc4X46hJKjejg,-uAI3szehko,104,4,14,PLX3ZLYz4-6vE2_ZNLW5AfzbHTd1jTskDl,3,0
20261008,UCSes4X8uDrpc4X46hJKjejg,-uAI3szehko,101,9,18,unknown,1,0
20261008,UCSes4X8uDrpc4X46hJKjejg,-uAI3szehko,104,4,18,unknown,2,0
20261008,UCSes4X8uDrpc4X46hJKjejg,-y4aMDJIXKA,101,9,5,unknown,1,0
20261008,UCSes4X8uDrpc4X46hJKjejg,-zgjHLP9At8,102,26,5,unknown,2,0
20261008,UCSes4X8uDrpc4X46hJKjejg,-zgjHLP9At8,104,5,5,unknown,1,0
20261008,UCSes4X8uDrpc4X46hJKjejg,-zgjHLP9At8,105,5,5,unknown,2,0
20261008,UCSes4X8uDrpc4X46hJKjejg,06C_0JA4N50,101,2,5,unknown,1,0
20261008,UCSes4X8uDrpc4X46hJKjejg,0D9cQJPcrhU,104,5,3,what-to-watch,2,0.5
20261008,UCSes4X8uDrpc4X46hJKjejg,0D9cQJPcrhU,101,2,4,UCSes4X8uDrpc4X46hJKjejg,1,0
20261008,UCSes4X8uDrpc4X46hJKjejg,0D9cQJPcrhU,104,4,4,UCSes4X8uDrpc4X46hJKjejg,1,1
20261008,UCSes4X8uDrpc4X46hJKjejg,0D9cQJPcrhU,101,30,5,unknown,1,0
20261008,UCSes4X8uDrpc4X46hJKjejg,0D9cQJPcrhU,103,10,5,unknown,3,0
20261008,UCSes4X8uDrpc4X46hJKjejg,0GBZDGEVs-s,104,5,3,what-to-watch,1,1
20261008,UCSes4X8uDrpc4X46hJKjejg,0GBZDGEVs-s,101,2,4,UCSes4X8uDrpc4X46hJKjejg,1,0
20261008,UCSes4X8uDrpc4X46hJKjejg,0GBZDGEVs-s,101,9,5,unknown,1,0
20261008,UCSes4X8uDrpc4X46hJKjejg,0GBZDGEVs-s,101,9,14,PLX3ZLYz4-6vE2_ZNLW5AfzbHTd1jTskDl,2,0
20261008,UCSes4X8uDrpc4X46hJKjejg,0JHD_pApR7w,101,2,3,what-to-watch,3,0
20261008,UCSes4X8uDrpc4X46hJKjejg,0JHD_pApR7w,102,4,3,what-to-watch,2,0
20261008,UCSes4X8uDrpc4X46hJKjejg,0JHD_pApR7w,102,19,3,what-to-watch,1,0
20261008,UCSes4X8uDrpc4X46hJKjejg,0JHD_pApR7w,102,26,3,what-to-watch,1,0
20261008,UCSes4X8uDrpc4X46hJKjejg,0JHD_pApR7w,102,29,3,what-to-watch,5,0
20261008,UCSes4X8uDrpc4X46hJKjejg,0JHD_pApR7w,103,17,3,what-to-watch,1,0
20261008,UCSes4X8uDrpc4X46hJKjejg,0JHD_pApR7w,104,4,3,what-to-watch,7,0.14285714285714285
20261008,UCSes4X8uDrpc4X46hJKjejg,0JHD_pApR7w,104,5,3,what-to-watch,9,0.1111111111111111
20261008,UCSes4X8uDrpc4X46hJKjejg,0JHD_pApR7w,101,2,5,unknown,16,0.125
20261008,UCSes4X8uDrpc4X46hJKjejg,0JHD_pApR7w,101,9,5,unknown,5,0
20261008,UCSes4X8uDrpc4X46hJKjejg,0JHD_pApR7w,102,4,5,unknown,6,0
20261008,UCSes4X8uDrpc4X46hJKjejg,0JHD_pApR7w,102,12,5,unknown,2,0
20261008,UCSes4X8uDrpc4X46hJKjejg,0JHD_pApR7w,102,26,5,unknown,12,0.083333333333333329
20261008,UCSes4X8uDrpc4X46hJKjejg,0JHD_pApR7w,103,10,5,unknown,4,0
20261008,UCSes4X8uDrpc4X46hJKjejg,0JHD_pApR7w,104,4,5,unknown,26,0
20261008,UCSes4X8uDrpc4X46hJKjejg,0JHD_pApR7w,104,5,5,unknown,27,0.037037037037037035
20261008,UCSes4X8uDrpc4X46hJKjejg,0JHD_pApR7w,105,5,5,unknown,3,0
20261008,UCSes4X8uDrpc4X46hJKjejg,0JUVBPIGUg8,101,2,3,what-to-watch,1,0
20261008,UCSes4X8uDrpc4X46hJKjejg,0JUVBPIGUg8,102,29,3,what-to-watch,2,0
20261008,UCSes4X8uDrpc4X46hJKjejg,0JUVBPIGUg8,103,10,3,what-to-watch,1,0
20261008,UCSes4X8uDrpc4X46hJKjejg,0JUVBPIGUg8,104,4,3,what-to-watch,5,0
20261008,UCSes4X8uDrpc4X46hJKjejg,0JUVBPIGUg8,104,5,3,what-to-watch,12,0.16666666666666666
20261008,UCSes4X8uDrpc4X46hJKjejg,0JUVBPIGUg8,101,2,5,unknown,2,0
20261008,UCSes4X8uDrpc4X46hJKjejg,0JUVBPIGUg8,101,9,5,unknown,4,0
20261008,UCSes4X8uDrpc4X46hJKjejg,0JUVBPIGUg8,102,1,5,unknown,1,0
20261008,UCSes4X8uDrpc4X46hJKjejg,0JUVBPIGUg8,102,4,5,unknown,2,0
20261008,UCSes4X8uDrpc4X46hJKjejg,0JUVBPIGUg8,102,26,5,unknown,2,0
20261008,UCSes4X8uDrpc4X46hJKjejg,0JUVBPIGUg8,102,29,5,unknown,2,0
20261008,UCSes4X8uDrpc4X46hJKjejg,0JUVBPIGUg8,103,10,5,unknown,1,0
20261008,UCSes4X8uDrpc4X46hJKjejg,0JUVBPIGUg8,104,4,5,unknown,17,0.058823529411764705
20261008,UCSes4X8uDrpc4X46hJKjejg,0JUVBPIGUg8,104,5,5,unknown,33,0.12121212121212122
20261008,UCSes4X8uDrpc4X46hJKjejg,0JUVBPIGUg8,105,5,5,unknown,6,0
20261008,UCSes4X8uDrpc4X46hJKjejg,0N64uywGcGk,102,28,3,what-to-watch,2,0
20261008,UCSes4X8uDrpc4X46hJKjejg,0N64uywGcGk,102,29,3,what-to-watch,1,0
20261008,UCSes4X8uDrpc4X46hJKjejg,0N64uywGcGk,104,5,3,what-to-watch,1,0
20261008,UCSes4X8uDrpc4X46hJKjejg,0N64uywGcGk,104,5,4,UCSes4X8uDrpc4X46hJKjejg,4,0
20261008,UCSes4X8uDrpc4X46hJKjejg,0N64uywGcGk,104,5,5,unknown,1,0
20261008,UCSes4X8uDrpc4X46hJKjejg,0QY1tjLVhII,104,4,4,UCSes4X8uDrpc4X46hJKjejg,1,0
20261008,UCSes4X8uDrpc4X46hJKjejg,0TDhWq6S65A,102,4,3,what-to-watch,3,0
20261008,UCSes4X8uDrpc4X46hJKjejg,0TDhWq6S65A,104,4,3,what-to-watch,1,0
20261008,UCSes4X8uDrpc4X46hJKjejg,0TDhWq6S65A,104,5,3,what-to-watch,1,0
20261008,UCSes4X8uDrpc4X46hJKjejg,0TDhWq6S65A,101,2,4,UCSes4X8uDrpc4X46hJKjejg,1,0
20261008,UCSes4X8uDrpc4X46hJKjejg,0TDhWq6S65A,102,4,5,unknown,1,0
20261008,UCSes4X8uDrpc4X46hJKjejg,0TDhWq6S65A,104,4,5,unknown,2,0
20261008,UCSes4X8uDrpc4X46hJKjejg,0TDhWq6S65A,104,5,5,unknown,1,0
20261008,UCSes4X8uDrpc4X46hJKjejg,0TDhWq6S65A,101,30,18,unknown,1,0
20261008,UCSes4X8uDrpc4X46hJKjejg,0W22sknm3Qw,101,2,4,UCSes4X8uDrpc4X46hJKjejg,1,0
20261008,UCSes4X8uDrpc4X46hJKjejg,0W22sknm3Qw,101,9,5,unknown,1,0
20261008,UCSes4X8uDrpc4X46hJKjejg,0W22sknm3Qw,102,26,18,unknown,1,0
20261008,UCSes4X8uDrpc4X46hJKjejg,0b8eta7f8mY,101,1,3,what-to-watch,1,0
20261008,UCSes4X8uDrpc4X46hJKjejg,0b8eta7f8mY,101,2,3,what-to-watch,22,0.045454545454545456
20261008,UCSes4X8uDrpc4X46hJKjejg,0b8eta7f8mY,101,9,3,what-to-watch,14,0.071428571428571425
20261008,UCSes4X8uDrpc4X46hJKjejg,0b8eta7f8mY,101,30,3,what-to-watch,11,0.18181818181818182
20261008,UCSes4X8uDrpc4X46hJKjejg,0b8eta7f8mY,102,1,3,what-to-watch,5,0
20261008,UCSes4X8uDrpc4X46hJKjejg,0b8eta7f8mY,102,4,3,what-to-watch,24,0.125
20261008,UCSes4X8uDrpc4X46hJKjejg,0b8eta7f8mY,102,12,3,what-to-watch,2,0
20261008,UCSes4X8uDrpc4X46hJKjejg,0b8eta7f8mY,102,19,3,what-to-watch,19,0
20261008,UCSes4X8uDrpc4X46hJKjejg,0b8eta7f8mY,102,26,3,what-to-watch,13,0
20261008,UCSes4X8uDrpc4X46hJKjejg,0b8eta7f8mY,102,28,3,what-to-watch,19,0.052631578947368418
20261008,UCSes4X8uDrpc4X46hJKjejg,0b8eta7f8mY,102,29,3,what-to-watch,13,0
20261008,UCSes4X8uDrpc4X46hJKjejg,0b8eta7f8mY,103,10,3,what-to-watch,13,0
20261008,UCSes4X8uDrpc4X46hJKjejg,0b8eta7f8mY,103,17,3,what-to-watch,5,0
20261008,UCSes4X8uDrpc4X46hJKjejg,0b8eta7f8mY,104,4,3,what-to-watch,26,0.23076923076923078
20261008,UCSes4X8uDrpc4X46hJKjejg,0b8eta7f8mY,104,5,3,what-to-watch,55,0.072727272727272724
20261008,UCSes4X8uDrpc4X46hJKjejg,0b8eta7f8mY,105,5,3,what-to-watch,9,0.1111111111111111
20261008,UCSes4X8uDrpc4X46hJKjejg,0b8eta7f8mY,101,2,4,UCSes4X8uDrpc4X46hJKjejg,3,0
20261008,UCSes4X8uDrpc4X46hJKjejg,0b8eta7f8mY,101,9,4,UCSes4X8uDrpc4X46hJKjejg,2,0
20261008,UCSes4X8uDrpc4X46hJKjejg,0b8eta7f8mY,101,30,4,UCSes4X8uDrpc4X46hJKjejg,1,0
20261008,UCSes4X8uDrpc4X46hJKjejg,0b8eta7f8mY,104,4,4,UCSes4X8uDrpc4X46hJKjejg,7,0
20261008,UCSes4X8uDrpc4X46hJKjejg,0b8eta7f8mY,104,5,4,UCSes4X8uDrpc4X46hJKjejg,9,0
20261008,UCSes4X8uDrpc4X46hJKjejg,0b8eta7f8mY,101,2,5,unknown,7,0.2857142857142857
20261008,UCSes4X8uDrpc4X46hJKjejg,0b8eta7f8mY,101,9,5,unknown,3,0
20261008,UCSes4X8uDrpc4X46hJKjejg,0b8eta7f8mY,101,30,5,unknown,3,0.33333333333333331
20261008,UCSes4X8uDrpc4X46hJKjejg,0b8eta7f8mY,102,1,5,unknown,8,0
20261008,UCSes4X8uDrpc4X46hJKjejg,0b8eta7f8mY,102,4,5,unknown,5,0.2
20261008,UCSes4X8uDrpc4X46hJKjejg,0b8eta7f8mY,102,21,5,unknown,1,0
20261008,UCSes4X8uDrpc4X46hJKjejg,0b8eta7f8mY,102,26,5,unknown,2,0
20261008,UCSes4X8uDrpc4X46hJKjejg,0b8eta7f8mY,102,29,5,unknown,5,0.2
20261008,UCSes4X8uDrpc4X46hJKjejg,0b8eta7f8mY,104,4,5,unknown,3,0
20261008,UCSes4X8uDrpc4X46hJKjejg,0b8eta7f8mY,104,5,5,unknown,10,0.2
20261008,UCSes4X8uDrpc4X46hJKjejg,0b8eta7f8mY,105,5,5,unknown,3,0
20261008,UCSes4X8uDrpc4X46hJKjejg,0b8eta7f8mY,101,9,7,-CjQjOd2JEA,1,0
20261008,UCSes4X8uDrpc4X46hJKjejg,0b8eta7f8mY,104,4,7,097D09yu7cM,2,0
20261008,UCSes4X8uDrpc4X46hJKjejg,0b8eta7f8mY,101,9,7,0AmzhLuo7Ro,1,0
20261008,UCSes4X8uDrpc4X46hJKjejg,0b8eta7f8mY,104,4,7,0F-SE93s48o,1,0
20261008,UCSes4X8uDrpc4X46hJKjejg,0b8eta7f8mY,101,2,7,0njrtcGx-wc,4,0
20261008,UCSes4X8uDrpc4X46hJKjejg,0b8eta7f8mY,101,9,7,0njrtcGx-wc,1,0
20261008,UCSes4X8uDrpc4X46hJKjejg,0b8eta7f8mY,101,30,7,0njrtcGx-wc,1,0
20261008,UCSes4X8uDrpc4X46hJKjejg,0b8eta7f8mY,104,4,7,0njrtcGx-wc,2,0
20261008,UCSes4X8uDrpc4X46hJKjejg,0b8eta7f8mY,104,5,7,0njrtcGx-wc,1,0
20261008,UCSes4X8uDrpc4X46hJKjejg,0b8eta7f8mY,101,2,7,1fHrQC7xW_Q,2,0
20261008,UCSes4X8uDrpc4X46hJKjejg,0b8eta7f8mY,104,5,7,1xwRFNtkz5I,2,0
20261008,UCSes4X8uDrpc4X46hJKjejg,0b8eta7f8mY,101,2,7,2BJ-Ih7mWiA,1,0
20261008,UCSes4X8uDrpc4X46hJKjejg,0b8eta7f8mY,101,2,7,2C3-Pf1m4zM,1,0
20261008,UCSes4X8uDrpc4X46hJKjejg,0b8eta7f8mY,104,4,7,2RNA51xvcIk,1,0
20261008,UCSes4X8uDrpc4X46hJKjejg,0b8eta7f8mY,104,5,7,2RNA51xvcIk,1,0
20261008,UCSes4X8uDrpc4X46hJKjejg,0b8eta7f8mY,105,5,7,2RNA51xvcIk,1,0
20261008,UCSes4X8uDrpc4X46hJKjejg,0b8eta7f8mY,104,4,7,2zsg6Bskx_o,1,0
20261008,UCSes4X8uDrpc4X46hJKjejg,0b8eta7f8mY,101,9,7,30kih_9xzrw,1,0
20261008,UCSes4X8uDrpc4X46hJKjejg,0b8eta7f8mY,101,2,7,3MzMDtgSnL0,42,0.11904761904761904
20261008,UCSes4X8uDrpc4X46hJKjejg,0b8eta7f8mY,101,9,7,3MzMDtgSnL0,30,0
20261008,UCSes4X8uDrpc4X46hJKjejg,0b8eta7f8mY,101,30,7,3MzMDtgSnL0,3,0.33333333333333331
20261008,UCSes4X8uDrpc4X46hJKjejg,0b8eta7f8mY,102,4,7,3MzMDtgSnL0,1,0
20261008,UCSes4X8uDrpc4X46hJKjejg,0b8eta7f8mY,102,12,7,3MzMDtgSnL0,1,0
20261008,UCSes4X8uDrpc4X46hJKjejg,0b8eta7f8mY,102,19,7,3MzMDtgSnL0,4,0.5
20261008,UCSes4X8uDrpc4X46hJKjejg,0b8eta7f8mY,102,26,7,3MzMDtgSnL0,2,0
20261008,UCSes4X8uDrpc4X46hJKjejg,0b8eta7f8mY,102,28,7,3MzMDtgSnL0,1,0
20261008,UCSes4X8uDrpc4X46hJKjejg,0b8eta7f8mY,102,29,7,3MzMDtgSnL0,2,0
20261008,UCSes4X8uDrpc4X46hJKjejg,0b8eta7f8mY,103,10,7,3MzMDtgSnL0,4,0.5
20261008,UCSes4X8uDrpc4X46hJKjejg,0b8eta7f8mY,103,17,7,3MzMDtgSnL0,1,0
20261008,UCSes4X8uDrpc4X46hJKjejg,0b8eta7f8mY,104,4,7,3MzMDtgSnL0,11,0
20261008,UCSes4X8uDrpc4X46hJKjejg,0b8eta7f8mY,104,5,7,3MzMDtgSnL0,78,0.15384615384615385
20261008,UCSes4X8uDrpc4X46hJKjejg,0b8eta7f8mY,105,5,7,3MzMDtgSnL0,6,0
20261008,UCSes4X8uDrpc4X46hJKjejg,0b8eta7f8mY,101,2,7,3SPknXVuiVI,5,0.2
20261008,UCSes4X8uDrpc4X46hJKjejg,0b8eta7f8mY,101,9,7,3SPknXVuiVI,13,0
20261008,UCSes4X8uDrpc4X46hJKjejg,0b8eta7f8mY,101,30,7,3SPknXVuiVI,1,0
20261008,UCSes4X8uDrpc4X46hJKjejg,0b8eta7f8mY,102,4,7,3SPknXVuiVI,1,0
20261008,UCSes4X8uDrpc4X46hJKjejg,0b8eta7f8mY,102,12,7,3SPknXVuiVI,1,0
20261008,UCSes4X8uDrpc4X46hJKjejg,0b8eta7f8mY,102,19,7,3SPknXVuiVI,1,0
20261008,UCSes4X8uDrpc4X46hJKjejg,0b8eta7f8mY,104,4,7,3SPknXVuiVI,2,0
20261008,UCSes4X8uDrpc4X46hJKjejg,0b8eta7f8mY,104,5,7,3SPknXVuiVI,2,0
20261008,UCSes4X8uDrpc4X46hJKjejg,0b8eta7f8mY,101,2,7,3qnXpoFuztI,1,0
20261008,UCSes4X8uDrpc4X46hJKjejg,0b8eta7f8mY,101,9,7,3qnXpoFuztI,2,0
20261008,UCSes4X8uDrpc4X46hJKjejg,0b8eta7f8mY,101,30,7,3qnXpoFuztI,1,0
20261008,UCSes4X8uDrpc4X46hJKjejg,0b8eta7f8mY,104,5,7,3qnXpoFuztI,1,0
20261008,UCSes4X8uDrpc4X46hJKjejg,0b8eta7f8mY,105,5,7,4664islZEoQ,1,0
20261008,UCSes4X8uDrpc4X46hJKjejg,0b8eta7f8mY,104,5,7,4eAnjha-5Dc,2,0.5
20261008,UCSes4X8uDrpc4X46hJKjejg,0b8eta7f8mY,101,9,7,4l3Ezd2pO10,1,0
20261008,UCSes4X8uDrpc4X46hJKjejg,0b8eta7f8mY,101,2,7,4uo9yGPsg_4,2,0.5
20261008,UCSes4X8uDrpc4X46hJKjejg,0b8eta7f8mY,104,5,7,4uo9yGPsg_4,3,0.33333333333333331
20261008,UCSes4X8uDrpc4X46hJKjejg,0b8eta7f8mY,104,5,7,55WVapTINRQ,1,0
20261008,UCSes4X8uDrpc4X46hJKjejg,0b8eta7f8mY,104,5,7,5MjYuuiwNoQ,2,0
20261008,UCSes4X8uDrpc4X46hJKjejg,0b8eta7f8mY,101,2,7,5XPbMJlXJv8,1,0
20261008,UCSes4X8uDrpc4X46hJKjejg,0b8eta7f8mY,104,5,7,6NJ4CVjnNYM,1,0
20261008,UCSes4X8uDrpc4X46hJKjejg,0b8eta7f8mY,101,9,7,6vUHWkXOKSA,1,0
20261008,UCSes4X8uDrpc4X46hJKjejg,0b8eta7f8mY,101,9,7,73BvmhVV0cs,2,0
20261008,UCSes4X8uDrpc4X46hJKjejg,0b8eta7f8mY,101,2,7,7iTcFe1sw1E,1,0
20261008,UCSes4X8uDrpc4X46hJKjejg,0b8eta7f8mY,104,5,7,8LavFJErs6E,1,0
20261008,UCSes4X8uDrpc4X46hJKjejg,0b8eta7f8mY,104,4,7,8WEuCzJKNj4,1,0
20261008,UCSes4X8uDrpc4X46hJKjejg,0b8eta7f8mY,104,5,7,8mxkHGQwZ2Y,1,0
20261008,UCSes4X8uDrpc4X46hJKjejg,0b8eta7f8mY,101,9,7,8rMWjC23-Ww,1,0
20261008,UCSes4X8uDrpc4X46hJKjejg,0b8eta7f8mY,101,2,7,94TlYmBXs8Y,1,0
20261008,UCSes4X8uDrpc4X46hJKjejg,0b8eta7f8mY,104,4,7,94TlYmBXs8Y,2,1
20261008,UCSes4X8uDrpc4X46hJKjejg,0b8eta7f8mY,101,9,7,9HDNBZr0brQ,1,0
20261008,UCSes4X8uDrpc4X46hJKjejg,0b8eta7f8mY,101,2,7,AdT5TPp99ks,1,0
20261008,UCSes4X8uDrpc4X46hJKjejg,0b8eta7f8mY,101,30,7,AdT5TPp99ks,1,0
20261008,UCSes4X8uDrpc4X46hJKjejg,0b8eta7f8mY,105,5,7,B2IPxfoHwp8,2,0
20261008,UCSes4X8uDrpc4X46hJKjejg,0b8eta7f8mY,101,2,7,BAUm7ZXQSfQ,1,0
20261008,UCSes4X8uDrpc4X46hJKjejg,0b8eta7f8mY,104,5,7,BAUm7ZXQSfQ,2,0
20261008,UCSes4X8uDrpc4X46hJKjejg,0b8eta7f8mY,104,5,7,BH_NR0DaZzw,2,0
20261008,UCSes4X8uDrpc4X46hJKjejg,0b8eta7f8mY,104,5,7,BRyyx4X_YXc,1,0
20261008,UCSes4X8uDrpc4X46hJKjejg,0b8eta7f8mY,104,4,7,BeZUS-lZ4qs,1,0
20261008,UCSes4X8uDrpc4X46hJKjejg,0b8eta7f8mY,104,5,7,BeZUS-lZ4qs,2,0
20261008,UCSes4X8uDrpc4X46hJKjejg,0b8eta7f8mY,101,2,7,C4sptqFb0Bk,1,0
20261008,UCSes4X8uDrpc4X46hJKjejg,0b8eta7f8mY,101,9,7,CkQNzZ2gc3A,1,0
20261008,UCSes4X8uDrpc4X46hJKjejg,0b8eta7f8mY,104,4,7,CkQNzZ2gc3A,2,0
20261008,UCSes4X8uDrpc4X46hJKjejg,0b8eta7f8mY,101,2,7,CrhJnpnU2BU,1,0
20261008,UCSes4X8uDrpc4X46hJKjejg,0b8eta7f8mY,104,4,7,CtOoEkuLSCg,1,0
20261008,UCSes4X8uDrpc4X46hJKjejg,0b8eta7f8mY,101,2,7,DJywM8rEZqs,1,0
20261008,UCSes4X8uDrpc4X46hJKjejg,0b8eta7f8mY,104,4,7,DJywM8rEZqs,2,0
20261008,UCSes4X8uDrpc4X46hJKjejg,0b8eta7f8mY,101,9,7,DKfZ0ERnSis,1,0
20261008,UCSes4X8uDrpc4X46hJKjejg,0b8eta7f8mY,101,9,7,DNkdlSvb6OY,1,0
20261008,UCSes4X8uDrpc4X46hJKjejg,0b8eta7f8mY,104,5,7,DZIs406Egxw,1,0
20261008,UCSes4X8uDrpc4X46hJKjejg,0b8eta7f8mY,104,4,7,DjhN1oAGTYA,2,0
20261008,UCSes4X8uDrpc4X46hJKjejg,0b8eta7f8mY,101,2,7,EKnVIGkLJXY,1,0
20261008,UCSes4X8uDrpc4X46hJKjejg,0b8eta7f8mY,104,5,7,ENJO_pR-TKY,2,0
20261008,UCSes4X8uDrpc4X46hJKjejg,0b8eta7f8mY,104,4,7,Eaf4F8sE4gI,1,1
20261008,UCSes4X8uDrpc4X46hJKjejg,0b8eta7f8mY,101,30,7,Eq3eGY1gaig,1,0
20261008,UCSes4X8uDrpc4X46hJKjejg,0b8eta7f8mY,101,2,7,EvWh7rmLnYo,1,0
20261008,UCSes4X8uDrpc4X46hJKjejg,0b8eta7f8mY,101,2,7,FqSlJnKjoFE,1,0
20261008,UCSes4X8uDrpc4X46hJKjejg,0b8eta7f8mY,101,9,7,FvP8TvBp7Kg,1,0
20261008,UCSes4X8uDrpc4X46hJKjejg,0b8eta7f8mY,101,9,7,G5iWZLRxnf4,2,0
20261008,UCSes4X8uDrpc4X46hJKjejg,0b8eta7f8mY,101,9,7,GJHsMItpaSM,1,0
20261008,UCSes4X8uDrpc4X46hJKjejg,0b8eta7f8mY,101,2,7,HFL1wFGaRj4,4,0
20261008,UCSes4X8uDrpc4X46hJKjejg,0b8eta7f8mY,101,9,7,HFL1wFGaRj4,3,0
20261008,UCSes4X8uDrpc4X46hJKjejg,0b8eta7f8mY,104,4,7,HFL1wFGaRj4,5,0
20261008,UCSes4X8uDrpc4X46hJKjejg,0b8eta7f8mY,104,5,7,HFL1wFGaRj4,1,0
20261008,UCSes4X8uDrpc4X46hJKjejg,0b8eta7f8mY,105,5,7,HFL1wFGaRj4,3,0
20261008,UCSes4X8uDrpc4X46hJKjejg,0b8eta7f8mY,101,9,7,HV4Lu7jA2Rg,1,0
20261008,UCSes4X8uDrpc4X46hJKjejg,0b8eta7f8mY,104,5,7,HfdcUC5Apqc,1,0
20261008,UCSes4X8uDrpc4X46hJKjejg,0b8eta7f8mY,101,2,7,I9G0Vp7Wjas,1,0
20261008,UCSes4X8uDrpc4X46hJKjejg,0b8eta7f8mY,101,9,7,JCC1RdWXDBg,1,0
20261008,UCSes4X8uDrpc4X46hJKjejg,0b8eta7f8mY,104,5,7,JZlSlSyzANM,1,1
20261008,UCSes4X8uDrpc4X46hJKjejg,0b8eta7f8mY,104,4,7,JsT6TIBTFm0,1,0
20261008,UCSes4X8uDrpc4X46hJKjejg,0b8eta7f8mY,104,5,7,JsT6TIBTFm0,4,0
20261008,UCSes4X8uDrpc4X46hJKjejg,0b8eta7f8mY,104,5,7,K-S29fo11bc,1,0
20261008,UCSes4X8uDrpc4X46hJKjejg,0b8eta7f8mY,104,5,7,K9lfIVBDR2Q,1,0
20261008,UCSes4X8uDrpc4X46hJKjejg,0b8eta7f8mY,101,9,7,KHuRqtXJTRQ,1,0
20261008,UCSes4X8uDrpc4X46hJKjejg,0b8eta7f8mY,104,5,7,KL51nOdiV-I,1,0
20261008,UCSes4X8uDrpc4X46hJKjejg,0b8eta7f8mY,101,9,7,KnnHNbgZ9TE,1,0
20261008,UCSes4X8uDrpc4X46hJKjejg,0b8eta7f8mY,104,4,7,LBv8I68F-lQ,1,1
20261008,UCSes4X8uDrpc4X46hJKjejg,0b8eta7f8mY,104,5,7,Mc-0O0zwbhc,1,0
20261008,UCSes4X8uDrpc4X46hJKjejg,0b8eta7f8mY,101,9,7,Mo-4JlXfn2o,1,0
20261008,UCSes4X8uDrpc4X46hJKjejg,0b8eta7f8mY,101,9,7,MrnZTmo1kYE,1,0
20261008,UCSes4X8uDrpc4X46hJKjejg,0b8eta7f8mY,101,9,7,NI2QjVSg5yQ,1,0
20261008,UCSes4X8uDrpc4X46hJKjejg,0b8eta7f8mY,104,5,7,NLiUX1U0uc8,2,0
20261008,UCSes4X8uDrpc4X46hJKjejg,0b8eta7f8mY,104,5,7,Ov5ovpYyE7Q,2,0
20261008,UCSes4X8uDrpc4X46hJKjejg,0b8eta7f8mY,101,9,7,PGCO6BSKE4o,5,0
20261008,UCSes4X8uDrpc4X46hJKjejg,0b8eta7f8mY,104,4,7,PGCO6BSKE4o,1,0
20261008,UCSes4X8uDrpc4X46hJKjejg,0b8eta7f8mY,105,5,7,PGCO6BSKE4o,1,0
20261008,UCSes4X8uDrpc4X46hJKjejg,0b8eta7f8mY,104,5,7,Pre1pewTIDM,1,0
20261008,UCSes4X8uDrpc4X46hJKjejg,0b8eta7f8mY,101,9,7,PxmFsyRpbPU,1,0
20261008,UCSes4X8uDrpc4X46hJKjejg,0b8eta7f8mY,104,5,7,Q-7yjWQ11kQ,1,0
20261008,UCSes4X8uDrpc4X46hJKjejg,0b8eta7f8mY,101,2,7,QQI5ufwPATg,2,0
20261008,UCSes4X8uDrpc4X46hJKjejg,0b8eta7f8mY,101,9,7,QQI5ufwPATg,1,0
20261008,UCSes4X8uDrpc4X46hJKjejg,0b8eta7f8mY,101,2,7,Q_cATo4iQvA,2,0.5
20261008,UCSes4X8uDrpc4X46hJKjejg,0b8eta7f8mY,104,4,7,Q_cATo4iQvA,1,0
20261008,UCSes4X8uDrpc4X46hJKjejg,0b8eta7f8mY,104,5,7,Q_cATo4iQvA,2,0.5
20261008,UCSes4X8uDrpc4X46hJKjejg,0b8eta7f8mY,105,5,7,Q_cATo4iQvA,1,0
20261008,UCSes4X8uDrpc4X46hJKjejg,0b8eta7f8mY,101,9,7,Q_qYKuIGvRU,1,0
20261008,UCSes4X8uDrpc4X46hJKjejg,0b8eta7f8mY,101,9,7,QyAwdSySlDU,1,0
20261008,UCSes4X8uDrpc4X46hJKjejg,0b8eta7f8mY,101,2,7,R6qm9HwKC8A,1,0
20261008,UCSes4X8uDrpc4X46hJKjejg,0b8eta7f8mY,101,9,7,RV0zvSL56o4,1,1
20261008,UCSes4X8uDrpc4X46hJKjejg,0b8eta7f8mY,101,2,7,RVS7VkQHBbk,1,0
20261008,UCSes4X8uDrpc4X46hJKjejg,0b8eta7f8mY,104,5,7,RipsVBk0eN8,1,0
20261008,UCSes4X8uDrpc4X46hJKjejg,0b8eta7f8mY,104,4,7,RpTkIrAmmFA,1,0
20261008,UCSes4X8uDrpc4X46hJKjejg,0b8eta7f8mY,104,5,7,SDawgoJwwVo,1,0
20261008,UCSes4X8uDrpc4X46hJKjejg,0b8eta7f8mY,101,9,7,SPHLkMt0YPY,1,0
20261008,UCSes4X8uDrpc4X46hJKjejg,0b8eta7f8mY,101,2,7,SS1WJ2wueNg,3,0
20261008,UCSes4X8uDrpc4X46hJKjejg,0b8eta7f8mY,104,4,7,T1oE1hj1XSI,1,0
20261008,UCSes4X8uDrpc4X46hJKjejg,0b8eta7f8mY,101,2,7,T30fv50JI6E,1,0
20261008,UCSes4X8uDrpc4X46hJKjejg,0b8eta7f8mY,104,5,7,TrHcPZo6mLU,1,0
20261008,UCSes4X8uDrpc4X46hJKjejg,0b8eta7f8mY,104,5,7,U-mvPrKRsWE,2,0
20261008,UCSes4X8uDrpc4X46hJKjejg,0b8eta7f8mY,101,2,7,UInvLgWU2YM,1,0
20261008,UCSes4X8uDrpc4X46hJKjejg,0b8eta7f8mY,104,5,7,V_tqh3elTDQ,1,0
20261008,UCSes4X8uDrpc4X46hJKjejg,0b8eta7f8mY,105,5,7,VysmPJGl9Us,1,0
20261008,UCSes4X8uDrpc4X46hJKjejg,0b8eta7f8mY,104,5,7,WVpoUO_Clf8,2,0
20261008,UCSes4X8uDrpc4X46hJKjejg,0b8eta7f8mY,104,4,7,WZOXMuWliLU,1,0
20261008,UCSes4X8uDrpc4X46hJKjejg,0b8eta7f8mY,104,4,7,WzoOzxpSw34,1,0
20261008,UCSes4X8uDrpc4X46hJKjejg,0b8eta7f8mY,101,2,7,X0vUKYpF6W8,1,0
20261008,UCSes4X8uDrpc4X46hJKjejg,0b8eta7f8mY,104,4,7,X0vUKYpF6W8,1,0
20261008,UCSes4X8uDrpc4X46hJKjejg,0b8eta7f8mY,104,4,7,XAl23tSgsNA,1,0
20261008,UCSes4X8uDrpc4X46hJKjejg,0b8eta7f8mY,101,2,7,Y8VmQ0NuFhs,1,0
20261008,UCSes4X8uDrpc4X46hJKjejg,0b8eta7f8mY,104,5,7,Y8VmQ0NuFhs,1,0
20261008,UCSes4X8uDrpc4X46hJKjejg,0b8eta7f8mY,104,5,7,YEpUC6i7Xhg,1,0
20261008,UCSes4X8uDrpc4X46hJKjejg,0b8eta7f8mY,104,5,7,YHtB62qU1r8,1,0
20261008,UCSes4X8uDrpc4X46hJKjejg,0b8eta7f8mY,101,9,7,YvijeCXdOZU,1,0
20261008,UCSes4X8uDrpc4X46hJKjejg,0b8eta7f8mY,101,2,7,ZX370fs_M8I,1,0
20261008,UCSes4X8uDrpc4X46hJKjejg,0b8eta7f8mY,104,5,7,ZeCjfGUuvDY,1,0
20261008,UCSes4X8uDrpc4X46hJKjejg,0b8eta7f8mY,101,9,7,ZmuZG4krQno,1,0
20261008,UCSes4X8uDrpc4X46hJKjejg,0b8eta7f8mY,101,9,7,_Cq49dkue60,2,0
20261008,UCSes4X8uDrpc4X46hJKjejg,0b8eta7f8mY,101,2,7,_J_i0SKklO0,1,0
20261008,UCSes4X8uDrpc4X46hJKjejg,0b8eta7f8mY,104,5,7,_MWSHDuUw3k,1,0
20261008,UCSes4X8uDrpc4X46hJKjejg,0b8eta7f8mY,104,4,7,_vyv55FHYfI,1,0
20261008,UCSes4X8uDrpc4X46hJKjejg,0b8eta7f8mY,104,4,7,aCjGd9UDFUM,1,0
20261008,UCSes4X8uDrpc4X46hJKjejg,0b8eta7f8mY,101,2,7,aPTKdqOBxyw,1,0
20261008,UCSes4X8uDrpc4X46hJKjejg,0b8eta7f8mY,104,4,7,aPTKdqOBxyw,2,0
20261008,UCSes4X8uDrpc4X46hJKjejg,0b8eta7f8mY,104,5,7,aPTKdqOBxyw,1,0
20261008,UCSes4X8uDrpc4X46hJKjejg,0b8eta7f8mY,101,9,7,aQu3bcpr4t8,1,0
20261008,UCSes4X8uDrpc4X46hJKjejg,0b8eta7f8mY,104,4,7,aZ9xzEyPEJA,1,0
20261008,UCSes4X8uDrpc4X46hJKjejg,0b8eta7f8mY,104,5,7,agDpwKpsAFo,1,0
20261008,UCSes4X8uDrpc4X46hJKjejg,0b8eta7f8mY,101,2,7,amaYRgWN76U,2,0
20261008,UCSes4X8uDrpc4X46hJKjejg,0b8eta7f8mY,104,4,7,b0_QQRlMPLA,1,0
20261008,UCSes4X8uDrpc4X46hJKjejg,0b8eta7f8mY,105,5,7,b5Ia1AFqyHw,1,0
20261008,UCSes4X8uDrpc4X46hJKjejg,0b8eta7f8mY,104,4,7,bFi8wF4G9ts,1,0
20261008,UCSes4X8uDrpc4X46hJKjejg,0b8eta7f8mY,104,4,7,bs4iILLZUbQ,1,0
20261008,UCSes4X8uDrpc4X46hJKjejg,0b8eta7f8mY,104,5,7,cQ8ZhXdsZx4,1,1
20261008,UCSes4X8uDrpc4X46hJKjejg,0b8eta7f8mY,101,9,7,cWPyPyX574I,1,0
20261008,UCSes4X8uDrpc4X46hJKjejg,0b8eta7f8mY,104,4,7,crKzDL_DHf4,1,0
20261008,UCSes4X8uDrpc4X46hJKjejg,0b8eta7f8mY,104,5,7,d9eZC-XhaY0,1,0
20261008,UCSes4X8uDrpc4X46hJKjejg,0b8eta7f8mY,101,2,7,dGZqfPNx7FQ,1,0
20261008,UCSes4X8uDrpc4X46hJKjejg,0b8eta7f8mY,101,2,7,dKoSQ-63gP4,4,0
20261008,UCSes4X8uDrpc4X46hJKjejg,0b8eta7f8mY,103,10,7,dKoSQ-63gP4,1,0
20261008,UCSes4X8uDrpc4X46hJKjejg,0b8eta7f8mY,104,5,7,dKoSQ-63gP4,2,0
20261008,UCSes4X8uDrpc4X46hJKjejg,0b8eta7f8mY,104,5,7,e0LNW8WIt3c,2,0
20261008,UCSes4X8uDrpc4X46hJKjejg,0b8eta7f8mY,101,9,7,e7CxdG8sNlA,1,0
20261008,UCSes4X8uDrpc4X46hJKjejg,0b8eta7f8mY,102,19,7,e7CxdG8sNlA,1,0
20261008,UCSes4X8uDrpc4X46hJKjejg,0b8eta7f8mY,104,5,7,ejBq3d-gsLY,1,0
20261008,UCSes4X8uDrpc4X46hJKjejg,0b8eta7f8mY,104,5,7,fFdgo0r9q_Y,1,0
20261008,UCSes4X8uDrpc4X46hJKjejg,0b8eta7f8mY,101,2,7,fJMscOhaSDI,2,0
20261008,UCSes4X8uDrpc4X46hJKjejg,0b8eta7f8mY,101,9,7,fJMscOhaSDI,1,0
20261008,UCSes4X8uDrpc4X46hJKjejg,0b8eta7f8mY,104,4,7,fJMscOhaSDI,2,0
20261008,UCSes4X8uDrpc4X46hJKjejg,0b8eta7f8mY,104,5,7,fJMscOhaSDI,1,1
20261008,UCSes4X8uDrpc4X46hJKjejg,0b8eta7f8mY,104,5,7,feGZ_xkO3mI,2,0
20261008,UCSes4X8uDrpc4X46hJKjejg,0b8eta7f8mY,104,5,7,ff1H2mgn4aE,3,0
20261008,UCSes4X8uDrpc4X46hJKjejg,0b8eta7f8mY,102,12,7,fl6krm7PveM,1,0
20261008,UCSes4X8uDrpc4X46hJKjejg,0b8eta7f8mY,104,4,7,fl6krm7PveM,1,0
20261008,UCSes4X8uDrpc4X46hJKjejg,0b8eta7f8mY,104,5,7,fl6krm7PveM,1,0
20261008,UCSes4X8uDrpc4X46hJKjejg,0b8eta7f8mY,101,2,7,gTMjT4y5LHE,1,0
20261008,UCSes4X8uDrpc4X46hJKjejg,0b8eta7f8mY,102,4,7,gTMjT4y5LHE,1,0
20261008,UCSes4X8uDrpc4X46hJKjejg,0b8eta7f8mY,103,10,7,gTMjT4y5LHE,1,0
20261008,UCSes4X8uDrpc4X46hJKjejg,0b8eta7f8mY,104,5,7,gTMjT4y5LHE,2,0
20261008,UCSes4X8uDrpc4X46hJKjejg,0b8eta7f8mY,104,4,7,h301lB2_79A,1,0
20261008,UCSes4X8uDrpc4X46hJKjejg,0b8eta7f8mY,104,4,7,h6YJ35tQ5x4,1,0
20261008,UCSes4X8uDrpc4X46hJKjejg,0b8eta7f8mY,101,9,7,hNwxyd2qBNo,1,0
20261008,UCSes4X8uDrpc4X46hJKjejg,0b8eta7f8mY,104,4,7,hNwxyd2qBNo,1,0
20261008,UCSes4X8uDrpc4X46hJKjejg,0b8eta7f8mY,104,5,7,hNwxyd2qBNo,4,0
20261008,UCSes4X8uDrpc4X46hJKjejg,0b8eta7f8mY,101,9,7,hQUsdWWnSSI,1,0
20261008,UCSes4X8uDrpc4X46hJKjejg,0b8eta7f8mY,101,2,7,hs29egXrJzY,1,0
20261008,UCSes4X8uDrpc4X46hJKjejg,0b8eta7f8mY,104,5,7,i5uUwpq6IlI,1,0
20261008,UCSes4X8uDrpc4X46hJKjejg,0b8eta7f8mY,101,2,7,i7E1JQbpbOo,1,0
20261008,UCSes4X8uDrpc4X46hJKjejg,0b8eta7f8mY,101,2,7,iNmBGxik30I,1,0
20261008,UCSes4X8uDrpc4X46hJKjejg,0b8eta7f8mY,104,5,7,iRALGrJiCGs,2,0
20261008,UCSes4X8uDrpc4X46hJKjejg,0b8eta7f8mY,104,5,7,i_cgG_DdcjU,1,0
20261008,UCSes4X8uDrpc4X46hJKjejg,0b8eta7f8mY,104,5,7,jLYeIZnO0ec,1,0
20261008,UCSes4X8uDrpc4X46hJKjejg,0b8eta7f8mY,104,4,7,kDW-YU_4crs,1,0
20261008,UCSes4X8uDrpc4X46hJKjejg,0b8eta7f8mY,101,9,7,kmEaLfwm0J8,1,0
20261008,UCSes4X8uDrpc4X46hJKjejg,0b8eta7f8mY,104,5,7,kzPJjOzZorg,1,0
20261008,UCSes4X8uDrpc4X46hJKjejg,0b8eta7f8mY,105,5,7,l3CPJ7tjC2g,1,0
20261008,UCSes4X8uDrpc4X46hJKjejg,0b8eta7f8mY,101,2,7,lIMbVU3-Kb8,1,0
20261008,UCSes4X8uDrpc4X46hJKjejg,0b8eta7f8mY,101,2,7,lULPDu9QJZU,1,0
20261008,UCSes4X8uDrpc4X46hJKjejg,0b8eta7f8mY,104,5,7,lULPDu9QJZU,1,0
20261008,UCSes4X8uDrpc4X46hJKjejg,0b8eta7f8mY,104,5,7,mKE_7ud0CSg,2,0
20261008,UCSes4X8uDrpc4X46hJKjejg,0b8eta7f8mY,101,9,7,mLV5KXh5Wr8,1,0
20261008,UCSes4X8uDrpc4X46hJKjejg,0b8eta7f8mY,104,5,7,mVWJRuRajlA,1,0
20261008,UCSes4X8uDrpc4X46hJKjejg,0b8eta7f8mY,101,2,7,nkgtjRWuwRM,1,0
20261008,UCSes4X8uDrpc4X46hJKjejg,0b8eta7f8mY,101,2,7,o1Eid7669zY,1,0
20261008,UCSes4X8uDrpc4X46hJKjejg,0b8eta7f8mY,101,9,7,o2jQE3Qqt5Q,2,0
20261008,UCSes4X8uDrpc4X46hJKjejg,0b8eta7f8mY,103,10,7,o2jQE3Qqt5Q,1,0
20261008,UCSes4X8uDrpc4X46hJKjejg,0b8eta7f8mY,104,5,7,o2jQE3Qqt5Q,4,0
20261008,UCSes4X8uDrpc4X46hJKjejg,0b8eta7f8mY,105,5,7,o2jQE3Qqt5Q,1,0
20261008,UCSes4X8uDrpc4X46hJKjejg,0b8eta7f8mY,101,9,7,oAaomUjsiQU,1,0
20261008,UCSes4X8uDrpc4X46hJKjejg,0b8eta7f8mY,102,26,7,oFf4FbY4lDs,1,0
20261008,UCSes4X8uDrpc4X46hJKjejg,0b8eta7f8mY,104,4,7,oYtKQAzosqU,1,0
20261008,UCSes4X8uDrpc4X46hJKjejg,0b8eta7f8mY,104,4,7,opjgbmVN_2Y,1,0
20261008,UCSes4X8uDrpc4X46hJKjejg,0b8eta7f8mY,102,4,7,pGDZCLNKf4s,1,0
20261008,UCSes4X8uDrpc4X46hJKjejg,0b8eta7f8mY,101,2,7,pJBlrY76alo,5,0
20261008,UCSes4X8uDrpc4X46hJKjejg,0b8eta7f8mY,101,9,7,pJBlrY76alo,2,0
20261008,UCSes4X8uDrpc4X46hJKjejg,0b8eta7f8mY,101,30,7,pJBlrY76alo,2,0
20261008,UCSes4X8uDrpc4X46hJKjejg,0b8eta7f8mY,102,12,7,pJBlrY76alo,1,0
20261008,UCSes4X8uDrpc4X46hJKjejg,0b8eta7f8mY,102,19,7,pJBlrY76alo,1,0
20261008,UCSes4X8uDrpc4X46hJKjejg,0b8eta7f8mY,103,10,7,pJBlrY76alo,1,0
20261008,UCSes4X8uDrpc4X46hJKjejg,0b8eta7f8mY,104,4,7,pJBlrY76alo,3,0.33333333333333331
20261008,UCSes4X8uDrpc4X46hJKjejg,0b8eta7f8mY,104,5,7,pJBlrY76alo,11,0.090909090909090912
20261008,UCSes4X8uDrpc4X46hJKjejg,0b8eta7f8mY,105,5,7,pJBlrY76alo,1,0
20261008,UCSes4X8uDrpc4X46hJKjejg,0b8eta7f8mY,101,9,7,pewdPdWE8pw,1,0
20261008,UCSes4X8uDrpc4X46hJKjejg,0b8eta7f8mY,101,9,7,pynHr_Qtd38,1,0
20261008,UCSes4X8uDrpc4X46hJKjejg,0b8eta7f8mY,101,9,7,pyrPTIFL8SQ,1,0
20261008,UCSes4X8uDrpc4X46hJKjejg,0b8eta7f8mY,104,5,7,qqtVUFDDc9M,1,0
20261008,UCSes4X8uDrpc4X46hJKjejg,0b8eta7f8mY,101,2,7,qu18C9l4YV4,3,0
20261008,UCSes4X8uDrpc4X46hJKjejg,0b8eta7f8mY,104,4,7,qu18C9l4YV4,1,0
20261008,UCSes4X8uDrpc4X46hJKjejg,0b8eta7f8mY,101,2,7,r46YcpqElq0,5,0
20261008,UCSes4X8uDrpc4X46hJKjejg,0b8eta7f8mY,101,2,7,r8cBVXdI698,3,0
20261008,UCSes4X8uDrpc4X46hJKjejg,0b8eta7f8mY,101,9,7,r8cBVXdI698,3,0
20261008,UCSes4X8uDrpc4X46hJKjejg,0b8eta7f8mY,104,4,7,r8cBVXdI698,2,0
20261008,UCSes4X8uDrpc4X46hJKjejg,0b8eta7f8mY,104,5,7,r8cBVXdI698,7,0.14285714285714285
20261008,UCSes4X8uDrpc4X46hJKjejg,0b8eta7f8mY,101,9,7,sHFzUTyMk18,1,0
20261008,UCSes4X8uDrpc4X46hJKjejg,0b8eta7f8mY,104,5,7,sfs7hyHVc5E,2,0
20261008,UCSes4X8uDrpc4X46hJKjejg,0b8eta7f8mY,101,2,7,u9TJhOJxgk4,1,0
20261008,UCSes4X8uDrpc4X46hJKjejg,0b8eta7f8mY,104,5,7,u9TJhOJxgk4,2,0
20261008,UCSes4X8uDrpc4X46hJKjejg,0b8eta7f8mY,101,9,7,uAoIE59mF3s,1,0
20261008,UCSes4X8uDrpc4X46hJKjejg,0b8eta7f8mY,104,5,7,uS_pTl5bpv4,2,0
20261008,UCSes4X8uDrpc4X46hJKjejg,0b8eta7f8mY,101,9,7,uTEVDgK23uY,1,0
20261008,UCSes4X8uDrpc4X46hJKjejg,0b8eta7f8mY,104,5,7,uTEVDgK23uY,2,0
20261008,UCSes4X8uDrpc4X46hJKjejg,0b8eta7f8mY,104,5,7,vSPU3dvAWkE,2,0
20261008,UCSes4X8uDrpc4X46hJKjejg,0b8eta7f8mY,104,5,7,vmlRJXxtMsU,1,0
20261008,UCSes4X8uDrpc4X46hJKjejg,0b8eta7f8mY,101,9,7,vqK8C5ilO2E,1,0
20261008,UCSes4X8uDrpc4X46hJKjejg,0b8eta7f8mY,104,4,7,vsRYSJ_QL5k,1,0
20261008,UCSes4X8uDrpc4X46hJKjejg,0b8eta7f8mY,104,5,7,vsRYSJ_QL5k,1,0
20261008,UCSes4X8uDrpc4X46hJKjejg,0b8eta7f8mY,101,9,7,wBlDWb10RKg,1,0
20261008,UCSes4X8uDrpc4X46hJKjejg,0b8eta7f8mY,101,2,7,wTHKJaVgxqU,1,0
20261008,UCSes4X8uDrpc4X46hJKjejg,0b8eta7f8mY,101,9,7,wWGFrXOOvdI,1,0
20261008,UCSes4X8uDrpc4X46hJKjejg,0b8eta7f8mY,104,4,7,xKIQPtpZMUs,1,0
20261008,UCSes4X8uDrpc4X46hJKjejg,0b8eta7f8mY,101,9,7,xhuXsSoMl5k,1,0
20261008,UCSes4X8uDrpc4X46hJKjejg,0b8eta7f8mY,102,29,7,yPi0jk8YdoY,1,0
20261008,UCSes4X8uDrpc4X46hJKjejg,0b8eta7f8mY,104,4,7,zXrf-dBcpdg,1,0
20261008,UCSes4X8uDrpc4X46hJKjejg,0b8eta7f8mY,101,9,7,zp2SlvEwtLY,1,0
20261008,UCSes4X8uDrpc4X46hJKjejg,0b8eta7f8mY,104,5,7,zxVGXgFwSng,1,0
20261008,UCSes4X8uDrpc4X46hJKjejg,0b8eta7f8mY,104,5,14,PLpTXOh3J0pNfWwOuB7bYjjLPDLxACS7jN,1,0
20261008,UCSes4X8uDrpc4X46hJKjejg,0b8eta7f8mY,101,9,14,my-likes,1,0
20261008,UCSes4X8uDrpc4X46hJKjejg,0b8eta7f8mY,104,5,14,my-likes,5,0
20261008,UCSes4X8uDrpc4X46hJKjejg,0b8eta7f8mY,101,2,18,unknown,1,0
20261008,UCSes4X8uDrpc4X46hJKjejg,0b8eta7f8mY,101,9,18,unknown,1,0
20261008,UCSes4X8uDrpc4X46hJKjejg,0b8eta7f8mY,104,4,18,unknown,3,0
20261008,UCSes4X8uDrpc4X46hJKjejg,0b8eta7f8mY,104,5,18,unknown,19,0
20261008,UCSes4X8uDrpc4X46hJKjejg,0b8eta7f8mY,105,5,18,unknown,4,0
20261008,UCSes4X8uDrpc4X46hJKjejg,0gqaXrduLlw,101,2,5,unknown,2,0
20261008,UCSes4X8uDrpc4X46hJKjejg,0gqaXrduLlw,104,4,5,unknown,1,0
20261008,UCSes4X8uDrpc4X46hJKjejg,0ipk1CRDgH0,101,2,5,unknown,1,0
20261008,UCSes4X8uDrpc4X46hJKjejg,0ipk1CRDgH0,104,4,5,unknown,2,0
20261008,UCSes4X8uDrpc4X46hJKjejg,0ipk1CRDgH0,104,5,5,unknown,2,0
20261008,UCSes4X8uDrpc4X46hJKjejg,0lbad9fh3KM,101,2,5,unknown,1,0
20261008,UCSes4X8uDrpc4X46hJKjejg,0lbad9fh3KM,101,9,5,unknown,2,0
20261008,UCSes4X8uDrpc4X46hJKjejg,0lbad9fh3KM,101,30,5,unknown,2,0
20261008,UCSes4X8uDrpc4X46hJKjejg,0lbad9fh3KM,102,29,5,unknown,1,0
20261008,UCSes4X8uDrpc4X46hJKjejg,0lbad9fh3KM,104,4,5,unknown,4,0.25
20261008,UCSes4X8uDrpc4X46hJKjejg,0lbad9fh3KM,104,5,5,unknown,7,0.14285714285714285
20261008,UCSes4X8uDrpc4X46hJKjejg,0nYtXNTW54c,101,2,3,what-to-watch,1,0
20261008,UCSes4X8uDrpc4X46hJKjejg,0nYtXNTW54c,101,2,4,UCSes4X8uDrpc4X46hJKjejg,1,0
20261008,UCSes4X8uDrpc4X46hJKjejg,0nYtXNTW54c,101,9,4,UCSes4X8uDrpc4X46hJKjejg,1,0
20261008,UCSes4X8uDrpc4X46hJKjejg,0nYtXNTW54c,104,4,4,UCSes4X8uDrpc4X46hJKjejg,13,0
20261008,UCSes4X8uDrpc4X46hJKjejg,0nYtXNTW54c,104,5,4,UCSes4X8uDrpc4X46hJKjejg,4,0
20261008,UCSes4X8uDrpc4X46hJKjejg,0nYtXNTW54c,104,5,14,my-likes,1,0
20261008,UCSes4X8uDrpc4X46hJKjejg,0nYtXNTW54c,104,5,18,unknown,1,0
20261008,UCSes4X8uDrpc4X46hJKjejg,0pd2Mnfsy6o,102,4,3,what-to-watch,1,0
20261008,UCSes4X8uDrpc4X46hJKjejg,10E4EUZZK8k,101,2,4,UCSes4X8uDrpc4X46hJKjejg,1,0
20261008,UCSes4X8uDrpc4X46hJKjejg,10E4EUZZK8k,101,9,4,UCSes4X8uDrpc4X46hJKjejg,1,0
20261008,UCSes4X8uDrpc4X46hJKjejg,10E4EUZZK8k,104,4,4,UCSes4X8uDrpc4X46hJKjejg,14,0
20261008,UCSes4X8uDrpc4X46hJKjejg,10E4EUZZK8k,104,5,4,UCSes4X8uDrpc4X46hJKjejg,5,0
20261008,UCSes4X8uDrpc4X46hJKjejg,18S1GBfKaIo,101,2,3,what-to-watch,8,0.125
20261008,UCSes4X8uDrpc4X46hJKjejg,18S1GBfKaIo,101,9,3,what-to-watch,2,0
20261008,UCSes4X8uDrpc4X46hJKjejg,18S1GBfKaIo,102,1,3,what-to-watch,1,0
20261008,UCSes4X8uDrpc4X46hJKjejg,18S1GBfKaIo,102,12,3,what-to-watch,2,0
20261008,UCSes4X8uDrpc4X46hJKjejg,18S1GBfKaIo,102,19,3,what-to-watch,2,0
20261008,UCSes4X8uDrpc4X46hJKjejg,18S1GBfKaIo,102,26,3,what-to-watch,7,0
20261008,UCSes4X8uDrpc4X46hJKjejg,18S1GBfKaIo,102,28,3,what-to-watch,1,0
20261008,UCSes4X8uDrpc4X46hJKjejg,18S1GBfKaIo,102,29,3,what-to-watch,1,0
20261008,UCSes4X8uDrpc4X46hJKjejg,18S1GBfKaIo,103,10,3,what-to-watch,3,0.33333333333333331
20261008,UCSes4X8uDrpc4X46hJKjejg,18S1GBfKaIo,104,4,3,what-to-watch,14,0.14285714285714285
20261008,UCSes4X8uDrpc4X46hJKjejg,18S1GBfKaIo,104,5,3,what-to-watch,20,0
20261008,UCSes4X8uDrpc4X46hJKjejg,18S1GBfKaIo,105,5,3,what-to-watch,6,0
20261008,UCSes4X8uDrpc4X46hJKjejg,18S1GBfKaIo,101,2,4,UCSes4X8uDrpc4X46hJKjejg,1,0
20261008,UCSes4X8uDrpc4X46hJKjejg,18S1GBfKaIo,101,2,5,unknown,1,1
20261008,UCSes4X8uDrpc4X46hJKjejg,18S1GBfKaIo,101,9,5,unknown,1,0
20261008,UCSes4X8uDrpc4X46hJKjejg,18S1GBfKaIo,102,26,5,unknown,2,0
20261008,UCSes4X8uDrpc4X46hJKjejg,18S1GBfKaIo,104,4,5,unknown,3,0
20261008,UCSes4X8uDrpc4X46hJKjejg,18S1GBfKaIo,104,5,5,unknown,3,0.33333333333333331
20261008,UCSes4X8uDrpc4X46hJKjejg,18S1GBfKaIo,105,5,5,unknown,2,0
20261008,UCSes4X8uDrpc4X46hJKjejg,18S1GBfKaIo,105,5,7,598JWSbTfSo,1,0
20261008,UCSes4X8uDrpc4X46hJKjejg,18S1GBfKaIo,101,9,7,FHEr2eQEoLc,1,0
20261008,UCSes4X8uDrpc4X46hJKjejg,18S1GBfKaIo,101,9,7,IZRR4d8XzP8,1,0
20261008,UCSes4X8uDrpc4X46hJKjejg,18S1GBfKaIo,104,5,7,QHy6zmNd0jw,2,0
20261008,UCSes4X8uDrpc4X46hJKjejg,18S1GBfKaIo,101,9,7,Rdo17OuHjAk,1,0
20261008,UCSes4X8uDrpc4X46hJKjejg,18S1GBfKaIo,104,5,7,X0vUKYpF6W8,2,0.5
20261008,UCSes4X8uDrpc4X46hJKjejg,18S1GBfKaIo,104,5,7,YMpEbfqXWWA,1,0
20261008,UCSes4X8uDrpc4X46hJKjejg,18S1GBfKaIo,101,2,7,cstesup8vcU,1,0
20261008,UCSes4X8uDrpc4X46hJKjejg,18S1GBfKaIo,104,5,7,gMb1siPn6Pc,1,0
20261008,UCSes4X8uDrpc4X46hJKjejg,18S1GBfKaIo,102,26,7,i4ZkQPHlWZM,1,0
20261008,UCSes4X8uDrpc4X46hJKjejg,18S1GBfKaIo,101,9,7,ob8AL0Cq0hc,1,0
20261008,UCSes4X8uDrpc4X46hJKjejg,18S1GBfKaIo,101,9,7,zo5XsjOhraY,1,0
20261008,UCSes4X8uDrpc4X46hJKjejg,18S1GBfKaIo,101,9,14,PLX3ZLYz4-6vE2_ZNLW5AfzbHTd1jTskDl,1,0
20261008,UCSes4X8uDrpc4X46hJKjejg,198kcwoCgIY,101,2,5,unknown,6,0
20261008,UCSes4X8uDrpc4X46hJKjejg,198kcwoCgIY,101,9,5,unknown,2,0
20261008,UCSes4X8uDrpc4X46hJKjejg,198kcwoCgIY,102,1,5,unknown,1,0
20261008,UCSes4X8uDrpc4X46hJKjejg,198kcwoCgIY,102,4,5,unknown,4,0
20261008,UCSes4X8uDrpc4X46hJKjejg,198kcwoCgIY,102,26,5,unknown,4,0
20261008,UCSes4X8uDrpc4X46hJKjejg,198kcwoCgIY,102,29,5,unknown,2,0
20261008,UCSes4X8uDrpc4X46hJKjejg,198kcwoCgIY,104,4,5,unknown,12,0
20261008,UCSes4X8uDrpc4X46hJKjejg,198kcwoCgIY,104,5,5,unknown,16,0
20261008,UCSes4X8uDrpc4X46hJKjejg,1Q_KwWG8IrY,104,4,5,unknown,1,0
20261008,UCSes4X8uDrpc4X46hJKjejg,1Q_KwWG8IrY,101,9,14,PLX3ZLYz4-6vE2_ZNLW5AfzbHTd1jTskDl,2,0
20261008,UCSes4X8uDrpc4X46hJKjejg,1Q_KwWG8IrY,101,9,18,unknown,3,0
20261008,UCSes4X8uDrpc4X46hJKjejg,1Q_KwWG8IrY,104,4,18,unknown,1,0
20261008,UCSes4X8uDrpc4X46hJKjejg,1Q_KwWG8IrY,104,5,18,unknown,1,0
20261008,UCSes4X8uDrpc4X46hJKjejg,1SiaN1DXqsE,101,2,3,what-to-watch,1,0
20261008,UCSes4X8uDrpc4X46hJKjejg,1SiaN1DXqsE,102,4,5,unknown,1,0
20261008,UCSes4X8uDrpc4X46hJKjejg,1SiaN1DXqsE,102,19,5,unknown,1,0
20261008,UCSes4X8uDrpc4X46hJKjejg,1SiaN1DXqsE,102,26,5,unknown,1,0
20261008,UCSes4X8uDrpc4X46hJKjejg,1SiaN1DXqsE,104,4,5,unknown,2,0
20261008,UCSes4X8uDrpc4X46hJKjejg,1TP1WrccvpY,104,4,4,UCSes4X8uDrpc4X46hJKjejg,2,0
20261008,UCSes4X8uDrpc4X46hJKjejg,1TP1WrccvpY,102,29,5,unknown,2,0
20261008,UCSes4X8uDrpc4X46hJKjejg,1TP1WrccvpY,104,5,5,unknown,3,0.33333333333333331
20261008,UCSes4X8uDrpc4X46hJKjejg,1Vs6b9DRFto,101,2,3,what-to-watch,2,0
20261008,UCSes4X8uDrpc4X46hJKjejg,1Vs6b9DRFto,101,9,3,what-to-watch,1,0
20261008,UCSes4X8uDrpc4X46hJKjejg,1Vs6b9DRFto,101,30,3,what-to-watch,1,0
20261008,UCSes4X8uDrpc4X46hJKjejg,1Vs6b9DRFto,102,19,3,what-to-watch,1,0
20261008,UCSes4X8uDrpc4X46hJKjejg,1Vs6b9DRFto,102,26,3,what-to-watch,2,0
20261008,UCSes4X8uDrpc4X46hJKjejg,1Vs6b9DRFto,102,28,3,what-to-watch,2,0
20261008,UCSes4X8uDrpc4X46hJKjejg,1Vs6b9DRFto,104,4,3,what-to-watch,4,0
20261008,UCSes4X8uDrpc4X46hJKjejg,1Vs6b9DRFto,104,5,3,what-to-watch,3,0
20261008,UCSes4X8uDrpc4X46hJKjejg,1Vs6b9DRFto,105,5,3,what-to-watch,6,0.16666666666666666
20261008,UCSes4X8uDrpc4X46hJKjejg,1Vs6b9DRFto,102,26,5,unknown,2,0
20261008,UCSes4X8uDrpc4X46hJKjejg,1Vs6b9DRFto,102,29,5,unknown,1,0
20261008,UCSes4X8uDrpc4X46hJKjejg,1Vs6b9DRFto,104,4,5,unknown,3,0
20261008,UCSes4X8uDrpc4X46hJKjejg,1Vs6b9DRFto,104,5,5,unknown,15,0.13333333333333333
20261008,UCSes4X8uDrpc4X46hJKjejg,1Vs6b9DRFto,101,2,7,C8dU7dhrH00,1,0
20261008,UCSes4X8uDrpc4X46hJKjejg,1Vs6b9DRFto,102,12,7,C8dU7dhrH00,1,0
20261008,UCSes4X8uDrpc4X46hJKjejg,1Vs6b9DRFto,104,5,7,C8dU7dhrH00,1,1
20261008,UCSes4X8uDrpc4X46hJKjejg,1Vs6b9DRFto,101,9,7,CUGARtVZLAI,1,0
20261008,UCSes4X8uDrpc4X46hJKjejg,1Wth6gVDv0s,104,5,3,what-to-watch,1,0
20261008,UCSes4X8uDrpc4X46hJKjejg,1Wth6gVDv0s,104,4,4,UCSes4X8uDrpc4X46hJKjejg,2,0
20261008,UCSes4X8uDrpc4X46hJKjejg,1Wth6gVDv0s,101,2,5,unknown,1,0
20261008,UCSes4X8uDrpc4X46hJKjejg,1Wth6gVDv0s,101,9,5,unknown,2,0
20261008,UCSes4X8uDrpc4X46hJKjejg,1Wth6gVDv0s,101,30,5,unknown,10,0
20261008,UCSes4X8uDrpc4X46hJKjejg,1Wth6gVDv0s,102,4,5,unknown,1,0
20261008,UCSes4X8uDrpc4X46hJKjejg,1Wth6gVDv0s,102,26,5,unknown,2,0
20261008,UCSes4X8uDrpc4X46hJKjejg,1Wth6gVDv0s,103,17,5,unknown,1,0
20261008,UCSes4X8uDrpc4X46hJKjejg,1Wth6gVDv0s,104,4,5,unknown,5,0
20261008,UCSes4X8uDrpc4X46hJKjejg,1Wth6gVDv0s,104,5,5,unknown,2,0
20261008,UCSes4X8uDrpc4X46hJKjejg,1Wth6gVDv0s,101,9,14,PLX3ZLYz4-6vGPj3fidCpGtL4LFqhL7zJy,1,0
20261008,UCSes4X8uDrpc4X46hJKjejg,1Wth6gVDv0s,101,9,18,unknown,1,0
20261008,UCSes4X8uDrpc4X46hJKjejg,1cSYFaZ5rUU,104,5,5,unknown,2,0
20261008,UCSes4X8uDrpc4X46hJKjejg,1ddQAJKAWeM,101,2,4,UCSes4X8uDrpc4X46hJKjejg,1,0
20261008,UCSes4X8uDrpc4X46hJKjejg,1ddQAJKAWeM,101,2,5,unknown,1,0
20261008,UCSes4X8uDrpc4X46hJKjejg,1ddQAJKAWeM,101,30,5,unknown,1,0
20261008,UCSes4X8uDrpc4X46hJKjejg,1eStVxHXVaM,104,5,3,what-to-watch,3,0
20261008,UCSes4X8uDrpc4X46hJKjejg,1eStVxHXVaM,104,4,4,UCSes4X8uDrpc4X46hJKjejg,2,0
20261008,UCSes4X8uDrpc4X46hJKjejg,1eStVxHXVaM,101,2,5,unknown,1,0
20261008,UCSes4X8uDrpc4X46hJKjejg,1eStVxHXVaM,104,4,5,unknown,1,0
20261008,UCSes4X8uDrpc4X46hJKjejg,1eStVxHXVaM,104,5,5,unknown,5,0
20261008,UCSes4X8uDrpc4X46hJKjejg,1eStVxHXVaM,105,5,5,unknown,1,0
20261008,UCSes4X8uDrpc4X46hJKjejg,1eZ6KFyZrEo,104,5,5,unknown,2,0
20261008,UCSes4X8uDrpc4X46hJKjejg,1nxu3s1E1nU,104,5,4,UCSes4X8uDrpc4X46hJKjejg,2,0
20261008,UCSes4X8uDrpc4X46hJKjejg,1r9wOlGPH28,102,4,5,unknown,1,0
20261008,UCSes4X8uDrpc4X46hJKjejg,1r9wOlGPH28,104,4,5,unknown,2,0
20261008,UCSes4X8uDrpc4X46hJKjejg,1t3OClu0AG8,104,5,4,UCSes4X8uDrpc4X46hJKjejg,4,0
20261008,UCSes4X8uDrpc4X46hJKjejg,1t3OClu0AG8,101,2,5,unknown,1,0
20261008,UCSes4X8uDrpc4X46hJKjejg,1t3OClu0AG8,102,29,5,unknown,1,0
20261008,UCSes4X8uDrpc4X46hJKjejg,1t3OClu0AG8,104,4,5,unknown,1,0
20261008,UCSes4X8uDrpc4X46hJKjejg,1vlcjLtd_AM,101,2,5,unknown,2,0
20261008,UCSes4X8uDrpc4X46hJKjejg,1vlcjLtd_AM,101,9,5,unknown,2,0
20261008,UCSes4X8uDrpc4X46hJKjejg,1vlcjLtd_AM,102,26,5,unknown,1,0
20261008,UCSes4X8uDrpc4X46hJKjejg,1vlcjLtd_AM,104,4,5,unknown,15,0.13333333333333333
20261008,UCSes4X8uDrpc4X46hJKjejg,1vlcjLtd_AM,104,5,5,unknown,30,0.2
20261008,UCSes4X8uDrpc4X46hJKjejg,1w4NOk9bZf4,101,2,4,UCSes4X8uDrpc4X46hJKjejg,1,0
20261008,UCSes4X8uDrpc4X46hJKjejg,222EkE1XZs0,102,1,3,what-to-watch,1,0
20261008,UCSes4X8uDrpc4X46hJKjejg,222EkE1XZs0,101,2,5,unknown,2,0
20261008,UCSes4X8uDrpc4X46hJKjejg,222EkE1XZs0,101,9,5,unknown,3,0
20261008,UCSes4X8uDrpc4X46hJKjejg,222EkE1XZs0,104,5,5,unknown,1,0
20261008,UCSes4X8uDrpc4X46hJKjejg,22Dv4-Y7JtU,101,2,4,UCSes4X8uDrpc4X46hJKjejg,1,0
20261008,UCSes4X8uDrpc4X46hJKjejg,22Dv4-Y7JtU,104,5,5,unknown,2,0
20261008,UCSes4X8uDrpc4X46hJKjejg,2A1ALFr2A3c,104,5,4,UCSes4X8uDrpc4X46hJKjejg,2,0
20261008,UCSes4X8uDrpc4X46hJKjejg,2A1ALFr2A3c,101,2,5,unknown,1,0
20261008,UCSes4X8uDrpc4X46hJKjejg,2A1ALFr2A3c,104,4,5,unknown,1,0
20261008,UCSes4X8uDrpc4X46hJKjejg,2G7tslBq--g,102,26,3,what-to-watch,1,0
20261008,UCSes4X8uDrpc4X46hJKjejg,2G7tslBq--g,105,5,7,J39ahAPa8Ng,1,0
20261008,UCSes4X8uDrpc4X46hJKjejg,2G7tslBq--g,101,9,14,PLX3ZLYz4-6vE2_ZNLW5AfzbHTd1jTskDl,1,0
20261008,UCSes4X8uDrpc4X46hJKjejg,2G7tslBq--g,104,4,14,PLX3ZLYz4-6vE2_ZNLW5AfzbHTd1jTskDl,3,0
20261008,UCSes4X8uDrpc4X46hJKjejg,2G7tslBq--g,101,9,18,unknown,1,0
20261008,UCSes4X8uDrpc4X46hJKjejg,2G7tslBq--g,104,4,18,unknown,2,0
20261008,UCSes4X8uDrpc4X46hJKjejg,2G7tslBq--g,104,5,18,unknown,1,0
20261008,UCSes4X8uDrpc4X46hJKjejg,2JP4H1xoNWU,104,4,4,UCSes4X8uDrpc4X46hJKjejg,1,0
20261008,UCSes4X8uDrpc4X46hJKjejg,2Jff2sVZej0,104,4,4,UCSes4X8uDrpc4X46hJKjejg,1,0
20261008,UCSes4X8uDrpc4X46hJKjejg,2Jff2sVZej0,102,1,5,unknown,1,0
20261008,UCSes4X8uDrpc4X46hJKjejg,2Jff2sVZej0,102,4,5,unknown,1,0
20261008,UCSes4X8uDrpc4X46hJKjejg,2Jff2sVZej0,104,4,5,unknown,1,0
20261008,UCSes4X8uDrpc4X46hJKjejg,2Jff2sVZej0,104,5,5,unknown,4,0
20261008,UCSes4X8uDrpc4X46hJKjejg,2KDQxZ48L88,101,2,5,unknown,1,0
20261008,UCSes4X8uDrpc4X46hJKjejg,2KDQxZ48L88,102,19,5,unknown,1,0
20261008,UCSes4X8uDrpc4X46hJKjejg,2KDQxZ48L88,102,26,5,unknown,2,0.5
20261008,UCSes4X8uDrpc4X46hJKjejg,2KDQxZ48L88,104,5,5,unknown,1,0
20261008,UCSes4X8uDrpc4X46hJKjejg,2KDQxZ48L88,105,5,5,unknown,3,0
20261008,UCSes4X8uDrpc4X46hJKjejg,2KDQxZ48L88,104,4,18,unknown,1,0
20261008,UCSes4X8uDrpc4X46hJKjejg,2N7Gi7Fed5c,104,4,4,UCSes4X8uDrpc4X46hJKjejg,2,0
20261008,UCSes4X8uDrpc4X46hJKjejg,2N7Gi7Fed5c,104,4,5,unknown,2,0
20261008,UCSes4X8uDrpc4X46hJKjejg,2N7Gi7Fed5c,101,9,18,unknown,1,0
20261008,UCSes4X8uDrpc4X46hJKjejg,2Q710LlwPG4,101,2,3,what-to-watch,1,0
20261008,UCSes4X8uDrpc4X46hJKjejg,2Q710LlwPG4,104,5,3,what-to-watch,1,0
20261008,UCSes4X8uDrpc4X46hJKjejg,2Q710LlwPG4,104,4,4,UCSes4X8uDrpc4X46hJKjejg,1,0
20261008,UCSes4X8uDrpc4X46hJKjejg,2Q710LlwPG4,102,4,5,unknown,1,0
20261008,UCSes4X8uDrpc4X46hJKjejg,2Q710LlwPG4,104,4,5,unknown,2,0
20261008,UCSes4X8uDrpc4X46hJKjejg,2Q710LlwPG4,104,5,5,unknown,1,0
20261008,UCSes4X8uDrpc4X46hJKjejg,2QTpTL9bIDQ,101,9,3,what-to-watch,1,0
20261008,UCSes4X8uDrpc4X46hJKjejg,2QTpTL9bIDQ,102,19,3,what-to-watch,1,0
20261008,UCSes4X8uDrpc4X46hJKjejg,2QTpTL9bIDQ,102,29,3,what-to-watch,1,0
20261008,UCSes4X8uDrpc4X46hJKjejg,2QTpTL9bIDQ,101,2,4,UCSes4X8uDrpc4X46hJKjejg,1,0
20261008,UCSes4X8uDrpc4X46hJKjejg,2QTpTL9bIDQ,104,5,4,UCSes4X8uDrpc4X46hJKjejg,2,0
20261008,UCSes4X8uDrpc4X46hJKjejg,2QTpTL9bIDQ,102,29,7,2OQfSOnT1GE,1,0
20261008,UCSes4X8uDrpc4X46hJKjejg,2QTpTL9bIDQ,104,4,7,EZ7WjfAU1MI,1,0
20261008,UCSes4X8uDrpc4X46hJKjejg,2QTpTL9bIDQ,101,2,7,SKjEAfe9z2s,1,0
20261008,UCSes4X8uDrpc4X46hJKjejg,2QTpTL9bIDQ,101,2,7,Zyejuehgrus,1,0
20261008,UCSes4X8uDrpc4X46hJKjejg,2QTpTL9bIDQ,101,9,14,PLX3ZLYz4-6vE2_ZNLW5AfzbHTd1jTskDl,1,0
20261008,UCSes4X8uDrpc4X46hJKjejg,2QTpTL9bIDQ,104,4,14,PLX3ZLYz4-6vE2_ZNLW5AfzbHTd1jTskDl,6,0
20261008,UCSes4X8uDrpc4X46hJKjejg,2QTpTL9bIDQ,101,9,18,unknown,1,0
20261008,UCSes4X8uDrpc4X46hJKjejg,2QTpTL9bIDQ,104,4,18,unknown,2,0
20261008,UCSes4X8uDrpc4X46hJKjejg,2dTehcFnpis,102,26,5,unknown,4,0
20261008,UCSes4X8uDrpc4X46hJKjejg,2dTehcFnpis,104,4,5,unknown,3,0
20261008,UCSes4X8uDrpc4X46hJKjejg,2dTehcFnpis,104,5,5,unknown,1,0
20261008,UCSes4X8uDrpc4X46hJKjejg,2gGszKKgqT8,104,4,5,unknown,1,0
20261008,UCSes4X8uDrpc4X46hJKjejg,2gYc9vascu8,101,2,5,unknown,2,0
20261008,UCSes4X8uDrpc4X46hJKjejg,2gYc9vascu8,101,9,5,unknown,2,0
20261008,UCSes4X8uDrpc4X46hJKjejg,2gYc9vascu8,103,10,5,unknown,1,0
20261008,UCSes4X8uDrpc4X46hJKjejg,2gYc9vascu8,104,4,5,unknown,2,0
20261008,UCSes4X8uDrpc4X46hJKjejg,2gYc9vascu8,104,5,5,unknown,7,0.2857142857142857
20261008,UCSes4X8uDrpc4X46hJKjejg,2jej5GkfXkE,101,30,7,t4wHHZd_XSc,1,0
20261008,UCSes4X8uDrpc4X46hJKjejg,2n5LJUyMtAk,102,4,3,/my_subscriptions,1,0
20261008,UCSes4X8uDrpc4X46hJKjejg,2n5LJUyMtAk,102,26,3,/my_subscriptions,1,0
20261008,UCSes4X8uDrpc4X46hJKjejg,2n5LJUyMtAk,104,5,3,/my_subscriptions,1,0
20261008,UCSes4X8uDrpc4X46hJKjejg,2n5LJUyMtAk,101,1,3,what-to-watch,3,0
20261008,UCSes4X8uDrpc4X46hJKjejg,2n5LJUyMtAk,101,2,3,what-to-watch,376,0.066489361702127658
20261008,UCSes4X8uDrpc4X46hJKjejg,2n5LJUyMtAk,101,9,3,what-to-watch,157,0.050955414012738856
20261008,UCSes4X8uDrpc4X46hJKjejg,2n5LJUyMtAk,101,30,3,what-to-watch,15,0.066666666666666666
20261008,UCSes4X8uDrpc4X46hJKjejg,2n5LJUyMtAk,102,1,3,what-to-watch,104,0.076923076923076927
20261008,UCSes4X8uDrpc4X46hJKjejg,2n5LJUyMtAk,102,4,3,what-to-watch,225,0.071111111111111111
20261008,UCSes4X8uDrpc4X46hJKjejg,2n5LJUyMtAk,102,12,3,what-to-watch,100,0.05
20261008,UCSes4X8uDrpc4X46hJKjejg,2n5LJUyMtAk,102,19,3,what-to-watch,309,0.071197411003236247
20261008,UCSes4X8uDrpc4X46hJKjejg,2n5LJUyMtAk,102,21,3,what-to-watch,5,0.2
20261008,UCSes4X8uDrpc4X46hJKjejg,2n5LJUyMtAk,102,26,3,what-to-watch,444,0.063063063063063057
20261008,UCSes4X8uDrpc4X46hJKjejg,2n5LJUyMtAk,102,28,3,what-to-watch,62,0.064516129032258063
20261008,UCSes4X8uDrpc4X46hJKjejg,2n5LJUyMtAk,102,29,3,what-to-watch,354,0.036723163841807911
20261008,UCSes4X8uDrpc4X46hJKjejg,2n5LJUyMtAk,102,31,3,what-to-watch,2,0
20261008,UCSes4X8uDrpc4X46hJKjejg,2n5LJUyMtAk,103,10,3,what-to-watch,57,0.017543859649122806
20261008,UCSes4X8uDrpc4X46hJKjejg,2n5LJUyMtAk,103,17,3,what-to-watch,48,0.041666666666666664
20261008,UCSes4X8uDrpc4X46hJKjejg,2n5LJUyMtAk,103,27,3,what-to-watch,1,0
20261008,UCSes4X8uDrpc4X46hJKjejg,2n5LJUyMtAk,104,4,3,what-to-watch,317,0.082018927444794956
20261008,UCSes4X8uDrpc4X46hJKjejg,2n5LJUyMtAk,104,5,3,what-to-watch,1067,0.063730084348641053
20261008,UCSes4X8uDrpc4X46hJKjejg,2n5LJUyMtAk,105,5,3,what-to-watch,149,0.013422818791946308
20261008,UCSes4X8uDrpc4X46hJKjejg,2n5LJUyMtAk,101,2,4,UCSes4X8uDrpc4X46hJKjejg,18,0
20261008,UCSes4X8uDrpc4X46hJKjejg,2n5LJUyMtAk,101,9,4,UCSes4X8uDrpc4X46hJKjejg,26,0
20261008,UCSes4X8uDrpc4X46hJKjejg,2n5LJUyMtAk,101,30,4,UCSes4X8uDrpc4X46hJKjejg,1,0
20261008,UCSes4X8uDrpc4X46hJKjejg,2n5LJUyMtAk,104,4,4,UCSes4X8uDrpc4X46hJKjejg,23,0.043478260869565216
20261008,UCSes4X8uDrpc4X46hJKjejg,2n5LJUyMtAk,104,5,4,UCSes4X8uDrpc4X46hJKjejg,38,0.026315789473684209
20261008,UCSes4X8uDrpc4X46hJKjejg,2n5LJUyMtAk,101,2,5,unknown,1,1
20261008,UCSes4X8uDrpc4X46hJKjejg,2n5LJUyMtAk,102,1,5,unknown,2,0
20261008,UCSes4X8uDrpc4X46hJKjejg,2n5LJUyMtAk,102,4,5,unknown,3,0.33333333333333331
20261008,UCSes4X8uDrpc4X46hJKjejg,2n5LJUyMtAk,102,12,5,unknown,2,0
20261008,UCSes4X8uDrpc4X46hJKjejg,2n5LJUyMtAk,102,19,5,unknown,5,0
20261008,UCSes4X8uDrpc4X46hJKjejg,2n5LJUyMtAk,102,26,5,unknown,5,0
20261008,UCSes4X8uDrpc4X46hJKjejg,2n5LJUyMtAk,102,28,5,unknown,2,0
20261008,UCSes4X8uDrpc4X46hJKjejg,2n5LJUyMtAk,102,29,5,unknown,3,0
20261008,UCSes4X8uDrpc4X46hJKjejg,2n5LJUyMtAk,103,10,5,unknown,1,0
20261008,UCSes4X8uDrpc4X46hJKjejg,2n5LJUyMtAk,104,5,5,unknown,3,0
20261008,UCSes4X8uDrpc4X46hJKjejg,2n5LJUyMtAk,104,4,7,-TauZcQxKUU,1,0
20261008,UCSes4X8uDrpc4X46hJKjejg,2n5LJUyMtAk,104,4,7,-_LfCjKsPUQ,1,0
20261008,UCSes4X8uDrpc4X46hJKjejg,2n5LJUyMtAk,104,4,7,-yY3lgJ1kpw,1,0
20261008,UCSes4X8uDrpc4X46hJKjejg,2n5LJUyMtAk,104,5,7,04u7SK4x0UU,2,0
20261008,UCSes4X8uDrpc4X46hJKjejg,2n5LJUyMtAk,101,2,7,0b8eta7f8mY,1,0
20261008,UCSes4X8uDrpc4X46hJKjejg,2n5LJUyMtAk,104,5,7,0b8eta7f8mY,1,1
20261008,UCSes4X8uDrpc4X46hJKjejg,2n5LJUyMtAk,101,2,7,1fwQjqxNJ3I,1,0
20261008,UCSes4X8uDrpc4X46hJKjejg,2n5LJUyMtAk,105,5,7,2vf4qDJNyOw,1,0
20261008,UCSes4X8uDrpc4X46hJKjejg,2n5LJUyMtAk,104,4,7,3X-kTwCqefE,1,0
20261008,UCSes4X8uDrpc4X46hJKjejg,2n5LJUyMtAk,101,2,7,43H1nodLnYg,1,0
20261008,UCSes4X8uDrpc4X46hJKjejg,2n5LJUyMtAk,104,5,7,43H1nodLnYg,1,0
20261008,UCSes4X8uDrpc4X46hJKjejg,2n5LJUyMtAk,101,2,7,4HxyziSsYcg,1,0
20261008,UCSes4X8uDrpc4X46hJKjejg,2n5LJUyMtAk,104,4,7,5WqZCcCajdM,1,0
20261008,UCSes4X8uDrpc4X46hJKjejg,2n5LJUyMtAk,104,4,7,6ljakZEWb0o,2,0
20261008,UCSes4X8uDrpc4X46hJKjejg,2n5LJUyMtAk,101,2,7,6pS2jnd85H8,1,0
20261008,UCSes4X8uDrpc4X46hJKjejg,2n5LJUyMtAk,101,30,7,7yH7AHVK4i8,1,0
20261008,UCSes4X8uDrpc4X46hJKjejg,2n5LJUyMtAk,101,9,7,A1hbcuN6z9U,1,0
20261008,UCSes4X8uDrpc4X46hJKjejg,2n5LJUyMtAk,104,5,7,AeuI70s5jHA,1,0
20261008,UCSes4X8uDrpc4X46hJKjejg,2n5LJUyMtAk,101,2,7,BsgTwxk8yfA,1,1
20261008,UCSes4X8uDrpc4X46hJKjejg,2n5LJUyMtAk,104,4,7,EMceAPX7BCw,2,0
20261008,UCSes4X8uDrpc4X46hJKjejg,2n5LJUyMtAk,101,9,7,FHEr2eQEoLc,1,0
20261008,UCSes4X8uDrpc4X46hJKjejg,2n5LJUyMtAk,101,9,7,IIRl-bs9MRI,1,0
20261008,UCSes4X8uDrpc4X46hJKjejg,2n5LJUyMtAk,101,9,7,K9lfIVBDR2Q,1,1
20261008,UCSes4X8uDrpc4X46hJKjejg,2n5LJUyMtAk,104,5,7,LAg96m1rk8s,2,0
20261008,UCSes4X8uDrpc4X46hJKjejg,2n5LJUyMtAk,101,2,7,Lmol28xsIC8,1,0
20261008,UCSes4X8uDrpc4X46hJKjejg,2n5LJUyMtAk,104,4,7,MbF6aDmSn34,1,0
20261008,UCSes4X8uDrpc4X46hJKjejg,2n5LJUyMtAk,101,2,7,NevQhCjIqKs,1,0
20261008,UCSes4X8uDrpc4X46hJKjejg,2n5LJUyMtAk,101,2,7,PoyUkRaWZiM,1,0
20261008,UCSes4X8uDrpc4X46hJKjejg,2n5LJUyMtAk,103,10,7,PoyUkRaWZiM,1,0
20261008,UCSes4X8uDrpc4X46hJKjejg,2n5LJUyMtAk,104,5,7,Rl73WZoqKzE,1,0
20261008,UCSes4X8uDrpc4X46hJKjejg,2n5LJUyMtAk,104,5,7,TtqhUvJWZMc,1,0
20261008,UCSes4X8uDrpc4X46hJKjejg,2n5LJUyMtAk,101,9,7,UvWPXkksqmM,1,0
20261008,UCSes4X8uDrpc4X46hJKjejg,2n5LJUyMtAk,101,2,7,WPvlGSzXaq8,1,0
20261008,UCSes4X8uDrpc4X46hJKjejg,2n5LJUyMtAk,101,9,7,Xn7Wjs-IpSM,2,0
20261008,UCSes4X8uDrpc4X46hJKjejg,2n5LJUyMtAk,101,30,7,aAkXagl5rw0,2,0
20261008,UCSes4X8uDrpc4X46hJKjejg,2n5LJUyMtAk,101,2,7,anMre-4bsj0,1,0
20261008,UCSes4X8uDrpc4X46hJKjejg,2n5LJUyMtAk,104,5,7,atTGEbvSYno,1,0
20261008,UCSes4X8uDrpc4X46hJKjejg,2n5LJUyMtAk,104,5,7,cvzriZehtOY,1,0
20261008,UCSes4X8uDrpc4X46hJKjejg,2n5LJUyMtAk,101,2,7,gTMjT4y5LHE,7,0
20261008,UCSes4X8uDrpc4X46hJKjejg,2n5LJUyMtAk,101,9,7,gTMjT4y5LHE,3,0
20261008,UCSes4X8uDrpc4X46hJKjejg,2n5LJUyMtAk,103,10,7,gTMjT4y5LHE,1,0
20261008,UCSes4X8uDrpc4X46hJKjejg,2n5LJUyMtAk,104,4,7,gTMjT4y5LHE,3,0
20261008,UCSes4X8uDrpc4X46hJKjejg,2n5LJUyMtAk,104,5,7,gTMjT4y5LHE,1,0
20261008,UCSes4X8uDrpc4X46hJKjejg,2n5LJUyMtAk,101,2,7,hY_Dw7piyGk,1,0
20261008,UCSes4X8uDrpc4X46hJKjejg,2n5LJUyMtAk,104,5,7,hY_Dw7piyGk,1,0
20261008,UCSes4X8uDrpc4X46hJKjejg,2n5LJUyMtAk,104,4,7,i-wSaWp9sT0,1,0
20261008,UCSes4X8uDrpc4X46hJKjejg,2n5LJUyMtAk,104,4,7,iBNwxGtEbCQ,1,0
20261008,UCSes4X8uDrpc4X46hJKjejg,2n5LJUyMtAk,104,4,7,m1qC8Tru_1w,1,0
20261008,UCSes4X8uDrpc4X46hJKjejg,2n5LJUyMtAk,104,5,7,mBS4KuIdV4w,1,0
20261008,UCSes4X8uDrpc4X46hJKjejg,2n5LJUyMtAk,104,5,7,pUg8tmhESnA,1,0
20261008,UCSes4X8uDrpc4X46hJKjejg,2n5LJUyMtAk,104,4,7,pynHr_Qtd38,1,0
20261008,UCSes4X8uDrpc4X46hJKjejg,2n5LJUyMtAk,104,5,7,pynHr_Qtd38,1,0
20261008,UCSes4X8uDrpc4X46hJKjejg,2n5LJUyMtAk,101,2,7,q-SxfFj1gZE,1,0
20261008,UCSes4X8uDrpc4X46hJKjejg,2n5LJUyMtAk,104,4,7,qUxrR5z4IrA,1,0
20261008,UCSes4X8uDrpc4X46hJKjejg,2n5LJUyMtAk,101,2,7,qVibSlUEGbs,1,0
20261008,UCSes4X8uDrpc4X46hJKjejg,2n5LJUyMtAk,104,5,7,rdvvrlDsmzk,1,0
20261008,UCSes4X8uDrpc4X46hJKjejg,2n5LJUyMtAk,101,9,7,tl_kEy-8WPA,1,0
20261008,UCSes4X8uDrpc4X46hJKjejg,2n5LJUyMtAk,104,4,7,u21MRyqYYMI,1,0
20261008,UCSes4X8uDrpc4X46hJKjejg,2n5LJUyMtAk,101,2,7,uAWqbrxGUik,1,0
20261008,UCSes4X8uDrpc4X46hJKjejg,2n5LJUyMtAk,101,2,7,uZTvm48WKT4,1,1
20261008,UCSes4X8uDrpc4X46hJKjejg,2n5LJUyMtAk,101,2,7,uqgSGkuGZ9s,1,0
20261008,UCSes4X8uDrpc4X46hJKjejg,2n5LJUyMtAk,102,29,7,wJyW-QDqWm0,1,0
20261008,UCSes4X8uDrpc4X46hJKjejg,2n5LJUyMtAk,104,5,7,wWWsBsNThUA,1,0
20261008,UCSes4X8uDrpc4X46hJKjejg,2n5LJUyMtAk,101,2,7,wfd4m5Eb51c,1,0
20261008,UCSes4X8uDrpc4X46hJKjejg,2n5LJUyMtAk,104,5,7,yJ4g4X-RlUQ,2,0
20261008,UCSes4X8uDrpc4X46hJKjejg,2n5LJUyMtAk,104,5,14,PLBcL7tSvozcc8tivhh7GECcy2hxQd0nqG,2,0
20261008,UCSes4X8uDrpc4X46hJKjejg,2n5LJUyMtAk,104,5,14,PLNbGMvkBLpDU,1,0
20261008,UCSes4X8uDrpc4X46hJKjejg,2n5LJUyMtAk,101,2,14,PLX3ZLYz4-6vF1bjHk5zROfglVneetkfmx,1,0
20261008,UCSes4X8uDrpc4X46hJKjejg,2n5LJUyMtAk,104,5,14,PLX3ZLYz4-6vF1bjHk5zROfglVneetkfmx,2,0
20261008,UCSes4X8uDrpc4X46hJKjejg,2n5LJUyMtAk,104,4,18,unknown,5,0
20261008,UCSes4X8uDrpc4X46hJKjejg,2n5LJUyMtAk,104,5,18,unknown,3,0
20261008,UCSes4X8uDrpc4X46hJKjejg,2nQmcIb9wOM,104,5,5,unknown,1,0
20261008,UCSes4X8uDrpc4X46hJKjejg,2rRaTz70be4,104,4,4,UCSes4X8uDrpc4X46hJKjejg,1,0
20261008,UCSes4X8uDrpc4X46hJKjejg,2rRaTz70be4,101,2,5,unknown,4,0
20261008,UCSes4X8uDrpc4X46hJKjejg,2rRaTz70be4,102,26,5,unknown,1,0
20261008,UCSes4X8uDrpc4X46hJKjejg,2rRaTz70be4,104,4,5,unknown,4,0
20261008,UCSes4X8uDrpc4X46hJKjejg,2rRaTz70be4,104,5,5,unknown,5,0
20261008,UCSes4X8uDrpc4X46hJKjejg,2vf4qDJNyOw,101,2,3,what-to-watch,2,0.5
20261008,UCSes4X8uDrpc4X46hJKjejg,2vf4qDJNyOw,101,9,3,what-to-watch,1,0
20261008,UCSes4X8uDrpc4X46hJKjejg,2vf4qDJNyOw,102,4,3,what-to-watch,3,0.33333333333333331
20261008,UCSes4X8uDrpc4X46hJKjejg,2vf4qDJNyOw,102,19,3,what-to-watch,3,0.33333333333333331
20261008,UCSes4X8uDrpc4X46hJKjejg,2vf4qDJNyOw,102,26,3,what-to-watch,1,0
20261008,UCSes4X8uDrpc4X46hJKjejg,2vf4qDJNyOw,102,29,3,what-to-watch,2,0
20261008,UCSes4X8uDrpc4X46hJKjejg,2vf4qDJNyOw,104,4,3,what-to-watch,3,0
20261008,UCSes4X8uDrpc4X46hJKjejg,2vf4qDJNyOw,104,5,3,what-to-watch,4,0.25
20261008,UCSes4X8uDrpc4X46hJKjejg,2vf4qDJNyOw,105,5,3,what-to-watch,1,0
20261008,UCSes4X8uDrpc4X46hJKjejg,2vf4qDJNyOw,101,2,4,UCSes4X8uDrpc4X46hJKjejg,1,0
20261008,UCSes4X8uDrpc4X46hJKjejg,2vf4qDJNyOw,104,5,4,UCSes4X8uDrpc4X46hJKjejg,2,0
20261008,UCSes4X8uDrpc4X46hJKjejg,2vf4qDJNyOw,101,2,5,unknown,2,0
20261008,UCSes4X8uDrpc4X46hJKjejg,2vf4qDJNyOw,102,4,5,unknown,1,0
20261008,UCSes4X8uDrpc4X46hJKjejg,2vf4qDJNyOw,103,17,5,unknown,2,0.5
20261008,UCSes4X8uDrpc4X46hJKjejg,2vf4qDJNyOw,104,4,5,unknown,2,0
20261008,UCSes4X8uDrpc4X46hJKjejg,2vf4qDJNyOw,104,4,7,O1zl_iGg0SE,1,0
20261008,UCSes4X8uDrpc4X46hJKjejg,2vf4qDJNyOw,104,4,7,hnUAwWrqgpk,1,0
20261008,UCSes4X8uDrpc4X46hJKjejg,2vf4qDJNyOw,101,2,7,j8xFlLTfumI,1,0
20261008,UCSes4X8uDrpc4X46hJKjejg,2zGgUw4SUCA,102,26,5,unknown,1,0
20261008,UCSes4X8uDrpc4X46hJKjejg,2zGgUw4SUCA,102,28,5,unknown,2,0
20261008,UCSes4X8uDrpc4X46hJKjejg,2zGgUw4SUCA,104,4,5,unknown,2,0
20261008,UCSes4X8uDrpc4X46hJKjejg,31srqzp4PA8,101,9,4,UCSes4X8uDrpc4X46hJKjejg,1,0
20261008,UCSes4X8uDrpc4X46hJKjejg,31srqzp4PA8,104,4,4,UCSes4X8uDrpc4X46hJKjejg,4,0
20261008,UCSes4X8uDrpc4X46hJKjejg,31srqzp4PA8,104,5,4,UCSes4X8uDrpc4X46hJKjejg,3,0
20261008,UCSes4X8uDrpc4X46hJKjejg,31srqzp4PA8,104,5,5,unknown,1,0
20261008,UCSes4X8uDrpc4X46hJKjejg,31srqzp4PA8,104,5,18,unknown,1,0
20261008,UCSes4X8uDrpc4X46hJKjejg,32adu6WISeE,101,9,5,unknown,1,0
20261008,UCSes4X8uDrpc4X46hJKjejg,32adu6WISeE,101,9,14,PLX3ZLYz4-6vE2_ZNLW5AfzbHTd1jTskDl,1,0
20261008,UCSes4X8uDrpc4X46hJKjejg,34SgPBo7SBw,101,9,3,what-to-watch,1,0
20261008,UCSes4X8uDrpc4X46hJKjejg,34SgPBo7SBw,101,2,4,UCSes4X8uDrpc4X46hJKjejg,1,0
20261008,UCSes4X8uDrpc4X46hJKjejg,34SgPBo7SBw,101,2,5,unknown,2,0
20261008,UCSes4X8uDrpc4X46hJKjejg,34SgPBo7SBw,102,1,5,unknown,1,1
20261008,UCSes4X8uDrpc4X46hJKjejg,34SgPBo7SBw,102,19,5,unknown,2,0
20261008,UCSes4X8uDrpc4X46hJKjejg,34SgPBo7SBw,103,10,5,unknown,1,0
20261008,UCSes4X8uDrpc4X46hJKjejg,34SgPBo7SBw,103,17,5,unknown,1,0
20261008,UCSes4X8uDrpc4X46hJKjejg,34SgPBo7SBw,104,4,5,unknown,3,0
20261008,UCSes4X8uDrpc4X46hJKjejg,34SgPBo7SBw,104,5,5,unknown,5,0
20261008,UCSes4X8uDrpc4X46hJKjejg,34SgPBo7SBw,104,4,7,Yh9WHd5HzOQ,1,0
20261008,UCSes4X8uDrpc4X46hJKjejg,34SgPBo7SBw,101,30,14,TL,1,0
20261008,UCSes4X8uDrpc4X46hJKjejg,34tykIlppYM,105,5,5,unknown,6,0
20261008,UCSes4X8uDrpc4X46hJKjejg,3GDpoDXsTkI,101,9,5,unknown,1,0
20261008,UCSes4X8uDrpc4X46hJKjejg,3IwR9MP4wyg,101,2,4,UCSes4X8uDrpc4X46hJKjejg,1,0
20261008,UCSes4X8uDrpc4X46hJKjejg,3SK0TUqes68,101,9,3,what-to-watch,1,0
20261008,UCSes4X8uDrpc4X46hJKjejg,3SK0TUqes68,101,9,4,UCSes4X8uDrpc4X46hJKjejg,1,0
20261008,UCSes4X8uDrpc4X46hJKjejg,3Xtf9H5M_8M,101,2,4,UCSes4X8uDrpc4X46hJKjejg,1,0
20261008,UCSes4X8uDrpc4X46hJKjejg,3coomsyOK7w,101,9,5,unknown,1,0
20261008,UCSes4X8uDrpc4X46hJKjejg,3ikRgT7cVOI,101,2,4,UCSes4X8uDrpc4X46hJKjejg,1,0
20261008,UCSes4X8uDrpc4X46hJKjejg,3oF068CdTYo,101,1,3,what-to-watch,1,0
20261008,UCSes4X8uDrpc4X46hJKjejg,3oF068CdTYo,101,2,3,what-to-watch,65,0.1076923076923077
20261008,UCSes4X8uDrpc4X46hJKjejg,3oF068CdTYo,101,9,3,what-to-watch,48,0.125
20261008,UCSes4X8uDrpc4X46hJKjejg,3oF068CdTYo,101,30,3,what-to-watch,4,0
20261008,UCSes4X8uDrpc4X46hJKjejg,3oF068CdTYo,102,1,3,what-to-watch,4,0.25
20261008,UCSes4X8uDrpc4X46hJKjejg,3oF068CdTYo,102,4,3,what-to-watch,3,0
20261008,UCSes4X8uDrpc4X46hJKjejg,3oF068CdTYo,102,12,3,what-to-watch,3,0
20261008,UCSes4X8uDrpc4X46hJKjejg,3oF068CdTYo,102,19,3,what-to-watch,9,0.1111111111111111
20261008,UCSes4X8uDrpc4X46hJKjejg,3oF068CdTYo,102,26,3,what-to-watch,5,0
20261008,UCSes4X8uDrpc4X46hJKjejg,3oF068CdTYo,102,28,3,what-to-watch,4,0
20261008,UCSes4X8uDrpc4X46hJKjejg,3oF068CdTYo,102,29,3,what-to-watch,2,0
20261008,UCSes4X8uDrpc4X46hJKjejg,3oF068CdTYo,103,10,3,what-to-watch,6,0
20261008,UCSes4X8uDrpc4X46hJKjejg,3oF068CdTYo,103,17,3,what-to-watch,4,0
20261008,UCSes4X8uDrpc4X46hJKjejg,3oF068CdTYo,103,27,3,what-to-watch,4,0
20261008,UCSes4X8uDrpc4X46hJKjejg,3oF068CdTYo,104,4,3,what-to-watch,125,0.152
20261008,UCSes4X8uDrpc4X46hJKjejg,3oF068CdTYo,104,5,3,what-to-watch,175,0.10285714285714286
20261008,UCSes4X8uDrpc4X46hJKjejg,3oF068CdTYo,105,5,3,what-to-watch,41,0.024390243902439025
20261008,UCSes4X8uDrpc4X46hJKjejg,3oF068CdTYo,101,9,4,UCSes4X8uDrpc4X46hJKjejg,1,0
20261008,UCSes4X8uDrpc4X46hJKjejg,3oF068CdTYo,104,4,4,UCSes4X8uDrpc4X46hJKjejg,5,0
20261008,UCSes4X8uDrpc4X46hJKjejg,3oF068CdTYo,104,5,4,UCSes4X8uDrpc4X46hJKjejg,3,0
20261008,UCSes4X8uDrpc4X46hJKjejg,3oF068CdTYo,101,2,5,unknown,10,0
20261008,UCSes4X8uDrpc4X46hJKjejg,3oF068CdTYo,101,9,5,unknown,12,0
20261008,UCSes4X8uDrpc4X46hJKjejg,3oF068CdTYo,102,1,5,unknown,3,0
20261008,UCSes4X8uDrpc4X46hJKjejg,3oF068CdTYo,102,4,5,unknown,5,0
20261008,UCSes4X8uDrpc4X46hJKjejg,3oF068CdTYo,102,12,5,unknown,10,0.2
20261008,UCSes4X8uDrpc4X46hJKjejg,3oF068CdTYo,102,21,5,unknown,1,0
20261008,UCSes4X8uDrpc4X46hJKjejg,3oF068CdTYo,102,26,5,unknown,2,0
20261008,UCSes4X8uDrpc4X46hJKjejg,3oF068CdTYo,102,29,5,unknown,7,0.14285714285714285
20261008,UCSes4X8uDrpc4X46hJKjejg,3oF068CdTYo,102,31,5,unknown,2,0
20261008,UCSes4X8uDrpc4X46hJKjejg,3oF068CdTYo,103,10,5,unknown,8,0.125
20261008,UCSes4X8uDrpc4X46hJKjejg,3oF068CdTYo,103,17,5,unknown,1,0
20261008,UCSes4X8uDrpc4X46hJKjejg,3oF068CdTYo,104,4,5,unknown,16,0.0625
20261008,UCSes4X8uDrpc4X46hJKjejg,3oF068CdTYo,104,5,5,unknown,49,0.040816326530612242
20261008,UCSes4X8uDrpc4X46hJKjejg,3oF068CdTYo,105,5,5,unknown,4,0
20261008,UCSes4X8uDrpc4X46hJKjejg,3oF068CdTYo,104,4,14,PLhwirbSElcEc5lKYaqE9-BDVsIV8or1z0,1,0
20261008,UCSes4X8uDrpc4X46hJKjejg,3oF068CdTYo,104,5,18,unknown,1,0
20261008,UCSes4X8uDrpc4X46hJKjejg,3rxzSTYqFCc,102,28,5,unknown,1,0
20261008,UCSes4X8uDrpc4X46hJKjejg,3u7u_ark1p8,104,4,3,what-to-watch,1,0
20261008,UCSes4X8uDrpc4X46hJKjejg,3u7u_ark1p8,101,2,4,UCSes4X8uDrpc4X46hJKjejg,1,0
20261008,UCSes4X8uDrpc4X46hJKjejg,3u7u_ark1p8,104,4,5,unknown,1,0
20261008,UCSes4X8uDrpc4X46hJKjejg,3u7u_ark1p8,104,5,5,unknown,4,0.25
20261008,UCSes4X8uDrpc4X46hJKjejg,3ubzY0bhNX4,101,9,5,unknown,2,0
20261008,UCSes4X8uDrpc4X46hJKjejg,3ubzY0bhNX4,101,9,14,PLX3ZLYz4-6vE2_ZNLW5AfzbHTd1jTskDl,1,0
20261008,UCSes4X8uDrpc4X46hJKjejg,3vvJggGtHLg,101,2,5,unknown,7,0
20261008,UCSes4X8uDrpc4X46hJKjejg,3vvJggGtHLg,101,9,5,unknown,2,0
20261008,UCSes4X8uDrpc4X46hJKjejg,3vvJggGtHLg,102,1,5,unknown,2,0
20261008,UCSes4X8uDrpc4X46hJKjejg,3vvJggGtHLg,102,19,5,unknown,1,0
20261008,UCSes4X8uDrpc4X46hJKjejg,3vvJggGtHLg,104,4,5,unknown,6,0
20261008,UCSes4X8uDrpc4X46hJKjejg,3vvJggGtHLg,104,5,5,unknown,1,0
20261008,UCSes4X8uDrpc4X46hJKjejg,3vvJggGtHLg,105,5,5,unknown,2,0
20261008,UCSes4X8uDrpc4X46hJKjejg,40QsLjl_Lds,101,9,3,what-to-watch,1,0
20261008,UCSes4X8uDrpc4X46hJKjejg,40QsLjl_Lds,101,9,5,unknown,1,0
20261008,UCSes4X8uDrpc4X46hJKjejg,40QsLjl_Lds,101,2,7,fyi6d0AButQ,1,0
20261008,UCSes4X8uDrpc4X46hJKjejg,40QsLjl_Lds,101,9,14,PLX3ZLYz4-6vE2_ZNLW5AfzbHTd1jTskDl,2,0
20261008,UCSes4X8uDrpc4X46hJKjejg,421CdeFw4_g,104,4,5,unknown,2,0
20261008,UCSes4X8uDrpc4X46hJKjejg,421CdeFw4_g,104,5,18,unknown,1,0
20261008,UCSes4X8uDrpc4X46hJKjejg,45JkwM1tXJI,101,2,5,unknown,1,0
20261008,UCSes4X8uDrpc4X46hJKjejg,45JkwM1tXJI,104,4,5,unknown,10,0
20261008,UCSes4X8uDrpc4X46hJKjejg,46H7mR8PVaU,102,12,3,what-to-watch,1,0
20261008,UCSes4X8uDrpc4X46hJKjejg,46H7mR8PVaU,104,4,3,what-to-watch,2,0
20261008,UCSes4X8uDrpc4X46hJKjejg,46H7mR8PVaU,101,2,5,unknown,1,1
20261008,UCSes4X8uDrpc4X46hJKjejg,46H7mR8PVaU,102,28,5,unknown,1,0
20261008,UCSes4X8uDrpc4X46hJKjejg,46H7mR8PVaU,103,10,5,unknown,1,0
20261008,UCSes4X8uDrpc4X46hJKjejg,46H7mR8PVaU,104,4,5,unknown,5,0.2
20261008,UCSes4X8uDrpc4X46hJKjejg,46H7mR8PVaU,104,5,5,unknown,4,0
20261008,UCSes4X8uDrpc4X46hJKjejg,46H7mR8PVaU,104,5,7,9ueigxUx-KU,1,0
20261008,UCSes4X8uDrpc4X46hJKjejg,4Ainp7WKy1U,101,9,5,unknown,1,0
20261008,UCSes4X8uDrpc4X46hJKjejg,4HEcIWe3vAg,104,4,4,UCSes4X8uDrpc4X46hJKjejg,1,0
20261008,UCSes4X8uDrpc4X46hJKjejg,4HEcIWe3vAg,104,4,5,unknown,2,0.5
20261008,UCSes4X8uDrpc4X46hJKjejg,4HEcIWe3vAg,104,5,18,unknown,1,0
20261008,UCSes4X8uDrpc4X46hJKjejg,4IuhosARZAM,104,5,5,unknown,1,0
20261008,UCSes4X8uDrpc4X46hJKjejg,4JWDNnVMjXc,104,4,5,unknown,1,0
20261008,UCSes4X8uDrpc4X46hJKjejg,4JWDNnVMjXc,101,9,14,PLX3ZLYz4-6vE2_ZNLW5AfzbHTd1jTskDl,1,0
20261008,UCSes4X8uDrpc4X46hJKjejg,4JWDNnVMjXc,104,4,14,PLX3ZLYz4-6vE2_ZNLW5AfzbHTd1jTskDl,3,0
20261008,UCSes4X8uDrpc4X46hJKjejg,4JWDNnVMjXc,101,9,18,unknown,1,0
20261008,UCSes4X8uDrpc4X46hJKjejg,4JWDNnVMjXc,104,4,18,unknown,2,0
20261008,UCSes4X8uDrpc4X46hJKjejg,4K9jJkuVPTk,104,4,3,what-to-watch,1,0
20261008,UCSes4X8uDrpc4X46hJKjejg,4K9jJkuVPTk,101,2,4,UCSes4X8uDrpc4X46hJKjejg,1,0
20261008,UCSes4X8uDrpc4X46hJKjejg,4RAyrGoRjfM,102,12,5,unknown,1,0
20261008,UCSes4X8uDrpc4X46hJKjejg,4RAyrGoRjfM,104,4,5,unknown,1,0
20261008,UCSes4X8uDrpc4X46hJKjejg,4RAyrGoRjfM,104,5,5,unknown,2,0
20261008,UCSes4X8uDrpc4X46hJKjejg,4YQemzlD8vU,103,17,7,bV7tuPbWHjU,1,0
20261008,UCSes4X8uDrpc4X46hJKjejg,4YQemzlD8vU,104,4,7,bV7tuPbWHjU,5,0
20261008,UCSes4X8uDrpc4X46hJKjejg,4YQemzlD8vU,104,5,7,bV7tuPbWHjU,2,0
20261008,UCSes4X8uDrpc4X46hJKjejg,4chbHct7STA,104,5,18,unknown,1,0
20261008,UCSes4X8uDrpc4X46hJKjejg,4cxLLsy7SVE,102,26,18,unknown,1,0
20261008,UCSes4X8uDrpc4X46hJKjejg,4g6r3dBnf8I,102,19,3,what-to-watch,1,0
20261008,UCSes4X8uDrpc4X46hJKjejg,4g6r3dBnf8I,104,4,3,what-to-watch,1,0
20261008,UCSes4X8uDrpc4X46hJKjejg,4g6r3dBnf8I,101,2,4,UCSes4X8uDrpc4X46hJKjejg,1,0
20261008,UCSes4X8uDrpc4X46hJKjejg,4iGQQIY0KkU,101,2,5,unknown,1,0
20261008,UCSes4X8uDrpc4X46hJKjejg,4jKa7brjqKc,101,9,5,unknown,1,0
20261008,UCSes4X8uDrpc4X46hJKjejg,4jKa7brjqKc,104,4,5,unknown,1,0
20261008,UCSes4X8uDrpc4X46hJKjejg,4jKa7brjqKc,101,9,14,PLX3ZLYz4-6vE2_ZNLW5AfzbHTd1jTskDl,1,0
20261008,UCSes4X8uDrpc4X46hJKjejg,4kM5P08h3q4,104,5,3,what-to-watch,1,0
20261008,UCSes4X8uDrpc4X46hJKjejg,4kM5P08h3q4,101,2,4,UCSes4X8uDrpc4X46hJKjejg,5,0
20261008,UCSes4X8uDrpc4X46hJKjejg,4kM5P08h3q4,101,9,4,UCSes4X8uDrpc4X46hJKjejg,7,0
20261008,UCSes4X8uDrpc4X46hJKjejg,4kM5P08h3q4,101,30,4,UCSes4X8uDrpc4X46hJKjejg,1,0
20261008,UCSes4X8uDrpc4X46hJKjejg,4kM5P08h3q4,104,4,4,UCSes4X8uDrpc4X46hJKjejg,14,0
20261008,UCSes4X8uDrpc4X46hJKjejg,4kM5P08h3q4,104,5,4,UCSes4X8uDrpc4X46hJKjejg,18,0.055555555555555552
20261008,UCSes4X8uDrpc4X46hJKjejg,4kM5P08h3q4,104,5,5,unknown,1,0
20261008,UCSes4X8uDrpc4X46hJKjejg,4kM5P08h3q4,101,30,7,O1dT6j9tduI,1,0
20261008,UCSes4X8uDrpc4X46hJKjejg,4kM5P08h3q4,101,2,14,PLX3ZLYz4-6vF1bjHk5zROfglVneetkfmx,1,0
20261008,UCSes4X8uDrpc4X46hJKjejg,4kM5P08h3q4,104,5,14,PLX3ZLYz4-6vF1bjHk5zROfglVneetkfmx,2,0
20261008,UCSes4X8uDrpc4X46hJKjejg,4l0LrO9L0cM,104,4,5,unknown,1,0
20261008,UCSes4X8uDrpc4X46hJKjejg,4paPqTeriso,102,26,3,what-to-watch,4,0
20261008,UCSes4X8uDrpc4X46hJKjejg,4paPqTeriso,101,2,4,UCSes4X8uDrpc4X46hJKjejg,1,0
20261008,UCSes4X8uDrpc4X46hJKjejg,4paPqTeriso,104,5,4,UCSes4X8uDrpc4X46hJKjejg,2,0
20261008,UCSes4X8uDrpc4X46hJKjejg,4paPqTeriso,102,12,5,unknown,3,0.33333333333333331
20261008,UCSes4X8uDrpc4X46hJKjejg,4paPqTeriso,104,5,5,unknown,2,0
20261008,UCSes4X8uDrpc4X46hJKjejg,4paPqTeriso,105,5,5,unknown,1,0
20261008,UCSes4X8uDrpc4X46hJKjejg,4rZ8j7jxsMI,101,9,3,what-to-watch,3,0
20261008,UCSes4X8uDrpc4X46hJKjejg,4rZ8j7jxsMI,104,5,3,what-to-watch,1,0
20261008,UCSes4X8uDrpc4X46hJKjejg,4rZ8j7jxsMI,102,29,5,unknown,1,0
20261008,UCSes4X8uDrpc4X46hJKjejg,4rZ8j7jxsMI,103,10,5,unknown,2,0
20261008,UCSes4X8uDrpc4X46hJKjejg,4rZ8j7jxsMI,103,17,5,unknown,1,0
20261008,UCSes4X8uDrpc4X46hJKjejg,4rZ8j7jxsMI,104,4,5,unknown,4,0
20261008,UCSes4X8uDrpc4X46hJKjejg,4rZ8j7jxsMI,104,5,5,unknown,8,0
20261008,UCSes4X8uDrpc4X46hJKjejg,4t-D0IFIQQk,101,2,5,unknown,3,0.33333333333333331
20261008,UCSes4X8uDrpc4X46hJKjejg,4t-D0IFIQQk,104,5,5,unknown,2,0.5
20261008,UCSes4X8uDrpc4X46hJKjejg,4yNhwgYaYf8,104,4,5,unknown,1,0
20261008,UCSes4X8uDrpc4X46hJKjejg,50MHq47IaLU,101,2,3,what-to-watch,4,0
20261008,UCSes4X8uDrpc4X46hJKjejg,50MHq47IaLU,101,9,3,what-to-watch,1,0
20261008,UCSes4X8uDrpc4X46hJKjejg,50MHq47IaLU,103,17,3,what-to-watch,1,0
20261008,UCSes4X8uDrpc4X46hJKjejg,50MHq47IaLU,104,4,3,what-to-watch,1,0
20261008,UCSes4X8uDrpc4X46hJKjejg,50MHq47IaLU,104,5,3,what-to-watch,1,0
20261008,UCSes4X8uDrpc4X46hJKjejg,50MHq47IaLU,105,5,3,what-to-watch,1,0
20261008,UCSes4X8uDrpc4X46hJKjejg,50MHq47IaLU,101,2,5,unknown,3,0
20261008,UCSes4X8uDrpc4X46hJKjejg,50MHq47IaLU,102,4,5,unknown,1,0
20261008,UCSes4X8uDrpc4X46hJKjejg,50MHq47IaLU,102,19,5,unknown,1,0
20261008,UCSes4X8uDrpc4X46hJKjejg,50MHq47IaLU,102,26,5,unknown,2,0
20261008,UCSes4X8uDrpc4X46hJKjejg,50MHq47IaLU,102,29,5,unknown,3,0
20261008,UCSes4X8uDrpc4X46hJKjejg,50MHq47IaLU,104,4,5,unknown,7,0.14285714285714285
20261008,UCSes4X8uDrpc4X46hJKjejg,50MHq47IaLU,104,5,5,unknown,13,0
20261008,UCSes4X8uDrpc4X46hJKjejg,50MHq47IaLU,104,4,14,my-likes,1,0
20261008,UCSes4X8uDrpc4X46hJKjejg,50MHq47IaLU,101,2,18,unknown,2,0
20261008,UCSes4X8uDrpc4X46hJKjejg,50MHq47IaLU,104,4,18,unknown,2,0
20261008,UCSes4X8uDrpc4X46hJKjejg,50MHq47IaLU,104,5,18,unknown,1,0
20261008,UCSes4X8uDrpc4X46hJKjejg,50MHq47IaLU,105,5,18,unknown,2,0
20261008,UCSes4X8uDrpc4X46hJKjejg,51INg37wNak,102,26,3,what-to-watch,1,0
20261008,UCSes4X8uDrpc4X46hJKjejg,51IWPtaGV0A,101,2,3,what-to-watch,1,0
20261008,UCSes4X8uDrpc4X46hJKjejg,51IWPtaGV0A,101,30,3,what-to-watch,1,0
20261008,UCSes4X8uDrpc4X46hJKjejg,51IWPtaGV0A,101,2,4,UCSes4X8uDrpc4X46hJKjejg,1,0
20261008,UCSes4X8uDrpc4X46hJKjejg,51IWPtaGV0A,104,5,5,unknown,1,0
20261008,UCSes4X8uDrpc4X46hJKjejg,51IWPtaGV0A,101,2,7,3NioewaAPV0,1,0
20261008,UCSes4X8uDrpc4X46hJKjejg,51IWPtaGV0A,104,5,18,unknown,1,0
20261008,UCSes4X8uDrpc4X46hJKjejg,57b2cwXCelE,101,9,5,unknown,1,0
20261008,UCSes4X8uDrpc4X46hJKjejg,57b2cwXCelE,101,9,14,PLX3ZLYz4-6vE2_ZNLW5AfzbHTd1jTskDl,1,0
20261008,UCSes4X8uDrpc4X46hJKjejg,59M8g_I818w,104,4,4,UCSes4X8uDrpc4X46hJKjejg,1,0
20261008,UCSes4X8uDrpc4X46hJKjejg,59M8g_I818w,101,9,5,unknown,1,0
20261008,UCSes4X8uDrpc4X46hJKjejg,59M8g_I818w,104,4,5,unknown,1,0
20261008,UCSes4X8uDrpc4X46hJKjejg,59M8g_I818w,104,5,5,unknown,1,0
20261008,UCSes4X8uDrpc4X46hJKjejg,59M8g_I818w,104,5,18,unknown,2,0
20261008,UCSes4X8uDrpc4X46hJKjejg,5Bridlnnqsk,101,2,3,what-to-watch,1,0
20261008,UCSes4X8uDrpc4X46hJKjejg,5Bridlnnqsk,101,9,3,what-to-watch,1,0
20261008,UCSes4X8uDrpc4X46hJKjejg,5Bridlnnqsk,102,4,3,what-to-watch,1,0
20261008,UCSes4X8uDrpc4X46hJKjejg,5Bridlnnqsk,102,31,3,what-to-watch,1,0
20261008,UCSes4X8uDrpc4X46hJKjejg,5Bridlnnqsk,103,10,3,what-to-watch,4,0
20261008,UCSes4X8uDrpc4X46hJKjejg,5Bridlnnqsk,104,4,3,what-to-watch,3,0
20261008,UCSes4X8uDrpc4X46hJKjejg,5Bridlnnqsk,104,5,3,what-to-watch,4,0
20261008,UCSes4X8uDrpc4X46hJKjejg,5Bridlnnqsk,101,2,5,unknown,3,0.33333333333333331
20261008,UCSes4X8uDrpc4X46hJKjejg,5Bridlnnqsk,104,4,5,unknown,1,0
20261008,UCSes4X8uDrpc4X46hJKjejg,5Bridlnnqsk,101,1,7,5tPhgL1EZ94,1,0
20261008,UCSes4X8uDrpc4X46hJKjejg,5Bridlnnqsk,104,5,7,9wpH0Z59WP0,2,0
20261008,UCSes4X8uDrpc4X46hJKjejg,5Bridlnnqsk,102,29,7,Q9L3ALWPe0k,1,0
20261008,UCSes4X8uDrpc4X46hJKjejg,5Bridlnnqsk,101,9,7,XCHeN6Dbq0E,1,0
20261008,UCSes4X8uDrpc4X46hJKjejg,5GYyKcjXNN0,102,19,3,/my_subscriptions,2,0
20261008,UCSes4X8uDrpc4X46hJKjejg,5GYyKcjXNN0,102,29,3,/my_subscriptions,1,0
20261008,UCSes4X8uDrpc4X46hJKjejg,5GYyKcjXNN0,104,4,3,/my_subscriptions,3,0
20261008,UCSes4X8uDrpc4X46hJKjejg,5GYyKcjXNN0,104,5,3,/my_subscriptions,3,0
20261008,UCSes4X8uDrpc4X46hJKjejg,5GYyKcjXNN0,105,5,3,/my_subscriptions,2,0
20261008,UCSes4X8uDrpc4X46hJKjejg,5GYyKcjXNN0,101,2,4,UCSes4X8uDrpc4X46hJKjejg,5,0
20261008,UCSes4X8uDrpc4X46hJKjejg,5GYyKcjXNN0,101,9,4,UCSes4X8uDrpc4X46hJKjejg,13,0
20261008,UCSes4X8uDrpc4X46hJKjejg,5GYyKcjXNN0,102,4,4,UCSes4X8uDrpc4X46hJKjejg,3,0
20261008,UCSes4X8uDrpc4X46hJKjejg,5GYyKcjXNN0,102,12,4,UCSes4X8uDrpc4X46hJKjejg,2,0
20261008,UCSes4X8uDrpc4X46hJKjejg,5GYyKcjXNN0,102,19,4,UCSes4X8uDrpc4X46hJKjejg,1,0
20261008,UCSes4X8uDrpc4X46hJKjejg,5GYyKcjXNN0,102,26,4,UCSes4X8uDrpc4X46hJKjejg,3,0
20261008,UCSes4X8uDrpc4X46hJKjejg,5GYyKcjXNN0,104,4,4,UCSes4X8uDrpc4X46hJKjejg,28,0.14285714285714285
20261008,UCSes4X8uDrpc4X46hJKjejg,5GYyKcjXNN0,104,5,4,UCSes4X8uDrpc4X46hJKjejg,21,0
20261008,UCSes4X8uDrpc4X46hJKjejg,5GYyKcjXNN0,105,5,4,UCSes4X8uDrpc4X46hJKjejg,1,0
20261008,UCSes4X8uDrpc4X46hJKjejg,5GYyKcjXNN0,101,2,5,unknown,10,0
20261008,UCSes4X8uDrpc4X46hJKjejg,5GYyKcjXNN0,101,9,5,unknown,6,0
20261008,UCSes4X8uDrpc4X46hJKjejg,5GYyKcjXNN0,104,4,5,unknown,1,0
20261008,UCSes4X8uDrpc4X46hJKjejg,5GYyKcjXNN0,104,5,5,unknown,1,1
20261008,UCSes4X8uDrpc4X46hJKjejg,5GYyKcjXNN0,105,5,5,unknown,3,0
20261008,UCSes4X8uDrpc4X46hJKjejg,5IEMHu7Fxr4,104,4,3,what-to-watch,1,0
20261008,UCSes4X8uDrpc4X46hJKjejg,5IEMHu7Fxr4,104,5,3,what-to-watch,2,0
20261008,UCSes4X8uDrpc4X46hJKjejg,5IEMHu7Fxr4,104,5,4,UCSes4X8uDrpc4X46hJKjejg,4,0
20261008,UCSes4X8uDrpc4X46hJKjejg,5IEMHu7Fxr4,104,4,5,unknown,2,0
20261008,UCSes4X8uDrpc4X46hJKjejg,5IEMHu7Fxr4,104,5,5,unknown,2,0.5
20261008,UCSes4X8uDrpc4X46hJKjejg,5IEMHu7Fxr4,104,4,7,9W3sFHt8p7Y,1,0
20261008,UCSes4X8uDrpc4X46hJKjejg,5L7dmFOEzL0,101,2,4,UCSes4X8uDrpc4X46hJKjejg,1,0
20261008,UCSes4X8uDrpc4X46hJKjejg,5LiPcIv3Mgg,104,4,5,unknown,1,0
20261008,UCSes4X8uDrpc4X46hJKjejg,5UEhfpivkPo,101,2,3,what-to-watch,1,0
20261008,UCSes4X8uDrpc4X46hJKjejg,5UEhfpivkPo,101,2,4,UCSes4X8uDrpc4X46hJKjejg,1,0
20261008,UCSes4X8uDrpc4X46hJKjejg,5UEhfpivkPo,101,9,4,UCSes4X8uDrpc4X46hJKjejg,1,0
20261008,UCSes4X8uDrpc4X46hJKjejg,5UEhfpivkPo,104,4,4,UCSes4X8uDrpc4X46hJKjejg,15,0.066666666666666666
20261008,UCSes4X8uDrpc4X46hJKjejg,5UEhfpivkPo,104,5,4,UCSes4X8uDrpc4X46hJKjejg,6,0
20261008,UCSes4X8uDrpc4X46hJKjejg,5UEhfpivkPo,101,2,5,unknown,2,0
20261008,UCSes4X8uDrpc4X46hJKjejg,5UEhfpivkPo,102,4,5,unknown,1,0
20261008,UCSes4X8uDrpc4X46hJKjejg,5UEhfpivkPo,104,4,5,unknown,3,0
20261008,UCSes4X8uDrpc4X46hJKjejg,5WC7gUC932A,101,2,3,what-to-watch,5,0.4
20261008,UCSes4X8uDrpc4X46hJKjejg,5WC7gUC932A,101,9,3,what-to-watch,3,0
20261008,UCSes4X8uDrpc4X46hJKjejg,5WC7gUC932A,102,26,3,what-to-watch,1,0
20261008,UCSes4X8uDrpc4X46hJKjejg,5WC7gUC932A,104,4,3,what-to-watch,4,0
20261008,UCSes4X8uDrpc4X46hJKjejg,5WC7gUC932A,104,5,3,what-to-watch,7,0.14285714285714285
20261008,UCSes4X8uDrpc4X46hJKjejg,5WC7gUC932A,101,2,5,unknown,8,0
20261008,UCSes4X8uDrpc4X46hJKjejg,5WC7gUC932A,101,9,5,unknown,9,0
20261008,UCSes4X8uDrpc4X46hJKjejg,5WC7gUC932A,102,12,5,unknown,1,0
20261008,UCSes4X8uDrpc4X46hJKjejg,5WC7gUC932A,102,29,5,unknown,2,0.5
20261008,UCSes4X8uDrpc4X46hJKjejg,5WC7gUC932A,103,10,5,unknown,1,0
20261008,UCSes4X8uDrpc4X46hJKjejg,5WC7gUC932A,104,4,5,unknown,7,0
20261008,UCSes4X8uDrpc4X46hJKjejg,5WC7gUC932A,104,5,5,unknown,23,0.086956521739130432
20261008,UCSes4X8uDrpc4X46hJKjejg,5WC7gUC932A,105,5,5,unknown,3,0.33333333333333331
20261008,UCSes4X8uDrpc4X46hJKjejg,5X9RsAt67zc,101,2,4,UCSes4X8uDrpc4X46hJKjejg,1,0
20261008,UCSes4X8uDrpc4X46hJKjejg,5_cyQdY8CWM,102,26,5,unknown,1,0
20261008,UCSes4X8uDrpc4X46hJKjejg,5_cyQdY8CWM,104,4,5,unknown,1,0
20261008,UCSes4X8uDrpc4X46hJKjejg,5_cyQdY8CWM,104,5,5,unknown,2,0
20261008,UCSes4X8uDrpc4X46hJKjejg,5dt_kCz69K0,104,5,5,unknown,1,0
20261008,UCSes4X8uDrpc4X46hJKjejg,5gbIJ6H43cs,101,2,5,unknown,1,0
20261008,UCSes4X8uDrpc4X46hJKjejg,5gbIJ6H43cs,104,5,5,unknown,1,0
20261008,UCSes4X8uDrpc4X46hJKjejg,5hvC83zo7io,104,4,4,UCSes4X8uDrpc4X46hJKjejg,1,0
20261008,UCSes4X8uDrpc4X46hJKjejg,5hvC83zo7io,103,10,5,unknown,2,0
20261008,UCSes4X8uDrpc4X46hJKjejg,5hvC83zo7io,104,4,5,unknown,1,0
20261008,UCSes4X8uDrpc4X46hJKjejg,5hvC83zo7io,104,5,5,unknown,3,0
20261008,UCSes4X8uDrpc4X46hJKjejg,5iKqA3-J-c4,101,2,7,W40-47zeklA,1,0
20261008,UCSes4X8uDrpc4X46hJKjejg,5jbpacD25HA,101,2,14,PLX3ZLYz4-6vFapW85GvTgNr-4rJjgkzqi,1,0
20261008,UCSes4X8uDrpc4X46hJKjejg,5vMh4kTYTEI,102,28,3,what-to-watch,1,0
20261008,UCSes4X8uDrpc4X46hJKjejg,5vMh4kTYTEI,104,5,4,UCSes4X8uDrpc4X46hJKjejg,4,0
20261008,UCSes4X8uDrpc4X46hJKjejg,5xA-FaYOc_0,101,2,3,what-to-watch,1,0
20261008,UCSes4X8uDrpc4X46hJKjejg,5xA-FaYOc_0,102,28,3,what-to-watch,4,0
20261008,UCSes4X8uDrpc4X46hJKjejg,5xA-FaYOc_0,104,5,3,what-to-watch,3,0.33333333333333331
20261008,UCSes4X8uDrpc4X46hJKjejg,5xA-FaYOc_0,101,2,5,unknown,5,0.2
20261008,UCSes4X8uDrpc4X46hJKjejg,5xA-FaYOc_0,101,9,5,unknown,2,0
20261008,UCSes4X8uDrpc4X46hJKjejg,5xA-FaYOc_0,102,1,5,unknown,1,0
20261008,UCSes4X8uDrpc4X46hJKjejg,5xA-FaYOc_0,102,26,5,unknown,1,0
20261008,UCSes4X8uDrpc4X46hJKjejg,5xA-FaYOc_0,102,29,5,unknown,4,0
20261008,UCSes4X8uDrpc4X46hJKjejg,5xA-FaYOc_0,103,17,5,unknown,4,0.25
20261008,UCSes4X8uDrpc4X46hJKjejg,5xA-FaYOc_0,104,4,5,unknown,14,0
20261008,UCSes4X8uDrpc4X46hJKjejg,5xA-FaYOc_0,104,5,5,unknown,13,0.076923076923076927
20261008,UCSes4X8uDrpc4X46hJKjejg,5xA-FaYOc_0,105,5,5,unknown,1,0
20261008,UCSes4X8uDrpc4X46hJKjejg,68UWQq0Oe-A,104,4,4,UCSes4X8uDrpc4X46hJKjejg,1,0
20261008,UCSes4X8uDrpc4X46hJKjejg,68UWQq0Oe-A,102,1,5,unknown,1,0
20261008,UCSes4X8uDrpc4X46hJKjejg,68UWQq0Oe-A,104,5,5,unknown,3,0
20261008,UCSes4X8uDrpc4X46hJKjejg,68UWQq0Oe-A,104,4,18,unknown,2,0
20261008,UCSes4X8uDrpc4X46hJKjejg,6C69Z_OCe4c,104,4,4,UCSes4X8uDrpc4X46hJKjejg,2,0
20261008,UCSes4X8uDrpc4X46hJKjejg,6C69Z_OCe4c,101,2,5,unknown,2,0
20261008,UCSes4X8uDrpc4X46hJKjejg,6C69Z_OCe4c,101,9,5,unknown,5,0.2
20261008,UCSes4X8uDrpc4X46hJKjejg,6C69Z_OCe4c,102,12,5,unknown,1,0
20261008,UCSes4X8uDrpc4X46hJKjejg,6C69Z_OCe4c,102,26,5,unknown,1,0
20261008,UCSes4X8uDrpc4X46hJKjejg,6C69Z_OCe4c,104,4,5,unknown,5,0
20261008,UCSes4X8uDrpc4X46hJKjejg,6C69Z_OCe4c,104,5,5,unknown,15,0.13333333333333333
20261008,UCSes4X8uDrpc4X46hJKjejg,6C69Z_OCe4c,101,9,7,19CCgw4xWTU,1,0
20261008,UCSes4X8uDrpc4X46hJKjejg,6C69Z_OCe4c,101,9,7,AxBMneg0MuI,1,0
20261008,UCSes4X8uDrpc4X46hJKjejg,6C69Z_OCe4c,101,9,7,LeYd-TLLrtI,1,0
20261008,UCSes4X8uDrpc4X46hJKjejg,6C69Z_OCe4c,104,5,14,my-likes,4,0
20261008,UCSes4X8uDrpc4X46hJKjejg,6C69Z_OCe4c,101,2,18,unknown,1,0
20261008,UCSes4X8uDrpc4X46hJKjejg,6C69Z_OCe4c,104,4,18,unknown,1,0
20261008,UCSes4X8uDrpc4X46hJKjejg,6C69Z_OCe4c,104,5,18,unknown,7,0
20261008,UCSes4X8uDrpc4X46hJKjejg,6CKcUer4q7U,101,9,5,unknown,1,0
20261008,UCSes4X8uDrpc4X46hJKjejg,6CKcUer4q7U,101,9,14,PLX3ZLYz4-6vE2_ZNLW5AfzbHTd1jTskDl,1,0
20261008,UCSes4X8uDrpc4X46hJKjejg,6Cb-PtdJy98,104,4,3,what-to-watch,1,0
20261008,UCSes4X8uDrpc4X46hJKjejg,6Cb-PtdJy98,104,5,3,what-to-watch,3,0
20261008,UCSes4X8uDrpc4X46hJKjejg,6Cb-PtdJy98,102,29,5,unknown,2,0
20261008,UCSes4X8uDrpc4X46hJKjejg,6Cb-PtdJy98,104,4,5,unknown,4,0
20261008,UCSes4X8uDrpc4X46hJKjejg,6Cb-PtdJy98,104,5,5,unknown,3,0
20261008,UCSes4X8uDrpc4X46hJKjejg,6Cb-PtdJy98,105,5,5,unknown,1,0
20261008,UCSes4X8uDrpc4X46hJKjejg,6Cb-PtdJy98,104,4,7,vlAbcDDi_jM,1,1
20261008,UCSes4X8uDrpc4X46hJKjejg,6DF37rM0hQ4,101,2,3,what-to-watch,18,0
20261008,UCSes4X8uDrpc4X46hJKjejg,6DF37rM0hQ4,101,9,3,what-to-watch,6,0
20261008,UCSes4X8uDrpc4X46hJKjejg,6DF37rM0hQ4,102,12,3,what-to-watch,1,0
20261008,UCSes4X8uDrpc4X46hJKjejg,6DF37rM0hQ4,102,19,3,what-to-watch,3,0
20261008,UCSes4X8uDrpc4X46hJKjejg,6DF37rM0hQ4,102,26,3,what-to-watch,1,0
20261008,UCSes4X8uDrpc4X46hJKjejg,6DF37rM0hQ4,102,28,3,what-to-watch,3,0.33333333333333331
20261008,UCSes4X8uDrpc4X46hJKjejg,6DF37rM0hQ4,102,31,3,what-to-watch,1,0
20261008,UCSes4X8uDrpc4X46hJKjejg,6DF37rM0hQ4,104,4,3,what-to-watch,24,0.041666666666666664
20261008,UCSes4X8uDrpc4X46hJKjejg,6DF37rM0hQ4,104,5,3,what-to-watch,21,0.047619047619047616
20261008,UCSes4X8uDrpc4X46hJKjejg,6DF37rM0hQ4,105,5,3,what-to-watch,4,0
20261008,UCSes4X8uDrpc4X46hJKjejg,6DF37rM0hQ4,101,2,5,unknown,7,0
20261008,UCSes4X8uDrpc4X46hJKjejg,6DF37rM0hQ4,101,9,5,unknown,2,0.5
20261008,UCSes4X8uDrpc4X46hJKjejg,6DF37rM0hQ4,102,1,5,unknown,1,0
20261008,UCSes4X8uDrpc4X46hJKjejg,6DF37rM0hQ4,102,19,5,unknown,2,0
20261008,UCSes4X8uDrpc4X46hJKjejg,6DF37rM0hQ4,102,26,5,unknown,3,0
20261008,UCSes4X8uDrpc4X46hJKjejg,6DF37rM0hQ4,103,10,5,unknown,1,0
20261008,UCSes4X8uDrpc4X46hJKjejg,6DF37rM0hQ4,104,4,5,unknown,6,0
20261008,UCSes4X8uDrpc4X46hJKjejg,6DF37rM0hQ4,104,5,5,unknown,3,0
20261008,UCSes4X8uDrpc4X46hJKjejg,6DF37rM0hQ4,105,5,5,unknown,2,0
20261008,UCSes4X8uDrpc4X46hJKjejg,6DF37rM0hQ4,102,19,18,unknown,1,0
20261008,UCSes4X8uDrpc4X46hJKjejg,6N91GQCl2Ug,101,2,4,UCSes4X8uDrpc4X46hJKjejg,1,0
20261008,UCSes4X8uDrpc4X46hJKjejg,6OyhiSOqcNc,101,2,5,unknown,2,0
20261008,UCSes4X8uDrpc4X46hJKjejg,6S1rGmn8ZW8,104,4,3,what-to-watch,1,0
20261008,UCSes4X8uDrpc4X46hJKjejg,6SQo9p11YtU,101,9,5,unknown,1,0
20261008,UCSes4X8uDrpc4X46hJKjejg,6ljakZEWb0o,101,9,3,/my_subscriptions,1,0
20261008,UCSes4X8uDrpc4X46hJKjejg,6ljakZEWb0o,102,4,3,/my_subscriptions,2,0
20261008,UCSes4X8uDrpc4X46hJKjejg,6ljakZEWb0o,102,26,3,/my_subscriptions,2,0
20261008,UCSes4X8uDrpc4X46hJKjejg,6ljakZEWb0o,102,28,3,/my_subscriptions,2,0
20261008,UCSes4X8uDrpc4X46hJKjejg,6ljakZEWb0o,102,29,3,/my_subscriptions,1,0
20261008,UCSes4X8uDrpc4X46hJKjejg,6ljakZEWb0o,104,4,3,/my_subscriptions,8,0
20261008,UCSes4X8uDrpc4X46hJKjejg,6ljakZEWb0o,104,5,3,/my_subscriptions,8,0
20261008,UCSes4X8uDrpc4X46hJKjejg,6ljakZEWb0o,105,5,3,/my_subscriptions,2,0
20261008,UCSes4X8uDrpc4X46hJKjejg,6ljakZEWb0o,101,1,3,what-to-watch,1,0
20261008,UCSes4X8uDrpc4X46hJKjejg,6ljakZEWb0o,101,2,3,what-to-watch,41,0.024390243902439025
20261008,UCSes4X8uDrpc4X46hJKjejg,6ljakZEWb0o,101,9,3,what-to-watch,18,0
20261008,UCSes4X8uDrpc4X46hJKjejg,6ljakZEWb0o,102,1,3,what-to-watch,5,0
20261008,UCSes4X8uDrpc4X46hJKjejg,6ljakZEWb0o,102,4,3,what-to-watch,6,0
20261008,UCSes4X8uDrpc4X46hJKjejg,6ljakZEWb0o,102,12,3,what-to-watch,1,0
20261008,UCSes4X8uDrpc4X46hJKjejg,6ljakZEWb0o,102,19,3,what-to-watch,6,0
20261008,UCSes4X8uDrpc4X46hJKjejg,6ljakZEWb0o,102,26,3,what-to-watch,6,0
20261008,UCSes4X8uDrpc4X46hJKjejg,6ljakZEWb0o,102,28,3,what-to-watch,2,0
20261008,UCSes4X8uDrpc4X46hJKjejg,6ljakZEWb0o,102,29,3,what-to-watch,7,0
20261008,UCSes4X8uDrpc4X46hJKjejg,6ljakZEWb0o,103,10,3,what-to-watch,5,0
20261008,UCSes4X8uDrpc4X46hJKjejg,6ljakZEWb0o,103,17,3,what-to-watch,4,0
20261008,UCSes4X8uDrpc4X46hJKjejg,6ljakZEWb0o,104,4,3,what-to-watch,88,0.011363636363636364
20261008,UCSes4X8uDrpc4X46hJKjejg,6ljakZEWb0o,104,5,3,what-to-watch,102,0.029411764705882353
20261008,UCSes4X8uDrpc4X46hJKjejg,6ljakZEWb0o,105,5,3,what-to-watch,33,0
20261008,UCSes4X8uDrpc4X46hJKjejg,6ljakZEWb0o,101,2,4,UCA95kYjGqDgRziNA7sJZBag,1,0
20261008,UCSes4X8uDrpc4X46hJKjejg,6ljakZEWb0o,102,4,4,UCA95kYjGqDgRziNA7sJZBag,3,0
20261008,UCSes4X8uDrpc4X46hJKjejg,6ljakZEWb0o,102,26,4,UCA95kYjGqDgRziNA7sJZBag,1,0
20261008,UCSes4X8uDrpc4X46hJKjejg,6ljakZEWb0o,102,29,4,UCA95kYjGqDgRziNA7sJZBag,1,0
20261008,UCSes4X8uDrpc4X46hJKjejg,6ljakZEWb0o,103,17,4,UCA95kYjGqDgRziNA7sJZBag,1,0
20261008,UCSes4X8uDrpc4X46hJKjejg,6ljakZEWb0o,103,27,4,UCA95kYjGqDgRziNA7sJZBag,1,0
20261008,UCSes4X8uDrpc4X46hJKjejg,6ljakZEWb0o,104,4,4,UCA95kYjGqDgRziNA7sJZBag,1,0
20261008,UCSes4X8uDrpc4X46hJKjejg,6ljakZEWb0o,104,5,4,UCA95kYjGqDgRziNA7sJZBag,4,0
20261008,UCSes4X8uDrpc4X46hJKjejg,6ljakZEWb0o,102,29,4,UCLh4znMEEDzabMHw-Ob0Cpg,1,0
20261008,UCSes4X8uDrpc4X46hJKjejg,6ljakZEWb0o,101,2,4,UCSes4X8uDrpc4X46hJKjejg,34,0.058823529411764705
20261008,UCSes4X8uDrpc4X46hJKjejg,6ljakZEWb0o,101,9,4,UCSes4X8uDrpc4X46hJKjejg,59,0.067796610169491525
20261008,UCSes4X8uDrpc4X46hJKjejg,6ljakZEWb0o,101,30,4,UCSes4X8uDrpc4X46hJKjejg,2,0
20261008,UCSes4X8uDrpc4X46hJKjejg,6ljakZEWb0o,102,4,4,UCSes4X8uDrpc4X46hJKjejg,6,0
20261008,UCSes4X8uDrpc4X46hJKjejg,6ljakZEWb0o,102,12,4,UCSes4X8uDrpc4X46hJKjejg,5,0
20261008,UCSes4X8uDrpc4X46hJKjejg,6ljakZEWb0o,102,19,4,UCSes4X8uDrpc4X46hJKjejg,3,0
20261008,UCSes4X8uDrpc4X46hJKjejg,6ljakZEWb0o,102,26,4,UCSes4X8uDrpc4X46hJKjejg,10,0.1
20261008,UCSes4X8uDrpc4X46hJKjejg,6ljakZEWb0o,103,10,4,UCSes4X8uDrpc4X46hJKjejg,1,0
20261008,UCSes4X8uDrpc4X46hJKjejg,6ljakZEWb0o,104,4,4,UCSes4X8uDrpc4X46hJKjejg,99,0.030303030303030304
20261008,UCSes4X8uDrpc4X46hJKjejg,6ljakZEWb0o,104,5,4,UCSes4X8uDrpc4X46hJKjejg,121,0.0082644628099173556
20261008,UCSes4X8uDrpc4X46hJKjejg,6ljakZEWb0o,105,5,4,UCSes4X8uDrpc4X46hJKjejg,5,0
20261008,UCSes4X8uDrpc4X46hJKjejg,6ljakZEWb0o,102,28,4,UCWcbo7_7Qiu0VtXPjpp-SDA,1,0
20261008,UCSes4X8uDrpc4X46hJKjejg,6ljakZEWb0o,103,10,4,UCWcbo7_7Qiu0VtXPjpp-SDA,1,0
20261008,UCSes4X8uDrpc4X46hJKjejg,6ljakZEWb0o,101,2,5,unknown,18,0.1111111111111111
20261008,UCSes4X8uDrpc4X46hJKjejg,6ljakZEWb0o,101,9,5,unknown,12,0
20261008,UCSes4X8uDrpc4X46hJKjejg,6ljakZEWb0o,102,1,5,unknown,1,0
20261008,UCSes4X8uDrpc4X46hJKjejg,6ljakZEWb0o,102,19,5,unknown,1,0
20261008,UCSes4X8uDrpc4X46hJKjejg,6ljakZEWb0o,102,21,5,unknown,2,0
20261008,UCSes4X8uDrpc4X46hJKjejg,6ljakZEWb0o,102,26,5,unknown,5,0
20261008,UCSes4X8uDrpc4X46hJKjejg,6ljakZEWb0o,102,29,5,unknown,1,0
20261008,UCSes4X8uDrpc4X46hJKjejg,6ljakZEWb0o,104,4,5,unknown,57,0
20261008,UCSes4X8uDrpc4X46hJKjejg,6ljakZEWb0o,104,5,5,unknown,63,0.047619047619047616
20261008,UCSes4X8uDrpc4X46hJKjejg,6ljakZEWb0o,105,5,5,unknown,6,0
20261008,UCSes4X8uDrpc4X46hJKjejg,6ljakZEWb0o,104,5,7,0A0ZC94-XlE,1,0
20261008,UCSes4X8uDrpc4X46hJKjejg,6ljakZEWb0o,104,4,7,0TG-NkGx8UY,1,0
20261008,UCSes4X8uDrpc4X46hJKjejg,6ljakZEWb0o,101,2,7,0hqeHre6QLA,1,0
20261008,UCSes4X8uDrpc4X46hJKjejg,6ljakZEWb0o,102,28,7,0hqeHre6QLA,1,0
20261008,UCSes4X8uDrpc4X46hJKjejg,6ljakZEWb0o,101,2,7,2i3tLbO0LYA,1,0
20261008,UCSes4X8uDrpc4X46hJKjejg,6ljakZEWb0o,104,5,7,32RfAu1O7V8,1,0
20261008,UCSes4X8uDrpc4X46hJKjejg,6ljakZEWb0o,101,9,7,3U9mS2Mo6sk,1,0
20261008,UCSes4X8uDrpc4X46hJKjejg,6ljakZEWb0o,104,5,7,3w63eqjMJac,1,0
20261008,UCSes4X8uDrpc4X46hJKjejg,6ljakZEWb0o,102,26,7,3xJHsuY7fX4,1,0
20261008,UCSes4X8uDrpc4X46hJKjejg,6ljakZEWb0o,104,4,7,6TPdz_MzokM,1,0
20261008,UCSes4X8uDrpc4X46hJKjejg,6ljakZEWb0o,101,2,7,6V3lpYveZSw,1,0
20261008,UCSes4X8uDrpc4X46hJKjejg,6ljakZEWb0o,104,4,7,6eVGWYUhy-Q,1,0
20261008,UCSes4X8uDrpc4X46hJKjejg,6ljakZEWb0o,104,5,7,6rDXW4DjptM,1,0
20261008,UCSes4X8uDrpc4X46hJKjejg,6ljakZEWb0o,104,5,7,7rV9mt5AS4I,1,0
20261008,UCSes4X8uDrpc4X46hJKjejg,6ljakZEWb0o,105,5,7,AXkeDx-lKw4,1,0
20261008,UCSes4X8uDrpc4X46hJKjejg,6ljakZEWb0o,101,2,7,BeZUS-lZ4qs,1,0
20261008,UCSes4X8uDrpc4X46hJKjejg,6ljakZEWb0o,104,4,7,BeZUS-lZ4qs,1,0
20261008,UCSes4X8uDrpc4X46hJKjejg,6ljakZEWb0o,104,5,7,BeZUS-lZ4qs,1,0
20261008,UCSes4X8uDrpc4X46hJKjejg,6ljakZEWb0o,101,2,7,DNo4D149Tcg,1,0
20261008,UCSes4X8uDrpc4X46hJKjejg,6ljakZEWb0o,104,4,7,DPexo1CbZ9E,1,0
20261008,UCSes4X8uDrpc4X46hJKjejg,6ljakZEWb0o,104,4,7,EfBNBMnYtwY,1,0
20261008,UCSes4X8uDrpc4X46hJKjejg,6ljakZEWb0o,104,5,7,El3omyvJi-k,1,0
20261008,UCSes4X8uDrpc4X46hJKjejg,6ljakZEWb0o,101,2,7,HJxhH3jsE4k,1,0
20261008,UCSes4X8uDrpc4X46hJKjejg,6ljakZEWb0o,104,4,7,HonI8FWc780,1,0
20261008,UCSes4X8uDrpc4X46hJKjejg,6ljakZEWb0o,104,4,7,K-aKDqLmZL0,1,0
20261008,UCSes4X8uDrpc4X46hJKjejg,6ljakZEWb0o,101,9,7,LguyQAIoKlA,1,0
20261008,UCSes4X8uDrpc4X46hJKjejg,6ljakZEWb0o,104,5,7,M2DqFbApt_c,1,0
20261008,UCSes4X8uDrpc4X46hJKjejg,6ljakZEWb0o,102,19,7,N42F_8RIGsc,1,0
20261008,UCSes4X8uDrpc4X46hJKjejg,6ljakZEWb0o,104,5,7,NfZfaGd02yo,3,0
20261008,UCSes4X8uDrpc4X46hJKjejg,6ljakZEWb0o,104,5,7,NuEfvCXYcJo,1,0
20261008,UCSes4X8uDrpc4X46hJKjejg,6ljakZEWb0o,104,5,7,OxJDEqHUqmc,1,0
20261008,UCSes4X8uDrpc4X46hJKjejg,6ljakZEWb0o,104,5,7,RKR8ERIy17k,1,0
20261008,UCSes4X8uDrpc4X46hJKjejg,6ljakZEWb0o,101,9,7,RVS7VkQHBbk,1,0
20261008,UCSes4X8uDrpc4X46hJKjejg,6ljakZEWb0o,104,5,7,SMgVFWQzrR0,1,0
20261008,UCSes4X8uDrpc4X46hJKjejg,6ljakZEWb0o,102,1,7,SOpKjzM9nxg,1,0
20261008,UCSes4X8uDrpc4X46hJKjejg,6ljakZEWb0o,104,4,7,SP78F3l8OHs,2,0
20261008,UCSes4X8uDrpc4X46hJKjejg,6ljakZEWb0o,105,5,7,SeNTd48nGO4,1,0
20261008,UCSes4X8uDrpc4X46hJKjejg,6ljakZEWb0o,104,4,7,TFvowEw0b9E,1,0
20261008,UCSes4X8uDrpc4X46hJKjejg,6ljakZEWb0o,104,4,7,UEKO5Mr0oDE,1,0
20261008,UCSes4X8uDrpc4X46hJKjejg,6ljakZEWb0o,104,4,7,UZ-1_NKq5Fg,1,0
20261008,UCSes4X8uDrpc4X46hJKjejg,6ljakZEWb0o,104,4,7,Un2x8JIi3dk,1,0
20261008,UCSes4X8uDrpc4X46hJKjejg,6ljakZEWb0o,104,4,7,V_Nmlobpvx0,1,0
20261008,UCSes4X8uDrpc4X46hJKjejg,6ljakZEWb0o,104,5,7,VjhH-mVpwk4,2,0
20261008,UCSes4X8uDrpc4X46hJKjejg,6ljakZEWb0o,104,4,7,Voo03eeE9EM,1,0
20261008,UCSes4X8uDrpc4X46hJKjejg,6ljakZEWb0o,104,4,7,X2L6bZK_Glc,1,0
20261008,UCSes4X8uDrpc4X46hJKjejg,6ljakZEWb0o,102,28,7,Ydp0ru9F_cY,1,1
20261008,UCSes4X8uDrpc4X46hJKjejg,6ljakZEWb0o,102,19,7,Ye5Ic7DI1eo,1,0
20261008,UCSes4X8uDrpc4X46hJKjejg,6ljakZEWb0o,102,29,7,Z3rJhk6SxPg,1,0
20261008,UCSes4X8uDrpc4X46hJKjejg,6ljakZEWb0o,104,4,7,ZGhAvj1j7uI,1,0
20261008,UCSes4X8uDrpc4X46hJKjejg,6ljakZEWb0o,104,4,7,a46Xp8FtWOg,1,0
20261008,UCSes4X8uDrpc4X46hJKjejg,6ljakZEWb0o,101,2,7,as2iZ5EDsiY,1,0
20261008,UCSes4X8uDrpc4X46hJKjejg,6ljakZEWb0o,101,2,7,biDyJ4KmqU4,1,0
20261008,UCSes4X8uDrpc4X46hJKjejg,6ljakZEWb0o,101,2,7,cKm5MBJyAbc,1,0
20261008,UCSes4X8uDrpc4X46hJKjejg,6ljakZEWb0o,105,5,7,e2hJQv3M-rk,1,0
20261008,UCSes4X8uDrpc4X46hJKjejg,6ljakZEWb0o,102,28,7,esAX4AM0dWo,1,0
20261008,UCSes4X8uDrpc4X46hJKjejg,6ljakZEWb0o,104,5,7,g7_-gx5TWaU,1,0
20261008,UCSes4X8uDrpc4X46hJKjejg,6ljakZEWb0o,102,4,7,gTMjT4y5LHE,1,0
20261008,UCSes4X8uDrpc4X46hJKjejg,6ljakZEWb0o,101,2,7,h0BapRcaloY,1,0
20261008,UCSes4X8uDrpc4X46hJKjejg,6ljakZEWb0o,104,5,7,hZO8fs7KPA4,1,0
20261008,UCSes4X8uDrpc4X46hJKjejg,6ljakZEWb0o,101,2,7,j46sT8dctNs,1,0
20261008,UCSes4X8uDrpc4X46hJKjejg,6ljakZEWb0o,104,4,7,j9GIqliJPOY,1,0
20261008,UCSes4X8uDrpc4X46hJKjejg,6ljakZEWb0o,104,4,7,jfuX0WLiNls,1,0
20261008,UCSes4X8uDrpc4X46hJKjejg,6ljakZEWb0o,104,5,7,jizHHnGzzUg,2,0
20261008,UCSes4X8uDrpc4X46hJKjejg,6ljakZEWb0o,104,5,7,k2YBtVqg_KE,1,0
20261008,UCSes4X8uDrpc4X46hJKjejg,6ljakZEWb0o,104,4,7,nmmEv3lgxKs,1,0
20261008,UCSes4X8uDrpc4X46hJKjejg,6ljakZEWb0o,104,4,7,o15qB52WGqA,1,0
20261008,UCSes4X8uDrpc4X46hJKjejg,6ljakZEWb0o,104,4,7,oheZ1FWb0L4,1,0
20261008,UCSes4X8uDrpc4X46hJKjejg,6ljakZEWb0o,104,4,7,qVAxb2x_w6s,1,0
20261008,UCSes4X8uDrpc4X46hJKjejg,6ljakZEWb0o,104,4,7,r1ZXpzY2VK8,1,0
20261008,UCSes4X8uDrpc4X46hJKjejg,6ljakZEWb0o,104,5,7,r3fG-vVjHjI,1,0
20261008,UCSes4X8uDrpc4X46hJKjejg,6ljakZEWb0o,104,5,7,rUVtqSkkZzY,1,0
20261008,UCSes4X8uDrpc4X46hJKjejg,6ljakZEWb0o,102,4,7,rWwySgQgF7I,1,0
20261008,UCSes4X8uDrpc4X46hJKjejg,6ljakZEWb0o,104,4,7,rqYAcQrMFmU,1,0
20261008,UCSes4X8uDrpc4X46hJKjejg,6ljakZEWb0o,102,26,7,sNQtbrdiP98,1,0
20261008,UCSes4X8uDrpc4X46hJKjejg,6ljakZEWb0o,101,2,7,ttjiSGwWn4k,1,0
20261008,UCSes4X8uDrpc4X46hJKjejg,6ljakZEWb0o,104,5,7,uJzal7DquB4,1,0
20261008,UCSes4X8uDrpc4X46hJKjejg,6ljakZEWb0o,104,5,7,ucwym9sWya0,1,0
20261008,UCSes4X8uDrpc4X46hJKjejg,6ljakZEWb0o,104,5,7,vbmPVYNf1oA,1,1
20261008,UCSes4X8uDrpc4X46hJKjejg,6ljakZEWb0o,104,5,7,w3dNMQrmSJw,1,0
20261008,UCSes4X8uDrpc4X46hJKjejg,6ljakZEWb0o,104,4,7,wdXwN7t2zmQ,1,0
20261008,UCSes4X8uDrpc4X46hJKjejg,6ljakZEWb0o,104,5,7,xOrHP41v1rg,1,0
20261008,UCSes4X8uDrpc4X46hJKjejg,6ljakZEWb0o,101,2,7,yHB2OGS04e4,1,0
20261008,UCSes4X8uDrpc4X46hJKjejg,6ljakZEWb0o,104,4,7,yOctP1tzmmM,1,0
20261008,UCSes4X8uDrpc4X46hJKjejg,6ljakZEWb0o,104,5,7,yZLw4AWF4pg,1,0
20261008,UCSes4X8uDrpc4X46hJKjejg,6ljakZEWb0o,104,4,7,z5cR9gz1AEM,1,0
20261008,UCSes4X8uDrpc4X46hJKjejg,6ljakZEWb0o,104,5,7,zyCb0wa8Twk,1,0
20261008,UCSes4X8uDrpc4X46hJKjejg,6ljakZEWb0o,104,5,14,PLFV6r71UhzIzQbA6T3V9nzJOdWTPed-pZ,5,0
20261008,UCSes4X8uDrpc4X46hJKjejg,6ljakZEWb0o,101,2,14,PLX3ZLYz4-6vE2_ZNLW5AfzbHTd1jTskDl,1,0
20261008,UCSes4X8uDrpc4X46hJKjejg,6ljakZEWb0o,101,9,14,PLX3ZLYz4-6vE2_ZNLW5AfzbHTd1jTskDl,2,0
20261008,UCSes4X8uDrpc4X46hJKjejg,6ljakZEWb0o,104,4,14,PLX3ZLYz4-6vE2_ZNLW5AfzbHTd1jTskDl,13,0
20261008,UCSes4X8uDrpc4X46hJKjejg,6ljakZEWb0o,104,5,14,PLX3ZLYz4-6vE2_ZNLW5AfzbHTd1jTskDl,3,0
20261008,UCSes4X8uDrpc4X46hJKjejg,6ljakZEWb0o,101,2,14,PLX3ZLYz4-6vFapW85GvTgNr-4rJjgkzqi,5,0
20261008,UCSes4X8uDrpc4X46hJKjejg,6ljakZEWb0o,101,9,18,unknown,3,0
20261008,UCSes4X8uDrpc4X46hJKjejg,6ljakZEWb0o,104,4,18,unknown,14,0.071428571428571425
20261008,UCSes4X8uDrpc4X46hJKjejg,6ljakZEWb0o,104,5,18,unknown,16,0.0625
20261008,UCSes4X8uDrpc4X46hJKjejg,6mYXcUQHtfA,102,12,3,what-to-watch,1,0
20261008,UCSes4X8uDrpc4X46hJKjejg,6mYXcUQHtfA,102,26,3,what-to-watch,1,0
20261008,UCSes4X8uDrpc4X46hJKjejg,6mYXcUQHtfA,102,29,3,what-to-watch,1,0
20261008,UCSes4X8uDrpc4X46hJKjejg,6mYXcUQHtfA,104,4,3,what-to-watch,4,0
20261008,UCSes4X8uDrpc4X46hJKjejg,6mYXcUQHtfA,104,5,3,what-to-watch,3,0
20261008,UCSes4X8uDrpc4X46hJKjejg,6mYXcUQHtfA,105,5,3,what-to-watch,1,0
20261008,UCSes4X8uDrpc4X46hJKjejg,6mYXcUQHtfA,101,2,4,UCSes4X8uDrpc4X46hJKjejg,1,0
20261008,UCSes4X8uDrpc4X46hJKjejg,6mYXcUQHtfA,104,4,7,wW5JtY5TbNg,1,0
20261008,UCSes4X8uDrpc4X46hJKjejg,6mbf3U3NgnY,101,9,3,what-to-watch,1,0
20261008,UCSes4X8uDrpc4X46hJKjejg,6mbf3U3NgnY,101,9,4,UCSes4X8uDrpc4X46hJKjejg,2,0
20261008,UCSes4X8uDrpc4X46hJKjejg,6nFxMEzCsm8,104,5,5,unknown,3,0
20261008,UCSes4X8uDrpc4X46hJKjejg,6oGL_hVMNjM,101,9,3,what-to-watch,1,1
20261008,UCSes4X8uDrpc4X46hJKjejg,6oGL_hVMNjM,104,4,3,what-to-watch,5,0
20261008,UCSes4X8uDrpc4X46hJKjejg,6oGL_hVMNjM,101,2,5,unknown,4,0
20261008,UCSes4X8uDrpc4X46hJKjejg,6oGL_hVMNjM,102,1,5,unknown,3,0
20261008,UCSes4X8uDrpc4X46hJKjejg,6oGL_hVMNjM,102,4,5,unknown,1,0
20261008,UCSes4X8uDrpc4X46hJKjejg,6oGL_hVMNjM,102,26,5,unknown,4,0
20261008,UCSes4X8uDrpc4X46hJKjejg,6oGL_hVMNjM,102,29,5,unknown,3,0
20261008,UCSes4X8uDrpc4X46hJKjejg,6oGL_hVMNjM,102,31,5,unknown,1,0
20261008,UCSes4X8uDrpc4X46hJKjejg,6oGL_hVMNjM,104,5,5,unknown,11,0
20261008,UCSes4X8uDrpc4X46hJKjejg,6oGL_hVMNjM,105,5,5,unknown,2,0
20261008,UCSes4X8uDrpc4X46hJKjejg,6oGL_hVMNjM,104,5,18,unknown,1,0
20261008,UCSes4X8uDrpc4X46hJKjejg,6qJqOrLxJik,101,9,3,what-to-watch,1,0
20261008,UCSes4X8uDrpc4X46hJKjejg,6qJqOrLxJik,101,30,3,what-to-watch,1,0
20261008,UCSes4X8uDrpc4X46hJKjejg,6qJqOrLxJik,102,26,3,what-to-watch,1,0
20261008,UCSes4X8uDrpc4X46hJKjejg,6qJqOrLxJik,102,29,3,what-to-watch,1,0
20261008,UCSes4X8uDrpc4X46hJKjejg,6qJqOrLxJik,103,10,3,what-to-watch,1,0
20261008,UCSes4X8uDrpc4X46hJKjejg,6qJqOrLxJik,104,4,3,what-to-watch,3,0
20261008,UCSes4X8uDrpc4X46hJKjejg,6qJqOrLxJik,104,5,3,what-to-watch,4,0.25
20261008,UCSes4X8uDrpc4X46hJKjejg,6qJqOrLxJik,101,2,4,UCSes4X8uDrpc4X46hJKjejg,1,0
20261008,UCSes4X8uDrpc4X46hJKjejg,6qJqOrLxJik,101,9,5,unknown,1,0
20261008,UCSes4X8uDrpc4X46hJKjejg,6qJqOrLxJik,104,4,5,unknown,1,0
20261008,UCSes4X8uDrpc4X46hJKjejg,6qJqOrLxJik,101,2,7,cwjDNJmgsrU,1,0
20261008,UCSes4X8uDrpc4X46hJKjejg,6qJqOrLxJik,101,2,7,j3RtcCnr_k4,1,0
20261008,UCSes4X8uDrpc4X46hJKjejg,6qJqOrLxJik,101,9,14,PLX3ZLYz4-6vE2_ZNLW5AfzbHTd1jTskDl,2,0
20261008,UCSes4X8uDrpc4X46hJKjejg,6rnCipDf-0M,102,29,3,what-to-watch,2,0
20261008,UCSes4X8uDrpc4X46hJKjejg,6rnCipDf-0M,104,5,3,what-to-watch,4,0
20261008,UCSes4X8uDrpc4X46hJKjejg,6rnCipDf-0M,101,2,5,unknown,1,0
20261008,UCSes4X8uDrpc4X46hJKjejg,6rnCipDf-0M,102,1,5,unknown,1,0
20261008,UCSes4X8uDrpc4X46hJKjejg,6rnCipDf-0M,104,5,5,unknown,10,0.3
20261008,UCSes4X8uDrpc4X46hJKjejg,6wD99Q0dS0U,104,4,5,unknown,1,0
20261008,UCSes4X8uDrpc4X46hJKjejg,6wZwOsYD9rQ,101,2,3,what-to-watch,1,0
20261008,UCSes4X8uDrpc4X46hJKjejg,6wZwOsYD9rQ,102,26,3,what-to-watch,2,0
20261008,UCSes4X8uDrpc4X46hJKjejg,6wZwOsYD9rQ,104,4,3,what-to-watch,1,0
20261008,UCSes4X8uDrpc4X46hJKjejg,6wZwOsYD9rQ,104,5,3,what-to-watch,1,0
20261008,UCSes4X8uDrpc4X46hJKjejg,6wZwOsYD9rQ,105,5,3,what-to-watch,1,0
20261008,UCSes4X8uDrpc4X46hJKjejg,6wZwOsYD9rQ,104,5,4,UCSes4X8uDrpc4X46hJKjejg,4,0
20261008,UCSes4X8uDrpc4X46hJKjejg,6wZwOsYD9rQ,101,2,5,unknown,2,0
20261008,UCSes4X8uDrpc4X46hJKjejg,6wZwOsYD9rQ,101,9,5,unknown,1,0
20261008,UCSes4X8uDrpc4X46hJKjejg,6wZwOsYD9rQ,102,4,5,unknown,1,0
20261008,UCSes4X8uDrpc4X46hJKjejg,6wZwOsYD9rQ,102,12,5,unknown,1,0
20261008,UCSes4X8uDrpc4X46hJKjejg,6wZwOsYD9rQ,102,19,5,unknown,2,0
20261008,UCSes4X8uDrpc4X46hJKjejg,6wZwOsYD9rQ,104,4,5,unknown,10,0.1
20261008,UCSes4X8uDrpc4X46hJKjejg,6wZwOsYD9rQ,104,5,5,unknown,8,0.25
20261008,UCSes4X8uDrpc4X46hJKjejg,6wZwOsYD9rQ,105,5,5,unknown,4,0.25
20261008,UCSes4X8uDrpc4X46hJKjejg,6wZwOsYD9rQ,101,2,7,7Y_3OamiKxY,1,0
20261008,UCSes4X8uDrpc4X46hJKjejg,6wZwOsYD9rQ,104,5,7,bV7tuPbWHjU,1,0
20261008,UCSes4X8uDrpc4X46hJKjejg,6wZwOsYD9rQ,101,2,7,rnXwnD7mr48,1,0
20261008,UCSes4X8uDrpc4X46hJKjejg,6yRZKqOpZPM,101,2,5,unknown,2,0
20261008,UCSes4X8uDrpc4X46hJKjejg,758kz6ojvfE,101,9,3,what-to-watch,1,0
20261008,UCSes4X8uDrpc4X46hJKjejg,758kz6ojvfE,102,26,3,what-to-watch,1,0
20261008,UCSes4X8uDrpc4X46hJKjejg,758kz6ojvfE,104,4,3,what-to-watch,2,0
20261008,UCSes4X8uDrpc4X46hJKjejg,758kz6ojvfE,104,4,5,unknown,3,0.33333333333333331
20261008,UCSes4X8uDrpc4X46hJKjejg,76C3tiEILWw,104,5,3,what-to-watch,3,0
20261008,UCSes4X8uDrpc4X46hJKjejg,76C3tiEILWw,104,5,18,unknown,1,0
20261008,UCSes4X8uDrpc4X46hJKjejg,77vjqgJaRnQ,104,5,4,UCSes4X8uDrpc4X46hJKjejg,2,0
20261008,UCSes4X8uDrpc4X46hJKjejg,7DD0KNPPL1c,101,2,3,what-to-watch,1,0
20261008,UCSes4X8uDrpc4X46hJKjejg,7DD0KNPPL1c,102,26,3,what-to-watch,1,0
20261008,UCSes4X8uDrpc4X46hJKjejg,7DD0KNPPL1c,103,10,3,what-to-watch,2,0
20261008,UCSes4X8uDrpc4X46hJKjejg,7DD0KNPPL1c,104,4,3,what-to-watch,1,0
20261008,UCSes4X8uDrpc4X46hJKjejg,7DD0KNPPL1c,104,5,3,what-to-watch,1,0
20261008,UCSes4X8uDrpc4X46hJKjejg,7DD0KNPPL1c,101,9,4,UCSes4X8uDrpc4X46hJKjejg,1,0
20261008,UCSes4X8uDrpc4X46hJKjejg,7DD0KNPPL1c,101,2,5,unknown,1,0
20261008,UCSes4X8uDrpc4X46hJKjejg,7DD0KNPPL1c,104,4,5,unknown,4,0
20261008,UCSes4X8uDrpc4X46hJKjejg,7DD0KNPPL1c,104,5,5,unknown,3,0
20261008,UCSes4X8uDrpc4X46hJKjejg,7Ef_mmNaT5o,101,2,3,what-to-watch,2,0
20261008,UCSes4X8uDrpc4X46hJKjejg,7Ef_mmNaT5o,102,4,3,what-to-watch,2,0
20261008,UCSes4X8uDrpc4X46hJKjejg,7Ef_mmNaT5o,102,28,3,what-to-watch,6,0.16666666666666666
20261008,UCSes4X8uDrpc4X46hJKjejg,7Ef_mmNaT5o,102,31,3,what-to-watch,2,0
20261008,UCSes4X8uDrpc4X46hJKjejg,7Ef_mmNaT5o,104,4,3,what-to-watch,3,0.33333333333333331
20261008,UCSes4X8uDrpc4X46hJKjejg,7Ef_mmNaT5o,104,5,3,what-to-watch,3,0
20261008,UCSes4X8uDrpc4X46hJKjejg,7Ef_mmNaT5o,105,5,3,what-to-watch,1,0
20261008,UCSes4X8uDrpc4X46hJKjejg,7Ef_mmNaT5o,104,4,4,UCSes4X8uDrpc4X46hJKjejg,2,0
20261008,UCSes4X8uDrpc4X46hJKjejg,7Ef_mmNaT5o,101,2,5,unknown,5,0
20261008,UCSes4X8uDrpc4X46hJKjejg,7Ef_mmNaT5o,101,9,5,unknown,2,0
20261008,UCSes4X8uDrpc4X46hJKjejg,7Ef_mmNaT5o,101,30,5,unknown,1,0
20261008,UCSes4X8uDrpc4X46hJKjejg,7Ef_mmNaT5o,104,4,5,unknown,3,0
20261008,UCSes4X8uDrpc4X46hJKjejg,7Ef_mmNaT5o,104,5,5,unknown,3,0
20261008,UCSes4X8uDrpc4X46hJKjejg,7HuaEHVdk6c,101,2,3,what-to-watch,4,0
20261008,UCSes4X8uDrpc4X46hJKjejg,7HuaEHVdk6c,101,9,3,what-to-watch,1,0
20261008,UCSes4X8uDrpc4X46hJKjejg,7HuaEHVdk6c,102,4,3,what-to-watch,3,0
20261008,UCSes4X8uDrpc4X46hJKjejg,7HuaEHVdk6c,102,26,3,what-to-watch,4,0
20261008,UCSes4X8uDrpc4X46hJKjejg,7HuaEHVdk6c,102,29,3,what-to-watch,4,0.25
20261008,UCSes4X8uDrpc4X46hJKjejg,7HuaEHVdk6c,103,10,3,what-to-watch,4,0
20261008,UCSes4X8uDrpc4X46hJKjejg,7HuaEHVdk6c,104,4,3,what-to-watch,27,0.1111111111111111
20261008,UCSes4X8uDrpc4X46hJKjejg,7HuaEHVdk6c,104,5,3,what-to-watch,19,0.10526315789473684
20261008,UCSes4X8uDrpc4X46hJKjejg,7HuaEHVdk6c,105,5,3,what-to-watch,6,0.16666666666666666
20261008,UCSes4X8uDrpc4X46hJKjejg,7HuaEHVdk6c,101,2,5,unknown,3,0.33333333333333331
20261008,UCSes4X8uDrpc4X46hJKjejg,7HuaEHVdk6c,102,19,5,unknown,1,0
20261008,UCSes4X8uDrpc4X46hJKjejg,7HuaEHVdk6c,102,29,5,unknown,2,0.5
20261008,UCSes4X8uDrpc4X46hJKjejg,7HuaEHVdk6c,102,31,5,unknown,1,0
20261008,UCSes4X8uDrpc4X46hJKjejg,7HuaEHVdk6c,104,4,5,unknown,19,0
20261008,UCSes4X8uDrpc4X46hJKjejg,7HuaEHVdk6c,104,5,5,unknown,11,0.090909090909090912
20261008,UCSes4X8uDrpc4X46hJKjejg,7Iwn2vTy66E,105,5,3,what-to-watch,4,0
20261008,UCSes4X8uDrpc4X46hJKjejg,7Iwn2vTy66E,101,2,5,unknown,2,0
20261008,UCSes4X8uDrpc4X46hJKjejg,7Iwn2vTy66E,101,9,5,unknown,1,0
20261008,UCSes4X8uDrpc4X46hJKjejg,7Iwn2vTy66E,104,5,5,unknown,3,0
20261008,UCSes4X8uDrpc4X46hJKjejg,7KcqhxAiYMQ,101,9,5,unknown,1,0
20261008,UCSes4X8uDrpc4X46hJKjejg,7KcqhxAiYMQ,101,9,14,PLX3ZLYz4-6vE2_ZNLW5AfzbHTd1jTskDl,1,0
20261008,UCSes4X8uDrpc4X46hJKjejg,7NWcphfroRY,104,5,18,unknown,1,0
20261008,UCSes4X8uDrpc4X46hJKjejg,7X7tv7bum9s,104,5,5,unknown,1,0
20261008,UCSes4X8uDrpc4X46hJKjejg,7_wBOZQYuhU,101,9,3,what-to-watch,1,0
20261008,UCSes4X8uDrpc4X46hJKjejg,7_wBOZQYuhU,101,30,3,what-to-watch,2,0
20261008,UCSes4X8uDrpc4X46hJKjejg,7_wBOZQYuhU,102,29,3,what-to-watch,4,0
20261008,UCSes4X8uDrpc4X46hJKjejg,7_wBOZQYuhU,101,2,5,unknown,1,0
20261008,UCSes4X8uDrpc4X46hJKjejg,7_wBOZQYuhU,101,9,5,unknown,1,0
20261008,UCSes4X8uDrpc4X46hJKjejg,7_wBOZQYuhU,101,30,5,unknown,1,0
20261008,UCSes4X8uDrpc4X46hJKjejg,7_wBOZQYuhU,102,12,5,unknown,1,0
20261008,UCSes4X8uDrpc4X46hJKjejg,7_wBOZQYuhU,104,4,5,unknown,3,0
20261008,UCSes4X8uDrpc4X46hJKjejg,7_wBOZQYuhU,104,5,5,unknown,1,0
20261008,UCSes4X8uDrpc4X46hJKjejg,7aDF_0FOSnA,101,1,5,unknown,1,0
20261008,UCSes4X8uDrpc4X46hJKjejg,7aDF_0FOSnA,102,1,5,unknown,1,0
20261008,UCSes4X8uDrpc4X46hJKjejg,7aDF_0FOSnA,102,29,5,unknown,1,0
20261008,UCSes4X8uDrpc4X46hJKjejg,7aDF_0FOSnA,104,5,5,unknown,3,0.33333333333333331
20261008,UCSes4X8uDrpc4X46hJKjejg,7aDF_0FOSnA,105,5,5,unknown,2,0
20261008,UCSes4X8uDrpc4X46hJKjejg,7aus3KbsW_c,102,26,5,unknown,1,0
20261008,UCSes4X8uDrpc4X46hJKjejg,7aus3KbsW_c,104,4,5,unknown,3,0
20261008,UCSes4X8uDrpc4X46hJKjejg,7aus3KbsW_c,104,5,5,unknown,2,0
20261008,UCSes4X8uDrpc4X46hJKjejg,7aus3KbsW_c,104,5,18,unknown,2,0
20261008,UCSes4X8uDrpc4X46hJKjejg,7cpMTTHjaMA,101,2,4,UCSes4X8uDrpc4X46hJKjejg,1,0
20261008,UCSes4X8uDrpc4X46hJKjejg,7eMfvT-iSho,102,19,3,what-to-watch,1,0
20261008,UCSes4X8uDrpc4X46hJKjejg,7m9v69D32cg,104,4,4,UCSes4X8uDrpc4X46hJKjejg,1,0
20261008,UCSes4X8uDrpc4X46hJKjejg,7pKwtMurArc,101,2,4,UCSes4X8uDrpc4X46hJKjejg,1,0
20261008,UCSes4X8uDrpc4X46hJKjejg,7pKwtMurArc,101,9,5,unknown,1,0
20261008,UCSes4X8uDrpc4X46hJKjejg,7pKwtMurArc,101,9,14,PLX3ZLYz4-6vE2_ZNLW5AfzbHTd1jTskDl,2,0
20261008,UCSes4X8uDrpc4X46hJKjejg,7qt1wBW-P6A,104,4,3,what-to-watch,1,0
20261008,UCSes4X8uDrpc4X46hJKjejg,7qt1wBW-P6A,101,2,5,unknown,1,0
20261008,UCSes4X8uDrpc4X46hJKjejg,7qt1wBW-P6A,101,9,5,unknown,1,0
20261008,UCSes4X8uDrpc4X46hJKjejg,7qt1wBW-P6A,102,19,5,unknown,2,0
20261008,UCSes4X8uDrpc4X46hJKjejg,7qt1wBW-P6A,104,5,5,unknown,5,0
20261008,UCSes4X8uDrpc4X46hJKjejg,7s_hS5lLSkQ,102,4,5,unknown,1,0
20261008,UCSes4X8uDrpc4X46hJKjejg,7uu_YrZYDF8,104,4,5,unknown,1,0
20261008,UCSes4X8uDrpc4X46hJKjejg,7uu_YrZYDF8,104,5,5,unknown,2,0
20261008,UCSes4X8uDrpc4X46hJKjejg,81htzE75GGQ,101,9,5,unknown,1,0
20261008,UCSes4X8uDrpc4X46hJKjejg,84XwX8zGUOk,101,1,3,what-to-watch,4,0
20261008,UCSes4X8uDrpc4X46hJKjejg,84XwX8zGUOk,101,2,3,what-to-watch,11,0.18181818181818182
20261008,UCSes4X8uDrpc4X46hJKjejg,84XwX8zGUOk,101,9,3,what-to-watch,4,0
20261008,UCSes4X8uDrpc4X46hJKjejg,84XwX8zGUOk,102,4,3,what-to-watch,1,0
20261008,UCSes4X8uDrpc4X46hJKjejg,84XwX8zGUOk,102,29,3,what-to-watch,2,0.5
20261008,UCSes4X8uDrpc4X46hJKjejg,84XwX8zGUOk,104,4,3,what-to-watch,9,0
20261008,UCSes4X8uDrpc4X46hJKjejg,84XwX8zGUOk,104,5,3,what-to-watch,23,0
20261008,UCSes4X8uDrpc4X46hJKjejg,84XwX8zGUOk,105,5,3,what-to-watch,4,0
20261008,UCSes4X8uDrpc4X46hJKjejg,84XwX8zGUOk,101,2,4,UCSes4X8uDrpc4X46hJKjejg,1,0
20261008,UCSes4X8uDrpc4X46hJKjejg,84XwX8zGUOk,101,9,5,unknown,1,0
20261008,UCSes4X8uDrpc4X46hJKjejg,84XwX8zGUOk,103,17,5,unknown,2,0
20261008,UCSes4X8uDrpc4X46hJKjejg,84XwX8zGUOk,104,4,5,unknown,2,0
20261008,UCSes4X8uDrpc4X46hJKjejg,84XwX8zGUOk,104,5,5,unknown,9,0.1111111111111111
20261008,UCSes4X8uDrpc4X46hJKjejg,84XwX8zGUOk,104,4,7,3sCjhxDzPpU,1,0
20261008,UCSes4X8uDrpc4X46hJKjejg,84XwX8zGUOk,104,5,7,7Az00eK9pDg,1,1
20261008,UCSes4X8uDrpc4X46hJKjejg,84XwX8zGUOk,104,5,7,B9D0RchTB-Y,1,0
20261008,UCSes4X8uDrpc4X46hJKjejg,84XwX8zGUOk,101,2,7,C6K1y_nlz1w,1,0
20261008,UCSes4X8uDrpc4X46hJKjejg,84XwX8zGUOk,101,9,7,C6K1y_nlz1w,1,0
20261008,UCSes4X8uDrpc4X46hJKjejg,84XwX8zGUOk,101,2,7,D4kA-Wi10tk,1,0
20261008,UCSes4X8uDrpc4X46hJKjejg,84XwX8zGUOk,104,4,7,EcQUiZC4gCk,1,0
20261008,UCSes4X8uDrpc4X46hJKjejg,84XwX8zGUOk,105,5,7,GmEZZgNH71Y,1,0
20261008,UCSes4X8uDrpc4X46hJKjejg,84XwX8zGUOk,104,5,7,OBLlrkNjNX8,1,0
20261008,UCSes4X8uDrpc4X46hJKjejg,84XwX8zGUOk,104,4,7,QTlWfG1q_6A,1,0
20261008,UCSes4X8uDrpc4X46hJKjejg,84XwX8zGUOk,104,5,7,SVQwp_4pHAc,1,0
20261008,UCSes4X8uDrpc4X46hJKjejg,84XwX8zGUOk,101,30,7,WXscm-mZItg,1,0
20261008,UCSes4X8uDrpc4X46hJKjejg,84XwX8zGUOk,101,9,7,Xglit3uA-Ys,1,0
20261008,UCSes4X8uDrpc4X46hJKjejg,84XwX8zGUOk,104,4,7,dWVplxnsYeU,1,1
20261008,UCSes4X8uDrpc4X46hJKjejg,84XwX8zGUOk,104,5,7,eMRlGnfXXbQ,1,0
20261008,UCSes4X8uDrpc4X46hJKjejg,84XwX8zGUOk,104,4,7,ePL5S-7mfdQ,1,0
20261008,UCSes4X8uDrpc4X46hJKjejg,84XwX8zGUOk,104,5,7,ePdXtNfowRo,3,0.33333333333333331
20261008,UCSes4X8uDrpc4X46hJKjejg,84XwX8zGUOk,105,5,7,ePdXtNfowRo,2,0
20261008,UCSes4X8uDrpc4X46hJKjejg,84XwX8zGUOk,104,4,7,gVtsPnUhOyM,1,0
20261008,UCSes4X8uDrpc4X46hJKjejg,84XwX8zGUOk,104,5,7,hpF3eXpvaRo,1,0
20261008,UCSes4X8uDrpc4X46hJKjejg,84XwX8zGUOk,104,5,7,lBMYKZ0Zo9U,1,0
20261008,UCSes4X8uDrpc4X46hJKjejg,84XwX8zGUOk,101,2,7,mWi2ygAOJ9c,2,0.5
20261008,UCSes4X8uDrpc4X46hJKjejg,84XwX8zGUOk,104,4,7,qJy4Va_JGmQ,1,0
20261008,UCSes4X8uDrpc4X46hJKjejg,84XwX8zGUOk,104,4,7,tRJ25AzDGXU,1,0
20261008,UCSes4X8uDrpc4X46hJKjejg,84XwX8zGUOk,104,4,7,udhZ2W2uiT4,1,0
20261008,UCSes4X8uDrpc4X46hJKjejg,84XwX8zGUOk,104,5,7,wW5JtY5TbNg,1,0
20261008,UCSes4X8uDrpc4X46hJKjejg,84XwX8zGUOk,104,5,7,wYBBfEpnRRw,1,0
20261008,UCSes4X8uDrpc4X46hJKjejg,84XwX8zGUOk,104,4,14,PLoO3t02dijWJ1cvyIYPEIk6mz1b1jzhAl,1,0
20261008,UCSes4X8uDrpc4X46hJKjejg,84XwX8zGUOk,104,4,18,unknown,1,0
20261008,UCSes4X8uDrpc4X46hJKjejg,89qobguphkU,104,4,7,Dz0C-egDlIU,1,0
20261008,UCSes4X8uDrpc4X46hJKjejg,8FDh-XO7ZDc,104,4,4,UCSes4X8uDrpc4X46hJKjejg,1,0
20261008,UCSes4X8uDrpc4X46hJKjejg,8FWZsfbBfK4,104,4,5,unknown,1,0
20261008,UCSes4X8uDrpc4X46hJKjejg,8VkFjLdSofY,102,19,3,what-to-watch,1,0
20261008,UCSes4X8uDrpc4X46hJKjejg,8VkFjLdSofY,104,4,3,what-to-watch,1,0
20261008,UCSes4X8uDrpc4X46hJKjejg,8Ydni6cS2v8,101,2,5,unknown,1,0
20261008,UCSes4X8uDrpc4X46hJKjejg,8Ydni6cS2v8,101,30,5,unknown,2,0
20261008,UCSes4X8uDrpc4X46hJKjejg,8Ydni6cS2v8,102,4,5,unknown,1,0
20261008,UCSes4X8uDrpc4X46hJKjejg,8Ydni6cS2v8,104,5,5,unknown,3,0
20261008,UCSes4X8uDrpc4X46hJKjejg,8ajxcRVL7g4,101,2,3,what-to-watch,13,0
20261008,UCSes4X8uDrpc4X46hJKjejg,8ajxcRVL7g4,101,9,3,what-to-watch,17,0
20261008,UCSes4X8uDrpc4X46hJKjejg,8ajxcRVL7g4,101,30,3,what-to-watch,2,0
20261008,UCSes4X8uDrpc4X46hJKjejg,8ajxcRVL7g4,102,1,3,what-to-watch,3,0
20261008,UCSes4X8uDrpc4X46hJKjejg,8ajxcRVL7g4,102,19,3,what-to-watch,1,0
20261008,UCSes4X8uDrpc4X46hJKjejg,8ajxcRVL7g4,102,26,3,what-to-watch,2,0
20261008,UCSes4X8uDrpc4X46hJKjejg,8ajxcRVL7g4,102,28,3,what-to-watch,4,0
20261008,UCSes4X8uDrpc4X46hJKjejg,8ajxcRVL7g4,103,10,3,what-to-watch,2,0
20261008,UCSes4X8uDrpc4X46hJKjejg,8ajxcRVL7g4,104,4,3,what-to-watch,15,0.066666666666666666
20261008,UCSes4X8uDrpc4X46hJKjejg,8ajxcRVL7g4,104,5,3,what-to-watch,23,0.086956521739130432
20261008,UCSes4X8uDrpc4X46hJKjejg,8ajxcRVL7g4,105,5,3,what-to-watch,5,0
20261008,UCSes4X8uDrpc4X46hJKjejg,8ajxcRVL7g4,101,2,5,unknown,9,0
20261008,UCSes4X8uDrpc4X46hJKjejg,8ajxcRVL7g4,101,9,5,unknown,11,0
20261008,UCSes4X8uDrpc4X46hJKjejg,8ajxcRVL7g4,102,1,5,unknown,2,0
20261008,UCSes4X8uDrpc4X46hJKjejg,8ajxcRVL7g4,102,4,5,unknown,1,0
20261008,UCSes4X8uDrpc4X46hJKjejg,8ajxcRVL7g4,102,12,5,unknown,3,0.33333333333333331
20261008,UCSes4X8uDrpc4X46hJKjejg,8ajxcRVL7g4,102,19,5,unknown,2,0
20261008,UCSes4X8uDrpc4X46hJKjejg,8ajxcRVL7g4,102,26,5,unknown,3,0
20261008,UCSes4X8uDrpc4X46hJKjejg,8ajxcRVL7g4,104,4,5,unknown,19,0
20261008,UCSes4X8uDrpc4X46hJKjejg,8ajxcRVL7g4,104,5,5,unknown,61,0.065573770491803282
20261008,UCSes4X8uDrpc4X46hJKjejg,8ajxcRVL7g4,105,5,5,unknown,5,0
20261008,UCSes4X8uDrpc4X46hJKjejg,8brp0EZy_yo,102,29,5,unknown,2,0
20261008,UCSes4X8uDrpc4X46hJKjejg,8bxXug7LPYM,101,2,3,what-to-watch,2,0
20261008,UCSes4X8uDrpc4X46hJKjejg,8bxXug7LPYM,104,5,3,what-to-watch,8,0
20261008,UCSes4X8uDrpc4X46hJKjejg,8bxXug7LPYM,102,19,5,unknown,9,0.1111111111111111
20261008,UCSes4X8uDrpc4X46hJKjejg,8bxXug7LPYM,104,4,5,unknown,1,0
20261008,UCSes4X8uDrpc4X46hJKjejg,8bxXug7LPYM,104,5,5,unknown,12,0.083333333333333329
20261008,UCSes4X8uDrpc4X46hJKjejg,8o92guNNzvU,101,2,4,UCSes4X8uDrpc4X46hJKjejg,1,0
20261008,UCSes4X8uDrpc4X46hJKjejg,8qw_XePPwJg,104,5,3,what-to-watch,2,0
20261008,UCSes4X8uDrpc4X46hJKjejg,8qw_XePPwJg,104,5,5,unknown,1,0
20261008,UCSes4X8uDrpc4X46hJKjejg,8tbSej4GRRM,101,2,3,what-to-watch,1,0
20261008,UCSes4X8uDrpc4X46hJKjejg,8tbSej4GRRM,101,30,3,what-to-watch,3,0
20261008,UCSes4X8uDrpc4X46hJKjejg,8tbSej4GRRM,104,5,3,what-to-watch,2,0
20261008,UCSes4X8uDrpc4X46hJKjejg,8tbSej4GRRM,101,2,5,unknown,2,0
20261008,UCSes4X8uDrpc4X46hJKjejg,8tbSej4GRRM,101,9,5,unknown,1,0
20261008,UCSes4X8uDrpc4X46hJKjejg,8tbSej4GRRM,101,30,5,unknown,1,0
20261008,UCSes4X8uDrpc4X46hJKjejg,8tbSej4GRRM,102,26,5,unknown,1,0
20261008,UCSes4X8uDrpc4X46hJKjejg,8tbSej4GRRM,104,4,5,unknown,3,0
20261008,UCSes4X8uDrpc4X46hJKjejg,8tbSej4GRRM,104,5,5,unknown,4,0
20261008,UCSes4X8uDrpc4X46hJKjejg,8tbSej4GRRM,105,5,5,unknown,2,0
20261008,UCSes4X8uDrpc4X46hJKjejg,8utXvbmZfqk,101,2,3,what-to-watch,1,0
20261008,UCSes4X8uDrpc4X46hJKjejg,8utXvbmZfqk,104,4,3,what-to-watch,2,0
20261008,UCSes4X8uDrpc4X46hJKjejg,8utXvbmZfqk,101,2,5,unknown,1,1
20261008,UCSes4X8uDrpc4X46hJKjejg,8utXvbmZfqk,104,4,5,unknown,7,0
20261008,UCSes4X8uDrpc4X46hJKjejg,8utXvbmZfqk,104,5,5,unknown,4,0
20261008,UCSes4X8uDrpc4X46hJKjejg,91WKuG0roa4,104,5,3,what-to-watch,1,0
20261008,UCSes4X8uDrpc4X46hJKjejg,91WKuG0roa4,105,5,3,what-to-watch,1,0
20261008,UCSes4X8uDrpc4X46hJKjejg,91WKuG0roa4,103,17,5,unknown,1,0
20261008,UCSes4X8uDrpc4X46hJKjejg,91WKuG0roa4,104,4,5,unknown,1,0
20261008,UCSes4X8uDrpc4X46hJKjejg,91WKuG0roa4,104,5,5,unknown,3,0.33333333333333331
20261008,UCSes4X8uDrpc4X46hJKjejg,9AG9_tvWrB4,104,5,4,UCSes4X8uDrpc4X46hJKjejg,2,0
20261008,UCSes4X8uDrpc4X46hJKjejg,9KTImkryZKQ,104,4,3,what-to-watch,1,0
20261008,UCSes4X8uDrpc4X46hJKjejg,9KTImkryZKQ,104,5,5,unknown,2,0
20261008,UCSes4X8uDrpc4X46hJKjejg,9KTImkryZKQ,105,5,5,unknown,3,0
20261008,UCSes4X8uDrpc4X46hJKjejg,9KTImkryZKQ,101,2,14,my-likes,1,0
20261008,UCSes4X8uDrpc4X46hJKjejg,9LFMqUAyB_U,101,2,3,what-to-watch,20,0.15
20261008,UCSes4X8uDrpc4X46hJKjejg,9LFMqUAyB_U,101,9,3,what-to-watch,4,0.5
20261008,UCSes4X8uDrpc4X46hJKjejg,9LFMqUAyB_U,102,4,3,what-to-watch,5,0.2
20261008,UCSes4X8uDrpc4X46hJKjejg,9LFMqUAyB_U,102,26,3,what-to-watch,2,0
20261008,UCSes4X8uDrpc4X46hJKjejg,9LFMqUAyB_U,102,29,3,what-to-watch,2,0
20261008,UCSes4X8uDrpc4X46hJKjejg,9LFMqUAyB_U,103,10,3,what-to-watch,3,0
20261008,UCSes4X8uDrpc4X46hJKjejg,9LFMqUAyB_U,104,4,3,what-to-watch,11,0
20261008,UCSes4X8uDrpc4X46hJKjejg,9LFMqUAyB_U,104,5,3,what-to-watch,19,0.052631578947368418
20261008,UCSes4X8uDrpc4X46hJKjejg,9LFMqUAyB_U,105,5,3,what-to-watch,11,0
20261008,UCSes4X8uDrpc4X46hJKjejg,9LFMqUAyB_U,101,2,4,UCSes4X8uDrpc4X46hJKjejg,1,0
20261008,UCSes4X8uDrpc4X46hJKjejg,9LFMqUAyB_U,104,5,4,UCSes4X8uDrpc4X46hJKjejg,2,0
20261008,UCSes4X8uDrpc4X46hJKjejg,9LFMqUAyB_U,101,2,5,unknown,4,0
20261008,UCSes4X8uDrpc4X46hJKjejg,9LFMqUAyB_U,101,9,5,unknown,3,0
20261008,UCSes4X8uDrpc4X46hJKjejg,9LFMqUAyB_U,102,4,5,unknown,3,0.33333333333333331
20261008,UCSes4X8uDrpc4X46hJKjejg,9LFMqUAyB_U,102,26,5,unknown,3,0
20261008,UCSes4X8uDrpc4X46hJKjejg,9LFMqUAyB_U,102,29,5,unknown,1,0
20261008,UCSes4X8uDrpc4X46hJKjejg,9LFMqUAyB_U,103,17,5,unknown,1,0
20261008,UCSes4X8uDrpc4X46hJKjejg,9LFMqUAyB_U,104,4,5,unknown,7,0.2857142857142857
20261008,UCSes4X8uDrpc4X46hJKjejg,9LFMqUAyB_U,104,5,5,unknown,20,0
20261008,UCSes4X8uDrpc4X46hJKjejg,9LFMqUAyB_U,105,5,5,unknown,3,0
20261008,UCSes4X8uDrpc4X46hJKjejg,9LFMqUAyB_U,101,2,7,5AFmE5krg7o,1,0
20261008,UCSes4X8uDrpc4X46hJKjejg,9LFMqUAyB_U,101,9,7,5AFmE5krg7o,1,1
20261008,UCSes4X8uDrpc4X46hJKjejg,9LFMqUAyB_U,104,5,7,OIP-qen49D4,1,0
20261008,UCSes4X8uDrpc4X46hJKjejg,9LFMqUAyB_U,101,2,7,S0JL4gbKYLE,1,0
20261008,UCSes4X8uDrpc4X46hJKjejg,9LFMqUAyB_U,104,4,7,S0JL4gbKYLE,1,0
20261008,UCSes4X8uDrpc4X46hJKjejg,9LFMqUAyB_U,101,9,7,TbB0Ls65YFM,1,0
20261008,UCSes4X8uDrpc4X46hJKjejg,9LFMqUAyB_U,101,2,7,WO3JXK6xzbo,1,0
20261008,UCSes4X8uDrpc4X46hJKjejg,9LFMqUAyB_U,101,9,7,WO3JXK6xzbo,1,0
20261008,UCSes4X8uDrpc4X46hJKjejg,9LFMqUAyB_U,101,9,7,XgnMSpEX4Qw,2,0
20261008,UCSes4X8uDrpc4X46hJKjejg,9LFMqUAyB_U,104,5,7,XgnMSpEX4Qw,1,0
20261008,UCSes4X8uDrpc4X46hJKjejg,9LFMqUAyB_U,101,9,7,YfCI4mXvC8M,2,0
20261008,UCSes4X8uDrpc4X46hJKjejg,9LFMqUAyB_U,101,2,7,bKx32qVpmbY,1,0
20261008,UCSes4X8uDrpc4X46hJKjejg,9LFMqUAyB_U,101,2,7,ivGlODTyss8,1,0
20261008,UCSes4X8uDrpc4X46hJKjejg,9LFMqUAyB_U,101,9,7,mpVPYF_dJ_A,1,0
20261008,UCSes4X8uDrpc4X46hJKjejg,9LFMqUAyB_U,101,2,7,tvoxcQwaOUw,1,0
20261008,UCSes4X8uDrpc4X46hJKjejg,9LFMqUAyB_U,104,4,7,uQqnsh0nt8E,2,0
20261008,UCSes4X8uDrpc4X46hJKjejg,9LFMqUAyB_U,101,9,7,ub1AC067mcE,1,0
20261008,UCSes4X8uDrpc4X46hJKjejg,9LFMqUAyB_U,102,19,7,zEgrNFMdXwg,1,0
20261008,UCSes4X8uDrpc4X46hJKjejg,9LFMqUAyB_U,104,4,7,zEgrNFMdXwg,1,1
20261008,UCSes4X8uDrpc4X46hJKjejg,9LFMqUAyB_U,104,5,14,my-likes,3,0
20261008,UCSes4X8uDrpc4X46hJKjejg,9LFMqUAyB_U,102,26,18,unknown,1,0
20261008,UCSes4X8uDrpc4X46hJKjejg,9LFMqUAyB_U,104,4,18,unknown,1,0
20261008,UCSes4X8uDrpc4X46hJKjejg,9LFMqUAyB_U,104,5,18,unknown,2,0
20261008,UCSes4X8uDrpc4X46hJKjejg,9Len1dEeOno,101,9,5,unknown,1,0
20261008,UCSes4X8uDrpc4X46hJKjejg,9Len1dEeOno,101,9,14,PLX3ZLYz4-6vE2_ZNLW5AfzbHTd1jTskDl,1,0
20261008,UCSes4X8uDrpc4X46hJKjejg,9OXgFI1_qzs,101,2,5,unknown,1,0
20261008,UCSes4X8uDrpc4X46hJKjejg,9OXgFI1_qzs,104,4,5,unknown,3,0
20261008,UCSes4X8uDrpc4X46hJKjejg,9OXgFI1_qzs,105,5,5,unknown,1,0
20261008,UCSes4X8uDrpc4X46hJKjejg,9RhQinuLQu8,102,1,3,what-to-watch,4,0
20261008,UCSes4X8uDrpc4X46hJKjejg,9SEiEqnHbWE,101,9,5,unknown,1,0
20261008,UCSes4X8uDrpc4X46hJKjejg,9SEiEqnHbWE,101,9,14,PLX3ZLYz4-6vE2_ZNLW5AfzbHTd1jTskDl,1,0
20261008,UCSes4X8uDrpc4X46hJKjejg,9SP2xoGRkF0,104,5,5,unknown,2,0
20261008,UCSes4X8uDrpc4X46hJKjejg,9ak8N4NkEwk,104,5,5,unknown,2,0
20261008,UCSes4X8uDrpc4X46hJKjejg,9cKVL1zfW-A,104,4,5,unknown,1,0
20261008,UCSes4X8uDrpc4X46hJKjejg,9eLKiC65gQ0,104,5,5,unknown,3,0
20261008,UCSes4X8uDrpc4X46hJKjejg,9eLKiC65gQ0,105,5,5,unknown,3,0
20261008,UCSes4X8uDrpc4X46hJKjejg,9sdC-fm2pzM,101,2,4,UCSes4X8uDrpc4X46hJKjejg,1,0
20261008,UCSes4X8uDrpc4X46hJKjejg,9ueigxUx-KU,104,5,3,what-to-watch,1,1
20261008,UCSes4X8uDrpc4X46hJKjejg,9ueigxUx-KU,101,2,4,UCSes4X8uDrpc4X46hJKjejg,1,0
20261008,UCSes4X8uDrpc4X46hJKjejg,9vjrcOuBdYY,101,2,3,what-to-watch,2,0
20261008,UCSes4X8uDrpc4X46hJKjejg,9vjrcOuBdYY,101,9,3,what-to-watch,1,0
20261008,UCSes4X8uDrpc4X46hJKjejg,9vjrcOuBdYY,102,19,3,what-to-watch,1,0
20261008,UCSes4X8uDrpc4X46hJKjejg,9vjrcOuBdYY,102,29,3,what-to-watch,1,0
20261008,UCSes4X8uDrpc4X46hJKjejg,9vjrcOuBdYY,104,4,3,what-to-watch,5,0.2
20261008,UCSes4X8uDrpc4X46hJKjejg,9vjrcOuBdYY,105,5,3,what-to-watch,1,0
20261008,UCSes4X8uDrpc4X46hJKjejg,9vjrcOuBdYY,101,2,4,UCSes4X8uDrpc4X46hJKjejg,1,0
20261008,UCSes4X8uDrpc4X46hJKjejg,9vjrcOuBdYY,104,5,7,2MNoseCcuSA,1,0
20261008,UCSes4X8uDrpc4X46hJKjejg,9zaom3QbjYs,101,1,3,what-to-watch,7,0
20261008,UCSes4X8uDrpc4X46hJKjejg,9zaom3QbjYs,101,2,3,what-to-watch,94,0.053191489361702128
20261008,UCSes4X8uDrpc4X46hJKjejg,9zaom3QbjYs,101,9,3,what-to-watch,37,0
20261008,UCSes4X8uDrpc4X46hJKjejg,9zaom3QbjYs,101,30,3,what-to-watch,3,0
20261008,UCSes4X8uDrpc4X46hJKjejg,9zaom3QbjYs,102,1,3,what-to-watch,23,0.086956521739130432
20261008,UCSes4X8uDrpc4X46hJKjejg,9zaom3QbjYs,102,4,3,what-to-watch,50,0.12
20261008,UCSes4X8uDrpc4X46hJKjejg,9zaom3QbjYs,102,12,3,what-to-watch,26,0
20261008,UCSes4X8uDrpc4X46hJKjejg,9zaom3QbjYs,102,19,3,what-to-watch,52,0.019230769230769232
20261008,UCSes4X8uDrpc4X46hJKjejg,9zaom3QbjYs,102,26,3,what-to-watch,60,0.033333333333333333
20261008,UCSes4X8uDrpc4X46hJKjejg,9zaom3QbjYs,102,28,3,what-to-watch,11,0
20261008,UCSes4X8uDrpc4X46hJKjejg,9zaom3QbjYs,102,29,3,what-to-watch,52,0.11538461538461539
20261008,UCSes4X8uDrpc4X46hJKjejg,9zaom3QbjYs,102,31,3,what-to-watch,3,0.33333333333333331
20261008,UCSes4X8uDrpc4X46hJKjejg,9zaom3QbjYs,103,10,3,what-to-watch,38,0.026315789473684209
20261008,UCSes4X8uDrpc4X46hJKjejg,9zaom3QbjYs,103,17,3,what-to-watch,20,0
20261008,UCSes4X8uDrpc4X46hJKjejg,9zaom3QbjYs,103,27,3,what-to-watch,4,0
20261008,UCSes4X8uDrpc4X46hJKjejg,9zaom3QbjYs,104,4,3,what-to-watch,106,0.084905660377358486
20261008,UCSes4X8uDrpc4X46hJKjejg,9zaom3QbjYs,104,5,3,what-to-watch,189,0.0582010582010582
20261008,UCSes4X8uDrpc4X46hJKjejg,9zaom3QbjYs,105,5,3,what-to-watch,53,0.018867924528301886
20261008,UCSes4X8uDrpc4X46hJKjejg,9zaom3QbjYs,101,2,4,UCSes4X8uDrpc4X46hJKjejg,1,0
20261008,UCSes4X8uDrpc4X46hJKjejg,9zaom3QbjYs,102,4,4,UCSes4X8uDrpc4X46hJKjejg,1,0
20261008,UCSes4X8uDrpc4X46hJKjejg,9zaom3QbjYs,104,4,4,UCSes4X8uDrpc4X46hJKjejg,1,0
20261008,UCSes4X8uDrpc4X46hJKjejg,9zaom3QbjYs,104,5,4,UCSes4X8uDrpc4X46hJKjejg,4,0
20261008,UCSes4X8uDrpc4X46hJKjejg,9zaom3QbjYs,102,1,5,unknown,1,0
20261008,UCSes4X8uDrpc4X46hJKjejg,9zaom3QbjYs,102,4,5,unknown,2,0
20261008,UCSes4X8uDrpc4X46hJKjejg,9zaom3QbjYs,102,19,5,unknown,1,0
20261008,UCSes4X8uDrpc4X46hJKjejg,9zaom3QbjYs,102,26,5,unknown,11,0.18181818181818182
20261008,UCSes4X8uDrpc4X46hJKjejg,9zaom3QbjYs,102,29,5,unknown,7,0.14285714285714285
20261008,UCSes4X8uDrpc4X46hJKjejg,9zaom3QbjYs,103,10,5,unknown,6,0
20261008,UCSes4X8uDrpc4X46hJKjejg,9zaom3QbjYs,104,4,5,unknown,3,0
20261008,UCSes4X8uDrpc4X46hJKjejg,9zaom3QbjYs,104,5,5,unknown,15,0
20261008,UCSes4X8uDrpc4X46hJKjejg,9zaom3QbjYs,105,5,5,unknown,5,0
20261008,UCSes4X8uDrpc4X46hJKjejg,9zaom3QbjYs,101,2,7,-aysJ4t7MSU,1,0
20261008,UCSes4X8uDrpc4X46hJKjejg,9zaom3QbjYs,104,4,7,2_Wq9bVeFoc,1,1
20261008,UCSes4X8uDrpc4X46hJKjejg,9zaom3QbjYs,104,5,7,2eqNYzKYKVc,2,0.5
20261008,UCSes4X8uDrpc4X46hJKjejg,9zaom3QbjYs,104,4,7,2qYg-ZtyyKg,1,0
20261008,UCSes4X8uDrpc4X46hJKjejg,9zaom3QbjYs,104,4,7,54o0HTlb3tc,1,0
20261008,UCSes4X8uDrpc4X46hJKjejg,9zaom3QbjYs,101,2,7,6V3lpYveZSw,1,0
20261008,UCSes4X8uDrpc4X46hJKjejg,9zaom3QbjYs,101,9,7,6js5VJEOw7A,1,0
20261008,UCSes4X8uDrpc4X46hJKjejg,9zaom3QbjYs,104,4,7,6js5VJEOw7A,1,0
20261008,UCSes4X8uDrpc4X46hJKjejg,9zaom3QbjYs,104,4,7,9ZRNba4TZW0,1,0
20261008,UCSes4X8uDrpc4X46hJKjejg,9zaom3QbjYs,104,5,7,9ZRNba4TZW0,1,1
20261008,UCSes4X8uDrpc4X46hJKjejg,9zaom3QbjYs,101,2,7,C1SHEYTnJkg,1,0
20261008,UCSes4X8uDrpc4X46hJKjejg,9zaom3QbjYs,104,4,7,CEnSExw_K_o,2,0
20261008,UCSes4X8uDrpc4X46hJKjejg,9zaom3QbjYs,104,4,7,DNkdlSvb6OY,1,0
20261008,UCSes4X8uDrpc4X46hJKjejg,9zaom3QbjYs,101,2,7,E7jOCrmHrvw,1,0
20261008,UCSes4X8uDrpc4X46hJKjejg,9zaom3QbjYs,101,9,7,GRal9MVEb9U,1,0
20261008,UCSes4X8uDrpc4X46hJKjejg,9zaom3QbjYs,104,5,7,Hdhb_i8D5eo,1,0
20261008,UCSes4X8uDrpc4X46hJKjejg,9zaom3QbjYs,104,4,7,IaUUywCdWfE,1,0
20261008,UCSes4X8uDrpc4X46hJKjejg,9zaom3QbjYs,104,4,7,IgJB4LH_zDY,1,0
20261008,UCSes4X8uDrpc4X46hJKjejg,9zaom3QbjYs,104,5,7,Jw2mKxmtngs,1,0
20261008,UCSes4X8uDrpc4X46hJKjejg,9zaom3QbjYs,101,9,7,LS7dE04ruco,1,0
20261008,UCSes4X8uDrpc4X46hJKjejg,9zaom3QbjYs,104,4,7,LWYdOrHByA8,1,0
20261008,UCSes4X8uDrpc4X46hJKjejg,9zaom3QbjYs,104,4,7,LnPZ56HZTJk,1,0
20261008,UCSes4X8uDrpc4X46hJKjejg,9zaom3QbjYs,101,2,7,PGQxFUiYTTw,1,0
20261008,UCSes4X8uDrpc4X46hJKjejg,9zaom3QbjYs,101,9,7,QQI5ufwPATg,1,0
20261008,UCSes4X8uDrpc4X46hJKjejg,9zaom3QbjYs,104,5,7,UobPc3k1uwQ,1,0
20261008,UCSes4X8uDrpc4X46hJKjejg,9zaom3QbjYs,101,2,7,VctHKjvQeWk,1,0
20261008,UCSes4X8uDrpc4X46hJKjejg,9zaom3QbjYs,104,5,7,VctHKjvQeWk,2,0
20261008,UCSes4X8uDrpc4X46hJKjejg,9zaom3QbjYs,101,9,7,WOiB9y5RE6I,1,0
20261008,UCSes4X8uDrpc4X46hJKjejg,9zaom3QbjYs,104,4,7,WaS_jHRXk5E,1,0
20261008,UCSes4X8uDrpc4X46hJKjejg,9zaom3QbjYs,104,5,7,XN_kKgFgAyk,1,0
20261008,UCSes4X8uDrpc4X46hJKjejg,9zaom3QbjYs,101,9,7,Y0IlQekIlqs,2,0
20261008,UCSes4X8uDrpc4X46hJKjejg,9zaom3QbjYs,104,4,7,ZDks9cf3ZF0,1,0
20261008,UCSes4X8uDrpc4X46hJKjejg,9zaom3QbjYs,105,5,7,_kEWqhvUER8,1,0
20261008,UCSes4X8uDrpc4X46hJKjejg,9zaom3QbjYs,101,2,7,av_tu2iqFvM,1,0
20261008,UCSes4X8uDrpc4X46hJKjejg,9zaom3QbjYs,102,28,7,axrGeKvB0DY,1,0
20261008,UCSes4X8uDrpc4X46hJKjejg,9zaom3QbjYs,104,5,7,biDyJ4KmqU4,1,0
20261008,UCSes4X8uDrpc4X46hJKjejg,9zaom3QbjYs,104,4,7,eLwo7oZqJVo,1,0
20261008,UCSes4X8uDrpc4X46hJKjejg,9zaom3QbjYs,101,9,7,ewn4bq_yssA,1,0
20261008,UCSes4X8uDrpc4X46hJKjejg,9zaom3QbjYs,104,5,7,h0ywKUnvELk,1,0
20261008,UCSes4X8uDrpc4X46hJKjejg,9zaom3QbjYs,104,4,7,kpy25XRqMWE,1,0
20261008,UCSes4X8uDrpc4X46hJKjejg,9zaom3QbjYs,101,2,7,lDjBQu8Kmn4,1,0
20261008,UCSes4X8uDrpc4X46hJKjejg,9zaom3QbjYs,101,2,7,mBdQHI83FV0,1,0
20261008,UCSes4X8uDrpc4X46hJKjejg,9zaom3QbjYs,101,2,7,pspQzibTedE,1,0
20261008,UCSes4X8uDrpc4X46hJKjejg,9zaom3QbjYs,104,4,7,rHlWNjLDFXo,1,0
20261008,UCSes4X8uDrpc4X46hJKjejg,9zaom3QbjYs,101,9,7,sTPIsmQuerQ,1,0
20261008,UCSes4X8uDrpc4X46hJKjejg,9zaom3QbjYs,104,5,7,sTPIsmQuerQ,1,0
20261008,UCSes4X8uDrpc4X46hJKjejg,9zaom3QbjYs,101,2,7,swvbc9LbxdI,1,0
20261008,UCSes4X8uDrpc4X46hJKjejg,9zaom3QbjYs,102,29,7,tcOUJSLzgmI,1,0
20261008,UCSes4X8uDrpc4X46hJKjejg,9zaom3QbjYs,104,5,7,u-ZhARTtoTE,1,0
20261008,UCSes4X8uDrpc4X46hJKjejg,9zaom3QbjYs,104,5,7,vN6YHlTmpgI,1,0
20261008,UCSes4X8uDrpc4X46hJKjejg,9zaom3QbjYs,104,4,7,vzYOvZFPWpo,1,0
20261008,UCSes4X8uDrpc4X46hJKjejg,9zaom3QbjYs,104,5,7,wcZKJB6XDLY,1,0
20261008,UCSes4X8uDrpc4X46hJKjejg,9zaom3QbjYs,101,9,7,woke1MJhM2s,1,0
20261008,UCSes4X8uDrpc4X46hJKjejg,9zaom3QbjYs,104,5,7,yTgG7dOoRI8,1,0
20261008,UCSes4X8uDrpc4X46hJKjejg,9zaom3QbjYs,104,5,7,yZoUipVIl7E,2,0
20261008,UCSes4X8uDrpc4X46hJKjejg,9zaom3QbjYs,104,4,7,zUy3T1QHHg8,1,0
20261008,UCSes4X8uDrpc4X46hJKjejg,9zaom3QbjYs,104,5,18,unknown,3,0
20261008,UCSes4X8uDrpc4X46hJKjejg,A4fS0Gqs7g4,101,2,5,unknown,3,0
20261008,UCSes4X8uDrpc4X46hJKjejg,A4fS0Gqs7g4,104,4,5,unknown,1,0
20261008,UCSes4X8uDrpc4X46hJKjejg,A7YpyzGt_6c,102,19,3,what-to-watch,1,0
20261008,UCSes4X8uDrpc4X46hJKjejg,A7YpyzGt_6c,104,4,3,what-to-watch,1,0
20261008,UCSes4X8uDrpc4X46hJKjejg,A7YpyzGt_6c,101,2,4,UCSes4X8uDrpc4X46hJKjejg,2,0
20261008,UCSes4X8uDrpc4X46hJKjejg,A7YpyzGt_6c,102,19,4,UCSes4X8uDrpc4X46hJKjejg,1,0
20261008,UCSes4X8uDrpc4X46hJKjejg,A7YpyzGt_6c,104,4,4,UCSes4X8uDrpc4X46hJKjejg,3,0
20261008,UCSes4X8uDrpc4X46hJKjejg,A7YpyzGt_6c,104,5,4,UCSes4X8uDrpc4X46hJKjejg,5,0
20261008,UCSes4X8uDrpc4X46hJKjejg,A7YpyzGt_6c,101,2,5,unknown,1,0
20261008,UCSes4X8uDrpc4X46hJKjejg,A7YpyzGt_6c,104,4,7,P2KmPvjha6A,1,0
20261008,UCSes4X8uDrpc4X46hJKjejg,A7YpyzGt_6c,104,4,7,bK14uGRrRaU,1,0
20261008,UCSes4X8uDrpc4X46hJKjejg,A7YpyzGt_6c,104,5,7,yVqwRpEx9ls,1,0
20261008,UCSes4X8uDrpc4X46hJKjejg,A7YpyzGt_6c,101,9,14,PLX3ZLYz4-6vE2_ZNLW5AfzbHTd1jTskDl,1,0
20261008,UCSes4X8uDrpc4X46hJKjejg,A7YpyzGt_6c,104,4,14,PLX3ZLYz4-6vE2_ZNLW5AfzbHTd1jTskDl,8,0
20261008,UCSes4X8uDrpc4X46hJKjejg,A7YpyzGt_6c,101,9,18,unknown,1,0
20261008,UCSes4X8uDrpc4X46hJKjejg,A7YpyzGt_6c,104,4,18,unknown,2,0
20261008,UCSes4X8uDrpc4X46hJKjejg,A9dCA5I9Pes,104,5,4,UCSes4X8uDrpc4X46hJKjejg,4,0
20261008,UCSes4X8uDrpc4X46hJKjejg,A9dCA5I9Pes,101,2,5,unknown,1,0
20261008,UCSes4X8uDrpc4X46hJKjejg,A9dCA5I9Pes,101,9,5,unknown,1,0
20261008,UCSes4X8uDrpc4X46hJKjejg,A9dCA5I9Pes,102,26,5,unknown,1,0
20261008,UCSes4X8uDrpc4X46hJKjejg,A9dCA5I9Pes,104,4,5,unknown,7,0.2857142857142857
20261008,UCSes4X8uDrpc4X46hJKjejg,A9dCA5I9Pes,104,5,5,unknown,3,0
20261008,UCSes4X8uDrpc4X46hJKjejg,A9dCA5I9Pes,101,9,7,uagOoXAvEgU,1,0
20261008,UCSes4X8uDrpc4X46hJKjejg,ABMLKMwWd3w,101,9,5,unknown,1,0
20261008,UCSes4X8uDrpc4X46hJKjejg,ABlbRTTk1ek,104,5,3,what-to-watch,2,0
20261008,UCSes4X8uDrpc4X46hJKjejg,ABlbRTTk1ek,101,9,4,UCSes4X8uDrpc4X46hJKjejg,1,0
20261008,UCSes4X8uDrpc4X46hJKjejg,ABlbRTTk1ek,104,4,4,UCSes4X8uDrpc4X46hJKjejg,2,0
20261008,UCSes4X8uDrpc4X46hJKjejg,ABlbRTTk1ek,104,5,4,UCSes4X8uDrpc4X46hJKjejg,2,0
20261008,UCSes4X8uDrpc4X46hJKjejg,ABlbRTTk1ek,101,2,5,unknown,1,0
20261008,UCSes4X8uDrpc4X46hJKjejg,ABlbRTTk1ek,102,19,5,unknown,2,0
20261008,UCSes4X8uDrpc4X46hJKjejg,ABlbRTTk1ek,104,4,5,unknown,2,0
20261008,UCSes4X8uDrpc4X46hJKjejg,ABlbRTTk1ek,104,5,5,unknown,7,0
20261008,UCSes4X8uDrpc4X46hJKjejg,ACx0N2Z0f3A,104,4,5,unknown,2,0
20261008,UCSes4X8uDrpc4X46hJKjejg,ACx0N2Z0f3A,104,5,5,unknown,1,0
20261008,UCSes4X8uDrpc4X46hJKjejg,ACzzkDZ7ZCg,104,4,18,unknown,1,0
20261008,UCSes4X8uDrpc4X46hJKjejg,AGR1wuQDdnM,101,2,3,what-to-watch,3,0
20261008,UCSes4X8uDrpc4X46hJKjejg,AGR1wuQDdnM,101,9,3,what-to-watch,3,0
20261008,UCSes4X8uDrpc4X46hJKjejg,AGR1wuQDdnM,102,4,3,what-to-watch,4,0
20261008,UCSes4X8uDrpc4X46hJKjejg,AGR1wuQDdnM,102,12,3,what-to-watch,1,0
20261008,UCSes4X8uDrpc4X46hJKjejg,AGR1wuQDdnM,102,19,3,what-to-watch,1,0
20261008,UCSes4X8uDrpc4X46hJKjejg,AGR1wuQDdnM,102,28,3,what-to-watch,1,0
20261008,UCSes4X8uDrpc4X46hJKjejg,AGR1wuQDdnM,102,29,3,what-to-watch,1,0
20261008,UCSes4X8uDrpc4X46hJKjejg,AGR1wuQDdnM,103,17,3,what-to-watch,1,0
20261008,UCSes4X8uDrpc4X46hJKjejg,AGR1wuQDdnM,104,4,3,what-to-watch,1,0
20261008,UCSes4X8uDrpc4X46hJKjejg,AGR1wuQDdnM,105,5,3,what-to-watch,3,0
20261008,UCSes4X8uDrpc4X46hJKjejg,AGR1wuQDdnM,104,5,4,UCSes4X8uDrpc4X46hJKjejg,5,0
20261008,UCSes4X8uDrpc4X46hJKjejg,AGR1wuQDdnM,102,4,5,unknown,1,0
20261008,UCSes4X8uDrpc4X46hJKjejg,AGR1wuQDdnM,104,5,5,unknown,3,0.33333333333333331
20261008,UCSes4X8uDrpc4X46hJKjejg,AGR1wuQDdnM,101,9,7,FCAC9ZyPn_4,1,0
20261008,UCSes4X8uDrpc4X46hJKjejg,AGR1wuQDdnM,104,4,7,PVOl1jy_sPs,1,0
20261008,UCSes4X8uDrpc4X46hJKjejg,AGfuhk7ttr0,101,2,5,unknown,2,0
20261008,UCSes4X8uDrpc4X46hJKjejg,AGfuhk7ttr0,101,9,5,unknown,1,0
20261008,UCSes4X8uDrpc4X46hJKjejg,AGfuhk7ttr0,101,30,5,unknown,3,0
20261008,UCSes4X8uDrpc4X46hJKjejg,AGfuhk7ttr0,104,4,5,unknown,3,0
20261008,UCSes4X8uDrpc4X46hJKjejg,AGfuhk7ttr0,104,5,5,unknown,3,0
20261008,UCSes4X8uDrpc4X46hJKjejg,APgIU9Em_ZA,101,9,4,UCSes4X8uDrpc4X46hJKjejg,1,0
20261008,UCSes4X8uDrpc4X46hJKjejg,APgIU9Em_ZA,104,4,4,UCSes4X8uDrpc4X46hJKjejg,2,0
20261008,UCSes4X8uDrpc4X46hJKjejg,APgIU9Em_ZA,104,5,4,UCSes4X8uDrpc4X46hJKjejg,2,0
20261008,UCSes4X8uDrpc4X46hJKjejg,Aa5QDN6HCy0,101,2,5,unknown,4,0
20261008,UCSes4X8uDrpc4X46hJKjejg,Aa5QDN6HCy0,104,5,5,unknown,3,0.33333333333333331
20261008,UCSes4X8uDrpc4X46hJKjejg,Aa5QDN6HCy0,104,4,14,my-likes,1,0
20261008,UCSes4X8uDrpc4X46hJKjejg,Aa5QDN6HCy0,104,4,18,unknown,1,0
20261008,UCSes4X8uDrpc4X46hJKjejg,AjdYGVgSX_k,104,5,3,what-to-watch,1,0
20261008,UCSes4X8uDrpc4X46hJKjejg,AjdYGVgSX_k,104,4,5,unknown,1,0
20261008,UCSes4X8uDrpc4X46hJKjejg,AjdYGVgSX_k,104,5,5,unknown,3,0
20261008,UCSes4X8uDrpc4X46hJKjejg,AlriaK-mgWQ,102,26,3,what-to-watch,1,0
20261008,UCSes4X8uDrpc4X46hJKjejg,AlriaK-mgWQ,104,4,3,what-to-watch,1,0
20261008,UCSes4X8uDrpc4X46hJKjejg,AlriaK-mgWQ,104,5,3,what-to-watch,1,0
20261008,UCSes4X8uDrpc4X46hJKjejg,AlriaK-mgWQ,102,19,5,unknown,1,0
20261008,UCSes4X8uDrpc4X46hJKjejg,AlriaK-mgWQ,103,10,5,unknown,7,0
20261008,UCSes4X8uDrpc4X46hJKjejg,AlriaK-mgWQ,103,17,5,unknown,1,0
20261008,UCSes4X8uDrpc4X46hJKjejg,AlriaK-mgWQ,104,4,5,unknown,2,0
20261008,UCSes4X8uDrpc4X46hJKjejg,AlriaK-mgWQ,104,5,5,unknown,9,0.22222222222222221
20261008,UCSes4X8uDrpc4X46hJKjejg,AmLjLy4_xWw,104,5,4,UCSes4X8uDrpc4X46hJKjejg,2,0
20261008,UCSes4X8uDrpc4X46hJKjejg,AvEYDZkiKKo,101,2,3,what-to-watch,1,0
20261008,UCSes4X8uDrpc4X46hJKjejg,AvEYDZkiKKo,104,4,3,what-to-watch,1,0
20261008,UCSes4X8uDrpc4X46hJKjejg,AvEYDZkiKKo,104,4,5,unknown,2,0
20261008,UCSes4X8uDrpc4X46hJKjejg,Axk5Cd1W1JU,101,9,5,unknown,2,0.5
20261008,UCSes4X8uDrpc4X46hJKjejg,Axk5Cd1W1JU,103,10,5,unknown,2,0
20261008,UCSes4X8uDrpc4X46hJKjejg,Axk5Cd1W1JU,104,5,5,unknown,6,0.16666666666666666
20261008,UCSes4X8uDrpc4X46hJKjejg,Axk5Cd1W1JU,104,4,14,my-likes,1,0
20261008,UCSes4X8uDrpc4X46hJKjejg,B0xDRPJb8mw,104,4,3,what-to-watch,2,0
20261008,UCSes4X8uDrpc4X46hJKjejg,B0xDRPJb8mw,104,5,3,what-to-watch,5,0
20261008,UCSes4X8uDrpc4X46hJKjejg,B0xDRPJb8mw,101,2,5,unknown,6,0
20261008,UCSes4X8uDrpc4X46hJKjejg,B0xDRPJb8mw,101,30,5,unknown,5,0
20261008,UCSes4X8uDrpc4X46hJKjejg,B0xDRPJb8mw,104,4,5,unknown,1,0
20261008,UCSes4X8uDrpc4X46hJKjejg,B0xDRPJb8mw,104,5,5,unknown,2,0
20261008,UCSes4X8uDrpc4X46hJKjejg,B0xDRPJb8mw,105,5,5,unknown,1,0
20261008,UCSes4X8uDrpc4X46hJKjejg,B2ZDhN3DaD4,101,9,5,unknown,2,0
20261008,UCSes4X8uDrpc4X46hJKjejg,B3P03t-fg-s,104,5,5,unknown,1,0
20261008,UCSes4X8uDrpc4X46hJKjejg,B4aYi06AO4g,101,2,3,what-to-watch,5,0
20261008,UCSes4X8uDrpc4X46hJKjejg,B4aYi06AO4g,101,9,3,what-to-watch,1,0
20261008,UCSes4X8uDrpc4X46hJKjejg,B4aYi06AO4g,102,1,3,what-to-watch,2,0
20261008,UCSes4X8uDrpc4X46hJKjejg,B4aYi06AO4g,102,19,3,what-to-watch,2,0
20261008,UCSes4X8uDrpc4X46hJKjejg,B4aYi06AO4g,103,10,3,what-to-watch,1,0
20261008,UCSes4X8uDrpc4X46hJKjejg,B4aYi06AO4g,104,4,3,what-to-watch,7,0
20261008,UCSes4X8uDrpc4X46hJKjejg,B4aYi06AO4g,104,5,3,what-to-watch,5,0
20261008,UCSes4X8uDrpc4X46hJKjejg,B4aYi06AO4g,101,2,4,UCSes4X8uDrpc4X46hJKjejg,2,0
20261008,UCSes4X8uDrpc4X46hJKjejg,B4aYi06AO4g,104,4,4,UCSes4X8uDrpc4X46hJKjejg,2,0.5
20261008,UCSes4X8uDrpc4X46hJKjejg,B4aYi06AO4g,104,5,4,UCSes4X8uDrpc4X46hJKjejg,2,0
20261008,UCSes4X8uDrpc4X46hJKjejg,B4aYi06AO4g,101,9,5,unknown,2,0
20261008,UCSes4X8uDrpc4X46hJKjejg,B4aYi06AO4g,104,5,5,unknown,7,0.2857142857142857
20261008,UCSes4X8uDrpc4X46hJKjejg,B4aYi06AO4g,105,5,5,unknown,1,0
20261008,UCSes4X8uDrpc4X46hJKjejg,B4aYi06AO4g,101,9,7,FC36sHokYnk,1,0
20261008,UCSes4X8uDrpc4X46hJKjejg,B4aYi06AO4g,102,26,7,QTLxYcH3TuE,1,0
20261008,UCSes4X8uDrpc4X46hJKjejg,B4aYi06AO4g,104,5,7,Rl73WZoqKzE,1,0
20261008,UCSes4X8uDrpc4X46hJKjejg,B4aYi06AO4g,104,5,7,ePdXtNfowRo,1,0
20261008,UCSes4X8uDrpc4X46hJKjejg,B4aYi06AO4g,101,2,7,oDfBSDc2n_k,1,0
20261008,UCSes4X8uDrpc4X46hJKjejg,B4aYi06AO4g,104,5,7,yapU4SQQ39c,1,0
20261008,UCSes4X8uDrpc4X46hJKjejg,B4aYi06AO4g,102,26,14,TL,1,0
20261008,UCSes4X8uDrpc4X46hJKjejg,B4aYi06AO4g,102,26,18,unknown,1,0
20261008,UCSes4X8uDrpc4X46hJKjejg,B4aYi06AO4g,102,29,18,unknown,1,0
20261008,UCSes4X8uDrpc4X46hJKjejg,B4aYi06AO4g,104,4,18,unknown,10,0
20261008,UCSes4X8uDrpc4X46hJKjejg,B9BmWYyE9To,104,4,4,UCSes4X8uDrpc4X46hJKjejg,1,0
20261008,UCSes4X8uDrpc4X46hJKjejg,B9BmWYyE9To,101,1,5,unknown,1,0
20261008,UCSes4X8uDrpc4X46hJKjejg,B9BmWYyE9To,101,2,5,unknown,1,0
20261008,UCSes4X8uDrpc4X46hJKjejg,B9BmWYyE9To,102,26,5,unknown,1,0
20261008,UCSes4X8uDrpc4X46hJKjejg,B9BmWYyE9To,102,29,5,unknown,1,0
20261008,UCSes4X8uDrpc4X46hJKjejg,B9BmWYyE9To,104,4,5,unknown,1,0
20261008,UCSes4X8uDrpc4X46hJKjejg,B9BmWYyE9To,104,5,5,unknown,7,0
20261008,UCSes4X8uDrpc4X46hJKjejg,BEqUTV1MQP4,101,2,4,UCSes4X8uDrpc4X46hJKjejg,1,0
20261008,UCSes4X8uDrpc4X46hJKjejg,BEqUTV1MQP4,102,26,5,unknown,2,0
20261008,UCSes4X8uDrpc4X46hJKjejg,BGjrWYELFUE,104,5,3,what-to-watch,3,0
20261008,UCSes4X8uDrpc4X46hJKjejg,BGjrWYELFUE,101,9,5,unknown,1,0
20261008,UCSes4X8uDrpc4X46hJKjejg,BGjrWYELFUE,104,5,5,unknown,1,0
20261008,UCSes4X8uDrpc4X46hJKjejg,BIdUjN5_mdA,101,2,3,what-to-watch,1,0
20261008,UCSes4X8uDrpc4X46hJKjejg,BIdUjN5_mdA,101,9,3,what-to-watch,1,0
20261008,UCSes4X8uDrpc4X46hJKjejg,BIdUjN5_mdA,101,30,3,what-to-watch,1,0
20261008,UCSes4X8uDrpc4X46hJKjejg,BIdUjN5_mdA,102,28,3,what-to-watch,1,0
20261008,UCSes4X8uDrpc4X46hJKjejg,BIdUjN5_mdA,104,5,3,what-to-watch,2,0
20261008,UCSes4X8uDrpc4X46hJKjejg,BIdUjN5_mdA,105,5,3,what-to-watch,1,0
20261008,UCSes4X8uDrpc4X46hJKjejg,BIdUjN5_mdA,104,5,5,unknown,1,0
20261008,UCSes4X8uDrpc4X46hJKjejg,BIdUjN5_mdA,104,5,7,taaj-jBeCOk,1,0
20261008,UCSes4X8uDrpc4X46hJKjejg,BJRAeFXkOd4,102,4,3,what-to-watch,1,0
20261008,UCSes4X8uDrpc4X46hJKjejg,BJRAeFXkOd4,101,2,5,unknown,2,0
20261008,UCSes4X8uDrpc4X46hJKjejg,BJRAeFXkOd4,102,4,5,unknown,4,0.25
20261008,UCSes4X8uDrpc4X46hJKjejg,BJRAeFXkOd4,101,9,7,SusMa6B__I4,1,0
20261008,UCSes4X8uDrpc4X46hJKjejg,BJRAeFXkOd4,101,2,7,TuJOXF2ydxI,1,0
20261008,UCSes4X8uDrpc4X46hJKjejg,BJRAeFXkOd4,102,19,7,TuJOXF2ydxI,1,0
20261008,UCSes4X8uDrpc4X46hJKjejg,BKajt53aHGo,104,5,3,what-to-watch,1,0
20261008,UCSes4X8uDrpc4X46hJKjejg,BKajt53aHGo,101,2,4,UCSes4X8uDrpc4X46hJKjejg,1,0
20261008,UCSes4X8uDrpc4X46hJKjejg,BKajt53aHGo,101,9,4,UCSes4X8uDrpc4X46hJKjejg,1,0
20261008,UCSes4X8uDrpc4X46hJKjejg,BKajt53aHGo,104,4,4,UCSes4X8uDrpc4X46hJKjejg,12,0
20261008,UCSes4X8uDrpc4X46hJKjejg,BKajt53aHGo,104,5,4,UCSes4X8uDrpc4X46hJKjejg,4,0
20261008,UCSes4X8uDrpc4X46hJKjejg,BNJxaAaf5wM,104,5,4,UCSes4X8uDrpc4X46hJKjejg,2,0
20261008,UCSes4X8uDrpc4X46hJKjejg,BONi_YgZuRI,104,4,4,UCSes4X8uDrpc4X46hJKjejg,1,0
20261008,UCSes4X8uDrpc4X46hJKjejg,BQb_puFG65E,104,5,4,UCSes4X8uDrpc4X46hJKjejg,2,0
20261008,UCSes4X8uDrpc4X46hJKjejg,BTqBJsphQTc,101,2,4,UCSes4X8uDrpc4X46hJKjejg,2,0
20261008,UCSes4X8uDrpc4X46hJKjejg,BTqBJsphQTc,101,9,7,cS5GFH3SiZQ,1,0
20261008,UCSes4X8uDrpc4X46hJKjejg,BUxevLPYpJc,101,9,5,unknown,2,0
20261008,UCSes4X8uDrpc4X46hJKjejg,BUxevLPYpJc,104,5,5,unknown,2,0
20261008,UCSes4X8uDrpc4X46hJKjejg,BUxevLPYpJc,102,4,7,hp1QfibETgY,1,0
20261008,UCSes4X8uDrpc4X46hJKjejg,BXezOOEMyAo,101,9,14,PLX3ZLYz4-6vE2_ZNLW5AfzbHTd1jTskDl,2,0
20261008,UCSes4X8uDrpc4X46hJKjejg,BXezOOEMyAo,101,9,18,unknown,2,0
20261008,UCSes4X8uDrpc4X46hJKjejg,BXezOOEMyAo,104,4,18,unknown,1,0
20261008,UCSes4X8uDrpc4X46hJKjejg,BYNeQezr_Hs,101,2,4,UCSes4X8uDrpc4X46hJKjejg,1,0
20261008,UCSes4X8uDrpc4X46hJKjejg,BYka63z8D_Q,101,2,3,what-to-watch,1,0
20261008,UCSes4X8uDrpc4X46hJKjejg,BYka63z8D_Q,101,2,4,UCSes4X8uDrpc4X46hJKjejg,1,0
20261008,UCSes4X8uDrpc4X46hJKjejg,BYka63z8D_Q,104,5,4,UCSes4X8uDrpc4X46hJKjejg,1,0
20261008,UCSes4X8uDrpc4X46hJKjejg,BZZMTymeoEI,104,4,3,what-to-watch,1,0
20261008,UCSes4X8uDrpc4X46hJKjejg,BZZMTymeoEI,104,5,3,what-to-watch,1,0
20261008,UCSes4X8uDrpc4X46hJKjejg,BZZMTymeoEI,103,17,5,unknown,1,0
20261008,UCSes4X8uDrpc4X46hJKjejg,B_P_YFmb70s,103,10,5,unknown,1,0
20261008,UCSes4X8uDrpc4X46hJKjejg,B_P_YFmb70s,104,4,5,unknown,5,0
20261008,UCSes4X8uDrpc4X46hJKjejg,B_P_YFmb70s,104,5,5,unknown,10,0.2
20261008,UCSes4X8uDrpc4X46hJKjejg,BeZUS-lZ4qs,101,1,3,what-to-watch,2,0
20261008,UCSes4X8uDrpc4X46hJKjejg,BeZUS-lZ4qs,101,2,3,what-to-watch,108,0.018518518518518517
20261008,UCSes4X8uDrpc4X46hJKjejg,BeZUS-lZ4qs,101,9,3,what-to-watch,53,0.018867924528301886
20261008,UCSes4X8uDrpc4X46hJKjejg,BeZUS-lZ4qs,101,30,3,what-to-watch,8,0
20261008,UCSes4X8uDrpc4X46hJKjejg,BeZUS-lZ4qs,102,1,3,what-to-watch,14,0
20261008,UCSes4X8uDrpc4X46hJKjejg,BeZUS-lZ4qs,102,4,3,what-to-watch,27,0
20261008,UCSes4X8uDrpc4X46hJKjejg,BeZUS-lZ4qs,102,12,3,what-to-watch,6,0
20261008,UCSes4X8uDrpc4X46hJKjejg,BeZUS-lZ4qs,102,13,3,what-to-watch,1,0
20261008,UCSes4X8uDrpc4X46hJKjejg,BeZUS-lZ4qs,102,19,3,what-to-watch,28,0.035714285714285712
20261008,UCSes4X8uDrpc4X46hJKjejg,BeZUS-lZ4qs,102,26,3,what-to-watch,26,0
20261008,UCSes4X8uDrpc4X46hJKjejg,BeZUS-lZ4qs,102,28,3,what-to-watch,7,0
20261008,UCSes4X8uDrpc4X46hJKjejg,BeZUS-lZ4qs,102,29,3,what-to-watch,23,0.043478260869565216
20261008,UCSes4X8uDrpc4X46hJKjejg,BeZUS-lZ4qs,103,10,3,what-to-watch,16,0
20261008,UCSes4X8uDrpc4X46hJKjejg,BeZUS-lZ4qs,103,17,3,what-to-watch,15,0
20261008,UCSes4X8uDrpc4X46hJKjejg,BeZUS-lZ4qs,104,4,3,what-to-watch,156,0.044871794871794872
20261008,UCSes4X8uDrpc4X46hJKjejg,BeZUS-lZ4qs,104,5,3,what-to-watch,339,0.044247787610619468
20261008,UCSes4X8uDrpc4X46hJKjejg,BeZUS-lZ4qs,105,5,3,what-to-watch,63,0.015873015873015872
20261008,UCSes4X8uDrpc4X46hJKjejg,BeZUS-lZ4qs,101,2,4,UCA95kYjGqDgRziNA7sJZBag,1,0
20261008,UCSes4X8uDrpc4X46hJKjejg,BeZUS-lZ4qs,102,4,4,UCA95kYjGqDgRziNA7sJZBag,3,0
20261008,UCSes4X8uDrpc4X46hJKjejg,BeZUS-lZ4qs,102,26,4,UCA95kYjGqDgRziNA7sJZBag,1,0
20261008,UCSes4X8uDrpc4X46hJKjejg,BeZUS-lZ4qs,102,29,4,UCA95kYjGqDgRziNA7sJZBag,1,0
20261008,UCSes4X8uDrpc4X46hJKjejg,BeZUS-lZ4qs,103,17,4,UCA95kYjGqDgRziNA7sJZBag,1,0
20261008,UCSes4X8uDrpc4X46hJKjejg,BeZUS-lZ4qs,103,27,4,UCA95kYjGqDgRziNA7sJZBag,1,0
20261008,UCSes4X8uDrpc4X46hJKjejg,BeZUS-lZ4qs,104,4,4,UCA95kYjGqDgRziNA7sJZBag,1,0
20261008,UCSes4X8uDrpc4X46hJKjejg,BeZUS-lZ4qs,104,5,4,UCA95kYjGqDgRziNA7sJZBag,4,0.25
20261008,UCSes4X8uDrpc4X46hJKjejg,BeZUS-lZ4qs,102,29,4,UCLh4znMEEDzabMHw-Ob0Cpg,1,0
20261008,UCSes4X8uDrpc4X46hJKjejg,BeZUS-lZ4qs,101,2,4,UCSes4X8uDrpc4X46hJKjejg,15,0
20261008,UCSes4X8uDrpc4X46hJKjejg,BeZUS-lZ4qs,101,9,4,UCSes4X8uDrpc4X46hJKjejg,34,0
20261008,UCSes4X8uDrpc4X46hJKjejg,BeZUS-lZ4qs,101,30,4,UCSes4X8uDrpc4X46hJKjejg,1,0
20261008,UCSes4X8uDrpc4X46hJKjejg,BeZUS-lZ4qs,102,4,4,UCSes4X8uDrpc4X46hJKjejg,3,0
20261008,UCSes4X8uDrpc4X46hJKjejg,BeZUS-lZ4qs,102,12,4,UCSes4X8uDrpc4X46hJKjejg,3,0
20261008,UCSes4X8uDrpc4X46hJKjejg,BeZUS-lZ4qs,102,19,4,UCSes4X8uDrpc4X46hJKjejg,2,0
20261008,UCSes4X8uDrpc4X46hJKjejg,BeZUS-lZ4qs,102,26,4,UCSes4X8uDrpc4X46hJKjejg,5,0
20261008,UCSes4X8uDrpc4X46hJKjejg,BeZUS-lZ4qs,103,10,4,UCSes4X8uDrpc4X46hJKjejg,1,0
20261008,UCSes4X8uDrpc4X46hJKjejg,BeZUS-lZ4qs,104,4,4,UCSes4X8uDrpc4X46hJKjejg,52,0.019230769230769232
20261008,UCSes4X8uDrpc4X46hJKjejg,BeZUS-lZ4qs,104,5,4,UCSes4X8uDrpc4X46hJKjejg,63,0.063492063492063489
20261008,UCSes4X8uDrpc4X46hJKjejg,BeZUS-lZ4qs,105,5,4,UCSes4X8uDrpc4X46hJKjejg,5,0
20261008,UCSes4X8uDrpc4X46hJKjejg,BeZUS-lZ4qs,102,28,4,UCWcbo7_7Qiu0VtXPjpp-SDA,1,0
20261008,UCSes4X8uDrpc4X46hJKjejg,BeZUS-lZ4qs,103,10,4,UCWcbo7_7Qiu0VtXPjpp-SDA,1,0
20261008,UCSes4X8uDrpc4X46hJKjejg,BeZUS-lZ4qs,101,2,5,unknown,13,0.076923076923076927
20261008,UCSes4X8uDrpc4X46hJKjejg,BeZUS-lZ4qs,101,9,5,unknown,11,0
20261008,UCSes4X8uDrpc4X46hJKjejg,BeZUS-lZ4qs,102,1,5,unknown,3,0
20261008,UCSes4X8uDrpc4X46hJKjejg,BeZUS-lZ4qs,102,4,5,unknown,7,0
20261008,UCSes4X8uDrpc4X46hJKjejg,BeZUS-lZ4qs,102,12,5,unknown,5,0
20261008,UCSes4X8uDrpc4X46hJKjejg,BeZUS-lZ4qs,102,19,5,unknown,11,0.090909090909090912
20261008,UCSes4X8uDrpc4X46hJKjejg,BeZUS-lZ4qs,102,21,5,unknown,1,0
20261008,UCSes4X8uDrpc4X46hJKjejg,BeZUS-lZ4qs,102,26,5,unknown,16,0
20261008,UCSes4X8uDrpc4X46hJKjejg,BeZUS-lZ4qs,102,29,5,unknown,18,0
20261008,UCSes4X8uDrpc4X46hJKjejg,BeZUS-lZ4qs,102,31,5,unknown,1,0
20261008,UCSes4X8uDrpc4X46hJKjejg,BeZUS-lZ4qs,103,10,5,unknown,8,0
20261008,UCSes4X8uDrpc4X46hJKjejg,BeZUS-lZ4qs,103,17,5,unknown,1,0
20261008,UCSes4X8uDrpc4X46hJKjejg,BeZUS-lZ4qs,104,4,5,unknown,31,0.12903225806451613
20261008,UCSes4X8uDrpc4X46hJKjejg,BeZUS-lZ4qs,104,5,5,unknown,91,0.065934065934065936
20261008,UCSes4X8uDrpc4X46hJKjejg,BeZUS-lZ4qs,105,5,5,unknown,7,0
20261008,UCSes4X8uDrpc4X46hJKjejg,BeZUS-lZ4qs,104,4,7,-22Sjq_3eu4,1,0
20261008,UCSes4X8uDrpc4X46hJKjejg,BeZUS-lZ4qs,104,5,7,-9HhkpC1E1Y,1,0
20261008,UCSes4X8uDrpc4X46hJKjejg,BeZUS-lZ4qs,104,5,7,-HA1WDZji8A,2,0
20261008,UCSes4X8uDrpc4X46hJKjejg,BeZUS-lZ4qs,104,4,7,-RxDkJPW5Go,1,0
20261008,UCSes4X8uDrpc4X46hJKjejg,BeZUS-lZ4qs,104,5,7,-SW8kAIkrhM,2,0
20261008,UCSes4X8uDrpc4X46hJKjejg,BeZUS-lZ4qs,102,26,7,-V2xgnPUqx8,1,0
20261008,UCSes4X8uDrpc4X46hJKjejg,BeZUS-lZ4qs,104,4,7,-V2xgnPUqx8,1,0
20261008,UCSes4X8uDrpc4X46hJKjejg,BeZUS-lZ4qs,101,9,7,-Xl_j8LMTmE,1,0
20261008,UCSes4X8uDrpc4X46hJKjejg,BeZUS-lZ4qs,101,2,7,-_F6m3qod2k,1,0
20261008,UCSes4X8uDrpc4X46hJKjejg,BeZUS-lZ4qs,102,26,7,-aYxx9NHPxQ,1,0
20261008,UCSes4X8uDrpc4X46hJKjejg,BeZUS-lZ4qs,104,4,7,-aYxx9NHPxQ,1,0
20261008,UCSes4X8uDrpc4X46hJKjejg,BeZUS-lZ4qs,104,5,7,-aYxx9NHPxQ,1,0
20261008,UCSes4X8uDrpc4X46hJKjejg,BeZUS-lZ4qs,101,2,7,-ecz9Tz-xx8,1,0
20261008,UCSes4X8uDrpc4X46hJKjejg,BeZUS-lZ4qs,104,4,7,-ei_-8SFQcs,1,0
20261008,UCSes4X8uDrpc4X46hJKjejg,BeZUS-lZ4qs,105,5,7,-qDN8QTNhHA,1,0
20261008,UCSes4X8uDrpc4X46hJKjejg,BeZUS-lZ4qs,104,5,7,-wR_n2k9pAY,1,0
20261008,UCSes4X8uDrpc4X46hJKjejg,BeZUS-lZ4qs,104,5,7,-xKgb35sSOE,1,0
20261008,UCSes4X8uDrpc4X46hJKjejg,BeZUS-lZ4qs,101,2,7,00Y7VPeI5lQ,1,0
20261008,UCSes4X8uDrpc4X46hJKjejg,BeZUS-lZ4qs,101,2,7,07BaiGCN_Sg,1,0
20261008,UCSes4X8uDrpc4X46hJKjejg,BeZUS-lZ4qs,102,21,7,0A0ZC94-XlE,1,0
20261008,UCSes4X8uDrpc4X46hJKjejg,BeZUS-lZ4qs,104,5,7,0A0ZC94-XlE,2,0
20261008,UCSes4X8uDrpc4X46hJKjejg,BeZUS-lZ4qs,104,5,7,0GQPGAsGdyE,1,0
20261008,UCSes4X8uDrpc4X46hJKjejg,BeZUS-lZ4qs,104,5,7,0Q7nHqT-XYI,1,0
20261008,UCSes4X8uDrpc4X46hJKjejg,BeZUS-lZ4qs,104,4,7,0TeSIOk2pdQ,1,0
20261008,UCSes4X8uDrpc4X46hJKjejg,BeZUS-lZ4qs,105,5,7,0TjiSxrqhkw,1,0
20261008,UCSes4X8uDrpc4X46hJKjejg,BeZUS-lZ4qs,101,2,7,0b8eta7f8mY,1,0
20261008,UCSes4X8uDrpc4X46hJKjejg,BeZUS-lZ4qs,104,4,7,0b8eta7f8mY,2,0
20261008,UCSes4X8uDrpc4X46hJKjejg,BeZUS-lZ4qs,104,5,7,0b8eta7f8mY,3,0
20261008,UCSes4X8uDrpc4X46hJKjejg,BeZUS-lZ4qs,105,5,7,0b8eta7f8mY,1,0
20261008,UCSes4X8uDrpc4X46hJKjejg,BeZUS-lZ4qs,104,5,7,0du0FcALNqc,1,0
20261008,UCSes4X8uDrpc4X46hJKjejg,BeZUS-lZ4qs,104,5,7,0gyPVPgmsVA,1,0
20261008,UCSes4X8uDrpc4X46hJKjejg,BeZUS-lZ4qs,104,5,7,0hqeHre6QLA,6,0.16666666666666666
20261008,UCSes4X8uDrpc4X46hJKjejg,BeZUS-lZ4qs,104,4,7,0vCb5YqoEWs,2,0
20261008,UCSes4X8uDrpc4X46hJKjejg,BeZUS-lZ4qs,104,5,7,0w6-okK5Iss,1,0
20261008,UCSes4X8uDrpc4X46hJKjejg,BeZUS-lZ4qs,101,2,7,18cFvSXaIY0,3,0
20261008,UCSes4X8uDrpc4X46hJKjejg,BeZUS-lZ4qs,101,1,7,18mgN64R_FE,6,0
20261008,UCSes4X8uDrpc4X46hJKjejg,BeZUS-lZ4qs,101,9,7,1F7DHbSbgbQ,1,0
20261008,UCSes4X8uDrpc4X46hJKjejg,BeZUS-lZ4qs,104,4,7,1Njb4-Re38g,1,0
20261008,UCSes4X8uDrpc4X46hJKjejg,BeZUS-lZ4qs,105,5,7,1ULo4B-6nsE,1,0
20261008,UCSes4X8uDrpc4X46hJKjejg,BeZUS-lZ4qs,104,5,7,1W_fpzzlOqE,1,0
20261008,UCSes4X8uDrpc4X46hJKjejg,BeZUS-lZ4qs,101,9,7,1fi63mVmebU,1,0
20261008,UCSes4X8uDrpc4X46hJKjejg,BeZUS-lZ4qs,104,4,7,1fi63mVmebU,1,0
20261008,UCSes4X8uDrpc4X46hJKjejg,BeZUS-lZ4qs,101,9,7,1iZezmHX74Q,1,0
20261008,UCSes4X8uDrpc4X46hJKjejg,BeZUS-lZ4qs,104,5,7,1mNU-2nKMIA,1,0
20261008,UCSes4X8uDrpc4X46hJKjejg,BeZUS-lZ4qs,102,4,7,1oF5ZdXbrjs,1,0
20261008,UCSes4X8uDrpc4X46hJKjejg,BeZUS-lZ4qs,102,29,7,1vZdFsHL9YU,1,0
20261008,UCSes4X8uDrpc4X46hJKjejg,BeZUS-lZ4qs,104,5,7,23sc1GGyPWU,1,0
20261008,UCSes4X8uDrpc4X46hJKjejg,BeZUS-lZ4qs,104,5,7,26kjeRD33Rw,3,0
20261008,UCSes4X8uDrpc4X46hJKjejg,BeZUS-lZ4qs,104,5,7,27gUz6YL5Jg,2,0
20261008,UCSes4X8uDrpc4X46hJKjejg,BeZUS-lZ4qs,104,5,7,28sxX4rob9I,1,0
20261008,UCSes4X8uDrpc4X46hJKjejg,BeZUS-lZ4qs,104,5,7,2Hahva0xaK0,1,0
20261008,UCSes4X8uDrpc4X46hJKjejg,BeZUS-lZ4qs,104,5,7,2aatu8w-tCc,1,0
20261008,UCSes4X8uDrpc4X46hJKjejg,BeZUS-lZ4qs,101,2,7,2eqNYzKYKVc,1,0
20261008,UCSes4X8uDrpc4X46hJKjejg,BeZUS-lZ4qs,104,5,7,2eqNYzKYKVc,1,0
20261008,UCSes4X8uDrpc4X46hJKjejg,BeZUS-lZ4qs,101,9,7,2hfqqI7DoeE,1,0
20261008,UCSes4X8uDrpc4X46hJKjejg,BeZUS-lZ4qs,104,4,7,2tItHyut_BA,1,0
20261008,UCSes4X8uDrpc4X46hJKjejg,BeZUS-lZ4qs,104,4,7,2xObJ8b0Obg,1,0
20261008,UCSes4X8uDrpc4X46hJKjejg,BeZUS-lZ4qs,104,5,7,2xObJ8b0Obg,1,0
20261008,UCSes4X8uDrpc4X46hJKjejg,BeZUS-lZ4qs,104,5,7,334GraE2wPw,1,0
20261008,UCSes4X8uDrpc4X46hJKjejg,BeZUS-lZ4qs,102,19,7,397EK9CM6n4,1,0
20261008,UCSes4X8uDrpc4X46hJKjejg,BeZUS-lZ4qs,104,5,7,3FhWAAfRHtM,2,0
20261008,UCSes4X8uDrpc4X46hJKjejg,BeZUS-lZ4qs,102,29,7,3GhEvnRJ8II,1,0
20261008,UCSes4X8uDrpc4X46hJKjejg,BeZUS-lZ4qs,101,1,7,3OCZp_faA9g,1,0
20261008,UCSes4X8uDrpc4X46hJKjejg,BeZUS-lZ4qs,101,2,7,3Uzo9-9M1_A,1,0
20261008,UCSes4X8uDrpc4X46hJKjejg,BeZUS-lZ4qs,104,5,7,3ZcBqVgL-Cs,1,0
20261008,UCSes4X8uDrpc4X46hJKjejg,BeZUS-lZ4qs,101,2,7,3as4BeehBwk,1,0
20261008,UCSes4X8uDrpc4X46hJKjejg,BeZUS-lZ4qs,101,9,7,3dNIoTxecvw,1,0
20261008,UCSes4X8uDrpc4X46hJKjejg,BeZUS-lZ4qs,102,26,7,3jhxwZos2mM,1,0
20261008,UCSes4X8uDrpc4X46hJKjejg,BeZUS-lZ4qs,104,4,7,3t9H3DbYn7M,2,0
20261008,UCSes4X8uDrpc4X46hJKjejg,BeZUS-lZ4qs,102,4,7,3x6DjeJNd64,1,0
20261008,UCSes4X8uDrpc4X46hJKjejg,BeZUS-lZ4qs,104,5,7,3ymALwp6dhE,1,0
20261008,UCSes4X8uDrpc4X46hJKjejg,BeZUS-lZ4qs,104,5,7,43H1nodLnYg,1,0
20261008,UCSes4X8uDrpc4X46hJKjejg,BeZUS-lZ4qs,101,1,7,4BzzSvMpdSw,1,0
20261008,UCSes4X8uDrpc4X46hJKjejg,BeZUS-lZ4qs,102,1,7,4IRyblU_ZjM,1,0
20261008,UCSes4X8uDrpc4X46hJKjejg,BeZUS-lZ4qs,102,1,7,4sfrN_1I5Ic,1,1
20261008,UCSes4X8uDrpc4X46hJKjejg,BeZUS-lZ4qs,101,9,7,4uebrDXpZBw,1,0
20261008,UCSes4X8uDrpc4X46hJKjejg,BeZUS-lZ4qs,102,26,7,5iXAneadoMo,1,0
20261008,UCSes4X8uDrpc4X46hJKjejg,BeZUS-lZ4qs,104,5,7,5kgBHNPjfY8,1,0
20261008,UCSes4X8uDrpc4X46hJKjejg,BeZUS-lZ4qs,101,2,7,5yh-wVmvLxo,1,0
20261008,UCSes4X8uDrpc4X46hJKjejg,BeZUS-lZ4qs,104,5,7,68Cgi0h0rtc,1,0
20261008,UCSes4X8uDrpc4X46hJKjejg,BeZUS-lZ4qs,104,4,7,69DInRVs0UQ,1,0
20261008,UCSes4X8uDrpc4X46hJKjejg,BeZUS-lZ4qs,104,5,7,6KZ4O1uYMLA,1,0
20261008,UCSes4X8uDrpc4X46hJKjejg,BeZUS-lZ4qs,105,5,7,6NAgQVUnEg4,1,0
20261008,UCSes4X8uDrpc4X46hJKjejg,BeZUS-lZ4qs,104,5,7,6OKbPI3TZXc,1,0
20261008,UCSes4X8uDrpc4X46hJKjejg,BeZUS-lZ4qs,101,9,7,6R0FNaA2Fo8,1,0
20261008,UCSes4X8uDrpc4X46hJKjejg,BeZUS-lZ4qs,105,5,7,6R0FNaA2Fo8,1,0
20261008,UCSes4X8uDrpc4X46hJKjejg,BeZUS-lZ4qs,101,2,7,6Ss_u74Obxw,2,0
20261008,UCSes4X8uDrpc4X46hJKjejg,BeZUS-lZ4qs,101,9,7,6Ss_u74Obxw,1,0
20261008,UCSes4X8uDrpc4X46hJKjejg,BeZUS-lZ4qs,102,26,7,6Ss_u74Obxw,1,0
20261008,UCSes4X8uDrpc4X46hJKjejg,BeZUS-lZ4qs,102,29,7,6Ss_u74Obxw,1,0
20261008,UCSes4X8uDrpc4X46hJKjejg,BeZUS-lZ4qs,104,4,7,6Ss_u74Obxw,4,0
20261008,UCSes4X8uDrpc4X46hJKjejg,BeZUS-lZ4qs,104,5,7,6Ss_u74Obxw,15,0.066666666666666666
20261008,UCSes4X8uDrpc4X46hJKjejg,BeZUS-lZ4qs,104,4,7,6TPdz_MzokM,2,0
20261008,UCSes4X8uDrpc4X46hJKjejg,BeZUS-lZ4qs,104,4,7,6UBoimUJc60,1,0
20261008,UCSes4X8uDrpc4X46hJKjejg,BeZUS-lZ4qs,102,19,7,6VbcAQtW754,1,0
20261008,UCSes4X8uDrpc4X46hJKjejg,BeZUS-lZ4qs,104,4,7,6Y47AZjX4wg,1,0
20261008,UCSes4X8uDrpc4X46hJKjejg,BeZUS-lZ4qs,101,2,7,6ljakZEWb0o,1,0
20261008,UCSes4X8uDrpc4X46hJKjejg,BeZUS-lZ4qs,104,4,7,6ljakZEWb0o,2,0
20261008,UCSes4X8uDrpc4X46hJKjejg,BeZUS-lZ4qs,104,4,7,6n84u6WIXfc,1,0
20261008,UCSes4X8uDrpc4X46hJKjejg,BeZUS-lZ4qs,104,4,7,6pKZW0ocGDc,1,0
20261008,UCSes4X8uDrpc4X46hJKjejg,BeZUS-lZ4qs,104,5,7,782y-_m7S-8,1,0
20261008,UCSes4X8uDrpc4X46hJKjejg,BeZUS-lZ4qs,104,4,7,7AB_-HJdTHk,1,0
20261008,UCSes4X8uDrpc4X46hJKjejg,BeZUS-lZ4qs,104,4,7,7E_ysPwHjVg,1,0
20261008,UCSes4X8uDrpc4X46hJKjejg,BeZUS-lZ4qs,101,2,7,7H-lvIInX_M,1,0
20261008,UCSes4X8uDrpc4X46hJKjejg,BeZUS-lZ4qs,104,4,7,7MNp4A9auB8,1,0
20261008,UCSes4X8uDrpc4X46hJKjejg,BeZUS-lZ4qs,104,5,7,7MNp4A9auB8,1,1
20261008,UCSes4X8uDrpc4X46hJKjejg,BeZUS-lZ4qs,104,5,7,7P7jkntPSig,2,0
20261008,UCSes4X8uDrpc4X46hJKjejg,BeZUS-lZ4qs,104,5,7,7_TsNs2HdnE,1,0
20261008,UCSes4X8uDrpc4X46hJKjejg,BeZUS-lZ4qs,104,4,7,7cTuUKiGOGk,1,0
20261008,UCSes4X8uDrpc4X46hJKjejg,BeZUS-lZ4qs,104,4,7,7mfjB1Vgh3E,1,0
20261008,UCSes4X8uDrpc4X46hJKjejg,BeZUS-lZ4qs,104,5,7,7wwY9qdSsxM,2,0
20261008,UCSes4X8uDrpc4X46hJKjejg,BeZUS-lZ4qs,104,4,7,7xq1l2A3E7s,1,0
20261008,UCSes4X8uDrpc4X46hJKjejg,BeZUS-lZ4qs,102,1,7,7zXrMn6tKK4,1,0
20261008,UCSes4X8uDrpc4X46hJKjejg,BeZUS-lZ4qs,104,5,7,7zl8OX8hjWo,1,0
20261008,UCSes4X8uDrpc4X46hJKjejg,BeZUS-lZ4qs,102,28,7,81jd2iq_Jus,1,0
20261008,UCSes4X8uDrpc4X46hJKjejg,BeZUS-lZ4qs,101,2,7,85gnNvuD0D0,1,0
20261008,UCSes4X8uDrpc4X46hJKjejg,BeZUS-lZ4qs,102,1,7,8Fm9i0VHt18,1,0
20261008,UCSes4X8uDrpc4X46hJKjejg,BeZUS-lZ4qs,104,4,7,8GRJ5-qHbzw,1,0
20261008,UCSes4X8uDrpc4X46hJKjejg,BeZUS-lZ4qs,104,4,7,8L_-qMbP09s,1,0
20261008,UCSes4X8uDrpc4X46hJKjejg,BeZUS-lZ4qs,104,4,7,8TxebZ-PdTE,1,0
20261008,UCSes4X8uDrpc4X46hJKjejg,BeZUS-lZ4qs,104,5,7,8UhhaNjHbmA,2,0
20261008,UCSes4X8uDrpc4X46hJKjejg,BeZUS-lZ4qs,104,4,7,8te-ZMAS5Ek,1,0
20261008,UCSes4X8uDrpc4X46hJKjejg,BeZUS-lZ4qs,104,5,7,91n8ObXSSSE,1,0
20261008,UCSes4X8uDrpc4X46hJKjejg,BeZUS-lZ4qs,102,1,7,98akvjV-Gfw,1,0
20261008,UCSes4X8uDrpc4X46hJKjejg,BeZUS-lZ4qs,104,4,7,98akvjV-Gfw,1,0
20261008,UCSes4X8uDrpc4X46hJKjejg,BeZUS-lZ4qs,104,5,7,9X73DOeXolI,2,0
20261008,UCSes4X8uDrpc4X46hJKjejg,BeZUS-lZ4qs,104,5,7,9ZC8dXOrHxc,1,0
20261008,UCSes4X8uDrpc4X46hJKjejg,BeZUS-lZ4qs,101,2,7,9xWQqP-hUI4,1,0
20261008,UCSes4X8uDrpc4X46hJKjejg,BeZUS-lZ4qs,101,9,7,9xWQqP-hUI4,1,0
20261008,UCSes4X8uDrpc4X46hJKjejg,BeZUS-lZ4qs,102,26,7,9xWQqP-hUI4,1,0
20261008,UCSes4X8uDrpc4X46hJKjejg,BeZUS-lZ4qs,104,4,7,9xWQqP-hUI4,5,0
20261008,UCSes4X8uDrpc4X46hJKjejg,BeZUS-lZ4qs,103,17,7,A6gP3P7eq4k,1,0
20261008,UCSes4X8uDrpc4X46hJKjejg,BeZUS-lZ4qs,104,4,7,ADI4SM7IHVU,1,0
20261008,UCSes4X8uDrpc4X46hJKjejg,BeZUS-lZ4qs,104,4,7,AD_5gJ1B2_U,1,0
20261008,UCSes4X8uDrpc4X46hJKjejg,BeZUS-lZ4qs,101,9,7,AL0AGaoJCWY,1,0
20261008,UCSes4X8uDrpc4X46hJKjejg,BeZUS-lZ4qs,105,5,7,AQ2ysW9JeGI,1,0
20261008,UCSes4X8uDrpc4X46hJKjejg,BeZUS-lZ4qs,104,5,7,ASt1vh8jno0,1,0
20261008,UCSes4X8uDrpc4X46hJKjejg,BeZUS-lZ4qs,101,1,7,AWdIuflemFU,1,0
20261008,UCSes4X8uDrpc4X46hJKjejg,BeZUS-lZ4qs,101,2,7,AWdIuflemFU,1,0
20261008,UCSes4X8uDrpc4X46hJKjejg,BeZUS-lZ4qs,101,9,7,AWdIuflemFU,5,0
20261008,UCSes4X8uDrpc4X46hJKjejg,BeZUS-lZ4qs,102,1,7,AWdIuflemFU,1,0
20261008,UCSes4X8uDrpc4X46hJKjejg,BeZUS-lZ4qs,103,10,7,AWdIuflemFU,2,0
20261008,UCSes4X8uDrpc4X46hJKjejg,BeZUS-lZ4qs,104,4,7,AWdIuflemFU,2,0.5
20261008,UCSes4X8uDrpc4X46hJKjejg,BeZUS-lZ4qs,104,5,7,AWdIuflemFU,7,0
20261008,UCSes4X8uDrpc4X46hJKjejg,BeZUS-lZ4qs,105,5,7,AWdIuflemFU,1,0
20261008,UCSes4X8uDrpc4X46hJKjejg,BeZUS-lZ4qs,104,4,7,AY8HKZj3zSI,1,0
20261008,UCSes4X8uDrpc4X46hJKjejg,BeZUS-lZ4qs,104,4,7,Ab9f6z7-Y8k,1,0
20261008,UCSes4X8uDrpc4X46hJKjejg,BeZUS-lZ4qs,104,4,7,AcLzNYZMurk,1,0
20261008,UCSes4X8uDrpc4X46hJKjejg,BeZUS-lZ4qs,101,1,7,Ala5zZj2Zpo,2,0
20261008,UCSes4X8uDrpc4X46hJKjejg,BeZUS-lZ4qs,104,5,7,At9BVR6Aw8Y,1,0
20261008,UCSes4X8uDrpc4X46hJKjejg,BeZUS-lZ4qs,101,2,7,B1TbR7KHVvY,1,0
20261008,UCSes4X8uDrpc4X46hJKjejg,BeZUS-lZ4qs,102,4,7,B1TbR7KHVvY,1,0
20261008,UCSes4X8uDrpc4X46hJKjejg,BeZUS-lZ4qs,102,12,7,B1TbR7KHVvY,1,0
20261008,UCSes4X8uDrpc4X46hJKjejg,BeZUS-lZ4qs,104,5,7,B2rB2dBmKOo,2,0.5
20261008,UCSes4X8uDrpc4X46hJKjejg,BeZUS-lZ4qs,104,4,7,B36MgFS527E,1,0
20261008,UCSes4X8uDrpc4X46hJKjejg,BeZUS-lZ4qs,101,9,7,BARcxEBt8oM,1,0
20261008,UCSes4X8uDrpc4X46hJKjejg,BeZUS-lZ4qs,102,12,7,BARcxEBt8oM,1,0
20261008,UCSes4X8uDrpc4X46hJKjejg,BeZUS-lZ4qs,102,26,7,BARcxEBt8oM,1,0
20261008,UCSes4X8uDrpc4X46hJKjejg,BeZUS-lZ4qs,103,10,7,BARcxEBt8oM,1,0
20261008,UCSes4X8uDrpc4X46hJKjejg,BeZUS-lZ4qs,104,5,7,BARcxEBt8oM,2,0
20261008,UCSes4X8uDrpc4X46hJKjejg,BeZUS-lZ4qs,102,12,7,BA_eMluF_p8,1,0
20261008,UCSes4X8uDrpc4X46hJKjejg,BeZUS-lZ4qs,104,4,7,BBtRMES4CaM,1,0
20261008,UCSes4X8uDrpc4X46hJKjejg,BeZUS-lZ4qs,104,5,7,BCAJtOxF2Kc,1,0
20261008,UCSes4X8uDrpc4X46hJKjejg,BeZUS-lZ4qs,105,5,7,BCk6WHGWANg,1,0
20261008,UCSes4X8uDrpc4X46hJKjejg,BeZUS-lZ4qs,104,4,7,BIy5Nz_KGZM,1,0
20261008,UCSes4X8uDrpc4X46hJKjejg,BeZUS-lZ4qs,102,19,7,BcdHhQYYUpQ,1,0
20261008,UCSes4X8uDrpc4X46hJKjejg,BeZUS-lZ4qs,104,4,7,BcdHhQYYUpQ,1,0
20261008,UCSes4X8uDrpc4X46hJKjejg,BeZUS-lZ4qs,101,1,7,BlP_AX68z6M,2,0
20261008,UCSes4X8uDrpc4X46hJKjejg,BeZUS-lZ4qs,102,1,7,Bm7cQuUX34A,1,0
20261008,UCSes4X8uDrpc4X46hJKjejg,BeZUS-lZ4qs,104,5,7,Bm7cQuUX34A,4,0
20261008,UCSes4X8uDrpc4X46hJKjejg,BeZUS-lZ4qs,101,9,7,BmqFbT0xzWY,1,0
20261008,UCSes4X8uDrpc4X46hJKjejg,BeZUS-lZ4qs,101,2,7,CGv8IRZxEuM,1,0
20261008,UCSes4X8uDrpc4X46hJKjejg,BeZUS-lZ4qs,104,5,7,CJz6lwfhv2I,1,0
20261008,UCSes4X8uDrpc4X46hJKjejg,BeZUS-lZ4qs,104,5,7,CRXSqi8rmek,1,1
20261008,UCSes4X8uDrpc4X46hJKjejg,BeZUS-lZ4qs,102,26,7,CTPFpsmw9Rc,1,0
20261008,UCSes4X8uDrpc4X46hJKjejg,BeZUS-lZ4qs,104,4,7,CYn6HOY0Ddw,1,0
20261008,UCSes4X8uDrpc4X46hJKjejg,BeZUS-lZ4qs,101,2,7,CiR7ZOibQnU,1,0
20261008,UCSes4X8uDrpc4X46hJKjejg,BeZUS-lZ4qs,104,5,7,CkU1YqU0Yww,1,0
20261008,UCSes4X8uDrpc4X46hJKjejg,BeZUS-lZ4qs,104,5,7,CpeIIRfCCnE,2,0
20261008,UCSes4X8uDrpc4X46hJKjejg,BeZUS-lZ4qs,102,29,7,CqZseIF2fpI,1,0
20261008,UCSes4X8uDrpc4X46hJKjejg,BeZUS-lZ4qs,104,5,7,CsRQQNmPQCQ,2,0
20261008,UCSes4X8uDrpc4X46hJKjejg,BeZUS-lZ4qs,104,5,7,CzcMoo-uzKU,1,0
20261008,UCSes4X8uDrpc4X46hJKjejg,BeZUS-lZ4qs,104,5,7,DM0JS9xdWPg,1,0
20261008,UCSes4X8uDrpc4X46hJKjejg,BeZUS-lZ4qs,104,4,7,DOxIqxam70Y,1,0
20261008,UCSes4X8uDrpc4X46hJKjejg,BeZUS-lZ4qs,104,4,7,DPexo1CbZ9E,1,0
20261008,UCSes4X8uDrpc4X46hJKjejg,BeZUS-lZ4qs,104,4,7,DSZGVqC42XI,1,0
20261008,UCSes4X8uDrpc4X46hJKjejg,BeZUS-lZ4qs,104,5,7,DYhiiKJK1Gw,1,0
20261008,UCSes4X8uDrpc4X46hJKjejg,BeZUS-lZ4qs,104,5,7,DciYXQrstEE,1,0
20261008,UCSes4X8uDrpc4X46hJKjejg,BeZUS-lZ4qs,104,4,7,DhCDs1EfCyU,1,0
20261008,UCSes4X8uDrpc4X46hJKjejg,BeZUS-lZ4qs,101,2,7,Di-dW7efkMI,1,0
20261008,UCSes4X8uDrpc4X46hJKjejg,BeZUS-lZ4qs,104,4,7,Di1o3cv-nuc,1,0
20261008,UCSes4X8uDrpc4X46hJKjejg,BeZUS-lZ4qs,104,5,7,DlSKYPsQg40,1,0
20261008,UCSes4X8uDrpc4X46hJKjejg,BeZUS-lZ4qs,104,5,7,DrXIy1HBgNw,2,0
20261008,UCSes4X8uDrpc4X46hJKjejg,BeZUS-lZ4qs,104,4,7,DrjH0syqDys,1,0
20261008,UCSes4X8uDrpc4X46hJKjejg,BeZUS-lZ4qs,104,5,7,Ds946lx4HPQ,1,0
20261008,UCSes4X8uDrpc4X46hJKjejg,BeZUS-lZ4qs,104,5,7,E2RSnfz6RKA,1,0
20261008,UCSes4X8uDrpc4X46hJKjejg,BeZUS-lZ4qs,104,5,7,E4CbukVfpHY,1,0
20261008,UCSes4X8uDrpc4X46hJKjejg,BeZUS-lZ4qs,102,29,7,EKCIZ9lfqX0,1,0
20261008,UCSes4X8uDrpc4X46hJKjejg,BeZUS-lZ4qs,101,9,7,EPSw0xEyipE,1,0
20261008,UCSes4X8uDrpc4X46hJKjejg,BeZUS-lZ4qs,104,4,7,EUFhMLkcXxw,1,0
20261008,UCSes4X8uDrpc4X46hJKjejg,BeZUS-lZ4qs,104,4,7,EZ22RYmXMdo,2,0
20261008,UCSes4X8uDrpc4X46hJKjejg,BeZUS-lZ4qs,104,4,7,E_98qdwrBb0,1,0
20261008,UCSes4X8uDrpc4X46hJKjejg,BeZUS-lZ4qs,101,2,7,Eaf6cje0GpY,1,0
20261008,UCSes4X8uDrpc4X46hJKjejg,BeZUS-lZ4qs,104,5,7,ElXZ0-v_msw,1,0
20261008,UCSes4X8uDrpc4X46hJKjejg,BeZUS-lZ4qs,104,4,7,EmLhv1LTD3E,1,0
20261008,UCSes4X8uDrpc4X46hJKjejg,BeZUS-lZ4qs,102,28,7,EoVTttvKfRs,1,0
20261008,UCSes4X8uDrpc4X46hJKjejg,BeZUS-lZ4qs,104,5,7,F0AKAxl-zig,1,0
20261008,UCSes4X8uDrpc4X46hJKjejg,BeZUS-lZ4qs,104,5,7,F0GP6PsFjk8,1,0
20261008,UCSes4X8uDrpc4X46hJKjejg,BeZUS-lZ4qs,101,9,7,FIhUB_Xg0ts,2,0.5
20261008,UCSes4X8uDrpc4X46hJKjejg,BeZUS-lZ4qs,104,5,7,FMYx34skcCg,1,0
20261008,UCSes4X8uDrpc4X46hJKjejg,BeZUS-lZ4qs,105,5,7,FOh1YdfUDfU,1,0
20261008,UCSes4X8uDrpc4X46hJKjejg,BeZUS-lZ4qs,101,9,7,FPN9Eux2MeM,1,0
20261008,UCSes4X8uDrpc4X46hJKjejg,BeZUS-lZ4qs,104,4,7,FblTHkXDqmk,1,0
20261008,UCSes4X8uDrpc4X46hJKjejg,BeZUS-lZ4qs,104,4,7,FdUS8LlpGa8,1,0
20261008,UCSes4X8uDrpc4X46hJKjejg,BeZUS-lZ4qs,104,5,7,FdUt8aweXiA,1,0
20261008,UCSes4X8uDrpc4X46hJKjejg,BeZUS-lZ4qs,104,5,7,Flt_X7KOCtk,1,0
20261008,UCSes4X8uDrpc4X46hJKjejg,BeZUS-lZ4qs,104,5,7,FoPL8fKzqU4,1,0
20261008,UCSes4X8uDrpc4X46hJKjejg,BeZUS-lZ4qs,104,4,7,Fr1mbzk7PSg,1,0
20261008,UCSes4X8uDrpc4X46hJKjejg,BeZUS-lZ4qs,104,5,7,G30h7koGSXk,1,0
20261008,UCSes4X8uDrpc4X46hJKjejg,BeZUS-lZ4qs,104,5,7,G4fg-xwt3Ds,1,0
20261008,UCSes4X8uDrpc4X46hJKjejg,BeZUS-lZ4qs,104,4,7,G4jZt-e8zwg,1,0
20261008,UCSes4X8uDrpc4X46hJKjejg,BeZUS-lZ4qs,104,5,7,GJF8p-2ShA4,1,0
20261008,UCSes4X8uDrpc4X46hJKjejg,BeZUS-lZ4qs,104,4,7,GNWBOl3uFF4,1,0
20261008,UCSes4X8uDrpc4X46hJKjejg,BeZUS-lZ4qs,104,5,7,GNWBOl3uFF4,3,0
20261008,UCSes4X8uDrpc4X46hJKjejg,BeZUS-lZ4qs,104,4,7,GUrSRiGb_ww,1,0
20261008,UCSes4X8uDrpc4X46hJKjejg,BeZUS-lZ4qs,101,2,7,GVs7gg-vfDc,1,0
20261008,UCSes4X8uDrpc4X46hJKjejg,BeZUS-lZ4qs,101,2,7,GlJhmD54gzQ,1,0
20261008,UCSes4X8uDrpc4X46hJKjejg,BeZUS-lZ4qs,101,2,7,GqYZtH5Cvwo,1,0
20261008,UCSes4X8uDrpc4X46hJKjejg,BeZUS-lZ4qs,104,4,7,Gtn3CDj5p6Q,1,0
20261008,UCSes4X8uDrpc4X46hJKjejg,BeZUS-lZ4qs,104,5,7,Gtn3CDj5p6Q,2,0
20261008,UCSes4X8uDrpc4X46hJKjejg,BeZUS-lZ4qs,105,5,7,Gy4MhqTacMM,1,0
20261008,UCSes4X8uDrpc4X46hJKjejg,BeZUS-lZ4qs,102,4,7,H3lGUPN0Kdw,1,0
20261008,UCSes4X8uDrpc4X46hJKjejg,BeZUS-lZ4qs,102,19,7,H3lGUPN0Kdw,2,0
20261008,UCSes4X8uDrpc4X46hJKjejg,BeZUS-lZ4qs,102,26,7,H3lGUPN0Kdw,1,0
20261008,UCSes4X8uDrpc4X46hJKjejg,BeZUS-lZ4qs,104,4,7,H4GToMJ4JcI,1,0
20261008,UCSes4X8uDrpc4X46hJKjejg,BeZUS-lZ4qs,104,4,7,H60ifBMcdZQ,1,0
20261008,UCSes4X8uDrpc4X46hJKjejg,BeZUS-lZ4qs,104,5,7,HKuKEev7mDE,1,0
20261008,UCSes4X8uDrpc4X46hJKjejg,BeZUS-lZ4qs,104,5,7,HLLNmqOFf3c,1,0
20261008,UCSes4X8uDrpc4X46hJKjejg,BeZUS-lZ4qs,101,9,7,HLujkMk403A,1,0
20261008,UCSes4X8uDrpc4X46hJKjejg,BeZUS-lZ4qs,101,2,7,HVZBsN3_8iI,1,0
20261008,UCSes4X8uDrpc4X46hJKjejg,BeZUS-lZ4qs,102,4,7,HdLEFBkWliM,1,0
20261008,UCSes4X8uDrpc4X46hJKjejg,BeZUS-lZ4qs,101,2,7,Hm7V4jOxlUI,1,0
20261008,UCSes4X8uDrpc4X46hJKjejg,BeZUS-lZ4qs,104,5,7,HuEQ0hEWI7Y,2,0
20261008,UCSes4X8uDrpc4X46hJKjejg,BeZUS-lZ4qs,101,2,7,HwVivh1ogUM,1,0
20261008,UCSes4X8uDrpc4X46hJKjejg,BeZUS-lZ4qs,104,5,7,HxGNCL9AHY0,2,0
20261008,UCSes4X8uDrpc4X46hJKjejg,BeZUS-lZ4qs,104,5,7,HxI00ne9GUw,1,0
20261008,UCSes4X8uDrpc4X46hJKjejg,BeZUS-lZ4qs,103,17,7,HztmYYGwunA,1,0
20261008,UCSes4X8uDrpc4X46hJKjejg,BeZUS-lZ4qs,104,5,7,HztmYYGwunA,2,0
20261008,UCSes4X8uDrpc4X46hJKjejg,BeZUS-lZ4qs,102,26,7,I-ORftfGa5I,1,0
20261008,UCSes4X8uDrpc4X46hJKjejg,BeZUS-lZ4qs,102,29,7,I-ORftfGa5I,1,0
20261008,UCSes4X8uDrpc4X46hJKjejg,BeZUS-lZ4qs,104,5,7,IJYYRHN-Fk0,1,0
20261008,UCSes4X8uDrpc4X46hJKjejg,BeZUS-lZ4qs,101,9,7,IOs82ubFyFQ,1,0
20261008,UCSes4X8uDrpc4X46hJKjejg,BeZUS-lZ4qs,104,5,7,IWzkfBY982Y,1,0
20261008,UCSes4X8uDrpc4X46hJKjejg,BeZUS-lZ4qs,101,2,7,IYMkr4A3Iq8,1,0
20261008,UCSes4X8uDrpc4X46hJKjejg,BeZUS-lZ4qs,104,4,7,Ic3bD0QRVYQ,1,0
20261008,UCSes4X8uDrpc4X46hJKjejg,BeZUS-lZ4qs,104,5,7,Ic7b57TAezo,2,0
20261008,UCSes4X8uDrpc4X46hJKjejg,BeZUS-lZ4qs,102,1,7,IiC2v8rTb6o,1,0
20261008,UCSes4X8uDrpc4X46hJKjejg,BeZUS-lZ4qs,102,4,7,IiC2v8rTb6o,1,0
20261008,UCSes4X8uDrpc4X46hJKjejg,BeZUS-lZ4qs,102,12,7,IiC2v8rTb6o,1,0
20261008,UCSes4X8uDrpc4X46hJKjejg,BeZUS-lZ4qs,104,5,7,IiC2v8rTb6o,1,0
20261008,UCSes4X8uDrpc4X46hJKjejg,BeZUS-lZ4qs,104,4,7,IijHaTsFlLY,1,0
20261008,UCSes4X8uDrpc4X46hJKjejg,BeZUS-lZ4qs,104,5,7,IijHaTsFlLY,2,0
20261008,UCSes4X8uDrpc4X46hJKjejg,BeZUS-lZ4qs,102,29,7,IuE7IctilWA,1,0
20261008,UCSes4X8uDrpc4X46hJKjejg,BeZUS-lZ4qs,101,2,7,J2sx5iXkBMc,1,0
20261008,UCSes4X8uDrpc4X46hJKjejg,BeZUS-lZ4qs,101,2,7,J6sLk8RHuIQ,1,0
20261008,UCSes4X8uDrpc4X46hJKjejg,BeZUS-lZ4qs,105,5,7,J7lqUqxF4n4,1,1
20261008,UCSes4X8uDrpc4X46hJKjejg,BeZUS-lZ4qs,104,5,7,JFsgNtrHaAY,1,0
20261008,UCSes4X8uDrpc4X46hJKjejg,BeZUS-lZ4qs,101,2,7,JIcTFWj6T7Q,1,0
20261008,UCSes4X8uDrpc4X46hJKjejg,BeZUS-lZ4qs,101,30,7,JVFsiE_ED5w,1,0
20261008,UCSes4X8uDrpc4X46hJKjejg,BeZUS-lZ4qs,102,19,7,JVFsiE_ED5w,1,0
20261008,UCSes4X8uDrpc4X46hJKjejg,BeZUS-lZ4qs,104,4,7,JVFsiE_ED5w,1,0
20261008,UCSes4X8uDrpc4X46hJKjejg,BeZUS-lZ4qs,101,9,7,JWO60SLu_RI,1,0
20261008,UCSes4X8uDrpc4X46hJKjejg,BeZUS-lZ4qs,104,5,7,JWO60SLu_RI,1,0
20261008,UCSes4X8uDrpc4X46hJKjejg,BeZUS-lZ4qs,104,5,7,JY01LmUxcOc,2,0
20261008,UCSes4X8uDrpc4X46hJKjejg,BeZUS-lZ4qs,104,4,7,JYEcyNQHBHI,1,0
20261008,UCSes4X8uDrpc4X46hJKjejg,BeZUS-lZ4qs,102,19,7,JZnVvMAgpyI,1,0
20261008,UCSes4X8uDrpc4X46hJKjejg,BeZUS-lZ4qs,104,5,7,Je44bNUiPGo,2,0
20261008,UCSes4X8uDrpc4X46hJKjejg,BeZUS-lZ4qs,101,2,7,Jpw0gjl6P5Y,1,0
20261008,UCSes4X8uDrpc4X46hJKjejg,BeZUS-lZ4qs,104,4,7,JrvHKOT3Ij8,1,0
20261008,UCSes4X8uDrpc4X46hJKjejg,BeZUS-lZ4qs,104,4,7,JtXttanL4pk,1,0
20261008,UCSes4X8uDrpc4X46hJKjejg,BeZUS-lZ4qs,101,9,7,Jw2mKxmtngs,1,0
20261008,UCSes4X8uDrpc4X46hJKjejg,BeZUS-lZ4qs,104,4,7,Jw2mKxmtngs,1,0
20261008,UCSes4X8uDrpc4X46hJKjejg,BeZUS-lZ4qs,104,5,7,Jw2mKxmtngs,2,0
20261008,UCSes4X8uDrpc4X46hJKjejg,BeZUS-lZ4qs,104,5,7,Jz8kesGL7S0,1,0
20261008,UCSes4X8uDrpc4X46hJKjejg,BeZUS-lZ4qs,101,9,7,KFMYx1TibeQ,1,0
20261008,UCSes4X8uDrpc4X46hJKjejg,BeZUS-lZ4qs,102,29,7,KHOKjEnMuH8,1,0
20261008,UCSes4X8uDrpc4X46hJKjejg,BeZUS-lZ4qs,101,2,7,KNLHUIWw994,1,0
20261008,UCSes4X8uDrpc4X46hJKjejg,BeZUS-lZ4qs,104,5,7,KSDG65xur20,2,0
20261008,UCSes4X8uDrpc4X46hJKjejg,BeZUS-lZ4qs,105,5,7,KgRpnjC-5rQ,1,0
20261008,UCSes4X8uDrpc4X46hJKjejg,BeZUS-lZ4qs,102,12,7,Kz1YBmdSID4,1,0
20261008,UCSes4X8uDrpc4X46hJKjejg,BeZUS-lZ4qs,104,4,7,L0CAlGUFFHE,1,0
20261008,UCSes4X8uDrpc4X46hJKjejg,BeZUS-lZ4qs,104,5,7,L2OFP89Nc1I,1,0
20261008,UCSes4X8uDrpc4X46hJKjejg,BeZUS-lZ4qs,104,4,7,L3cOgfepMaw,1,0
20261008,UCSes4X8uDrpc4X46hJKjejg,BeZUS-lZ4qs,102,19,7,LCxy1u4jjvo,1,0
20261008,UCSes4X8uDrpc4X46hJKjejg,BeZUS-lZ4qs,104,5,7,LaDPY1AfD1c,1,0
20261008,UCSes4X8uDrpc4X46hJKjejg,BeZUS-lZ4qs,104,4,7,Lda6LrfG3es,1,0
20261008,UCSes4X8uDrpc4X46hJKjejg,BeZUS-lZ4qs,104,5,7,Lda6LrfG3es,2,0
20261008,UCSes4X8uDrpc4X46hJKjejg,BeZUS-lZ4qs,101,2,7,LivBFZ8EROI,1,0
20261008,UCSes4X8uDrpc4X46hJKjejg,BeZUS-lZ4qs,104,4,7,LmhpMMObkFU,1,0
20261008,UCSes4X8uDrpc4X46hJKjejg,BeZUS-lZ4qs,104,5,7,LoFU5kr6npM,1,0
20261008,UCSes4X8uDrpc4X46hJKjejg,BeZUS-lZ4qs,101,2,7,Lq2QggogDco,1,0
20261008,UCSes4X8uDrpc4X46hJKjejg,BeZUS-lZ4qs,101,2,7,Lu8jfUfx-9A,1,0
20261008,UCSes4X8uDrpc4X46hJKjejg,BeZUS-lZ4qs,104,4,7,M2DqFbApt_c,2,0
20261008,UCSes4X8uDrpc4X46hJKjejg,BeZUS-lZ4qs,101,2,7,M7075k0Pbv8,1,0
20261008,UCSes4X8uDrpc4X46hJKjejg,BeZUS-lZ4qs,101,2,7,MEHDJ9V-lIk,1,0
20261008,UCSes4X8uDrpc4X46hJKjejg,BeZUS-lZ4qs,103,10,7,MEeU9oo601g,1,0
20261008,UCSes4X8uDrpc4X46hJKjejg,BeZUS-lZ4qs,104,4,7,MKv-OO1BQEk,1,1
20261008,UCSes4X8uDrpc4X46hJKjejg,BeZUS-lZ4qs,104,4,7,MLpuPPK0ObU,1,0
20261008,UCSes4X8uDrpc4X46hJKjejg,BeZUS-lZ4qs,104,5,7,MLpuPPK0ObU,1,0
20261008,UCSes4X8uDrpc4X46hJKjejg,BeZUS-lZ4qs,102,28,7,Mf3n9uYe_M8,1,0
20261008,UCSes4X8uDrpc4X46hJKjejg,BeZUS-lZ4qs,104,5,7,MhWUJseaizc,2,0
20261008,UCSes4X8uDrpc4X46hJKjejg,BeZUS-lZ4qs,104,5,7,MppE1zskt-M,1,0
20261008,UCSes4X8uDrpc4X46hJKjejg,BeZUS-lZ4qs,104,5,7,MqX0Wpo55sk,1,0
20261008,UCSes4X8uDrpc4X46hJKjejg,BeZUS-lZ4qs,104,5,7,MtPQ-H4PJTY,1,0
20261008,UCSes4X8uDrpc4X46hJKjejg,BeZUS-lZ4qs,101,2,7,MwBmLp9GxMM,1,0
20261008,UCSes4X8uDrpc4X46hJKjejg,BeZUS-lZ4qs,104,5,7,MxC4TDAaGBA,1,0
20261008,UCSes4X8uDrpc4X46hJKjejg,BeZUS-lZ4qs,101,9,7,N0iccNZExiM,1,0
20261008,UCSes4X8uDrpc4X46hJKjejg,BeZUS-lZ4qs,101,2,7,N42F_8RIGsc,1,0
20261008,UCSes4X8uDrpc4X46hJKjejg,BeZUS-lZ4qs,104,5,7,N4eC0NFa_hM,2,0
20261008,UCSes4X8uDrpc4X46hJKjejg,BeZUS-lZ4qs,101,2,7,N7FDhGJOnG0,1,0
20261008,UCSes4X8uDrpc4X46hJKjejg,BeZUS-lZ4qs,101,9,7,N8bI6FYLqgc,1,0
20261008,UCSes4X8uDrpc4X46hJKjejg,BeZUS-lZ4qs,101,2,7,N8t5fYGVKTM,3,0
20261008,UCSes4X8uDrpc4X46hJKjejg,BeZUS-lZ4qs,104,5,7,N8t5fYGVKTM,1,0
20261008,UCSes4X8uDrpc4X46hJKjejg,BeZUS-lZ4qs,101,2,7,NDz64b5GEqw,1,0
20261008,UCSes4X8uDrpc4X46hJKjejg,BeZUS-lZ4qs,104,4,7,NFgSMAG-aR0,1,0
20261008,UCSes4X8uDrpc4X46hJKjejg,BeZUS-lZ4qs,104,5,7,NFgSMAG-aR0,1,0
20261008,UCSes4X8uDrpc4X46hJKjejg,BeZUS-lZ4qs,104,4,7,NHrJ4-NLohg,1,0
20261008,UCSes4X8uDrpc4X46hJKjejg,BeZUS-lZ4qs,104,4,7,NNYpiw881IA,1,0
20261008,UCSes4X8uDrpc4X46hJKjejg,BeZUS-lZ4qs,104,5,7,NX-P9sYfn4w,1,0
20261008,UCSes4X8uDrpc4X46hJKjejg,BeZUS-lZ4qs,104,5,7,NYFzVC5FOcE,2,0
20261008,UCSes4X8uDrpc4X46hJKjejg,BeZUS-lZ4qs,104,5,7,NfX7zahJiHI,2,0
20261008,UCSes4X8uDrpc4X46hJKjejg,BeZUS-lZ4qs,104,5,7,Nk0_fqzid8Q,1,0
20261008,UCSes4X8uDrpc4X46hJKjejg,BeZUS-lZ4qs,104,4,7,NtnRlpQS31g,1,1
20261008,UCSes4X8uDrpc4X46hJKjejg,BeZUS-lZ4qs,104,5,7,O8EDDraKzZA,1,0
20261008,UCSes4X8uDrpc4X46hJKjejg,BeZUS-lZ4qs,102,19,7,OIPxY6HXg7Y,1,0
20261008,UCSes4X8uDrpc4X46hJKjejg,BeZUS-lZ4qs,104,4,7,OKGTa1eqlX0,1,0
20261008,UCSes4X8uDrpc4X46hJKjejg,BeZUS-lZ4qs,104,5,7,OOUPjLsAc0Y,1,0
20261008,UCSes4X8uDrpc4X46hJKjejg,BeZUS-lZ4qs,104,5,7,OSfQ0ceHBis,2,0
20261008,UCSes4X8uDrpc4X46hJKjejg,BeZUS-lZ4qs,104,4,7,OYg0B7_T9NY,1,0
20261008,UCSes4X8uDrpc4X46hJKjejg,BeZUS-lZ4qs,101,2,7,Ocfwuxe0fqI,1,0
20261008,UCSes4X8uDrpc4X46hJKjejg,BeZUS-lZ4qs,104,4,7,Ojo1hqybI3g,2,0.5
20261008,UCSes4X8uDrpc4X46hJKjejg,BeZUS-lZ4qs,102,29,7,OlfdkAZMC2A,1,0
20261008,UCSes4X8uDrpc4X46hJKjejg,BeZUS-lZ4qs,104,5,7,OlfdkAZMC2A,1,0
20261008,UCSes4X8uDrpc4X46hJKjejg,BeZUS-lZ4qs,101,1,7,OnjtrdqbLnQ,2,0
20261008,UCSes4X8uDrpc4X46hJKjejg,BeZUS-lZ4qs,101,9,7,OoNU6_WnNig,1,0
20261008,UCSes4X8uDrpc4X46hJKjejg,BeZUS-lZ4qs,104,5,7,Os8okjX62pE,3,0
20261008,UCSes4X8uDrpc4X46hJKjejg,BeZUS-lZ4qs,104,4,7,P3hdi8ccb6w,1,0
20261008,UCSes4X8uDrpc4X46hJKjejg,BeZUS-lZ4qs,104,4,7,P6yGQTSVxEE,1,0
20261008,UCSes4X8uDrpc4X46hJKjejg,BeZUS-lZ4qs,103,17,7,P7B56ulPkDw,1,0
20261008,UCSes4X8uDrpc4X46hJKjejg,BeZUS-lZ4qs,104,4,7,PCxKUfWVA40,1,0
20261008,UCSes4X8uDrpc4X46hJKjejg,BeZUS-lZ4qs,104,4,7,PLjdszK87iY,1,0
20261008,UCSes4X8uDrpc4X46hJKjejg,BeZUS-lZ4qs,101,2,7,PQ1x60Hs9RU,1,0
20261008,UCSes4X8uDrpc4X46hJKjejg,BeZUS-lZ4qs,102,4,7,PQ1x60Hs9RU,1,0
20261008,UCSes4X8uDrpc4X46hJKjejg,BeZUS-lZ4qs,104,4,7,PQ1x60Hs9RU,1,0
20261008,UCSes4X8uDrpc4X46hJKjejg,BeZUS-lZ4qs,104,5,7,PQ1x60Hs9RU,1,0
20261008,UCSes4X8uDrpc4X46hJKjejg,BeZUS-lZ4qs,101,9,7,PRKFCx0wvO4,2,0
20261008,UCSes4X8uDrpc4X46hJKjejg,BeZUS-lZ4qs,104,5,7,PW08rXDKPJM,1,0
20261008,UCSes4X8uDrpc4X46hJKjejg,BeZUS-lZ4qs,102,4,7,PeMHxUwuByQ,1,0
20261008,UCSes4X8uDrpc4X46hJKjejg,BeZUS-lZ4qs,104,4,7,PfpBeh67Tzc,1,0
20261008,UCSes4X8uDrpc4X46hJKjejg,BeZUS-lZ4qs,101,1,7,PomOKKys8pQ,1,0
20261008,UCSes4X8uDrpc4X46hJKjejg,BeZUS-lZ4qs,104,5,7,PomOKKys8pQ,2,0
20261008,UCSes4X8uDrpc4X46hJKjejg,BeZUS-lZ4qs,104,4,7,Pv13cFP4JYA,1,0
20261008,UCSes4X8uDrpc4X46hJKjejg,BeZUS-lZ4qs,104,5,7,Pv13cFP4JYA,1,0
20261008,UCSes4X8uDrpc4X46hJKjejg,BeZUS-lZ4qs,102,26,7,Q2CfW7NSVc4,1,0
20261008,UCSes4X8uDrpc4X46hJKjejg,BeZUS-lZ4qs,101,9,7,Q9QIDENradc,1,0
20261008,UCSes4X8uDrpc4X46hJKjejg,BeZUS-lZ4qs,104,5,7,QQI5ufwPATg,1,0
20261008,UCSes4X8uDrpc4X46hJKjejg,BeZUS-lZ4qs,102,26,7,Qh3oReI0IVw,1,0
20261008,UCSes4X8uDrpc4X46hJKjejg,BeZUS-lZ4qs,104,4,7,QzZ4j99tV3g,1,0
20261008,UCSes4X8uDrpc4X46hJKjejg,BeZUS-lZ4qs,104,4,7,RAk8080EgjY,1,1
20261008,UCSes4X8uDrpc4X46hJKjejg,BeZUS-lZ4qs,101,9,7,RCNDrlzoAfo,1,0
20261008,UCSes4X8uDrpc4X46hJKjejg,BeZUS-lZ4qs,104,5,7,RCNDrlzoAfo,2,0
20261008,UCSes4X8uDrpc4X46hJKjejg,BeZUS-lZ4qs,104,5,7,RHZ413jbV8c,1,0
20261008,UCSes4X8uDrpc4X46hJKjejg,BeZUS-lZ4qs,105,5,7,ROKcZnZmJCI,1,1
20261008,UCSes4X8uDrpc4X46hJKjejg,BeZUS-lZ4qs,102,19,7,RRzjkJ3Bkfg,1,0
20261008,UCSes4X8uDrpc4X46hJKjejg,BeZUS-lZ4qs,104,5,7,RSouSfZwXYA,1,0
20261008,UCSes4X8uDrpc4X46hJKjejg,BeZUS-lZ4qs,101,9,7,RVXbLLuqYNo,1,0
20261008,UCSes4X8uDrpc4X46hJKjejg,BeZUS-lZ4qs,102,26,7,RYY3XfiCqGQ,1,0
20261008,UCSes4X8uDrpc4X46hJKjejg,BeZUS-lZ4qs,102,4,7,Ri0rkcTO0hE,1,0
20261008,UCSes4X8uDrpc4X46hJKjejg,BeZUS-lZ4qs,104,5,7,Rk-oGNhizFE,1,0
20261008,UCSes4X8uDrpc4X46hJKjejg,BeZUS-lZ4qs,104,5,7,Rl73WZoqKzE,2,0
20261008,UCSes4X8uDrpc4X46hJKjejg,BeZUS-lZ4qs,102,19,7,RrHu49-NjEc,1,0
20261008,UCSes4X8uDrpc4X46hJKjejg,BeZUS-lZ4qs,104,4,7,Rxo9Ek4ne0g,1,0
20261008,UCSes4X8uDrpc4X46hJKjejg,BeZUS-lZ4qs,102,26,7,RzPXYjAVfyw,1,0
20261008,UCSes4X8uDrpc4X46hJKjejg,BeZUS-lZ4qs,101,9,7,S-ResPY3CGA,1,0
20261008,UCSes4X8uDrpc4X46hJKjejg,BeZUS-lZ4qs,102,1,7,S-ResPY3CGA,1,0
20261008,UCSes4X8uDrpc4X46hJKjejg,BeZUS-lZ4qs,102,4,7,S-ResPY3CGA,2,0
20261008,UCSes4X8uDrpc4X46hJKjejg,BeZUS-lZ4qs,102,19,7,S-ResPY3CGA,1,0
20261008,UCSes4X8uDrpc4X46hJKjejg,BeZUS-lZ4qs,104,4,7,S-ResPY3CGA,1,0
20261008,UCSes4X8uDrpc4X46hJKjejg,BeZUS-lZ4qs,104,5,7,S-ResPY3CGA,2,0
20261008,UCSes4X8uDrpc4X46hJKjejg,BeZUS-lZ4qs,104,5,7,S1mH7PsG5d0,1,0
20261008,UCSes4X8uDrpc4X46hJKjejg,BeZUS-lZ4qs,102,19,7,S2xYYb5ICwU,1,0
20261008,UCSes4X8uDrpc4X46hJKjejg,BeZUS-lZ4qs,102,4,7,S6WUUIrMstw,1,0
20261008,UCSes4X8uDrpc4X46hJKjejg,BeZUS-lZ4qs,105,5,7,S8xRSv1mMDY,1,0
20261008,UCSes4X8uDrpc4X46hJKjejg,BeZUS-lZ4qs,101,9,7,SZ38jCwruug,1,0
20261008,UCSes4X8uDrpc4X46hJKjejg,BeZUS-lZ4qs,101,2,7,Sh8TBqdmJIo,1,0
20261008,UCSes4X8uDrpc4X46hJKjejg,BeZUS-lZ4qs,104,4,7,ShwJ8isys1M,1,0
20261008,UCSes4X8uDrpc4X46hJKjejg,BeZUS-lZ4qs,102,19,7,SjkjaTI1g1c,1,0
20261008,UCSes4X8uDrpc4X46hJKjejg,BeZUS-lZ4qs,104,5,7,SjkjaTI1g1c,1,0
20261008,UCSes4X8uDrpc4X46hJKjejg,BeZUS-lZ4qs,101,1,7,SkorusaTwbw,1,0
20261008,UCSes4X8uDrpc4X46hJKjejg,BeZUS-lZ4qs,104,5,7,St_H2j2rWRc,1,0
20261008,UCSes4X8uDrpc4X46hJKjejg,BeZUS-lZ4qs,101,2,7,SuZnU6CY9Pk,1,0
20261008,UCSes4X8uDrpc4X46hJKjejg,BeZUS-lZ4qs,104,4,7,SuZnU6CY9Pk,1,1
20261008,UCSes4X8uDrpc4X46hJKjejg,BeZUS-lZ4qs,104,4,7,T1bXCH0WpHo,1,0
20261008,UCSes4X8uDrpc4X46hJKjejg,BeZUS-lZ4qs,101,2,7,T97sCHI42Y0,2,0
20261008,UCSes4X8uDrpc4X46hJKjejg,BeZUS-lZ4qs,104,4,7,TCOJs8ged4k,1,0
20261008,UCSes4X8uDrpc4X46hJKjejg,BeZUS-lZ4qs,104,5,7,TS8wb9IMHA4,1,0
20261008,UCSes4X8uDrpc4X46hJKjejg,BeZUS-lZ4qs,104,5,7,TYeT30c8bCw,1,0
20261008,UCSes4X8uDrpc4X46hJKjejg,BeZUS-lZ4qs,104,5,7,Tb7-0196OG0,1,0
20261008,UCSes4X8uDrpc4X46hJKjejg,BeZUS-lZ4qs,102,12,7,Ti1NNZhqPBo,1,0
20261008,UCSes4X8uDrpc4X46hJKjejg,BeZUS-lZ4qs,101,2,7,TlbG4ukSloQ,1,0
20261008,UCSes4X8uDrpc4X46hJKjejg,BeZUS-lZ4qs,104,5,7,Tyzixu6TmRo,1,0
20261008,UCSes4X8uDrpc4X46hJKjejg,BeZUS-lZ4qs,101,2,7,U1RajhBpl0o,1,0
20261008,UCSes4X8uDrpc4X46hJKjejg,BeZUS-lZ4qs,102,28,7,U62obxfY1qQ,1,0
20261008,UCSes4X8uDrpc4X46hJKjejg,BeZUS-lZ4qs,101,1,7,UAoI1SyWprI,3,0
20261008,UCSes4X8uDrpc4X46hJKjejg,BeZUS-lZ4qs,104,4,7,UEKO5Mr0oDE,1,0
20261008,UCSes4X8uDrpc4X46hJKjejg,BeZUS-lZ4qs,104,5,7,UO42bQLXR_Q,1,0
20261008,UCSes4X8uDrpc4X46hJKjejg,BeZUS-lZ4qs,104,5,7,UZ-1_NKq5Fg,1,0
20261008,UCSes4X8uDrpc4X46hJKjejg,BeZUS-lZ4qs,104,4,7,UfW1o1dRNJE,1,0
20261008,UCSes4X8uDrpc4X46hJKjejg,BeZUS-lZ4qs,102,29,7,Up2qArsRBWw,1,0
20261008,UCSes4X8uDrpc4X46hJKjejg,BeZUS-lZ4qs,101,2,7,UsFBZjdrh8Q,1,0
20261008,UCSes4X8uDrpc4X46hJKjejg,BeZUS-lZ4qs,101,1,7,UviORiP2u2k,1,0
20261008,UCSes4X8uDrpc4X46hJKjejg,BeZUS-lZ4qs,104,4,7,UviORiP2u2k,1,0
20261008,UCSes4X8uDrpc4X46hJKjejg,BeZUS-lZ4qs,104,5,7,UviORiP2u2k,1,1
20261008,UCSes4X8uDrpc4X46hJKjejg,BeZUS-lZ4qs,104,4,7,V360AygOv7A,1,0
20261008,UCSes4X8uDrpc4X46hJKjejg,BeZUS-lZ4qs,104,5,7,VGSKJZJZRT0,1,0
20261008,UCSes4X8uDrpc4X46hJKjejg,BeZUS-lZ4qs,101,9,7,VL4Esqd7btw,1,0
20261008,UCSes4X8uDrpc4X46hJKjejg,BeZUS-lZ4qs,101,2,7,V_tqh3elTDQ,1,0
20261008,UCSes4X8uDrpc4X46hJKjejg,BeZUS-lZ4qs,102,19,7,VggyTUrGcKY,1,0
20261008,UCSes4X8uDrpc4X46hJKjejg,BeZUS-lZ4qs,104,5,7,VgtHYr0u3Bg,1,0
20261008,UCSes4X8uDrpc4X46hJKjejg,BeZUS-lZ4qs,101,9,7,VhcVbHqRXyQ,1,0
20261008,UCSes4X8uDrpc4X46hJKjejg,BeZUS-lZ4qs,102,26,7,VhcVbHqRXyQ,1,0
20261008,UCSes4X8uDrpc4X46hJKjejg,BeZUS-lZ4qs,104,4,7,VhcVbHqRXyQ,1,0
20261008,UCSes4X8uDrpc4X46hJKjejg,BeZUS-lZ4qs,104,5,7,VhcVbHqRXyQ,1,0
20261008,UCSes4X8uDrpc4X46hJKjejg,BeZUS-lZ4qs,101,2,7,Vih22evezKI,1,0
20261008,UCSes4X8uDrpc4X46hJKjejg,BeZUS-lZ4qs,104,5,7,Vih22evezKI,1,0
20261008,UCSes4X8uDrpc4X46hJKjejg,BeZUS-lZ4qs,104,4,7,Vkh11W7cxAE,1,0
20261008,UCSes4X8uDrpc4X46hJKjejg,BeZUS-lZ4qs,102,19,7,VyL98VyQ-sw,1,0
20261008,UCSes4X8uDrpc4X46hJKjejg,BeZUS-lZ4qs,104,4,7,VyQOubEaVVU,1,0
20261008,UCSes4X8uDrpc4X46hJKjejg,BeZUS-lZ4qs,104,5,7,W1xGxQKBozw,1,0
20261008,UCSes4X8uDrpc4X46hJKjejg,BeZUS-lZ4qs,101,9,7,WAYYE5BMG6c,1,1
20261008,UCSes4X8uDrpc4X46hJKjejg,BeZUS-lZ4qs,104,4,7,WAYYE5BMG6c,1,0
20261008,UCSes4X8uDrpc4X46hJKjejg,BeZUS-lZ4qs,104,5,7,WAYYE5BMG6c,3,0
20261008,UCSes4X8uDrpc4X46hJKjejg,BeZUS-lZ4qs,104,4,7,WYyrjldgRbA,1,0
20261008,UCSes4X8uDrpc4X46hJKjejg,BeZUS-lZ4qs,101,9,7,WZOXMuWliLU,1,0
20261008,UCSes4X8uDrpc4X46hJKjejg,BeZUS-lZ4qs,101,2,7,Wer5dyjLzec,1,0
20261008,UCSes4X8uDrpc4X46hJKjejg,BeZUS-lZ4qs,101,9,7,Wh9klmWAm5s,1,0
20261008,UCSes4X8uDrpc4X46hJKjejg,BeZUS-lZ4qs,101,1,7,WhakOLpm35E,1,0
20261008,UCSes4X8uDrpc4X46hJKjejg,BeZUS-lZ4qs,101,2,7,WivbQB_cvc0,2,0
20261008,UCSes4X8uDrpc4X46hJKjejg,BeZUS-lZ4qs,104,5,7,WivbQB_cvc0,5,0
20261008,UCSes4X8uDrpc4X46hJKjejg,BeZUS-lZ4qs,102,4,7,Wm_vSvTx2to,1,0
20261008,UCSes4X8uDrpc4X46hJKjejg,BeZUS-lZ4qs,102,29,7,WnlQsgw9SRc,1,0
20261008,UCSes4X8uDrpc4X46hJKjejg,BeZUS-lZ4qs,101,9,7,X2zUCxZMn8A,1,0
20261008,UCSes4X8uDrpc4X46hJKjejg,BeZUS-lZ4qs,104,4,7,X8QZ0fOzCCI,1,0
20261008,UCSes4X8uDrpc4X46hJKjejg,BeZUS-lZ4qs,104,4,7,XIBcA0R6AD4,1,0
20261008,UCSes4X8uDrpc4X46hJKjejg,BeZUS-lZ4qs,102,4,7,XKT6Ds_t91E,2,0
20261008,UCSes4X8uDrpc4X46hJKjejg,BeZUS-lZ4qs,104,5,7,XfmUUJdDhUE,1,0
20261008,UCSes4X8uDrpc4X46hJKjejg,BeZUS-lZ4qs,101,9,7,XgN_VzOIwc8,1,0
20261008,UCSes4X8uDrpc4X46hJKjejg,BeZUS-lZ4qs,102,4,7,XpT03Fjkfc4,1,0
20261008,UCSes4X8uDrpc4X46hJKjejg,BeZUS-lZ4qs,104,5,7,XpT03Fjkfc4,1,0
20261008,UCSes4X8uDrpc4X46hJKjejg,BeZUS-lZ4qs,101,1,7,Xum-LOSv_gw,2,0
20261008,UCSes4X8uDrpc4X46hJKjejg,BeZUS-lZ4qs,101,2,7,Y8VmQ0NuFhs,1,0
20261008,UCSes4X8uDrpc4X46hJKjejg,BeZUS-lZ4qs,101,2,7,YBsw1cGq0Lc,1,0
20261008,UCSes4X8uDrpc4X46hJKjejg,BeZUS-lZ4qs,101,2,7,YHtB62qU1r8,3,0
20261008,UCSes4X8uDrpc4X46hJKjejg,BeZUS-lZ4qs,102,29,7,YHtB62qU1r8,1,1
20261008,UCSes4X8uDrpc4X46hJKjejg,BeZUS-lZ4qs,103,17,7,YHtB62qU1r8,2,0
20261008,UCSes4X8uDrpc4X46hJKjejg,BeZUS-lZ4qs,104,4,7,YHtB62qU1r8,1,0
20261008,UCSes4X8uDrpc4X46hJKjejg,BeZUS-lZ4qs,104,5,7,YHtB62qU1r8,1,0
20261008,UCSes4X8uDrpc4X46hJKjejg,BeZUS-lZ4qs,105,5,7,YHtB62qU1r8,1,0
20261008,UCSes4X8uDrpc4X46hJKjejg,BeZUS-lZ4qs,102,29,7,YL4EyPKENnY,1,0
20261008,UCSes4X8uDrpc4X46hJKjejg,BeZUS-lZ4qs,104,4,7,YLonzBvKYIM,1,0
20261008,UCSes4X8uDrpc4X46hJKjejg,BeZUS-lZ4qs,104,5,7,YU6LIPv-OQ8,1,0
20261008,UCSes4X8uDrpc4X46hJKjejg,BeZUS-lZ4qs,104,5,7,YVr5oX_NBBE,2,0
20261008,UCSes4X8uDrpc4X46hJKjejg,BeZUS-lZ4qs,101,2,7,YWmM-Tkjmvo,1,0
20261008,UCSes4X8uDrpc4X46hJKjejg,BeZUS-lZ4qs,101,2,7,Ydp0ru9F_cY,1,0
20261008,UCSes4X8uDrpc4X46hJKjejg,BeZUS-lZ4qs,104,5,7,Yn3b6vS51cI,1,0
20261008,UCSes4X8uDrpc4X46hJKjejg,BeZUS-lZ4qs,101,2,7,YnAUcU5GIR8,1,0
20261008,UCSes4X8uDrpc4X46hJKjejg,BeZUS-lZ4qs,104,5,7,YqwYfK2Xg88,1,0
20261008,UCSes4X8uDrpc4X46hJKjejg,BeZUS-lZ4qs,101,9,7,Yr9IgAj0O58,1,0
20261008,UCSes4X8uDrpc4X46hJKjejg,BeZUS-lZ4qs,101,9,7,YxpFLi0aIxA,1,0
20261008,UCSes4X8uDrpc4X46hJKjejg,BeZUS-lZ4qs,104,5,7,YxpFLi0aIxA,1,0
20261008,UCSes4X8uDrpc4X46hJKjejg,BeZUS-lZ4qs,105,5,7,YxpFLi0aIxA,1,0
20261008,UCSes4X8uDrpc4X46hJKjejg,BeZUS-lZ4qs,101,9,7,Z5e-o7TqZAc,1,0
20261008,UCSes4X8uDrpc4X46hJKjejg,BeZUS-lZ4qs,104,5,7,Z7ZN7GvIoKE,1,0
20261008,UCSes4X8uDrpc4X46hJKjejg,BeZUS-lZ4qs,104,5,7,Z7wO1iO2mBQ,1,0
20261008,UCSes4X8uDrpc4X46hJKjejg,BeZUS-lZ4qs,102,29,7,Z95M7HDjfxU,1,0
20261008,UCSes4X8uDrpc4X46hJKjejg,BeZUS-lZ4qs,104,4,7,ZMfVqfdUq_4,2,0
20261008,UCSes4X8uDrpc4X46hJKjejg,BeZUS-lZ4qs,101,9,7,ZTDb9gMUvBY,2,0
20261008,UCSes4X8uDrpc4X46hJKjejg,BeZUS-lZ4qs,104,5,7,ZTDb9gMUvBY,3,0
20261008,UCSes4X8uDrpc4X46hJKjejg,BeZUS-lZ4qs,104,5,7,ZttpymC3Ado,1,0
20261008,UCSes4X8uDrpc4X46hJKjejg,BeZUS-lZ4qs,102,4,7,Zwflh93CUa0,1,0
20261008,UCSes4X8uDrpc4X46hJKjejg,BeZUS-lZ4qs,101,2,7,ZyuUVm2TvWU,1,0
20261008,UCSes4X8uDrpc4X46hJKjejg,BeZUS-lZ4qs,105,5,7,Zyy1-YneAdw,1,0
20261008,UCSes4X8uDrpc4X46hJKjejg,BeZUS-lZ4qs,104,5,7,_J106n_uxwo,1,0
20261008,UCSes4X8uDrpc4X46hJKjejg,BeZUS-lZ4qs,102,29,7,_KDtv5zj9KQ,1,0
20261008,UCSes4X8uDrpc4X46hJKjejg,BeZUS-lZ4qs,104,5,7,_SGnR-o7K-I,1,0
20261008,UCSes4X8uDrpc4X46hJKjejg,BeZUS-lZ4qs,101,9,7,_SPId0jKex4,1,0
20261008,UCSes4X8uDrpc4X46hJKjejg,BeZUS-lZ4qs,104,4,7,_TnUEFRE1lA,1,0
20261008,UCSes4X8uDrpc4X46hJKjejg,BeZUS-lZ4qs,104,4,7,_WBuNnEUJ9Y,1,0
20261008,UCSes4X8uDrpc4X46hJKjejg,BeZUS-lZ4qs,102,4,7,_YGfUs-R5_Q,1,0
20261008,UCSes4X8uDrpc4X46hJKjejg,BeZUS-lZ4qs,101,2,7,_aQOIF5Jg-I,1,0
20261008,UCSes4X8uDrpc4X46hJKjejg,BeZUS-lZ4qs,104,5,7,_aQOIF5Jg-I,2,0
20261008,UCSes4X8uDrpc4X46hJKjejg,BeZUS-lZ4qs,104,5,7,_nl86PhybS0,1,0
20261008,UCSes4X8uDrpc4X46hJKjejg,BeZUS-lZ4qs,101,2,7,_qMbBrr9Nlg,1,0
20261008,UCSes4X8uDrpc4X46hJKjejg,BeZUS-lZ4qs,101,2,7,a5pXM9gxlpc,1,0
20261008,UCSes4X8uDrpc4X46hJKjejg,BeZUS-lZ4qs,102,1,7,aD08_Ixb5jo,1,1
20261008,UCSes4X8uDrpc4X46hJKjejg,BeZUS-lZ4qs,101,2,7,aImktqP89MM,1,0
20261008,UCSes4X8uDrpc4X46hJKjejg,BeZUS-lZ4qs,104,4,7,aImktqP89MM,2,0
20261008,UCSes4X8uDrpc4X46hJKjejg,BeZUS-lZ4qs,104,5,7,aImktqP89MM,2,0
20261008,UCSes4X8uDrpc4X46hJKjejg,BeZUS-lZ4qs,105,5,7,aImktqP89MM,1,0
20261008,UCSes4X8uDrpc4X46hJKjejg,BeZUS-lZ4qs,104,5,7,aYn8VKW6vXA,1,0
20261008,UCSes4X8uDrpc4X46hJKjejg,BeZUS-lZ4qs,101,9,7,adgzxSFSogk,1,0
20261008,UCSes4X8uDrpc4X46hJKjejg,BeZUS-lZ4qs,104,4,7,aeLqUPdqg7Q,1,1
20261008,UCSes4X8uDrpc4X46hJKjejg,BeZUS-lZ4qs,104,4,7,aiyMsH3CfPM,1,0
20261008,UCSes4X8uDrpc4X46hJKjejg,BeZUS-lZ4qs,101,2,7,amvzWQS5uQs,1,0
20261008,UCSes4X8uDrpc4X46hJKjejg,BeZUS-lZ4qs,104,5,7,amvzWQS5uQs,2,0
20261008,UCSes4X8uDrpc4X46hJKjejg,BeZUS-lZ4qs,101,2,7,bEDy9WZUofQ,1,0
20261008,UCSes4X8uDrpc4X46hJKjejg,BeZUS-lZ4qs,101,2,7,bNbgCTKR3lk,1,0
20261008,UCSes4X8uDrpc4X46hJKjejg,BeZUS-lZ4qs,103,10,7,bQG-mLSxbmM,1,0
20261008,UCSes4X8uDrpc4X46hJKjejg,BeZUS-lZ4qs,104,5,7,bQG-mLSxbmM,1,0
20261008,UCSes4X8uDrpc4X46hJKjejg,BeZUS-lZ4qs,104,5,7,bSGSs-oI3OA,1,0
20261008,UCSes4X8uDrpc4X46hJKjejg,BeZUS-lZ4qs,104,4,7,bV7tuPbWHjU,1,0
20261008,UCSes4X8uDrpc4X46hJKjejg,BeZUS-lZ4qs,104,5,7,bV7tuPbWHjU,5,0
20261008,UCSes4X8uDrpc4X46hJKjejg,BeZUS-lZ4qs,104,5,7,baB_7LycY9Y,1,0
20261008,UCSes4X8uDrpc4X46hJKjejg,BeZUS-lZ4qs,104,4,7,bkCeL35ZFS4,1,0
20261008,UCSes4X8uDrpc4X46hJKjejg,BeZUS-lZ4qs,102,4,7,bt3NwN7k8bY,1,0
20261008,UCSes4X8uDrpc4X46hJKjejg,BeZUS-lZ4qs,101,2,7,c-79vLhegoE,1,0
20261008,UCSes4X8uDrpc4X46hJKjejg,BeZUS-lZ4qs,104,5,7,c-79vLhegoE,1,0
20261008,UCSes4X8uDrpc4X46hJKjejg,BeZUS-lZ4qs,104,5,7,c004cWT0eSA,1,0
20261008,UCSes4X8uDrpc4X46hJKjejg,BeZUS-lZ4qs,101,9,7,c8zq4kAn_O0,1,0
20261008,UCSes4X8uDrpc4X46hJKjejg,BeZUS-lZ4qs,104,4,7,cBXj4lpKx2k,1,0
20261008,UCSes4X8uDrpc4X46hJKjejg,BeZUS-lZ4qs,101,2,7,cGawSOuubA0,1,0
20261008,UCSes4X8uDrpc4X46hJKjejg,BeZUS-lZ4qs,101,2,7,cHCNErnEyMI,1,0
20261008,UCSes4X8uDrpc4X46hJKjejg,BeZUS-lZ4qs,101,2,7,cKm5MBJyAbc,1,0
20261008,UCSes4X8uDrpc4X46hJKjejg,BeZUS-lZ4qs,102,19,7,cbl9Ftr32VY,1,0
20261008,UCSes4X8uDrpc4X46hJKjejg,BeZUS-lZ4qs,101,1,7,cj0EEdbP20w,1,0
20261008,UCSes4X8uDrpc4X46hJKjejg,BeZUS-lZ4qs,104,5,7,crKzDL_DHf4,1,0
20261008,UCSes4X8uDrpc4X46hJKjejg,BeZUS-lZ4qs,104,4,7,cvHbn6WqOpY,1,0
20261008,UCSes4X8uDrpc4X46hJKjejg,BeZUS-lZ4qs,104,4,7,cym108FlVlQ,1,0
20261008,UCSes4X8uDrpc4X46hJKjejg,BeZUS-lZ4qs,101,9,7,d31IYR6F6O4,1,0
20261008,UCSes4X8uDrpc4X46hJKjejg,BeZUS-lZ4qs,104,5,7,dY7wQF5dyrU,1,0
20261008,UCSes4X8uDrpc4X46hJKjejg,BeZUS-lZ4qs,104,5,7,dYYZxqNxDsI,1,1
20261008,UCSes4X8uDrpc4X46hJKjejg,BeZUS-lZ4qs,101,2,7,dcf8UW7cMOI,1,0
20261008,UCSes4X8uDrpc4X46hJKjejg,BeZUS-lZ4qs,101,9,7,dcf8UW7cMOI,1,0
20261008,UCSes4X8uDrpc4X46hJKjejg,BeZUS-lZ4qs,104,5,7,dcf8UW7cMOI,1,0
20261008,UCSes4X8uDrpc4X46hJKjejg,BeZUS-lZ4qs,105,5,7,dgCInlqFOUk,1,1
20261008,UCSes4X8uDrpc4X46hJKjejg,BeZUS-lZ4qs,104,5,7,drA-fLU8HqA,1,0
20261008,UCSes4X8uDrpc4X46hJKjejg,BeZUS-lZ4qs,102,26,7,dspGg8Qx99Y,1,0
20261008,UCSes4X8uDrpc4X46hJKjejg,BeZUS-lZ4qs,104,5,7,e9PDvH-iOqo,1,0
20261008,UCSes4X8uDrpc4X46hJKjejg,BeZUS-lZ4qs,101,2,7,e9oFJCAIqrI,1,0
20261008,UCSes4X8uDrpc4X46hJKjejg,BeZUS-lZ4qs,101,2,7,eD9v1E6Q_W0,1,0
20261008,UCSes4X8uDrpc4X46hJKjejg,BeZUS-lZ4qs,104,5,7,eD9v1E6Q_W0,2,0
20261008,UCSes4X8uDrpc4X46hJKjejg,BeZUS-lZ4qs,104,5,7,eErEZlFhcs0,1,0
20261008,UCSes4X8uDrpc4X46hJKjejg,BeZUS-lZ4qs,104,5,7,eGMIrlF2K3o,1,0
20261008,UCSes4X8uDrpc4X46hJKjejg,BeZUS-lZ4qs,101,2,7,eS_hPr3TxyQ,2,0
20261008,UCSes4X8uDrpc4X46hJKjejg,BeZUS-lZ4qs,102,4,7,eS_hPr3TxyQ,1,0
20261008,UCSes4X8uDrpc4X46hJKjejg,BeZUS-lZ4qs,102,29,7,eS_hPr3TxyQ,1,0
20261008,UCSes4X8uDrpc4X46hJKjejg,BeZUS-lZ4qs,104,5,7,eS_hPr3TxyQ,2,0
20261008,UCSes4X8uDrpc4X46hJKjejg,BeZUS-lZ4qs,101,2,7,eUpqhA3aWrY,1,0
20261008,UCSes4X8uDrpc4X46hJKjejg,BeZUS-lZ4qs,104,5,7,eVvQs6jPV0g,1,0
20261008,UCSes4X8uDrpc4X46hJKjejg,BeZUS-lZ4qs,104,5,7,ebUxFkEcI88,1,0
20261008,UCSes4X8uDrpc4X46hJKjejg,BeZUS-lZ4qs,104,5,7,exTMwnV1JlU,1,0
20261008,UCSes4X8uDrpc4X46hJKjejg,BeZUS-lZ4qs,104,4,7,f8G9oTFTYgQ,1,0
20261008,UCSes4X8uDrpc4X46hJKjejg,BeZUS-lZ4qs,104,4,7,fLupiU2cFj4,1,0
20261008,UCSes4X8uDrpc4X46hJKjejg,BeZUS-lZ4qs,104,4,7,fO8xFwasHWY,1,0
20261008,UCSes4X8uDrpc4X46hJKjejg,BeZUS-lZ4qs,104,4,7,fXOHK6r5XhE,2,0
20261008,UCSes4X8uDrpc4X46hJKjejg,BeZUS-lZ4qs,104,5,7,fY6yTfOS8N8,2,0
20261008,UCSes4X8uDrpc4X46hJKjejg,BeZUS-lZ4qs,104,5,7,faJRAFRFcSk,1,0
20261008,UCSes4X8uDrpc4X46hJKjejg,BeZUS-lZ4qs,104,4,7,fam81n9UTiw,1,0
20261008,UCSes4X8uDrpc4X46hJKjejg,BeZUS-lZ4qs,105,5,7,fho02u3ldns,1,0
20261008,UCSes4X8uDrpc4X46hJKjejg,BeZUS-lZ4qs,104,5,7,fsp5PwwJVGo,5,0
20261008,UCSes4X8uDrpc4X46hJKjejg,BeZUS-lZ4qs,104,5,7,fyqT27z0MUI,2,0
20261008,UCSes4X8uDrpc4X46hJKjejg,BeZUS-lZ4qs,101,2,7,g8dDPBZFlc4,1,1
20261008,UCSes4X8uDrpc4X46hJKjejg,BeZUS-lZ4qs,104,4,7,gMyQDNrBLxE,1,0
20261008,UCSes4X8uDrpc4X46hJKjejg,BeZUS-lZ4qs,104,5,7,gNDa3uFp7EY,1,0
20261008,UCSes4X8uDrpc4X46hJKjejg,BeZUS-lZ4qs,102,4,7,gPOCgYAAEO0,1,0
20261008,UCSes4X8uDrpc4X46hJKjejg,BeZUS-lZ4qs,101,2,7,gWMWlYLgRgQ,1,0
20261008,UCSes4X8uDrpc4X46hJKjejg,BeZUS-lZ4qs,102,26,7,gWMWlYLgRgQ,1,0
20261008,UCSes4X8uDrpc4X46hJKjejg,BeZUS-lZ4qs,104,4,7,gceXvwqtPj8,1,0
20261008,UCSes4X8uDrpc4X46hJKjejg,BeZUS-lZ4qs,104,4,7,gjaRAsBD0Yk,1,0
20261008,UCSes4X8uDrpc4X46hJKjejg,BeZUS-lZ4qs,104,5,7,glUFPdZbCyI,1,0
20261008,UCSes4X8uDrpc4X46hJKjejg,BeZUS-lZ4qs,104,5,7,gqPPzfEXu8U,1,0
20261008,UCSes4X8uDrpc4X46hJKjejg,BeZUS-lZ4qs,102,26,7,h1p3rrPSifI,1,0
20261008,UCSes4X8uDrpc4X46hJKjejg,BeZUS-lZ4qs,101,2,7,h301lB2_79A,3,0
20261008,UCSes4X8uDrpc4X46hJKjejg,BeZUS-lZ4qs,101,9,7,h301lB2_79A,1,0
20261008,UCSes4X8uDrpc4X46hJKjejg,BeZUS-lZ4qs,104,4,7,h301lB2_79A,2,0
20261008,UCSes4X8uDrpc4X46hJKjejg,BeZUS-lZ4qs,104,5,7,h301lB2_79A,12,0
20261008,UCSes4X8uDrpc4X46hJKjejg,BeZUS-lZ4qs,104,4,7,hICSWwagu_8,1,0
20261008,UCSes4X8uDrpc4X46hJKjejg,BeZUS-lZ4qs,104,5,7,hOBZxhjy3UQ,1,0
20261008,UCSes4X8uDrpc4X46hJKjejg,BeZUS-lZ4qs,104,4,7,hX2Fq40GffM,1,0
20261008,UCSes4X8uDrpc4X46hJKjejg,BeZUS-lZ4qs,101,2,7,hYHb2wdRIiM,1,0
20261008,UCSes4X8uDrpc4X46hJKjejg,BeZUS-lZ4qs,104,5,7,hYHb2wdRIiM,1,0
20261008,UCSes4X8uDrpc4X46hJKjejg,BeZUS-lZ4qs,104,4,7,hbSaTfmxZ5w,1,0
20261008,UCSes4X8uDrpc4X46hJKjejg,BeZUS-lZ4qs,101,9,7,hhqkCbNYeQ0,1,0
20261008,UCSes4X8uDrpc4X46hJKjejg,BeZUS-lZ4qs,101,2,7,hm-51g6bbnA,1,0
20261008,UCSes4X8uDrpc4X46hJKjejg,BeZUS-lZ4qs,104,5,7,hqx8dBIYUVQ,1,0
20261008,UCSes4X8uDrpc4X46hJKjejg,BeZUS-lZ4qs,102,1,7,hyLKEuHyopg,1,0
20261008,UCSes4X8uDrpc4X46hJKjejg,BeZUS-lZ4qs,101,9,7,hyPkq9vGF4A,1,0
20261008,UCSes4X8uDrpc4X46hJKjejg,BeZUS-lZ4qs,101,9,7,i3EVJPfRe2E,1,0
20261008,UCSes4X8uDrpc4X46hJKjejg,BeZUS-lZ4qs,101,2,7,i6D5N0Jty-g,1,0
20261008,UCSes4X8uDrpc4X46hJKjejg,BeZUS-lZ4qs,101,2,7,iNoG53vTCD8,1,0
20261008,UCSes4X8uDrpc4X46hJKjejg,BeZUS-lZ4qs,102,19,7,iPJ0ejTseLA,1,0
20261008,UCSes4X8uDrpc4X46hJKjejg,BeZUS-lZ4qs,105,5,7,iRMYa8fa1mY,1,0
20261008,UCSes4X8uDrpc4X46hJKjejg,BeZUS-lZ4qs,104,5,7,ibuyEO_qBWA,1,0
20261008,UCSes4X8uDrpc4X46hJKjejg,BeZUS-lZ4qs,104,5,7,ipnvfFg56BY,1,0
20261008,UCSes4X8uDrpc4X46hJKjejg,BeZUS-lZ4qs,104,5,7,iuyBcU3VCAo,1,0
20261008,UCSes4X8uDrpc4X46hJKjejg,BeZUS-lZ4qs,104,4,7,iwwZ9_irJts,1,0
20261008,UCSes4X8uDrpc4X46hJKjejg,BeZUS-lZ4qs,104,5,7,iwwZ9_irJts,1,0
20261008,UCSes4X8uDrpc4X46hJKjejg,BeZUS-lZ4qs,104,5,7,jBzybULg5H0,1,0
20261008,UCSes4X8uDrpc4X46hJKjejg,BeZUS-lZ4qs,104,4,7,jGqges9pudU,1,0
20261008,UCSes4X8uDrpc4X46hJKjejg,BeZUS-lZ4qs,101,2,7,jLYeIZnO0ec,1,0
20261008,UCSes4X8uDrpc4X46hJKjejg,BeZUS-lZ4qs,103,17,7,jLYeIZnO0ec,1,0
20261008,UCSes4X8uDrpc4X46hJKjejg,BeZUS-lZ4qs,104,4,7,jLYeIZnO0ec,3,0
20261008,UCSes4X8uDrpc4X46hJKjejg,BeZUS-lZ4qs,104,5,7,jLYeIZnO0ec,4,0
20261008,UCSes4X8uDrpc4X46hJKjejg,BeZUS-lZ4qs,104,5,7,jS7kNO2KGYo,1,0
20261008,UCSes4X8uDrpc4X46hJKjejg,BeZUS-lZ4qs,101,2,7,jZz7CpTQZfc,1,0
20261008,UCSes4X8uDrpc4X46hJKjejg,BeZUS-lZ4qs,105,5,7,jZz7CpTQZfc,1,0
20261008,UCSes4X8uDrpc4X46hJKjejg,BeZUS-lZ4qs,104,4,7,j_Tnxi3NF58,1,0
20261008,UCSes4X8uDrpc4X46hJKjejg,BeZUS-lZ4qs,104,5,7,jl1iDmODOQA,2,0
20261008,UCSes4X8uDrpc4X46hJKjejg,BeZUS-lZ4qs,104,5,7,jmrbUJln5u0,1,0
20261008,UCSes4X8uDrpc4X46hJKjejg,BeZUS-lZ4qs,102,12,7,jzyCbstmLcc,1,0
20261008,UCSes4X8uDrpc4X46hJKjejg,BeZUS-lZ4qs,102,19,7,jzyCbstmLcc,1,0
20261008,UCSes4X8uDrpc4X46hJKjejg,BeZUS-lZ4qs,102,29,7,jzyCbstmLcc,1,0
20261008,UCSes4X8uDrpc4X46hJKjejg,BeZUS-lZ4qs,104,4,7,kFfVS38QW_A,1,0
20261008,UCSes4X8uDrpc4X46hJKjejg,BeZUS-lZ4qs,103,17,7,kFyVxvxzn94,1,0
20261008,UCSes4X8uDrpc4X46hJKjejg,BeZUS-lZ4qs,101,1,7,kI43t5NXmvU,2,0
20261008,UCSes4X8uDrpc4X46hJKjejg,BeZUS-lZ4qs,101,9,7,kI43t5NXmvU,1,0
20261008,UCSes4X8uDrpc4X46hJKjejg,BeZUS-lZ4qs,102,1,7,kI43t5NXmvU,1,0
20261008,UCSes4X8uDrpc4X46hJKjejg,BeZUS-lZ4qs,102,19,7,kI43t5NXmvU,1,0
20261008,UCSes4X8uDrpc4X46hJKjejg,BeZUS-lZ4qs,104,4,7,kI43t5NXmvU,2,0
20261008,UCSes4X8uDrpc4X46hJKjejg,BeZUS-lZ4qs,104,5,7,kI43t5NXmvU,2,0
20261008,UCSes4X8uDrpc4X46hJKjejg,BeZUS-lZ4qs,104,4,7,kI8Lqw6lWiY,1,0
20261008,UCSes4X8uDrpc4X46hJKjejg,BeZUS-lZ4qs,104,5,7,kI8Lqw6lWiY,1,0
20261008,UCSes4X8uDrpc4X46hJKjejg,BeZUS-lZ4qs,104,4,7,kJ8wshMC56c,1,0
20261008,UCSes4X8uDrpc4X46hJKjejg,BeZUS-lZ4qs,104,5,7,kKaQdVavT2s,2,0
20261008,UCSes4X8uDrpc4X46hJKjejg,BeZUS-lZ4qs,104,4,7,k_Ou1LClcwM,1,0
20261008,UCSes4X8uDrpc4X46hJKjejg,BeZUS-lZ4qs,104,4,7,kcAPJJeKQhs,1,0
20261008,UCSes4X8uDrpc4X46hJKjejg,BeZUS-lZ4qs,104,5,7,kcAPJJeKQhs,2,0
20261008,UCSes4X8uDrpc4X46hJKjejg,BeZUS-lZ4qs,104,5,7,kggacGJJNP8,1,0
20261008,UCSes4X8uDrpc4X46hJKjejg,BeZUS-lZ4qs,104,4,7,kt5LdOTDGHc,1,0
20261008,UCSes4X8uDrpc4X46hJKjejg,BeZUS-lZ4qs,101,2,7,kt7EySQ5Eb0,1,0
20261008,UCSes4X8uDrpc4X46hJKjejg,BeZUS-lZ4qs,104,5,7,kt7EySQ5Eb0,1,0
20261008,UCSes4X8uDrpc4X46hJKjejg,BeZUS-lZ4qs,104,5,7,ktKMxwzP0Fc,1,0
20261008,UCSes4X8uDrpc4X46hJKjejg,BeZUS-lZ4qs,104,5,7,kuDxD-WFvCw,2,0
20261008,UCSes4X8uDrpc4X46hJKjejg,BeZUS-lZ4qs,101,9,7,l8NbGVhtjvQ,1,0
20261008,UCSes4X8uDrpc4X46hJKjejg,BeZUS-lZ4qs,102,4,7,lIJ-Yf6X7II,1,0
20261008,UCSes4X8uDrpc4X46hJKjejg,BeZUS-lZ4qs,103,17,7,lIJ-Yf6X7II,1,0
20261008,UCSes4X8uDrpc4X46hJKjejg,BeZUS-lZ4qs,104,5,7,lKr7_8V75cs,1,0
20261008,UCSes4X8uDrpc4X46hJKjejg,BeZUS-lZ4qs,104,4,7,lPN7NboCI4s,1,0
20261008,UCSes4X8uDrpc4X46hJKjejg,BeZUS-lZ4qs,104,5,7,lRsVoertVrY,1,0
20261008,UCSes4X8uDrpc4X46hJKjejg,BeZUS-lZ4qs,104,4,7,lctiEzv3YzQ,1,0
20261008,UCSes4X8uDrpc4X46hJKjejg,BeZUS-lZ4qs,101,2,7,ld0alqn_0H8,1,0
20261008,UCSes4X8uDrpc4X46hJKjejg,BeZUS-lZ4qs,104,5,7,ld7LBX-U9Fg,1,0
20261008,UCSes4X8uDrpc4X46hJKjejg,BeZUS-lZ4qs,101,2,7,li8ObHYq4fg,1,0
20261008,UCSes4X8uDrpc4X46hJKjejg,BeZUS-lZ4qs,104,4,7,lnLDjXy2kRA,1,0
20261008,UCSes4X8uDrpc4X46hJKjejg,BeZUS-lZ4qs,104,5,7,lo1YE9nNjaY,1,0
20261008,UCSes4X8uDrpc4X46hJKjejg,BeZUS-lZ4qs,104,4,7,m3zZamSq9mg,1,0
20261008,UCSes4X8uDrpc4X46hJKjejg,BeZUS-lZ4qs,104,4,7,m5cIAi2PrqQ,1,0
20261008,UCSes4X8uDrpc4X46hJKjejg,BeZUS-lZ4qs,102,4,7,m7tY0tnb2q0,1,0
20261008,UCSes4X8uDrpc4X46hJKjejg,BeZUS-lZ4qs,104,4,7,m7tY0tnb2q0,1,0
20261008,UCSes4X8uDrpc4X46hJKjejg,BeZUS-lZ4qs,104,5,7,m7tY0tnb2q0,1,0
20261008,UCSes4X8uDrpc4X46hJKjejg,BeZUS-lZ4qs,104,5,7,mNTHmft4JQs,1,0
20261008,UCSes4X8uDrpc4X46hJKjejg,BeZUS-lZ4qs,102,4,7,mVtsLcT8UQU,1,0
20261008,UCSes4X8uDrpc4X46hJKjejg,BeZUS-lZ4qs,104,4,7,m_dXLX6HN8M,1,0
20261008,UCSes4X8uDrpc4X46hJKjejg,BeZUS-lZ4qs,104,5,7,m_dXLX6HN8M,1,0
20261008,UCSes4X8uDrpc4X46hJKjejg,BeZUS-lZ4qs,104,4,7,mgczibf4YdY,2,0
20261008,UCSes4X8uDrpc4X46hJKjejg,BeZUS-lZ4qs,101,9,7,mo-Xi5rdX1I,1,0
20261008,UCSes4X8uDrpc4X46hJKjejg,BeZUS-lZ4qs,104,5,7,ms0Z-qc8KzY,1,0
20261008,UCSes4X8uDrpc4X46hJKjejg,BeZUS-lZ4qs,101,2,7,ms5nzJr80jw,1,0
20261008,UCSes4X8uDrpc4X46hJKjejg,BeZUS-lZ4qs,104,4,7,ms5nzJr80jw,1,0
20261008,UCSes4X8uDrpc4X46hJKjejg,BeZUS-lZ4qs,104,4,7,mwXyLvyOHIo,2,0
20261008,UCSes4X8uDrpc4X46hJKjejg,BeZUS-lZ4qs,104,5,7,mx2XmltF8ZE,1,1
20261008,UCSes4X8uDrpc4X46hJKjejg,BeZUS-lZ4qs,104,5,7,mzGvOMY6iAs,1,0
20261008,UCSes4X8uDrpc4X46hJKjejg,BeZUS-lZ4qs,104,5,7,mziyodYeev0,1,0
20261008,UCSes4X8uDrpc4X46hJKjejg,BeZUS-lZ4qs,103,10,7,nF5BDfu3X28,1,0
20261008,UCSes4X8uDrpc4X46hJKjejg,BeZUS-lZ4qs,104,4,7,nF5BDfu3X28,1,0
20261008,UCSes4X8uDrpc4X46hJKjejg,BeZUS-lZ4qs,104,4,7,nFMeqWK16gI,1,0
20261008,UCSes4X8uDrpc4X46hJKjejg,BeZUS-lZ4qs,104,5,7,nFj7FNPpkIw,1,0
20261008,UCSes4X8uDrpc4X46hJKjejg,BeZUS-lZ4qs,101,9,7,nG4F3XkfgEw,1,0
20261008,UCSes4X8uDrpc4X46hJKjejg,BeZUS-lZ4qs,101,9,7,nGnEJyAtCtk,1,0
20261008,UCSes4X8uDrpc4X46hJKjejg,BeZUS-lZ4qs,104,5,7,nJ5V3pk6PEA,1,0
20261008,UCSes4X8uDrpc4X46hJKjejg,BeZUS-lZ4qs,101,9,7,nYwYWTDJGeo,1,0
20261008,UCSes4X8uDrpc4X46hJKjejg,BeZUS-lZ4qs,104,5,7,nZchFiDO3yA,1,0
20261008,UCSes4X8uDrpc4X46hJKjejg,BeZUS-lZ4qs,104,5,7,ncDx94lCQ78,1,0
20261008,UCSes4X8uDrpc4X46hJKjejg,BeZUS-lZ4qs,102,29,7,nd74De5UG-U,1,0
20261008,UCSes4X8uDrpc4X46hJKjejg,BeZUS-lZ4qs,104,4,7,nd74De5UG-U,1,0
20261008,UCSes4X8uDrpc4X46hJKjejg,BeZUS-lZ4qs,104,5,7,neCNt8QpZAI,1,0
20261008,UCSes4X8uDrpc4X46hJKjejg,BeZUS-lZ4qs,104,5,7,nebWHHVEHdA,1,0
20261008,UCSes4X8uDrpc4X46hJKjejg,BeZUS-lZ4qs,104,4,7,nfUTX9UriBU,1,0
20261008,UCSes4X8uDrpc4X46hJKjejg,BeZUS-lZ4qs,104,4,7,nmi3A5MrxDI,1,0
20261008,UCSes4X8uDrpc4X46hJKjejg,BeZUS-lZ4qs,104,5,7,no7vomVKV38,1,0
20261008,UCSes4X8uDrpc4X46hJKjejg,BeZUS-lZ4qs,104,4,7,nwX6Aw3KwhY,1,0
20261008,UCSes4X8uDrpc4X46hJKjejg,BeZUS-lZ4qs,104,4,7,nwzpXxKqNOM,1,0
20261008,UCSes4X8uDrpc4X46hJKjejg,BeZUS-lZ4qs,104,4,7,o15qB52WGqA,1,0
20261008,UCSes4X8uDrpc4X46hJKjejg,BeZUS-lZ4qs,104,5,7,o4vg5PCX75I,1,0
20261008,UCSes4X8uDrpc4X46hJKjejg,BeZUS-lZ4qs,104,4,7,oBV_teMu5ss,1,0
20261008,UCSes4X8uDrpc4X46hJKjejg,BeZUS-lZ4qs,105,5,7,oBV_teMu5ss,1,1
20261008,UCSes4X8uDrpc4X46hJKjejg,BeZUS-lZ4qs,104,5,7,oHFBkp5xXMw,1,0
20261008,UCSes4X8uDrpc4X46hJKjejg,BeZUS-lZ4qs,104,5,7,oKdSjnRPsv4,4,0
20261008,UCSes4X8uDrpc4X46hJKjejg,BeZUS-lZ4qs,101,2,7,oTQ9IYHz_oQ,1,0
20261008,UCSes4X8uDrpc4X46hJKjejg,BeZUS-lZ4qs,104,4,7,oTQ9IYHz_oQ,1,0
20261008,UCSes4X8uDrpc4X46hJKjejg,BeZUS-lZ4qs,104,4,7,oUIvq8DDjYY,1,0
20261008,UCSes4X8uDrpc4X46hJKjejg,BeZUS-lZ4qs,104,5,7,oV4UrWDiYWc,1,0
20261008,UCSes4X8uDrpc4X46hJKjejg,BeZUS-lZ4qs,104,4,7,obgTnPsDPFA,1,0
20261008,UCSes4X8uDrpc4X46hJKjejg,BeZUS-lZ4qs,102,19,7,ofgXzn8s7Jw,1,0
20261008,UCSes4X8uDrpc4X46hJKjejg,BeZUS-lZ4qs,104,4,7,ofgXzn8s7Jw,1,0
20261008,UCSes4X8uDrpc4X46hJKjejg,BeZUS-lZ4qs,104,4,7,ok8Dc5McHsk,1,0
20261008,UCSes4X8uDrpc4X46hJKjejg,BeZUS-lZ4qs,101,2,7,osaIYNUTMms,1,0
20261008,UCSes4X8uDrpc4X46hJKjejg,BeZUS-lZ4qs,104,4,7,p1sKXuHSH7o,1,1
20261008,UCSes4X8uDrpc4X46hJKjejg,BeZUS-lZ4qs,101,2,7,p3BTdGwkY-0,1,0
20261008,UCSes4X8uDrpc4X46hJKjejg,BeZUS-lZ4qs,101,9,7,pDO2iRKztuU,1,0
20261008,UCSes4X8uDrpc4X46hJKjejg,BeZUS-lZ4qs,104,4,7,pFwvEk3i9VA,1,0
20261008,UCSes4X8uDrpc4X46hJKjejg,BeZUS-lZ4qs,104,5,7,pFwvEk3i9VA,1,0
20261008,UCSes4X8uDrpc4X46hJKjejg,BeZUS-lZ4qs,104,5,7,pQSCJivbyjY,1,0
20261008,UCSes4X8uDrpc4X46hJKjejg,BeZUS-lZ4qs,102,4,7,pULaGjqJRo0,1,0
20261008,UCSes4X8uDrpc4X46hJKjejg,BeZUS-lZ4qs,102,29,7,pWCQrmx8beo,1,0
20261008,UCSes4X8uDrpc4X46hJKjejg,BeZUS-lZ4qs,104,5,7,pWCQrmx8beo,1,0
20261008,UCSes4X8uDrpc4X46hJKjejg,BeZUS-lZ4qs,101,9,7,pewdPdWE8pw,1,0
20261008,UCSes4X8uDrpc4X46hJKjejg,BeZUS-lZ4qs,104,5,7,phuiiNCxRMg,1,0
20261008,UCSes4X8uDrpc4X46hJKjejg,BeZUS-lZ4qs,104,5,7,pjYD7sHC814,2,0
20261008,UCSes4X8uDrpc4X46hJKjejg,BeZUS-lZ4qs,104,4,7,pmHVTkNEj7Y,3,0.33333333333333331
20261008,UCSes4X8uDrpc4X46hJKjejg,BeZUS-lZ4qs,101,2,7,pmvC7r7_Y8Q,1,0
20261008,UCSes4X8uDrpc4X46hJKjejg,BeZUS-lZ4qs,104,5,7,pmzz7Gefdro,2,0
20261008,UCSes4X8uDrpc4X46hJKjejg,BeZUS-lZ4qs,104,4,7,poXjkAXIEHs,2,0
20261008,UCSes4X8uDrpc4X46hJKjejg,BeZUS-lZ4qs,101,1,7,pu6bSq1_7Qk,2,0.5
20261008,UCSes4X8uDrpc4X46hJKjejg,BeZUS-lZ4qs,104,5,7,pu6bSq1_7Qk,1,0
20261008,UCSes4X8uDrpc4X46hJKjejg,BeZUS-lZ4qs,104,5,7,pvRXfrmcQZE,1,0
20261008,UCSes4X8uDrpc4X46hJKjejg,BeZUS-lZ4qs,104,5,7,pynHr_Qtd38,1,0
20261008,UCSes4X8uDrpc4X46hJKjejg,BeZUS-lZ4qs,101,9,7,qBoK0ZCwceU,1,0
20261008,UCSes4X8uDrpc4X46hJKjejg,BeZUS-lZ4qs,101,2,7,qCQSNBWkJlo,1,0
20261008,UCSes4X8uDrpc4X46hJKjejg,BeZUS-lZ4qs,104,5,7,qCQSNBWkJlo,1,0
20261008,UCSes4X8uDrpc4X46hJKjejg,BeZUS-lZ4qs,104,5,7,qOmiYTVxx7U,1,0
20261008,UCSes4X8uDrpc4X46hJKjejg,BeZUS-lZ4qs,104,4,7,qacwh3O3TDM,1,0
20261008,UCSes4X8uDrpc4X46hJKjejg,BeZUS-lZ4qs,104,4,7,qvg7yRWTdl4,1,0
20261008,UCSes4X8uDrpc4X46hJKjejg,BeZUS-lZ4qs,101,2,7,qyFMaunFJYo,1,0
20261008,UCSes4X8uDrpc4X46hJKjejg,BeZUS-lZ4qs,102,12,7,qyjuZ_LxXRE,1,0
20261008,UCSes4X8uDrpc4X46hJKjejg,BeZUS-lZ4qs,104,4,7,qyjuZ_LxXRE,1,0
20261008,UCSes4X8uDrpc4X46hJKjejg,BeZUS-lZ4qs,101,2,7,r00oU-W49AI,1,0
20261008,UCSes4X8uDrpc4X46hJKjejg,BeZUS-lZ4qs,104,5,7,r42nEBYR1hU,1,0
20261008,UCSes4X8uDrpc4X46hJKjejg,BeZUS-lZ4qs,104,5,7,r43pbWrk3no,1,0
20261008,UCSes4X8uDrpc4X46hJKjejg,BeZUS-lZ4qs,104,4,7,r47wb0lAzPI,1,0
20261008,UCSes4X8uDrpc4X46hJKjejg,BeZUS-lZ4qs,104,5,7,r8J6JqxuSZI,1,0
20261008,UCSes4X8uDrpc4X46hJKjejg,BeZUS-lZ4qs,104,5,7,rAju0c05Pt0,1,0
20261008,UCSes4X8uDrpc4X46hJKjejg,BeZUS-lZ4qs,101,2,7,rBwg2uASTzs,1,0
20261008,UCSes4X8uDrpc4X46hJKjejg,BeZUS-lZ4qs,104,4,7,rBwg2uASTzs,1,0
20261008,UCSes4X8uDrpc4X46hJKjejg,BeZUS-lZ4qs,104,5,7,rDsS5d-7dgA,1,0
20261008,UCSes4X8uDrpc4X46hJKjejg,BeZUS-lZ4qs,101,2,7,rGGq11K40Gw,3,0
20261008,UCSes4X8uDrpc4X46hJKjejg,BeZUS-lZ4qs,104,5,7,rGGq11K40Gw,1,0
20261008,UCSes4X8uDrpc4X46hJKjejg,BeZUS-lZ4qs,104,5,7,rP9YpEhIob4,1,0
20261008,UCSes4X8uDrpc4X46hJKjejg,BeZUS-lZ4qs,104,4,7,rUVtqSkkZzY,1,0
20261008,UCSes4X8uDrpc4X46hJKjejg,BeZUS-lZ4qs,104,5,7,rUVtqSkkZzY,1,1
20261008,UCSes4X8uDrpc4X46hJKjejg,BeZUS-lZ4qs,104,5,7,rX-abMVPEdo,1,0
20261008,UCSes4X8uDrpc4X46hJKjejg,BeZUS-lZ4qs,101,2,7,rY7kYbJn0X8,1,0
20261008,UCSes4X8uDrpc4X46hJKjejg,BeZUS-lZ4qs,101,2,7,rb1sy5QrQXQ,1,1
20261008,UCSes4X8uDrpc4X46hJKjejg,BeZUS-lZ4qs,101,2,7,rd8E8OGCS40,1,0
20261008,UCSes4X8uDrpc4X46hJKjejg,BeZUS-lZ4qs,102,29,7,rhudz3BcalE,1,0
20261008,UCSes4X8uDrpc4X46hJKjejg,BeZUS-lZ4qs,101,2,7,rqYAcQrMFmU,1,0
20261008,UCSes4X8uDrpc4X46hJKjejg,BeZUS-lZ4qs,104,5,7,rqYAcQrMFmU,1,0
20261008,UCSes4X8uDrpc4X46hJKjejg,BeZUS-lZ4qs,102,1,7,rrpShLPAWzs,1,0
20261008,UCSes4X8uDrpc4X46hJKjejg,BeZUS-lZ4qs,101,9,7,rsHQ96CLq70,1,0
20261008,UCSes4X8uDrpc4X46hJKjejg,BeZUS-lZ4qs,102,26,7,rsHQ96CLq70,1,0
20261008,UCSes4X8uDrpc4X46hJKjejg,BeZUS-lZ4qs,104,5,7,rsHQ96CLq70,1,0
20261008,UCSes4X8uDrpc4X46hJKjejg,BeZUS-lZ4qs,101,2,7,rt2hQSDrlBQ,1,0
20261008,UCSes4X8uDrpc4X46hJKjejg,BeZUS-lZ4qs,104,4,7,rvMHa3ufY20,1,0
20261008,UCSes4X8uDrpc4X46hJKjejg,BeZUS-lZ4qs,101,9,7,rvdwgqdZ6jI,1,0
20261008,UCSes4X8uDrpc4X46hJKjejg,BeZUS-lZ4qs,104,5,7,sBYGc4e06Sw,1,0
20261008,UCSes4X8uDrpc4X46hJKjejg,BeZUS-lZ4qs,102,19,7,sN5xgeFwJD4,1,0
20261008,UCSes4X8uDrpc4X46hJKjejg,BeZUS-lZ4qs,101,2,7,sNQtbrdiP98,1,0
20261008,UCSes4X8uDrpc4X46hJKjejg,BeZUS-lZ4qs,101,2,7,sOQKRjP3ZJk,2,0
20261008,UCSes4X8uDrpc4X46hJKjejg,BeZUS-lZ4qs,104,4,7,sOQKRjP3ZJk,2,0
20261008,UCSes4X8uDrpc4X46hJKjejg,BeZUS-lZ4qs,104,5,7,sOQKRjP3ZJk,2,0
20261008,UCSes4X8uDrpc4X46hJKjejg,BeZUS-lZ4qs,104,4,7,sWbhU0RBjT4,1,0
20261008,UCSes4X8uDrpc4X46hJKjejg,BeZUS-lZ4qs,102,19,7,sZ37xnDV8FE,1,0
20261008,UCSes4X8uDrpc4X46hJKjejg,BeZUS-lZ4qs,104,5,7,slTaSMVB124,1,0
20261008,UCSes4X8uDrpc4X46hJKjejg,BeZUS-lZ4qs,102,4,7,sn_GcEDef0U,1,0
20261008,UCSes4X8uDrpc4X46hJKjejg,BeZUS-lZ4qs,104,4,7,st3rairpGpQ,1,0
20261008,UCSes4X8uDrpc4X46hJKjejg,BeZUS-lZ4qs,104,4,7,t6clbL8BG9U,1,0
20261008,UCSes4X8uDrpc4X46hJKjejg,BeZUS-lZ4qs,104,5,7,tECq56ubmG8,2,0
20261008,UCSes4X8uDrpc4X46hJKjejg,BeZUS-lZ4qs,104,5,7,tFMCG033QUo,1,0
20261008,UCSes4X8uDrpc4X46hJKjejg,BeZUS-lZ4qs,101,2,7,tNRmg8YHvCc,1,0
20261008,UCSes4X8uDrpc4X46hJKjejg,BeZUS-lZ4qs,104,4,7,tOFBeFTW-KE,1,0
20261008,UCSes4X8uDrpc4X46hJKjejg,BeZUS-lZ4qs,104,5,7,tP69U--a7hs,1,0
20261008,UCSes4X8uDrpc4X46hJKjejg,BeZUS-lZ4qs,101,1,7,tRcXsf4M6t8,2,0
20261008,UCSes4X8uDrpc4X46hJKjejg,BeZUS-lZ4qs,101,9,7,ti8MBPT9aS0,2,0
20261008,UCSes4X8uDrpc4X46hJKjejg,BeZUS-lZ4qs,103,10,7,tkxzMEfp49Q,1,0
20261008,UCSes4X8uDrpc4X46hJKjejg,BeZUS-lZ4qs,104,5,7,ttyJwF-WbWE,1,0
20261008,UCSes4X8uDrpc4X46hJKjejg,BeZUS-lZ4qs,102,19,7,twMRV5C10Y8,1,0
20261008,UCSes4X8uDrpc4X46hJKjejg,BeZUS-lZ4qs,104,5,7,tzEdEWMj-T8,2,0
20261008,UCSes4X8uDrpc4X46hJKjejg,BeZUS-lZ4qs,104,5,7,u1jI4zXqOd4,1,0
20261008,UCSes4X8uDrpc4X46hJKjejg,BeZUS-lZ4qs,101,9,7,uANFsDa8pzk,1,0
20261008,UCSes4X8uDrpc4X46hJKjejg,BeZUS-lZ4qs,104,5,7,uFT1qIvpHIE,1,0
20261008,UCSes4X8uDrpc4X46hJKjejg,BeZUS-lZ4qs,101,30,7,uIWUaUqlMjQ,1,0
20261008,UCSes4X8uDrpc4X46hJKjejg,BeZUS-lZ4qs,104,4,7,uIWUaUqlMjQ,1,1
20261008,UCSes4X8uDrpc4X46hJKjejg,BeZUS-lZ4qs,104,5,7,uIWUaUqlMjQ,1,0
20261008,UCSes4X8uDrpc4X46hJKjejg,BeZUS-lZ4qs,101,2,7,uNUV5MB7ASk,1,0
20261008,UCSes4X8uDrpc4X46hJKjejg,BeZUS-lZ4qs,102,4,7,uNUV5MB7ASk,1,0
20261008,UCSes4X8uDrpc4X46hJKjejg,BeZUS-lZ4qs,102,19,7,uNUV5MB7ASk,1,0
20261008,UCSes4X8uDrpc4X46hJKjejg,BeZUS-lZ4qs,104,4,7,uNUV5MB7ASk,5,0
20261008,UCSes4X8uDrpc4X46hJKjejg,BeZUS-lZ4qs,104,5,7,uNUV5MB7ASk,2,0
20261008,UCSes4X8uDrpc4X46hJKjejg,BeZUS-lZ4qs,104,5,7,u_N8LAJVWtc,1,0
20261008,UCSes4X8uDrpc4X46hJKjejg,BeZUS-lZ4qs,104,4,7,ucwym9sWya0,1,0
20261008,UCSes4X8uDrpc4X46hJKjejg,BeZUS-lZ4qs,102,26,7,uhN2MSYlV7E,1,0
20261008,UCSes4X8uDrpc4X46hJKjejg,BeZUS-lZ4qs,101,2,7,ulCqCo2LYO4,1,0
20261008,UCSes4X8uDrpc4X46hJKjejg,BeZUS-lZ4qs,104,5,7,umiRdPwPpdk,1,0
20261008,UCSes4X8uDrpc4X46hJKjejg,BeZUS-lZ4qs,104,5,7,us-81Pj984g,1,0
20261008,UCSes4X8uDrpc4X46hJKjejg,BeZUS-lZ4qs,104,4,7,uy150Cbv7xA,2,0
20261008,UCSes4X8uDrpc4X46hJKjejg,BeZUS-lZ4qs,101,2,7,v4qQgWd-nfM,2,0
20261008,UCSes4X8uDrpc4X46hJKjejg,BeZUS-lZ4qs,104,5,7,v4qQgWd-nfM,1,0
20261008,UCSes4X8uDrpc4X46hJKjejg,BeZUS-lZ4qs,102,1,7,v9nqmOmgs5g,1,0
20261008,UCSes4X8uDrpc4X46hJKjejg,BeZUS-lZ4qs,104,4,7,vFMbS2yktiQ,1,0
20261008,UCSes4X8uDrpc4X46hJKjejg,BeZUS-lZ4qs,104,5,7,vSpXE-iJUuo,1,0
20261008,UCSes4X8uDrpc4X46hJKjejg,BeZUS-lZ4qs,104,5,7,vY8-G4p8HYE,1,0
20261008,UCSes4X8uDrpc4X46hJKjejg,BeZUS-lZ4qs,104,5,7,va9UO_BZn54,2,0
20261008,UCSes4X8uDrpc4X46hJKjejg,BeZUS-lZ4qs,104,5,7,veum5oqzN2g,1,0
20261008,UCSes4X8uDrpc4X46hJKjejg,BeZUS-lZ4qs,104,5,7,vpUCUxamU8A,1,0
20261008,UCSes4X8uDrpc4X46hJKjejg,BeZUS-lZ4qs,101,2,7,vpVmhiC5FYM,1,0
20261008,UCSes4X8uDrpc4X46hJKjejg,BeZUS-lZ4qs,104,5,7,vpVmhiC5FYM,1,0
20261008,UCSes4X8uDrpc4X46hJKjejg,BeZUS-lZ4qs,104,5,7,vqRiSQdI1pE,1,0
20261008,UCSes4X8uDrpc4X46hJKjejg,BeZUS-lZ4qs,105,5,7,vucPK6dUL2k,1,0
20261008,UCSes4X8uDrpc4X46hJKjejg,BeZUS-lZ4qs,104,4,7,w2nRZlsNb5M,2,0
20261008,UCSes4X8uDrpc4X46hJKjejg,BeZUS-lZ4qs,101,2,7,w42XdHMf9vg,1,0
20261008,UCSes4X8uDrpc4X46hJKjejg,BeZUS-lZ4qs,104,5,7,wBoRpjEnSnA,1,0
20261008,UCSes4X8uDrpc4X46hJKjejg,BeZUS-lZ4qs,102,26,7,wG-ke-AGuFY,1,0
20261008,UCSes4X8uDrpc4X46hJKjejg,BeZUS-lZ4qs,104,4,7,wJ4pkFpvfB8,1,0
20261008,UCSes4X8uDrpc4X46hJKjejg,BeZUS-lZ4qs,101,2,7,wPoOW9x77wo,4,0
20261008,UCSes4X8uDrpc4X46hJKjejg,BeZUS-lZ4qs,101,30,7,wPoOW9x77wo,1,0
20261008,UCSes4X8uDrpc4X46hJKjejg,BeZUS-lZ4qs,102,1,7,wPoOW9x77wo,2,0
20261008,UCSes4X8uDrpc4X46hJKjejg,BeZUS-lZ4qs,102,19,7,wPoOW9x77wo,1,0
20261008,UCSes4X8uDrpc4X46hJKjejg,BeZUS-lZ4qs,104,4,7,wPoOW9x77wo,1,1
20261008,UCSes4X8uDrpc4X46hJKjejg,BeZUS-lZ4qs,104,5,7,wPoOW9x77wo,1,0
20261008,UCSes4X8uDrpc4X46hJKjejg,BeZUS-lZ4qs,105,5,7,wPoOW9x77wo,1,0
20261008,UCSes4X8uDrpc4X46hJKjejg,BeZUS-lZ4qs,104,5,7,wcl_2Jng2Kc,1,0
20261008,UCSes4X8uDrpc4X46hJKjejg,BeZUS-lZ4qs,105,5,7,wiKfsKTY9lQ,1,0
20261008,UCSes4X8uDrpc4X46hJKjejg,BeZUS-lZ4qs,104,4,7,wk5hUswr_cY,1,1
20261008,UCSes4X8uDrpc4X46hJKjejg,BeZUS-lZ4qs,102,4,7,wmi00BXbF_k,1,0
20261008,UCSes4X8uDrpc4X46hJKjejg,BeZUS-lZ4qs,104,5,7,wni1tyi7yAw,1,0
20261008,UCSes4X8uDrpc4X46hJKjejg,BeZUS-lZ4qs,103,10,7,wwdwoHLzIek,1,0
20261008,UCSes4X8uDrpc4X46hJKjejg,BeZUS-lZ4qs,101,2,7,x3JOMDVdG5E,1,0
20261008,UCSes4X8uDrpc4X46hJKjejg,BeZUS-lZ4qs,104,5,7,x6-F6sh0d3k,2,0
20261008,UCSes4X8uDrpc4X46hJKjejg,BeZUS-lZ4qs,101,2,7,x9syW83GpgU,1,0
20261008,UCSes4X8uDrpc4X46hJKjejg,BeZUS-lZ4qs,104,5,7,xIIzWt6gacU,1,0
20261008,UCSes4X8uDrpc4X46hJKjejg,BeZUS-lZ4qs,104,5,7,xOL3xKAnGgc,2,0
20261008,UCSes4X8uDrpc4X46hJKjejg,BeZUS-lZ4qs,101,2,7,xOrHP41v1rg,1,0
20261008,UCSes4X8uDrpc4X46hJKjejg,BeZUS-lZ4qs,104,5,7,xVJzcxdvShA,1,0
20261008,UCSes4X8uDrpc4X46hJKjejg,BeZUS-lZ4qs,101,2,7,xlNbNHW7re4,2,0
20261008,UCSes4X8uDrpc4X46hJKjejg,BeZUS-lZ4qs,104,4,7,xlNbNHW7re4,2,0
20261008,UCSes4X8uDrpc4X46hJKjejg,BeZUS-lZ4qs,104,5,7,y8JWMr3T2SI,1,0
20261008,UCSes4X8uDrpc4X46hJKjejg,BeZUS-lZ4qs,102,29,7,y8z3KjxMCD0,1,0
20261008,UCSes4X8uDrpc4X46hJKjejg,BeZUS-lZ4qs,104,4,7,yBEv8S75TBc,1,0
20261008,UCSes4X8uDrpc4X46hJKjejg,BeZUS-lZ4qs,105,5,7,yKXXDUIP7OQ,1,1
20261008,UCSes4X8uDrpc4X46hJKjejg,BeZUS-lZ4qs,101,2,7,yRCcN_PxBNc,1,0
20261008,UCSes4X8uDrpc4X46hJKjejg,BeZUS-lZ4qs,101,2,7,yTgG7dOoRI8,1,0
20261008,UCSes4X8uDrpc4X46hJKjejg,BeZUS-lZ4qs,101,9,7,yTgG7dOoRI8,1,0
20261008,UCSes4X8uDrpc4X46hJKjejg,BeZUS-lZ4qs,102,29,7,yTgG7dOoRI8,1,0
20261008,UCSes4X8uDrpc4X46hJKjejg,BeZUS-lZ4qs,104,5,7,yTgG7dOoRI8,2,0
20261008,UCSes4X8uDrpc4X46hJKjejg,BeZUS-lZ4qs,102,12,7,yVqwRpEx9ls,1,0
20261008,UCSes4X8uDrpc4X46hJKjejg,BeZUS-lZ4qs,104,5,7,ycbroRa5iXE,1,0
20261008,UCSes4X8uDrpc4X46hJKjejg,BeZUS-lZ4qs,102,4,7,yeLyZJx1Cvc,1,0
20261008,UCSes4X8uDrpc4X46hJKjejg,BeZUS-lZ4qs,104,4,7,yeNmNUxyhdA,1,0
20261008,UCSes4X8uDrpc4X46hJKjejg,BeZUS-lZ4qs,104,5,7,yo47mStkxW4,1,0
20261008,UCSes4X8uDrpc4X46hJKjejg,BeZUS-lZ4qs,102,19,7,yrNroxCP0Ow,1,0
20261008,UCSes4X8uDrpc4X46hJKjejg,BeZUS-lZ4qs,104,4,7,yrNroxCP0Ow,1,1
20261008,UCSes4X8uDrpc4X46hJKjejg,BeZUS-lZ4qs,101,2,7,yzmkGDrx19I,2,0
20261008,UCSes4X8uDrpc4X46hJKjejg,BeZUS-lZ4qs,101,9,7,yzmkGDrx19I,1,0
20261008,UCSes4X8uDrpc4X46hJKjejg,BeZUS-lZ4qs,102,1,7,yzmkGDrx19I,1,0
20261008,UCSes4X8uDrpc4X46hJKjejg,BeZUS-lZ4qs,102,19,7,yzmkGDrx19I,2,0
20261008,UCSes4X8uDrpc4X46hJKjejg,BeZUS-lZ4qs,102,26,7,yzmkGDrx19I,1,0
20261008,UCSes4X8uDrpc4X46hJKjejg,BeZUS-lZ4qs,102,29,7,yzmkGDrx19I,2,0
20261008,UCSes4X8uDrpc4X46hJKjejg,BeZUS-lZ4qs,103,10,7,yzmkGDrx19I,1,0
20261008,UCSes4X8uDrpc4X46hJKjejg,BeZUS-lZ4qs,104,4,7,yzmkGDrx19I,4,0
20261008,UCSes4X8uDrpc4X46hJKjejg,BeZUS-lZ4qs,104,5,7,yzmkGDrx19I,6,0
20261008,UCSes4X8uDrpc4X46hJKjejg,BeZUS-lZ4qs,105,5,7,yzmkGDrx19I,1,0
20261008,UCSes4X8uDrpc4X46hJKjejg,BeZUS-lZ4qs,104,4,7,z688XM63n3E,1,0
20261008,UCSes4X8uDrpc4X46hJKjejg,BeZUS-lZ4qs,101,2,7,z9Kfeoms8Uo,3,0
20261008,UCSes4X8uDrpc4X46hJKjejg,BeZUS-lZ4qs,105,5,7,zCHnVZMHOZU,1,0
20261008,UCSes4X8uDrpc4X46hJKjejg,BeZUS-lZ4qs,101,2,7,zHBgJqG1nJo,1,0
20261008,UCSes4X8uDrpc4X46hJKjejg,BeZUS-lZ4qs,102,4,7,zOHCDY1io_A,1,0
20261008,UCSes4X8uDrpc4X46hJKjejg,BeZUS-lZ4qs,102,1,7,zUC4krPvCXU,1,0
20261008,UCSes4X8uDrpc4X46hJKjejg,BeZUS-lZ4qs,102,4,7,zUC4krPvCXU,1,0
20261008,UCSes4X8uDrpc4X46hJKjejg,BeZUS-lZ4qs,102,29,7,zUC4krPvCXU,2,0
20261008,UCSes4X8uDrpc4X46hJKjejg,BeZUS-lZ4qs,104,4,7,zUC4krPvCXU,3,0
20261008,UCSes4X8uDrpc4X46hJKjejg,BeZUS-lZ4qs,104,5,7,zUC4krPvCXU,3,0
20261008,UCSes4X8uDrpc4X46hJKjejg,BeZUS-lZ4qs,102,4,7,zUPgSBlVTkA,1,0
20261008,UCSes4X8uDrpc4X46hJKjejg,BeZUS-lZ4qs,103,10,7,zUPgSBlVTkA,1,0
20261008,UCSes4X8uDrpc4X46hJKjejg,BeZUS-lZ4qs,101,9,7,zUt_Mi81fbs,1,0
20261008,UCSes4X8uDrpc4X46hJKjejg,BeZUS-lZ4qs,102,29,7,zWvBl2waNkQ,1,0
20261008,UCSes4X8uDrpc4X46hJKjejg,BeZUS-lZ4qs,104,5,7,zWvBl2waNkQ,1,0
20261008,UCSes4X8uDrpc4X46hJKjejg,BeZUS-lZ4qs,105,5,14,PLA0mwjXaJr9c,1,0
20261008,UCSes4X8uDrpc4X46hJKjejg,BeZUS-lZ4qs,101,2,14,PLRyIPl162iVw,1,0
20261008,UCSes4X8uDrpc4X46hJKjejg,BeZUS-lZ4qs,104,4,14,PLWhCET4j2xF4,4,0
20261008,UCSes4X8uDrpc4X46hJKjejg,BeZUS-lZ4qs,101,2,14,PLX3ZLYz4-6vE2_ZNLW5AfzbHTd1jTskDl,1,0
20261008,UCSes4X8uDrpc4X46hJKjejg,BeZUS-lZ4qs,101,9,14,PLX3ZLYz4-6vE2_ZNLW5AfzbHTd1jTskDl,2,0
20261008,UCSes4X8uDrpc4X46hJKjejg,BeZUS-lZ4qs,104,4,14,PLX3ZLYz4-6vE2_ZNLW5AfzbHTd1jTskDl,13,0.076923076923076927
20261008,UCSes4X8uDrpc4X46hJKjejg,BeZUS-lZ4qs,104,5,14,PLX3ZLYz4-6vE2_ZNLW5AfzbHTd1jTskDl,3,0
20261008,UCSes4X8uDrpc4X46hJKjejg,BeZUS-lZ4qs,104,5,14,PLn5qphod2Pb2kTaYBg6FFMftRIiT1qMCp,1,0
20261008,UCSes4X8uDrpc4X46hJKjejg,BeZUS-lZ4qs,104,5,14,my-likes,1,0
20261008,UCSes4X8uDrpc4X46hJKjejg,BeZUS-lZ4qs,101,2,18,unknown,1,0
20261008,UCSes4X8uDrpc4X46hJKjejg,BeZUS-lZ4qs,101,9,18,unknown,4,0
20261008,UCSes4X8uDrpc4X46hJKjejg,BeZUS-lZ4qs,104,4,18,unknown,18,0.055555555555555552
20261008,UCSes4X8uDrpc4X46hJKjejg,BeZUS-lZ4qs,104,5,18,unknown,28,0.071428571428571425
20261008,UCSes4X8uDrpc4X46hJKjejg,BeZUS-lZ4qs,105,5,18,unknown,4,0
20261008,UCSes4X8uDrpc4X46hJKjejg,BjutkYQr1Uc,101,2,5,unknown,1,0
20261008,UCSes4X8uDrpc4X46hJKjejg,Bo_rdFgrHVI,102,19,3,what-to-watch,1,0
20261008,UCSes4X8uDrpc4X46hJKjejg,Bo_rdFgrHVI,101,2,4,UCSes4X8uDrpc4X46hJKjejg,1,0
20261008,UCSes4X8uDrpc4X46hJKjejg,Bo_rdFgrHVI,104,4,7,LV94CUesj4c,1,0
20261008,UCSes4X8uDrpc4X46hJKjejg,Bo_rdFgrHVI,104,5,7,bV7tuPbWHjU,1,0
20261008,UCSes4X8uDrpc4X46hJKjejg,Bt6ohZFQSPA,104,5,5,unknown,1,0
20261008,UCSes4X8uDrpc4X46hJKjejg,BuJfXrcsVnM,102,19,3,what-to-watch,3,0
20261008,UCSes4X8uDrpc4X46hJKjejg,BuJfXrcsVnM,101,2,4,UCSes4X8uDrpc4X46hJKjejg,1,0
20261008,UCSes4X8uDrpc4X46hJKjejg,BuJfXrcsVnM,101,9,5,unknown,1,0
20261008,UCSes4X8uDrpc4X46hJKjejg,BuJfXrcsVnM,101,9,14,PLX3ZLYz4-6vE2_ZNLW5AfzbHTd1jTskDl,2,0
20261008,UCSes4X8uDrpc4X46hJKjejg,BvHw3ddSlms,101,2,3,what-to-watch,1,0
20261008,UCSes4X8uDrpc4X46hJKjejg,BvHw3ddSlms,101,9,3,what-to-watch,1,0
20261008,UCSes4X8uDrpc4X46hJKjejg,BvHw3ddSlms,101,30,3,what-to-watch,3,0
20261008,UCSes4X8uDrpc4X46hJKjejg,BvHw3ddSlms,102,4,3,what-to-watch,1,0
20261008,UCSes4X8uDrpc4X46hJKjejg,BvHw3ddSlms,102,19,3,what-to-watch,1,0
20261008,UCSes4X8uDrpc4X46hJKjejg,BvHw3ddSlms,102,26,3,what-to-watch,2,0
20261008,UCSes4X8uDrpc4X46hJKjejg,BvHw3ddSlms,102,29,3,what-to-watch,1,0
20261008,UCSes4X8uDrpc4X46hJKjejg,BvHw3ddSlms,103,10,3,what-to-watch,1,0
20261008,UCSes4X8uDrpc4X46hJKjejg,BvHw3ddSlms,103,17,3,what-to-watch,1,0
20261008,UCSes4X8uDrpc4X46hJKjejg,BvHw3ddSlms,104,4,3,what-to-watch,1,0
20261008,UCSes4X8uDrpc4X46hJKjejg,BvHw3ddSlms,104,5,3,what-to-watch,7,0.14285714285714285
20261008,UCSes4X8uDrpc4X46hJKjejg,BvHw3ddSlms,105,5,3,what-to-watch,21,0.095238095238095233
20261008,UCSes4X8uDrpc4X46hJKjejg,BvHw3ddSlms,101,2,4,UCSes4X8uDrpc4X46hJKjejg,5,0.2
20261008,UCSes4X8uDrpc4X46hJKjejg,BvHw3ddSlms,101,9,4,UCSes4X8uDrpc4X46hJKjejg,2,0.5
20261008,UCSes4X8uDrpc4X46hJKjejg,BvHw3ddSlms,102,4,4,UCSes4X8uDrpc4X46hJKjejg,1,0
20261008,UCSes4X8uDrpc4X46hJKjejg,BvHw3ddSlms,102,19,4,UCSes4X8uDrpc4X46hJKjejg,1,0
20261008,UCSes4X8uDrpc4X46hJKjejg,BvHw3ddSlms,102,26,4,UCSes4X8uDrpc4X46hJKjejg,1,0
20261008,UCSes4X8uDrpc4X46hJKjejg,BvHw3ddSlms,104,4,4,UCSes4X8uDrpc4X46hJKjejg,10,0
20261008,UCSes4X8uDrpc4X46hJKjejg,BvHw3ddSlms,104,5,4,UCSes4X8uDrpc4X46hJKjejg,14,0.14285714285714285
20261008,UCSes4X8uDrpc4X46hJKjejg,BvHw3ddSlms,101,9,5,unknown,1,1
20261008,UCSes4X8uDrpc4X46hJKjejg,BvHw3ddSlms,104,4,5,unknown,1,0
20261008,UCSes4X8uDrpc4X46hJKjejg,BvHw3ddSlms,104,5,5,unknown,2,0.5
20261008,UCSes4X8uDrpc4X46hJKjejg,BvHw3ddSlms,105,5,5,unknown,3,0
20261008,UCSes4X8uDrpc4X46hJKjejg,BvHw3ddSlms,104,5,7,Eaf4F8sE4gI,2,0
20261008,UCSes4X8uDrpc4X46hJKjejg,BvHw3ddSlms,104,5,7,FlhkxBVaBp8,1,1
20261008,UCSes4X8uDrpc4X46hJKjejg,BvHw3ddSlms,104,4,7,PeMHxUwuByQ,1,0
20261008,UCSes4X8uDrpc4X46hJKjejg,BvHw3ddSlms,104,5,7,PeMHxUwuByQ,1,0
20261008,UCSes4X8uDrpc4X46hJKjejg,BvHw3ddSlms,104,5,7,bQG-mLSxbmM,4,0
20261008,UCSes4X8uDrpc4X46hJKjejg,BvHw3ddSlms,104,5,7,pdGCvgBAiag,1,0
20261008,UCSes4X8uDrpc4X46hJKjejg,BvHw3ddSlms,101,9,14,PLX3ZLYz4-6vE2_ZNLW5AfzbHTd1jTskDl,1,0
20261008,UCSes4X8uDrpc4X46hJKjejg,BvHw3ddSlms,104,4,14,PLX3ZLYz4-6vE2_ZNLW5AfzbHTd1jTskDl,10,0.1
20261008,UCSes4X8uDrpc4X46hJKjejg,BvHw3ddSlms,102,26,14,TL,1,0
20261008,UCSes4X8uDrpc4X46hJKjejg,BvHw3ddSlms,101,9,18,unknown,1,0
20261008,UCSes4X8uDrpc4X46hJKjejg,BvHw3ddSlms,101,30,18,unknown,1,0
20261008,UCSes4X8uDrpc4X46hJKjejg,BvHw3ddSlms,103,10,18,unknown,2,0
20261008,UCSes4X8uDrpc4X46hJKjejg,BvHw3ddSlms,104,4,18,unknown,2,0
20261008,UCSes4X8uDrpc4X46hJKjejg,ByxS7FLwdx0,101,2,3,what-to-watch,1,0
20261008,UCSes4X8uDrpc4X46hJKjejg,ByxS7FLwdx0,104,5,3,what-to-watch,2,0
20261008,UCSes4X8uDrpc4X46hJKjejg,C2l9uxwD-qI,102,26,3,what-to-watch,1,0
20261008,UCSes4X8uDrpc4X46hJKjejg,C2l9uxwD-qI,104,4,3,what-to-watch,1,0
20261008,UCSes4X8uDrpc4X46hJKjejg,C2l9uxwD-qI,101,2,4,UCSes4X8uDrpc4X46hJKjejg,1,0
20261008,UCSes4X8uDrpc4X46hJKjejg,C2l9uxwD-qI,101,9,5,unknown,1,0
20261008,UCSes4X8uDrpc4X46hJKjejg,C2l9uxwD-qI,104,4,7,46H7mR8PVaU,1,0
20261008,UCSes4X8uDrpc4X46hJKjejg,C2l9uxwD-qI,104,5,7,9ueigxUx-KU,1,0
20261008,UCSes4X8uDrpc4X46hJKjejg,C2l9uxwD-qI,101,9,14,PLX3ZLYz4-6vE2_ZNLW5AfzbHTd1jTskDl,1,0
20261008,UCSes4X8uDrpc4X46hJKjejg,C36qcVeNunU,101,9,5,unknown,1,0
20261008,UCSes4X8uDrpc4X46hJKjejg,C36qcVeNunU,104,4,5,unknown,2,0
20261008,UCSes4X8uDrpc4X46hJKjejg,C36qcVeNunU,104,5,5,unknown,1,0
20261008,UCSes4X8uDrpc4X46hJKjejg,C4i7wcaa3YU,101,9,4,UCSes4X8uDrpc4X46hJKjejg,1,0
20261008,UCSes4X8uDrpc4X46hJKjejg,C4i7wcaa3YU,104,4,4,UCSes4X8uDrpc4X46hJKjejg,2,0
20261008,UCSes4X8uDrpc4X46hJKjejg,C4i7wcaa3YU,104,5,4,UCSes4X8uDrpc4X46hJKjejg,2,0
20261008,UCSes4X8uDrpc4X46hJKjejg,C4i7wcaa3YU,101,2,5,unknown,1,0
20261008,UCSes4X8uDrpc4X46hJKjejg,C4i7wcaa3YU,104,5,5,unknown,1,0
20261008,UCSes4X8uDrpc4X46hJKjejg,C96yuZU9G4Q,101,2,5,unknown,1,0
20261008,UCSes4X8uDrpc4X46hJKjejg,C96yuZU9G4Q,101,9,5,unknown,1,0
20261008,UCSes4X8uDrpc4X46hJKjejg,C96yuZU9G4Q,101,2,7,F4kNg9Wd7ZE,1,0
20261008,UCSes4X8uDrpc4X46hJKjejg,C96yuZU9G4Q,101,9,14,PLX3ZLYz4-6vE2_ZNLW5AfzbHTd1jTskDl,1,0
20261008,UCSes4X8uDrpc4X46hJKjejg,C9dspBDxMJ8,104,4,4,UCSes4X8uDrpc4X46hJKjejg,2,0
20261008,UCSes4X8uDrpc4X46hJKjejg,C9dspBDxMJ8,104,5,7,5O6f4yJJKBg,1,0
20261008,UCSes4X8uDrpc4X46hJKjejg,C9dspBDxMJ8,104,4,7,LhreLIvt3Bo,1,0
20261008,UCSes4X8uDrpc4X46hJKjejg,C9dspBDxMJ8,101,2,7,QSY54id8ic0,1,0
20261008,UCSes4X8uDrpc4X46hJKjejg,C9dspBDxMJ8,101,9,7,QtCk8ntMX4U,1,0
20261008,UCSes4X8uDrpc4X46hJKjejg,C9dspBDxMJ8,101,9,7,X6WpzQoI0mc,1,0
20261008,UCSes4X8uDrpc4X46hJKjejg,CCN0lPiw7Lc,102,19,5,unknown,1,0
20261008,UCSes4X8uDrpc4X46hJKjejg,CEPPUyBiGgU,104,4,5,unknown,1,0
20261008,UCSes4X8uDrpc4X46hJKjejg,CEPPUyBiGgU,104,5,5,unknown,2,0
20261008,UCSes4X8uDrpc4X46hJKjejg,CFKK7UDcpPQ,104,5,5,unknown,6,0.16666666666666666
20261008,UCSes4X8uDrpc4X46hJKjejg,CFpJHjE0ick,104,4,5,unknown,1,0
20261008,UCSes4X8uDrpc4X46hJKjejg,CHaZ3JGEv28,101,2,3,/my_subscriptions,4,0
20261008,UCSes4X8uDrpc4X46hJKjejg,CHaZ3JGEv28,101,9,3,/my_subscriptions,7,0
20261008,UCSes4X8uDrpc4X46hJKjejg,CHaZ3JGEv28,101,30,3,/my_subscriptions,1,0
20261008,UCSes4X8uDrpc4X46hJKjejg,CHaZ3JGEv28,102,1,3,/my_subscriptions,6,0
20261008,UCSes4X8uDrpc4X46hJKjejg,CHaZ3JGEv28,102,4,3,/my_subscriptions,8,0
20261008,UCSes4X8uDrpc4X46hJKjejg,CHaZ3JGEv28,102,12,3,/my_subscriptions,5,0.2
20261008,UCSes4X8uDrpc4X46hJKjejg,CHaZ3JGEv28,102,19,3,/my_subscriptions,12,0
20261008,UCSes4X8uDrpc4X46hJKjejg,CHaZ3JGEv28,102,26,3,/my_subscriptions,3,0
20261008,UCSes4X8uDrpc4X46hJKjejg,CHaZ3JGEv28,102,28,3,/my_subscriptions,2,0.5
20261008,UCSes4X8uDrpc4X46hJKjejg,CHaZ3JGEv28,102,29,3,/my_subscriptions,12,0
20261008,UCSes4X8uDrpc4X46hJKjejg,CHaZ3JGEv28,103,10,3,/my_subscriptions,10,0.1
20261008,UCSes4X8uDrpc4X46hJKjejg,CHaZ3JGEv28,103,17,3,/my_subscriptions,6,0
20261008,UCSes4X8uDrpc4X46hJKjejg,CHaZ3JGEv28,104,4,3,/my_subscriptions,107,0.065420560747663545
20261008,UCSes4X8uDrpc4X46hJKjejg,CHaZ3JGEv28,104,5,3,/my_subscriptions,195,0.061538461538461542
20261008,UCSes4X8uDrpc4X46hJKjejg,CHaZ3JGEv28,105,4,3,/my_subscriptions,1,0
20261008,UCSes4X8uDrpc4X46hJKjejg,CHaZ3JGEv28,105,5,3,/my_subscriptions,31,0.032258064516129031
20261008,UCSes4X8uDrpc4X46hJKjejg,CHaZ3JGEv28,101,1,3,what-to-watch,2,0
20261008,UCSes4X8uDrpc4X46hJKjejg,CHaZ3JGEv28,101,2,3,what-to-watch,18,0
20261008,UCSes4X8uDrpc4X46hJKjejg,CHaZ3JGEv28,101,9,3,what-to-watch,5,0
20261008,UCSes4X8uDrpc4X46hJKjejg,CHaZ3JGEv28,102,4,3,what-to-watch,5,0
20261008,UCSes4X8uDrpc4X46hJKjejg,CHaZ3JGEv28,102,12,3,what-to-watch,3,0.33333333333333331
20261008,UCSes4X8uDrpc4X46hJKjejg,CHaZ3JGEv28,102,19,3,what-to-watch,5,0
20261008,UCSes4X8uDrpc4X46hJKjejg,CHaZ3JGEv28,102,26,3,what-to-watch,5,0.2
20261008,UCSes4X8uDrpc4X46hJKjejg,CHaZ3JGEv28,102,29,3,what-to-watch,4,0
20261008,UCSes4X8uDrpc4X46hJKjejg,CHaZ3JGEv28,103,10,3,what-to-watch,1,0
20261008,UCSes4X8uDrpc4X46hJKjejg,CHaZ3JGEv28,104,4,3,what-to-watch,46,0.15217391304347827
20261008,UCSes4X8uDrpc4X46hJKjejg,CHaZ3JGEv28,104,5,3,what-to-watch,135,0.05185185185185185
20261008,UCSes4X8uDrpc4X46hJKjejg,CHaZ3JGEv28,105,5,3,what-to-watch,26,0.11538461538461539
20261008,UCSes4X8uDrpc4X46hJKjejg,CHaZ3JGEv28,101,2,4,UCSes4X8uDrpc4X46hJKjejg,1,0
20261008,UCSes4X8uDrpc4X46hJKjejg,CHaZ3JGEv28,101,9,4,UCSes4X8uDrpc4X46hJKjejg,4,0
20261008,UCSes4X8uDrpc4X46hJKjejg,CHaZ3JGEv28,102,4,4,UCSes4X8uDrpc4X46hJKjejg,1,0
20261008,UCSes4X8uDrpc4X46hJKjejg,CHaZ3JGEv28,102,12,4,UCSes4X8uDrpc4X46hJKjejg,1,0
20261008,UCSes4X8uDrpc4X46hJKjejg,CHaZ3JGEv28,102,26,4,UCSes4X8uDrpc4X46hJKjejg,1,0
20261008,UCSes4X8uDrpc4X46hJKjejg,CHaZ3JGEv28,104,4,4,UCSes4X8uDrpc4X46hJKjejg,25,0.12
20261008,UCSes4X8uDrpc4X46hJKjejg,CHaZ3JGEv28,104,5,4,UCSes4X8uDrpc4X46hJKjejg,19,0.052631578947368418
20261008,UCSes4X8uDrpc4X46hJKjejg,CHaZ3JGEv28,105,5,4,UCSes4X8uDrpc4X46hJKjejg,1,0
20261008,UCSes4X8uDrpc4X46hJKjejg,CHaZ3JGEv28,101,1,5,unknown,4,0
20261008,UCSes4X8uDrpc4X46hJKjejg,CHaZ3JGEv28,101,2,5,unknown,198,0.020202020202020204
20261008,UCSes4X8uDrpc4X46hJKjejg,CHaZ3JGEv28,101,9,5,unknown,99,0.010101010101010102
20261008,UCSes4X8uDrpc4X46hJKjejg,CHaZ3JGEv28,101,30,5,unknown,11,0.18181818181818182
20261008,UCSes4X8uDrpc4X46hJKjejg,CHaZ3JGEv28,102,1,5,unknown,38,0.026315789473684209
20261008,UCSes4X8uDrpc4X46hJKjejg,CHaZ3JGEv28,102,4,5,unknown,58,0.051724137931034482
20261008,UCSes4X8uDrpc4X46hJKjejg,CHaZ3JGEv28,102,12,5,unknown,39,0.10256410256410256
20261008,UCSes4X8uDrpc4X46hJKjejg,CHaZ3JGEv28,102,19,5,unknown,76,0.078947368421052627
20261008,UCSes4X8uDrpc4X46hJKjejg,CHaZ3JGEv28,102,22,5,unknown,3,0.33333333333333331
20261008,UCSes4X8uDrpc4X46hJKjejg,CHaZ3JGEv28,102,26,5,unknown,107,0.046728971962616821
20261008,UCSes4X8uDrpc4X46hJKjejg,CHaZ3JGEv28,102,28,5,unknown,16,0.0625
20261008,UCSes4X8uDrpc4X46hJKjejg,CHaZ3JGEv28,102,29,5,unknown,55,0.018181818181818181
20261008,UCSes4X8uDrpc4X46hJKjejg,CHaZ3JGEv28,102,31,5,unknown,1,0
20261008,UCSes4X8uDrpc4X46hJKjejg,CHaZ3JGEv28,103,10,5,unknown,20,0.05
20261008,UCSes4X8uDrpc4X46hJKjejg,CHaZ3JGEv28,103,17,5,unknown,31,0.0967741935483871
20261008,UCSes4X8uDrpc4X46hJKjejg,CHaZ3JGEv28,103,27,5,unknown,1,0
20261008,UCSes4X8uDrpc4X46hJKjejg,CHaZ3JGEv28,104,4,5,unknown,506,0.0533596837944664
20261008,UCSes4X8uDrpc4X46hJKjejg,CHaZ3JGEv28,104,5,5,unknown,851,0.069330199764982378
20261008,UCSes4X8uDrpc4X46hJKjejg,CHaZ3JGEv28,105,4,5,unknown,1,0
20261008,UCSes4X8uDrpc4X46hJKjejg,CHaZ3JGEv28,105,5,5,unknown,74,0.013513513513513514
20261008,UCSes4X8uDrpc4X46hJKjejg,CHaZ3JGEv28,104,5,7,ADI4SM7IHVU,1,0
20261008,UCSes4X8uDrpc4X46hJKjejg,CHaZ3JGEv28,104,5,7,PaIH82SnwI8,1,0
20261008,UCSes4X8uDrpc4X46hJKjejg,CHaZ3JGEv28,104,5,18,unknown,1,0
20261008,UCSes4X8uDrpc4X46hJKjejg,CIrOQ0HTsLA,102,12,3,what-to-watch,1,0
20261008,UCSes4X8uDrpc4X46hJKjejg,CIrOQ0HTsLA,101,2,4,UCSes4X8uDrpc4X46hJKjejg,1,0
20261008,UCSes4X8uDrpc4X46hJKjejg,CNMkqcdikug,101,2,4,UCSes4X8uDrpc4X46hJKjejg,1,0
20261008,UCSes4X8uDrpc4X46hJKjejg,CNMkqcdikug,101,9,5,unknown,1,0
20261008,UCSes4X8uDrpc4X46hJKjejg,CNMkqcdikug,101,9,14,PLX3ZLYz4-6vE2_ZNLW5AfzbHTd1jTskDl,2,0
20261008,UCSes4X8uDrpc4X46hJKjejg,CSgMaOOz44o,104,4,5,unknown,1,0
20261008,UCSes4X8uDrpc4X46hJKjejg,CSgMaOOz44o,104,5,5,unknown,1,0
20261008,UCSes4X8uDrpc4X46hJKjejg,CUET2YZbdQw,101,9,5,unknown,1,0
20261008,UCSes4X8uDrpc4X46hJKjejg,CUET2YZbdQw,101,9,7,mfs-f5U2gfs,2,0
20261008,UCSes4X8uDrpc4X46hJKjejg,CVfaFR8Gyr4,101,2,5,unknown,1,0
20261008,UCSes4X8uDrpc4X46hJKjejg,CYNWlLOG07A,105,5,7,9AEe4hgJvQs,1,0
20261008,UCSes4X8uDrpc4X46hJKjejg,CZKo3qGIAFU,102,19,5,unknown,1,0
20261008,UCSes4X8uDrpc4X46hJKjejg,Ck3vqY7J6xQ,101,2,4,UCSes4X8uDrpc4X46hJKjejg,1,0
20261008,UCSes4X8uDrpc4X46hJKjejg,Ck3vqY7J6xQ,104,5,4,UCSes4X8uDrpc4X46hJKjejg,4,0
20261008,UCSes4X8uDrpc4X46hJKjejg,Ck3vqY7J6xQ,102,1,5,unknown,1,0
20261008,UCSes4X8uDrpc4X46hJKjejg,Ck3vqY7J6xQ,102,26,5,unknown,1,0
20261008,UCSes4X8uDrpc4X46hJKjejg,Ck3vqY7J6xQ,103,17,5,unknown,1,0
20261008,UCSes4X8uDrpc4X46hJKjejg,Ck3vqY7J6xQ,104,4,5,unknown,6,0
20261008,UCSes4X8uDrpc4X46hJKjejg,Ck3vqY7J6xQ,104,5,5,unknown,2,0
20261008,UCSes4X8uDrpc4X46hJKjejg,Ck3vqY7J6xQ,104,5,18,unknown,1,0
20261008,UCSes4X8uDrpc4X46hJKjejg,Cphuw2hpXhw,104,5,3,what-to-watch,1,0
20261008,UCSes4X8uDrpc4X46hJKjejg,Cphuw2hpXhw,104,4,4,UCSes4X8uDrpc4X46hJKjejg,1,0
20261008,UCSes4X8uDrpc4X46hJKjejg,Cphuw2hpXhw,104,5,5,unknown,3,0
20261008,UCSes4X8uDrpc4X46hJKjejg,CsvFIVtqqr0,104,5,4,UCSes4X8uDrpc4X46hJKjejg,3,0
20261008,UCSes4X8uDrpc4X46hJKjejg,CsvFIVtqqr0,101,2,5,unknown,1,0
20261008,UCSes4X8uDrpc4X46hJKjejg,CxaOeEyfWXQ,101,2,5,unknown,4,0
20261008,UCSes4X8uDrpc4X46hJKjejg,CxaOeEyfWXQ,101,9,5,unknown,1,0
20261008,UCSes4X8uDrpc4X46hJKjejg,CxaOeEyfWXQ,102,29,5,unknown,1,0
20261008,UCSes4X8uDrpc4X46hJKjejg,CxaOeEyfWXQ,104,4,5,unknown,23,0
20261008,UCSes4X8uDrpc4X46hJKjejg,CxaOeEyfWXQ,104,5,5,unknown,20,0.05
20261008,UCSes4X8uDrpc4X46hJKjejg,CxaOeEyfWXQ,105,5,5,unknown,20,0
20261008,UCSes4X8uDrpc4X46hJKjejg,CxaOeEyfWXQ,103,17,18,unknown,1,0
20261008,UCSes4X8uDrpc4X46hJKjejg,Cz8fYLAz-Uo,104,5,5,unknown,1,1
20261008,UCSes4X8uDrpc4X46hJKjejg,D8WTonjHwh8,104,5,4,UCSes4X8uDrpc4X46hJKjejg,1,0
20261008,UCSes4X8uDrpc4X46hJKjejg,D8WTonjHwh8,102,21,5,unknown,1,0
20261008,UCSes4X8uDrpc4X46hJKjejg,D8WTonjHwh8,102,26,5,unknown,1,0
20261008,UCSes4X8uDrpc4X46hJKjejg,D8WTonjHwh8,102,29,5,unknown,1,0
20261008,UCSes4X8uDrpc4X46hJKjejg,D8WTonjHwh8,104,4,5,unknown,1,0
20261008,UCSes4X8uDrpc4X46hJKjejg,D8WTonjHwh8,104,5,5,unknown,3,0
20261008,UCSes4X8uDrpc4X46hJKjejg,D8WTonjHwh8,105,5,5,unknown,2,0
20261008,UCSes4X8uDrpc4X46hJKjejg,D8WTonjHwh8,102,4,7,TrLmM4EVRYY,1,0
20261008,UCSes4X8uDrpc4X46hJKjejg,D8WTonjHwh8,101,9,14,PLX3ZLYz4-6vE2_ZNLW5AfzbHTd1jTskDl,1,0
20261008,UCSes4X8uDrpc4X46hJKjejg,D8WTonjHwh8,104,4,14,PLX3ZLYz4-6vE2_ZNLW5AfzbHTd1jTskDl,4,0
20261008,UCSes4X8uDrpc4X46hJKjejg,D8WTonjHwh8,101,9,18,unknown,1,0
20261008,UCSes4X8uDrpc4X46hJKjejg,D8WTonjHwh8,104,4,18,unknown,2,0
20261008,UCSes4X8uDrpc4X46hJKjejg,DFY-sVJGeDI,101,2,3,what-to-watch,1,0
20261008,UCSes4X8uDrpc4X46hJKjejg,DFY-sVJGeDI,101,9,3,what-to-watch,1,0
20261008,UCSes4X8uDrpc4X46hJKjejg,DFY-sVJGeDI,102,19,3,what-to-watch,1,0
20261008,UCSes4X8uDrpc4X46hJKjejg,DFY-sVJGeDI,103,17,3,what-to-watch,1,0
20261008,UCSes4X8uDrpc4X46hJKjejg,DFY-sVJGeDI,104,4,3,what-to-watch,1,0
20261008,UCSes4X8uDrpc4X46hJKjejg,DFY-sVJGeDI,104,5,3,what-to-watch,6,0.16666666666666666
20261008,UCSes4X8uDrpc4X46hJKjejg,DFY-sVJGeDI,101,2,4,UCSes4X8uDrpc4X46hJKjejg,1,0
20261008,UCSes4X8uDrpc4X46hJKjejg,DFY-sVJGeDI,102,19,4,UCSes4X8uDrpc4X46hJKjejg,1,0
20261008,UCSes4X8uDrpc4X46hJKjejg,DFY-sVJGeDI,104,5,4,UCSes4X8uDrpc4X46hJKjejg,4,0
20261008,UCSes4X8uDrpc4X46hJKjejg,DFY-sVJGeDI,101,9,5,unknown,1,0
20261008,UCSes4X8uDrpc4X46hJKjejg,DFY-sVJGeDI,104,4,5,unknown,1,0
20261008,UCSes4X8uDrpc4X46hJKjejg,DFY-sVJGeDI,104,5,7,BvHw3ddSlms,1,0
20261008,UCSes4X8uDrpc4X46hJKjejg,DFY-sVJGeDI,104,5,7,Wb7QLPaU9xo,1,0
20261008,UCSes4X8uDrpc4X46hJKjejg,DFY-sVJGeDI,104,4,7,ted-b92oUtU,1,0
20261008,UCSes4X8uDrpc4X46hJKjejg,DFY-sVJGeDI,101,9,14,PLX3ZLYz4-6vE2_ZNLW5AfzbHTd1jTskDl,1,0
20261008,UCSes4X8uDrpc4X46hJKjejg,DFY-sVJGeDI,104,4,14,PLX3ZLYz4-6vE2_ZNLW5AfzbHTd1jTskDl,10,0
20261008,UCSes4X8uDrpc4X46hJKjejg,DFY-sVJGeDI,101,9,18,unknown,1,0
20261008,UCSes4X8uDrpc4X46hJKjejg,DFY-sVJGeDI,104,4,18,unknown,2,0
20261008,UCSes4X8uDrpc4X46hJKjejg,DG0eILXywt8,105,5,5,unknown,4,0
20261008,UCSes4X8uDrpc4X46hJKjejg,DIWhhLeoXh4,101,2,4,UCSes4X8uDrpc4X46hJKjejg,1,0
20261008,UCSes4X8uDrpc4X46hJKjejg,DIWhhLeoXh4,101,9,5,unknown,1,0
20261008,UCSes4X8uDrpc4X46hJKjejg,DIWhhLeoXh4,101,9,14,PLX3ZLYz4-6vE2_ZNLW5AfzbHTd1jTskDl,2,0
20261008,UCSes4X8uDrpc4X46hJKjejg,DIX-1VvcjM4,101,2,5,unknown,2,0
20261008,UCSes4X8uDrpc4X46hJKjejg,DIX-1VvcjM4,104,4,5,unknown,1,0
20261008,UCSes4X8uDrpc4X46hJKjejg,DIX-1VvcjM4,104,5,5,unknown,1,0
20261008,UCSes4X8uDrpc4X46hJKjejg,DPoUTRP5x1Y,101,2,5,unknown,1,0
20261008,UCSes4X8uDrpc4X46hJKjejg,DPoUTRP5x1Y,104,5,5,unknown,1,0
20261008,UCSes4X8uDrpc4X46hJKjejg,DR20PV1jy9c,104,4,3,what-to-watch,1,0
20261008,UCSes4X8uDrpc4X46hJKjejg,DR20PV1jy9c,101,2,4,UCSes4X8uDrpc4X46hJKjejg,1,0
20261008,UCSes4X8uDrpc4X46hJKjejg,DR20PV1jy9c,102,1,5,unknown,1,0
20261008,UCSes4X8uDrpc4X46hJKjejg,DR20PV1jy9c,102,12,5,unknown,1,0
20261008,UCSes4X8uDrpc4X46hJKjejg,DR20PV1jy9c,104,5,5,unknown,3,0
20261008,UCSes4X8uDrpc4X46hJKjejg,DR20PV1jy9c,104,4,14,PLoO3t02dijWJ1cvyIYPEIk6mz1b1jzhAl,2,0
20261008,UCSes4X8uDrpc4X46hJKjejg,DR20PV1jy9c,104,4,14,my-likes,1,0
20261008,UCSes4X8uDrpc4X46hJKjejg,DWWO4QLAavc,103,10,5,unknown,2,0
20261008,UCSes4X8uDrpc4X46hJKjejg,DWWO4QLAavc,104,5,5,unknown,1,0
20261008,UCSes4X8uDrpc4X46hJKjejg,DYgYafn4Two,101,30,3,what-to-watch,1,0
20261008,UCSes4X8uDrpc4X46hJKjejg,DYgYafn4Two,104,4,3,what-to-watch,1,0
20261008,UCSes4X8uDrpc4X46hJKjejg,DYgYafn4Two,105,5,3,what-to-watch,1,0
20261008,UCSes4X8uDrpc4X46hJKjejg,DYgYafn4Two,101,2,4,UCSes4X8uDrpc4X46hJKjejg,2,0
20261008,UCSes4X8uDrpc4X46hJKjejg,DYgYafn4Two,101,30,4,UCSes4X8uDrpc4X46hJKjejg,1,0
20261008,UCSes4X8uDrpc4X46hJKjejg,DYgYafn4Two,104,4,4,UCSes4X8uDrpc4X46hJKjejg,5,0
20261008,UCSes4X8uDrpc4X46hJKjejg,DYgYafn4Two,104,5,4,UCSes4X8uDrpc4X46hJKjejg,7,0
20261008,UCSes4X8uDrpc4X46hJKjejg,DYgYafn4Two,101,2,5,unknown,2,0
20261008,UCSes4X8uDrpc4X46hJKjejg,DYgYafn4Two,102,1,5,unknown,1,0
20261008,UCSes4X8uDrpc4X46hJKjejg,DYgYafn4Two,102,4,5,unknown,1,0
20261008,UCSes4X8uDrpc4X46hJKjejg,DYgYafn4Two,102,12,5,unknown,1,0
20261008,UCSes4X8uDrpc4X46hJKjejg,DYgYafn4Two,102,29,5,unknown,6,0
20261008,UCSes4X8uDrpc4X46hJKjejg,DYgYafn4Two,104,4,5,unknown,1,0
20261008,UCSes4X8uDrpc4X46hJKjejg,DYgYafn4Two,104,5,5,unknown,7,0.14285714285714285
20261008,UCSes4X8uDrpc4X46hJKjejg,DYgYafn4Two,101,2,7,DkaVZ41Atj8,1,1
20261008,UCSes4X8uDrpc4X46hJKjejg,DYgYafn4Two,104,5,18,unknown,2,0
20261008,UCSes4X8uDrpc4X46hJKjejg,D_5L9kZ3jPM,104,5,3,what-to-watch,1,0
20261008,UCSes4X8uDrpc4X46hJKjejg,D_5L9kZ3jPM,104,5,4,UCSes4X8uDrpc4X46hJKjejg,4,0
20261008,UCSes4X8uDrpc4X46hJKjejg,DbC9gyEcwbQ,101,9,3,what-to-watch,1,0
20261008,UCSes4X8uDrpc4X46hJKjejg,DbC9gyEcwbQ,102,12,3,what-to-watch,1,0
20261008,UCSes4X8uDrpc4X46hJKjejg,DbC9gyEcwbQ,104,4,3,what-to-watch,1,0
20261008,UCSes4X8uDrpc4X46hJKjejg,DbC9gyEcwbQ,104,5,3,what-to-watch,7,0
20261008,UCSes4X8uDrpc4X46hJKjejg,DbC9gyEcwbQ,101,2,4,UCSes4X8uDrpc4X46hJKjejg,1,0
20261008,UCSes4X8uDrpc4X46hJKjejg,DbC9gyEcwbQ,102,26,4,UCSes4X8uDrpc4X46hJKjejg,1,0
20261008,UCSes4X8uDrpc4X46hJKjejg,DbC9gyEcwbQ,101,9,5,unknown,1,0
20261008,UCSes4X8uDrpc4X46hJKjejg,DbC9gyEcwbQ,104,5,5,unknown,5,0.2
20261008,UCSes4X8uDrpc4X46hJKjejg,DbC9gyEcwbQ,101,2,7,Bm7cQuUX34A,1,0
20261008,UCSes4X8uDrpc4X46hJKjejg,DbC9gyEcwbQ,103,10,7,okmI9MA_OJc,1,0
20261008,UCSes4X8uDrpc4X46hJKjejg,DbC9gyEcwbQ,101,9,14,PLX3ZLYz4-6vE2_ZNLW5AfzbHTd1jTskDl,2,0
20261008,UCSes4X8uDrpc4X46hJKjejg,DbC9gyEcwbQ,104,4,18,unknown,1,0
20261008,UCSes4X8uDrpc4X46hJKjejg,DbNsygUVZUQ,101,2,3,what-to-watch,3,0.33333333333333331
20261008,UCSes4X8uDrpc4X46hJKjejg,DbNsygUVZUQ,102,26,3,what-to-watch,1,0
20261008,UCSes4X8uDrpc4X46hJKjejg,DbNsygUVZUQ,104,5,3,what-to-watch,3,0
20261008,UCSes4X8uDrpc4X46hJKjejg,DbNsygUVZUQ,101,9,5,unknown,2,0.5
20261008,UCSes4X8uDrpc4X46hJKjejg,DbNsygUVZUQ,101,30,5,unknown,3,0
20261008,UCSes4X8uDrpc4X46hJKjejg,DbNsygUVZUQ,102,4,5,unknown,1,0
20261008,UCSes4X8uDrpc4X46hJKjejg,DbNsygUVZUQ,102,26,5,unknown,3,0.33333333333333331
20261008,UCSes4X8uDrpc4X46hJKjejg,DbNsygUVZUQ,104,4,5,unknown,3,0
20261008,UCSes4X8uDrpc4X46hJKjejg,DbNsygUVZUQ,104,5,5,unknown,1,0
20261008,UCSes4X8uDrpc4X46hJKjejg,DePXxIwQY1s,102,19,5,unknown,1,0
20261008,UCSes4X8uDrpc4X46hJKjejg,DiQL1Q4_4VM,104,4,3,what-to-watch,3,0
20261008,UCSes4X8uDrpc4X46hJKjejg,DiQL1Q4_4VM,101,1,5,unknown,2,0
20261008,UCSes4X8uDrpc4X46hJKjejg,DiQL1Q4_4VM,101,2,5,unknown,4,0
20261008,UCSes4X8uDrpc4X46hJKjejg,DiQL1Q4_4VM,101,9,5,unknown,4,0.25
20261008,UCSes4X8uDrpc4X46hJKjejg,DiQL1Q4_4VM,102,29,5,unknown,1,0
20261008,UCSes4X8uDrpc4X46hJKjejg,DiQL1Q4_4VM,104,4,5,unknown,5,0
20261008,UCSes4X8uDrpc4X46hJKjejg,DiQL1Q4_4VM,104,5,5,unknown,11,0.090909090909090912
20261008,UCSes4X8uDrpc4X46hJKjejg,DiQL1Q4_4VM,105,5,5,unknown,3,0
20261008,UCSes4X8uDrpc4X46hJKjejg,DjhN1oAGTYA,101,2,3,what-to-watch,8,0
20261008,UCSes4X8uDrpc4X46hJKjejg,DjhN1oAGTYA,101,9,3,what-to-watch,7,0
20261008,UCSes4X8uDrpc4X46hJKjejg,DjhN1oAGTYA,101,30,3,what-to-watch,1,0
20261008,UCSes4X8uDrpc4X46hJKjejg,DjhN1oAGTYA,102,4,3,what-to-watch,8,0
20261008,UCSes4X8uDrpc4X46hJKjejg,DjhN1oAGTYA,102,12,3,what-to-watch,1,0
20261008,UCSes4X8uDrpc4X46hJKjejg,DjhN1oAGTYA,102,19,3,what-to-watch,10,0
20261008,UCSes4X8uDrpc4X46hJKjejg,DjhN1oAGTYA,102,26,3,what-to-watch,2,0
20261008,UCSes4X8uDrpc4X46hJKjejg,DjhN1oAGTYA,102,28,3,what-to-watch,1,0
20261008,UCSes4X8uDrpc4X46hJKjejg,DjhN1oAGTYA,102,29,3,what-to-watch,8,0
20261008,UCSes4X8uDrpc4X46hJKjejg,DjhN1oAGTYA,102,31,3,what-to-watch,1,0
20261008,UCSes4X8uDrpc4X46hJKjejg,DjhN1oAGTYA,103,10,3,what-to-watch,5,0
20261008,UCSes4X8uDrpc4X46hJKjejg,DjhN1oAGTYA,103,17,3,what-to-watch,3,0
20261008,UCSes4X8uDrpc4X46hJKjejg,DjhN1oAGTYA,104,4,3,what-to-watch,8,0.125
20261008,UCSes4X8uDrpc4X46hJKjejg,DjhN1oAGTYA,104,5,3,what-to-watch,17,0.058823529411764705
20261008,UCSes4X8uDrpc4X46hJKjejg,DjhN1oAGTYA,105,5,3,what-to-watch,9,0
20261008,UCSes4X8uDrpc4X46hJKjejg,DjhN1oAGTYA,101,2,4,UCSes4X8uDrpc4X46hJKjejg,1,0
20261008,UCSes4X8uDrpc4X46hJKjejg,DjhN1oAGTYA,101,30,4,UCSes4X8uDrpc4X46hJKjejg,1,0
20261008,UCSes4X8uDrpc4X46hJKjejg,DjhN1oAGTYA,104,4,4,UCSes4X8uDrpc4X46hJKjejg,5,0
20261008,UCSes4X8uDrpc4X46hJKjejg,DjhN1oAGTYA,104,5,4,UCSes4X8uDrpc4X46hJKjejg,7,0
20261008,UCSes4X8uDrpc4X46hJKjejg,DjhN1oAGTYA,101,2,7,4R19jEMg6fE,1,0
20261008,UCSes4X8uDrpc4X46hJKjejg,DjhN1oAGTYA,101,9,7,7tD9oW-xfGI,1,0
20261008,UCSes4X8uDrpc4X46hJKjejg,DjhN1oAGTYA,104,4,7,S2xYYb5ICwU,1,1
20261008,UCSes4X8uDrpc4X46hJKjejg,DjhN1oAGTYA,104,5,7,TCQOB2LdOWU,1,0
20261008,UCSes4X8uDrpc4X46hJKjejg,DjhN1oAGTYA,104,4,7,W4-KWuHkePM,1,1
20261008,UCSes4X8uDrpc4X46hJKjejg,DjhN1oAGTYA,104,4,7,bgZvmSycAmU,1,0
20261008,UCSes4X8uDrpc4X46hJKjejg,DjhN1oAGTYA,104,5,7,cy3h2zzvkRM,1,0
20261008,UCSes4X8uDrpc4X46hJKjejg,DjhN1oAGTYA,102,26,7,dspGg8Qx99Y,1,0
20261008,UCSes4X8uDrpc4X46hJKjejg,DjhN1oAGTYA,104,5,7,ieOXLUqkOYY,1,0
20261008,UCSes4X8uDrpc4X46hJKjejg,DjhN1oAGTYA,104,4,7,mziyodYeev0,1,0
20261008,UCSes4X8uDrpc4X46hJKjejg,DjhN1oAGTYA,101,2,7,qV4-ufFi3Sk,1,0
20261008,UCSes4X8uDrpc4X46hJKjejg,DjhN1oAGTYA,104,4,7,sIK8GYAdhF4,1,0
20261008,UCSes4X8uDrpc4X46hJKjejg,DjhN1oAGTYA,104,5,7,ucwym9sWya0,1,0
20261008,UCSes4X8uDrpc4X46hJKjejg,DjhN1oAGTYA,102,29,7,wwdwoHLzIek,1,0
20261008,UCSes4X8uDrpc4X46hJKjejg,DjhN1oAGTYA,101,2,7,z_BuxU8Kc6g,1,0
20261008,UCSes4X8uDrpc4X46hJKjejg,Dk2ytLRPZUA,102,29,3,what-to-watch,1,0
20261008,UCSes4X8uDrpc4X46hJKjejg,DnybI8N-RX4,104,5,4,UCSes4X8uDrpc4X46hJKjejg,1,0
20261008,UCSes4X8uDrpc4X46hJKjejg,DnybI8N-RX4,101,9,14,PLX3ZLYz4-6vE2_ZNLW5AfzbHTd1jTskDl,1,0
20261008,UCSes4X8uDrpc4X46hJKjejg,DnybI8N-RX4,104,4,14,PLX3ZLYz4-6vE2_ZNLW5AfzbHTd1jTskDl,4,0
20261008,UCSes4X8uDrpc4X46hJKjejg,DnybI8N-RX4,101,9,18,unknown,1,0
20261008,UCSes4X8uDrpc4X46hJKjejg,DnybI8N-RX4,104,4,18,unknown,2,0
20261008,UCSes4X8uDrpc4X46hJKjejg,Dp0PHuGz1EA,104,4,18,unknown,1,0
20261008,UCSes4X8uDrpc4X46hJKjejg,Dpem_E0sY4c,104,5,3,what-to-watch,1,0
20261008,UCSes4X8uDrpc4X46hJKjejg,DyBiLsI4jUs,101,9,5,unknown,1,0
20261008,UCSes4X8uDrpc4X46hJKjejg,DyBiLsI4jUs,101,9,14,PLX3ZLYz4-6vE2_ZNLW5AfzbHTd1jTskDl,1,0
20261008,UCSes4X8uDrpc4X46hJKjejg,DyTbPYc9g_o,104,4,4,UCSes4X8uDrpc4X46hJKjejg,2,0
20261008,UCSes4X8uDrpc4X46hJKjejg,DyTbPYc9g_o,104,5,5,unknown,2,0
20261008,UCSes4X8uDrpc4X46hJKjejg,DyTbPYc9g_o,104,5,18,unknown,1,0
20261008,UCSes4X8uDrpc4X46hJKjejg,E-J3fF0bqHo,104,5,4,UCSes4X8uDrpc4X46hJKjejg,4,0
20261008,UCSes4X8uDrpc4X46hJKjejg,E2YsFlwkbwg,101,30,3,what-to-watch,1,0
20261008,UCSes4X8uDrpc4X46hJKjejg,E2YsFlwkbwg,104,4,4,UCSes4X8uDrpc4X46hJKjejg,1,0
20261008,UCSes4X8uDrpc4X46hJKjejg,E2YsFlwkbwg,101,2,5,unknown,2,0
20261008,UCSes4X8uDrpc4X46hJKjejg,E2YsFlwkbwg,101,9,5,unknown,2,0
20261008,UCSes4X8uDrpc4X46hJKjejg,E2YsFlwkbwg,101,30,5,unknown,1,0
20261008,UCSes4X8uDrpc4X46hJKjejg,E2YsFlwkbwg,102,12,5,unknown,1,0
20261008,UCSes4X8uDrpc4X46hJKjejg,E2YsFlwkbwg,104,4,5,unknown,8,0.25
20261008,UCSes4X8uDrpc4X46hJKjejg,E2YsFlwkbwg,104,5,5,unknown,7,0
20261008,UCSes4X8uDrpc4X46hJKjejg,E6RZRY73Sho,104,4,5,unknown,6,0
20261008,UCSes4X8uDrpc4X46hJKjejg,E6RZRY73Sho,104,5,5,unknown,7,0
20261008,UCSes4X8uDrpc4X46hJKjejg,ED8GlLr9Eoc,104,4,3,what-to-watch,1,0
20261008,UCSes4X8uDrpc4X46hJKjejg,ED8GlLr9Eoc,102,26,4,UCLh4znMEEDzabMHw-Ob0Cpg,1,0
20261008,UCSes4X8uDrpc4X46hJKjejg,ED8GlLr9Eoc,102,26,4,UCSes4X8uDrpc4X46hJKjejg,1,0
20261008,UCSes4X8uDrpc4X46hJKjejg,ED8GlLr9Eoc,104,5,4,UCSes4X8uDrpc4X46hJKjejg,2,0
20261008,UCSes4X8uDrpc4X46hJKjejg,ED8GlLr9Eoc,101,2,5,unknown,2,0
20261008,UCSes4X8uDrpc4X46hJKjejg,ED8GlLr9Eoc,102,4,5,unknown,1,0
20261008,UCSes4X8uDrpc4X46hJKjejg,ED8GlLr9Eoc,102,26,5,unknown,1,0
20261008,UCSes4X8uDrpc4X46hJKjejg,ED8GlLr9Eoc,104,4,5,unknown,1,0
20261008,UCSes4X8uDrpc4X46hJKjejg,ED8GlLr9Eoc,104,5,5,unknown,2,0.5
20261008,UCSes4X8uDrpc4X46hJKjejg,ED8GlLr9Eoc,101,2,7,0bmB7R6Tfxc,1,0
20261008,UCSes4X8uDrpc4X46hJKjejg,ED8GlLr9Eoc,101,9,7,BprSVkRZCjA,1,0
20261008,UCSes4X8uDrpc4X46hJKjejg,ED8GlLr9Eoc,102,4,7,CJeLwe-KDw4,1,0
20261008,UCSes4X8uDrpc4X46hJKjejg,ED8GlLr9Eoc,101,2,7,R7HsD45pedw,1,0
20261008,UCSes4X8uDrpc4X46hJKjejg,ED8GlLr9Eoc,102,26,7,R7HsD45pedw,1,0
20261008,UCSes4X8uDrpc4X46hJKjejg,ED8GlLr9Eoc,101,2,7,vEY57-BLsE8,1,0
20261008,UCSes4X8uDrpc4X46hJKjejg,ED8GlLr9Eoc,104,5,18,unknown,2,0
20261008,UCSes4X8uDrpc4X46hJKjejg,EEz09HgF63M,101,9,4,UCSes4X8uDrpc4X46hJKjejg,1,0
20261008,UCSes4X8uDrpc4X46hJKjejg,EEz09HgF63M,104,4,4,UCSes4X8uDrpc4X46hJKjejg,5,0
20261008,UCSes4X8uDrpc4X46hJKjejg,EEz09HgF63M,104,5,4,UCSes4X8uDrpc4X46hJKjejg,3,0
20261008,UCSes4X8uDrpc4X46hJKjejg,EEz09HgF63M,101,2,5,unknown,1,0
20261008,UCSes4X8uDrpc4X46hJKjejg,EEz09HgF63M,101,9,5,unknown,1,0
20261008,UCSes4X8uDrpc4X46hJKjejg,EEz09HgF63M,102,26,5,unknown,1,0
20261008,UCSes4X8uDrpc4X46hJKjejg,EIUqX3av_G0,104,4,5,unknown,6,0
20261008,UCSes4X8uDrpc4X46hJKjejg,EIUqX3av_G0,104,5,5,unknown,2,0
20261008,UCSes4X8uDrpc4X46hJKjejg,EMeSDakpP-Y,101,2,4,UCSes4X8uDrpc4X46hJKjejg,1,0
20261008,UCSes4X8uDrpc4X46hJKjejg,EPmWRmZHVbE,104,5,5,unknown,1,0
20261008,UCSes4X8uDrpc4X46hJKjejg,EXmEyigb8hI,104,4,5,unknown,1,0
20261008,UCSes4X8uDrpc4X46hJKjejg,EXmEyigb8hI,104,5,5,unknown,6,0
20261008,UCSes4X8uDrpc4X46hJKjejg,EZ7WjfAU1MI,101,1,3,what-to-watch,1,0
20261008,UCSes4X8uDrpc4X46hJKjejg,EZ7WjfAU1MI,101,2,3,what-to-watch,1,0
20261008,UCSes4X8uDrpc4X46hJKjejg,EZ7WjfAU1MI,101,9,3,what-to-watch,1,0
20261008,UCSes4X8uDrpc4X46hJKjejg,EZ7WjfAU1MI,104,4,3,what-to-watch,1,0
20261008,UCSes4X8uDrpc4X46hJKjejg,EZ7WjfAU1MI,104,5,3,what-to-watch,1,0
20261008,UCSes4X8uDrpc4X46hJKjejg,EZ7WjfAU1MI,101,2,4,UCSes4X8uDrpc4X46hJKjejg,1,0
20261008,UCSes4X8uDrpc4X46hJKjejg,EZ7WjfAU1MI,104,5,4,UCSes4X8uDrpc4X46hJKjejg,2,0
20261008,UCSes4X8uDrpc4X46hJKjejg,EZ7WjfAU1MI,101,2,5,unknown,1,0
20261008,UCSes4X8uDrpc4X46hJKjejg,EZ7WjfAU1MI,104,5,5,unknown,1,0
20261008,UCSes4X8uDrpc4X46hJKjejg,EZ7WjfAU1MI,104,5,7,0OcHWXM6Z2M,1,0
20261008,UCSes4X8uDrpc4X46hJKjejg,EZ7WjfAU1MI,101,1,7,BeZUS-lZ4qs,1,0
20261008,UCSes4X8uDrpc4X46hJKjejg,EZ7WjfAU1MI,101,2,7,BeZUS-lZ4qs,1,0
20261008,UCSes4X8uDrpc4X46hJKjejg,EZ7WjfAU1MI,104,4,7,BeZUS-lZ4qs,2,0
20261008,UCSes4X8uDrpc4X46hJKjejg,EZ7WjfAU1MI,101,9,14,PLX3ZLYz4-6vE2_ZNLW5AfzbHTd1jTskDl,1,0
20261008,UCSes4X8uDrpc4X46hJKjejg,EZ7WjfAU1MI,104,4,14,PLX3ZLYz4-6vE2_ZNLW5AfzbHTd1jTskDl,7,0
20261008,UCSes4X8uDrpc4X46hJKjejg,EZ7WjfAU1MI,101,9,18,unknown,1,0
20261008,UCSes4X8uDrpc4X46hJKjejg,EZ7WjfAU1MI,104,4,18,unknown,2,0
20261008,UCSes4X8uDrpc4X46hJKjejg,EZ7WjfAU1MI,104,5,18,unknown,1,0
20261008,UCSes4X8uDrpc4X46hJKjejg,E_QIN76-3cY,104,4,4,UCSes4X8uDrpc4X46hJKjejg,1,0
20261008,UCSes4X8uDrpc4X46hJKjejg,E_QIN76-3cY,101,2,5,unknown,1,0
20261008,UCSes4X8uDrpc4X46hJKjejg,E_QIN76-3cY,101,9,5,unknown,1,0
20261008,UCSes4X8uDrpc4X46hJKjejg,E_QIN76-3cY,103,27,5,unknown,1,0
20261008,UCSes4X8uDrpc4X46hJKjejg,E_QIN76-3cY,104,5,5,unknown,4,0
20261008,UCSes4X8uDrpc4X46hJKjejg,EbhQDO2KckU,101,2,3,what-to-watch,1,0
20261008,UCSes4X8uDrpc4X46hJKjejg,EbhQDO2KckU,102,4,3,what-to-watch,1,0
20261008,UCSes4X8uDrpc4X46hJKjejg,EbhQDO2KckU,102,19,3,what-to-watch,1,0
20261008,UCSes4X8uDrpc4X46hJKjejg,EbhQDO2KckU,102,26,3,what-to-watch,3,0
20261008,UCSes4X8uDrpc4X46hJKjejg,EbhQDO2KckU,102,29,3,what-to-watch,4,0
20261008,UCSes4X8uDrpc4X46hJKjejg,EbhQDO2KckU,104,5,3,what-to-watch,1,0
20261008,UCSes4X8uDrpc4X46hJKjejg,EbhQDO2KckU,105,5,3,what-to-watch,1,0
20261008,UCSes4X8uDrpc4X46hJKjejg,EhrQWOgY03w,101,2,3,what-to-watch,2,0
20261008,UCSes4X8uDrpc4X46hJKjejg,EhrQWOgY03w,101,9,3,what-to-watch,3,0
20261008,UCSes4X8uDrpc4X46hJKjejg,EhrQWOgY03w,102,12,3,what-to-watch,1,0
20261008,UCSes4X8uDrpc4X46hJKjejg,EhrQWOgY03w,102,26,3,what-to-watch,1,0
20261008,UCSes4X8uDrpc4X46hJKjejg,EhrQWOgY03w,103,17,3,what-to-watch,1,0
20261008,UCSes4X8uDrpc4X46hJKjejg,EhrQWOgY03w,104,4,3,what-to-watch,4,0
20261008,UCSes4X8uDrpc4X46hJKjejg,EhrQWOgY03w,104,5,3,what-to-watch,1,0
20261008,UCSes4X8uDrpc4X46hJKjejg,EhrQWOgY03w,101,2,4,UCSes4X8uDrpc4X46hJKjejg,2,0
20261008,UCSes4X8uDrpc4X46hJKjejg,EhrQWOgY03w,104,4,4,UCSes4X8uDrpc4X46hJKjejg,1,0
20261008,UCSes4X8uDrpc4X46hJKjejg,EhrQWOgY03w,101,9,5,unknown,1,0
20261008,UCSes4X8uDrpc4X46hJKjejg,EhrQWOgY03w,102,12,5,unknown,2,0
20261008,UCSes4X8uDrpc4X46hJKjejg,EhrQWOgY03w,102,26,5,unknown,1,0
20261008,UCSes4X8uDrpc4X46hJKjejg,EhrQWOgY03w,104,5,5,unknown,6,0
20261008,UCSes4X8uDrpc4X46hJKjejg,EhrQWOgY03w,104,4,7,OQ7M-fA5Xkc,1,0
20261008,UCSes4X8uDrpc4X46hJKjejg,EhrQWOgY03w,101,2,7,QtCk8ntMX4U,1,0
20261008,UCSes4X8uDrpc4X46hJKjejg,EhrQWOgY03w,104,5,7,Rl73WZoqKzE,1,0
20261008,UCSes4X8uDrpc4X46hJKjejg,EhrQWOgY03w,102,19,7,UxZ-yX62fFE,1,0
20261008,UCSes4X8uDrpc4X46hJKjejg,EhrQWOgY03w,104,4,7,li9XFwuqPt8,1,0
20261008,UCSes4X8uDrpc4X46hJKjejg,EhrQWOgY03w,104,4,18,unknown,2,0
20261008,UCSes4X8uDrpc4X46hJKjejg,Eq7vUvp8o_s,101,2,4,UCSes4X8uDrpc4X46hJKjejg,1,0
20261008,UCSes4X8uDrpc4X46hJKjejg,Eq7vUvp8o_s,104,5,7,WcIsFX-2ykQ,1,0
20261008,UCSes4X8uDrpc4X46hJKjejg,Ey6xyzJD_2s,104,4,4,UCSes4X8uDrpc4X46hJKjejg,1,0
20261008,UCSes4X8uDrpc4X46hJKjejg,Ey6xyzJD_2s,101,2,5,unknown,4,0
20261008,UCSes4X8uDrpc4X46hJKjejg,Ey6xyzJD_2s,104,4,5,unknown,6,0.16666666666666666
20261008,UCSes4X8uDrpc4X46hJKjejg,Ey6xyzJD_2s,104,5,5,unknown,5,0
20261008,UCSes4X8uDrpc4X46hJKjejg,EyBCBMNdqwg,104,5,4,UCSes4X8uDrpc4X46hJKjejg,2,0
20261008,UCSes4X8uDrpc4X46hJKjejg,F0PO_64UfwU,101,2,3,what-to-watch,2,0
20261008,UCSes4X8uDrpc4X46hJKjejg,F0PO_64UfwU,102,1,3,what-to-watch,2,0
20261008,UCSes4X8uDrpc4X46hJKjejg,F0PO_64UfwU,102,4,3,what-to-watch,4,0
20261008,UCSes4X8uDrpc4X46hJKjejg,F0PO_64UfwU,102,12,3,what-to-watch,1,0
20261008,UCSes4X8uDrpc4X46hJKjejg,F0PO_64UfwU,102,19,3,what-to-watch,8,0
20261008,UCSes4X8uDrpc4X46hJKjejg,F0PO_64UfwU,102,26,3,what-to-watch,3,0
20261008,UCSes4X8uDrpc4X46hJKjejg,F0PO_64UfwU,102,28,3,what-to-watch,1,0
20261008,UCSes4X8uDrpc4X46hJKjejg,F0PO_64UfwU,102,29,3,what-to-watch,6,0
20261008,UCSes4X8uDrpc4X46hJKjejg,F0PO_64UfwU,103,10,3,what-to-watch,1,0
20261008,UCSes4X8uDrpc4X46hJKjejg,F0PO_64UfwU,104,4,3,what-to-watch,48,0.083333333333333329
20261008,UCSes4X8uDrpc4X46hJKjejg,F0PO_64UfwU,104,5,3,what-to-watch,14,0
20261008,UCSes4X8uDrpc4X46hJKjejg,F0PO_64UfwU,101,2,4,UCSes4X8uDrpc4X46hJKjejg,1,0
20261008,UCSes4X8uDrpc4X46hJKjejg,F0PO_64UfwU,104,4,4,UCSes4X8uDrpc4X46hJKjejg,1,1
20261008,UCSes4X8uDrpc4X46hJKjejg,F0PO_64UfwU,101,2,5,unknown,1,0
20261008,UCSes4X8uDrpc4X46hJKjejg,F0PO_64UfwU,102,29,5,unknown,1,0
20261008,UCSes4X8uDrpc4X46hJKjejg,F0PO_64UfwU,104,4,5,unknown,8,0
20261008,UCSes4X8uDrpc4X46hJKjejg,F0PO_64UfwU,104,5,5,unknown,2,0
20261008,UCSes4X8uDrpc4X46hJKjejg,F0PO_64UfwU,104,4,7,231X3PW3DHw,1,0
20261008,UCSes4X8uDrpc4X46hJKjejg,F0PO_64UfwU,101,9,7,VvQQRo6bIDw,1,0
20261008,UCSes4X8uDrpc4X46hJKjejg,F0PO_64UfwU,104,5,7,VvQQRo6bIDw,1,0
20261008,UCSes4X8uDrpc4X46hJKjejg,F0PO_64UfwU,104,4,7,Y4k2HqgDGwE,1,0
20261008,UCSes4X8uDrpc4X46hJKjejg,F0PO_64UfwU,104,5,7,Y4k2HqgDGwE,1,1
20261008,UCSes4X8uDrpc4X46hJKjejg,F0PO_64UfwU,101,2,7,Y7PFPeqY03I,1,0
20261008,UCSes4X8uDrpc4X46hJKjejg,F0PO_64UfwU,104,4,14,QP,12,0
20261008,UCSes4X8uDrpc4X46hJKjejg,F6egIxw3-5E,102,29,3,what-to-watch,1,0
20261008,UCSes4X8uDrpc4X46hJKjejg,F6egIxw3-5E,101,2,4,UCSes4X8uDrpc4X46hJKjejg,1,0
20261008,UCSes4X8uDrpc4X46hJKjejg,F6egIxw3-5E,101,9,5,unknown,1,0
20261008,UCSes4X8uDrpc4X46hJKjejg,F6egIxw3-5E,101,9,14,PLX3ZLYz4-6vE2_ZNLW5AfzbHTd1jTskDl,1,0
20261008,UCSes4X8uDrpc4X46hJKjejg,FC36sHokYnk,101,2,3,what-to-watch,9,0.1111111111111111
20261008,UCSes4X8uDrpc4X46hJKjejg,FC36sHokYnk,101,9,3,what-to-watch,15,0.46666666666666667
20261008,UCSes4X8uDrpc4X46hJKjejg,FC36sHokYnk,102,4,3,what-to-watch,2,0
20261008,UCSes4X8uDrpc4X46hJKjejg,FC36sHokYnk,102,19,3,what-to-watch,1,0
20261008,UCSes4X8uDrpc4X46hJKjejg,FC36sHokYnk,102,26,3,what-to-watch,3,0
20261008,UCSes4X8uDrpc4X46hJKjejg,FC36sHokYnk,102,28,3,what-to-watch,4,0
20261008,UCSes4X8uDrpc4X46hJKjejg,FC36sHokYnk,102,29,3,what-to-watch,2,0.5
20261008,UCSes4X8uDrpc4X46hJKjejg,FC36sHokYnk,102,31,3,what-to-watch,2,0.5
20261008,UCSes4X8uDrpc4X46hJKjejg,FC36sHokYnk,103,10,3,what-to-watch,2,0
20261008,UCSes4X8uDrpc4X46hJKjejg,FC36sHokYnk,103,17,3,what-to-watch,3,0
20261008,UCSes4X8uDrpc4X46hJKjejg,FC36sHokYnk,104,4,3,what-to-watch,13,0.076923076923076927
20261008,UCSes4X8uDrpc4X46hJKjejg,FC36sHokYnk,104,5,3,what-to-watch,18,0.055555555555555552
20261008,UCSes4X8uDrpc4X46hJKjejg,FC36sHokYnk,105,5,3,what-to-watch,2,0
20261008,UCSes4X8uDrpc4X46hJKjejg,FC36sHokYnk,101,2,4,UCSes4X8uDrpc4X46hJKjejg,1,0
20261008,UCSes4X8uDrpc4X46hJKjejg,FC36sHokYnk,104,4,4,UCSes4X8uDrpc4X46hJKjejg,3,0
20261008,UCSes4X8uDrpc4X46hJKjejg,FC36sHokYnk,104,5,4,UCSes4X8uDrpc4X46hJKjejg,1,0
20261008,UCSes4X8uDrpc4X46hJKjejg,FC36sHokYnk,101,2,5,unknown,6,0.16666666666666666
20261008,UCSes4X8uDrpc4X46hJKjejg,FC36sHokYnk,101,9,5,unknown,1,0
20261008,UCSes4X8uDrpc4X46hJKjejg,FC36sHokYnk,104,4,5,unknown,5,0.2
20261008,UCSes4X8uDrpc4X46hJKjejg,FC36sHokYnk,104,5,5,unknown,13,0.076923076923076927
20261008,UCSes4X8uDrpc4X46hJKjejg,FC36sHokYnk,101,2,7,0fW5ZQDtCx0,1,0
20261008,UCSes4X8uDrpc4X46hJKjejg,FC36sHokYnk,101,2,7,2HDHM3xXNqw,1,0
20261008,UCSes4X8uDrpc4X46hJKjejg,FC36sHokYnk,104,5,7,3Us2P431DHE,1,0
20261008,UCSes4X8uDrpc4X46hJKjejg,FC36sHokYnk,101,2,7,E4t1xlX5j-c,1,0
20261008,UCSes4X8uDrpc4X46hJKjejg,FC36sHokYnk,101,2,7,Ee8DTzEQEOY,2,0
20261008,UCSes4X8uDrpc4X46hJKjejg,FC36sHokYnk,101,2,7,SKjEAfe9z2s,2,0.5
20261008,UCSes4X8uDrpc4X46hJKjejg,FC36sHokYnk,101,2,7,T34pSHwKLpU,1,0
20261008,UCSes4X8uDrpc4X46hJKjejg,FC36sHokYnk,101,2,7,TjDchdKzb-Q,3,0
20261008,UCSes4X8uDrpc4X46hJKjejg,FC36sHokYnk,101,2,7,blF8-s-_yak,1,0
20261008,UCSes4X8uDrpc4X46hJKjejg,FC36sHokYnk,101,9,7,cS5GFH3SiZQ,1,0
20261008,UCSes4X8uDrpc4X46hJKjejg,FC36sHokYnk,101,9,7,d58YSsmtVWY,1,0
20261008,UCSes4X8uDrpc4X46hJKjejg,FC36sHokYnk,101,2,7,fQwPKlflonQ,1,0
20261008,UCSes4X8uDrpc4X46hJKjejg,FC36sHokYnk,101,9,7,fQwPKlflonQ,1,0
20261008,UCSes4X8uDrpc4X46hJKjejg,FC36sHokYnk,104,4,7,fQwPKlflonQ,1,0
20261008,UCSes4X8uDrpc4X46hJKjejg,FC36sHokYnk,104,5,7,fQwPKlflonQ,1,0
20261008,UCSes4X8uDrpc4X46hJKjejg,FC36sHokYnk,101,2,7,gO8sd7XWUqs,1,0
20261008,UCSes4X8uDrpc4X46hJKjejg,FC36sHokYnk,104,5,14,QP,3,0
20261008,UCSes4X8uDrpc4X46hJKjejg,FC36sHokYnk,104,4,18,unknown,1,0
20261008,UCSes4X8uDrpc4X46hJKjejg,FC9SXJJKjBY,104,4,5,unknown,2,0
20261008,UCSes4X8uDrpc4X46hJKjejg,FCAC9ZyPn_4,101,1,3,what-to-watch,2,0
20261008,UCSes4X8uDrpc4X46hJKjejg,FCAC9ZyPn_4,101,2,3,what-to-watch,34,0.088235294117647065
20261008,UCSes4X8uDrpc4X46hJKjejg,FCAC9ZyPn_4,101,9,3,what-to-watch,7,0.14285714285714285
20261008,UCSes4X8uDrpc4X46hJKjejg,FCAC9ZyPn_4,102,4,3,what-to-watch,6,0.16666666666666666
20261008,UCSes4X8uDrpc4X46hJKjejg,FCAC9ZyPn_4,102,12,3,what-to-watch,2,0
20261008,UCSes4X8uDrpc4X46hJKjejg,FCAC9ZyPn_4,102,19,3,what-to-watch,1,0
20261008,UCSes4X8uDrpc4X46hJKjejg,FCAC9ZyPn_4,102,26,3,what-to-watch,6,0
20261008,UCSes4X8uDrpc4X46hJKjejg,FCAC9ZyPn_4,102,28,3,what-to-watch,3,0.33333333333333331
20261008,UCSes4X8uDrpc4X46hJKjejg,FCAC9ZyPn_4,102,29,3,what-to-watch,2,0
20261008,UCSes4X8uDrpc4X46hJKjejg,FCAC9ZyPn_4,103,10,3,what-to-watch,2,0
20261008,UCSes4X8uDrpc4X46hJKjejg,FCAC9ZyPn_4,104,4,3,what-to-watch,13,0
20261008,UCSes4X8uDrpc4X46hJKjejg,FCAC9ZyPn_4,104,5,3,what-to-watch,19,0.15789473684210525
20261008,UCSes4X8uDrpc4X46hJKjejg,FCAC9ZyPn_4,105,5,3,what-to-watch,23,0.043478260869565216
20261008,UCSes4X8uDrpc4X46hJKjejg,FCAC9ZyPn_4,101,2,4,UCSes4X8uDrpc4X46hJKjejg,1,0
20261008,UCSes4X8uDrpc4X46hJKjejg,FCAC9ZyPn_4,104,5,4,UCSes4X8uDrpc4X46hJKjejg,4,0
20261008,UCSes4X8uDrpc4X46hJKjejg,FCAC9ZyPn_4,101,2,5,unknown,1,0
20261008,UCSes4X8uDrpc4X46hJKjejg,FCAC9ZyPn_4,101,9,5,unknown,3,0
20261008,UCSes4X8uDrpc4X46hJKjejg,FCAC9ZyPn_4,102,1,5,unknown,1,0
20261008,UCSes4X8uDrpc4X46hJKjejg,FCAC9ZyPn_4,102,4,5,unknown,1,0
20261008,UCSes4X8uDrpc4X46hJKjejg,FCAC9ZyPn_4,102,26,5,unknown,1,0
20261008,UCSes4X8uDrpc4X46hJKjejg,FCAC9ZyPn_4,103,10,5,unknown,1,0
20261008,UCSes4X8uDrpc4X46hJKjejg,FCAC9ZyPn_4,104,4,5,unknown,5,0
20261008,UCSes4X8uDrpc4X46hJKjejg,FCAC9ZyPn_4,104,5,5,unknown,2,0.5
20261008,UCSes4X8uDrpc4X46hJKjejg,FCAC9ZyPn_4,101,2,7,-cC8FEnNczo,1,0
20261008,UCSes4X8uDrpc4X46hJKjejg,FCAC9ZyPn_4,104,5,7,-cC8FEnNczo,1,0
20261008,UCSes4X8uDrpc4X46hJKjejg,FCAC9ZyPn_4,101,2,7,MEHDJ9V-lIk,1,0
20261008,UCSes4X8uDrpc4X46hJKjejg,FCAC9ZyPn_4,103,17,7,MEHDJ9V-lIk,1,0
20261008,UCSes4X8uDrpc4X46hJKjejg,FCAC9ZyPn_4,104,4,7,MEHDJ9V-lIk,1,0
20261008,UCSes4X8uDrpc4X46hJKjejg,FCAC9ZyPn_4,104,5,7,MEHDJ9V-lIk,2,0
20261008,UCSes4X8uDrpc4X46hJKjejg,FCAC9ZyPn_4,101,2,7,MJD60bDcjp4,1,0
20261008,UCSes4X8uDrpc4X46hJKjejg,FCAC9ZyPn_4,101,2,7,NPq7ENyjY-E,1,0
20261008,UCSes4X8uDrpc4X46hJKjejg,FCAC9ZyPn_4,104,4,7,NPq7ENyjY-E,1,0
20261008,UCSes4X8uDrpc4X46hJKjejg,FCAC9ZyPn_4,101,2,7,jZz7CpTQZfc,1,0
20261008,UCSes4X8uDrpc4X46hJKjejg,FCAC9ZyPn_4,104,4,7,nsiN0W15w0U,1,0
20261008,UCSes4X8uDrpc4X46hJKjejg,FCAC9ZyPn_4,105,5,7,qTLy5vyslD0,1,0
20261008,UCSes4X8uDrpc4X46hJKjejg,FCAC9ZyPn_4,104,5,18,unknown,1,0
20261008,UCSes4X8uDrpc4X46hJKjejg,FGUk0jrtbH4,101,2,4,UCSes4X8uDrpc4X46hJKjejg,1,0
20261008,UCSes4X8uDrpc4X46hJKjejg,FGUk0jrtbH4,101,9,5,unknown,1,0
20261008,UCSes4X8uDrpc4X46hJKjejg,FGUk0jrtbH4,101,9,14,PLX3ZLYz4-6vE2_ZNLW5AfzbHTd1jTskDl,2,0
20261008,UCSes4X8uDrpc4X46hJKjejg,FHEr2eQEoLc,101,9,3,what-to-watch,2,0
20261008,UCSes4X8uDrpc4X46hJKjejg,FHEr2eQEoLc,102,4,3,what-to-watch,6,0
20261008,UCSes4X8uDrpc4X46hJKjejg,FHEr2eQEoLc,104,4,3,what-to-watch,1,0
20261008,UCSes4X8uDrpc4X46hJKjejg,FHEr2eQEoLc,104,5,3,what-to-watch,2,0
20261008,UCSes4X8uDrpc4X46hJKjejg,FHEr2eQEoLc,105,5,3,what-to-watch,1,0
20261008,UCSes4X8uDrpc4X46hJKjejg,FHEr2eQEoLc,101,2,4,UCSes4X8uDrpc4X46hJKjejg,1,0
20261008,UCSes4X8uDrpc4X46hJKjejg,FHEr2eQEoLc,104,4,5,unknown,2,0.5
20261008,UCSes4X8uDrpc4X46hJKjejg,FHEr2eQEoLc,104,5,5,unknown,1,0
20261008,UCSes4X8uDrpc4X46hJKjejg,FHEr2eQEoLc,101,2,7,3Pwe8Qcqa_8,1,0
20261008,UCSes4X8uDrpc4X46hJKjejg,FHEr2eQEoLc,104,5,18,unknown,1,0
20261008,UCSes4X8uDrpc4X46hJKjejg,FIPueBGagWs,101,2,3,what-to-watch,4,0
20261008,UCSes4X8uDrpc4X46hJKjejg,FIPueBGagWs,101,9,3,what-to-watch,4,0
20261008,UCSes4X8uDrpc4X46hJKjejg,FIPueBGagWs,102,4,3,what-to-watch,1,0
20261008,UCSes4X8uDrpc4X46hJKjejg,FIPueBGagWs,102,12,3,what-to-watch,1,0
20261008,UCSes4X8uDrpc4X46hJKjejg,FIPueBGagWs,102,26,3,what-to-watch,6,0
20261008,UCSes4X8uDrpc4X46hJKjejg,FIPueBGagWs,102,29,3,what-to-watch,1,0
20261008,UCSes4X8uDrpc4X46hJKjejg,FIPueBGagWs,104,4,3,what-to-watch,3,0
20261008,UCSes4X8uDrpc4X46hJKjejg,FIPueBGagWs,104,5,3,what-to-watch,1,0
20261008,UCSes4X8uDrpc4X46hJKjejg,FIPueBGagWs,101,9,4,UCLh4znMEEDzabMHw-Ob0Cpg,6,0
20261008,UCSes4X8uDrpc4X46hJKjejg,FIPueBGagWs,102,26,4,UCLh4znMEEDzabMHw-Ob0Cpg,1,0
20261008,UCSes4X8uDrpc4X46hJKjejg,FIPueBGagWs,104,5,4,UCLh4znMEEDzabMHw-Ob0Cpg,6,0
20261008,UCSes4X8uDrpc4X46hJKjejg,FIPueBGagWs,101,2,4,UCSes4X8uDrpc4X46hJKjejg,1,0
20261008,UCSes4X8uDrpc4X46hJKjejg,FIPueBGagWs,104,4,4,UCSes4X8uDrpc4X46hJKjejg,4,0
20261008,UCSes4X8uDrpc4X46hJKjejg,FIPueBGagWs,104,5,4,UCSes4X8uDrpc4X46hJKjejg,8,0
20261008,UCSes4X8uDrpc4X46hJKjejg,FIPueBGagWs,101,9,5,unknown,2,0
20261008,UCSes4X8uDrpc4X46hJKjejg,FIPueBGagWs,102,19,5,unknown,1,0
20261008,UCSes4X8uDrpc4X46hJKjejg,FIPueBGagWs,104,4,5,unknown,3,0
20261008,UCSes4X8uDrpc4X46hJKjejg,FIPueBGagWs,104,5,5,unknown,4,0
20261008,UCSes4X8uDrpc4X46hJKjejg,FIPueBGagWs,104,4,7,2XaXEI45448,1,1
20261008,UCSes4X8uDrpc4X46hJKjejg,FIPueBGagWs,102,26,7,389PtzKhqI8,1,0
20261008,UCSes4X8uDrpc4X46hJKjejg,FIPueBGagWs,104,4,7,DEqkv7GIaCQ,1,0
20261008,UCSes4X8uDrpc4X46hJKjejg,FIPueBGagWs,104,4,7,KA_kBM13T1c,1,0
20261008,UCSes4X8uDrpc4X46hJKjejg,FIPueBGagWs,104,4,7,KD1cdQohx3c,1,0
20261008,UCSes4X8uDrpc4X46hJKjejg,FIPueBGagWs,104,4,7,UhUk6mhGlP0,1,0
20261008,UCSes4X8uDrpc4X46hJKjejg,FIPueBGagWs,104,4,7,XKQmGXgZ4jY,1,0
20261008,UCSes4X8uDrpc4X46hJKjejg,FIPueBGagWs,101,9,7,gp57t84b6OY,1,0
20261008,UCSes4X8uDrpc4X46hJKjejg,FIPueBGagWs,104,4,7,mUfawQNekpQ,1,0
20261008,UCSes4X8uDrpc4X46hJKjejg,FIPueBGagWs,104,4,7,nfUTX9UriBU,2,0
20261008,UCSes4X8uDrpc4X46hJKjejg,FIPueBGagWs,101,9,7,rWwySgQgF7I,1,0
20261008,UCSes4X8uDrpc4X46hJKjejg,FIPueBGagWs,104,4,7,s7KhLuc3Mck,1,0
20261008,UCSes4X8uDrpc4X46hJKjejg,FIPueBGagWs,104,5,7,v4YnulGF_uE,1,0
20261008,UCSes4X8uDrpc4X46hJKjejg,FIPueBGagWs,101,2,7,wmtLUY86Ddc,1,0
20261008,UCSes4X8uDrpc4X46hJKjejg,FIPueBGagWs,101,9,7,yb2uHVODXAQ,1,0
20261008,UCSes4X8uDrpc4X46hJKjejg,FIPueBGagWs,104,4,7,yb2uHVODXAQ,1,0
20261008,UCSes4X8uDrpc4X46hJKjejg,FIPueBGagWs,104,5,14,PLBovHeO3YL0P0T75FmZARcwewQCWYsr6c,1,0
20261008,UCSes4X8uDrpc4X46hJKjejg,FIPueBGagWs,104,5,14,PLRXscFepIvz_BECJkVYxBf5rXd5-IbiEm,1,0
20261008,UCSes4X8uDrpc4X46hJKjejg,FIPueBGagWs,104,4,18,unknown,2,0
20261008,UCSes4X8uDrpc4X46hJKjejg,FIPueBGagWs,104,5,18,unknown,8,0
20261008,UCSes4X8uDrpc4X46hJKjejg,FP-0zyc1SUI,101,2,5,unknown,4,0.25
20261008,UCSes4X8uDrpc4X46hJKjejg,FP-0zyc1SUI,101,9,5,unknown,1,0
20261008,UCSes4X8uDrpc4X46hJKjejg,FP-0zyc1SUI,101,30,5,unknown,1,0
20261008,UCSes4X8uDrpc4X46hJKjejg,FP-0zyc1SUI,102,28,5,unknown,3,0
20261008,UCSes4X8uDrpc4X46hJKjejg,FP-0zyc1SUI,102,29,5,unknown,4,0
20261008,UCSes4X8uDrpc4X46hJKjejg,FP-0zyc1SUI,104,4,5,unknown,7,0
20261008,UCSes4X8uDrpc4X46hJKjejg,FP-0zyc1SUI,104,5,5,unknown,3,0.33333333333333331
20261008,UCSes4X8uDrpc4X46hJKjejg,FPS5TgQX95c,104,4,5,unknown,3,0
20261008,UCSes4X8uDrpc4X46hJKjejg,FPZDD6LvFpo,101,9,5,unknown,1,0
20261008,UCSes4X8uDrpc4X46hJKjejg,FPZDD6LvFpo,101,9,14,PLX3ZLYz4-6vE2_ZNLW5AfzbHTd1jTskDl,1,0
20261008,UCSes4X8uDrpc4X46hJKjejg,FSguxFlK94Q,104,5,5,unknown,1,0
20261008,UCSes4X8uDrpc4X46hJKjejg,FXUBPRfrV9Y,102,26,3,what-to-watch,1,0
20261008,UCSes4X8uDrpc4X46hJKjejg,Fb2hTTe5T1w,101,2,4,UCSes4X8uDrpc4X46hJKjejg,1,0
20261008,UCSes4X8uDrpc4X46hJKjejg,Fb2hTTe5T1w,102,12,7,H_G1FcFsf0Y,1,0
20261008,UCSes4X8uDrpc4X46hJKjejg,Fb2hTTe5T1w,104,5,18,unknown,1,0
20261008,UCSes4X8uDrpc4X46hJKjejg,FbqnhV-WJ3Y,101,2,4,UCSes4X8uDrpc4X46hJKjejg,1,0
20261008,UCSes4X8uDrpc4X46hJKjejg,FbqnhV-WJ3Y,101,2,5,unknown,1,0
20261008,UCSes4X8uDrpc4X46hJKjejg,FcONMZjlvq4,104,4,3,what-to-watch,1,0
20261008,UCSes4X8uDrpc4X46hJKjejg,FcONMZjlvq4,101,2,4,UCSes4X8uDrpc4X46hJKjejg,1,0
20261008,UCSes4X8uDrpc4X46hJKjejg,FcONMZjlvq4,101,9,5,unknown,1,0
20261008,UCSes4X8uDrpc4X46hJKjejg,FcONMZjlvq4,104,5,5,unknown,1,0
20261008,UCSes4X8uDrpc4X46hJKjejg,FcONMZjlvq4,101,9,14,PLX3ZLYz4-6vE2_ZNLW5AfzbHTd1jTskDl,2,0
20261008,UCSes4X8uDrpc4X46hJKjejg,FdVAq_ppu74,104,4,5,unknown,1,0
20261008,UCSes4X8uDrpc4X46hJKjejg,Fg65-8qGtiU,101,9,4,UCSes4X8uDrpc4X46hJKjejg,1,0
20261008,UCSes4X8uDrpc4X46hJKjejg,Fg65-8qGtiU,104,4,4,UCSes4X8uDrpc4X46hJKjejg,1,0
20261008,UCSes4X8uDrpc4X46hJKjejg,Fg65-8qGtiU,101,2,5,unknown,7,0.14285714285714285
20261008,UCSes4X8uDrpc4X46hJKjejg,Fg65-8qGtiU,102,19,5,unknown,1,0
20261008,UCSes4X8uDrpc4X46hJKjejg,Fg65-8qGtiU,104,4,5,unknown,1,0
20261008,UCSes4X8uDrpc4X46hJKjejg,Fg65-8qGtiU,104,5,5,unknown,3,0.33333333333333331
20261008,UCSes4X8uDrpc4X46hJKjejg,FieuCCyjrcU,101,9,5,unknown,1,0
20261008,UCSes4X8uDrpc4X46hJKjejg,FrdUVQMyMVI,102,4,3,what-to-watch,1,0
20261008,UCSes4X8uDrpc4X46hJKjejg,FrdUVQMyMVI,102,29,3,what-to-watch,2,0
20261008,UCSes4X8uDrpc4X46hJKjejg,FrdUVQMyMVI,104,5,3,what-to-watch,1,0
20261008,UCSes4X8uDrpc4X46hJKjejg,FrdUVQMyMVI,101,2,4,UCSes4X8uDrpc4X46hJKjejg,1,0
20261008,UCSes4X8uDrpc4X46hJKjejg,FrdUVQMyMVI,104,4,5,unknown,1,0
20261008,UCSes4X8uDrpc4X46hJKjejg,Ft5GWT2-3eQ,101,9,5,unknown,1,0
20261008,UCSes4X8uDrpc4X46hJKjejg,Ft5GWT2-3eQ,101,9,14,PLX3ZLYz4-6vE2_ZNLW5AfzbHTd1jTskDl,1,0
20261008,UCSes4X8uDrpc4X46hJKjejg,Futa-oA6cqM,104,4,4,UCSes4X8uDrpc4X46hJKjejg,1,0
20261008,UCSes4X8uDrpc4X46hJKjejg,Fx4dgXuCotI,102,4,3,what-to-watch,1,0
20261008,UCSes4X8uDrpc4X46hJKjejg,Fx4dgXuCotI,102,19,3,what-to-watch,1,0
20261008,UCSes4X8uDrpc4X46hJKjejg,G-fs7yamlwA,104,4,3,what-to-watch,3,0
20261008,UCSes4X8uDrpc4X46hJKjejg,G-fs7yamlwA,104,5,3,what-to-watch,4,0
20261008,UCSes4X8uDrpc4X46hJKjejg,G-fs7yamlwA,104,5,18,unknown,1,0
20261008,UCSes4X8uDrpc4X46hJKjejg,G4hCJH8_I1M,104,4,3,what-to-watch,1,0
20261008,UCSes4X8uDrpc4X46hJKjejg,G4hCJH8_I1M,101,30,5,unknown,1,0
20261008,UCSes4X8uDrpc4X46hJKjejg,G4hCJH8_I1M,103,27,5,unknown,1,0
20261008,UCSes4X8uDrpc4X46hJKjejg,G9bAVQ12ZLs,101,2,4,UCSes4X8uDrpc4X46hJKjejg,1,0
20261008,UCSes4X8uDrpc4X46hJKjejg,G9bAVQ12ZLs,104,5,4,UCSes4X8uDrpc4X46hJKjejg,1,0
20261008,UCSes4X8uDrpc4X46hJKjejg,GCHgX6A5R18,101,9,5,unknown,1,0
20261008,UCSes4X8uDrpc4X46hJKjejg,GIyOLmqcvMY,101,30,5,unknown,2,0
20261008,UCSes4X8uDrpc4X46hJKjejg,GLp8DNhK3kc,104,4,4,UCSes4X8uDrpc4X46hJKjejg,1,0
20261008,UCSes4X8uDrpc4X46hJKjejg,GLp8DNhK3kc,104,5,4,UCSes4X8uDrpc4X46hJKjejg,1,0
20261008,UCSes4X8uDrpc4X46hJKjejg,GLp8DNhK3kc,101,2,5,unknown,1,0
20261008,UCSes4X8uDrpc4X46hJKjejg,GLp8DNhK3kc,104,5,5,unknown,5,0
20261008,UCSes4X8uDrpc4X46hJKjejg,GLp8DNhK3kc,101,9,14,PLX3ZLYz4-6vE2_ZNLW5AfzbHTd1jTskDl,1,0
20261008,UCSes4X8uDrpc4X46hJKjejg,GLp8DNhK3kc,104,4,14,PLX3ZLYz4-6vE2_ZNLW5AfzbHTd1jTskDl,5,0
20261008,UCSes4X8uDrpc4X46hJKjejg,GLp8DNhK3kc,101,9,18,unknown,1,0
20261008,UCSes4X8uDrpc4X46hJKjejg,GLp8DNhK3kc,104,4,18,unknown,2,0
20261008,UCSes4X8uDrpc4X46hJKjejg,GV1OUtPoRwM,101,2,4,UCSes4X8uDrpc4X46hJKjejg,1,0
20261008,UCSes4X8uDrpc4X46hJKjejg,GV1OUtPoRwM,104,4,5,unknown,1,0
20261008,UCSes4X8uDrpc4X46hJKjejg,GfFfsclUZhg,101,9,5,unknown,1,0
20261008,UCSes4X8uDrpc4X46hJKjejg,GfFfsclUZhg,101,9,14,PLX3ZLYz4-6vE2_ZNLW5AfzbHTd1jTskDl,2,0
20261008,UCSes4X8uDrpc4X46hJKjejg,GukgbXLOrto,104,4,5,unknown,1,0
20261008,UCSes4X8uDrpc4X46hJKjejg,GwFhRVZ1yac,104,5,18,unknown,1,0
20261008,UCSes4X8uDrpc4X46hJKjejg,GzQ4nst8_ak,104,4,3,what-to-watch,1,0
20261008,UCSes4X8uDrpc4X46hJKjejg,GzQ4nst8_ak,104,5,4,UCSes4X8uDrpc4X46hJKjejg,2,0.5
20261008,UCSes4X8uDrpc4X46hJKjejg,GzQ4nst8_ak,104,4,5,unknown,1,0
20261008,UCSes4X8uDrpc4X46hJKjejg,GzQ4nst8_ak,104,5,5,unknown,2,0
20261008,UCSes4X8uDrpc4X46hJKjejg,GzQ4nst8_ak,104,4,7,hF8QLrqzqhA,1,0
20261008,UCSes4X8uDrpc4X46hJKjejg,H0b9PIbRa9A,101,2,3,what-to-watch,2,0
20261008,UCSes4X8uDrpc4X46hJKjejg,H0b9PIbRa9A,101,9,3,what-to-watch,2,0
20261008,UCSes4X8uDrpc4X46hJKjejg,H0b9PIbRa9A,102,1,3,what-to-watch,4,0
20261008,UCSes4X8uDrpc4X46hJKjejg,H0b9PIbRa9A,102,4,3,what-to-watch,4,0
20261008,UCSes4X8uDrpc4X46hJKjejg,H0b9PIbRa9A,102,12,3,what-to-watch,2,0
20261008,UCSes4X8uDrpc4X46hJKjejg,H0b9PIbRa9A,102,19,3,what-to-watch,3,0
20261008,UCSes4X8uDrpc4X46hJKjejg,H0b9PIbRa9A,102,26,3,what-to-watch,1,0
20261008,UCSes4X8uDrpc4X46hJKjejg,H0b9PIbRa9A,102,29,3,what-to-watch,1,0
20261008,UCSes4X8uDrpc4X46hJKjejg,H0b9PIbRa9A,103,10,3,what-to-watch,3,0
20261008,UCSes4X8uDrpc4X46hJKjejg,H0b9PIbRa9A,103,17,3,what-to-watch,1,0
20261008,UCSes4X8uDrpc4X46hJKjejg,H0b9PIbRa9A,104,4,3,what-to-watch,2,0
20261008,UCSes4X8uDrpc4X46hJKjejg,H0b9PIbRa9A,104,5,3,what-to-watch,1,0
20261008,UCSes4X8uDrpc4X46hJKjejg,H0b9PIbRa9A,101,2,4,UCSes4X8uDrpc4X46hJKjejg,1,0
20261008,UCSes4X8uDrpc4X46hJKjejg,H0b9PIbRa9A,101,9,5,unknown,1,0
20261008,UCSes4X8uDrpc4X46hJKjejg,H0b9PIbRa9A,101,9,14,PLX3ZLYz4-6vE2_ZNLW5AfzbHTd1jTskDl,2,0
20261008,UCSes4X8uDrpc4X46hJKjejg,H3TDrkDEPPo,104,5,4,UCSes4X8uDrpc4X46hJKjejg,2,0
20261008,UCSes4X8uDrpc4X46hJKjejg,H4pT5U6SJdU,102,19,5,unknown,2,0
20261008,UCSes4X8uDrpc4X46hJKjejg,HAYtxUru2wQ,101,2,3,what-to-watch,2,0
20261008,UCSes4X8uDrpc4X46hJKjejg,HAYtxUru2wQ,101,9,3,what-to-watch,1,0
20261008,UCSes4X8uDrpc4X46hJKjejg,HAYtxUru2wQ,101,30,3,what-to-watch,5,0
20261008,UCSes4X8uDrpc4X46hJKjejg,HAYtxUru2wQ,103,10,3,what-to-watch,1,0
20261008,UCSes4X8uDrpc4X46hJKjejg,HAYtxUru2wQ,104,4,3,what-to-watch,2,0
20261008,UCSes4X8uDrpc4X46hJKjejg,HAYtxUru2wQ,104,5,3,what-to-watch,1,0
20261008,UCSes4X8uDrpc4X46hJKjejg,HAYtxUru2wQ,105,5,3,what-to-watch,1,0
20261008,UCSes4X8uDrpc4X46hJKjejg,HAYtxUru2wQ,104,4,4,UCSes4X8uDrpc4X46hJKjejg,1,0
20261008,UCSes4X8uDrpc4X46hJKjejg,HAYtxUru2wQ,101,2,5,unknown,3,0
20261008,UCSes4X8uDrpc4X46hJKjejg,HAYtxUru2wQ,101,9,5,unknown,1,0
20261008,UCSes4X8uDrpc4X46hJKjejg,HAYtxUru2wQ,101,30,5,unknown,2,0
20261008,UCSes4X8uDrpc4X46hJKjejg,HAYtxUru2wQ,104,4,5,unknown,7,0
20261008,UCSes4X8uDrpc4X46hJKjejg,HAYtxUru2wQ,104,5,5,unknown,25,0.04
20261008,UCSes4X8uDrpc4X46hJKjejg,HAYtxUru2wQ,105,5,5,unknown,3,0
20261008,UCSes4X8uDrpc4X46hJKjejg,HAYtxUru2wQ,104,5,14,my-likes,1,0
20261008,UCSes4X8uDrpc4X46hJKjejg,HAYtxUru2wQ,101,2,18,unknown,1,0
20261008,UCSes4X8uDrpc4X46hJKjejg,HAYtxUru2wQ,104,4,18,unknown,1,0
20261008,UCSes4X8uDrpc4X46hJKjejg,HAYtxUru2wQ,104,5,18,unknown,1,1
20261008,UCSes4X8uDrpc4X46hJKjejg,HAjpn0pfmVg,104,5,4,UCSes4X8uDrpc4X46hJKjejg,4,0
20261008,UCSes4X8uDrpc4X46hJKjejg,HCZIc9OVy1o,104,4,3,what-to-watch,2,0
20261008,UCSes4X8uDrpc4X46hJKjejg,HCZIc9OVy1o,104,5,3,what-to-watch,3,0.33333333333333331
20261008,UCSes4X8uDrpc4X46hJKjejg,HCZIc9OVy1o,105,5,3,what-to-watch,1,0
20261008,UCSes4X8uDrpc4X46hJKjejg,HCZIc9OVy1o,101,2,4,UCA95kYjGqDgRziNA7sJZBag,1,0
20261008,UCSes4X8uDrpc4X46hJKjejg,HCZIc9OVy1o,102,26,4,UCA95kYjGqDgRziNA7sJZBag,1,0
20261008,UCSes4X8uDrpc4X46hJKjejg,HCZIc9OVy1o,104,5,4,UCA95kYjGqDgRziNA7sJZBag,3,0
20261008,UCSes4X8uDrpc4X46hJKjejg,HCZIc9OVy1o,101,2,4,UCSes4X8uDrpc4X46hJKjejg,13,0
20261008,UCSes4X8uDrpc4X46hJKjejg,HCZIc9OVy1o,101,9,4,UCSes4X8uDrpc4X46hJKjejg,34,0
20261008,UCSes4X8uDrpc4X46hJKjejg,HCZIc9OVy1o,101,30,4,UCSes4X8uDrpc4X46hJKjejg,1,0
20261008,UCSes4X8uDrpc4X46hJKjejg,HCZIc9OVy1o,102,12,4,UCSes4X8uDrpc4X46hJKjejg,2,0
20261008,UCSes4X8uDrpc4X46hJKjejg,HCZIc9OVy1o,102,19,4,UCSes4X8uDrpc4X46hJKjejg,1,0
20261008,UCSes4X8uDrpc4X46hJKjejg,HCZIc9OVy1o,103,10,4,UCSes4X8uDrpc4X46hJKjejg,1,0
20261008,UCSes4X8uDrpc4X46hJKjejg,HCZIc9OVy1o,104,4,4,UCSes4X8uDrpc4X46hJKjejg,3,0
20261008,UCSes4X8uDrpc4X46hJKjejg,HCZIc9OVy1o,104,5,4,UCSes4X8uDrpc4X46hJKjejg,24,0
20261008,UCSes4X8uDrpc4X46hJKjejg,HCZIc9OVy1o,104,5,5,unknown,1,0
20261008,UCSes4X8uDrpc4X46hJKjejg,HCZIc9OVy1o,105,5,5,unknown,1,0
20261008,UCSes4X8uDrpc4X46hJKjejg,HCZIc9OVy1o,102,28,7,0hqeHre6QLA,1,0
20261008,UCSes4X8uDrpc4X46hJKjejg,HCZIc9OVy1o,104,4,7,111ViznIcQo,1,0
20261008,UCSes4X8uDrpc4X46hJKjejg,HCZIc9OVy1o,104,5,7,2eqNYzKYKVc,1,0
20261008,UCSes4X8uDrpc4X46hJKjejg,HCZIc9OVy1o,104,5,7,2i3tLbO0LYA,1,0
20261008,UCSes4X8uDrpc4X46hJKjejg,HCZIc9OVy1o,101,2,7,2zLlPdBuE-4,1,0
20261008,UCSes4X8uDrpc4X46hJKjejg,HCZIc9OVy1o,104,5,7,3w63eqjMJac,1,0
20261008,UCSes4X8uDrpc4X46hJKjejg,HCZIc9OVy1o,104,5,7,5hnaSDBLveM,1,0
20261008,UCSes4X8uDrpc4X46hJKjejg,HCZIc9OVy1o,104,4,7,6TPdz_MzokM,2,0
20261008,UCSes4X8uDrpc4X46hJKjejg,HCZIc9OVy1o,104,4,7,BIy5Nz_KGZM,1,0
20261008,UCSes4X8uDrpc4X46hJKjejg,HCZIc9OVy1o,101,2,7,Bm7cQuUX34A,1,0
20261008,UCSes4X8uDrpc4X46hJKjejg,HCZIc9OVy1o,104,5,7,BvHw3ddSlms,1,0
20261008,UCSes4X8uDrpc4X46hJKjejg,HCZIc9OVy1o,104,4,7,DOxIqxam70Y,1,0
20261008,UCSes4X8uDrpc4X46hJKjejg,HCZIc9OVy1o,102,12,7,DntOukk2pr0,1,0
20261008,UCSes4X8uDrpc4X46hJKjejg,HCZIc9OVy1o,104,5,7,Flt_X7KOCtk,1,0
20261008,UCSes4X8uDrpc4X46hJKjejg,HCZIc9OVy1o,104,5,7,MOplcEbxT_4,1,0
20261008,UCSes4X8uDrpc4X46hJKjejg,HCZIc9OVy1o,104,5,7,Nb03t8BbEmU,1,0
20261008,UCSes4X8uDrpc4X46hJKjejg,HCZIc9OVy1o,101,2,7,NfZfaGd02yo,1,0
20261008,UCSes4X8uDrpc4X46hJKjejg,HCZIc9OVy1o,104,5,7,NfZfaGd02yo,1,0
20261008,UCSes4X8uDrpc4X46hJKjejg,HCZIc9OVy1o,104,4,7,OY-pMjvAl78,1,0
20261008,UCSes4X8uDrpc4X46hJKjejg,HCZIc9OVy1o,101,2,7,Os8okjX62pE,1,0
20261008,UCSes4X8uDrpc4X46hJKjejg,HCZIc9OVy1o,101,9,7,PVOl1jy_sPs,1,0
20261008,UCSes4X8uDrpc4X46hJKjejg,HCZIc9OVy1o,104,4,7,R0m0NX_V3Zs,1,0
20261008,UCSes4X8uDrpc4X46hJKjejg,HCZIc9OVy1o,104,4,7,TFvowEw0b9E,1,0
20261008,UCSes4X8uDrpc4X46hJKjejg,HCZIc9OVy1o,104,4,7,UEKO5Mr0oDE,1,0
20261008,UCSes4X8uDrpc4X46hJKjejg,HCZIc9OVy1o,104,5,7,UskLh1DPE-U,1,0
20261008,UCSes4X8uDrpc4X46hJKjejg,HCZIc9OVy1o,102,4,7,XpT03Fjkfc4,1,0
20261008,UCSes4X8uDrpc4X46hJKjejg,HCZIc9OVy1o,104,5,7,ZTDb9gMUvBY,1,0
20261008,UCSes4X8uDrpc4X46hJKjejg,HCZIc9OVy1o,104,4,7,ZYxC81zpCi0,1,0
20261008,UCSes4X8uDrpc4X46hJKjejg,HCZIc9OVy1o,104,5,7,_3xaJrdEEEU,1,0
20261008,UCSes4X8uDrpc4X46hJKjejg,HCZIc9OVy1o,104,5,7,aDrPw877k7g,1,0
20261008,UCSes4X8uDrpc4X46hJKjejg,HCZIc9OVy1o,104,5,7,bV7tuPbWHjU,1,0
20261008,UCSes4X8uDrpc4X46hJKjejg,HCZIc9OVy1o,101,2,7,cKm5MBJyAbc,2,0
20261008,UCSes4X8uDrpc4X46hJKjejg,HCZIc9OVy1o,104,5,7,cMTVKMfMP5U,1,0
20261008,UCSes4X8uDrpc4X46hJKjejg,HCZIc9OVy1o,104,5,7,dNSlOPXxRO0,1,0
20261008,UCSes4X8uDrpc4X46hJKjejg,HCZIc9OVy1o,101,2,7,eXllHjReUpk,1,0
20261008,UCSes4X8uDrpc4X46hJKjejg,HCZIc9OVy1o,102,28,7,esAX4AM0dWo,1,0
20261008,UCSes4X8uDrpc4X46hJKjejg,HCZIc9OVy1o,104,5,7,fje_0hpwkq8,1,0
20261008,UCSes4X8uDrpc4X46hJKjejg,HCZIc9OVy1o,101,2,7,h0BapRcaloY,1,0
20261008,UCSes4X8uDrpc4X46hJKjejg,HCZIc9OVy1o,104,5,7,hK7NFwuM1bI,1,0
20261008,UCSes4X8uDrpc4X46hJKjejg,HCZIc9OVy1o,104,4,7,hVVAJQEcwXE,1,0
20261008,UCSes4X8uDrpc4X46hJKjejg,HCZIc9OVy1o,105,5,7,kHi8Cr83Z3k,1,0
20261008,UCSes4X8uDrpc4X46hJKjejg,HCZIc9OVy1o,104,5,7,mLbnP9FBmrM,1,0
20261008,UCSes4X8uDrpc4X46hJKjejg,HCZIc9OVy1o,104,4,7,o15qB52WGqA,3,0
20261008,UCSes4X8uDrpc4X46hJKjejg,HCZIc9OVy1o,104,4,7,olMDbhACSWQ,1,0
20261008,UCSes4X8uDrpc4X46hJKjejg,HCZIc9OVy1o,104,5,7,p2ltaXMeveU,1,0
20261008,UCSes4X8uDrpc4X46hJKjejg,HCZIc9OVy1o,104,5,7,pjFy_fyzEB0,1,0
20261008,UCSes4X8uDrpc4X46hJKjejg,HCZIc9OVy1o,104,4,7,pmHVTkNEj7Y,1,0
20261008,UCSes4X8uDrpc4X46hJKjejg,HCZIc9OVy1o,104,5,7,pmzz7Gefdro,1,0
20261008,UCSes4X8uDrpc4X46hJKjejg,HCZIc9OVy1o,104,4,7,po8YrSQivoM,1,0
20261008,UCSes4X8uDrpc4X46hJKjejg,HCZIc9OVy1o,104,5,7,qq2HQBnkZqU,1,0
20261008,UCSes4X8uDrpc4X46hJKjejg,HCZIc9OVy1o,101,2,7,rejKILtWo68,1,0
20261008,UCSes4X8uDrpc4X46hJKjejg,HCZIc9OVy1o,102,26,7,sNQtbrdiP98,1,0
20261008,UCSes4X8uDrpc4X46hJKjejg,HCZIc9OVy1o,104,5,7,y35wfWCV_oE,1,0
20261008,UCSes4X8uDrpc4X46hJKjejg,HCZIc9OVy1o,101,2,14,PLX3ZLYz4-6vE2_ZNLW5AfzbHTd1jTskDl,1,0
20261008,UCSes4X8uDrpc4X46hJKjejg,HCZIc9OVy1o,101,9,14,PLX3ZLYz4-6vE2_ZNLW5AfzbHTd1jTskDl,2,0
20261008,UCSes4X8uDrpc4X46hJKjejg,HCZIc9OVy1o,104,4,14,PLX3ZLYz4-6vE2_ZNLW5AfzbHTd1jTskDl,12,0
20261008,UCSes4X8uDrpc4X46hJKjejg,HCZIc9OVy1o,104,5,14,PLX3ZLYz4-6vE2_ZNLW5AfzbHTd1jTskDl,2,0
20261008,UCSes4X8uDrpc4X46hJKjejg,HCZIc9OVy1o,104,5,14,my-likes,1,0
20261008,UCSes4X8uDrpc4X46hJKjejg,HCZIc9OVy1o,101,9,18,unknown,3,0
20261008,UCSes4X8uDrpc4X46hJKjejg,HCZIc9OVy1o,104,4,18,unknown,4,0
20261008,UCSes4X8uDrpc4X46hJKjejg,HCZIc9OVy1o,104,5,18,unknown,5,0
20261008,UCSes4X8uDrpc4X46hJKjejg,HCoVR49oGyM,104,5,4,UCSes4X8uDrpc4X46hJKjejg,2,0
20261008,UCSes4X8uDrpc4X46hJKjejg,HGpSMF-PbUc,101,9,5,unknown,1,0
20261008,UCSes4X8uDrpc4X46hJKjejg,HIZeTvY4T7U,101,2,3,what-to-watch,2,0
20261008,UCSes4X8uDrpc4X46hJKjejg,HIZeTvY4T7U,101,9,3,what-to-watch,1,0
20261008,UCSes4X8uDrpc4X46hJKjejg,HIZeTvY4T7U,104,4,3,what-to-watch,5,0.2
20261008,UCSes4X8uDrpc4X46hJKjejg,HIZeTvY4T7U,104,5,3,what-to-watch,11,0.18181818181818182
20261008,UCSes4X8uDrpc4X46hJKjejg,HIZeTvY4T7U,104,4,4,UCSes4X8uDrpc4X46hJKjejg,1,0
20261008,UCSes4X8uDrpc4X46hJKjejg,HIZeTvY4T7U,101,2,5,unknown,4,0.25
20261008,UCSes4X8uDrpc4X46hJKjejg,HIZeTvY4T7U,101,9,5,unknown,1,0
20261008,UCSes4X8uDrpc4X46hJKjejg,HIZeTvY4T7U,102,26,5,unknown,1,0
20261008,UCSes4X8uDrpc4X46hJKjejg,HIZeTvY4T7U,102,29,5,unknown,2,0.5
20261008,UCSes4X8uDrpc4X46hJKjejg,HIZeTvY4T7U,104,4,5,unknown,9,0
20261008,UCSes4X8uDrpc4X46hJKjejg,HIZeTvY4T7U,104,5,5,unknown,9,0.1111111111111111
20261008,UCSes4X8uDrpc4X46hJKjejg,HIZeTvY4T7U,105,5,5,unknown,7,0
20261008,UCSes4X8uDrpc4X46hJKjejg,HVLl_aTeQTE,101,2,3,what-to-watch,1,0
20261008,UCSes4X8uDrpc4X46hJKjejg,HVLl_aTeQTE,102,12,3,what-to-watch,2,0
20261008,UCSes4X8uDrpc4X46hJKjejg,HVLl_aTeQTE,104,4,3,what-to-watch,1,0
20261008,UCSes4X8uDrpc4X46hJKjejg,HVLl_aTeQTE,104,5,3,what-to-watch,2,0
20261008,UCSes4X8uDrpc4X46hJKjejg,HVLl_aTeQTE,104,4,4,UCSes4X8uDrpc4X46hJKjejg,1,0
20261008,UCSes4X8uDrpc4X46hJKjejg,HVLl_aTeQTE,101,9,5,unknown,1,0
20261008,UCSes4X8uDrpc4X46hJKjejg,HVLl_aTeQTE,101,30,5,unknown,1,1
20261008,UCSes4X8uDrpc4X46hJKjejg,HVLl_aTeQTE,102,4,5,unknown,1,0
20261008,UCSes4X8uDrpc4X46hJKjejg,HVLl_aTeQTE,102,26,5,unknown,1,0
20261008,UCSes4X8uDrpc4X46hJKjejg,HVLl_aTeQTE,104,4,5,unknown,11,0.090909090909090912
20261008,UCSes4X8uDrpc4X46hJKjejg,HVLl_aTeQTE,104,5,5,unknown,24,0.083333333333333329
20261008,UCSes4X8uDrpc4X46hJKjejg,HVLl_aTeQTE,105,5,5,unknown,1,0
20261008,UCSes4X8uDrpc4X46hJKjejg,HVLl_aTeQTE,104,4,18,unknown,2,0
20261008,UCSes4X8uDrpc4X46hJKjejg,Ha6asqD-La8,102,19,3,/my_subscriptions,1,0
20261008,UCSes4X8uDrpc4X46hJKjejg,Ha6asqD-La8,102,29,3,/my_subscriptions,1,0
20261008,UCSes4X8uDrpc4X46hJKjejg,Ha6asqD-La8,104,4,3,/my_subscriptions,9,0
20261008,UCSes4X8uDrpc4X46hJKjejg,Ha6asqD-La8,104,5,3,/my_subscriptions,13,0.076923076923076927
20261008,UCSes4X8uDrpc4X46hJKjejg,Ha6asqD-La8,105,5,3,/my_subscriptions,3,0
20261008,UCSes4X8uDrpc4X46hJKjejg,Ha6asqD-La8,101,2,3,what-to-watch,7,0
20261008,UCSes4X8uDrpc4X46hJKjejg,Ha6asqD-La8,101,9,3,what-to-watch,2,0
20261008,UCSes4X8uDrpc4X46hJKjejg,Ha6asqD-La8,101,30,3,what-to-watch,1,0
20261008,UCSes4X8uDrpc4X46hJKjejg,Ha6asqD-La8,104,4,3,what-to-watch,1,0
20261008,UCSes4X8uDrpc4X46hJKjejg,Ha6asqD-La8,104,5,3,what-to-watch,7,0.14285714285714285
20261008,UCSes4X8uDrpc4X46hJKjejg,Ha6asqD-La8,101,2,4,UCSes4X8uDrpc4X46hJKjejg,5,0
20261008,UCSes4X8uDrpc4X46hJKjejg,Ha6asqD-La8,101,9,4,UCSes4X8uDrpc4X46hJKjejg,13,0
20261008,UCSes4X8uDrpc4X46hJKjejg,Ha6asqD-La8,102,4,4,UCSes4X8uDrpc4X46hJKjejg,3,0
20261008,UCSes4X8uDrpc4X46hJKjejg,Ha6asqD-La8,102,12,4,UCSes4X8uDrpc4X46hJKjejg,2,0
20261008,UCSes4X8uDrpc4X46hJKjejg,Ha6asqD-La8,102,19,4,UCSes4X8uDrpc4X46hJKjejg,1,0
20261008,UCSes4X8uDrpc4X46hJKjejg,Ha6asqD-La8,102,26,4,UCSes4X8uDrpc4X46hJKjejg,3,0
20261008,UCSes4X8uDrpc4X46hJKjejg,Ha6asqD-La8,104,4,4,UCSes4X8uDrpc4X46hJKjejg,28,0.21428571428571427
20261008,UCSes4X8uDrpc4X46hJKjejg,Ha6asqD-La8,104,5,4,UCSes4X8uDrpc4X46hJKjejg,16,0.0625
20261008,UCSes4X8uDrpc4X46hJKjejg,Ha6asqD-La8,105,5,4,UCSes4X8uDrpc4X46hJKjejg,1,0
20261008,UCSes4X8uDrpc4X46hJKjejg,Ha6asqD-La8,101,2,5,unknown,15,0
20261008,UCSes4X8uDrpc4X46hJKjejg,Ha6asqD-La8,101,9,5,unknown,8,0
20261008,UCSes4X8uDrpc4X46hJKjejg,Ha6asqD-La8,102,19,5,unknown,1,0
20261008,UCSes4X8uDrpc4X46hJKjejg,Ha6asqD-La8,104,4,5,unknown,14,0
20261008,UCSes4X8uDrpc4X46hJKjejg,Ha6asqD-La8,104,5,5,unknown,22,0.045454545454545456
20261008,UCSes4X8uDrpc4X46hJKjejg,Ha6asqD-La8,105,5,5,unknown,5,0
20261008,UCSes4X8uDrpc4X46hJKjejg,HkjnCLrXfDY,102,28,3,what-to-watch,3,0.33333333333333331
20261008,UCSes4X8uDrpc4X46hJKjejg,HkjnCLrXfDY,104,4,3,what-to-watch,2,0
20261008,UCSes4X8uDrpc4X46hJKjejg,HkqUBns9E8Q,102,4,3,what-to-watch,1,0
20261008,UCSes4X8uDrpc4X46hJKjejg,HkqUBns9E8Q,104,5,3,what-to-watch,1,0
20261008,UCSes4X8uDrpc4X46hJKjejg,HkqUBns9E8Q,105,5,3,what-to-watch,1,0
20261008,UCSes4X8uDrpc4X46hJKjejg,HtZ8tDkeGJY,101,2,3,what-to-watch,202,0.069306930693069313
20261008,UCSes4X8uDrpc4X46hJKjejg,HtZ8tDkeGJY,101,9,3,what-to-watch,90,0.044444444444444446
20261008,UCSes4X8uDrpc4X46hJKjejg,HtZ8tDkeGJY,101,30,3,what-to-watch,8,0
20261008,UCSes4X8uDrpc4X46hJKjejg,HtZ8tDkeGJY,102,4,3,what-to-watch,2,0
20261008,UCSes4X8uDrpc4X46hJKjejg,HtZ8tDkeGJY,102,12,3,what-to-watch,1,0
20261008,UCSes4X8uDrpc4X46hJKjejg,HtZ8tDkeGJY,102,19,3,what-to-watch,3,0.33333333333333331
20261008,UCSes4X8uDrpc4X46hJKjejg,HtZ8tDkeGJY,102,26,3,what-to-watch,6,0
20261008,UCSes4X8uDrpc4X46hJKjejg,HtZ8tDkeGJY,102,28,3,what-to-watch,1,0
20261008,UCSes4X8uDrpc4X46hJKjejg,HtZ8tDkeGJY,102,29,3,what-to-watch,6,0
20261008,UCSes4X8uDrpc4X46hJKjejg,HtZ8tDkeGJY,103,10,3,what-to-watch,15,0.066666666666666666
20261008,UCSes4X8uDrpc4X46hJKjejg,HtZ8tDkeGJY,103,17,3,what-to-watch,4,0.25
20261008,UCSes4X8uDrpc4X46hJKjejg,HtZ8tDkeGJY,104,4,3,what-to-watch,177,0.0847457627118644
20261008,UCSes4X8uDrpc4X46hJKjejg,HtZ8tDkeGJY,104,5,3,what-to-watch,397,0.062972292191435769
20261008,UCSes4X8uDrpc4X46hJKjejg,HtZ8tDkeGJY,105,5,3,what-to-watch,50,0.08
20261008,UCSes4X8uDrpc4X46hJKjejg,HtZ8tDkeGJY,104,4,4,UCSes4X8uDrpc4X46hJKjejg,2,0
20261008,UCSes4X8uDrpc4X46hJKjejg,HtZ8tDkeGJY,101,2,5,unknown,6,0.16666666666666666
20261008,UCSes4X8uDrpc4X46hJKjejg,HtZ8tDkeGJY,101,9,5,unknown,1,0
20261008,UCSes4X8uDrpc4X46hJKjejg,HtZ8tDkeGJY,102,4,5,unknown,1,0
20261008,UCSes4X8uDrpc4X46hJKjejg,HtZ8tDkeGJY,102,12,5,unknown,1,0
20261008,UCSes4X8uDrpc4X46hJKjejg,HtZ8tDkeGJY,102,19,5,unknown,4,0
20261008,UCSes4X8uDrpc4X46hJKjejg,HtZ8tDkeGJY,102,26,5,unknown,2,0
20261008,UCSes4X8uDrpc4X46hJKjejg,HtZ8tDkeGJY,104,4,5,unknown,35,0.085714285714285715
20261008,UCSes4X8uDrpc4X46hJKjejg,HtZ8tDkeGJY,104,5,5,unknown,43,0.093023255813953487
20261008,UCSes4X8uDrpc4X46hJKjejg,HtZ8tDkeGJY,105,5,5,unknown,12,0
20261008,UCSes4X8uDrpc4X46hJKjejg,HtZ8tDkeGJY,101,9,7,-0ackIVf184,1,0
20261008,UCSes4X8uDrpc4X46hJKjejg,HtZ8tDkeGJY,101,2,7,-0d_fRlQyIA,1,0
20261008,UCSes4X8uDrpc4X46hJKjejg,HtZ8tDkeGJY,104,5,7,-8yLQhw6u9I,1,0
20261008,UCSes4X8uDrpc4X46hJKjejg,HtZ8tDkeGJY,104,5,7,-KPnyf8vwXI,1,0
20261008,UCSes4X8uDrpc4X46hJKjejg,HtZ8tDkeGJY,104,4,7,-p0bNOxBhgc,1,0
20261008,UCSes4X8uDrpc4X46hJKjejg,HtZ8tDkeGJY,101,2,7,-wsA_-wHYdY,1,0
20261008,UCSes4X8uDrpc4X46hJKjejg,HtZ8tDkeGJY,101,9,7,08h8u8Z9iJQ,1,0
20261008,UCSes4X8uDrpc4X46hJKjejg,HtZ8tDkeGJY,104,5,7,091rz7SbFdc,1,0
20261008,UCSes4X8uDrpc4X46hJKjejg,HtZ8tDkeGJY,104,5,7,0N_Kn7If8kc,1,1
20261008,UCSes4X8uDrpc4X46hJKjejg,HtZ8tDkeGJY,101,30,7,0X-apj3KcFQ,1,1
20261008,UCSes4X8uDrpc4X46hJKjejg,HtZ8tDkeGJY,104,5,7,0hjeEVj6cAk,1,0
20261008,UCSes4X8uDrpc4X46hJKjejg,HtZ8tDkeGJY,104,4,7,0hqeHre6QLA,1,0
20261008,UCSes4X8uDrpc4X46hJKjejg,HtZ8tDkeGJY,104,5,7,0hqeHre6QLA,2,0.5
20261008,UCSes4X8uDrpc4X46hJKjejg,HtZ8tDkeGJY,104,4,7,0ip-ABcDwvI,1,0
20261008,UCSes4X8uDrpc4X46hJKjejg,HtZ8tDkeGJY,101,2,7,19ugkjxvhYM,1,0
20261008,UCSes4X8uDrpc4X46hJKjejg,HtZ8tDkeGJY,104,4,7,1DWllJxDXH0,1,0
20261008,UCSes4X8uDrpc4X46hJKjejg,HtZ8tDkeGJY,104,4,7,1Hozqd8c1EI,1,0
20261008,UCSes4X8uDrpc4X46hJKjejg,HtZ8tDkeGJY,104,4,7,1O4Qbr6HxDA,1,0
20261008,UCSes4X8uDrpc4X46hJKjejg,HtZ8tDkeGJY,104,5,7,25v2nv_Rbos,1,0
20261008,UCSes4X8uDrpc4X46hJKjejg,HtZ8tDkeGJY,104,5,7,2AQqRlw3n_0,1,0
20261008,UCSes4X8uDrpc4X46hJKjejg,HtZ8tDkeGJY,104,5,7,2GrkgG4zNbo,1,0
20261008,UCSes4X8uDrpc4X46hJKjejg,HtZ8tDkeGJY,101,2,7,2IxVtDpHyDA,1,0
20261008,UCSes4X8uDrpc4X46hJKjejg,HtZ8tDkeGJY,104,5,7,2Oe8T1Mgdq0,1,0
20261008,UCSes4X8uDrpc4X46hJKjejg,HtZ8tDkeGJY,104,5,7,2Q3dGZPguSM,1,0
20261008,UCSes4X8uDrpc4X46hJKjejg,HtZ8tDkeGJY,104,4,7,2QW3Vwnbw90,1,1
20261008,UCSes4X8uDrpc4X46hJKjejg,HtZ8tDkeGJY,104,5,7,2i3tLbO0LYA,1,0
20261008,UCSes4X8uDrpc4X46hJKjejg,HtZ8tDkeGJY,101,2,7,3The8d1JLFU,1,0
20261008,UCSes4X8uDrpc4X46hJKjejg,HtZ8tDkeGJY,101,9,7,3W-P2W7cY0w,1,0
20261008,UCSes4X8uDrpc4X46hJKjejg,HtZ8tDkeGJY,101,2,7,3vOMPB_i9PA,1,1
20261008,UCSes4X8uDrpc4X46hJKjejg,HtZ8tDkeGJY,104,4,7,4Gr7UQGGB10,1,0
20261008,UCSes4X8uDrpc4X46hJKjejg,HtZ8tDkeGJY,104,5,7,4cVpIjcNiyU,1,0
20261008,UCSes4X8uDrpc4X46hJKjejg,HtZ8tDkeGJY,101,2,7,4gY-2ngfj0k,1,0
20261008,UCSes4X8uDrpc4X46hJKjejg,HtZ8tDkeGJY,101,9,7,5FWDg8AT140,1,0
20261008,UCSes4X8uDrpc4X46hJKjejg,HtZ8tDkeGJY,104,5,7,5HpRIOvo5Jk,1,1
20261008,UCSes4X8uDrpc4X46hJKjejg,HtZ8tDkeGJY,101,2,7,5JBSDW7AIuA,1,0
20261008,UCSes4X8uDrpc4X46hJKjejg,HtZ8tDkeGJY,104,4,7,5WAYdfuMxdg,1,0
20261008,UCSes4X8uDrpc4X46hJKjejg,HtZ8tDkeGJY,104,4,7,5nUgkjprYoc,1,0
20261008,UCSes4X8uDrpc4X46hJKjejg,HtZ8tDkeGJY,104,4,7,676M-WswM1E,1,0
20261008,UCSes4X8uDrpc4X46hJKjejg,HtZ8tDkeGJY,101,9,7,6CASn2L_rh0,1,0
20261008,UCSes4X8uDrpc4X46hJKjejg,HtZ8tDkeGJY,104,5,7,6pKZW0ocGDc,2,0
20261008,UCSes4X8uDrpc4X46hJKjejg,HtZ8tDkeGJY,104,5,7,6tL7JgUV9Lw,1,0
20261008,UCSes4X8uDrpc4X46hJKjejg,HtZ8tDkeGJY,101,2,7,76XH50zdMEE,1,0
20261008,UCSes4X8uDrpc4X46hJKjejg,HtZ8tDkeGJY,101,2,7,7R1ROu974Bw,1,0
20261008,UCSes4X8uDrpc4X46hJKjejg,HtZ8tDkeGJY,104,4,7,7ca4xSNKLvg,1,0
20261008,UCSes4X8uDrpc4X46hJKjejg,HtZ8tDkeGJY,104,5,7,7mTi1wJN7AY,1,0
20261008,UCSes4X8uDrpc4X46hJKjejg,HtZ8tDkeGJY,101,2,7,7oTCTtE7pGA,1,0
20261008,UCSes4X8uDrpc4X46hJKjejg,HtZ8tDkeGJY,104,5,7,7sCl_xj_Azw,1,1
20261008,UCSes4X8uDrpc4X46hJKjejg,HtZ8tDkeGJY,101,2,7,83sfDu1HFI0,1,0
20261008,UCSes4X8uDrpc4X46hJKjejg,HtZ8tDkeGJY,101,2,7,88VQ8DBMJRk,1,0
20261008,UCSes4X8uDrpc4X46hJKjejg,HtZ8tDkeGJY,104,5,7,8UTziBRUgfU,1,0
20261008,UCSes4X8uDrpc4X46hJKjejg,HtZ8tDkeGJY,101,1,7,8gwhfwNZYW4,1,0
20261008,UCSes4X8uDrpc4X46hJKjejg,HtZ8tDkeGJY,104,4,7,95A5Arnwgx4,1,0
20261008,UCSes4X8uDrpc4X46hJKjejg,HtZ8tDkeGJY,101,2,7,9ByoGAcKXqo,1,0
20261008,UCSes4X8uDrpc4X46hJKjejg,HtZ8tDkeGJY,101,2,7,9D4mz7gVFMg,1,0
20261008,UCSes4X8uDrpc4X46hJKjejg,HtZ8tDkeGJY,101,2,7,A5l3TToAXCc,1,0
20261008,UCSes4X8uDrpc4X46hJKjejg,HtZ8tDkeGJY,102,29,7,AGIYVUTlPIg,1,0
20261008,UCSes4X8uDrpc4X46hJKjejg,HtZ8tDkeGJY,104,5,7,AhPZcfTLhuk,1,1
20261008,UCSes4X8uDrpc4X46hJKjejg,HtZ8tDkeGJY,104,4,7,BtD3FOVrfb4,1,0
20261008,UCSes4X8uDrpc4X46hJKjejg,HtZ8tDkeGJY,101,2,7,BwNZvbX54IU,1,0
20261008,UCSes4X8uDrpc4X46hJKjejg,HtZ8tDkeGJY,104,5,7,C1SHEYTnJkg,1,0
20261008,UCSes4X8uDrpc4X46hJKjejg,HtZ8tDkeGJY,101,2,7,CB8DUB_DHeE,1,0
20261008,UCSes4X8uDrpc4X46hJKjejg,HtZ8tDkeGJY,104,5,7,CEXDlsPWBxg,1,1
20261008,UCSes4X8uDrpc4X46hJKjejg,HtZ8tDkeGJY,101,9,7,CFiJLzuh0k0,1,0
20261008,UCSes4X8uDrpc4X46hJKjejg,HtZ8tDkeGJY,101,2,7,CKgp7RHxfrk,1,0
20261008,UCSes4X8uDrpc4X46hJKjejg,HtZ8tDkeGJY,104,5,7,C_Xz_Plj9z0,1,0
20261008,UCSes4X8uDrpc4X46hJKjejg,HtZ8tDkeGJY,101,2,7,CwwARv3ubm4,1,0
20261008,UCSes4X8uDrpc4X46hJKjejg,HtZ8tDkeGJY,104,4,7,DiNq0lazQ2M,1,1
20261008,UCSes4X8uDrpc4X46hJKjejg,HtZ8tDkeGJY,104,5,7,EdKkeffsM-U,1,0
20261008,UCSes4X8uDrpc4X46hJKjejg,HtZ8tDkeGJY,104,4,7,FQbxP19PWkA,1,0
20261008,UCSes4X8uDrpc4X46hJKjejg,HtZ8tDkeGJY,101,2,7,G9i_krmweyA,2,0
20261008,UCSes4X8uDrpc4X46hJKjejg,HtZ8tDkeGJY,101,2,7,GdBXgPHM3h0,1,0
20261008,UCSes4X8uDrpc4X46hJKjejg,HtZ8tDkeGJY,104,5,7,GfVYVEPSLIM,1,0
20261008,UCSes4X8uDrpc4X46hJKjejg,HtZ8tDkeGJY,101,2,7,GqVLOlBOj0E,1,0
20261008,UCSes4X8uDrpc4X46hJKjejg,HtZ8tDkeGJY,101,2,7,GwcpssQ1rwA,1,0
20261008,UCSes4X8uDrpc4X46hJKjejg,HtZ8tDkeGJY,101,9,7,GwcpssQ1rwA,1,0
20261008,UCSes4X8uDrpc4X46hJKjejg,HtZ8tDkeGJY,104,4,7,GwcpssQ1rwA,1,0
20261008,UCSes4X8uDrpc4X46hJKjejg,HtZ8tDkeGJY,104,5,7,GwcpssQ1rwA,1,0
20261008,UCSes4X8uDrpc4X46hJKjejg,HtZ8tDkeGJY,104,4,7,Gxm_iAkuQoA,1,0
20261008,UCSes4X8uDrpc4X46hJKjejg,HtZ8tDkeGJY,104,5,7,HbRgRMvSvAY,1,0
20261008,UCSes4X8uDrpc4X46hJKjejg,HtZ8tDkeGJY,101,9,7,I5saZ0pryUU,1,1
20261008,UCSes4X8uDrpc4X46hJKjejg,HtZ8tDkeGJY,101,2,7,IJbgMgXSrMg,1,0
20261008,UCSes4X8uDrpc4X46hJKjejg,HtZ8tDkeGJY,104,5,7,ILnEKwIJBos,1,0
20261008,UCSes4X8uDrpc4X46hJKjejg,HtZ8tDkeGJY,101,2,7,IPTl5riyLfQ,1,0
20261008,UCSes4X8uDrpc4X46hJKjejg,HtZ8tDkeGJY,101,2,7,ISj_j2h9UjA,1,0
20261008,UCSes4X8uDrpc4X46hJKjejg,HtZ8tDkeGJY,101,2,7,IXb8i8Ojkgk,1,0
20261008,UCSes4X8uDrpc4X46hJKjejg,HtZ8tDkeGJY,101,2,7,Ieg-vveDrAM,1,0
20261008,UCSes4X8uDrpc4X46hJKjejg,HtZ8tDkeGJY,101,2,7,IijHaTsFlLY,1,0
20261008,UCSes4X8uDrpc4X46hJKjejg,HtZ8tDkeGJY,104,5,7,J6STkjbVuUg,1,0
20261008,UCSes4X8uDrpc4X46hJKjejg,HtZ8tDkeGJY,104,5,7,JJoRBtz1fHg,1,0
20261008,UCSes4X8uDrpc4X46hJKjejg,HtZ8tDkeGJY,104,5,7,Jc70lrYAn3w,1,0
20261008,UCSes4X8uDrpc4X46hJKjejg,HtZ8tDkeGJY,104,5,7,K4IwqQdyofo,1,0
20261008,UCSes4X8uDrpc4X46hJKjejg,HtZ8tDkeGJY,104,4,7,KHa__XAJmx4,1,0
20261008,UCSes4X8uDrpc4X46hJKjejg,HtZ8tDkeGJY,101,2,7,KKcwMQmmgdA,1,0
20261008,UCSes4X8uDrpc4X46hJKjejg,HtZ8tDkeGJY,101,9,7,KLW50W3YreU,1,0
20261008,UCSes4X8uDrpc4X46hJKjejg,HtZ8tDkeGJY,101,2,7,KMhR7fY4peg,1,0
20261008,UCSes4X8uDrpc4X46hJKjejg,HtZ8tDkeGJY,101,9,7,KmCfDWj5I2c,1,0
20261008,UCSes4X8uDrpc4X46hJKjejg,HtZ8tDkeGJY,104,5,7,KuePqifc92k,1,0
20261008,UCSes4X8uDrpc4X46hJKjejg,HtZ8tDkeGJY,104,4,7,LAT6dG8twCU,1,0
20261008,UCSes4X8uDrpc4X46hJKjejg,HtZ8tDkeGJY,104,5,7,M2DqFbApt_c,1,0
20261008,UCSes4X8uDrpc4X46hJKjejg,HtZ8tDkeGJY,104,5,7,N42F_8RIGsc,1,0
20261008,UCSes4X8uDrpc4X46hJKjejg,HtZ8tDkeGJY,101,2,7,N6pd68kJfpg,1,0
20261008,UCSes4X8uDrpc4X46hJKjejg,HtZ8tDkeGJY,101,2,7,NHFyTEFQ0Aw,1,0
20261008,UCSes4X8uDrpc4X46hJKjejg,HtZ8tDkeGJY,101,9,7,NI2QjVSg5yQ,1,0
20261008,UCSes4X8uDrpc4X46hJKjejg,HtZ8tDkeGJY,104,5,7,NIdiGZ94I6w,1,0
20261008,UCSes4X8uDrpc4X46hJKjejg,HtZ8tDkeGJY,104,5,7,NOLhZdiYw5g,1,0
20261008,UCSes4X8uDrpc4X46hJKjejg,HtZ8tDkeGJY,104,5,7,NOsjK89UQoA,1,0
20261008,UCSes4X8uDrpc4X46hJKjejg,HtZ8tDkeGJY,104,5,7,Nsab6VBLdqE,1,0
20261008,UCSes4X8uDrpc4X46hJKjejg,HtZ8tDkeGJY,104,5,7,NvBAcfAUrhQ,1,0
20261008,UCSes4X8uDrpc4X46hJKjejg,HtZ8tDkeGJY,101,2,7,O8EDDraKzZA,1,0
20261008,UCSes4X8uDrpc4X46hJKjejg,HtZ8tDkeGJY,104,5,7,OK4_fDHv-SQ,1,0
20261008,UCSes4X8uDrpc4X46hJKjejg,HtZ8tDkeGJY,101,2,7,OKGTa1eqlX0,1,0
20261008,UCSes4X8uDrpc4X46hJKjejg,HtZ8tDkeGJY,101,9,7,OOnNtK_Wung,1,0
20261008,UCSes4X8uDrpc4X46hJKjejg,HtZ8tDkeGJY,104,5,7,OQMyzX6uVwE,1,0
20261008,UCSes4X8uDrpc4X46hJKjejg,HtZ8tDkeGJY,104,5,7,PACFItG1FCo,1,0
20261008,UCSes4X8uDrpc4X46hJKjejg,HtZ8tDkeGJY,101,2,7,PQ7_6vTHwNk,1,0
20261008,UCSes4X8uDrpc4X46hJKjejg,HtZ8tDkeGJY,104,4,7,PnhHVxcFqcA,1,0
20261008,UCSes4X8uDrpc4X46hJKjejg,HtZ8tDkeGJY,104,5,7,Pt8VhFsP2BU,1,0
20261008,UCSes4X8uDrpc4X46hJKjejg,HtZ8tDkeGJY,101,2,7,Q5n8fcsZDuQ,1,0
20261008,UCSes4X8uDrpc4X46hJKjejg,HtZ8tDkeGJY,101,9,7,Qy1Cr_AJ3Qk,1,0
20261008,UCSes4X8uDrpc4X46hJKjejg,HtZ8tDkeGJY,101,9,7,QyaEWLlJGDg,1,1
20261008,UCSes4X8uDrpc4X46hJKjejg,HtZ8tDkeGJY,103,10,7,RKpJ47CLrE8,1,0
20261008,UCSes4X8uDrpc4X46hJKjejg,HtZ8tDkeGJY,104,4,7,RMwwakR8tME,1,0
20261008,UCSes4X8uDrpc4X46hJKjejg,HtZ8tDkeGJY,104,5,7,RVS7VkQHBbk,1,1
20261008,UCSes4X8uDrpc4X46hJKjejg,HtZ8tDkeGJY,104,4,7,SBWse653WDA,1,0
20261008,UCSes4X8uDrpc4X46hJKjejg,HtZ8tDkeGJY,101,9,7,SMNi7QAefCM,1,0
20261008,UCSes4X8uDrpc4X46hJKjejg,HtZ8tDkeGJY,101,9,7,SlFJT3ZD980,1,0
20261008,UCSes4X8uDrpc4X46hJKjejg,HtZ8tDkeGJY,104,5,7,Sw_LpROs7Io,1,0
20261008,UCSes4X8uDrpc4X46hJKjejg,HtZ8tDkeGJY,104,5,7,Ta4v0kLAXgk,1,0
20261008,UCSes4X8uDrpc4X46hJKjejg,HtZ8tDkeGJY,104,5,7,Uw4tcnYJ--Y,1,0
20261008,UCSes4X8uDrpc4X46hJKjejg,HtZ8tDkeGJY,104,4,7,VPKXAToDr-M,1,0
20261008,UCSes4X8uDrpc4X46hJKjejg,HtZ8tDkeGJY,104,5,7,VSy9XFz3bDo,1,0
20261008,UCSes4X8uDrpc4X46hJKjejg,HtZ8tDkeGJY,104,4,7,Vfei-Byq5vQ,1,0
20261008,UCSes4X8uDrpc4X46hJKjejg,HtZ8tDkeGJY,104,4,7,ViHQc5JonqY,1,1
20261008,UCSes4X8uDrpc4X46hJKjejg,HtZ8tDkeGJY,104,5,7,X8Z5xRnVsDc,1,0
20261008,UCSes4X8uDrpc4X46hJKjejg,HtZ8tDkeGJY,101,2,7,XEyQYQR_aUQ,1,0
20261008,UCSes4X8uDrpc4X46hJKjejg,HtZ8tDkeGJY,104,5,7,XOV5twoCQcE,1,0
20261008,UCSes4X8uDrpc4X46hJKjejg,HtZ8tDkeGJY,104,4,7,Xx2OAFH6Eog,1,0
20261008,UCSes4X8uDrpc4X46hJKjejg,HtZ8tDkeGJY,101,2,7,XyNMmDZffuo,1,0
20261008,UCSes4X8uDrpc4X46hJKjejg,HtZ8tDkeGJY,101,9,7,YI0iV06aTBE,1,1
20261008,UCSes4X8uDrpc4X46hJKjejg,HtZ8tDkeGJY,101,2,7,Ye-J4TRGkkk,1,0
20261008,UCSes4X8uDrpc4X46hJKjejg,HtZ8tDkeGJY,101,2,7,YlMNWLaT-u0,1,0
20261008,UCSes4X8uDrpc4X46hJKjejg,HtZ8tDkeGJY,104,5,7,Z06jD79vny0,1,0
20261008,UCSes4X8uDrpc4X46hJKjejg,HtZ8tDkeGJY,104,5,7,Z3VafL57D5M,1,0
20261008,UCSes4X8uDrpc4X46hJKjejg,HtZ8tDkeGJY,101,9,7,ZIaZxOhgam4,1,0
20261008,UCSes4X8uDrpc4X46hJKjejg,HtZ8tDkeGJY,104,5,7,ZV7Bt8Y7nAA,1,1
20261008,UCSes4X8uDrpc4X46hJKjejg,HtZ8tDkeGJY,104,4,7,Zb-Q2CxTJ1M,1,0
20261008,UCSes4X8uDrpc4X46hJKjejg,HtZ8tDkeGJY,104,5,7,ZmEubFet8SA,1,1
20261008,UCSes4X8uDrpc4X46hJKjejg,HtZ8tDkeGJY,104,4,7,aT5qkaS-now,1,0
20261008,UCSes4X8uDrpc4X46hJKjejg,HtZ8tDkeGJY,104,4,7,bD2Df0fMBpU,1,0
20261008,UCSes4X8uDrpc4X46hJKjejg,HtZ8tDkeGJY,101,2,7,beDBPH7tcGk,1,0
20261008,UCSes4X8uDrpc4X46hJKjejg,HtZ8tDkeGJY,104,5,7,bqrY8lduJag,1,1
20261008,UCSes4X8uDrpc4X46hJKjejg,HtZ8tDkeGJY,101,2,7,cEwLtkeXKQ4,1,0
20261008,UCSes4X8uDrpc4X46hJKjejg,HtZ8tDkeGJY,104,4,7,crV1oSkLoO8,1,0
20261008,UCSes4X8uDrpc4X46hJKjejg,HtZ8tDkeGJY,101,2,7,cz7XkXp4eUA,1,0
20261008,UCSes4X8uDrpc4X46hJKjejg,HtZ8tDkeGJY,104,4,7,dS8d0GhG6DE,1,0
20261008,UCSes4X8uDrpc4X46hJKjejg,HtZ8tDkeGJY,101,2,7,dcf8UW7cMOI,1,0
20261008,UCSes4X8uDrpc4X46hJKjejg,HtZ8tDkeGJY,104,5,7,dqGbDnVkokU,1,0
20261008,UCSes4X8uDrpc4X46hJKjejg,HtZ8tDkeGJY,104,5,7,drVNAkL0Wkc,1,0
20261008,UCSes4X8uDrpc4X46hJKjejg,HtZ8tDkeGJY,101,9,7,eFazvWwO7aU,1,0
20261008,UCSes4X8uDrpc4X46hJKjejg,HtZ8tDkeGJY,104,5,7,eN_W910LKpE,1,0
20261008,UCSes4X8uDrpc4X46hJKjejg,HtZ8tDkeGJY,101,9,7,eSdEQOeXoec,1,0
20261008,UCSes4X8uDrpc4X46hJKjejg,HtZ8tDkeGJY,101,2,7,eUnlY_3MmNM,1,0
20261008,UCSes4X8uDrpc4X46hJKjejg,HtZ8tDkeGJY,104,5,7,eewE0vQAh4g,1,1
20261008,UCSes4X8uDrpc4X46hJKjejg,HtZ8tDkeGJY,101,2,7,ef2pthjmQ10,1,0
20261008,UCSes4X8uDrpc4X46hJKjejg,HtZ8tDkeGJY,101,2,7,f8j2-04MWXY,1,0
20261008,UCSes4X8uDrpc4X46hJKjejg,HtZ8tDkeGJY,101,2,7,fRgh0krX7aw,1,0
20261008,UCSes4X8uDrpc4X46hJKjejg,HtZ8tDkeGJY,101,2,7,fSNUfBO8COc,1,0
20261008,UCSes4X8uDrpc4X46hJKjejg,HtZ8tDkeGJY,104,5,7,foq8w0F3eaI,1,1
20261008,UCSes4X8uDrpc4X46hJKjejg,HtZ8tDkeGJY,101,2,7,fpslAAK8ZCE,1,0
20261008,UCSes4X8uDrpc4X46hJKjejg,HtZ8tDkeGJY,101,2,7,ft4Vnlc5rxs,1,1
20261008,UCSes4X8uDrpc4X46hJKjejg,HtZ8tDkeGJY,104,5,7,g0tWMFeNzME,1,0
20261008,UCSes4X8uDrpc4X46hJKjejg,HtZ8tDkeGJY,104,5,7,gTrOdynWVzE,1,1
20261008,UCSes4X8uDrpc4X46hJKjejg,HtZ8tDkeGJY,101,2,7,ghm2nQ6dwag,1,0
20261008,UCSes4X8uDrpc4X46hJKjejg,HtZ8tDkeGJY,104,5,7,gjn_6D42mGI,1,1
20261008,UCSes4X8uDrpc4X46hJKjejg,HtZ8tDkeGJY,104,5,7,h6a_Br9tAKQ,1,0
20261008,UCSes4X8uDrpc4X46hJKjejg,HtZ8tDkeGJY,101,9,7,hNwxyd2qBNo,1,0
20261008,UCSes4X8uDrpc4X46hJKjejg,HtZ8tDkeGJY,101,2,7,hma6VytnSA0,1,0
20261008,UCSes4X8uDrpc4X46hJKjejg,HtZ8tDkeGJY,104,5,7,hmrt-cHLIW8,1,0
20261008,UCSes4X8uDrpc4X46hJKjejg,HtZ8tDkeGJY,101,2,7,hnH5h0uw2oU,1,0
20261008,UCSes4X8uDrpc4X46hJKjejg,HtZ8tDkeGJY,104,5,7,i0nomgAnXb8,1,0
20261008,UCSes4X8uDrpc4X46hJKjejg,HtZ8tDkeGJY,101,2,7,i9eo02nzPRg,1,0
20261008,UCSes4X8uDrpc4X46hJKjejg,HtZ8tDkeGJY,104,5,7,iI9tfkKsF9s,1,0
20261008,UCSes4X8uDrpc4X46hJKjejg,HtZ8tDkeGJY,104,5,7,ifUSEM_uS9w,1,0
20261008,UCSes4X8uDrpc4X46hJKjejg,HtZ8tDkeGJY,104,4,7,j2OoEya7HlM,1,0
20261008,UCSes4X8uDrpc4X46hJKjejg,HtZ8tDkeGJY,101,2,7,jFvoO93eTQo,1,0
20261008,UCSes4X8uDrpc4X46hJKjejg,HtZ8tDkeGJY,104,5,7,jeh9bZdxGlI,1,1
20261008,UCSes4X8uDrpc4X46hJKjejg,HtZ8tDkeGJY,104,4,7,kKlAEOr4z6w,1,1
20261008,UCSes4X8uDrpc4X46hJKjejg,HtZ8tDkeGJY,104,5,7,kwYB6ri9J_k,1,0
20261008,UCSes4X8uDrpc4X46hJKjejg,HtZ8tDkeGJY,101,2,7,lAVO_5IlB6Q,1,0
20261008,UCSes4X8uDrpc4X46hJKjejg,HtZ8tDkeGJY,101,2,7,lk4s_4UoIvw,1,0
20261008,UCSes4X8uDrpc4X46hJKjejg,HtZ8tDkeGJY,104,5,7,lo1YE9nNjaY,1,0
20261008,UCSes4X8uDrpc4X46hJKjejg,HtZ8tDkeGJY,101,2,7,mLbnP9FBmrM,1,0
20261008,UCSes4X8uDrpc4X46hJKjejg,HtZ8tDkeGJY,101,2,7,mY6s-tNVCTM,1,0
20261008,UCSes4X8uDrpc4X46hJKjejg,HtZ8tDkeGJY,104,5,7,mdZEGLs9oNY,1,0
20261008,UCSes4X8uDrpc4X46hJKjejg,HtZ8tDkeGJY,104,5,7,nHuD2C9VcKY,1,0
20261008,UCSes4X8uDrpc4X46hJKjejg,HtZ8tDkeGJY,104,5,7,nq7IqbjtwBY,1,0
20261008,UCSes4X8uDrpc4X46hJKjejg,HtZ8tDkeGJY,101,9,7,nsabPDnm56Y,1,0
20261008,UCSes4X8uDrpc4X46hJKjejg,HtZ8tDkeGJY,101,9,7,o1WCUdync5E,1,0
20261008,UCSes4X8uDrpc4X46hJKjejg,HtZ8tDkeGJY,101,2,7,oZu6NMzhYkc,1,0
20261008,UCSes4X8uDrpc4X46hJKjejg,HtZ8tDkeGJY,101,2,7,oc9lAFIBxN8,1,0
20261008,UCSes4X8uDrpc4X46hJKjejg,HtZ8tDkeGJY,104,5,7,ofgXzn8s7Jw,1,0
20261008,UCSes4X8uDrpc4X46hJKjejg,HtZ8tDkeGJY,104,5,7,oylmvmw_Ruo,1,0
20261008,UCSes4X8uDrpc4X46hJKjejg,HtZ8tDkeGJY,102,19,7,p1QxQ01wt90,2,0
20261008,UCSes4X8uDrpc4X46hJKjejg,HtZ8tDkeGJY,104,5,7,pbbY9yo4dfc,1,0
20261008,UCSes4X8uDrpc4X46hJKjejg,HtZ8tDkeGJY,104,5,7,pmHVTkNEj7Y,1,0
20261008,UCSes4X8uDrpc4X46hJKjejg,HtZ8tDkeGJY,101,2,7,pmzz7Gefdro,1,0
20261008,UCSes4X8uDrpc4X46hJKjejg,HtZ8tDkeGJY,101,9,7,pr6T9rQ7w3c,1,0
20261008,UCSes4X8uDrpc4X46hJKjejg,HtZ8tDkeGJY,104,4,7,puz-rz5L2mY,1,0
20261008,UCSes4X8uDrpc4X46hJKjejg,HtZ8tDkeGJY,101,2,7,pyDPACni7SY,1,0
20261008,UCSes4X8uDrpc4X46hJKjejg,HtZ8tDkeGJY,101,2,7,q02wXwwVp2g,1,0
20261008,UCSes4X8uDrpc4X46hJKjejg,HtZ8tDkeGJY,104,4,7,qPIWDtFTNrc,1,0
20261008,UCSes4X8uDrpc4X46hJKjejg,HtZ8tDkeGJY,101,2,7,qceQsAAyah0,1,0
20261008,UCSes4X8uDrpc4X46hJKjejg,HtZ8tDkeGJY,101,2,7,qhwFlQv7H2U,1,0
20261008,UCSes4X8uDrpc4X46hJKjejg,HtZ8tDkeGJY,104,5,7,qvIDjTNaJsw,1,0
20261008,UCSes4X8uDrpc4X46hJKjejg,HtZ8tDkeGJY,101,9,7,r5aJN5e9g64,1,0
20261008,UCSes4X8uDrpc4X46hJKjejg,HtZ8tDkeGJY,101,9,7,rMvFWteWn2s,1,0
20261008,UCSes4X8uDrpc4X46hJKjejg,HtZ8tDkeGJY,104,4,7,rPzVcYNsBOc,1,0
20261008,UCSes4X8uDrpc4X46hJKjejg,HtZ8tDkeGJY,104,5,7,rXVcOjFYcBY,1,0
20261008,UCSes4X8uDrpc4X46hJKjejg,HtZ8tDkeGJY,104,5,7,raDUZd_rBo0,1,0
20261008,UCSes4X8uDrpc4X46hJKjejg,HtZ8tDkeGJY,104,5,7,rog8ou-ZepE,1,0
20261008,UCSes4X8uDrpc4X46hJKjejg,HtZ8tDkeGJY,101,2,7,rvTBWjGNH9A,1,0
20261008,UCSes4X8uDrpc4X46hJKjejg,HtZ8tDkeGJY,101,9,7,s3a4OQR-10M,1,1
20261008,UCSes4X8uDrpc4X46hJKjejg,HtZ8tDkeGJY,104,4,7,sJuRbaa3h_A,1,0
20261008,UCSes4X8uDrpc4X46hJKjejg,HtZ8tDkeGJY,101,2,7,sL8-vrfTR7k,1,0
20261008,UCSes4X8uDrpc4X46hJKjejg,HtZ8tDkeGJY,101,2,7,sOTz4-iFxP8,1,0
20261008,UCSes4X8uDrpc4X46hJKjejg,HtZ8tDkeGJY,104,5,7,tNxUxm3-658,1,0
20261008,UCSes4X8uDrpc4X46hJKjejg,HtZ8tDkeGJY,104,5,7,tcOUJSLzgmI,2,0
20261008,UCSes4X8uDrpc4X46hJKjejg,HtZ8tDkeGJY,104,5,7,tjHSxNm0p94,1,0
20261008,UCSes4X8uDrpc4X46hJKjejg,HtZ8tDkeGJY,104,5,7,tlEtzxP3HiQ,1,0
20261008,UCSes4X8uDrpc4X46hJKjejg,HtZ8tDkeGJY,101,2,7,tnPEElGe-6U,1,0
20261008,UCSes4X8uDrpc4X46hJKjejg,HtZ8tDkeGJY,101,2,7,tsKkJj3HMsY,1,0
20261008,UCSes4X8uDrpc4X46hJKjejg,HtZ8tDkeGJY,104,5,7,u1vpIGuqmPg,1,0
20261008,UCSes4X8uDrpc4X46hJKjejg,HtZ8tDkeGJY,104,5,7,uPbQIj6alF4,1,0
20261008,UCSes4X8uDrpc4X46hJKjejg,HtZ8tDkeGJY,101,2,7,uhYTeOog7fY,1,0
20261008,UCSes4X8uDrpc4X46hJKjejg,HtZ8tDkeGJY,101,2,7,umppEcUR9iA,1,0
20261008,UCSes4X8uDrpc4X46hJKjejg,HtZ8tDkeGJY,104,5,7,vKUWpsZBsS0,1,0
20261008,UCSes4X8uDrpc4X46hJKjejg,HtZ8tDkeGJY,104,5,7,vNwk9y2Vw44,1,0
20261008,UCSes4X8uDrpc4X46hJKjejg,HtZ8tDkeGJY,104,4,7,vOmqF16F_Qs,1,0
20261008,UCSes4X8uDrpc4X46hJKjejg,HtZ8tDkeGJY,104,5,7,vs-waSz2NA4,1,0
20261008,UCSes4X8uDrpc4X46hJKjejg,HtZ8tDkeGJY,104,5,7,wLb8B2gUO6E,1,0
20261008,UCSes4X8uDrpc4X46hJKjejg,HtZ8tDkeGJY,101,9,7,wP6WKW5jipI,1,0
20261008,UCSes4X8uDrpc4X46hJKjejg,HtZ8tDkeGJY,104,4,7,xAM3ty5EP1U,1,0
20261008,UCSes4X8uDrpc4X46hJKjejg,HtZ8tDkeGJY,101,9,7,xBcpaB8lq44,1,0
20261008,UCSes4X8uDrpc4X46hJKjejg,HtZ8tDkeGJY,104,5,7,xEjD0XNqi6c,1,0
20261008,UCSes4X8uDrpc4X46hJKjejg,HtZ8tDkeGJY,101,2,7,xTqyahkF0Pg,1,0
20261008,UCSes4X8uDrpc4X46hJKjejg,HtZ8tDkeGJY,104,5,7,x_1GzcJfLw4,1,0
20261008,UCSes4X8uDrpc4X46hJKjejg,HtZ8tDkeGJY,101,2,7,yLFRQaQT0qM,1,0
20261008,UCSes4X8uDrpc4X46hJKjejg,HtZ8tDkeGJY,104,5,7,ycFIFW2-93o,1,0
20261008,UCSes4X8uDrpc4X46hJKjejg,HtZ8tDkeGJY,104,5,7,yeLyZJx1Cvc,1,0
20261008,UCSes4X8uDrpc4X46hJKjejg,HtZ8tDkeGJY,101,2,7,yo5VW1QcAUc,1,0
20261008,UCSes4X8uDrpc4X46hJKjejg,HtZ8tDkeGJY,104,5,7,yqo7yjeXgcs,1,0
20261008,UCSes4X8uDrpc4X46hJKjejg,HtZ8tDkeGJY,104,4,7,z8IUa_GOI_s,1,0
20261008,UCSes4X8uDrpc4X46hJKjejg,HtZ8tDkeGJY,101,2,7,zD8TmsUm8cY,1,0
20261008,UCSes4X8uDrpc4X46hJKjejg,HtZ8tDkeGJY,104,4,7,zHBgJqG1nJo,1,0
20261008,UCSes4X8uDrpc4X46hJKjejg,HtZ8tDkeGJY,101,2,7,zbZRWzYB7Fo,1,0
20261008,UCSes4X8uDrpc4X46hJKjejg,HtZ8tDkeGJY,101,2,7,zoQflrm4f58,1,0
20261008,UCSes4X8uDrpc4X46hJKjejg,HtZ8tDkeGJY,104,5,7,zyCb0wa8Twk,1,1
20261008,UCSes4X8uDrpc4X46hJKjejg,HtZ8tDkeGJY,104,5,14,my-likes,1,0
20261008,UCSes4X8uDrpc4X46hJKjejg,HtZ8tDkeGJY,102,29,18,unknown,1,0
20261008,UCSes4X8uDrpc4X46hJKjejg,HtZ8tDkeGJY,104,4,18,unknown,3,0
20261008,UCSes4X8uDrpc4X46hJKjejg,HtZ8tDkeGJY,104,5,18,unknown,9,0
20261008,UCSes4X8uDrpc4X46hJKjejg,HuezETFg9xY,101,2,5,unknown,4,0
20261008,UCSes4X8uDrpc4X46hJKjejg,HuezETFg9xY,104,4,5,unknown,2,0
20261008,UCSes4X8uDrpc4X46hJKjejg,HuezETFg9xY,104,5,5,unknown,3,0
20261008,UCSes4X8uDrpc4X46hJKjejg,Hufo1ZVItio,101,2,4,UCSes4X8uDrpc4X46hJKjejg,2,0
20261008,UCSes4X8uDrpc4X46hJKjejg,Hufo1ZVItio,102,19,4,UCSes4X8uDrpc4X46hJKjejg,1,0
20261008,UCSes4X8uDrpc4X46hJKjejg,Hufo1ZVItio,104,4,4,UCSes4X8uDrpc4X46hJKjejg,5,0
20261008,UCSes4X8uDrpc4X46hJKjejg,Hufo1ZVItio,104,5,4,UCSes4X8uDrpc4X46hJKjejg,6,0
20261008,UCSes4X8uDrpc4X46hJKjejg,Hufo1ZVItio,102,26,5,unknown,1,0
20261008,UCSes4X8uDrpc4X46hJKjejg,Hufo1ZVItio,101,9,14,PLX3ZLYz4-6vE2_ZNLW5AfzbHTd1jTskDl,1,0
20261008,UCSes4X8uDrpc4X46hJKjejg,Hufo1ZVItio,104,4,14,PLX3ZLYz4-6vE2_ZNLW5AfzbHTd1jTskDl,12,0
20261008,UCSes4X8uDrpc4X46hJKjejg,Hufo1ZVItio,101,9,18,unknown,1,0
20261008,UCSes4X8uDrpc4X46hJKjejg,Hufo1ZVItio,104,4,18,unknown,2,0
20261008,UCSes4X8uDrpc4X46hJKjejg,HvKhfNcNPiM,101,2,5,unknown,1,0
20261008,UCSes4X8uDrpc4X46hJKjejg,HvKhfNcNPiM,104,4,5,unknown,3,0
20261008,UCSes4X8uDrpc4X46hJKjejg,HvKhfNcNPiM,104,5,5,unknown,1,0
20261008,UCSes4X8uDrpc4X46hJKjejg,HwOvrm15VKI,101,2,5,unknown,1,0
20261008,UCSes4X8uDrpc4X46hJKjejg,HwOvrm15VKI,101,9,5,unknown,1,0
20261008,UCSes4X8uDrpc4X46hJKjejg,HwWx5nhjCx8,101,2,3,what-to-watch,69,0.072463768115942032
20261008,UCSes4X8uDrpc4X46hJKjejg,HwWx5nhjCx8,101,9,3,what-to-watch,25,0
20261008,UCSes4X8uDrpc4X46hJKjejg,HwWx5nhjCx8,101,30,3,what-to-watch,3,0
20261008,UCSes4X8uDrpc4X46hJKjejg,HwWx5nhjCx8,102,1,3,what-to-watch,19,0.052631578947368418
20261008,UCSes4X8uDrpc4X46hJKjejg,HwWx5nhjCx8,102,4,3,what-to-watch,41,0.024390243902439025
20261008,UCSes4X8uDrpc4X46hJKjejg,HwWx5nhjCx8,102,12,3,what-to-watch,16,0
20261008,UCSes4X8uDrpc4X46hJKjejg,HwWx5nhjCx8,102,19,3,what-to-watch,39,0
20261008,UCSes4X8uDrpc4X46hJKjejg,HwWx5nhjCx8,102,26,3,what-to-watch,56,0
20261008,UCSes4X8uDrpc4X46hJKjejg,HwWx5nhjCx8,102,28,3,what-to-watch,9,0.1111111111111111
20261008,UCSes4X8uDrpc4X46hJKjejg,HwWx5nhjCx8,102,29,3,what-to-watch,33,0
20261008,UCSes4X8uDrpc4X46hJKjejg,HwWx5nhjCx8,102,31,3,what-to-watch,1,1
20261008,UCSes4X8uDrpc4X46hJKjejg,HwWx5nhjCx8,103,10,3,what-to-watch,16,0.0625
20261008,UCSes4X8uDrpc4X46hJKjejg,HwWx5nhjCx8,103,17,3,what-to-watch,10,0
20261008,UCSes4X8uDrpc4X46hJKjejg,HwWx5nhjCx8,104,4,3,what-to-watch,38,0.078947368421052627
20261008,UCSes4X8uDrpc4X46hJKjejg,HwWx5nhjCx8,104,5,3,what-to-watch,91,0.10989010989010989
20261008,UCSes4X8uDrpc4X46hJKjejg,HwWx5nhjCx8,105,4,3,what-to-watch,5,0
20261008,UCSes4X8uDrpc4X46hJKjejg,HwWx5nhjCx8,105,5,3,what-to-watch,10,0
20261008,UCSes4X8uDrpc4X46hJKjejg,HwWx5nhjCx8,101,2,4,UCSes4X8uDrpc4X46hJKjejg,1,0
20261008,UCSes4X8uDrpc4X46hJKjejg,HwWx5nhjCx8,104,4,4,UCSes4X8uDrpc4X46hJKjejg,3,0
20261008,UCSes4X8uDrpc4X46hJKjejg,HwWx5nhjCx8,104,5,4,UCSes4X8uDrpc4X46hJKjejg,3,0
20261008,UCSes4X8uDrpc4X46hJKjejg,HwWx5nhjCx8,101,2,5,unknown,3,0
20261008,UCSes4X8uDrpc4X46hJKjejg,HwWx5nhjCx8,105,5,5,unknown,3,0
20261008,UCSes4X8uDrpc4X46hJKjejg,HwWx5nhjCx8,102,4,7,KZI2s5lHA6s,1,0
20261008,UCSes4X8uDrpc4X46hJKjejg,HwWx5nhjCx8,102,26,7,Nx4Ktog4N9g,1,0
20261008,UCSes4X8uDrpc4X46hJKjejg,HwWx5nhjCx8,104,5,7,Rl73WZoqKzE,1,1
20261008,UCSes4X8uDrpc4X46hJKjejg,HwWx5nhjCx8,101,2,7,XIOOlO68HEI,1,0
20261008,UCSes4X8uDrpc4X46hJKjejg,HwWx5nhjCx8,104,4,7,i0nomgAnXb8,1,0
20261008,UCSes4X8uDrpc4X46hJKjejg,HwWx5nhjCx8,102,26,7,tk2K_PSPshs,1,0
20261008,UCSes4X8uDrpc4X46hJKjejg,HyxaS1l0qrg,104,4,5,unknown,1,0
20261008,UCSes4X8uDrpc4X46hJKjejg,HzmMTvN__ec,101,2,3,what-to-watch,4,0
20261008,UCSes4X8uDrpc4X46hJKjejg,HzmMTvN__ec,101,9,3,what-to-watch,2,0
20261008,UCSes4X8uDrpc4X46hJKjejg,HzmMTvN__ec,102,4,3,what-to-watch,1,0
20261008,UCSes4X8uDrpc4X46hJKjejg,HzmMTvN__ec,104,4,3,what-to-watch,2,0
20261008,UCSes4X8uDrpc4X46hJKjejg,HzmMTvN__ec,104,5,3,what-to-watch,2,0
20261008,UCSes4X8uDrpc4X46hJKjejg,HzmMTvN__ec,105,5,3,what-to-watch,2,0
20261008,UCSes4X8uDrpc4X46hJKjejg,HzmMTvN__ec,104,5,4,UCSes4X8uDrpc4X46hJKjejg,4,0
20261008,UCSes4X8uDrpc4X46hJKjejg,HzmMTvN__ec,102,1,5,unknown,3,0.33333333333333331
20261008,UCSes4X8uDrpc4X46hJKjejg,HzmMTvN__ec,102,19,5,unknown,5,0
20261008,UCSes4X8uDrpc4X46hJKjejg,HzmMTvN__ec,102,29,5,unknown,2,0
20261008,UCSes4X8uDrpc4X46hJKjejg,HzmMTvN__ec,104,4,5,unknown,3,0
20261008,UCSes4X8uDrpc4X46hJKjejg,HzmMTvN__ec,104,5,5,unknown,4,0
20261008,UCSes4X8uDrpc4X46hJKjejg,HzmMTvN__ec,104,5,7,9ZC8dXOrHxc,2,0
20261008,UCSes4X8uDrpc4X46hJKjejg,I002l8Z2C3c,102,26,3,what-to-watch,3,0
20261008,UCSes4X8uDrpc4X46hJKjejg,I002l8Z2C3c,103,10,3,what-to-watch,2,0
20261008,UCSes4X8uDrpc4X46hJKjejg,I002l8Z2C3c,105,5,3,what-to-watch,2,0
20261008,UCSes4X8uDrpc4X46hJKjejg,I002l8Z2C3c,101,2,4,UCSes4X8uDrpc4X46hJKjejg,1,0
20261008,UCSes4X8uDrpc4X46hJKjejg,I002l8Z2C3c,104,4,4,UCSes4X8uDrpc4X46hJKjejg,3,0
20261008,UCSes4X8uDrpc4X46hJKjejg,I002l8Z2C3c,104,5,4,UCSes4X8uDrpc4X46hJKjejg,3,0
20261008,UCSes4X8uDrpc4X46hJKjejg,I002l8Z2C3c,101,2,7,EEx_wh5F-9E,1,0
20261008,UCSes4X8uDrpc4X46hJKjejg,I002l8Z2C3c,104,5,18,unknown,1,0
20261008,UCSes4X8uDrpc4X46hJKjejg,I01sykSggXY,102,19,4,UCSes4X8uDrpc4X46hJKjejg,2,0
20261008,UCSes4X8uDrpc4X46hJKjejg,I01sykSggXY,101,2,14,PLX3ZLYz4-6vFapW85GvTgNr-4rJjgkzqi,1,0
20261008,UCSes4X8uDrpc4X46hJKjejg,I171VNwMlEo,101,2,3,what-to-watch,1,0
20261008,UCSes4X8uDrpc4X46hJKjejg,I171VNwMlEo,104,4,3,what-to-watch,1,0
20261008,UCSes4X8uDrpc4X46hJKjejg,I171VNwMlEo,104,5,3,what-to-watch,2,0
20261008,UCSes4X8uDrpc4X46hJKjejg,I171VNwMlEo,102,26,5,unknown,4,0
20261008,UCSes4X8uDrpc4X46hJKjejg,I43CDRGeYeE,104,5,4,UCSes4X8uDrpc4X46hJKjejg,2,0
20261008,UCSes4X8uDrpc4X46hJKjejg,I43CDRGeYeE,102,1,5,unknown,1,0
20261008,UCSes4X8uDrpc4X46hJKjejg,IACGk-OMzi8,101,9,14,PLX3ZLYz4-6vE2_ZNLW5AfzbHTd1jTskDl,2,0
20261008,UCSes4X8uDrpc4X46hJKjejg,IACGk-OMzi8,101,9,18,unknown,3,0
20261008,UCSes4X8uDrpc4X46hJKjejg,IACGk-OMzi8,104,4,18,unknown,1,0
20261008,UCSes4X8uDrpc4X46hJKjejg,ICuCSt68O0o,102,26,3,what-to-watch,1,0
20261008,UCSes4X8uDrpc4X46hJKjejg,ID5K-VWCXew,101,2,4,UCSes4X8uDrpc4X46hJKjejg,1,0
20261008,UCSes4X8uDrpc4X46hJKjejg,ID5K-VWCXew,101,9,4,UCSes4X8uDrpc4X46hJKjejg,1,0
20261008,UCSes4X8uDrpc4X46hJKjejg,ID5K-VWCXew,102,26,4,UCSes4X8uDrpc4X46hJKjejg,1,0
20261008,UCSes4X8uDrpc4X46hJKjejg,ID5K-VWCXew,104,4,4,UCSes4X8uDrpc4X46hJKjejg,23,0
20261008,UCSes4X8uDrpc4X46hJKjejg,ID5K-VWCXew,104,5,4,UCSes4X8uDrpc4X46hJKjejg,8,0
20261008,UCSes4X8uDrpc4X46hJKjejg,ID5K-VWCXew,104,4,5,unknown,1,0
20261008,UCSes4X8uDrpc4X46hJKjejg,ID5K-VWCXew,104,5,5,unknown,2,0
20261008,UCSes4X8uDrpc4X46hJKjejg,IJzfYRZwgA0,101,9,3,what-to-watch,1,0
20261008,UCSes4X8uDrpc4X46hJKjejg,IYL3_MSyo_U,101,2,4,UCSes4X8uDrpc4X46hJKjejg,1,0
20261008,UCSes4X8uDrpc4X46hJKjejg,IcqHgQ_Vv44,104,5,4,UCSes4X8uDrpc4X46hJKjejg,4,0
20261008,UCSes4X8uDrpc4X46hJKjejg,Iga34eYHPD0,104,5,4,UCSes4X8uDrpc4X46hJKjejg,2,0
20261008,UCSes4X8uDrpc4X46hJKjejg,Iga34eYHPD0,104,4,5,unknown,1,0
20261008,UCSes4X8uDrpc4X46hJKjejg,Iga34eYHPD0,104,5,5,unknown,9,0
20261008,UCSes4X8uDrpc4X46hJKjejg,Iga34eYHPD0,105,5,5,unknown,1,0
20261008,UCSes4X8uDrpc4X46hJKjejg,Iga34eYHPD0,104,5,7,XZ5eOje0nmQ,1,0
20261008,UCSes4X8uDrpc4X46hJKjejg,Ighg-kbn1AM,104,5,3,what-to-watch,1,0
20261008,UCSes4X8uDrpc4X46hJKjejg,Ighg-kbn1AM,104,4,4,UCSes4X8uDrpc4X46hJKjejg,1,0
20261008,UCSes4X8uDrpc4X46hJKjejg,IkDS7ZhVkA4,101,2,3,what-to-watch,20,0
20261008,UCSes4X8uDrpc4X46hJKjejg,IkDS7ZhVkA4,101,9,3,what-to-watch,28,0.035714285714285712
20261008,UCSes4X8uDrpc4X46hJKjejg,IkDS7ZhVkA4,101,30,3,what-to-watch,4,0
20261008,UCSes4X8uDrpc4X46hJKjejg,IkDS7ZhVkA4,102,1,3,what-to-watch,1,0
20261008,UCSes4X8uDrpc4X46hJKjejg,IkDS7ZhVkA4,102,4,3,what-to-watch,4,0
20261008,UCSes4X8uDrpc4X46hJKjejg,IkDS7ZhVkA4,102,12,3,what-to-watch,1,0
20261008,UCSes4X8uDrpc4X46hJKjejg,IkDS7ZhVkA4,102,19,3,what-to-watch,7,0
20261008,UCSes4X8uDrpc4X46hJKjejg,IkDS7ZhVkA4,102,26,3,what-to-watch,10,0
20261008,UCSes4X8uDrpc4X46hJKjejg,IkDS7ZhVkA4,102,28,3,what-to-watch,2,0
20261008,UCSes4X8uDrpc4X46hJKjejg,IkDS7ZhVkA4,102,29,3,what-to-watch,6,0
20261008,UCSes4X8uDrpc4X46hJKjejg,IkDS7ZhVkA4,103,10,3,what-to-watch,5,0
20261008,UCSes4X8uDrpc4X46hJKjejg,IkDS7ZhVkA4,103,17,3,what-to-watch,3,0
20261008,UCSes4X8uDrpc4X46hJKjejg,IkDS7ZhVkA4,104,4,3,what-to-watch,32,0
20261008,UCSes4X8uDrpc4X46hJKjejg,IkDS7ZhVkA4,104,5,3,what-to-watch,77,0.03896103896103896
20261008,UCSes4X8uDrpc4X46hJKjejg,IkDS7ZhVkA4,105,5,3,what-to-watch,8,0
20261008,UCSes4X8uDrpc4X46hJKjejg,IkDS7ZhVkA4,101,2,4,UCSes4X8uDrpc4X46hJKjejg,1,0
20261008,UCSes4X8uDrpc4X46hJKjejg,IkDS7ZhVkA4,101,9,4,UCSes4X8uDrpc4X46hJKjejg,1,0
20261008,UCSes4X8uDrpc4X46hJKjejg,IkDS7ZhVkA4,102,12,4,UCSes4X8uDrpc4X46hJKjejg,1,0
20261008,UCSes4X8uDrpc4X46hJKjejg,IkDS7ZhVkA4,102,19,4,UCSes4X8uDrpc4X46hJKjejg,1,0
20261008,UCSes4X8uDrpc4X46hJKjejg,IkDS7ZhVkA4,104,5,4,UCSes4X8uDrpc4X46hJKjejg,4,0
20261008,UCSes4X8uDrpc4X46hJKjejg,IkDS7ZhVkA4,101,2,5,unknown,7,0.14285714285714285
20261008,UCSes4X8uDrpc4X46hJKjejg,IkDS7ZhVkA4,101,9,5,unknown,7,0
20261008,UCSes4X8uDrpc4X46hJKjejg,IkDS7ZhVkA4,101,30,5,unknown,1,0
20261008,UCSes4X8uDrpc4X46hJKjejg,IkDS7ZhVkA4,102,4,5,unknown,1,0
20261008,UCSes4X8uDrpc4X46hJKjejg,IkDS7ZhVkA4,102,19,5,unknown,2,0
20261008,UCSes4X8uDrpc4X46hJKjejg,IkDS7ZhVkA4,102,28,5,unknown,1,0
20261008,UCSes4X8uDrpc4X46hJKjejg,IkDS7ZhVkA4,102,29,5,unknown,2,0
20261008,UCSes4X8uDrpc4X46hJKjejg,IkDS7ZhVkA4,104,4,5,unknown,18,0.055555555555555552
20261008,UCSes4X8uDrpc4X46hJKjejg,IkDS7ZhVkA4,104,5,5,unknown,68,0.073529411764705885
20261008,UCSes4X8uDrpc4X46hJKjejg,IkDS7ZhVkA4,105,5,5,unknown,4,0
20261008,UCSes4X8uDrpc4X46hJKjejg,IkDS7ZhVkA4,102,4,7,-DipEnAbXZU,1,0
20261008,UCSes4X8uDrpc4X46hJKjejg,IkDS7ZhVkA4,101,2,7,-V2xgnPUqx8,1,0
20261008,UCSes4X8uDrpc4X46hJKjejg,IkDS7ZhVkA4,104,4,7,0A0ZC94-XlE,1,0
20261008,UCSes4X8uDrpc4X46hJKjejg,IkDS7ZhVkA4,101,2,7,0EuhxBYTacM,1,0
20261008,UCSes4X8uDrpc4X46hJKjejg,IkDS7ZhVkA4,101,2,7,0fEz39OtLco,1,0
20261008,UCSes4X8uDrpc4X46hJKjejg,IkDS7ZhVkA4,101,9,7,0xpEJ-ZKc50,1,0
20261008,UCSes4X8uDrpc4X46hJKjejg,IkDS7ZhVkA4,104,5,7,1BQI8nw1-zY,1,0
20261008,UCSes4X8uDrpc4X46hJKjejg,IkDS7ZhVkA4,104,4,7,1Vq5RPs0QIc,1,0
20261008,UCSes4X8uDrpc4X46hJKjejg,IkDS7ZhVkA4,101,2,7,1fHrQC7xW_Q,1,0
20261008,UCSes4X8uDrpc4X46hJKjejg,IkDS7ZhVkA4,104,5,7,1wVGVS022cU,2,0
20261008,UCSes4X8uDrpc4X46hJKjejg,IkDS7ZhVkA4,104,5,7,2mxpEpGU3H8,1,0
20261008,UCSes4X8uDrpc4X46hJKjejg,IkDS7ZhVkA4,102,19,7,397EK9CM6n4,1,0
20261008,UCSes4X8uDrpc4X46hJKjejg,IkDS7ZhVkA4,101,2,7,3pc6ltrvotI,2,0
20261008,UCSes4X8uDrpc4X46hJKjejg,IkDS7ZhVkA4,104,5,7,3qnPMwfWX5c,1,0
20261008,UCSes4X8uDrpc4X46hJKjejg,IkDS7ZhVkA4,104,4,7,3w63eqjMJac,1,0
20261008,UCSes4X8uDrpc4X46hJKjejg,IkDS7ZhVkA4,104,5,7,3w63eqjMJac,2,0
20261008,UCSes4X8uDrpc4X46hJKjejg,IkDS7ZhVkA4,101,2,7,4xJxQLIB0i4,1,0
20261008,UCSes4X8uDrpc4X46hJKjejg,IkDS7ZhVkA4,104,4,7,56jqsLfzF1U,1,0
20261008,UCSes4X8uDrpc4X46hJKjejg,IkDS7ZhVkA4,102,19,7,5DPvbzP49qQ,1,0
20261008,UCSes4X8uDrpc4X46hJKjejg,IkDS7ZhVkA4,104,5,7,5njseFCJ42s,1,0
20261008,UCSes4X8uDrpc4X46hJKjejg,IkDS7ZhVkA4,104,4,7,6DnRWahYrFA,1,0
20261008,UCSes4X8uDrpc4X46hJKjejg,IkDS7ZhVkA4,101,30,7,6IsmmIgHzR0,1,0
20261008,UCSes4X8uDrpc4X46hJKjejg,IkDS7ZhVkA4,104,4,7,6TPdz_MzokM,1,0
20261008,UCSes4X8uDrpc4X46hJKjejg,IkDS7ZhVkA4,101,2,7,6WUT1M4tikM,4,0
20261008,UCSes4X8uDrpc4X46hJKjejg,IkDS7ZhVkA4,101,9,7,6WUT1M4tikM,1,0
20261008,UCSes4X8uDrpc4X46hJKjejg,IkDS7ZhVkA4,104,5,7,6WUT1M4tikM,9,0
20261008,UCSes4X8uDrpc4X46hJKjejg,IkDS7ZhVkA4,102,1,7,6WmxSf0b8X4,1,0
20261008,UCSes4X8uDrpc4X46hJKjejg,IkDS7ZhVkA4,101,2,7,6pKZW0ocGDc,1,0
20261008,UCSes4X8uDrpc4X46hJKjejg,IkDS7ZhVkA4,101,9,7,6pKZW0ocGDc,1,0
20261008,UCSes4X8uDrpc4X46hJKjejg,IkDS7ZhVkA4,104,4,7,6pKZW0ocGDc,2,0
20261008,UCSes4X8uDrpc4X46hJKjejg,IkDS7ZhVkA4,104,5,7,6pKZW0ocGDc,4,0
20261008,UCSes4X8uDrpc4X46hJKjejg,IkDS7ZhVkA4,101,2,7,6vElX0rrzUc,1,0
20261008,UCSes4X8uDrpc4X46hJKjejg,IkDS7ZhVkA4,104,4,7,6vElX0rrzUc,2,0
20261008,UCSes4X8uDrpc4X46hJKjejg,IkDS7ZhVkA4,104,5,7,6wOp2N7_INQ,1,0
20261008,UCSes4X8uDrpc4X46hJKjejg,IkDS7ZhVkA4,104,5,7,7RBrzXAvm0A,1,0
20261008,UCSes4X8uDrpc4X46hJKjejg,IkDS7ZhVkA4,104,5,7,7XUpSDsiFHM,2,0
20261008,UCSes4X8uDrpc4X46hJKjejg,IkDS7ZhVkA4,104,5,7,83OyHy4VcqM,1,0
20261008,UCSes4X8uDrpc4X46hJKjejg,IkDS7ZhVkA4,101,9,7,8N3PmjcvYtY,1,0
20261008,UCSes4X8uDrpc4X46hJKjejg,IkDS7ZhVkA4,104,4,7,8N3PmjcvYtY,1,0
20261008,UCSes4X8uDrpc4X46hJKjejg,IkDS7ZhVkA4,101,9,7,9YQzrdM4N8w,1,0
20261008,UCSes4X8uDrpc4X46hJKjejg,IkDS7ZhVkA4,101,2,7,9zaom3QbjYs,1,0
20261008,UCSes4X8uDrpc4X46hJKjejg,IkDS7ZhVkA4,102,26,7,AFeNCr4CQ5Q,1,0
20261008,UCSes4X8uDrpc4X46hJKjejg,IkDS7ZhVkA4,101,2,7,AdX79-X-Htk,1,0
20261008,UCSes4X8uDrpc4X46hJKjejg,IkDS7ZhVkA4,104,5,7,Af8B1M7jFqI,1,0
20261008,UCSes4X8uDrpc4X46hJKjejg,IkDS7ZhVkA4,101,9,7,BAs3fi51LR8,1,0
20261008,UCSes4X8uDrpc4X46hJKjejg,IkDS7ZhVkA4,104,4,7,BDl7GpwBQG8,1,0
20261008,UCSes4X8uDrpc4X46hJKjejg,IkDS7ZhVkA4,101,9,7,BF4I78XMvf4,1,0
20261008,UCSes4X8uDrpc4X46hJKjejg,IkDS7ZhVkA4,104,5,7,Bm7cQuUX34A,1,0
20261008,UCSes4X8uDrpc4X46hJKjejg,IkDS7ZhVkA4,104,4,7,ByEW6wXgCjY,1,0
20261008,UCSes4X8uDrpc4X46hJKjejg,IkDS7ZhVkA4,104,5,7,C58UrpzgGi8,1,0
20261008,UCSes4X8uDrpc4X46hJKjejg,IkDS7ZhVkA4,104,5,7,Ci2Ib2XR9EY,1,0
20261008,UCSes4X8uDrpc4X46hJKjejg,IkDS7ZhVkA4,101,2,7,D-pYGQuVEk4,1,0
20261008,UCSes4X8uDrpc4X46hJKjejg,IkDS7ZhVkA4,102,19,7,D7_qHe_3wjg,1,0
20261008,UCSes4X8uDrpc4X46hJKjejg,IkDS7ZhVkA4,101,2,7,DdmSoh6cdyo,1,0
20261008,UCSes4X8uDrpc4X46hJKjejg,IkDS7ZhVkA4,101,9,7,DdmSoh6cdyo,1,1
20261008,UCSes4X8uDrpc4X46hJKjejg,IkDS7ZhVkA4,102,28,7,DdmSoh6cdyo,1,0
20261008,UCSes4X8uDrpc4X46hJKjejg,IkDS7ZhVkA4,104,4,7,DdmSoh6cdyo,1,0
20261008,UCSes4X8uDrpc4X46hJKjejg,IkDS7ZhVkA4,104,5,7,DdmSoh6cdyo,1,0
20261008,UCSes4X8uDrpc4X46hJKjejg,IkDS7ZhVkA4,104,5,7,Eaf4F8sE4gI,2,0
20261008,UCSes4X8uDrpc4X46hJKjejg,IkDS7ZhVkA4,101,9,7,EatG4UDqggA,1,0
20261008,UCSes4X8uDrpc4X46hJKjejg,IkDS7ZhVkA4,101,2,7,FCAC9ZyPn_4,2,0
20261008,UCSes4X8uDrpc4X46hJKjejg,IkDS7ZhVkA4,101,2,7,FXX_QCiXNno,4,0
20261008,UCSes4X8uDrpc4X46hJKjejg,IkDS7ZhVkA4,101,9,7,FXX_QCiXNno,7,0
20261008,UCSes4X8uDrpc4X46hJKjejg,IkDS7ZhVkA4,101,30,7,FXX_QCiXNno,1,0
20261008,UCSes4X8uDrpc4X46hJKjejg,IkDS7ZhVkA4,104,4,7,FXX_QCiXNno,1,0
20261008,UCSes4X8uDrpc4X46hJKjejg,IkDS7ZhVkA4,104,5,7,FXX_QCiXNno,20,0.05
20261008,UCSes4X8uDrpc4X46hJKjejg,IkDS7ZhVkA4,104,5,7,FcthtP33rJM,1,0
20261008,UCSes4X8uDrpc4X46hJKjejg,IkDS7ZhVkA4,104,5,7,FuTxV351nQs,1,0
20261008,UCSes4X8uDrpc4X46hJKjejg,IkDS7ZhVkA4,104,5,7,Gtn3CDj5p6Q,2,0
20261008,UCSes4X8uDrpc4X46hJKjejg,IkDS7ZhVkA4,104,5,7,HEzmHs7iAvw,1,1
20261008,UCSes4X8uDrpc4X46hJKjejg,IkDS7ZhVkA4,101,2,7,HqHN06ZWH0U,1,0
20261008,UCSes4X8uDrpc4X46hJKjejg,IkDS7ZhVkA4,104,5,7,HqHN06ZWH0U,1,0
20261008,UCSes4X8uDrpc4X46hJKjejg,IkDS7ZhVkA4,105,5,7,I3M1HjtVuvU,1,0
20261008,UCSes4X8uDrpc4X46hJKjejg,IkDS7ZhVkA4,104,5,7,IHfpA4DYCEk,1,0
20261008,UCSes4X8uDrpc4X46hJKjejg,IkDS7ZhVkA4,101,2,7,IHzL-Ra8wu0,1,0
20261008,UCSes4X8uDrpc4X46hJKjejg,IkDS7ZhVkA4,104,5,7,IXb8i8Ojkgk,1,1
20261008,UCSes4X8uDrpc4X46hJKjejg,IkDS7ZhVkA4,101,9,7,IyQkraKqPE4,1,0
20261008,UCSes4X8uDrpc4X46hJKjejg,IkDS7ZhVkA4,104,5,7,J1J-U6a1WGA,1,0
20261008,UCSes4X8uDrpc4X46hJKjejg,IkDS7ZhVkA4,101,2,7,J_F8AiE2UpQ,1,0
20261008,UCSes4X8uDrpc4X46hJKjejg,IkDS7ZhVkA4,102,19,7,KTKjKmn2MYI,1,0
20261008,UCSes4X8uDrpc4X46hJKjejg,IkDS7ZhVkA4,101,2,7,LC_CU_IkCXs,3,0
20261008,UCSes4X8uDrpc4X46hJKjejg,IkDS7ZhVkA4,101,9,7,LC_CU_IkCXs,6,0
20261008,UCSes4X8uDrpc4X46hJKjejg,IkDS7ZhVkA4,101,30,7,LC_CU_IkCXs,1,0
20261008,UCSes4X8uDrpc4X46hJKjejg,IkDS7ZhVkA4,102,19,7,LC_CU_IkCXs,2,0
20261008,UCSes4X8uDrpc4X46hJKjejg,IkDS7ZhVkA4,102,26,7,LC_CU_IkCXs,1,0
20261008,UCSes4X8uDrpc4X46hJKjejg,IkDS7ZhVkA4,102,28,7,LC_CU_IkCXs,1,0
20261008,UCSes4X8uDrpc4X46hJKjejg,IkDS7ZhVkA4,103,17,7,LC_CU_IkCXs,1,0
20261008,UCSes4X8uDrpc4X46hJKjejg,IkDS7ZhVkA4,104,4,7,LC_CU_IkCXs,4,0.25
20261008,UCSes4X8uDrpc4X46hJKjejg,IkDS7ZhVkA4,104,5,7,LC_CU_IkCXs,17,0
20261008,UCSes4X8uDrpc4X46hJKjejg,IkDS7ZhVkA4,105,5,7,LC_CU_IkCXs,1,0
20261008,UCSes4X8uDrpc4X46hJKjejg,IkDS7ZhVkA4,104,4,7,LCxy1u4jjvo,1,0
20261008,UCSes4X8uDrpc4X46hJKjejg,IkDS7ZhVkA4,104,5,7,LCxy1u4jjvo,2,0
20261008,UCSes4X8uDrpc4X46hJKjejg,IkDS7ZhVkA4,101,2,7,LQrKQVAQ_Q4,1,0
20261008,UCSes4X8uDrpc4X46hJKjejg,IkDS7ZhVkA4,105,5,7,LVNEvs_xXPg,1,0
20261008,UCSes4X8uDrpc4X46hJKjejg,IkDS7ZhVkA4,101,2,7,LVm10v8hw2Y,1,0
20261008,UCSes4X8uDrpc4X46hJKjejg,IkDS7ZhVkA4,101,2,7,Lda6LrfG3es,6,0
20261008,UCSes4X8uDrpc4X46hJKjejg,IkDS7ZhVkA4,101,9,7,Lda6LrfG3es,5,0
20261008,UCSes4X8uDrpc4X46hJKjejg,IkDS7ZhVkA4,101,30,7,Lda6LrfG3es,1,0
20261008,UCSes4X8uDrpc4X46hJKjejg,IkDS7ZhVkA4,102,26,7,Lda6LrfG3es,1,0
20261008,UCSes4X8uDrpc4X46hJKjejg,IkDS7ZhVkA4,104,4,7,Lda6LrfG3es,2,0
20261008,UCSes4X8uDrpc4X46hJKjejg,IkDS7ZhVkA4,104,5,7,Lda6LrfG3es,12,0
20261008,UCSes4X8uDrpc4X46hJKjejg,IkDS7ZhVkA4,105,5,7,Lda6LrfG3es,3,0
20261008,UCSes4X8uDrpc4X46hJKjejg,IkDS7ZhVkA4,104,4,7,LnPZ56HZTJk,1,0
20261008,UCSes4X8uDrpc4X46hJKjejg,IkDS7ZhVkA4,104,5,7,LwoMhQ0EKIo,1,0
20261008,UCSes4X8uDrpc4X46hJKjejg,IkDS7ZhVkA4,104,5,7,Ly6MpxjKV0A,1,0
20261008,UCSes4X8uDrpc4X46hJKjejg,IkDS7ZhVkA4,104,5,7,M2DqFbApt_c,1,0
20261008,UCSes4X8uDrpc4X46hJKjejg,IkDS7ZhVkA4,101,2,7,MEHDJ9V-lIk,1,0
20261008,UCSes4X8uDrpc4X46hJKjejg,IkDS7ZhVkA4,101,9,7,MEHDJ9V-lIk,2,0
20261008,UCSes4X8uDrpc4X46hJKjejg,IkDS7ZhVkA4,103,17,7,MEHDJ9V-lIk,1,0
20261008,UCSes4X8uDrpc4X46hJKjejg,IkDS7ZhVkA4,104,4,7,MEHDJ9V-lIk,1,0
20261008,UCSes4X8uDrpc4X46hJKjejg,IkDS7ZhVkA4,104,5,7,MEHDJ9V-lIk,4,0
20261008,UCSes4X8uDrpc4X46hJKjejg,IkDS7ZhVkA4,101,2,7,MTrtcJlmWYM,1,0
20261008,UCSes4X8uDrpc4X46hJKjejg,IkDS7ZhVkA4,101,9,7,MTrtcJlmWYM,1,0
20261008,UCSes4X8uDrpc4X46hJKjejg,IkDS7ZhVkA4,101,2,7,Mi1RByDDH0Y,2,0
20261008,UCSes4X8uDrpc4X46hJKjejg,IkDS7ZhVkA4,104,5,7,MlwFcTqUJH8,1,0
20261008,UCSes4X8uDrpc4X46hJKjejg,IkDS7ZhVkA4,101,2,7,Mzwzz4iwmts,1,1
20261008,UCSes4X8uDrpc4X46hJKjejg,IkDS7ZhVkA4,101,2,7,N42F_8RIGsc,2,0
20261008,UCSes4X8uDrpc4X46hJKjejg,IkDS7ZhVkA4,104,4,7,N42F_8RIGsc,1,0
20261008,UCSes4X8uDrpc4X46hJKjejg,IkDS7ZhVkA4,101,2,7,NDRw1Pt0Bcs,2,0
20261008,UCSes4X8uDrpc4X46hJKjejg,IkDS7ZhVkA4,101,9,7,NDRw1Pt0Bcs,1,0
20261008,UCSes4X8uDrpc4X46hJKjejg,IkDS7ZhVkA4,104,5,7,NDRw1Pt0Bcs,1,0
20261008,UCSes4X8uDrpc4X46hJKjejg,IkDS7ZhVkA4,105,5,7,NDRw1Pt0Bcs,1,0
20261008,UCSes4X8uDrpc4X46hJKjejg,IkDS7ZhVkA4,104,5,7,NLlWSRZ-QMw,2,0
20261008,UCSes4X8uDrpc4X46hJKjejg,IkDS7ZhVkA4,101,9,7,NNYpiw881IA,1,0
20261008,UCSes4X8uDrpc4X46hJKjejg,IkDS7ZhVkA4,104,4,7,NNYpiw881IA,3,0
20261008,UCSes4X8uDrpc4X46hJKjejg,IkDS7ZhVkA4,104,5,7,NNYpiw881IA,3,0
20261008,UCSes4X8uDrpc4X46hJKjejg,IkDS7ZhVkA4,105,5,7,NWmJdPnORyE,1,0
20261008,UCSes4X8uDrpc4X46hJKjejg,IkDS7ZhVkA4,105,5,7,NfZfaGd02yo,1,1
20261008,UCSes4X8uDrpc4X46hJKjejg,IkDS7ZhVkA4,104,5,7,NsLICI5hP_Y,2,0
20261008,UCSes4X8uDrpc4X46hJKjejg,IkDS7ZhVkA4,104,4,7,OTJwR4sMMyk,1,0
20261008,UCSes4X8uDrpc4X46hJKjejg,IkDS7ZhVkA4,104,5,7,OjFhz9A3Zes,1,0
20261008,UCSes4X8uDrpc4X46hJKjejg,IkDS7ZhVkA4,104,5,7,Ov7NzH2wmFg,2,0
20261008,UCSes4X8uDrpc4X46hJKjejg,IkDS7ZhVkA4,101,9,7,PFPLh7v8jfk,2,0
20261008,UCSes4X8uDrpc4X46hJKjejg,IkDS7ZhVkA4,104,5,7,PcvLpDner7A,1,0
20261008,UCSes4X8uDrpc4X46hJKjejg,IkDS7ZhVkA4,101,9,7,PeMHxUwuByQ,1,0
20261008,UCSes4X8uDrpc4X46hJKjejg,IkDS7ZhVkA4,104,4,7,QCrBUzmMklU,2,0
20261008,UCSes4X8uDrpc4X46hJKjejg,IkDS7ZhVkA4,104,5,7,QCrBUzmMklU,1,0
20261008,UCSes4X8uDrpc4X46hJKjejg,IkDS7ZhVkA4,101,2,7,Qy5tcpJ0Yck,1,0
20261008,UCSes4X8uDrpc4X46hJKjejg,IkDS7ZhVkA4,101,9,7,Ry-b5_L2YjE,2,0
20261008,UCSes4X8uDrpc4X46hJKjejg,IkDS7ZhVkA4,101,2,7,S2Gi3ETFNRs,1,0
20261008,UCSes4X8uDrpc4X46hJKjejg,IkDS7ZhVkA4,101,2,7,SBLyDfyzpvI,1,0
20261008,UCSes4X8uDrpc4X46hJKjejg,IkDS7ZhVkA4,103,10,7,TLR2MXHxUa0,2,0
20261008,UCSes4X8uDrpc4X46hJKjejg,IkDS7ZhVkA4,104,5,7,TLR2MXHxUa0,1,0
20261008,UCSes4X8uDrpc4X46hJKjejg,IkDS7ZhVkA4,104,4,7,UEKO5Mr0oDE,1,0
20261008,UCSes4X8uDrpc4X46hJKjejg,IkDS7ZhVkA4,104,5,7,UoQIaSUW2b0,1,0
20261008,UCSes4X8uDrpc4X46hJKjejg,IkDS7ZhVkA4,101,2,7,UsFBZjdrh8Q,1,0
20261008,UCSes4X8uDrpc4X46hJKjejg,IkDS7ZhVkA4,101,9,7,VRG9Y-nyYbo,1,0
20261008,UCSes4X8uDrpc4X46hJKjejg,IkDS7ZhVkA4,104,5,7,VVsFCEduVNg,1,0
20261008,UCSes4X8uDrpc4X46hJKjejg,IkDS7ZhVkA4,104,5,7,V_tqh3elTDQ,3,0
20261008,UCSes4X8uDrpc4X46hJKjejg,IkDS7ZhVkA4,101,2,7,WO8TRRVqE5c,2,0
20261008,UCSes4X8uDrpc4X46hJKjejg,IkDS7ZhVkA4,104,5,7,WO8TRRVqE5c,2,0
20261008,UCSes4X8uDrpc4X46hJKjejg,IkDS7ZhVkA4,101,2,7,WpIpCUnKcww,1,0
20261008,UCSes4X8uDrpc4X46hJKjejg,IkDS7ZhVkA4,104,5,7,WrNhMVrVX8w,1,0
20261008,UCSes4X8uDrpc4X46hJKjejg,IkDS7ZhVkA4,104,5,7,WvP76o4nW_M,2,0
20261008,UCSes4X8uDrpc4X46hJKjejg,IkDS7ZhVkA4,101,2,7,XE-HAP0KALo,1,0
20261008,UCSes4X8uDrpc4X46hJKjejg,IkDS7ZhVkA4,101,2,7,XS18DwSOyAE,1,0
20261008,UCSes4X8uDrpc4X46hJKjejg,IkDS7ZhVkA4,102,26,7,XbRyoL-20Sg,1,0
20261008,UCSes4X8uDrpc4X46hJKjejg,IkDS7ZhVkA4,102,28,7,Xm7BVdCQqCU,1,0
20261008,UCSes4X8uDrpc4X46hJKjejg,IkDS7ZhVkA4,104,5,7,XpT03Fjkfc4,1,0
20261008,UCSes4X8uDrpc4X46hJKjejg,IkDS7ZhVkA4,101,9,7,YJm0pjgOrcY,2,0
20261008,UCSes4X8uDrpc4X46hJKjejg,IkDS7ZhVkA4,104,5,7,YJm0pjgOrcY,1,0
20261008,UCSes4X8uDrpc4X46hJKjejg,IkDS7ZhVkA4,105,5,7,YJm0pjgOrcY,1,0
20261008,UCSes4X8uDrpc4X46hJKjejg,IkDS7ZhVkA4,101,2,7,YabtnP6MMAE,1,0
20261008,UCSes4X8uDrpc4X46hJKjejg,IkDS7ZhVkA4,101,9,7,YpoJxQL0HvI,1,0
20261008,UCSes4X8uDrpc4X46hJKjejg,IkDS7ZhVkA4,104,4,7,YvMfBUe-qso,1,0
20261008,UCSes4X8uDrpc4X46hJKjejg,IkDS7ZhVkA4,101,9,7,Z0IsaSJLyUQ,1,0
20261008,UCSes4X8uDrpc4X46hJKjejg,IkDS7ZhVkA4,104,5,7,Z4X-HVVlRms,2,0.5
20261008,UCSes4X8uDrpc4X46hJKjejg,IkDS7ZhVkA4,104,4,7,Z9zh4GtCjI4,1,0
20261008,UCSes4X8uDrpc4X46hJKjejg,IkDS7ZhVkA4,101,9,7,Zb_xuQAQBKs,2,0
20261008,UCSes4X8uDrpc4X46hJKjejg,IkDS7ZhVkA4,104,5,7,ZjaFzu89pE0,1,0
20261008,UCSes4X8uDrpc4X46hJKjejg,IkDS7ZhVkA4,104,5,7,ZqeBBuXc9FA,1,0
20261008,UCSes4X8uDrpc4X46hJKjejg,IkDS7ZhVkA4,102,19,7,_SGnR-o7K-I,1,0
20261008,UCSes4X8uDrpc4X46hJKjejg,IkDS7ZhVkA4,104,5,7,_cXL0GyJvsQ,1,0
20261008,UCSes4X8uDrpc4X46hJKjejg,IkDS7ZhVkA4,101,9,7,_mNg7khsYQc,1,0
20261008,UCSes4X8uDrpc4X46hJKjejg,IkDS7ZhVkA4,104,5,7,a2IzRKUvgIE,1,0
20261008,UCSes4X8uDrpc4X46hJKjejg,IkDS7ZhVkA4,104,5,7,a4Zr_-3oeBc,1,0
20261008,UCSes4X8uDrpc4X46hJKjejg,IkDS7ZhVkA4,101,2,7,aJItaju2e-o,1,0
20261008,UCSes4X8uDrpc4X46hJKjejg,IkDS7ZhVkA4,101,2,7,aeei2mGn24o,1,0
20261008,UCSes4X8uDrpc4X46hJKjejg,IkDS7ZhVkA4,104,5,7,asOOL9ytRx4,1,0
20261008,UCSes4X8uDrpc4X46hJKjejg,IkDS7ZhVkA4,101,9,7,axrGeKvB0DY,1,0
20261008,UCSes4X8uDrpc4X46hJKjejg,IkDS7ZhVkA4,102,28,7,axrGeKvB0DY,1,0
20261008,UCSes4X8uDrpc4X46hJKjejg,IkDS7ZhVkA4,105,5,7,b3WtalIHVY8,1,0
20261008,UCSes4X8uDrpc4X46hJKjejg,IkDS7ZhVkA4,101,2,7,bQG-mLSxbmM,1,0
20261008,UCSes4X8uDrpc4X46hJKjejg,IkDS7ZhVkA4,105,5,7,bV7tuPbWHjU,1,0
20261008,UCSes4X8uDrpc4X46hJKjejg,IkDS7ZhVkA4,104,5,7,baquoTDKlJ0,1,0
20261008,UCSes4X8uDrpc4X46hJKjejg,IkDS7ZhVkA4,104,5,7,bzJnbdYVkH4,2,0
20261008,UCSes4X8uDrpc4X46hJKjejg,IkDS7ZhVkA4,101,2,7,c598NT3LmM0,1,0
20261008,UCSes4X8uDrpc4X46hJKjejg,IkDS7ZhVkA4,104,5,7,cFV24VgxyCY,1,0
20261008,UCSes4X8uDrpc4X46hJKjejg,IkDS7ZhVkA4,101,2,7,cYmA_nsvMns,1,0
20261008,UCSes4X8uDrpc4X46hJKjejg,IkDS7ZhVkA4,104,5,7,cs3XXloAh3k,1,0
20261008,UCSes4X8uDrpc4X46hJKjejg,IkDS7ZhVkA4,101,2,7,d3UR2LVzxiY,1,0
20261008,UCSes4X8uDrpc4X46hJKjejg,IkDS7ZhVkA4,104,5,7,d5NbuYvZuI8,1,0
20261008,UCSes4X8uDrpc4X46hJKjejg,IkDS7ZhVkA4,105,5,7,d5rDjH_Ep9E,1,0
20261008,UCSes4X8uDrpc4X46hJKjejg,IkDS7ZhVkA4,104,5,7,dQnQcYsn6eI,1,0
20261008,UCSes4X8uDrpc4X46hJKjejg,IkDS7ZhVkA4,102,19,7,dYVnLRW4l-o,1,0
20261008,UCSes4X8uDrpc4X46hJKjejg,IkDS7ZhVkA4,104,5,7,daIEYeNhl1c,2,0
20261008,UCSes4X8uDrpc4X46hJKjejg,IkDS7ZhVkA4,104,4,7,dbYsib5HG5w,1,0
20261008,UCSes4X8uDrpc4X46hJKjejg,IkDS7ZhVkA4,105,5,7,dtHmLjy3CMs,1,0
20261008,UCSes4X8uDrpc4X46hJKjejg,IkDS7ZhVkA4,104,5,7,e7IoFQSPzbA,1,0
20261008,UCSes4X8uDrpc4X46hJKjejg,IkDS7ZhVkA4,101,2,7,eAIgE0E4Ijk,1,0
20261008,UCSes4X8uDrpc4X46hJKjejg,IkDS7ZhVkA4,101,2,7,eLwo7oZqJVo,2,0
20261008,UCSes4X8uDrpc4X46hJKjejg,IkDS7ZhVkA4,101,9,7,eLwo7oZqJVo,2,0
20261008,UCSes4X8uDrpc4X46hJKjejg,IkDS7ZhVkA4,103,10,7,eLwo7oZqJVo,1,0
20261008,UCSes4X8uDrpc4X46hJKjejg,IkDS7ZhVkA4,104,4,7,eLwo7oZqJVo,1,0
20261008,UCSes4X8uDrpc4X46hJKjejg,IkDS7ZhVkA4,104,5,7,eLwo7oZqJVo,5,0
20261008,UCSes4X8uDrpc4X46hJKjejg,IkDS7ZhVkA4,101,2,7,f0wjPwSVENs,1,0
20261008,UCSes4X8uDrpc4X46hJKjejg,IkDS7ZhVkA4,101,2,7,f4MfVVTJ6pY,2,0
20261008,UCSes4X8uDrpc4X46hJKjejg,IkDS7ZhVkA4,101,2,7,f4gRvrMvV-c,1,0
20261008,UCSes4X8uDrpc4X46hJKjejg,IkDS7ZhVkA4,104,5,7,fXOHK6r5XhE,2,0
20261008,UCSes4X8uDrpc4X46hJKjejg,IkDS7ZhVkA4,101,9,7,faJRAFRFcSk,1,0
20261008,UCSes4X8uDrpc4X46hJKjejg,IkDS7ZhVkA4,104,4,7,fuO7RaLgGaA,1,0
20261008,UCSes4X8uDrpc4X46hJKjejg,IkDS7ZhVkA4,104,5,7,gDAh83M0QZQ,1,0
20261008,UCSes4X8uDrpc4X46hJKjejg,IkDS7ZhVkA4,101,9,7,gTMjT4y5LHE,1,0
20261008,UCSes4X8uDrpc4X46hJKjejg,IkDS7ZhVkA4,101,2,7,gbDwBYyLLIQ,1,0
20261008,UCSes4X8uDrpc4X46hJKjejg,IkDS7ZhVkA4,101,2,7,gbTZ0Ka-y-o,1,0
20261008,UCSes4X8uDrpc4X46hJKjejg,IkDS7ZhVkA4,104,5,7,geST-BkxhuA,1,0
20261008,UCSes4X8uDrpc4X46hJKjejg,IkDS7ZhVkA4,105,5,7,hArqrBDutFk,1,0
20261008,UCSes4X8uDrpc4X46hJKjejg,IkDS7ZhVkA4,101,9,7,hEqUV0OZlXw,1,0
20261008,UCSes4X8uDrpc4X46hJKjejg,IkDS7ZhVkA4,104,5,7,h_oiHfKcbA0,1,0
20261008,UCSes4X8uDrpc4X46hJKjejg,IkDS7ZhVkA4,101,9,7,iyCP95BxyRI,1,0
20261008,UCSes4X8uDrpc4X46hJKjejg,IkDS7ZhVkA4,101,2,7,j46sT8dctNs,1,0
20261008,UCSes4X8uDrpc4X46hJKjejg,IkDS7ZhVkA4,101,9,7,jizHHnGzzUg,2,0
20261008,UCSes4X8uDrpc4X46hJKjejg,IkDS7ZhVkA4,102,19,7,jizHHnGzzUg,1,0
20261008,UCSes4X8uDrpc4X46hJKjejg,IkDS7ZhVkA4,101,2,7,k7sqDup35Zo,1,0
20261008,UCSes4X8uDrpc4X46hJKjejg,IkDS7ZhVkA4,101,2,7,kKlAEOr4z6w,2,0
20261008,UCSes4X8uDrpc4X46hJKjejg,IkDS7ZhVkA4,104,4,7,kKlAEOr4z6w,1,0
20261008,UCSes4X8uDrpc4X46hJKjejg,IkDS7ZhVkA4,104,5,7,kKlAEOr4z6w,2,0
20261008,UCSes4X8uDrpc4X46hJKjejg,IkDS7ZhVkA4,101,2,7,kUjcKqtrcN4,1,0
20261008,UCSes4X8uDrpc4X46hJKjejg,IkDS7ZhVkA4,102,29,7,kUjcKqtrcN4,1,0
20261008,UCSes4X8uDrpc4X46hJKjejg,IkDS7ZhVkA4,104,5,7,kUjcKqtrcN4,4,0
20261008,UCSes4X8uDrpc4X46hJKjejg,IkDS7ZhVkA4,104,4,7,k_H3ADdBLMg,1,0
20261008,UCSes4X8uDrpc4X46hJKjejg,IkDS7ZhVkA4,104,5,7,kmwye7qKk6I,1,0
20261008,UCSes4X8uDrpc4X46hJKjejg,IkDS7ZhVkA4,104,4,7,kt5LdOTDGHc,1,0
20261008,UCSes4X8uDrpc4X46hJKjejg,IkDS7ZhVkA4,101,9,7,lM0NPUuexOc,1,0
20261008,UCSes4X8uDrpc4X46hJKjejg,IkDS7ZhVkA4,104,5,7,lWsERT4ad1Y,1,0
20261008,UCSes4X8uDrpc4X46hJKjejg,IkDS7ZhVkA4,101,2,7,lcEJqQYcL_Y,3,0
20261008,UCSes4X8uDrpc4X46hJKjejg,IkDS7ZhVkA4,104,5,7,lcEJqQYcL_Y,2,0
20261008,UCSes4X8uDrpc4X46hJKjejg,IkDS7ZhVkA4,105,5,7,lcEJqQYcL_Y,1,0
20261008,UCSes4X8uDrpc4X46hJKjejg,IkDS7ZhVkA4,101,2,7,lliS5pj6krQ,1,0
20261008,UCSes4X8uDrpc4X46hJKjejg,IkDS7ZhVkA4,104,4,7,ltqiQEX_-ac,1,0
20261008,UCSes4X8uDrpc4X46hJKjejg,IkDS7ZhVkA4,104,4,7,m4TGFR4qyEY,1,0
20261008,UCSes4X8uDrpc4X46hJKjejg,IkDS7ZhVkA4,102,26,7,m6VAxCeBYmc,1,0
20261008,UCSes4X8uDrpc4X46hJKjejg,IkDS7ZhVkA4,101,2,7,m7sJGvMJawo,1,0
20261008,UCSes4X8uDrpc4X46hJKjejg,IkDS7ZhVkA4,104,5,7,mIIjhHNnATI,3,0.33333333333333331
20261008,UCSes4X8uDrpc4X46hJKjejg,IkDS7ZhVkA4,104,5,7,mLbnP9FBmrM,1,0
20261008,UCSes4X8uDrpc4X46hJKjejg,IkDS7ZhVkA4,104,5,7,mN5zHa-VFdQ,1,0
20261008,UCSes4X8uDrpc4X46hJKjejg,IkDS7ZhVkA4,104,4,7,mPo08R2Lf50,1,0
20261008,UCSes4X8uDrpc4X46hJKjejg,IkDS7ZhVkA4,101,2,7,ndLomDFhqxc,1,0
20261008,UCSes4X8uDrpc4X46hJKjejg,IkDS7ZhVkA4,101,9,7,ndLomDFhqxc,1,0
20261008,UCSes4X8uDrpc4X46hJKjejg,IkDS7ZhVkA4,104,5,7,ndLomDFhqxc,4,0
20261008,UCSes4X8uDrpc4X46hJKjejg,IkDS7ZhVkA4,105,5,7,ndLomDFhqxc,1,0
20261008,UCSes4X8uDrpc4X46hJKjejg,IkDS7ZhVkA4,101,2,7,ntDuZi9i268,1,0
20261008,UCSes4X8uDrpc4X46hJKjejg,IkDS7ZhVkA4,104,4,7,o15qB52WGqA,1,0
20261008,UCSes4X8uDrpc4X46hJKjejg,IkDS7ZhVkA4,104,5,7,oDGNGSpHrQU,1,0
20261008,UCSes4X8uDrpc4X46hJKjejg,IkDS7ZhVkA4,104,5,7,oufQkXnSkes,1,0
20261008,UCSes4X8uDrpc4X46hJKjejg,IkDS7ZhVkA4,101,2,7,p2MeQorWEhc,1,0
20261008,UCSes4X8uDrpc4X46hJKjejg,IkDS7ZhVkA4,101,2,7,pr5BNFH7jYw,1,0
20261008,UCSes4X8uDrpc4X46hJKjejg,IkDS7ZhVkA4,104,5,7,pr5BNFH7jYw,1,0
20261008,UCSes4X8uDrpc4X46hJKjejg,IkDS7ZhVkA4,101,2,7,qAeUUwn-A8s,2,0
20261008,UCSes4X8uDrpc4X46hJKjejg,IkDS7ZhVkA4,104,5,7,qAeUUwn-A8s,3,0
20261008,UCSes4X8uDrpc4X46hJKjejg,IkDS7ZhVkA4,101,2,7,qkoH2iUy4uY,1,0
20261008,UCSes4X8uDrpc4X46hJKjejg,IkDS7ZhVkA4,101,2,7,qq_jIm6aU4E,1,0
20261008,UCSes4X8uDrpc4X46hJKjejg,IkDS7ZhVkA4,104,4,7,qq_jIm6aU4E,1,0
20261008,UCSes4X8uDrpc4X46hJKjejg,IkDS7ZhVkA4,104,5,7,qq_jIm6aU4E,3,0.33333333333333331
20261008,UCSes4X8uDrpc4X46hJKjejg,IkDS7ZhVkA4,101,2,7,rginA9559b0,1,0
20261008,UCSes4X8uDrpc4X46hJKjejg,IkDS7ZhVkA4,101,2,7,ri9U3tX_-vQ,1,0
20261008,UCSes4X8uDrpc4X46hJKjejg,IkDS7ZhVkA4,102,19,7,sN5xgeFwJD4,1,0
20261008,UCSes4X8uDrpc4X46hJKjejg,IkDS7ZhVkA4,102,26,7,sNQtbrdiP98,1,0
20261008,UCSes4X8uDrpc4X46hJKjejg,IkDS7ZhVkA4,101,2,7,sWd29y83KbQ,1,0
20261008,UCSes4X8uDrpc4X46hJKjejg,IkDS7ZhVkA4,101,2,7,sfs7hyHVc5E,4,0
20261008,UCSes4X8uDrpc4X46hJKjejg,IkDS7ZhVkA4,101,9,7,sfs7hyHVc5E,2,0
20261008,UCSes4X8uDrpc4X46hJKjejg,IkDS7ZhVkA4,104,5,7,sfs7hyHVc5E,5,0
20261008,UCSes4X8uDrpc4X46hJKjejg,IkDS7ZhVkA4,105,5,7,sfs7hyHVc5E,1,0
20261008,UCSes4X8uDrpc4X46hJKjejg,IkDS7ZhVkA4,101,2,7,t3LA_ACa3-c,1,0
20261008,UCSes4X8uDrpc4X46hJKjejg,IkDS7ZhVkA4,104,5,7,tcOUJSLzgmI,3,0
20261008,UCSes4X8uDrpc4X46hJKjejg,IkDS7ZhVkA4,104,4,7,ted-b92oUtU,1,0
20261008,UCSes4X8uDrpc4X46hJKjejg,IkDS7ZhVkA4,104,5,7,tjWOE6IbKbM,1,0
20261008,UCSes4X8uDrpc4X46hJKjejg,IkDS7ZhVkA4,101,9,7,tp5fVd8oLiA,1,0
20261008,UCSes4X8uDrpc4X46hJKjejg,IkDS7ZhVkA4,101,2,7,tpJ3bKcxZgs,8,0
20261008,UCSes4X8uDrpc4X46hJKjejg,IkDS7ZhVkA4,101,9,7,tpJ3bKcxZgs,2,0
20261008,UCSes4X8uDrpc4X46hJKjejg,IkDS7ZhVkA4,102,1,7,tpJ3bKcxZgs,1,0
20261008,UCSes4X8uDrpc4X46hJKjejg,IkDS7ZhVkA4,102,19,7,tpJ3bKcxZgs,1,0
20261008,UCSes4X8uDrpc4X46hJKjejg,IkDS7ZhVkA4,102,26,7,tpJ3bKcxZgs,1,0
20261008,UCSes4X8uDrpc4X46hJKjejg,IkDS7ZhVkA4,102,29,7,tpJ3bKcxZgs,1,0
20261008,UCSes4X8uDrpc4X46hJKjejg,IkDS7ZhVkA4,104,5,7,tpJ3bKcxZgs,4,0
20261008,UCSes4X8uDrpc4X46hJKjejg,IkDS7ZhVkA4,101,2,7,tz1Rr_6s9LU,1,0
20261008,UCSes4X8uDrpc4X46hJKjejg,IkDS7ZhVkA4,101,9,7,uFT1qIvpHIE,1,0
20261008,UCSes4X8uDrpc4X46hJKjejg,IkDS7ZhVkA4,101,2,7,u_N8LAJVWtc,1,0
20261008,UCSes4X8uDrpc4X46hJKjejg,IkDS7ZhVkA4,104,5,7,uirNd01d64g,3,0
20261008,UCSes4X8uDrpc4X46hJKjejg,IkDS7ZhVkA4,101,9,7,umppEcUR9iA,1,0
20261008,UCSes4X8uDrpc4X46hJKjejg,IkDS7ZhVkA4,101,9,7,uy5irRRES9w,1,0
20261008,UCSes4X8uDrpc4X46hJKjejg,IkDS7ZhVkA4,104,4,7,v4YnulGF_uE,1,0
20261008,UCSes4X8uDrpc4X46hJKjejg,IkDS7ZhVkA4,104,5,7,vIfqCoseHZI,1,0
20261008,UCSes4X8uDrpc4X46hJKjejg,IkDS7ZhVkA4,101,2,7,vm8kRKiFwNs,1,0
20261008,UCSes4X8uDrpc4X46hJKjejg,IkDS7ZhVkA4,104,5,7,vwcDI5jbe-Y,1,1
20261008,UCSes4X8uDrpc4X46hJKjejg,IkDS7ZhVkA4,104,5,7,wKDa0gtfoS0,1,0
20261008,UCSes4X8uDrpc4X46hJKjejg,IkDS7ZhVkA4,104,5,7,wVwL3tvcqDI,2,0.5
20261008,UCSes4X8uDrpc4X46hJKjejg,IkDS7ZhVkA4,104,5,7,wqQoiuHtzUg,1,0
20261008,UCSes4X8uDrpc4X46hJKjejg,IkDS7ZhVkA4,101,9,7,xEjD0XNqi6c,1,0
20261008,UCSes4X8uDrpc4X46hJKjejg,IkDS7ZhVkA4,104,5,7,xEjD0XNqi6c,1,0
20261008,UCSes4X8uDrpc4X46hJKjejg,IkDS7ZhVkA4,105,5,7,xEjD0XNqi6c,1,0
20261008,UCSes4X8uDrpc4X46hJKjejg,IkDS7ZhVkA4,101,2,7,xcJQDoldYJU,1,0
20261008,UCSes4X8uDrpc4X46hJKjejg,IkDS7ZhVkA4,104,4,7,xcJQDoldYJU,1,0
20261008,UCSes4X8uDrpc4X46hJKjejg,IkDS7ZhVkA4,101,2,7,yAu0vdcw2TQ,1,0
20261008,UCSes4X8uDrpc4X46hJKjejg,IkDS7ZhVkA4,104,5,7,yN-hmoHixY8,2,0
20261008,UCSes4X8uDrpc4X46hJKjejg,IkDS7ZhVkA4,101,9,7,ySVyoZaN2DE,1,0
20261008,UCSes4X8uDrpc4X46hJKjejg,IkDS7ZhVkA4,104,5,7,yTgG7dOoRI8,2,0
20261008,UCSes4X8uDrpc4X46hJKjejg,IkDS7ZhVkA4,101,9,7,y_8e2ojURyw,1,0
20261008,UCSes4X8uDrpc4X46hJKjejg,IkDS7ZhVkA4,104,4,7,zHBgJqG1nJo,2,0
20261008,UCSes4X8uDrpc4X46hJKjejg,IkDS7ZhVkA4,104,5,7,zKknbhS15sI,2,0
20261008,UCSes4X8uDrpc4X46hJKjejg,IkDS7ZhVkA4,101,2,7,zVhuHeKTXN8,1,0
20261008,UCSes4X8uDrpc4X46hJKjejg,IkDS7ZhVkA4,101,2,14,PLX3ZLYz4-6vE2_ZNLW5AfzbHTd1jTskDl,1,0
20261008,UCSes4X8uDrpc4X46hJKjejg,IkDS7ZhVkA4,101,9,14,PLX3ZLYz4-6vE2_ZNLW5AfzbHTd1jTskDl,2,0
20261008,UCSes4X8uDrpc4X46hJKjejg,IkDS7ZhVkA4,104,4,14,PLX3ZLYz4-6vE2_ZNLW5AfzbHTd1jTskDl,6,0
20261008,UCSes4X8uDrpc4X46hJKjejg,IkDS7ZhVkA4,101,9,18,unknown,2,0
20261008,UCSes4X8uDrpc4X46hJKjejg,IkDS7ZhVkA4,102,29,18,unknown,1,0
20261008,UCSes4X8uDrpc4X46hJKjejg,IkDS7ZhVkA4,103,10,18,unknown,1,0
20261008,UCSes4X8uDrpc4X46hJKjejg,IkDS7ZhVkA4,104,4,18,unknown,2,0
20261008,UCSes4X8uDrpc4X46hJKjejg,IkDS7ZhVkA4,104,5,18,unknown,3,0
20261008,UCSes4X8uDrpc4X46hJKjejg,ImdeNVxzj9I,104,5,5,unknown,1,0
20261008,UCSes4X8uDrpc4X46hJKjejg,Iz664h-LZqs,101,9,5,unknown,1,0
20261008,UCSes4X8uDrpc4X46hJKjejg,Iz664h-LZqs,101,9,14,PLX3ZLYz4-6vE2_ZNLW5AfzbHTd1jTskDl,1,0
20261008,UCSes4X8uDrpc4X46hJKjejg,J-DWD49y_B0,101,9,5,unknown,1,0
20261008,UCSes4X8uDrpc4X46hJKjejg,J39ahAPa8Ng,101,2,3,what-to-watch,15,0.066666666666666666
20261008,UCSes4X8uDrpc4X46hJKjejg,J39ahAPa8Ng,101,9,3,what-to-watch,11,0
20261008,UCSes4X8uDrpc4X46hJKjejg,J39ahAPa8Ng,101,30,3,what-to-watch,2,0
20261008,UCSes4X8uDrpc4X46hJKjejg,J39ahAPa8Ng,102,1,3,what-to-watch,7,0.2857142857142857
20261008,UCSes4X8uDrpc4X46hJKjejg,J39ahAPa8Ng,102,4,3,what-to-watch,1,0
20261008,UCSes4X8uDrpc4X46hJKjejg,J39ahAPa8Ng,102,26,3,what-to-watch,5,0
20261008,UCSes4X8uDrpc4X46hJKjejg,J39ahAPa8Ng,102,28,3,what-to-watch,2,0
20261008,UCSes4X8uDrpc4X46hJKjejg,J39ahAPa8Ng,104,4,3,what-to-watch,16,0.0625
20261008,UCSes4X8uDrpc4X46hJKjejg,J39ahAPa8Ng,104,5,3,what-to-watch,24,0
20261008,UCSes4X8uDrpc4X46hJKjejg,J39ahAPa8Ng,105,5,3,what-to-watch,5,0
20261008,UCSes4X8uDrpc4X46hJKjejg,J39ahAPa8Ng,101,2,5,unknown,1,0
20261008,UCSes4X8uDrpc4X46hJKjejg,J39ahAPa8Ng,101,9,5,unknown,2,0
20261008,UCSes4X8uDrpc4X46hJKjejg,J39ahAPa8Ng,101,30,5,unknown,6,0
20261008,UCSes4X8uDrpc4X46hJKjejg,J39ahAPa8Ng,102,12,5,unknown,1,0
20261008,UCSes4X8uDrpc4X46hJKjejg,J39ahAPa8Ng,102,19,5,unknown,6,0
20261008,UCSes4X8uDrpc4X46hJKjejg,J39ahAPa8Ng,102,26,5,unknown,5,0
20261008,UCSes4X8uDrpc4X46hJKjejg,J39ahAPa8Ng,103,10,5,unknown,2,0
20261008,UCSes4X8uDrpc4X46hJKjejg,J39ahAPa8Ng,103,17,5,unknown,6,0
20261008,UCSes4X8uDrpc4X46hJKjejg,J39ahAPa8Ng,104,4,5,unknown,12,0
20261008,UCSes4X8uDrpc4X46hJKjejg,J39ahAPa8Ng,104,5,5,unknown,7,0.14285714285714285
20261008,UCSes4X8uDrpc4X46hJKjejg,J39ahAPa8Ng,105,5,5,unknown,15,0.13333333333333333
20261008,UCSes4X8uDrpc4X46hJKjejg,J39ahAPa8Ng,105,5,7,32D2nTFk0K0,2,0.5
20261008,UCSes4X8uDrpc4X46hJKjejg,J6rzMuvuMuo,101,2,3,what-to-watch,4,0
20261008,UCSes4X8uDrpc4X46hJKjejg,J6rzMuvuMuo,104,4,3,what-to-watch,2,0
20261008,UCSes4X8uDrpc4X46hJKjejg,J6rzMuvuMuo,104,5,3,what-to-watch,8,0
20261008,UCSes4X8uDrpc4X46hJKjejg,J6rzMuvuMuo,104,4,4,UCSes4X8uDrpc4X46hJKjejg,1,0
20261008,UCSes4X8uDrpc4X46hJKjejg,J6rzMuvuMuo,101,2,5,unknown,15,0
20261008,UCSes4X8uDrpc4X46hJKjejg,J6rzMuvuMuo,101,9,5,unknown,8,0
20261008,UCSes4X8uDrpc4X46hJKjejg,J6rzMuvuMuo,102,4,5,unknown,6,0
20261008,UCSes4X8uDrpc4X46hJKjejg,J6rzMuvuMuo,102,12,5,unknown,7,0.14285714285714285
20261008,UCSes4X8uDrpc4X46hJKjejg,J6rzMuvuMuo,102,19,5,unknown,2,0
20261008,UCSes4X8uDrpc4X46hJKjejg,J6rzMuvuMuo,102,26,5,unknown,2,0
20261008,UCSes4X8uDrpc4X46hJKjejg,J6rzMuvuMuo,102,29,5,unknown,2,0
20261008,UCSes4X8uDrpc4X46hJKjejg,J6rzMuvuMuo,103,10,5,unknown,2,0
20261008,UCSes4X8uDrpc4X46hJKjejg,J6rzMuvuMuo,104,4,5,unknown,72,0.15277777777777779
20261008,UCSes4X8uDrpc4X46hJKjejg,J6rzMuvuMuo,104,5,5,unknown,116,0.12931034482758622
20261008,UCSes4X8uDrpc4X46hJKjejg,J6rzMuvuMuo,105,5,5,unknown,8,0
20261008,UCSes4X8uDrpc4X46hJKjejg,J6rzMuvuMuo,104,4,18,unknown,1,0
20261008,UCSes4X8uDrpc4X46hJKjejg,J6rzMuvuMuo,104,5,18,unknown,1,0
20261008,UCSes4X8uDrpc4X46hJKjejg,JAJjhmKzvrA,101,2,4,UCSes4X8uDrpc4X46hJKjejg,1,0
20261008,UCSes4X8uDrpc4X46hJKjejg,JAJjhmKzvrA,101,9,5,unknown,1,0
20261008,UCSes4X8uDrpc4X46hJKjejg,JAJjhmKzvrA,101,9,14,PLX3ZLYz4-6vE2_ZNLW5AfzbHTd1jTskDl,1,0
20261008,UCSes4X8uDrpc4X46hJKjejg,JCJN0n3wG88,101,2,3,what-to-watch,4,0
20261008,UCSes4X8uDrpc4X46hJKjejg,JCJN0n3wG88,104,4,3,what-to-watch,4,0
20261008,UCSes4X8uDrpc4X46hJKjejg,JCJN0n3wG88,104,5,3,what-to-watch,4,0
20261008,UCSes4X8uDrpc4X46hJKjejg,JCJN0n3wG88,105,5,3,what-to-watch,4,0
20261008,UCSes4X8uDrpc4X46hJKjejg,JCJN0n3wG88,101,2,4,UCSes4X8uDrpc4X46hJKjejg,1,0
20261008,UCSes4X8uDrpc4X46hJKjejg,JCJN0n3wG88,104,4,5,unknown,1,0
20261008,UCSes4X8uDrpc4X46hJKjejg,JI6MWJ3bqik,101,2,5,unknown,1,0
20261008,UCSes4X8uDrpc4X46hJKjejg,JKKlTGHyohU,104,5,3,what-to-watch,1,0
20261008,UCSes4X8uDrpc4X46hJKjejg,JMTK6_3HNJM,102,1,3,what-to-watch,1,0
20261008,UCSes4X8uDrpc4X46hJKjejg,JMTK6_3HNJM,101,2,4,UCSes4X8uDrpc4X46hJKjejg,5,0
20261008,UCSes4X8uDrpc4X46hJKjejg,JMTK6_3HNJM,101,9,4,UCSes4X8uDrpc4X46hJKjejg,1,0
20261008,UCSes4X8uDrpc4X46hJKjejg,JMTK6_3HNJM,102,19,4,UCSes4X8uDrpc4X46hJKjejg,1,0
20261008,UCSes4X8uDrpc4X46hJKjejg,JMTK6_3HNJM,102,26,4,UCSes4X8uDrpc4X46hJKjejg,1,0
20261008,UCSes4X8uDrpc4X46hJKjejg,JMTK6_3HNJM,104,4,4,UCSes4X8uDrpc4X46hJKjejg,10,0
20261008,UCSes4X8uDrpc4X46hJKjejg,JMTK6_3HNJM,104,5,4,UCSes4X8uDrpc4X46hJKjejg,14,0
20261008,UCSes4X8uDrpc4X46hJKjejg,JMTK6_3HNJM,101,2,5,unknown,2,0
20261008,UCSes4X8uDrpc4X46hJKjejg,JMTK6_3HNJM,104,5,5,unknown,1,0
20261008,UCSes4X8uDrpc4X46hJKjejg,JMTK6_3HNJM,105,5,5,unknown,1,0
20261008,UCSes4X8uDrpc4X46hJKjejg,JMTK6_3HNJM,104,4,7,Vinyx4cY77Q,2,0
20261008,UCSes4X8uDrpc4X46hJKjejg,JMTK6_3HNJM,104,4,7,zFFmPGHpV6Y,1,0
20261008,UCSes4X8uDrpc4X46hJKjejg,JMTK6_3HNJM,101,9,14,PLX3ZLYz4-6vE2_ZNLW5AfzbHTd1jTskDl,1,0
20261008,UCSes4X8uDrpc4X46hJKjejg,JMTK6_3HNJM,104,4,14,PLX3ZLYz4-6vE2_ZNLW5AfzbHTd1jTskDl,12,0
20261008,UCSes4X8uDrpc4X46hJKjejg,JMTK6_3HNJM,104,5,14,my-likes,4,0
20261008,UCSes4X8uDrpc4X46hJKjejg,JMTK6_3HNJM,101,9,18,unknown,1,0
20261008,UCSes4X8uDrpc4X46hJKjejg,JMTK6_3HNJM,104,4,18,unknown,2,0
20261008,UCSes4X8uDrpc4X46hJKjejg,JMTK6_3HNJM,104,5,18,unknown,1,0
20261008,UCSes4X8uDrpc4X46hJKjejg,JOMMjWncBzA,104,5,3,what-to-watch,3,0
20261008,UCSes4X8uDrpc4X46hJKjejg,JOMMjWncBzA,101,2,5,unknown,3,0
20261008,UCSes4X8uDrpc4X46hJKjejg,JOMMjWncBzA,102,19,5,unknown,1,0
20261008,UCSes4X8uDrpc4X46hJKjejg,JOMMjWncBzA,104,4,5,unknown,2,0
20261008,UCSes4X8uDrpc4X46hJKjejg,JOMMjWncBzA,104,5,5,unknown,2,0
20261008,UCSes4X8uDrpc4X46hJKjejg,JOMMjWncBzA,102,1,7,CzL67AN-iUI,1,0
20261008,UCSes4X8uDrpc4X46hJKjejg,JOMMjWncBzA,104,5,14,PLkgaVlHuOSka1hyXybF0NvLxIDIT-2_dd,1,0
20261008,UCSes4X8uDrpc4X46hJKjejg,JOMMjWncBzA,104,4,14,my-likes,1,0
20261008,UCSes4X8uDrpc4X46hJKjejg,JOMMjWncBzA,104,5,18,unknown,1,0
20261008,UCSes4X8uDrpc4X46hJKjejg,JSK6yDJU_Ww,101,9,5,unknown,1,0
20261008,UCSes4X8uDrpc4X46hJKjejg,JUn4tQJ9Y60,104,4,4,UCSes4X8uDrpc4X46hJKjejg,2,0.5
20261008,UCSes4X8uDrpc4X46hJKjejg,JUn4tQJ9Y60,101,2,5,unknown,3,0
20261008,UCSes4X8uDrpc4X46hJKjejg,JUn4tQJ9Y60,101,9,5,unknown,1,0
20261008,UCSes4X8uDrpc4X46hJKjejg,JUn4tQJ9Y60,102,26,5,unknown,1,0
20261008,UCSes4X8uDrpc4X46hJKjejg,JUn4tQJ9Y60,103,10,5,unknown,1,0
20261008,UCSes4X8uDrpc4X46hJKjejg,JUn4tQJ9Y60,104,4,5,unknown,1,0
20261008,UCSes4X8uDrpc4X46hJKjejg,JUn4tQJ9Y60,104,5,5,unknown,4,0.25
20261008,UCSes4X8uDrpc4X46hJKjejg,JUn4tQJ9Y60,104,5,14,my-likes,2,0
20261008,UCSes4X8uDrpc4X46hJKjejg,JUn4tQJ9Y60,104,4,18,unknown,4,0
20261008,UCSes4X8uDrpc4X46hJKjejg,JUn4tQJ9Y60,104,5,18,unknown,10,0
20261008,UCSes4X8uDrpc4X46hJKjejg,JV10wAXl3wo,101,9,5,unknown,1,0
20261008,UCSes4X8uDrpc4X46hJKjejg,JVb22_ZEVlc,101,2,5,unknown,1,0
20261008,UCSes4X8uDrpc4X46hJKjejg,JVb22_ZEVlc,104,4,5,unknown,1,0
20261008,UCSes4X8uDrpc4X46hJKjejg,JVtMpIpnwl0,104,5,3,what-to-watch,3,0
20261008,UCSes4X8uDrpc4X46hJKjejg,JVtMpIpnwl0,101,2,4,UCSes4X8uDrpc4X46hJKjejg,1,0
20261008,UCSes4X8uDrpc4X46hJKjejg,JVtMpIpnwl0,104,4,4,UCSes4X8uDrpc4X46hJKjejg,1,0
20261008,UCSes4X8uDrpc4X46hJKjejg,JVtMpIpnwl0,104,5,4,UCSes4X8uDrpc4X46hJKjejg,1,0
20261008,UCSes4X8uDrpc4X46hJKjejg,JVtMpIpnwl0,101,2,5,unknown,1,0
20261008,UCSes4X8uDrpc4X46hJKjejg,JVtMpIpnwl0,103,10,5,unknown,1,0
20261008,UCSes4X8uDrpc4X46hJKjejg,JVtMpIpnwl0,104,4,5,unknown,1,0
20261008,UCSes4X8uDrpc4X46hJKjejg,JVtMpIpnwl0,104,5,5,unknown,2,0
20261008,UCSes4X8uDrpc4X46hJKjejg,JVtMpIpnwl0,101,9,14,PLX3ZLYz4-6vE2_ZNLW5AfzbHTd1jTskDl,1,0
20261008,UCSes4X8uDrpc4X46hJKjejg,JVtMpIpnwl0,104,4,14,PLX3ZLYz4-6vE2_ZNLW5AfzbHTd1jTskDl,6,0
20261008,UCSes4X8uDrpc4X46hJKjejg,JVtMpIpnwl0,101,9,18,unknown,1,0
20261008,UCSes4X8uDrpc4X46hJKjejg,JVtMpIpnwl0,104,4,18,unknown,2,0
20261008,UCSes4X8uDrpc4X46hJKjejg,JWTDe9H586A,102,31,5,unknown,1,0
20261008,UCSes4X8uDrpc4X46hJKjejg,JZgusHsQ0l4,101,1,3,what-to-watch,4,0
20261008,UCSes4X8uDrpc4X46hJKjejg,JZgusHsQ0l4,101,2,3,what-to-watch,297,0.07407407407407407
20261008,UCSes4X8uDrpc4X46hJKjejg,JZgusHsQ0l4,101,9,3,what-to-watch,144,0.055555555555555552
20261008,UCSes4X8uDrpc4X46hJKjejg,JZgusHsQ0l4,101,30,3,what-to-watch,8,0
20261008,UCSes4X8uDrpc4X46hJKjejg,JZgusHsQ0l4,102,1,3,what-to-watch,10,0
20261008,UCSes4X8uDrpc4X46hJKjejg,JZgusHsQ0l4,102,4,3,what-to-watch,36,0.027777777777777776
20261008,UCSes4X8uDrpc4X46hJKjejg,JZgusHsQ0l4,102,12,3,what-to-watch,9,0
20261008,UCSes4X8uDrpc4X46hJKjejg,JZgusHsQ0l4,102,19,3,what-to-watch,40,0.05
20261008,UCSes4X8uDrpc4X46hJKjejg,JZgusHsQ0l4,102,26,3,what-to-watch,53,0.094339622641509441
20261008,UCSes4X8uDrpc4X46hJKjejg,JZgusHsQ0l4,102,28,3,what-to-watch,3,0
20261008,UCSes4X8uDrpc4X46hJKjejg,JZgusHsQ0l4,102,29,3,what-to-watch,42,0.023809523809523808
20261008,UCSes4X8uDrpc4X46hJKjejg,JZgusHsQ0l4,103,10,3,what-to-watch,39,0
20261008,UCSes4X8uDrpc4X46hJKjejg,JZgusHsQ0l4,103,17,3,what-to-watch,18,0
20261008,UCSes4X8uDrpc4X46hJKjejg,JZgusHsQ0l4,104,4,3,what-to-watch,429,0.076923076923076927
20261008,UCSes4X8uDrpc4X46hJKjejg,JZgusHsQ0l4,104,5,3,what-to-watch,891,0.07407407407407407
20261008,UCSes4X8uDrpc4X46hJKjejg,JZgusHsQ0l4,105,5,3,what-to-watch,106,0.075471698113207544
20261008,UCSes4X8uDrpc4X46hJKjejg,JZgusHsQ0l4,104,4,4,UCSes4X8uDrpc4X46hJKjejg,2,0
20261008,UCSes4X8uDrpc4X46hJKjejg,JZgusHsQ0l4,101,2,5,unknown,49,0.040816326530612242
20261008,UCSes4X8uDrpc4X46hJKjejg,JZgusHsQ0l4,101,9,5,unknown,23,0
20261008,UCSes4X8uDrpc4X46hJKjejg,JZgusHsQ0l4,102,1,5,unknown,7,0.14285714285714285
20261008,UCSes4X8uDrpc4X46hJKjejg,JZgusHsQ0l4,102,4,5,unknown,16,0.125
20261008,UCSes4X8uDrpc4X46hJKjejg,JZgusHsQ0l4,102,12,5,unknown,9,0.1111111111111111
20261008,UCSes4X8uDrpc4X46hJKjejg,JZgusHsQ0l4,102,19,5,unknown,7,0
20261008,UCSes4X8uDrpc4X46hJKjejg,JZgusHsQ0l4,102,26,5,unknown,6,0
20261008,UCSes4X8uDrpc4X46hJKjejg,JZgusHsQ0l4,102,28,5,unknown,1,0
20261008,UCSes4X8uDrpc4X46hJKjejg,JZgusHsQ0l4,102,31,5,unknown,2,0.5
20261008,UCSes4X8uDrpc4X46hJKjejg,JZgusHsQ0l4,103,10,5,unknown,4,0
20261008,UCSes4X8uDrpc4X46hJKjejg,JZgusHsQ0l4,103,17,5,unknown,8,0.25
20261008,UCSes4X8uDrpc4X46hJKjejg,JZgusHsQ0l4,104,4,5,unknown,115,0.12173913043478261
20261008,UCSes4X8uDrpc4X46hJKjejg,JZgusHsQ0l4,104,5,5,unknown,139,0.086330935251798566
20261008,UCSes4X8uDrpc4X46hJKjejg,JZgusHsQ0l4,105,5,5,unknown,13,0
20261008,UCSes4X8uDrpc4X46hJKjejg,JZgusHsQ0l4,104,4,7,-5uTa22OVPc,1,0
20261008,UCSes4X8uDrpc4X46hJKjejg,JZgusHsQ0l4,104,5,7,-IHpSSe2p4I,1,0
20261008,UCSes4X8uDrpc4X46hJKjejg,JZgusHsQ0l4,104,4,7,-fltwFXtezo,1,0
20261008,UCSes4X8uDrpc4X46hJKjejg,JZgusHsQ0l4,104,4,7,-yLOxAnZGoY,1,0
20261008,UCSes4X8uDrpc4X46hJKjejg,JZgusHsQ0l4,102,4,7,06zxOtwRi-A,1,0
20261008,UCSes4X8uDrpc4X46hJKjejg,JZgusHsQ0l4,101,9,7,0b8eta7f8mY,1,0
20261008,UCSes4X8uDrpc4X46hJKjejg,JZgusHsQ0l4,104,5,7,1D3xGuoHAhY,1,0
20261008,UCSes4X8uDrpc4X46hJKjejg,JZgusHsQ0l4,104,4,7,1HE-qYLlaeo,1,0
20261008,UCSes4X8uDrpc4X46hJKjejg,JZgusHsQ0l4,104,5,7,2MLWGTRS49w,1,0
20261008,UCSes4X8uDrpc4X46hJKjejg,JZgusHsQ0l4,104,4,7,2eqNYzKYKVc,1,0
20261008,UCSes4X8uDrpc4X46hJKjejg,JZgusHsQ0l4,104,4,7,383SbB6Csgk,1,0
20261008,UCSes4X8uDrpc4X46hJKjejg,JZgusHsQ0l4,101,9,7,3EEaJHeGzPw,1,0
20261008,UCSes4X8uDrpc4X46hJKjejg,JZgusHsQ0l4,104,5,7,3Q8tyg14wB0,1,0
20261008,UCSes4X8uDrpc4X46hJKjejg,JZgusHsQ0l4,104,4,7,5LEl411RcFs,1,0
20261008,UCSes4X8uDrpc4X46hJKjejg,JZgusHsQ0l4,102,4,7,5ij7P3W_pGg,1,0
20261008,UCSes4X8uDrpc4X46hJKjejg,JZgusHsQ0l4,102,29,7,5wJ_CdDQpsg,1,0
20261008,UCSes4X8uDrpc4X46hJKjejg,JZgusHsQ0l4,101,1,7,5xBEcbCcMBA,1,0
20261008,UCSes4X8uDrpc4X46hJKjejg,JZgusHsQ0l4,104,4,7,6V3lpYveZSw,1,0
20261008,UCSes4X8uDrpc4X46hJKjejg,JZgusHsQ0l4,104,5,7,6VbcAQtW754,1,0
20261008,UCSes4X8uDrpc4X46hJKjejg,JZgusHsQ0l4,104,5,7,6WjqeeIQM3Y,1,0
20261008,UCSes4X8uDrpc4X46hJKjejg,JZgusHsQ0l4,104,5,7,6kweCn_r2XE,1,0
20261008,UCSes4X8uDrpc4X46hJKjejg,JZgusHsQ0l4,104,4,7,6pKQEV_zdH4,1,0
20261008,UCSes4X8uDrpc4X46hJKjejg,JZgusHsQ0l4,104,4,7,6uybgGlF7ow,1,1
20261008,UCSes4X8uDrpc4X46hJKjejg,JZgusHsQ0l4,101,2,7,7WQiJO-TaDY,1,0
20261008,UCSes4X8uDrpc4X46hJKjejg,JZgusHsQ0l4,101,2,7,7_07Wb7SRo0,1,0
20261008,UCSes4X8uDrpc4X46hJKjejg,JZgusHsQ0l4,104,5,7,7_yDRjCnjW8,1,0
20261008,UCSes4X8uDrpc4X46hJKjejg,JZgusHsQ0l4,104,4,7,8g1-Bm2ci3o,1,1
20261008,UCSes4X8uDrpc4X46hJKjejg,JZgusHsQ0l4,104,5,7,92Iql3Bd5Xc,1,0
20261008,UCSes4X8uDrpc4X46hJKjejg,JZgusHsQ0l4,101,9,7,9z8Nbs5QLqQ,1,0
20261008,UCSes4X8uDrpc4X46hJKjejg,JZgusHsQ0l4,102,19,7,ANiUEDeurIs,1,0
20261008,UCSes4X8uDrpc4X46hJKjejg,JZgusHsQ0l4,104,4,7,BAW8hAIA63E,1,0
20261008,UCSes4X8uDrpc4X46hJKjejg,JZgusHsQ0l4,101,2,7,BRA_OQO10kc,1,0
20261008,UCSes4X8uDrpc4X46hJKjejg,JZgusHsQ0l4,104,4,7,ByAkyUnf2Hw,1,0
20261008,UCSes4X8uDrpc4X46hJKjejg,JZgusHsQ0l4,104,4,7,ChDF420SIuc,1,0
20261008,UCSes4X8uDrpc4X46hJKjejg,JZgusHsQ0l4,104,4,7,CzVkWu3b7fQ,1,0
20261008,UCSes4X8uDrpc4X46hJKjejg,JZgusHsQ0l4,101,2,7,DPYq4xclZOk,1,0
20261008,UCSes4X8uDrpc4X46hJKjejg,JZgusHsQ0l4,104,5,7,EDU0kUv6d-I,1,0
20261008,UCSes4X8uDrpc4X46hJKjejg,JZgusHsQ0l4,101,9,7,Eaf4F8sE4gI,1,0
20261008,UCSes4X8uDrpc4X46hJKjejg,JZgusHsQ0l4,101,9,7,F2g2FhC8LhQ,1,0
20261008,UCSes4X8uDrpc4X46hJKjejg,JZgusHsQ0l4,101,2,7,FAwkGooD58w,1,0
20261008,UCSes4X8uDrpc4X46hJKjejg,JZgusHsQ0l4,102,1,7,FFuxVcqAD-M,1,0
20261008,UCSes4X8uDrpc4X46hJKjejg,JZgusHsQ0l4,101,2,7,FNXrLA8-e5A,1,0
20261008,UCSes4X8uDrpc4X46hJKjejg,JZgusHsQ0l4,104,5,7,G4Tzlzb_mCE,1,0
20261008,UCSes4X8uDrpc4X46hJKjejg,JZgusHsQ0l4,101,2,7,GKRpxawg0O4,1,0
20261008,UCSes4X8uDrpc4X46hJKjejg,JZgusHsQ0l4,104,5,7,HwVivh1ogUM,1,0
20261008,UCSes4X8uDrpc4X46hJKjejg,JZgusHsQ0l4,104,5,7,ILnEKwIJBos,1,0
20261008,UCSes4X8uDrpc4X46hJKjejg,JZgusHsQ0l4,101,2,7,IijHaTsFlLY,1,0
20261008,UCSes4X8uDrpc4X46hJKjejg,JZgusHsQ0l4,104,4,7,IrMPTtek7ns,1,0
20261008,UCSes4X8uDrpc4X46hJKjejg,JZgusHsQ0l4,104,5,7,J7ZDHyF0qEc,1,0
20261008,UCSes4X8uDrpc4X46hJKjejg,JZgusHsQ0l4,101,9,7,JfkuBjvhnqE,1,0
20261008,UCSes4X8uDrpc4X46hJKjejg,JZgusHsQ0l4,101,9,7,Jw2mKxmtngs,1,0
20261008,UCSes4X8uDrpc4X46hJKjejg,JZgusHsQ0l4,101,9,7,K3gEWEFK7g0,1,0
20261008,UCSes4X8uDrpc4X46hJKjejg,JZgusHsQ0l4,104,5,7,KDeq61OPSAA,1,0
20261008,UCSes4X8uDrpc4X46hJKjejg,JZgusHsQ0l4,101,2,7,L0CAlGUFFHE,1,0
20261008,UCSes4X8uDrpc4X46hJKjejg,JZgusHsQ0l4,104,5,7,LjEoK9um-CA,1,0
20261008,UCSes4X8uDrpc4X46hJKjejg,JZgusHsQ0l4,104,5,7,MCbM9Sgz3Zg,1,0
20261008,UCSes4X8uDrpc4X46hJKjejg,JZgusHsQ0l4,104,5,7,NGOEzBGt0A4,1,0
20261008,UCSes4X8uDrpc4X46hJKjejg,JZgusHsQ0l4,104,5,7,NNYpiw881IA,1,1
20261008,UCSes4X8uDrpc4X46hJKjejg,JZgusHsQ0l4,101,2,7,OXHTYcpk-yo,1,0
20261008,UCSes4X8uDrpc4X46hJKjejg,JZgusHsQ0l4,101,2,7,OyUJxLDWFDY,1,0
20261008,UCSes4X8uDrpc4X46hJKjejg,JZgusHsQ0l4,104,4,7,PCUS3yeND9c,1,0
20261008,UCSes4X8uDrpc4X46hJKjejg,JZgusHsQ0l4,104,5,7,PjGGISmtcI4,1,0
20261008,UCSes4X8uDrpc4X46hJKjejg,JZgusHsQ0l4,101,2,7,PrtVtfKwWk4,1,0
20261008,UCSes4X8uDrpc4X46hJKjejg,JZgusHsQ0l4,104,5,7,QW_bx14eoDM,1,0
20261008,UCSes4X8uDrpc4X46hJKjejg,JZgusHsQ0l4,104,5,7,SRef5jSrgnk,1,0
20261008,UCSes4X8uDrpc4X46hJKjejg,JZgusHsQ0l4,101,2,7,SoiI_gv8CRY,2,0
20261008,UCSes4X8uDrpc4X46hJKjejg,JZgusHsQ0l4,104,4,7,SoiI_gv8CRY,3,0
20261008,UCSes4X8uDrpc4X46hJKjejg,JZgusHsQ0l4,104,5,7,SoiI_gv8CRY,1,1
20261008,UCSes4X8uDrpc4X46hJKjejg,JZgusHsQ0l4,104,5,7,T_J_lj7xIns,1,0
20261008,UCSes4X8uDrpc4X46hJKjejg,JZgusHsQ0l4,104,4,7,U1RajhBpl0o,6,0
20261008,UCSes4X8uDrpc4X46hJKjejg,JZgusHsQ0l4,104,5,7,U1RajhBpl0o,4,0
20261008,UCSes4X8uDrpc4X46hJKjejg,JZgusHsQ0l4,104,5,7,U4_klzP1Tc8,1,0
20261008,UCSes4X8uDrpc4X46hJKjejg,JZgusHsQ0l4,104,5,7,V3ssvu9DKds,1,0
20261008,UCSes4X8uDrpc4X46hJKjejg,JZgusHsQ0l4,101,2,7,WGT8LwVGtNA,1,0
20261008,UCSes4X8uDrpc4X46hJKjejg,JZgusHsQ0l4,104,5,7,WTo96hwCZ2Q,1,0
20261008,UCSes4X8uDrpc4X46hJKjejg,JZgusHsQ0l4,101,9,7,WytBKnxkgPQ,1,0
20261008,UCSes4X8uDrpc4X46hJKjejg,JZgusHsQ0l4,101,2,7,XyZNAtpEWb8,1,0
20261008,UCSes4X8uDrpc4X46hJKjejg,JZgusHsQ0l4,101,9,7,XyZNAtpEWb8,1,0
20261008,UCSes4X8uDrpc4X46hJKjejg,JZgusHsQ0l4,104,4,7,YHtB62qU1r8,2,0
20261008,UCSes4X8uDrpc4X46hJKjejg,JZgusHsQ0l4,104,5,7,YHtB62qU1r8,2,0
20261008,UCSes4X8uDrpc4X46hJKjejg,JZgusHsQ0l4,104,5,7,YpodmFe2WJw,1,0
20261008,UCSes4X8uDrpc4X46hJKjejg,JZgusHsQ0l4,104,4,7,ZTDb9gMUvBY,1,0
20261008,UCSes4X8uDrpc4X46hJKjejg,JZgusHsQ0l4,104,5,7,ZTDb9gMUvBY,1,0
20261008,UCSes4X8uDrpc4X46hJKjejg,JZgusHsQ0l4,101,2,7,aGd1wTjZU_k,1,0
20261008,UCSes4X8uDrpc4X46hJKjejg,JZgusHsQ0l4,101,9,7,aVXT9tRSVpk,1,0
20261008,UCSes4X8uDrpc4X46hJKjejg,JZgusHsQ0l4,104,4,7,aWCfxHM1oK0,1,0
20261008,UCSes4X8uDrpc4X46hJKjejg,JZgusHsQ0l4,101,9,7,b4-C38q08KY,1,0
20261008,UCSes4X8uDrpc4X46hJKjejg,JZgusHsQ0l4,101,9,7,e6BElTIS8x4,1,0
20261008,UCSes4X8uDrpc4X46hJKjejg,JZgusHsQ0l4,104,4,7,e6BElTIS8x4,1,0
20261008,UCSes4X8uDrpc4X46hJKjejg,JZgusHsQ0l4,104,5,7,e6BElTIS8x4,1,0
20261008,UCSes4X8uDrpc4X46hJKjejg,JZgusHsQ0l4,104,5,7,eNv4GKR65yc,1,0
20261008,UCSes4X8uDrpc4X46hJKjejg,JZgusHsQ0l4,104,5,7,es9DEiOSLRg,1,0
20261008,UCSes4X8uDrpc4X46hJKjejg,JZgusHsQ0l4,101,2,7,ewGJ-toLWQw,1,0
20261008,UCSes4X8uDrpc4X46hJKjejg,JZgusHsQ0l4,101,9,7,exTMwnV1JlU,1,0
20261008,UCSes4X8uDrpc4X46hJKjejg,JZgusHsQ0l4,104,5,7,fIigCXyaLOw,1,0
20261008,UCSes4X8uDrpc4X46hJKjejg,JZgusHsQ0l4,101,2,7,flnFz3rKSqk,1,0
20261008,UCSes4X8uDrpc4X46hJKjejg,JZgusHsQ0l4,104,5,7,gn9kmoTVckU,1,0
20261008,UCSes4X8uDrpc4X46hJKjejg,JZgusHsQ0l4,104,5,7,go9XE3zZ2E4,1,0
20261008,UCSes4X8uDrpc4X46hJKjejg,JZgusHsQ0l4,104,5,7,hb5ReflGXoU,1,0
20261008,UCSes4X8uDrpc4X46hJKjejg,JZgusHsQ0l4,104,5,7,jtwac_c0nJI,1,0
20261008,UCSes4X8uDrpc4X46hJKjejg,JZgusHsQ0l4,101,2,7,k9vUnhgciHA,1,0
20261008,UCSes4X8uDrpc4X46hJKjejg,JZgusHsQ0l4,101,9,7,k9vUnhgciHA,1,1
20261008,UCSes4X8uDrpc4X46hJKjejg,JZgusHsQ0l4,104,5,7,k9vUnhgciHA,1,0
20261008,UCSes4X8uDrpc4X46hJKjejg,JZgusHsQ0l4,104,5,7,kE_STOncrkA,1,0
20261008,UCSes4X8uDrpc4X46hJKjejg,JZgusHsQ0l4,104,4,7,kwRKN7r8dj8,2,0
20261008,UCSes4X8uDrpc4X46hJKjejg,JZgusHsQ0l4,104,5,7,m1X5Pyo9NZc,1,0
20261008,UCSes4X8uDrpc4X46hJKjejg,JZgusHsQ0l4,101,9,7,nqeo9NSwU-Y,1,0
20261008,UCSes4X8uDrpc4X46hJKjejg,JZgusHsQ0l4,104,5,7,nqeo9NSwU-Y,1,0
20261008,UCSes4X8uDrpc4X46hJKjejg,JZgusHsQ0l4,102,26,7,o1E0WJmd8Y0,1,0
20261008,UCSes4X8uDrpc4X46hJKjejg,JZgusHsQ0l4,104,4,7,ofgXzn8s7Jw,1,0
20261008,UCSes4X8uDrpc4X46hJKjejg,JZgusHsQ0l4,102,19,7,p1QxQ01wt90,2,0
20261008,UCSes4X8uDrpc4X46hJKjejg,JZgusHsQ0l4,101,2,7,pBLjF9bXk8o,1,0
20261008,UCSes4X8uDrpc4X46hJKjejg,JZgusHsQ0l4,104,5,7,pbbY9yo4dfc,1,1
20261008,UCSes4X8uDrpc4X46hJKjejg,JZgusHsQ0l4,101,2,7,q8AusW_Aduk,1,0
20261008,UCSes4X8uDrpc4X46hJKjejg,JZgusHsQ0l4,101,2,7,rL3JpCJmjH8,1,0
20261008,UCSes4X8uDrpc4X46hJKjejg,JZgusHsQ0l4,101,2,7,ridh6SkH0sY,1,0
20261008,UCSes4X8uDrpc4X46hJKjejg,JZgusHsQ0l4,104,5,7,s4HwFLkVhSs,1,0
20261008,UCSes4X8uDrpc4X46hJKjejg,JZgusHsQ0l4,104,4,7,sJuRbaa3h_A,1,0
20261008,UCSes4X8uDrpc4X46hJKjejg,JZgusHsQ0l4,101,2,7,ulQKaOeVKQs,1,0
20261008,UCSes4X8uDrpc4X46hJKjejg,JZgusHsQ0l4,104,4,7,wDq2ZR1leFU,1,0
20261008,UCSes4X8uDrpc4X46hJKjejg,JZgusHsQ0l4,104,5,7,wWUoTwSJRcg,1,0
20261008,UCSes4X8uDrpc4X46hJKjejg,JZgusHsQ0l4,104,4,7,yA1UcnxSOAk,1,0
20261008,UCSes4X8uDrpc4X46hJKjejg,JZgusHsQ0l4,101,2,7,zHNEAa2M3Ew,1,0
20261008,UCSes4X8uDrpc4X46hJKjejg,JZgusHsQ0l4,102,1,14,my-likes,1,0
20261008,UCSes4X8uDrpc4X46hJKjejg,JZgusHsQ0l4,104,5,14,my-likes,4,0
20261008,UCSes4X8uDrpc4X46hJKjejg,JZgusHsQ0l4,101,9,18,unknown,1,0
20261008,UCSes4X8uDrpc4X46hJKjejg,JZgusHsQ0l4,104,4,18,unknown,3,0
20261008,UCSes4X8uDrpc4X46hJKjejg,JZgusHsQ0l4,104,5,18,unknown,9,0
20261008,UCSes4X8uDrpc4X46hJKjejg,JbWKTd1IFQs,104,5,4,UCSes4X8uDrpc4X46hJKjejg,4,0
20261008,UCSes4X8uDrpc4X46hJKjejg,JiIv7lJbxmU,102,19,5,unknown,1,0
20261008,UCSes4X8uDrpc4X46hJKjejg,JiIv7lJbxmU,104,4,5,unknown,1,0
20261008,UCSes4X8uDrpc4X46hJKjejg,JjbXhl4su3U,101,2,5,unknown,2,0.5
20261008,UCSes4X8uDrpc4X46hJKjejg,JoHK3Z-nc9s,101,2,3,what-to-watch,4,0
20261008,UCSes4X8uDrpc4X46hJKjejg,JoHK3Z-nc9s,102,4,3,what-to-watch,2,0
20261008,UCSes4X8uDrpc4X46hJKjejg,JoHK3Z-nc9s,102,19,3,what-to-watch,2,0
20261008,UCSes4X8uDrpc4X46hJKjejg,JoHK3Z-nc9s,102,26,3,what-to-watch,6,0.33333333333333331
20261008,UCSes4X8uDrpc4X46hJKjejg,JoHK3Z-nc9s,102,29,3,what-to-watch,1,0
20261008,UCSes4X8uDrpc4X46hJKjejg,JoHK3Z-nc9s,103,17,3,what-to-watch,1,0
20261008,UCSes4X8uDrpc4X46hJKjejg,JoHK3Z-nc9s,104,4,3,what-to-watch,2,0
20261008,UCSes4X8uDrpc4X46hJKjejg,JoHK3Z-nc9s,104,5,3,what-to-watch,7,0
20261008,UCSes4X8uDrpc4X46hJKjejg,JoHK3Z-nc9s,105,5,3,what-to-watch,3,0
20261008,UCSes4X8uDrpc4X46hJKjejg,JoHK3Z-nc9s,101,2,4,UCSes4X8uDrpc4X46hJKjejg,1,0
20261008,UCSes4X8uDrpc4X46hJKjejg,JoHK3Z-nc9s,101,9,7,swGUmIDiUco,1,0
20261008,UCSes4X8uDrpc4X46hJKjejg,JoHK3Z-nc9s,104,4,7,xV_c8RFrGbA,1,0
20261008,UCSes4X8uDrpc4X46hJKjejg,JrbYzRkBjCU,104,4,5,unknown,1,0
20261008,UCSes4X8uDrpc4X46hJKjejg,JsEe4qzWT40,101,2,3,what-to-watch,1,0
20261008,UCSes4X8uDrpc4X46hJKjejg,JsEe4qzWT40,101,9,3,what-to-watch,2,0
20261008,UCSes4X8uDrpc4X46hJKjejg,JsEe4qzWT40,102,12,3,what-to-watch,1,0
20261008,UCSes4X8uDrpc4X46hJKjejg,JsEe4qzWT40,102,19,3,what-to-watch,1,0
20261008,UCSes4X8uDrpc4X46hJKjejg,JsEe4qzWT40,103,17,3,what-to-watch,2,0
20261008,UCSes4X8uDrpc4X46hJKjejg,JsEe4qzWT40,104,4,3,what-to-watch,10,0
20261008,UCSes4X8uDrpc4X46hJKjejg,JsEe4qzWT40,104,5,3,what-to-watch,7,0
20261008,UCSes4X8uDrpc4X46hJKjejg,JsEe4qzWT40,101,2,5,unknown,3,0
20261008,UCSes4X8uDrpc4X46hJKjejg,JsEe4qzWT40,101,9,5,unknown,5,0.2
20261008,UCSes4X8uDrpc4X46hJKjejg,JsEe4qzWT40,104,4,5,unknown,28,0
20261008,UCSes4X8uDrpc4X46hJKjejg,JsEe4qzWT40,104,5,5,unknown,16,0.125
20261008,UCSes4X8uDrpc4X46hJKjejg,JsEe4qzWT40,101,2,18,unknown,1,0
20261008,UCSes4X8uDrpc4X46hJKjejg,JsEe4qzWT40,104,4,18,unknown,3,0
20261008,UCSes4X8uDrpc4X46hJKjejg,JsEe4qzWT40,104,5,18,unknown,1,0
20261008,UCSes4X8uDrpc4X46hJKjejg,JvGmWtPmIW8,101,9,4,UCSes4X8uDrpc4X46hJKjejg,1,0
20261008,UCSes4X8uDrpc4X46hJKjejg,JvGmWtPmIW8,104,4,4,UCSes4X8uDrpc4X46hJKjejg,2,0
20261008,UCSes4X8uDrpc4X46hJKjejg,JvGmWtPmIW8,104,5,4,UCSes4X8uDrpc4X46hJKjejg,2,0
20261008,UCSes4X8uDrpc4X46hJKjejg,JvGmWtPmIW8,104,5,5,unknown,1,0
20261008,UCSes4X8uDrpc4X46hJKjejg,JwDkO74iC-w,101,2,3,what-to-watch,1,0
20261008,UCSes4X8uDrpc4X46hJKjejg,JwDkO74iC-w,101,9,3,what-to-watch,3,0
20261008,UCSes4X8uDrpc4X46hJKjejg,JwDkO74iC-w,102,4,3,what-to-watch,1,0
20261008,UCSes4X8uDrpc4X46hJKjejg,JwDkO74iC-w,102,26,3,what-to-watch,1,0
20261008,UCSes4X8uDrpc4X46hJKjejg,JwDkO74iC-w,104,4,3,what-to-watch,5,0
20261008,UCSes4X8uDrpc4X46hJKjejg,JwDkO74iC-w,104,5,3,what-to-watch,2,0.5
20261008,UCSes4X8uDrpc4X46hJKjejg,JwDkO74iC-w,105,5,3,what-to-watch,1,0
20261008,UCSes4X8uDrpc4X46hJKjejg,JwDkO74iC-w,101,2,4,UCSes4X8uDrpc4X46hJKjejg,1,0
20261008,UCSes4X8uDrpc4X46hJKjejg,JwDkO74iC-w,102,19,4,UCSes4X8uDrpc4X46hJKjejg,1,0
20261008,UCSes4X8uDrpc4X46hJKjejg,JwDkO74iC-w,104,4,4,UCSes4X8uDrpc4X46hJKjejg,1,1
20261008,UCSes4X8uDrpc4X46hJKjejg,JwDkO74iC-w,104,5,4,UCSes4X8uDrpc4X46hJKjejg,2,0
20261008,UCSes4X8uDrpc4X46hJKjejg,JwDkO74iC-w,101,2,5,unknown,2,0
20261008,UCSes4X8uDrpc4X46hJKjejg,JwDkO74iC-w,104,5,5,unknown,1,0
20261008,UCSes4X8uDrpc4X46hJKjejg,JwDkO74iC-w,104,5,7,2n86Q7w_T1M,1,0
20261008,UCSes4X8uDrpc4X46hJKjejg,JwDkO74iC-w,102,4,7,4vAo3d48bdo,1,0
20261008,UCSes4X8uDrpc4X46hJKjejg,JwDkO74iC-w,104,5,7,7hBUfIUAXYA,1,0
20261008,UCSes4X8uDrpc4X46hJKjejg,JwDkO74iC-w,104,4,7,BIZvX2as-7E,1,1
20261008,UCSes4X8uDrpc4X46hJKjejg,JwDkO74iC-w,101,2,7,ETSU0BozO3g,1,0
20261008,UCSes4X8uDrpc4X46hJKjejg,JwDkO74iC-w,104,4,7,P2KmPvjha6A,1,0
20261008,UCSes4X8uDrpc4X46hJKjejg,JwDkO74iC-w,104,5,7,ScWOLEQLf0w,1,0
20261008,UCSes4X8uDrpc4X46hJKjejg,JwDkO74iC-w,104,5,7,TWeu5NFO2Z8,2,0
20261008,UCSes4X8uDrpc4X46hJKjejg,JwDkO74iC-w,104,4,7,U5w3aB4bF74,1,0
20261008,UCSes4X8uDrpc4X46hJKjejg,JwDkO74iC-w,104,5,7,U5w3aB4bF74,1,0
20261008,UCSes4X8uDrpc4X46hJKjejg,JwDkO74iC-w,104,4,7,eD9v1E6Q_W0,1,0
20261008,UCSes4X8uDrpc4X46hJKjejg,JwDkO74iC-w,104,4,7,f2dVTK32SSo,1,0
20261008,UCSes4X8uDrpc4X46hJKjejg,JwDkO74iC-w,101,9,7,g0B115S5Ygg,1,0
20261008,UCSes4X8uDrpc4X46hJKjejg,JwDkO74iC-w,101,9,7,in2sDE9kW7w,1,1
20261008,UCSes4X8uDrpc4X46hJKjejg,JwDkO74iC-w,104,4,7,nYswAkgOwiw,1,0
20261008,UCSes4X8uDrpc4X46hJKjejg,JwDkO74iC-w,104,4,7,q-8UkeKyQv0,1,0
20261008,UCSes4X8uDrpc4X46hJKjejg,JwDkO74iC-w,103,10,7,swakkFiI40o,2,0
20261008,UCSes4X8uDrpc4X46hJKjejg,JwDkO74iC-w,104,5,7,zHPc_NwGbFo,2,0
20261008,UCSes4X8uDrpc4X46hJKjejg,JwDkO74iC-w,101,9,14,PLX3ZLYz4-6vE2_ZNLW5AfzbHTd1jTskDl,1,0
20261008,UCSes4X8uDrpc4X46hJKjejg,JwDkO74iC-w,104,4,14,PLX3ZLYz4-6vE2_ZNLW5AfzbHTd1jTskDl,8,0
20261008,UCSes4X8uDrpc4X46hJKjejg,JwDkO74iC-w,101,9,18,unknown,1,0
20261008,UCSes4X8uDrpc4X46hJKjejg,JwDkO74iC-w,104,4,18,unknown,2,0
20261008,UCSes4X8uDrpc4X46hJKjejg,JxAYFr3JFZg,103,10,7,kO2STGOr8g0,1,0
20261008,UCSes4X8uDrpc4X46hJKjejg,JxEXoxJmoKM,102,31,5,unknown,1,0
20261008,UCSes4X8uDrpc4X46hJKjejg,JxEXoxJmoKM,104,5,5,unknown,2,0
20261008,UCSes4X8uDrpc4X46hJKjejg,JzU01lYtS2s,101,2,5,unknown,1,0
20261008,UCSes4X8uDrpc4X46hJKjejg,JzU01lYtS2s,101,9,5,unknown,2,0
20261008,UCSes4X8uDrpc4X46hJKjejg,JzU01lYtS2s,101,9,14,PLX3ZLYz4-6vE2_ZNLW5AfzbHTd1jTskDl,2,0
20261008,UCSes4X8uDrpc4X46hJKjejg,K1KXX7Al--U,101,2,3,what-to-watch,5,0
20261008,UCSes4X8uDrpc4X46hJKjejg,K1KXX7Al--U,101,9,3,what-to-watch,3,0
20261008,UCSes4X8uDrpc4X46hJKjejg,K1KXX7Al--U,101,30,3,what-to-watch,1,0
20261008,UCSes4X8uDrpc4X46hJKjejg,K1KXX7Al--U,102,12,3,what-to-watch,1,0
20261008,UCSes4X8uDrpc4X46hJKjejg,K1KXX7Al--U,102,26,3,what-to-watch,3,0
20261008,UCSes4X8uDrpc4X46hJKjejg,K1KXX7Al--U,104,4,3,what-to-watch,6,0
20261008,UCSes4X8uDrpc4X46hJKjejg,K1KXX7Al--U,104,5,3,what-to-watch,6,0.33333333333333331
20261008,UCSes4X8uDrpc4X46hJKjejg,K1KXX7Al--U,101,2,5,unknown,2,0
20261008,UCSes4X8uDrpc4X46hJKjejg,K1KXX7Al--U,102,4,5,unknown,1,0
20261008,UCSes4X8uDrpc4X46hJKjejg,K1KXX7Al--U,102,19,5,unknown,2,0
20261008,UCSes4X8uDrpc4X46hJKjejg,K1KXX7Al--U,104,4,5,unknown,9,0
20261008,UCSes4X8uDrpc4X46hJKjejg,K1KXX7Al--U,104,5,5,unknown,7,0
20261008,UCSes4X8uDrpc4X46hJKjejg,K1KXX7Al--U,105,5,5,unknown,1,0
20261008,UCSes4X8uDrpc4X46hJKjejg,K1KXX7Al--U,104,5,18,unknown,2,0
20261008,UCSes4X8uDrpc4X46hJKjejg,K1wl4I0UnEE,101,9,3,what-to-watch,2,0
20261008,UCSes4X8uDrpc4X46hJKjejg,K1wl4I0UnEE,104,4,3,what-to-watch,2,0
20261008,UCSes4X8uDrpc4X46hJKjejg,K1wl4I0UnEE,104,5,3,what-to-watch,2,0.5
20261008,UCSes4X8uDrpc4X46hJKjejg,K1wl4I0UnEE,104,5,5,unknown,1,0
20261008,UCSes4X8uDrpc4X46hJKjejg,K2R5lZk4Cl8,104,4,5,unknown,1,0
20261008,UCSes4X8uDrpc4X46hJKjejg,K2R5lZk4Cl8,104,5,5,unknown,4,0
20261008,UCSes4X8uDrpc4X46hJKjejg,K2R5lZk4Cl8,104,5,18,unknown,1,0
20261008,UCSes4X8uDrpc4X46hJKjejg,K4R55rmC3wA,101,9,3,what-to-watch,1,0
20261008,UCSes4X8uDrpc4X46hJKjejg,K4R55rmC3wA,101,9,4,UCSes4X8uDrpc4X46hJKjejg,2,0
20261008,UCSes4X8uDrpc4X46hJKjejg,K4R55rmC3wA,104,5,4,UCSes4X8uDrpc4X46hJKjejg,3,0
20261008,UCSes4X8uDrpc4X46hJKjejg,K84n1uSn2bU,101,2,5,unknown,1,0
20261008,UCSes4X8uDrpc4X46hJKjejg,K84n1uSn2bU,103,17,5,unknown,2,0
20261008,UCSes4X8uDrpc4X46hJKjejg,K84n1uSn2bU,104,5,5,unknown,3,0
20261008,UCSes4X8uDrpc4X46hJKjejg,KC4-NmPr0aI,104,4,3,what-to-watch,1,0
20261008,UCSes4X8uDrpc4X46hJKjejg,KC4-NmPr0aI,104,5,3,what-to-watch,2,0
20261008,UCSes4X8uDrpc4X46hJKjejg,KC4-NmPr0aI,101,2,5,unknown,4,0
20261008,UCSes4X8uDrpc4X46hJKjejg,KC4-NmPr0aI,102,4,5,unknown,1,0
20261008,UCSes4X8uDrpc4X46hJKjejg,KC4-NmPr0aI,102,19,5,unknown,4,0
20261008,UCSes4X8uDrpc4X46hJKjejg,KC4-NmPr0aI,102,31,5,unknown,2,0
20261008,UCSes4X8uDrpc4X46hJKjejg,KC4-NmPr0aI,103,10,5,unknown,3,0
20261008,UCSes4X8uDrpc4X46hJKjejg,KC4-NmPr0aI,104,4,5,unknown,3,0
20261008,UCSes4X8uDrpc4X46hJKjejg,KC4-NmPr0aI,104,5,5,unknown,8,0.125
20261008,UCSes4X8uDrpc4X46hJKjejg,KC4-NmPr0aI,105,5,5,unknown,1,0
20261008,UCSes4X8uDrpc4X46hJKjejg,KFRZzHxUoDs,101,2,4,UCSes4X8uDrpc4X46hJKjejg,1,0
20261008,UCSes4X8uDrpc4X46hJKjejg,KHsdSxrtV2Q,101,9,5,unknown,1,0
20261008,UCSes4X8uDrpc4X46hJKjejg,KLcmcAAvSkg,101,2,4,UCSes4X8uDrpc4X46hJKjejg,2,0
20261008,UCSes4X8uDrpc4X46hJKjejg,KLcmcAAvSkg,104,5,4,UCSes4X8uDrpc4X46hJKjejg,1,1
20261008,UCSes4X8uDrpc4X46hJKjejg,KNIhW9GZe2s,101,2,5,unknown,2,0
20261008,UCSes4X8uDrpc4X46hJKjejg,KNIhW9GZe2s,104,4,5,unknown,7,0
20261008,UCSes4X8uDrpc4X46hJKjejg,KNIhW9GZe2s,104,5,5,unknown,7,0
20261008,UCSes4X8uDrpc4X46hJKjejg,KOt_oipxkkc,101,9,3,what-to-watch,1,0
20261008,UCSes4X8uDrpc4X46hJKjejg,KOt_oipxkkc,102,19,3,what-to-watch,1,0
20261008,UCSes4X8uDrpc4X46hJKjejg,KOt_oipxkkc,104,5,18,unknown,1,0
20261008,UCSes4X8uDrpc4X46hJKjejg,KTTR2wpQKDw,104,4,4,UCSes4X8uDrpc4X46hJKjejg,1,0
20261008,UCSes4X8uDrpc4X46hJKjejg,KUyL_joBI98,102,31,5,unknown,1,0
20261008,UCSes4X8uDrpc4X46hJKjejg,KWIVBbqRwZ8,101,2,4,UCSes4X8uDrpc4X46hJKjejg,1,0
20261008,UCSes4X8uDrpc4X46hJKjejg,KWIVBbqRwZ8,101,9,4,UCSes4X8uDrpc4X46hJKjejg,1,0
20261008,UCSes4X8uDrpc4X46hJKjejg,KWIVBbqRwZ8,102,26,4,UCSes4X8uDrpc4X46hJKjejg,1,0
20261008,UCSes4X8uDrpc4X46hJKjejg,KWIVBbqRwZ8,104,4,4,UCSes4X8uDrpc4X46hJKjejg,17,0
20261008,UCSes4X8uDrpc4X46hJKjejg,KWIVBbqRwZ8,104,5,4,UCSes4X8uDrpc4X46hJKjejg,6,0
20261008,UCSes4X8uDrpc4X46hJKjejg,KWIVBbqRwZ8,101,2,5,unknown,1,0
20261008,UCSes4X8uDrpc4X46hJKjejg,KWIVBbqRwZ8,104,4,5,unknown,1,0
20261008,UCSes4X8uDrpc4X46hJKjejg,KWIVBbqRwZ8,104,5,5,unknown,1,0
20261008,UCSes4X8uDrpc4X46hJKjejg,KYtWlX1DWlo,102,19,5,unknown,1,0
20261008,UCSes4X8uDrpc4X46hJKjejg,KYtWlX1DWlo,104,5,5,unknown,1,0
20261008,UCSes4X8uDrpc4X46hJKjejg,K_Lm-tI6RdE,104,4,3,what-to-watch,4,0.25
20261008,UCSes4X8uDrpc4X46hJKjejg,Kg8gl-3zhGc,101,2,3,what-to-watch,1,0
20261008,UCSes4X8uDrpc4X46hJKjejg,Kg8gl-3zhGc,104,5,4,UCSes4X8uDrpc4X46hJKjejg,2,0
20261008,UCSes4X8uDrpc4X46hJKjejg,Kg8gl-3zhGc,104,5,5,unknown,2,0
20261008,UCSes4X8uDrpc4X46hJKjejg,KoxnHEXhTNQ,102,19,3,what-to-watch,2,0
20261008,UCSes4X8uDrpc4X46hJKjejg,KoxnHEXhTNQ,101,2,4,UCSes4X8uDrpc4X46hJKjejg,1,0
20261008,UCSes4X8uDrpc4X46hJKjejg,KoxnHEXhTNQ,101,9,4,UCSes4X8uDrpc4X46hJKjejg,1,0
20261008,UCSes4X8uDrpc4X46hJKjejg,KoxnHEXhTNQ,104,4,4,UCSes4X8uDrpc4X46hJKjejg,10,0.1
20261008,UCSes4X8uDrpc4X46hJKjejg,KoxnHEXhTNQ,104,5,4,UCSes4X8uDrpc4X46hJKjejg,3,0
20261008,UCSes4X8uDrpc4X46hJKjejg,KoxnHEXhTNQ,101,2,5,unknown,3,0
20261008,UCSes4X8uDrpc4X46hJKjejg,KoxnHEXhTNQ,101,9,5,unknown,2,0
20261008,UCSes4X8uDrpc4X46hJKjejg,KoxnHEXhTNQ,102,4,5,unknown,1,0
20261008,UCSes4X8uDrpc4X46hJKjejg,KoxnHEXhTNQ,102,31,5,unknown,2,0
20261008,UCSes4X8uDrpc4X46hJKjejg,KoxnHEXhTNQ,104,5,5,unknown,6,0.16666666666666666
20261008,UCSes4X8uDrpc4X46hJKjejg,KrYWD0yxQYs,102,4,3,what-to-watch,1,0
20261008,UCSes4X8uDrpc4X46hJKjejg,KrYWD0yxQYs,101,9,5,unknown,2,0
20261008,UCSes4X8uDrpc4X46hJKjejg,KrYWD0yxQYs,101,9,14,PLX3ZLYz4-6vE2_ZNLW5AfzbHTd1jTskDl,2,0
20261008,UCSes4X8uDrpc4X46hJKjejg,L-B6QqwsGh8,104,4,3,what-to-watch,1,0
20261008,UCSes4X8uDrpc4X46hJKjejg,L4ZDBAG33l4,102,19,3,what-to-watch,1,0
20261008,UCSes4X8uDrpc4X46hJKjejg,L4ZDBAG33l4,104,5,4,UCSes4X8uDrpc4X46hJKjejg,2,0
20261008,UCSes4X8uDrpc4X46hJKjejg,L4ZDBAG33l4,102,26,5,unknown,1,0
20261008,UCSes4X8uDrpc4X46hJKjejg,L8GEpjiuXKQ,103,10,5,unknown,1,0
20261008,UCSes4X8uDrpc4X46hJKjejg,LE-UZQG6Jy0,101,2,4,UCSes4X8uDrpc4X46hJKjejg,1,0
20261008,UCSes4X8uDrpc4X46hJKjejg,LE-UZQG6Jy0,101,9,5,unknown,1,0
20261008,UCSes4X8uDrpc4X46hJKjejg,LE-UZQG6Jy0,101,9,14,PLX3ZLYz4-6vE2_ZNLW5AfzbHTd1jTskDl,1,0
20261008,UCSes4X8uDrpc4X46hJKjejg,LHoPC6NEbAo,104,4,5,unknown,1,0
20261008,UCSes4X8uDrpc4X46hJKjejg,LHoPC6NEbAo,104,5,5,unknown,1,0
20261008,UCSes4X8uDrpc4X46hJKjejg,LLB393ytY2I,101,2,5,unknown,1,0
20261008,UCSes4X8uDrpc4X46hJKjejg,LLB393ytY2I,104,4,5,unknown,1,0
20261008,UCSes4X8uDrpc4X46hJKjejg,LRn1yY1ZB7k,104,4,4,UCSes4X8uDrpc4X46hJKjejg,1,0
20261008,UCSes4X8uDrpc4X46hJKjejg,LRn1yY1ZB7k,101,2,5,unknown,1,0
20261008,UCSes4X8uDrpc4X46hJKjejg,LRn1yY1ZB7k,101,30,5,unknown,1,0
20261008,UCSes4X8uDrpc4X46hJKjejg,LRn1yY1ZB7k,104,4,5,unknown,6,0
20261008,UCSes4X8uDrpc4X46hJKjejg,LRn1yY1ZB7k,104,5,5,unknown,3,0
20261008,UCSes4X8uDrpc4X46hJKjejg,LRn1yY1ZB7k,105,5,5,unknown,5,0
20261008,UCSes4X8uDrpc4X46hJKjejg,LSwj_klZHr8,101,2,4,UCSes4X8uDrpc4X46hJKjejg,1,0
20261008,UCSes4X8uDrpc4X46hJKjejg,LSwj_klZHr8,104,5,4,UCSes4X8uDrpc4X46hJKjejg,4,0
20261008,UCSes4X8uDrpc4X46hJKjejg,LSwj_klZHr8,102,1,5,unknown,1,0
20261008,UCSes4X8uDrpc4X46hJKjejg,LSwj_klZHr8,104,5,5,unknown,6,0
20261008,UCSes4X8uDrpc4X46hJKjejg,LSwj_klZHr8,105,5,5,unknown,3,0
20261008,UCSes4X8uDrpc4X46hJKjejg,LSwj_klZHr8,104,5,7,edY2sod1daA,2,0
20261008,UCSes4X8uDrpc4X46hJKjejg,LXgH2eBmrF8,101,2,3,what-to-watch,1,0
20261008,UCSes4X8uDrpc4X46hJKjejg,LXgH2eBmrF8,104,4,3,what-to-watch,1,0
20261008,UCSes4X8uDrpc4X46hJKjejg,LXgH2eBmrF8,104,5,3,what-to-watch,2,0
20261008,UCSes4X8uDrpc4X46hJKjejg,LXgH2eBmrF8,101,9,4,UCSes4X8uDrpc4X46hJKjejg,1,0
20261008,UCSes4X8uDrpc4X46hJKjejg,LXgH2eBmrF8,104,4,4,UCSes4X8uDrpc4X46hJKjejg,2,0
20261008,UCSes4X8uDrpc4X46hJKjejg,LXgH2eBmrF8,104,5,4,UCSes4X8uDrpc4X46hJKjejg,2,0
20261008,UCSes4X8uDrpc4X46hJKjejg,LXgH2eBmrF8,104,4,5,unknown,1,1
20261008,UCSes4X8uDrpc4X46hJKjejg,LZMYojWWp4A,101,2,4,UCSes4X8uDrpc4X46hJKjejg,1,0
20261008,UCSes4X8uDrpc4X46hJKjejg,L_tcbmxFOkk,104,4,5,unknown,1,0
20261008,UCSes4X8uDrpc4X46hJKjejg,LehzaEoh83Q,101,2,3,what-to-watch,1,0
20261008,UCSes4X8uDrpc4X46hJKjejg,LehzaEoh83Q,104,5,3,what-to-watch,1,0
20261008,UCSes4X8uDrpc4X46hJKjejg,LehzaEoh83Q,101,2,5,unknown,1,0
20261008,UCSes4X8uDrpc4X46hJKjejg,LehzaEoh83Q,101,9,5,unknown,1,0
20261008,UCSes4X8uDrpc4X46hJKjejg,LguyQAIoKlA,101,2,3,what-to-watch,6,0
20261008,UCSes4X8uDrpc4X46hJKjejg,LguyQAIoKlA,101,9,3,what-to-watch,5,0
20261008,UCSes4X8uDrpc4X46hJKjejg,LguyQAIoKlA,102,1,3,what-to-watch,1,0
20261008,UCSes4X8uDrpc4X46hJKjejg,LguyQAIoKlA,102,4,3,what-to-watch,1,0
20261008,UCSes4X8uDrpc4X46hJKjejg,LguyQAIoKlA,102,12,3,what-to-watch,3,0
20261008,UCSes4X8uDrpc4X46hJKjejg,LguyQAIoKlA,102,19,3,what-to-watch,3,0
20261008,UCSes4X8uDrpc4X46hJKjejg,LguyQAIoKlA,102,26,3,what-to-watch,5,0
20261008,UCSes4X8uDrpc4X46hJKjejg,LguyQAIoKlA,102,29,3,what-to-watch,8,0
20261008,UCSes4X8uDrpc4X46hJKjejg,LguyQAIoKlA,104,4,3,what-to-watch,8,0.25
20261008,UCSes4X8uDrpc4X46hJKjejg,LguyQAIoKlA,104,5,3,what-to-watch,5,0
20261008,UCSes4X8uDrpc4X46hJKjejg,LguyQAIoKlA,105,5,3,what-to-watch,5,0
20261008,UCSes4X8uDrpc4X46hJKjejg,LguyQAIoKlA,101,9,4,UCLh4znMEEDzabMHw-Ob0Cpg,1,0
20261008,UCSes4X8uDrpc4X46hJKjejg,LguyQAIoKlA,102,26,4,UCLh4znMEEDzabMHw-Ob0Cpg,1,0
20261008,UCSes4X8uDrpc4X46hJKjejg,LguyQAIoKlA,104,5,4,UCSes4X8uDrpc4X46hJKjejg,7,0
20261008,UCSes4X8uDrpc4X46hJKjejg,LguyQAIoKlA,101,2,5,unknown,1,0
20261008,UCSes4X8uDrpc4X46hJKjejg,LguyQAIoKlA,101,9,5,unknown,4,0.25
20261008,UCSes4X8uDrpc4X46hJKjejg,LguyQAIoKlA,102,4,5,unknown,2,0
20261008,UCSes4X8uDrpc4X46hJKjejg,LguyQAIoKlA,102,19,5,unknown,2,0
20261008,UCSes4X8uDrpc4X46hJKjejg,LguyQAIoKlA,102,26,5,unknown,3,0
20261008,UCSes4X8uDrpc4X46hJKjejg,LguyQAIoKlA,104,4,5,unknown,7,0
20261008,UCSes4X8uDrpc4X46hJKjejg,LguyQAIoKlA,104,5,5,unknown,9,0
20261008,UCSes4X8uDrpc4X46hJKjejg,LguyQAIoKlA,105,5,5,unknown,1,0
20261008,UCSes4X8uDrpc4X46hJKjejg,LguyQAIoKlA,104,5,7,07BaiGCN_Sg,1,0
20261008,UCSes4X8uDrpc4X46hJKjejg,LguyQAIoKlA,104,4,7,5gPY_p9MSzk,1,0
20261008,UCSes4X8uDrpc4X46hJKjejg,LguyQAIoKlA,101,2,7,7_TvaHnNmGo,2,0
20261008,UCSes4X8uDrpc4X46hJKjejg,LguyQAIoKlA,104,5,7,7_TvaHnNmGo,2,0
20261008,UCSes4X8uDrpc4X46hJKjejg,LguyQAIoKlA,104,5,7,CeWy5YjPrNc,1,0
20261008,UCSes4X8uDrpc4X46hJKjejg,LguyQAIoKlA,101,2,7,CjhsBxi6nlo,1,0
20261008,UCSes4X8uDrpc4X46hJKjejg,LguyQAIoKlA,104,4,7,DQsvRZfGeHc,1,0
20261008,UCSes4X8uDrpc4X46hJKjejg,LguyQAIoKlA,104,4,7,DlHINweq4nc,1,0
20261008,UCSes4X8uDrpc4X46hJKjejg,LguyQAIoKlA,104,5,7,DlHINweq4nc,1,0
20261008,UCSes4X8uDrpc4X46hJKjejg,LguyQAIoKlA,101,30,7,HT2vzGOVbLE,1,0
20261008,UCSes4X8uDrpc4X46hJKjejg,LguyQAIoKlA,104,5,7,J7U4RD7GaZc,1,0
20261008,UCSes4X8uDrpc4X46hJKjejg,LguyQAIoKlA,102,19,7,Jjj4NeXP9n0,1,0
20261008,UCSes4X8uDrpc4X46hJKjejg,LguyQAIoKlA,104,5,7,M-RU6NinLVE,1,0
20261008,UCSes4X8uDrpc4X46hJKjejg,LguyQAIoKlA,101,9,7,OZ-vkUjXefM,1,0
20261008,UCSes4X8uDrpc4X46hJKjejg,LguyQAIoKlA,101,2,7,P5m0_yc0Bzk,1,0
20261008,UCSes4X8uDrpc4X46hJKjejg,LguyQAIoKlA,104,4,7,Q2dYzcldqD8,1,0
20261008,UCSes4X8uDrpc4X46hJKjejg,LguyQAIoKlA,101,2,7,R7HsD45pedw,1,0
20261008,UCSes4X8uDrpc4X46hJKjejg,LguyQAIoKlA,104,5,7,SRl13pfSdK8,1,0
20261008,UCSes4X8uDrpc4X46hJKjejg,LguyQAIoKlA,104,4,7,SoQ1dimV1cY,1,0
20261008,UCSes4X8uDrpc4X46hJKjejg,LguyQAIoKlA,104,4,7,_zyfPj6WkIY,1,0
20261008,UCSes4X8uDrpc4X46hJKjejg,LguyQAIoKlA,102,29,7,c1GBdVQosp0,1,0
20261008,UCSes4X8uDrpc4X46hJKjejg,LguyQAIoKlA,101,2,7,edeTsN0d6ZI,1,0
20261008,UCSes4X8uDrpc4X46hJKjejg,LguyQAIoKlA,104,5,7,fFRPLHLFlvc,1,0
20261008,UCSes4X8uDrpc4X46hJKjejg,LguyQAIoKlA,104,5,7,fNK0KLlpW9I,1,0
20261008,UCSes4X8uDrpc4X46hJKjejg,LguyQAIoKlA,104,4,7,greVnOkliTE,1,0
20261008,UCSes4X8uDrpc4X46hJKjejg,LguyQAIoKlA,104,5,7,iL0ajYiV3zk,2,0
20261008,UCSes4X8uDrpc4X46hJKjejg,LguyQAIoKlA,102,19,7,k7qKUieo3KQ,1,0
20261008,UCSes4X8uDrpc4X46hJKjejg,LguyQAIoKlA,104,4,7,k7qKUieo3KQ,2,0
20261008,UCSes4X8uDrpc4X46hJKjejg,LguyQAIoKlA,104,5,7,k7qKUieo3KQ,1,0
20261008,UCSes4X8uDrpc4X46hJKjejg,LguyQAIoKlA,101,2,7,kkcWNm112Hg,1,0
20261008,UCSes4X8uDrpc4X46hJKjejg,LguyQAIoKlA,104,4,7,kkcWNm112Hg,1,0
20261008,UCSes4X8uDrpc4X46hJKjejg,LguyQAIoKlA,104,4,7,m7ycDoC--5o,1,0
20261008,UCSes4X8uDrpc4X46hJKjejg,LguyQAIoKlA,104,5,7,mgpKV6eFS0E,1,0
20261008,UCSes4X8uDrpc4X46hJKjejg,LguyQAIoKlA,101,9,7,q0xz-KNCXq8,1,0
20261008,UCSes4X8uDrpc4X46hJKjejg,LguyQAIoKlA,104,4,7,rB2UU_SBrss,1,0
20261008,UCSes4X8uDrpc4X46hJKjejg,LguyQAIoKlA,104,4,7,rdqrlFn3qhE,1,0
20261008,UCSes4X8uDrpc4X46hJKjejg,LguyQAIoKlA,101,2,7,s7C24xNV3bU,3,0
20261008,UCSes4X8uDrpc4X46hJKjejg,LguyQAIoKlA,102,1,7,s7C24xNV3bU,1,0
20261008,UCSes4X8uDrpc4X46hJKjejg,LguyQAIoKlA,104,4,7,s7C24xNV3bU,3,0
20261008,UCSes4X8uDrpc4X46hJKjejg,LguyQAIoKlA,102,4,7,vRIKlRaF5V8,1,0
20261008,UCSes4X8uDrpc4X46hJKjejg,LguyQAIoKlA,102,26,7,vRIKlRaF5V8,1,0
20261008,UCSes4X8uDrpc4X46hJKjejg,LguyQAIoKlA,102,29,7,vRIKlRaF5V8,1,0
20261008,UCSes4X8uDrpc4X46hJKjejg,LguyQAIoKlA,104,4,18,unknown,5,0
20261008,UCSes4X8uDrpc4X46hJKjejg,LguyQAIoKlA,104,5,18,unknown,2,0
20261008,UCSes4X8uDrpc4X46hJKjejg,LoFU5kr6npM,104,5,3,what-to-watch,3,0
20261008,UCSes4X8uDrpc4X46hJKjejg,LoFU5kr6npM,105,5,3,what-to-watch,1,0
20261008,UCSes4X8uDrpc4X46hJKjejg,LoFU5kr6npM,101,2,4,UCA95kYjGqDgRziNA7sJZBag,1,0
20261008,UCSes4X8uDrpc4X46hJKjejg,LoFU5kr6npM,102,26,4,UCA95kYjGqDgRziNA7sJZBag,1,0
20261008,UCSes4X8uDrpc4X46hJKjejg,LoFU5kr6npM,104,5,4,UCA95kYjGqDgRziNA7sJZBag,3,0
20261008,UCSes4X8uDrpc4X46hJKjejg,LoFU5kr6npM,101,2,4,UCSes4X8uDrpc4X46hJKjejg,14,0
20261008,UCSes4X8uDrpc4X46hJKjejg,LoFU5kr6npM,101,9,4,UCSes4X8uDrpc4X46hJKjejg,34,0.058823529411764705
20261008,UCSes4X8uDrpc4X46hJKjejg,LoFU5kr6npM,101,30,4,UCSes4X8uDrpc4X46hJKjejg,1,0
20261008,UCSes4X8uDrpc4X46hJKjejg,LoFU5kr6npM,102,12,4,UCSes4X8uDrpc4X46hJKjejg,2,0
20261008,UCSes4X8uDrpc4X46hJKjejg,LoFU5kr6npM,102,19,4,UCSes4X8uDrpc4X46hJKjejg,1,0
20261008,UCSes4X8uDrpc4X46hJKjejg,LoFU5kr6npM,103,10,4,UCSes4X8uDrpc4X46hJKjejg,1,0
20261008,UCSes4X8uDrpc4X46hJKjejg,LoFU5kr6npM,104,4,4,UCSes4X8uDrpc4X46hJKjejg,5,0
20261008,UCSes4X8uDrpc4X46hJKjejg,LoFU5kr6npM,104,5,4,UCSes4X8uDrpc4X46hJKjejg,30,0
20261008,UCSes4X8uDrpc4X46hJKjejg,LoFU5kr6npM,101,9,5,unknown,1,0
20261008,UCSes4X8uDrpc4X46hJKjejg,LoFU5kr6npM,104,4,5,unknown,1,0
20261008,UCSes4X8uDrpc4X46hJKjejg,LoFU5kr6npM,104,5,5,unknown,1,0
20261008,UCSes4X8uDrpc4X46hJKjejg,LoFU5kr6npM,104,4,7,07BaiGCN_Sg,1,0
20261008,UCSes4X8uDrpc4X46hJKjejg,LoFU5kr6npM,104,5,7,0GBZDGEVs-s,1,0
20261008,UCSes4X8uDrpc4X46hJKjejg,LoFU5kr6npM,104,5,7,0afDICHobnU,1,0
20261008,UCSes4X8uDrpc4X46hJKjejg,LoFU5kr6npM,102,4,7,0cbuyxcuclk,1,0
20261008,UCSes4X8uDrpc4X46hJKjejg,LoFU5kr6npM,102,26,7,1BqxSuKjxXE,1,0
20261008,UCSes4X8uDrpc4X46hJKjejg,LoFU5kr6npM,101,2,7,1XEYsCDtcj4,1,0
20261008,UCSes4X8uDrpc4X46hJKjejg,LoFU5kr6npM,103,10,7,3Yz2bydfBns,1,0
20261008,UCSes4X8uDrpc4X46hJKjejg,LoFU5kr6npM,104,5,7,4tLVWPFy15s,1,0
20261008,UCSes4X8uDrpc4X46hJKjejg,LoFU5kr6npM,101,9,7,5cmEznkoK9k,1,0
20261008,UCSes4X8uDrpc4X46hJKjejg,LoFU5kr6npM,101,2,7,67rgRTMdVwE,1,0
20261008,UCSes4X8uDrpc4X46hJKjejg,LoFU5kr6npM,101,9,7,6ljakZEWb0o,1,0
20261008,UCSes4X8uDrpc4X46hJKjejg,LoFU5kr6npM,102,1,7,6oDgpE492tA,1,0
20261008,UCSes4X8uDrpc4X46hJKjejg,LoFU5kr6npM,104,5,7,9spaK7XAmhk,2,0
20261008,UCSes4X8uDrpc4X46hJKjejg,LoFU5kr6npM,104,5,7,A2Xx_AcbBFs,2,0
20261008,UCSes4X8uDrpc4X46hJKjejg,LoFU5kr6npM,104,5,7,Ac9VrgsVEVE,1,0
20261008,UCSes4X8uDrpc4X46hJKjejg,LoFU5kr6npM,101,1,7,Ala5zZj2Zpo,1,0
20261008,UCSes4X8uDrpc4X46hJKjejg,LoFU5kr6npM,101,9,7,BAs3fi51LR8,1,0
20261008,UCSes4X8uDrpc4X46hJKjejg,LoFU5kr6npM,105,5,7,Bs9Hdn5STHM,1,0
20261008,UCSes4X8uDrpc4X46hJKjejg,LoFU5kr6npM,104,4,7,GDDkN_BFi-c,1,1
20261008,UCSes4X8uDrpc4X46hJKjejg,LoFU5kr6npM,104,4,7,KEDHB17pPQ4,1,0
20261008,UCSes4X8uDrpc4X46hJKjejg,LoFU5kr6npM,104,5,7,LQ90iDDBksA,1,0
20261008,UCSes4X8uDrpc4X46hJKjejg,LoFU5kr6npM,103,17,7,N42F_8RIGsc,1,0
20261008,UCSes4X8uDrpc4X46hJKjejg,LoFU5kr6npM,104,4,7,NNYpiw881IA,1,0
20261008,UCSes4X8uDrpc4X46hJKjejg,LoFU5kr6npM,104,5,7,NW-oOefaNzE,2,0
20261008,UCSes4X8uDrpc4X46hJKjejg,LoFU5kr6npM,101,2,7,NfZfaGd02yo,1,0
20261008,UCSes4X8uDrpc4X46hJKjejg,LoFU5kr6npM,104,5,7,NfZfaGd02yo,1,0
20261008,UCSes4X8uDrpc4X46hJKjejg,LoFU5kr6npM,104,4,7,OGOmzWG_ThE,1,0
20261008,UCSes4X8uDrpc4X46hJKjejg,LoFU5kr6npM,104,4,7,OY-pMjvAl78,1,0
20261008,UCSes4X8uDrpc4X46hJKjejg,LoFU5kr6npM,104,5,7,PPxCyfz-LaQ,1,0
20261008,UCSes4X8uDrpc4X46hJKjejg,LoFU5kr6npM,101,9,7,PVOl1jy_sPs,1,0
20261008,UCSes4X8uDrpc4X46hJKjejg,LoFU5kr6npM,104,5,7,QxRJJhv7dXg,2,0
20261008,UCSes4X8uDrpc4X46hJKjejg,LoFU5kr6npM,102,19,7,RKJoMHFlt8g,1,0
20261008,UCSes4X8uDrpc4X46hJKjejg,LoFU5kr6npM,104,5,7,SAJgJIQhPIw,1,0
20261008,UCSes4X8uDrpc4X46hJKjejg,LoFU5kr6npM,101,2,7,SSFh0ouG7IM,1,0
20261008,UCSes4X8uDrpc4X46hJKjejg,LoFU5kr6npM,104,4,7,T5M0HQoPUo4,1,0
20261008,UCSes4X8uDrpc4X46hJKjejg,LoFU5kr6npM,104,4,7,TFvowEw0b9E,1,0
20261008,UCSes4X8uDrpc4X46hJKjejg,LoFU5kr6npM,104,4,7,Voo03eeE9EM,1,0
20261008,UCSes4X8uDrpc4X46hJKjejg,LoFU5kr6npM,104,5,7,W2jFG-R--cQ,1,0
20261008,UCSes4X8uDrpc4X46hJKjejg,LoFU5kr6npM,101,2,7,XE6ImVSZ8AA,1,0
20261008,UCSes4X8uDrpc4X46hJKjejg,LoFU5kr6npM,104,4,7,ZYxC81zpCi0,1,0
20261008,UCSes4X8uDrpc4X46hJKjejg,LoFU5kr6npM,104,5,7,ZfTNUUTtmEI,1,0
20261008,UCSes4X8uDrpc4X46hJKjejg,LoFU5kr6npM,101,9,7,a6sYYrLTOjQ,1,0
20261008,UCSes4X8uDrpc4X46hJKjejg,LoFU5kr6npM,104,4,7,bK14uGRrRaU,1,0
20261008,UCSes4X8uDrpc4X46hJKjejg,LoFU5kr6npM,104,5,7,bV7tuPbWHjU,1,0
20261008,UCSes4X8uDrpc4X46hJKjejg,LoFU5kr6npM,101,9,7,ePopUJSbi9U,1,0
20261008,UCSes4X8uDrpc4X46hJKjejg,LoFU5kr6npM,104,5,7,g-yqryyT0d0,1,0
20261008,UCSes4X8uDrpc4X46hJKjejg,LoFU5kr6npM,101,2,7,i6WqLuEy5Ks,1,0
20261008,UCSes4X8uDrpc4X46hJKjejg,LoFU5kr6npM,101,2,7,j46sT8dctNs,1,0
20261008,UCSes4X8uDrpc4X46hJKjejg,LoFU5kr6npM,101,2,7,jPmGqKgVdoM,1,0
20261008,UCSes4X8uDrpc4X46hJKjejg,LoFU5kr6npM,104,5,7,jRr5EasAq84,1,0
20261008,UCSes4X8uDrpc4X46hJKjejg,LoFU5kr6npM,104,4,7,kKlAEOr4z6w,1,0
20261008,UCSes4X8uDrpc4X46hJKjejg,LoFU5kr6npM,101,2,7,kpl7nLrDbBU,1,0
20261008,UCSes4X8uDrpc4X46hJKjejg,LoFU5kr6npM,104,4,7,kt5LdOTDGHc,1,0
20261008,UCSes4X8uDrpc4X46hJKjejg,LoFU5kr6npM,102,26,7,oIshQt_ErI0,1,0
20261008,UCSes4X8uDrpc4X46hJKjejg,LoFU5kr6npM,104,5,7,pjKVsmSLqYY,2,0
20261008,UCSes4X8uDrpc4X46hJKjejg,LoFU5kr6npM,104,4,7,po8YrSQivoM,1,0
20261008,UCSes4X8uDrpc4X46hJKjejg,LoFU5kr6npM,104,5,7,qvqK3Y-Jn0g,1,0
20261008,UCSes4X8uDrpc4X46hJKjejg,LoFU5kr6npM,102,1,7,sPL-K2qY08I,1,0
20261008,UCSes4X8uDrpc4X46hJKjejg,LoFU5kr6npM,104,5,7,tPQ2DUJ6gCo,1,0
20261008,UCSes4X8uDrpc4X46hJKjejg,LoFU5kr6npM,104,5,7,tcOUJSLzgmI,2,0
20261008,UCSes4X8uDrpc4X46hJKjejg,LoFU5kr6npM,104,4,7,v4YnulGF_uE,1,0
20261008,UCSes4X8uDrpc4X46hJKjejg,LoFU5kr6npM,104,4,7,x-R16SdriCE,1,0
20261008,UCSes4X8uDrpc4X46hJKjejg,LoFU5kr6npM,101,2,7,yV4gG230J58,1,0
20261008,UCSes4X8uDrpc4X46hJKjejg,LoFU5kr6npM,104,5,7,yZLw4AWF4pg,1,0
20261008,UCSes4X8uDrpc4X46hJKjejg,LoFU5kr6npM,104,4,7,zSTBsGADmM0,1,0
20261008,UCSes4X8uDrpc4X46hJKjejg,LoFU5kr6npM,104,5,7,zyCb0wa8Twk,1,0
20261008,UCSes4X8uDrpc4X46hJKjejg,LoFU5kr6npM,101,2,14,PLX3ZLYz4-6vE2_ZNLW5AfzbHTd1jTskDl,1,0
20261008,UCSes4X8uDrpc4X46hJKjejg,LoFU5kr6npM,101,9,14,PLX3ZLYz4-6vE2_ZNLW5AfzbHTd1jTskDl,2,0
20261008,UCSes4X8uDrpc4X46hJKjejg,LoFU5kr6npM,104,4,14,PLX3ZLYz4-6vE2_ZNLW5AfzbHTd1jTskDl,12,0
20261008,UCSes4X8uDrpc4X46hJKjejg,LoFU5kr6npM,104,5,14,PLX3ZLYz4-6vE2_ZNLW5AfzbHTd1jTskDl,3,0
20261008,UCSes4X8uDrpc4X46hJKjejg,LoFU5kr6npM,101,9,18,unknown,3,0
20261008,UCSes4X8uDrpc4X46hJKjejg,LoFU5kr6npM,104,4,18,unknown,4,0
20261008,UCSes4X8uDrpc4X46hJKjejg,LoFU5kr6npM,104,5,18,unknown,3,0
20261008,UCSes4X8uDrpc4X46hJKjejg,Lq8OMS-KBsU,104,4,4,UCSes4X8uDrpc4X46hJKjejg,1,0
20261008,UCSes4X8uDrpc4X46hJKjejg,Lq8OMS-KBsU,101,9,5,unknown,1,0
20261008,UCSes4X8uDrpc4X46hJKjejg,Lq8OMS-KBsU,104,5,5,unknown,1,0
20261008,UCSes4X8uDrpc4X46hJKjejg,Lt2eMr5jf3E,104,4,3,what-to-watch,1,0
20261008,UCSes4X8uDrpc4X46hJKjejg,Lt2eMr5jf3E,102,26,5,unknown,1,0
20261008,UCSes4X8uDrpc4X46hJKjejg,LudSEYmD_Rs,101,2,5,unknown,1,0
20261008,UCSes4X8uDrpc4X46hJKjejg,LvRNv8u_1oo,101,2,3,what-to-watch,1,0
20261008,UCSes4X8uDrpc4X46hJKjejg,LvRNv8u_1oo,104,5,3,what-to-watch,1,0
20261008,UCSes4X8uDrpc4X46hJKjejg,LvRNv8u_1oo,101,2,4,UCSes4X8uDrpc4X46hJKjejg,1,0
20261008,UCSes4X8uDrpc4X46hJKjejg,LvRNv8u_1oo,101,9,5,unknown,1,0
20261008,UCSes4X8uDrpc4X46hJKjejg,LvRNv8u_1oo,104,5,7,U6fdQ_Pluh0,1,0
20261008,UCSes4X8uDrpc4X46hJKjejg,LvRNv8u_1oo,101,9,14,PLX3ZLYz4-6vE2_ZNLW5AfzbHTd1jTskDl,1,0
20261008,UCSes4X8uDrpc4X46hJKjejg,LysO6uGiUa0,104,5,5,unknown,4,0
20261008,UCSes4X8uDrpc4X46hJKjejg,LzBT_ftAo90,101,9,4,UCSes4X8uDrpc4X46hJKjejg,1,0
20261008,UCSes4X8uDrpc4X46hJKjejg,LzBT_ftAo90,104,4,4,UCSes4X8uDrpc4X46hJKjejg,1,0
20261008,UCSes4X8uDrpc4X46hJKjejg,LzBT_ftAo90,104,5,5,unknown,4,0
20261008,UCSes4X8uDrpc4X46hJKjejg,LzBT_ftAo90,101,30,18,unknown,2,0
20261008,UCSes4X8uDrpc4X46hJKjejg,LzBT_ftAo90,104,4,18,unknown,3,0
20261008,UCSes4X8uDrpc4X46hJKjejg,LzBT_ftAo90,104,5,18,unknown,3,0
20261008,UCSes4X8uDrpc4X46hJKjejg,M-M22Ac4CRE,101,1,3,what-to-watch,1,0
20261008,UCSes4X8uDrpc4X46hJKjejg,M-M22Ac4CRE,101,2,3,what-to-watch,7,0
20261008,UCSes4X8uDrpc4X46hJKjejg,M-M22Ac4CRE,101,9,3,what-to-watch,6,0
20261008,UCSes4X8uDrpc4X46hJKjejg,M-M22Ac4CRE,102,1,3,what-to-watch,2,0.5
20261008,UCSes4X8uDrpc4X46hJKjejg,M-M22Ac4CRE,102,12,3,what-to-watch,3,0
20261008,UCSes4X8uDrpc4X46hJKjejg,M-M22Ac4CRE,102,26,3,what-to-watch,1,0
20261008,UCSes4X8uDrpc4X46hJKjejg,M-M22Ac4CRE,104,4,3,what-to-watch,21,0.33333333333333331
20261008,UCSes4X8uDrpc4X46hJKjejg,M-M22Ac4CRE,104,5,3,what-to-watch,42,0.095238095238095233
20261008,UCSes4X8uDrpc4X46hJKjejg,M-M22Ac4CRE,105,5,3,what-to-watch,5,0.2
20261008,UCSes4X8uDrpc4X46hJKjejg,M-M22Ac4CRE,101,9,4,UCSes4X8uDrpc4X46hJKjejg,1,0
20261008,UCSes4X8uDrpc4X46hJKjejg,M-M22Ac4CRE,104,4,4,UCSes4X8uDrpc4X46hJKjejg,2,0
20261008,UCSes4X8uDrpc4X46hJKjejg,M-M22Ac4CRE,104,5,4,UCSes4X8uDrpc4X46hJKjejg,2,0
20261008,UCSes4X8uDrpc4X46hJKjejg,M-M22Ac4CRE,101,1,5,unknown,1,0
20261008,UCSes4X8uDrpc4X46hJKjejg,M-M22Ac4CRE,101,2,5,unknown,51,0.0196078431372549
20261008,UCSes4X8uDrpc4X46hJKjejg,M-M22Ac4CRE,101,9,5,unknown,21,0.047619047619047616
20261008,UCSes4X8uDrpc4X46hJKjejg,M-M22Ac4CRE,101,30,5,unknown,3,0
20261008,UCSes4X8uDrpc4X46hJKjejg,M-M22Ac4CRE,102,4,5,unknown,5,0.2
20261008,UCSes4X8uDrpc4X46hJKjejg,M-M22Ac4CRE,102,12,5,unknown,1,0
20261008,UCSes4X8uDrpc4X46hJKjejg,M-M22Ac4CRE,102,19,5,unknown,9,0.1111111111111111
20261008,UCSes4X8uDrpc4X46hJKjejg,M-M22Ac4CRE,102,21,5,unknown,1,0
20261008,UCSes4X8uDrpc4X46hJKjejg,M-M22Ac4CRE,102,26,5,unknown,2,0
20261008,UCSes4X8uDrpc4X46hJKjejg,M-M22Ac4CRE,102,29,5,unknown,3,0
20261008,UCSes4X8uDrpc4X46hJKjejg,M-M22Ac4CRE,102,31,5,unknown,1,0
20261008,UCSes4X8uDrpc4X46hJKjejg,M-M22Ac4CRE,103,10,5,unknown,4,0
20261008,UCSes4X8uDrpc4X46hJKjejg,M-M22Ac4CRE,103,17,5,unknown,3,0.33333333333333331
20261008,UCSes4X8uDrpc4X46hJKjejg,M-M22Ac4CRE,103,27,5,unknown,1,0
20261008,UCSes4X8uDrpc4X46hJKjejg,M-M22Ac4CRE,104,4,5,unknown,63,0.031746031746031744
20261008,UCSes4X8uDrpc4X46hJKjejg,M-M22Ac4CRE,104,5,5,unknown,98,0.091836734693877556
20261008,UCSes4X8uDrpc4X46hJKjejg,M-M22Ac4CRE,105,5,5,unknown,11,0
20261008,UCSes4X8uDrpc4X46hJKjejg,M1HloftCFBM,101,2,5,unknown,1,0
20261008,UCSes4X8uDrpc4X46hJKjejg,M1HloftCFBM,102,4,5,unknown,1,0
20261008,UCSes4X8uDrpc4X46hJKjejg,M1HloftCFBM,104,5,5,unknown,2,0.5
20261008,UCSes4X8uDrpc4X46hJKjejg,M66gbDu5x1g,102,19,3,what-to-watch,2,0
20261008,UCSes4X8uDrpc4X46hJKjejg,M66gbDu5x1g,102,26,3,what-to-watch,2,0
20261008,UCSes4X8uDrpc4X46hJKjejg,M66gbDu5x1g,101,2,4,UCSes4X8uDrpc4X46hJKjejg,1,0
20261008,UCSes4X8uDrpc4X46hJKjejg,M66gbDu5x1g,102,29,5,unknown,1,0
20261008,UCSes4X8uDrpc4X46hJKjejg,M66gbDu5x1g,104,5,5,unknown,1,0
20261008,UCSes4X8uDrpc4X46hJKjejg,M66gbDu5x1g,101,9,18,unknown,1,0
20261008,UCSes4X8uDrpc4X46hJKjejg,M6EKlkDnZRQ,101,9,5,unknown,1,0
20261008,UCSes4X8uDrpc4X46hJKjejg,M6EKlkDnZRQ,104,4,5,unknown,3,0
20261008,UCSes4X8uDrpc4X46hJKjejg,M6EKlkDnZRQ,104,5,5,unknown,1,1
20261008,UCSes4X8uDrpc4X46hJKjejg,M6PvfZYH31E,101,9,3,what-to-watch,1,0
20261008,UCSes4X8uDrpc4X46hJKjejg,M6PvfZYH31E,102,26,3,what-to-watch,1,0
20261008,UCSes4X8uDrpc4X46hJKjejg,M6PvfZYH31E,104,4,3,what-to-watch,2,0
20261008,UCSes4X8uDrpc4X46hJKjejg,M6PvfZYH31E,104,5,3,what-to-watch,4,0.25
20261008,UCSes4X8uDrpc4X46hJKjejg,M6PvfZYH31E,105,5,3,what-to-watch,1,0
20261008,UCSes4X8uDrpc4X46hJKjejg,M6PvfZYH31E,104,4,5,unknown,3,0
20261008,UCSes4X8uDrpc4X46hJKjejg,M6PvfZYH31E,104,5,5,unknown,1,0
20261008,UCSes4X8uDrpc4X46hJKjejg,M8xj0Mgg4mU,101,9,14,PLX3ZLYz4-6vE2_ZNLW5AfzbHTd1jTskDl,2,0
20261008,UCSes4X8uDrpc4X46hJKjejg,M8xj0Mgg4mU,101,9,18,unknown,3,0
20261008,UCSes4X8uDrpc4X46hJKjejg,M8xj0Mgg4mU,104,4,18,unknown,1,0
20261008,UCSes4X8uDrpc4X46hJKjejg,M9EVs0Ap9ys,105,5,5,unknown,1,0
20261008,UCSes4X8uDrpc4X46hJKjejg,MEHDJ9V-lIk,102,4,3,/my_subscriptions,1,0
20261008,UCSes4X8uDrpc4X46hJKjejg,MEHDJ9V-lIk,102,26,3,/my_subscriptions,5,0
20261008,UCSes4X8uDrpc4X46hJKjejg,MEHDJ9V-lIk,101,1,3,what-to-watch,3,0
20261008,UCSes4X8uDrpc4X46hJKjejg,MEHDJ9V-lIk,101,2,3,what-to-watch,134,0.014925373134328358
20261008,UCSes4X8uDrpc4X46hJKjejg,MEHDJ9V-lIk,101,9,3,what-to-watch,52,0.019230769230769232
20261008,UCSes4X8uDrpc4X46hJKjejg,MEHDJ9V-lIk,101,30,3,what-to-watch,9,0.1111111111111111
20261008,UCSes4X8uDrpc4X46hJKjejg,MEHDJ9V-lIk,102,1,3,what-to-watch,17,0.11764705882352941
20261008,UCSes4X8uDrpc4X46hJKjejg,MEHDJ9V-lIk,102,4,3,what-to-watch,61,0.016393442622950821
20261008,UCSes4X8uDrpc4X46hJKjejg,MEHDJ9V-lIk,102,12,3,what-to-watch,28,0.035714285714285712
20261008,UCSes4X8uDrpc4X46hJKjejg,MEHDJ9V-lIk,102,19,3,what-to-watch,59,0.016949152542372881
20261008,UCSes4X8uDrpc4X46hJKjejg,MEHDJ9V-lIk,102,21,3,what-to-watch,1,0
20261008,UCSes4X8uDrpc4X46hJKjejg,MEHDJ9V-lIk,102,26,3,what-to-watch,77,0.03896103896103896
20261008,UCSes4X8uDrpc4X46hJKjejg,MEHDJ9V-lIk,102,28,3,what-to-watch,7,0.14285714285714285
20261008,UCSes4X8uDrpc4X46hJKjejg,MEHDJ9V-lIk,102,29,3,what-to-watch,43,0.069767441860465115
20261008,UCSes4X8uDrpc4X46hJKjejg,MEHDJ9V-lIk,102,31,3,what-to-watch,3,0
20261008,UCSes4X8uDrpc4X46hJKjejg,MEHDJ9V-lIk,103,10,3,what-to-watch,26,0
20261008,UCSes4X8uDrpc4X46hJKjejg,MEHDJ9V-lIk,103,17,3,what-to-watch,9,0
20261008,UCSes4X8uDrpc4X46hJKjejg,MEHDJ9V-lIk,103,27,3,what-to-watch,2,0
20261008,UCSes4X8uDrpc4X46hJKjejg,MEHDJ9V-lIk,104,4,3,what-to-watch,124,0.032258064516129031
20261008,UCSes4X8uDrpc4X46hJKjejg,MEHDJ9V-lIk,104,5,3,what-to-watch,143,0.083916083916083919
20261008,UCSes4X8uDrpc4X46hJKjejg,MEHDJ9V-lIk,105,4,3,what-to-watch,1,0
20261008,UCSes4X8uDrpc4X46hJKjejg,MEHDJ9V-lIk,105,5,3,what-to-watch,52,0
20261008,UCSes4X8uDrpc4X46hJKjejg,MEHDJ9V-lIk,102,1,4,UCEZHE-0CoHqeL1LGFa2EmQw,6,0
20261008,UCSes4X8uDrpc4X46hJKjejg,MEHDJ9V-lIk,102,4,4,UCEZHE-0CoHqeL1LGFa2EmQw,19,0
20261008,UCSes4X8uDrpc4X46hJKjejg,MEHDJ9V-lIk,102,12,4,UCEZHE-0CoHqeL1LGFa2EmQw,6,0
20261008,UCSes4X8uDrpc4X46hJKjejg,MEHDJ9V-lIk,102,19,4,UCEZHE-0CoHqeL1LGFa2EmQw,23,0
20261008,UCSes4X8uDrpc4X46hJKjejg,MEHDJ9V-lIk,102,21,4,UCEZHE-0CoHqeL1LGFa2EmQw,2,0
20261008,UCSes4X8uDrpc4X46hJKjejg,MEHDJ9V-lIk,102,26,4,UCEZHE-0CoHqeL1LGFa2EmQw,27,0
20261008,UCSes4X8uDrpc4X46hJKjejg,MEHDJ9V-lIk,102,28,4,UCEZHE-0CoHqeL1LGFa2EmQw,6,0
20261008,UCSes4X8uDrpc4X46hJKjejg,MEHDJ9V-lIk,102,29,4,UCEZHE-0CoHqeL1LGFa2EmQw,13,0
20261008,UCSes4X8uDrpc4X46hJKjejg,MEHDJ9V-lIk,103,10,4,UCEZHE-0CoHqeL1LGFa2EmQw,16,0.0625
20261008,UCSes4X8uDrpc4X46hJKjejg,MEHDJ9V-lIk,103,17,4,UCEZHE-0CoHqeL1LGFa2EmQw,3,0
20261008,UCSes4X8uDrpc4X46hJKjejg,MEHDJ9V-lIk,103,27,4,UCEZHE-0CoHqeL1LGFa2EmQw,7,0
20261008,UCSes4X8uDrpc4X46hJKjejg,MEHDJ9V-lIk,104,4,4,UCEZHE-0CoHqeL1LGFa2EmQw,13,0
20261008,UCSes4X8uDrpc4X46hJKjejg,MEHDJ9V-lIk,104,5,4,UCEZHE-0CoHqeL1LGFa2EmQw,9,0
20261008,UCSes4X8uDrpc4X46hJKjejg,MEHDJ9V-lIk,105,5,4,UCEZHE-0CoHqeL1LGFa2EmQw,1,0
20261008,UCSes4X8uDrpc4X46hJKjejg,MEHDJ9V-lIk,101,2,4,UCSes4X8uDrpc4X46hJKjejg,1,0
20261008,UCSes4X8uDrpc4X46hJKjejg,MEHDJ9V-lIk,101,9,4,UCSes4X8uDrpc4X46hJKjejg,1,0
20261008,UCSes4X8uDrpc4X46hJKjejg,MEHDJ9V-lIk,102,12,4,UCSes4X8uDrpc4X46hJKjejg,1,0
20261008,UCSes4X8uDrpc4X46hJKjejg,MEHDJ9V-lIk,102,19,4,UCSes4X8uDrpc4X46hJKjejg,1,0
20261008,UCSes4X8uDrpc4X46hJKjejg,MEHDJ9V-lIk,104,5,4,UCSes4X8uDrpc4X46hJKjejg,4,0
20261008,UCSes4X8uDrpc4X46hJKjejg,MEHDJ9V-lIk,101,2,5,unknown,12,0.083333333333333329
20261008,UCSes4X8uDrpc4X46hJKjejg,MEHDJ9V-lIk,101,9,5,unknown,4,0
20261008,UCSes4X8uDrpc4X46hJKjejg,MEHDJ9V-lIk,101,30,5,unknown,2,0
20261008,UCSes4X8uDrpc4X46hJKjejg,MEHDJ9V-lIk,102,4,5,unknown,9,0.1111111111111111
20261008,UCSes4X8uDrpc4X46hJKjejg,MEHDJ9V-lIk,102,12,5,unknown,3,0
20261008,UCSes4X8uDrpc4X46hJKjejg,MEHDJ9V-lIk,102,19,5,unknown,8,0
20261008,UCSes4X8uDrpc4X46hJKjejg,MEHDJ9V-lIk,102,26,5,unknown,3,0
20261008,UCSes4X8uDrpc4X46hJKjejg,MEHDJ9V-lIk,102,28,5,unknown,5,0.2
20261008,UCSes4X8uDrpc4X46hJKjejg,MEHDJ9V-lIk,102,29,5,unknown,3,0
20261008,UCSes4X8uDrpc4X46hJKjejg,MEHDJ9V-lIk,102,31,5,unknown,4,0
20261008,UCSes4X8uDrpc4X46hJKjejg,MEHDJ9V-lIk,103,10,5,unknown,9,0
20261008,UCSes4X8uDrpc4X46hJKjejg,MEHDJ9V-lIk,104,4,5,unknown,17,0.11764705882352941
20261008,UCSes4X8uDrpc4X46hJKjejg,MEHDJ9V-lIk,104,5,5,unknown,57,0.15789473684210525
20261008,UCSes4X8uDrpc4X46hJKjejg,MEHDJ9V-lIk,105,5,5,unknown,6,0.16666666666666666
20261008,UCSes4X8uDrpc4X46hJKjejg,MEHDJ9V-lIk,101,2,7,-2vJfDVIBNI,1,0
20261008,UCSes4X8uDrpc4X46hJKjejg,MEHDJ9V-lIk,104,4,7,-CjQjOd2JEA,1,0
20261008,UCSes4X8uDrpc4X46hJKjejg,MEHDJ9V-lIk,104,4,7,-EToat9D7Fc,2,0
20261008,UCSes4X8uDrpc4X46hJKjejg,MEHDJ9V-lIk,101,9,7,-I9TbnwEmAw,1,0
20261008,UCSes4X8uDrpc4X46hJKjejg,MEHDJ9V-lIk,104,5,7,-Q-KO1VBJAY,1,0
20261008,UCSes4X8uDrpc4X46hJKjejg,MEHDJ9V-lIk,104,5,7,-V2xgnPUqx8,1,0
20261008,UCSes4X8uDrpc4X46hJKjejg,MEHDJ9V-lIk,104,4,7,-VhV0nj7KSY,1,0
20261008,UCSes4X8uDrpc4X46hJKjejg,MEHDJ9V-lIk,101,2,7,-kdIjskewek,1,0
20261008,UCSes4X8uDrpc4X46hJKjejg,MEHDJ9V-lIk,104,5,7,-md3yo1_oAs,1,0
20261008,UCSes4X8uDrpc4X46hJKjejg,MEHDJ9V-lIk,104,5,7,-mt8aNy1M00,1,0
20261008,UCSes4X8uDrpc4X46hJKjejg,MEHDJ9V-lIk,104,5,7,-xKgb35sSOE,1,0
20261008,UCSes4X8uDrpc4X46hJKjejg,MEHDJ9V-lIk,101,2,7,-zp0ik3Qyn0,2,0
20261008,UCSes4X8uDrpc4X46hJKjejg,MEHDJ9V-lIk,104,4,7,00D5Ccu72J4,1,0
20261008,UCSes4X8uDrpc4X46hJKjejg,MEHDJ9V-lIk,104,5,7,00D5Ccu72J4,1,0
20261008,UCSes4X8uDrpc4X46hJKjejg,MEHDJ9V-lIk,104,5,7,01bztQa25Gw,1,0
20261008,UCSes4X8uDrpc4X46hJKjejg,MEHDJ9V-lIk,104,4,7,069Fw0ShCLw,2,0
20261008,UCSes4X8uDrpc4X46hJKjejg,MEHDJ9V-lIk,104,5,7,08TrB33c1LU,1,0
20261008,UCSes4X8uDrpc4X46hJKjejg,MEHDJ9V-lIk,104,5,7,09nprEyySrA,1,0
20261008,UCSes4X8uDrpc4X46hJKjejg,MEHDJ9V-lIk,104,4,7,0A0ZC94-XlE,1,0
20261008,UCSes4X8uDrpc4X46hJKjejg,MEHDJ9V-lIk,102,29,7,0B-2mOUZ9oY,3,0
20261008,UCSes4X8uDrpc4X46hJKjejg,MEHDJ9V-lIk,104,4,7,0B-2mOUZ9oY,1,0
20261008,UCSes4X8uDrpc4X46hJKjejg,MEHDJ9V-lIk,104,5,7,0B-2mOUZ9oY,1,0
20261008,UCSes4X8uDrpc4X46hJKjejg,MEHDJ9V-lIk,104,5,7,0BgGD4wxPH4,1,0
20261008,UCSes4X8uDrpc4X46hJKjejg,MEHDJ9V-lIk,101,2,7,0MDGKs6lc08,1,0
20261008,UCSes4X8uDrpc4X46hJKjejg,MEHDJ9V-lIk,104,5,7,0UHG69F_1A4,1,0
20261008,UCSes4X8uDrpc4X46hJKjejg,MEHDJ9V-lIk,104,4,7,0XkG5FJbSNo,1,0
20261008,UCSes4X8uDrpc4X46hJKjejg,MEHDJ9V-lIk,104,5,7,0cbuyxcuclk,2,0
20261008,UCSes4X8uDrpc4X46hJKjejg,MEHDJ9V-lIk,101,2,7,0hqeHre6QLA,2,0
20261008,UCSes4X8uDrpc4X46hJKjejg,MEHDJ9V-lIk,104,5,7,0iAe1q8tzjQ,1,0
20261008,UCSes4X8uDrpc4X46hJKjejg,MEHDJ9V-lIk,102,12,7,0mwJKNDYWv4,1,0
20261008,UCSes4X8uDrpc4X46hJKjejg,MEHDJ9V-lIk,104,4,7,0vBe-15DdLI,1,0
20261008,UCSes4X8uDrpc4X46hJKjejg,MEHDJ9V-lIk,104,4,7,110KtZrNZtE,1,0
20261008,UCSes4X8uDrpc4X46hJKjejg,MEHDJ9V-lIk,101,9,7,15Gejy-Xxgs,1,0
20261008,UCSes4X8uDrpc4X46hJKjejg,MEHDJ9V-lIk,104,4,7,17KIKjYaDh4,1,0
20261008,UCSes4X8uDrpc4X46hJKjejg,MEHDJ9V-lIk,103,10,7,1Dp4RP3d4B0,1,0
20261008,UCSes4X8uDrpc4X46hJKjejg,MEHDJ9V-lIk,101,9,7,1GrxqpLrEJQ,2,0
20261008,UCSes4X8uDrpc4X46hJKjejg,MEHDJ9V-lIk,104,5,7,1Me2lNsCN1M,1,0
20261008,UCSes4X8uDrpc4X46hJKjejg,MEHDJ9V-lIk,101,2,7,1XxVj5uEeAE,1,0
20261008,UCSes4X8uDrpc4X46hJKjejg,MEHDJ9V-lIk,104,5,7,1_rDCOcFw5c,2,0
20261008,UCSes4X8uDrpc4X46hJKjejg,MEHDJ9V-lIk,104,5,7,1bMukVp2jxQ,1,0
20261008,UCSes4X8uDrpc4X46hJKjejg,MEHDJ9V-lIk,104,5,7,1cnj-8LiMDI,1,0
20261008,UCSes4X8uDrpc4X46hJKjejg,MEHDJ9V-lIk,101,2,7,1sk670GyxtQ,1,0
20261008,UCSes4X8uDrpc4X46hJKjejg,MEHDJ9V-lIk,104,5,7,1ss9Lcp5_FE,1,0
20261008,UCSes4X8uDrpc4X46hJKjejg,MEHDJ9V-lIk,104,5,7,1tbEvm8HreQ,1,0
20261008,UCSes4X8uDrpc4X46hJKjejg,MEHDJ9V-lIk,104,4,7,28nnRi9L9RI,1,0
20261008,UCSes4X8uDrpc4X46hJKjejg,MEHDJ9V-lIk,104,4,7,2EumqMphSbw,1,0
20261008,UCSes4X8uDrpc4X46hJKjejg,MEHDJ9V-lIk,104,5,7,2IEv_z26dz8,1,0
20261008,UCSes4X8uDrpc4X46hJKjejg,MEHDJ9V-lIk,104,5,7,2QZeI0Xhwg8,2,0
20261008,UCSes4X8uDrpc4X46hJKjejg,MEHDJ9V-lIk,104,4,7,2S_c2bPJD0I,1,0
20261008,UCSes4X8uDrpc4X46hJKjejg,MEHDJ9V-lIk,104,4,7,2awLpQqNFPc,1,1
20261008,UCSes4X8uDrpc4X46hJKjejg,MEHDJ9V-lIk,104,4,7,2b7XnTcNlV4,1,0
20261008,UCSes4X8uDrpc4X46hJKjejg,MEHDJ9V-lIk,104,5,7,2cHrXR29dmQ,1,0
20261008,UCSes4X8uDrpc4X46hJKjejg,MEHDJ9V-lIk,104,5,7,2eqNYzKYKVc,2,0
20261008,UCSes4X8uDrpc4X46hJKjejg,MEHDJ9V-lIk,105,5,7,2eqNYzKYKVc,1,0
20261008,UCSes4X8uDrpc4X46hJKjejg,MEHDJ9V-lIk,101,2,7,2iB-QfDJBkI,1,0
20261008,UCSes4X8uDrpc4X46hJKjejg,MEHDJ9V-lIk,104,5,7,2mJX3ET6-7Q,1,0
20261008,UCSes4X8uDrpc4X46hJKjejg,MEHDJ9V-lIk,101,9,7,2n5LJUyMtAk,1,0
20261008,UCSes4X8uDrpc4X46hJKjejg,MEHDJ9V-lIk,101,9,7,2ptC9UaqE0s,1,0
20261008,UCSes4X8uDrpc4X46hJKjejg,MEHDJ9V-lIk,101,2,7,2woysT_zzPE,1,0
20261008,UCSes4X8uDrpc4X46hJKjejg,MEHDJ9V-lIk,105,5,7,324Tjbekhs8,1,0
20261008,UCSes4X8uDrpc4X46hJKjejg,MEHDJ9V-lIk,104,4,7,3B7y3uqAntg,1,0
20261008,UCSes4X8uDrpc4X46hJKjejg,MEHDJ9V-lIk,104,5,7,3BiwV0ZPGBs,1,0
20261008,UCSes4X8uDrpc4X46hJKjejg,MEHDJ9V-lIk,104,5,7,3C-Ipy6xn5k,1,0
20261008,UCSes4X8uDrpc4X46hJKjejg,MEHDJ9V-lIk,104,5,7,3JyDldEUkmI,1,0
20261008,UCSes4X8uDrpc4X46hJKjejg,MEHDJ9V-lIk,102,4,7,3XALaSzkUro,1,0
20261008,UCSes4X8uDrpc4X46hJKjejg,MEHDJ9V-lIk,101,2,7,3YA_h9VB9w4,1,0
20261008,UCSes4X8uDrpc4X46hJKjejg,MEHDJ9V-lIk,104,4,7,3d61_PC6UTM,1,0
20261008,UCSes4X8uDrpc4X46hJKjejg,MEHDJ9V-lIk,104,5,7,3huDI-udFQA,1,0
20261008,UCSes4X8uDrpc4X46hJKjejg,MEHDJ9V-lIk,104,4,7,3pstBDNDMDA,1,0
20261008,UCSes4X8uDrpc4X46hJKjejg,MEHDJ9V-lIk,104,5,7,3pstBDNDMDA,1,0
20261008,UCSes4X8uDrpc4X46hJKjejg,MEHDJ9V-lIk,104,4,7,3q5sRcL5lNs,1,0
20261008,UCSes4X8uDrpc4X46hJKjejg,MEHDJ9V-lIk,104,4,7,3tz28iM2CZQ,1,0
20261008,UCSes4X8uDrpc4X46hJKjejg,MEHDJ9V-lIk,104,5,7,3uiB7Qf9Flg,2,0
20261008,UCSes4X8uDrpc4X46hJKjejg,MEHDJ9V-lIk,104,4,7,3wiIczhRnQ8,1,0
20261008,UCSes4X8uDrpc4X46hJKjejg,MEHDJ9V-lIk,104,4,7,41cYkkZd-pI,1,0
20261008,UCSes4X8uDrpc4X46hJKjejg,MEHDJ9V-lIk,105,5,7,43H1nodLnYg,1,0
20261008,UCSes4X8uDrpc4X46hJKjejg,MEHDJ9V-lIk,101,2,7,45LWtvWBwW0,1,0
20261008,UCSes4X8uDrpc4X46hJKjejg,MEHDJ9V-lIk,105,5,7,4El92SXjJNQ,1,0
20261008,UCSes4X8uDrpc4X46hJKjejg,MEHDJ9V-lIk,104,4,7,4JvZsoDfLkc,1,0
20261008,UCSes4X8uDrpc4X46hJKjejg,MEHDJ9V-lIk,104,5,7,4R19jEMg6fE,1,0
20261008,UCSes4X8uDrpc4X46hJKjejg,MEHDJ9V-lIk,104,4,7,4_5bhuBl6lk,1,0
20261008,UCSes4X8uDrpc4X46hJKjejg,MEHDJ9V-lIk,104,5,7,4eCv1gvlh0o,1,0
20261008,UCSes4X8uDrpc4X46hJKjejg,MEHDJ9V-lIk,101,9,7,4lSJuB3skuk,1,0
20261008,UCSes4X8uDrpc4X46hJKjejg,MEHDJ9V-lIk,104,5,7,4lcbqaOn5Xk,1,0
20261008,UCSes4X8uDrpc4X46hJKjejg,MEHDJ9V-lIk,104,4,7,4rYhkP1GYMM,1,0
20261008,UCSes4X8uDrpc4X46hJKjejg,MEHDJ9V-lIk,104,5,7,4rg2sB6ELtk,1,0
20261008,UCSes4X8uDrpc4X46hJKjejg,MEHDJ9V-lIk,101,2,7,4vvDvYpLPnE,1,0
20261008,UCSes4X8uDrpc4X46hJKjejg,MEHDJ9V-lIk,101,9,7,4x5XeJo_blw,1,0
20261008,UCSes4X8uDrpc4X46hJKjejg,MEHDJ9V-lIk,102,4,7,4xNfO5gH0M0,1,0
20261008,UCSes4X8uDrpc4X46hJKjejg,MEHDJ9V-lIk,104,5,7,4znhpkAP40k,1,0
20261008,UCSes4X8uDrpc4X46hJKjejg,MEHDJ9V-lIk,104,4,7,54WFAv4tg0U,1,0
20261008,UCSes4X8uDrpc4X46hJKjejg,MEHDJ9V-lIk,101,2,7,5DVaGRmXIU8,1,0
20261008,UCSes4X8uDrpc4X46hJKjejg,MEHDJ9V-lIk,101,2,7,5EmtxvqyQdY,1,0
20261008,UCSes4X8uDrpc4X46hJKjejg,MEHDJ9V-lIk,102,26,7,5JqoaR4QBYE,1,0
20261008,UCSes4X8uDrpc4X46hJKjejg,MEHDJ9V-lIk,104,5,7,5KmpT-BoVf4,1,0
20261008,UCSes4X8uDrpc4X46hJKjejg,MEHDJ9V-lIk,104,4,7,5L21JEB75fc,1,0
20261008,UCSes4X8uDrpc4X46hJKjejg,MEHDJ9V-lIk,101,2,7,5LEl411RcFs,1,0
20261008,UCSes4X8uDrpc4X46hJKjejg,MEHDJ9V-lIk,104,5,7,5MudDFutLmk,1,0
20261008,UCSes4X8uDrpc4X46hJKjejg,MEHDJ9V-lIk,101,2,7,5Q_GZ4ukDw0,1,0
20261008,UCSes4X8uDrpc4X46hJKjejg,MEHDJ9V-lIk,104,5,7,5RUQhu7xRsg,1,0
20261008,UCSes4X8uDrpc4X46hJKjejg,MEHDJ9V-lIk,104,4,7,5RnuKa0iPqw,1,0
20261008,UCSes4X8uDrpc4X46hJKjejg,MEHDJ9V-lIk,104,4,7,5TEPxgVe18E,2,0.5
20261008,UCSes4X8uDrpc4X46hJKjejg,MEHDJ9V-lIk,104,4,7,5Vl7Ph_hNAk,1,0
20261008,UCSes4X8uDrpc4X46hJKjejg,MEHDJ9V-lIk,101,2,7,5XcCj-TDXnE,1,0
20261008,UCSes4X8uDrpc4X46hJKjejg,MEHDJ9V-lIk,101,2,7,5cmEznkoK9k,1,0
20261008,UCSes4X8uDrpc4X46hJKjejg,MEHDJ9V-lIk,101,9,7,5gHzi6r5TbE,2,0
20261008,UCSes4X8uDrpc4X46hJKjejg,MEHDJ9V-lIk,101,30,7,5gHzi6r5TbE,1,0
20261008,UCSes4X8uDrpc4X46hJKjejg,MEHDJ9V-lIk,104,4,7,5gHzi6r5TbE,2,0
20261008,UCSes4X8uDrpc4X46hJKjejg,MEHDJ9V-lIk,104,5,7,5gHzi6r5TbE,1,0
20261008,UCSes4X8uDrpc4X46hJKjejg,MEHDJ9V-lIk,101,2,7,5kAP4T23FsY,1,0
20261008,UCSes4X8uDrpc4X46hJKjejg,MEHDJ9V-lIk,104,5,7,5l-XJ7WJfUI,1,0
20261008,UCSes4X8uDrpc4X46hJKjejg,MEHDJ9V-lIk,104,5,7,5s7T8bU8xHI,1,0
20261008,UCSes4X8uDrpc4X46hJKjejg,MEHDJ9V-lIk,101,2,7,5tzhaoGJiQI,1,0
20261008,UCSes4X8uDrpc4X46hJKjejg,MEHDJ9V-lIk,102,28,7,61-J-ihcRrE,1,0
20261008,UCSes4X8uDrpc4X46hJKjejg,MEHDJ9V-lIk,104,5,7,61-J-ihcRrE,1,0
20261008,UCSes4X8uDrpc4X46hJKjejg,MEHDJ9V-lIk,104,5,7,64L40we54Jw,2,0
20261008,UCSes4X8uDrpc4X46hJKjejg,MEHDJ9V-lIk,104,4,7,64ZE7Jz_Sug,1,0
20261008,UCSes4X8uDrpc4X46hJKjejg,MEHDJ9V-lIk,101,2,7,68aej2qmCtw,1,0
20261008,UCSes4X8uDrpc4X46hJKjejg,MEHDJ9V-lIk,101,2,7,6A-7bkFFFVE,1,0
20261008,UCSes4X8uDrpc4X46hJKjejg,MEHDJ9V-lIk,101,2,7,6AyUQ7OAG2c,1,0
20261008,UCSes4X8uDrpc4X46hJKjejg,MEHDJ9V-lIk,101,9,7,6E_fM1gPQhg,1,0
20261008,UCSes4X8uDrpc4X46hJKjejg,MEHDJ9V-lIk,101,9,7,6IQWlKeIbRs,1,0
20261008,UCSes4X8uDrpc4X46hJKjejg,MEHDJ9V-lIk,102,26,7,6OenUZk05OA,1,0
20261008,UCSes4X8uDrpc4X46hJKjejg,MEHDJ9V-lIk,104,4,7,6TPdz_MzokM,1,0
20261008,UCSes4X8uDrpc4X46hJKjejg,MEHDJ9V-lIk,104,5,7,6UBoimUJc60,1,0
20261008,UCSes4X8uDrpc4X46hJKjejg,MEHDJ9V-lIk,105,5,7,6Ucl7dIqmnQ,1,0
20261008,UCSes4X8uDrpc4X46hJKjejg,MEHDJ9V-lIk,104,5,7,6WtgAA4D5y8,1,0
20261008,UCSes4X8uDrpc4X46hJKjejg,MEHDJ9V-lIk,105,5,7,6Y47AZjX4wg,1,0
20261008,UCSes4X8uDrpc4X46hJKjejg,MEHDJ9V-lIk,104,5,7,6ZBwb-kj_Q8,3,0
20261008,UCSes4X8uDrpc4X46hJKjejg,MEHDJ9V-lIk,101,2,7,6bElH6dlzYU,1,0
20261008,UCSes4X8uDrpc4X46hJKjejg,MEHDJ9V-lIk,105,5,7,6d7nip_50ns,1,1
20261008,UCSes4X8uDrpc4X46hJKjejg,MEHDJ9V-lIk,101,9,7,6g2B5zlzKDY,1,0
20261008,UCSes4X8uDrpc4X46hJKjejg,MEHDJ9V-lIk,101,2,7,6pKZW0ocGDc,2,0
20261008,UCSes4X8uDrpc4X46hJKjejg,MEHDJ9V-lIk,102,12,7,6pKZW0ocGDc,1,1
20261008,UCSes4X8uDrpc4X46hJKjejg,MEHDJ9V-lIk,103,10,7,6pKZW0ocGDc,1,0
20261008,UCSes4X8uDrpc4X46hJKjejg,MEHDJ9V-lIk,104,5,7,6pKZW0ocGDc,1,0
20261008,UCSes4X8uDrpc4X46hJKjejg,MEHDJ9V-lIk,101,2,7,6z-qxm8xG70,1,0
20261008,UCSes4X8uDrpc4X46hJKjejg,MEHDJ9V-lIk,104,4,7,7-zcNXog-5Y,1,0
20261008,UCSes4X8uDrpc4X46hJKjejg,MEHDJ9V-lIk,102,1,7,7Beh7FJpYpY,1,0
20261008,UCSes4X8uDrpc4X46hJKjejg,MEHDJ9V-lIk,104,4,7,7Dx8QsDs_0o,1,0
20261008,UCSes4X8uDrpc4X46hJKjejg,MEHDJ9V-lIk,104,5,7,7Tjbk6NsCew,1,0
20261008,UCSes4X8uDrpc4X46hJKjejg,MEHDJ9V-lIk,101,9,7,7eh0gkgSta8,1,0
20261008,UCSes4X8uDrpc4X46hJKjejg,MEHDJ9V-lIk,102,4,7,7go9f66uV-g,1,0
20261008,UCSes4X8uDrpc4X46hJKjejg,MEHDJ9V-lIk,104,4,7,7q8Gu4amvl4,1,0
20261008,UCSes4X8uDrpc4X46hJKjejg,MEHDJ9V-lIk,104,5,7,7qjWUhcK7eg,2,0
20261008,UCSes4X8uDrpc4X46hJKjejg,MEHDJ9V-lIk,104,5,7,7xbZzdiOXQY,1,0
20261008,UCSes4X8uDrpc4X46hJKjejg,MEHDJ9V-lIk,101,9,7,7y2KsU_dhwI,1,0
20261008,UCSes4X8uDrpc4X46hJKjejg,MEHDJ9V-lIk,101,2,7,7yhO4RNc96M,1,0
20261008,UCSes4X8uDrpc4X46hJKjejg,MEHDJ9V-lIk,101,2,7,82Qt3FM88cs,1,0
20261008,UCSes4X8uDrpc4X46hJKjejg,MEHDJ9V-lIk,104,4,7,87nLf4FOe5M,1,0
20261008,UCSes4X8uDrpc4X46hJKjejg,MEHDJ9V-lIk,101,2,7,88dSK8-n9Ac,1,0
20261008,UCSes4X8uDrpc4X46hJKjejg,MEHDJ9V-lIk,104,4,7,89SLcBF1yW8,1,0
20261008,UCSes4X8uDrpc4X46hJKjejg,MEHDJ9V-lIk,104,4,7,8BBUqWQ-ooQ,2,0
20261008,UCSes4X8uDrpc4X46hJKjejg,MEHDJ9V-lIk,101,2,7,8EXxbP9yh-Y,1,0
20261008,UCSes4X8uDrpc4X46hJKjejg,MEHDJ9V-lIk,104,5,7,8GhIgLfAw3w,1,0
20261008,UCSes4X8uDrpc4X46hJKjejg,MEHDJ9V-lIk,104,4,7,8MFoFAfzZvo,1,0
20261008,UCSes4X8uDrpc4X46hJKjejg,MEHDJ9V-lIk,101,2,7,8N60nPCzo0w,1,0
20261008,UCSes4X8uDrpc4X46hJKjejg,MEHDJ9V-lIk,101,2,7,8Qby_e6bkR4,2,0
20261008,UCSes4X8uDrpc4X46hJKjejg,MEHDJ9V-lIk,101,2,7,8UeTpAb8Ztw,1,0
20261008,UCSes4X8uDrpc4X46hJKjejg,MEHDJ9V-lIk,104,5,7,8XRmtsd_CkE,1,0
20261008,UCSes4X8uDrpc4X46hJKjejg,MEHDJ9V-lIk,104,4,7,8t8YBu7bdT0,2,0
20261008,UCSes4X8uDrpc4X46hJKjejg,MEHDJ9V-lIk,104,5,7,9-5UhvOHsGQ,2,0
20261008,UCSes4X8uDrpc4X46hJKjejg,MEHDJ9V-lIk,104,4,7,93ikZZbMsFo,1,0
20261008,UCSes4X8uDrpc4X46hJKjejg,MEHDJ9V-lIk,101,9,7,97JC96A331o,1,0
20261008,UCSes4X8uDrpc4X46hJKjejg,MEHDJ9V-lIk,104,4,7,9HoGVp9H_6E,1,0
20261008,UCSes4X8uDrpc4X46hJKjejg,MEHDJ9V-lIk,101,9,7,9PAW2eupcx4,2,0
20261008,UCSes4X8uDrpc4X46hJKjejg,MEHDJ9V-lIk,105,5,7,9X6CxZEYiPI,1,0
20261008,UCSes4X8uDrpc4X46hJKjejg,MEHDJ9V-lIk,104,4,7,9ZC8dXOrHxc,1,0
20261008,UCSes4X8uDrpc4X46hJKjejg,MEHDJ9V-lIk,104,4,7,9aRUkC3h34Q,2,0
20261008,UCSes4X8uDrpc4X46hJKjejg,MEHDJ9V-lIk,104,5,7,9cynArpc03g,1,0
20261008,UCSes4X8uDrpc4X46hJKjejg,MEHDJ9V-lIk,104,5,7,9gHlw8z-s1w,1,0
20261008,UCSes4X8uDrpc4X46hJKjejg,MEHDJ9V-lIk,102,19,7,9goWx1aF5RI,1,0
20261008,UCSes4X8uDrpc4X46hJKjejg,MEHDJ9V-lIk,101,2,7,9nkqvazoFWU,1,0
20261008,UCSes4X8uDrpc4X46hJKjejg,MEHDJ9V-lIk,104,4,7,9q61biaPZHM,1,0
20261008,UCSes4X8uDrpc4X46hJKjejg,MEHDJ9V-lIk,101,9,7,9wG0Dnvk_iI,1,0
20261008,UCSes4X8uDrpc4X46hJKjejg,MEHDJ9V-lIk,104,5,7,A5wm-bY24o4,1,0
20261008,UCSes4X8uDrpc4X46hJKjejg,MEHDJ9V-lIk,104,5,7,AGCxuN5ORMA,2,0
20261008,UCSes4X8uDrpc4X46hJKjejg,MEHDJ9V-lIk,104,5,7,AKrJmHtyfS4,1,0
20261008,UCSes4X8uDrpc4X46hJKjejg,MEHDJ9V-lIk,104,5,7,ANvcIveiJXk,1,1
20261008,UCSes4X8uDrpc4X46hJKjejg,MEHDJ9V-lIk,104,4,7,AajtlUXyvSQ,1,1
20261008,UCSes4X8uDrpc4X46hJKjejg,MEHDJ9V-lIk,101,2,7,Ac9VrgsVEVE,1,0
20261008,UCSes4X8uDrpc4X46hJKjejg,MEHDJ9V-lIk,101,9,7,Ac9VrgsVEVE,1,0
20261008,UCSes4X8uDrpc4X46hJKjejg,MEHDJ9V-lIk,102,29,7,Ac9VrgsVEVE,1,0
20261008,UCSes4X8uDrpc4X46hJKjejg,MEHDJ9V-lIk,104,4,7,Ac9VrgsVEVE,4,0
20261008,UCSes4X8uDrpc4X46hJKjejg,MEHDJ9V-lIk,104,5,7,Ac9VrgsVEVE,2,0
20261008,UCSes4X8uDrpc4X46hJKjejg,MEHDJ9V-lIk,101,2,7,AeGXYpcqnwA,1,0
20261008,UCSes4X8uDrpc4X46hJKjejg,MEHDJ9V-lIk,104,5,7,AeuI70s5jHA,1,0
20261008,UCSes4X8uDrpc4X46hJKjejg,MEHDJ9V-lIk,104,5,7,Af8B1M7jFqI,1,0
20261008,UCSes4X8uDrpc4X46hJKjejg,MEHDJ9V-lIk,104,5,7,Ajof7mUu_nE,1,0
20261008,UCSes4X8uDrpc4X46hJKjejg,MEHDJ9V-lIk,101,1,7,Ala5zZj2Zpo,1,0
20261008,UCSes4X8uDrpc4X46hJKjejg,MEHDJ9V-lIk,104,5,7,AqNfBhRszvI,1,0
20261008,UCSes4X8uDrpc4X46hJKjejg,MEHDJ9V-lIk,102,29,7,Aqi9zT9WVgk,1,0
20261008,UCSes4X8uDrpc4X46hJKjejg,MEHDJ9V-lIk,101,2,7,AuwhFdGFFGQ,1,0
20261008,UCSes4X8uDrpc4X46hJKjejg,MEHDJ9V-lIk,104,5,7,AzNV6snJyrk,1,1
20261008,UCSes4X8uDrpc4X46hJKjejg,MEHDJ9V-lIk,105,5,7,B-jNJJvlUeA,1,0
20261008,UCSes4X8uDrpc4X46hJKjejg,MEHDJ9V-lIk,101,9,7,B1TbR7KHVvY,2,0
20261008,UCSes4X8uDrpc4X46hJKjejg,MEHDJ9V-lIk,104,5,7,B6PJ3POnY2A,1,0
20261008,UCSes4X8uDrpc4X46hJKjejg,MEHDJ9V-lIk,101,9,7,BAsyKFW-EZ4,1,0
20261008,UCSes4X8uDrpc4X46hJKjejg,MEHDJ9V-lIk,101,9,7,BCANv_qf178,1,0
20261008,UCSes4X8uDrpc4X46hJKjejg,MEHDJ9V-lIk,101,2,7,BCuAq2rfjHU,2,0
20261008,UCSes4X8uDrpc4X46hJKjejg,MEHDJ9V-lIk,101,9,7,BCuAq2rfjHU,1,0
20261008,UCSes4X8uDrpc4X46hJKjejg,MEHDJ9V-lIk,101,2,7,BF4I78XMvf4,1,0
20261008,UCSes4X8uDrpc4X46hJKjejg,MEHDJ9V-lIk,101,9,7,BNgsX2_rwOA,1,0
20261008,UCSes4X8uDrpc4X46hJKjejg,MEHDJ9V-lIk,104,4,7,BPCD6T4kHis,1,0
20261008,UCSes4X8uDrpc4X46hJKjejg,MEHDJ9V-lIk,101,2,7,BS644BOsfWI,1,0
20261008,UCSes4X8uDrpc4X46hJKjejg,MEHDJ9V-lIk,104,4,7,BcIpTrvuQBo,1,0
20261008,UCSes4X8uDrpc4X46hJKjejg,MEHDJ9V-lIk,104,4,7,BeGa0Sr9LPg,1,0
20261008,UCSes4X8uDrpc4X46hJKjejg,MEHDJ9V-lIk,102,26,7,BeZUS-lZ4qs,1,0
20261008,UCSes4X8uDrpc4X46hJKjejg,MEHDJ9V-lIk,104,5,7,BeZUS-lZ4qs,1,0
20261008,UCSes4X8uDrpc4X46hJKjejg,MEHDJ9V-lIk,101,2,7,Bm7cQuUX34A,1,0
20261008,UCSes4X8uDrpc4X46hJKjejg,MEHDJ9V-lIk,104,4,7,BmevESBrapE,1,0
20261008,UCSes4X8uDrpc4X46hJKjejg,MEHDJ9V-lIk,104,5,7,BmhKbKwfiT4,1,0
20261008,UCSes4X8uDrpc4X46hJKjejg,MEHDJ9V-lIk,104,4,7,Boom9Dxoszc,1,0
20261008,UCSes4X8uDrpc4X46hJKjejg,MEHDJ9V-lIk,101,9,7,C0khZspaGic,2,0
20261008,UCSes4X8uDrpc4X46hJKjejg,MEHDJ9V-lIk,104,5,7,C4s8a0e-o5g,1,0
20261008,UCSes4X8uDrpc4X46hJKjejg,MEHDJ9V-lIk,101,9,7,C5iALB_oDVY,1,0
20261008,UCSes4X8uDrpc4X46hJKjejg,MEHDJ9V-lIk,101,2,7,COK4JNF50T0,1,0
20261008,UCSes4X8uDrpc4X46hJKjejg,MEHDJ9V-lIk,101,2,7,CRmWrv0HMl8,1,0
20261008,UCSes4X8uDrpc4X46hJKjejg,MEHDJ9V-lIk,102,29,7,CXMwTSxg0XM,1,0
20261008,UCSes4X8uDrpc4X46hJKjejg,MEHDJ9V-lIk,104,5,7,CdswK1A1vzE,1,0
20261008,UCSes4X8uDrpc4X46hJKjejg,MEHDJ9V-lIk,101,2,7,CieekQL-HFA,1,0
20261008,UCSes4X8uDrpc4X46hJKjejg,MEHDJ9V-lIk,101,2,7,Ckfx3l-3y24,1,0
20261008,UCSes4X8uDrpc4X46hJKjejg,MEHDJ9V-lIk,101,2,7,ClrgQmQ4Sww,1,0
20261008,UCSes4X8uDrpc4X46hJKjejg,MEHDJ9V-lIk,104,5,7,CpeIIRfCCnE,1,0
20261008,UCSes4X8uDrpc4X46hJKjejg,MEHDJ9V-lIk,101,2,7,CrSYBHSB05E,1,0
20261008,UCSes4X8uDrpc4X46hJKjejg,MEHDJ9V-lIk,104,4,7,Cu27ZicB7_w,1,0
20261008,UCSes4X8uDrpc4X46hJKjejg,MEHDJ9V-lIk,101,9,7,CycRXto4FnQ,1,0
20261008,UCSes4X8uDrpc4X46hJKjejg,MEHDJ9V-lIk,101,9,7,D0xi_Qbuwhg,2,0
20261008,UCSes4X8uDrpc4X46hJKjejg,MEHDJ9V-lIk,102,4,7,D0xi_Qbuwhg,1,0
20261008,UCSes4X8uDrpc4X46hJKjejg,MEHDJ9V-lIk,102,19,7,D0xi_Qbuwhg,1,0
20261008,UCSes4X8uDrpc4X46hJKjejg,MEHDJ9V-lIk,104,4,7,D0xi_Qbuwhg,3,0
20261008,UCSes4X8uDrpc4X46hJKjejg,MEHDJ9V-lIk,104,5,7,D0xi_Qbuwhg,1,0
20261008,UCSes4X8uDrpc4X46hJKjejg,MEHDJ9V-lIk,104,4,7,D4cm3tsM0Hc,1,0
20261008,UCSes4X8uDrpc4X46hJKjejg,MEHDJ9V-lIk,101,2,7,D7Ht-LT4Tlg,1,0
20261008,UCSes4X8uDrpc4X46hJKjejg,MEHDJ9V-lIk,101,2,7,DEurMIsOpxA,1,0
20261008,UCSes4X8uDrpc4X46hJKjejg,MEHDJ9V-lIk,101,2,7,DJnxTWiA1c8,1,0
20261008,UCSes4X8uDrpc4X46hJKjejg,MEHDJ9V-lIk,104,5,7,DKBfagl-OPI,1,0
20261008,UCSes4X8uDrpc4X46hJKjejg,MEHDJ9V-lIk,102,19,7,DKHDfFbXXDg,1,0
20261008,UCSes4X8uDrpc4X46hJKjejg,MEHDJ9V-lIk,105,5,7,DNkdlSvb6OY,1,0
20261008,UCSes4X8uDrpc4X46hJKjejg,MEHDJ9V-lIk,105,5,7,DTp_bXbsgQw,1,0
20261008,UCSes4X8uDrpc4X46hJKjejg,MEHDJ9V-lIk,104,4,7,DVVptSlB1BE,2,0
20261008,UCSes4X8uDrpc4X46hJKjejg,MEHDJ9V-lIk,101,9,7,Dg30X2KdpdQ,2,0
20261008,UCSes4X8uDrpc4X46hJKjejg,MEHDJ9V-lIk,101,2,7,Dg47eNL_Usw,1,0
20261008,UCSes4X8uDrpc4X46hJKjejg,MEHDJ9V-lIk,104,4,7,Dhgn1G1GHw0,1,0
20261008,UCSes4X8uDrpc4X46hJKjejg,MEHDJ9V-lIk,104,5,7,DifMFeAqfQQ,1,0
20261008,UCSes4X8uDrpc4X46hJKjejg,MEHDJ9V-lIk,101,2,7,DmJDoZ_BTlE,1,0
20261008,UCSes4X8uDrpc4X46hJKjejg,MEHDJ9V-lIk,103,10,7,Do509ipgJxk,1,0
20261008,UCSes4X8uDrpc4X46hJKjejg,MEHDJ9V-lIk,104,4,7,DrWwpFZ0eTQ,1,0
20261008,UCSes4X8uDrpc4X46hJKjejg,MEHDJ9V-lIk,104,5,7,DrgNUE9hSc0,2,0
20261008,UCSes4X8uDrpc4X46hJKjejg,MEHDJ9V-lIk,103,17,7,Du4-5NX7O_4,1,0
20261008,UCSes4X8uDrpc4X46hJKjejg,MEHDJ9V-lIk,104,4,7,E-bQXjoPwhk,1,0
20261008,UCSes4X8uDrpc4X46hJKjejg,MEHDJ9V-lIk,101,2,7,E2RSnfz6RKA,1,0
20261008,UCSes4X8uDrpc4X46hJKjejg,MEHDJ9V-lIk,104,5,7,E3hu8c15W7g,1,0
20261008,UCSes4X8uDrpc4X46hJKjejg,MEHDJ9V-lIk,101,2,7,E5793VsesS4,1,0
20261008,UCSes4X8uDrpc4X46hJKjejg,MEHDJ9V-lIk,101,2,7,ECWhp-VYtlA,1,0
20261008,UCSes4X8uDrpc4X46hJKjejg,MEHDJ9V-lIk,104,5,7,EF26wO-MfH4,1,0
20261008,UCSes4X8uDrpc4X46hJKjejg,MEHDJ9V-lIk,104,4,7,EK-NOUllczE,1,0
20261008,UCSes4X8uDrpc4X46hJKjejg,MEHDJ9V-lIk,102,19,7,EKjHROPRzU8,1,0
20261008,UCSes4X8uDrpc4X46hJKjejg,MEHDJ9V-lIk,104,5,7,ELDGI2OnFP8,1,0
20261008,UCSes4X8uDrpc4X46hJKjejg,MEHDJ9V-lIk,105,5,7,ELNtEj68kd4,1,0
20261008,UCSes4X8uDrpc4X46hJKjejg,MEHDJ9V-lIk,101,2,7,ERlr-NveE1k,1,1
20261008,UCSes4X8uDrpc4X46hJKjejg,MEHDJ9V-lIk,101,9,7,ERlr-NveE1k,1,0
20261008,UCSes4X8uDrpc4X46hJKjejg,MEHDJ9V-lIk,104,4,7,ETgUu4oyK1Q,1,0
20261008,UCSes4X8uDrpc4X46hJKjejg,MEHDJ9V-lIk,104,4,7,EUvgudR_OB0,1,0
20261008,UCSes4X8uDrpc4X46hJKjejg,MEHDJ9V-lIk,104,5,7,EY9EdcRXJsQ,2,0
20261008,UCSes4X8uDrpc4X46hJKjejg,MEHDJ9V-lIk,102,19,7,EhA2kryqiZY,1,0
20261008,UCSes4X8uDrpc4X46hJKjejg,MEHDJ9V-lIk,101,2,7,EpbF_FWzye8,1,0
20261008,UCSes4X8uDrpc4X46hJKjejg,MEHDJ9V-lIk,101,2,7,ErW648KsAy4,1,0
20261008,UCSes4X8uDrpc4X46hJKjejg,MEHDJ9V-lIk,104,5,7,EwCtQAMpj1o,1,0
20261008,UCSes4X8uDrpc4X46hJKjejg,MEHDJ9V-lIk,101,2,7,F2-dxgSkcq4,1,0
20261008,UCSes4X8uDrpc4X46hJKjejg,MEHDJ9V-lIk,104,4,7,F2-dxgSkcq4,1,0
20261008,UCSes4X8uDrpc4X46hJKjejg,MEHDJ9V-lIk,101,2,7,F86VN2fNxiY,1,0
20261008,UCSes4X8uDrpc4X46hJKjejg,MEHDJ9V-lIk,102,4,7,FAln7BSp8ho,1,0
20261008,UCSes4X8uDrpc4X46hJKjejg,MEHDJ9V-lIk,101,2,7,FBV07Gg0XJQ,1,0
20261008,UCSes4X8uDrpc4X46hJKjejg,MEHDJ9V-lIk,102,4,7,FCAC9ZyPn_4,1,0
20261008,UCSes4X8uDrpc4X46hJKjejg,MEHDJ9V-lIk,104,5,7,FCAC9ZyPn_4,1,0
20261008,UCSes4X8uDrpc4X46hJKjejg,MEHDJ9V-lIk,103,10,7,FCOgLBmrOlQ,1,0
20261008,UCSes4X8uDrpc4X46hJKjejg,MEHDJ9V-lIk,101,2,7,FDNl5QasFQ4,1,0
20261008,UCSes4X8uDrpc4X46hJKjejg,MEHDJ9V-lIk,101,2,7,FDiofXkgmkA,1,0
20261008,UCSes4X8uDrpc4X46hJKjejg,MEHDJ9V-lIk,101,30,7,FJ7Gx06Kgt4,1,0
20261008,UCSes4X8uDrpc4X46hJKjejg,MEHDJ9V-lIk,104,5,7,FOXLyKFMS5s,1,0
20261008,UCSes4X8uDrpc4X46hJKjejg,MEHDJ9V-lIk,105,5,7,FQKnm7_w1pI,1,0
20261008,UCSes4X8uDrpc4X46hJKjejg,MEHDJ9V-lIk,104,4,7,FSrChAm3w9A,1,0
20261008,UCSes4X8uDrpc4X46hJKjejg,MEHDJ9V-lIk,101,2,7,FVhSKPje0Rg,1,0
20261008,UCSes4X8uDrpc4X46hJKjejg,MEHDJ9V-lIk,104,5,7,FVwnKxJb5Wg,1,0
20261008,UCSes4X8uDrpc4X46hJKjejg,MEHDJ9V-lIk,101,2,7,F_vcb34Uqcg,1,0
20261008,UCSes4X8uDrpc4X46hJKjejg,MEHDJ9V-lIk,101,30,7,FcrAweFVE-I,1,0
20261008,UCSes4X8uDrpc4X46hJKjejg,MEHDJ9V-lIk,102,19,7,Fk3N8HKtyqY,1,0
20261008,UCSes4X8uDrpc4X46hJKjejg,MEHDJ9V-lIk,101,2,7,FmpU_RIjgtI,3,0
20261008,UCSes4X8uDrpc4X46hJKjejg,MEHDJ9V-lIk,104,5,7,FmpU_RIjgtI,2,0
20261008,UCSes4X8uDrpc4X46hJKjejg,MEHDJ9V-lIk,101,9,7,Frd8BdhDkfw,1,0
20261008,UCSes4X8uDrpc4X46hJKjejg,MEHDJ9V-lIk,101,2,7,FwUrDhJvJ2E,1,0
20261008,UCSes4X8uDrpc4X46hJKjejg,MEHDJ9V-lIk,101,9,7,G2ZrOoP32Jk,1,0
20261008,UCSes4X8uDrpc4X46hJKjejg,MEHDJ9V-lIk,101,9,7,GFs8QBosTtU,1,0
20261008,UCSes4X8uDrpc4X46hJKjejg,MEHDJ9V-lIk,104,4,7,GZDeTAymJ1A,1,0
20261008,UCSes4X8uDrpc4X46hJKjejg,MEHDJ9V-lIk,101,2,7,G_p5Yi9Q3TE,1,0
20261008,UCSes4X8uDrpc4X46hJKjejg,MEHDJ9V-lIk,101,9,7,GaU9aS9PxQk,1,0
20261008,UCSes4X8uDrpc4X46hJKjejg,MEHDJ9V-lIk,101,2,7,GcNHTReEs9Y,1,0
20261008,UCSes4X8uDrpc4X46hJKjejg,MEHDJ9V-lIk,101,2,7,GfNk-INOEpU,1,0
20261008,UCSes4X8uDrpc4X46hJKjejg,MEHDJ9V-lIk,101,9,7,Goh8pB-0Kek,1,0
20261008,UCSes4X8uDrpc4X46hJKjejg,MEHDJ9V-lIk,104,4,7,GsGOh5VeH8g,1,0
20261008,UCSes4X8uDrpc4X46hJKjejg,MEHDJ9V-lIk,104,5,7,Gtn3CDj5p6Q,2,0
20261008,UCSes4X8uDrpc4X46hJKjejg,MEHDJ9V-lIk,101,2,7,GvQ4rPNDtNc,1,0
20261008,UCSes4X8uDrpc4X46hJKjejg,MEHDJ9V-lIk,104,4,7,GxdIoKRycyQ,1,0
20261008,UCSes4X8uDrpc4X46hJKjejg,MEHDJ9V-lIk,101,2,7,HD5NTDPocgU,1,0
20261008,UCSes4X8uDrpc4X46hJKjejg,MEHDJ9V-lIk,102,12,7,HLLNmqOFf3c,1,0
20261008,UCSes4X8uDrpc4X46hJKjejg,MEHDJ9V-lIk,101,2,7,HM-IKNFo_YA,1,0
20261008,UCSes4X8uDrpc4X46hJKjejg,MEHDJ9V-lIk,101,2,7,HP6pxw5Dc-o,1,0
20261008,UCSes4X8uDrpc4X46hJKjejg,MEHDJ9V-lIk,101,2,7,HpPJdKDBN3o,1,0
20261008,UCSes4X8uDrpc4X46hJKjejg,MEHDJ9V-lIk,104,4,7,HrxdMbGd_ok,1,0
20261008,UCSes4X8uDrpc4X46hJKjejg,MEHDJ9V-lIk,101,2,7,Hu20eNkMGb4,1,0
20261008,UCSes4X8uDrpc4X46hJKjejg,MEHDJ9V-lIk,104,4,7,Hu20eNkMGb4,2,0.5
20261008,UCSes4X8uDrpc4X46hJKjejg,MEHDJ9V-lIk,101,2,7,HwVivh1ogUM,1,0
20261008,UCSes4X8uDrpc4X46hJKjejg,MEHDJ9V-lIk,104,4,7,Hy8PArIhbMY,1,0
20261008,UCSes4X8uDrpc4X46hJKjejg,MEHDJ9V-lIk,104,5,7,HzF6cpG1up4,1,1
20261008,UCSes4X8uDrpc4X46hJKjejg,MEHDJ9V-lIk,104,4,7,I1qQ-533Ln8,1,0
20261008,UCSes4X8uDrpc4X46hJKjejg,MEHDJ9V-lIk,104,5,7,I5BktRJnGi0,3,0
20261008,UCSes4X8uDrpc4X46hJKjejg,MEHDJ9V-lIk,105,5,7,IAQIB8j0STM,1,0
20261008,UCSes4X8uDrpc4X46hJKjejg,MEHDJ9V-lIk,104,5,7,IEdcFUoOmrQ,1,0
20261008,UCSes4X8uDrpc4X46hJKjejg,MEHDJ9V-lIk,101,2,7,IEdtEwI2lBE,1,0
20261008,UCSes4X8uDrpc4X46hJKjejg,MEHDJ9V-lIk,104,5,7,IEdtEwI2lBE,1,0
20261008,UCSes4X8uDrpc4X46hJKjejg,MEHDJ9V-lIk,104,5,7,IGc4BipJKAE,1,0
20261008,UCSes4X8uDrpc4X46hJKjejg,MEHDJ9V-lIk,101,9,7,IPbTRkAXuTA,1,0
20261008,UCSes4X8uDrpc4X46hJKjejg,MEHDJ9V-lIk,104,5,7,IXA07CJyP5U,1,0
20261008,UCSes4X8uDrpc4X46hJKjejg,MEHDJ9V-lIk,102,1,7,IZl06EkDbzs,1,0
20261008,UCSes4X8uDrpc4X46hJKjejg,MEHDJ9V-lIk,101,9,7,I_NJ_iY8bJ0,1,1
20261008,UCSes4X8uDrpc4X46hJKjejg,MEHDJ9V-lIk,101,2,7,I_qUC2MM1ZI,1,0
20261008,UCSes4X8uDrpc4X46hJKjejg,MEHDJ9V-lIk,104,4,7,IaSf-FZCUs8,1,0
20261008,UCSes4X8uDrpc4X46hJKjejg,MEHDJ9V-lIk,101,2,7,Ic3bD0QRVYQ,1,0
20261008,UCSes4X8uDrpc4X46hJKjejg,MEHDJ9V-lIk,104,4,7,Ic3bD0QRVYQ,1,0
20261008,UCSes4X8uDrpc4X46hJKjejg,MEHDJ9V-lIk,104,5,7,Ie-iDtP_NjI,1,0
20261008,UCSes4X8uDrpc4X46hJKjejg,MEHDJ9V-lIk,101,2,7,IgJB4LH_zDY,1,0
20261008,UCSes4X8uDrpc4X46hJKjejg,MEHDJ9V-lIk,104,5,7,IgJB4LH_zDY,1,0
20261008,UCSes4X8uDrpc4X46hJKjejg,MEHDJ9V-lIk,101,2,7,IijHaTsFlLY,3,0
20261008,UCSes4X8uDrpc4X46hJKjejg,MEHDJ9V-lIk,104,5,7,IijHaTsFlLY,3,0
20261008,UCSes4X8uDrpc4X46hJKjejg,MEHDJ9V-lIk,101,9,7,IkDS7ZhVkA4,1,0
20261008,UCSes4X8uDrpc4X46hJKjejg,MEHDJ9V-lIk,101,2,7,IkXkFGUz0wc,1,0
20261008,UCSes4X8uDrpc4X46hJKjejg,MEHDJ9V-lIk,101,2,7,Ind0WfXG-bQ,1,0
20261008,UCSes4X8uDrpc4X46hJKjejg,MEHDJ9V-lIk,102,4,7,IpH4iok3LsA,1,0
20261008,UCSes4X8uDrpc4X46hJKjejg,MEHDJ9V-lIk,104,5,7,Ir4-KC0cYOc,1,0
20261008,UCSes4X8uDrpc4X46hJKjejg,MEHDJ9V-lIk,101,2,7,Itl018aJKZE,1,0
20261008,UCSes4X8uDrpc4X46hJKjejg,MEHDJ9V-lIk,104,4,7,J0ZBU-lc9qI,2,0
20261008,UCSes4X8uDrpc4X46hJKjejg,MEHDJ9V-lIk,101,9,7,J7CbZi7DTwk,1,0
20261008,UCSes4X8uDrpc4X46hJKjejg,MEHDJ9V-lIk,104,5,7,JHvqPdIDXmg,1,0
20261008,UCSes4X8uDrpc4X46hJKjejg,MEHDJ9V-lIk,104,4,7,JJpD8fuL10Y,2,0
20261008,UCSes4X8uDrpc4X46hJKjejg,MEHDJ9V-lIk,101,9,7,JUHhyyfknYk,1,0
20261008,UCSes4X8uDrpc4X46hJKjejg,MEHDJ9V-lIk,102,12,7,JbSm64cQHso,1,0
20261008,UCSes4X8uDrpc4X46hJKjejg,MEHDJ9V-lIk,101,2,7,JdrjCOg0Zmg,1,0
20261008,UCSes4X8uDrpc4X46hJKjejg,MEHDJ9V-lIk,101,2,7,JmaJAPdPJig,1,0
20261008,UCSes4X8uDrpc4X46hJKjejg,MEHDJ9V-lIk,104,4,7,Jvqh4lQATYQ,1,0
20261008,UCSes4X8uDrpc4X46hJKjejg,MEHDJ9V-lIk,101,2,7,Jw2mKxmtngs,1,0
20261008,UCSes4X8uDrpc4X46hJKjejg,MEHDJ9V-lIk,101,9,7,Jw2mKxmtngs,1,0
20261008,UCSes4X8uDrpc4X46hJKjejg,MEHDJ9V-lIk,104,4,7,Jw2mKxmtngs,5,0.2
20261008,UCSes4X8uDrpc4X46hJKjejg,MEHDJ9V-lIk,104,5,7,Jw2mKxmtngs,1,0
20261008,UCSes4X8uDrpc4X46hJKjejg,MEHDJ9V-lIk,101,2,7,Jy7jE0H9RM0,1,0
20261008,UCSes4X8uDrpc4X46hJKjejg,MEHDJ9V-lIk,104,4,7,K2riVtF8ynE,1,0
20261008,UCSes4X8uDrpc4X46hJKjejg,MEHDJ9V-lIk,104,5,7,KBzEyYVG41k,2,0.5
20261008,UCSes4X8uDrpc4X46hJKjejg,MEHDJ9V-lIk,105,5,7,KQ9sATzLzG8,1,0
20261008,UCSes4X8uDrpc4X46hJKjejg,MEHDJ9V-lIk,101,2,7,KR1MCtCsuNY,1,0
20261008,UCSes4X8uDrpc4X46hJKjejg,MEHDJ9V-lIk,104,4,7,KTAF6itf8rc,2,0
20261008,UCSes4X8uDrpc4X46hJKjejg,MEHDJ9V-lIk,101,2,7,Kjf3Bp2y2jc,1,0
20261008,UCSes4X8uDrpc4X46hJKjejg,MEHDJ9V-lIk,104,5,7,KlyAhdjcHDg,1,0
20261008,UCSes4X8uDrpc4X46hJKjejg,MEHDJ9V-lIk,101,2,7,KqbTRR4D7xk,1,0
20261008,UCSes4X8uDrpc4X46hJKjejg,MEHDJ9V-lIk,104,5,7,KtPhxeDJTzc,1,0
20261008,UCSes4X8uDrpc4X46hJKjejg,MEHDJ9V-lIk,101,2,7,L21xfaHWPBY,1,0
20261008,UCSes4X8uDrpc4X46hJKjejg,MEHDJ9V-lIk,104,5,7,L3MtWVrUaJg,1,0
20261008,UCSes4X8uDrpc4X46hJKjejg,MEHDJ9V-lIk,104,4,7,LCxy1u4jjvo,1,0
20261008,UCSes4X8uDrpc4X46hJKjejg,MEHDJ9V-lIk,102,29,7,LD0NayY-YgE,1,0
20261008,UCSes4X8uDrpc4X46hJKjejg,MEHDJ9V-lIk,102,1,7,LOyjgqpcd-A,1,0
20261008,UCSes4X8uDrpc4X46hJKjejg,MEHDJ9V-lIk,104,5,7,LTbjn7xN750,1,0
20261008,UCSes4X8uDrpc4X46hJKjejg,MEHDJ9V-lIk,104,4,7,LXsrO5346bc,1,0
20261008,UCSes4X8uDrpc4X46hJKjejg,MEHDJ9V-lIk,101,9,7,L_d15bnb2Uo,1,0
20261008,UCSes4X8uDrpc4X46hJKjejg,MEHDJ9V-lIk,101,2,7,LaDPY1AfD1c,3,0
20261008,UCSes4X8uDrpc4X46hJKjejg,MEHDJ9V-lIk,104,5,7,LaDPY1AfD1c,2,0
20261008,UCSes4X8uDrpc4X46hJKjejg,MEHDJ9V-lIk,101,9,7,LeqQK6ho_Zo,1,0
20261008,UCSes4X8uDrpc4X46hJKjejg,MEHDJ9V-lIk,102,31,7,Litm8BAc1Sc,1,0
20261008,UCSes4X8uDrpc4X46hJKjejg,MEHDJ9V-lIk,104,5,7,LkWU9lB2zEQ,1,0
20261008,UCSes4X8uDrpc4X46hJKjejg,MEHDJ9V-lIk,104,4,7,Lm9IKd7rjQw,1,0
20261008,UCSes4X8uDrpc4X46hJKjejg,MEHDJ9V-lIk,104,5,7,Lw21v9AtAdQ,1,0
20261008,UCSes4X8uDrpc4X46hJKjejg,MEHDJ9V-lIk,104,4,7,LxyT_Uu_Cv0,1,0
20261008,UCSes4X8uDrpc4X46hJKjejg,MEHDJ9V-lIk,101,9,7,M-3Ib6_MlbY,1,0
20261008,UCSes4X8uDrpc4X46hJKjejg,MEHDJ9V-lIk,101,30,7,M323ySfLkZk,1,0
20261008,UCSes4X8uDrpc4X46hJKjejg,MEHDJ9V-lIk,101,2,7,M3lU77NDpKI,1,0
20261008,UCSes4X8uDrpc4X46hJKjejg,MEHDJ9V-lIk,104,5,7,M3lU77NDpKI,2,0
20261008,UCSes4X8uDrpc4X46hJKjejg,MEHDJ9V-lIk,101,9,7,MCbM9Sgz3Zg,1,0
20261008,UCSes4X8uDrpc4X46hJKjejg,MEHDJ9V-lIk,104,5,7,MCdPqMlgXyU,1,0
20261008,UCSes4X8uDrpc4X46hJKjejg,MEHDJ9V-lIk,104,4,7,ME30UEq6j-g,1,0
20261008,UCSes4X8uDrpc4X46hJKjejg,MEHDJ9V-lIk,104,4,7,MJ6UwVBHhMw,1,0
20261008,UCSes4X8uDrpc4X46hJKjejg,MEHDJ9V-lIk,101,2,7,MWLmjt0v1n4,1,0
20261008,UCSes4X8uDrpc4X46hJKjejg,MEHDJ9V-lIk,101,9,7,MZIvfrigOwE,1,0
20261008,UCSes4X8uDrpc4X46hJKjejg,MEHDJ9V-lIk,104,4,7,MZu01cZ0eX8,1,1
20261008,UCSes4X8uDrpc4X46hJKjejg,MEHDJ9V-lIk,104,4,7,MhT371ie84Q,3,0
20261008,UCSes4X8uDrpc4X46hJKjejg,MEHDJ9V-lIk,101,2,7,Mw1Y0Ho63Dc,1,0
20261008,UCSes4X8uDrpc4X46hJKjejg,MEHDJ9V-lIk,102,19,7,MwKU9QYVUDQ,1,0
20261008,UCSes4X8uDrpc4X46hJKjejg,MEHDJ9V-lIk,104,5,7,MwKU9QYVUDQ,1,0
20261008,UCSes4X8uDrpc4X46hJKjejg,MEHDJ9V-lIk,104,5,7,N1hOWkG3EWY,1,0
20261008,UCSes4X8uDrpc4X46hJKjejg,MEHDJ9V-lIk,103,10,7,N26N7lQHNW8,1,0
20261008,UCSes4X8uDrpc4X46hJKjejg,MEHDJ9V-lIk,101,2,7,N2StGRISYLY,2,0
20261008,UCSes4X8uDrpc4X46hJKjejg,MEHDJ9V-lIk,104,5,7,N4GfLk1_Ams,1,0
20261008,UCSes4X8uDrpc4X46hJKjejg,MEHDJ9V-lIk,104,5,7,N8t5fYGVKTM,1,0
20261008,UCSes4X8uDrpc4X46hJKjejg,MEHDJ9V-lIk,102,26,7,NAxgb8W7iSw,1,0
20261008,UCSes4X8uDrpc4X46hJKjejg,MEHDJ9V-lIk,104,5,7,NBLby66hZKE,1,0
20261008,UCSes4X8uDrpc4X46hJKjejg,MEHDJ9V-lIk,101,2,7,NEBVXby7WvA,1,0
20261008,UCSes4X8uDrpc4X46hJKjejg,MEHDJ9V-lIk,104,5,7,NEBVXby7WvA,2,0
20261008,UCSes4X8uDrpc4X46hJKjejg,MEHDJ9V-lIk,101,2,7,NGz8ioQFuJY,1,0
20261008,UCSes4X8uDrpc4X46hJKjejg,MEHDJ9V-lIk,104,5,7,NGz8ioQFuJY,1,0
20261008,UCSes4X8uDrpc4X46hJKjejg,MEHDJ9V-lIk,101,9,7,NIMaploVzk8,1,0
20261008,UCSes4X8uDrpc4X46hJKjejg,MEHDJ9V-lIk,104,4,7,NIMaploVzk8,1,0
20261008,UCSes4X8uDrpc4X46hJKjejg,MEHDJ9V-lIk,104,5,7,NIMaploVzk8,3,0
20261008,UCSes4X8uDrpc4X46hJKjejg,MEHDJ9V-lIk,101,2,7,NM3Rh7tgqE0,1,0
20261008,UCSes4X8uDrpc4X46hJKjejg,MEHDJ9V-lIk,105,5,7,NWmJdPnORyE,1,0
20261008,UCSes4X8uDrpc4X46hJKjejg,MEHDJ9V-lIk,101,2,7,NYDGA3sVQrA,1,0
20261008,UCSes4X8uDrpc4X46hJKjejg,MEHDJ9V-lIk,101,2,7,Nd4RvlMwxIY,1,0
20261008,UCSes4X8uDrpc4X46hJKjejg,MEHDJ9V-lIk,101,2,7,Ne4l8M0iwKQ,1,0
20261008,UCSes4X8uDrpc4X46hJKjejg,MEHDJ9V-lIk,104,5,7,NeaRADvzfWQ,1,0
20261008,UCSes4X8uDrpc4X46hJKjejg,MEHDJ9V-lIk,101,9,7,NgvKzUPSIuc,1,0
20261008,UCSes4X8uDrpc4X46hJKjejg,MEHDJ9V-lIk,101,2,7,NjxjHSGRImk,3,0.66666666666666663
20261008,UCSes4X8uDrpc4X46hJKjejg,MEHDJ9V-lIk,101,9,7,NjxjHSGRImk,3,0
20261008,UCSes4X8uDrpc4X46hJKjejg,MEHDJ9V-lIk,104,4,7,NjxjHSGRImk,2,0
20261008,UCSes4X8uDrpc4X46hJKjejg,MEHDJ9V-lIk,104,5,7,NjxjHSGRImk,2,0
20261008,UCSes4X8uDrpc4X46hJKjejg,MEHDJ9V-lIk,102,19,7,NkSeDJTWYMs,1,0
20261008,UCSes4X8uDrpc4X46hJKjejg,MEHDJ9V-lIk,104,5,7,Nt3fweAd3kg,2,0
20261008,UCSes4X8uDrpc4X46hJKjejg,MEHDJ9V-lIk,101,2,7,NtARZwd2ExA,1,0
20261008,UCSes4X8uDrpc4X46hJKjejg,MEHDJ9V-lIk,101,2,7,O2ec-EfTgQU,1,0
20261008,UCSes4X8uDrpc4X46hJKjejg,MEHDJ9V-lIk,101,2,7,O2qxOq0Lr9M,1,0
20261008,UCSes4X8uDrpc4X46hJKjejg,MEHDJ9V-lIk,104,4,7,O67QyTlJD5Y,1,0
20261008,UCSes4X8uDrpc4X46hJKjejg,MEHDJ9V-lIk,102,26,7,O6qmluEvjuk,1,0
20261008,UCSes4X8uDrpc4X46hJKjejg,MEHDJ9V-lIk,101,2,7,O9WfTQ1YLEM,2,0
20261008,UCSes4X8uDrpc4X46hJKjejg,MEHDJ9V-lIk,104,5,7,OGNeh4BGlLA,2,0
20261008,UCSes4X8uDrpc4X46hJKjejg,MEHDJ9V-lIk,101,2,7,OJAoc8gFV4g,1,0
20261008,UCSes4X8uDrpc4X46hJKjejg,MEHDJ9V-lIk,104,5,7,OOUPjLsAc0Y,2,0
20261008,UCSes4X8uDrpc4X46hJKjejg,MEHDJ9V-lIk,104,4,7,OOuz5TjtyDw,1,0
20261008,UCSes4X8uDrpc4X46hJKjejg,MEHDJ9V-lIk,104,5,7,OPpdpCo61Ok,1,0
20261008,UCSes4X8uDrpc4X46hJKjejg,MEHDJ9V-lIk,104,4,7,OPyMQ9WqikI,1,0
20261008,UCSes4X8uDrpc4X46hJKjejg,MEHDJ9V-lIk,101,9,7,OQIlBkKCqpI,1,0
20261008,UCSes4X8uDrpc4X46hJKjejg,MEHDJ9V-lIk,104,5,7,OTe8tQbQ3k0,1,0
20261008,UCSes4X8uDrpc4X46hJKjejg,MEHDJ9V-lIk,101,2,7,OV1NRM001NM,1,0
20261008,UCSes4X8uDrpc4X46hJKjejg,MEHDJ9V-lIk,104,5,7,OWs8zxyh1vs,1,0
20261008,UCSes4X8uDrpc4X46hJKjejg,MEHDJ9V-lIk,104,5,7,OX4dIFWsZaU,2,0
20261008,UCSes4X8uDrpc4X46hJKjejg,MEHDJ9V-lIk,104,5,7,OYcimsBAjrg,2,0
20261008,UCSes4X8uDrpc4X46hJKjejg,MEHDJ9V-lIk,104,4,7,OawzDUil_44,1,1
20261008,UCSes4X8uDrpc4X46hJKjejg,MEHDJ9V-lIk,105,4,7,OawzDUil_44,1,0
20261008,UCSes4X8uDrpc4X46hJKjejg,MEHDJ9V-lIk,104,5,7,Of2hPAwqJHc,2,0
20261008,UCSes4X8uDrpc4X46hJKjejg,MEHDJ9V-lIk,102,12,7,Oico9hmbEDU,1,0
20261008,UCSes4X8uDrpc4X46hJKjejg,MEHDJ9V-lIk,104,4,7,OjUPIpaGuAg,1,0
20261008,UCSes4X8uDrpc4X46hJKjejg,MEHDJ9V-lIk,101,2,7,Ok_qpVJSX3s,1,0
20261008,UCSes4X8uDrpc4X46hJKjejg,MEHDJ9V-lIk,102,26,7,OmEgEVs1JEM,1,0
20261008,UCSes4X8uDrpc4X46hJKjejg,MEHDJ9V-lIk,101,2,7,Os5lluwHWpk,1,0
20261008,UCSes4X8uDrpc4X46hJKjejg,MEHDJ9V-lIk,101,2,7,Os8okjX62pE,1,0
20261008,UCSes4X8uDrpc4X46hJKjejg,MEHDJ9V-lIk,104,5,7,Os8okjX62pE,2,0
20261008,UCSes4X8uDrpc4X46hJKjejg,MEHDJ9V-lIk,104,4,7,OvWvP5s2wn0,1,0
20261008,UCSes4X8uDrpc4X46hJKjejg,MEHDJ9V-lIk,104,4,7,P-yWVY3RCao,1,0
20261008,UCSes4X8uDrpc4X46hJKjejg,MEHDJ9V-lIk,104,5,7,P10jYenBVTw,1,0
20261008,UCSes4X8uDrpc4X46hJKjejg,MEHDJ9V-lIk,101,2,7,P2YZn9BOlC0,2,0
20261008,UCSes4X8uDrpc4X46hJKjejg,MEHDJ9V-lIk,104,4,7,P2YZn9BOlC0,1,0
20261008,UCSes4X8uDrpc4X46hJKjejg,MEHDJ9V-lIk,104,5,7,P2YZn9BOlC0,2,0
20261008,UCSes4X8uDrpc4X46hJKjejg,MEHDJ9V-lIk,101,2,7,P2wz6fSOZz4,1,0
20261008,UCSes4X8uDrpc4X46hJKjejg,MEHDJ9V-lIk,104,4,7,PAOKzedNQVI,1,0
20261008,UCSes4X8uDrpc4X46hJKjejg,MEHDJ9V-lIk,101,2,7,PAVJjxfrBbk,1,0
20261008,UCSes4X8uDrpc4X46hJKjejg,MEHDJ9V-lIk,105,4,7,PE_2rRKdL7o,1,0
20261008,UCSes4X8uDrpc4X46hJKjejg,MEHDJ9V-lIk,104,5,7,PFIhidBMreM,1,0
20261008,UCSes4X8uDrpc4X46hJKjejg,MEHDJ9V-lIk,101,9,7,PGQxFUiYTTw,1,0
20261008,UCSes4X8uDrpc4X46hJKjejg,MEHDJ9V-lIk,104,4,7,PGQxFUiYTTw,1,0
20261008,UCSes4X8uDrpc4X46hJKjejg,MEHDJ9V-lIk,104,5,7,PGQxFUiYTTw,2,0
20261008,UCSes4X8uDrpc4X46hJKjejg,MEHDJ9V-lIk,104,4,7,PIh0vhBAEV4,1,0
20261008,UCSes4X8uDrpc4X46hJKjejg,MEHDJ9V-lIk,101,2,7,PQ1x60Hs9RU,2,0
20261008,UCSes4X8uDrpc4X46hJKjejg,MEHDJ9V-lIk,101,9,7,PQ1x60Hs9RU,1,0
20261008,UCSes4X8uDrpc4X46hJKjejg,MEHDJ9V-lIk,104,5,7,PQ1x60Hs9RU,1,0
20261008,UCSes4X8uDrpc4X46hJKjejg,MEHDJ9V-lIk,104,4,7,PVL_mSSDUgE,1,0
20261008,UCSes4X8uDrpc4X46hJKjejg,MEHDJ9V-lIk,101,9,7,PVOl1jy_sPs,1,1
20261008,UCSes4X8uDrpc4X46hJKjejg,MEHDJ9V-lIk,104,4,7,PWBrT6v3cY8,1,0
20261008,UCSes4X8uDrpc4X46hJKjejg,MEHDJ9V-lIk,101,9,7,PZNsBGjNH0U,1,0
20261008,UCSes4X8uDrpc4X46hJKjejg,MEHDJ9V-lIk,104,4,7,Pa2MMC3d8QQ,1,0
20261008,UCSes4X8uDrpc4X46hJKjejg,MEHDJ9V-lIk,104,5,7,Pi6rQeLhK48,2,0
20261008,UCSes4X8uDrpc4X46hJKjejg,MEHDJ9V-lIk,104,5,7,PlC8vHw7mAE,1,0
20261008,UCSes4X8uDrpc4X46hJKjejg,MEHDJ9V-lIk,104,5,7,PoyUkRaWZiM,1,0
20261008,UCSes4X8uDrpc4X46hJKjejg,MEHDJ9V-lIk,102,29,7,PrObPnSeeag,1,0
20261008,UCSes4X8uDrpc4X46hJKjejg,MEHDJ9V-lIk,104,4,7,PsMJx5vVJtk,1,0
20261008,UCSes4X8uDrpc4X46hJKjejg,MEHDJ9V-lIk,101,2,7,Pv13cFP4JYA,1,0
20261008,UCSes4X8uDrpc4X46hJKjejg,MEHDJ9V-lIk,104,5,7,Pv13cFP4JYA,1,0
20261008,UCSes4X8uDrpc4X46hJKjejg,MEHDJ9V-lIk,104,4,7,PvmFXJJFlms,1,0
20261008,UCSes4X8uDrpc4X46hJKjejg,MEHDJ9V-lIk,104,5,7,Q-DFC0AnbY4,1,0
20261008,UCSes4X8uDrpc4X46hJKjejg,MEHDJ9V-lIk,104,4,7,Q4sYwE_c-DI,1,0
20261008,UCSes4X8uDrpc4X46hJKjejg,MEHDJ9V-lIk,104,4,7,Q4wrEWheHvI,2,0
20261008,UCSes4X8uDrpc4X46hJKjejg,MEHDJ9V-lIk,101,2,7,Q6NX-pSrrFc,1,0
20261008,UCSes4X8uDrpc4X46hJKjejg,MEHDJ9V-lIk,104,5,7,Q9kmcrelFAY,1,0
20261008,UCSes4X8uDrpc4X46hJKjejg,MEHDJ9V-lIk,102,4,7,QAlOPgPcOSs,1,0
20261008,UCSes4X8uDrpc4X46hJKjejg,MEHDJ9V-lIk,101,9,7,QCk0M4xfgW0,1,0
20261008,UCSes4X8uDrpc4X46hJKjejg,MEHDJ9V-lIk,102,19,7,QFCfYP_9jjE,1,0
20261008,UCSes4X8uDrpc4X46hJKjejg,MEHDJ9V-lIk,101,2,7,QJSGoaNxSPw,1,0
20261008,UCSes4X8uDrpc4X46hJKjejg,MEHDJ9V-lIk,101,2,7,QLb3mb31_Xw,1,0
20261008,UCSes4X8uDrpc4X46hJKjejg,MEHDJ9V-lIk,104,5,7,QP53OUKNCfE,2,0
20261008,UCSes4X8uDrpc4X46hJKjejg,MEHDJ9V-lIk,105,5,7,QSOGJ7kJYxY,1,0
20261008,UCSes4X8uDrpc4X46hJKjejg,MEHDJ9V-lIk,101,2,7,QY272Dj1bHQ,1,0
20261008,UCSes4X8uDrpc4X46hJKjejg,MEHDJ9V-lIk,105,5,7,QbwClpcp658,1,0
20261008,UCSes4X8uDrpc4X46hJKjejg,MEHDJ9V-lIk,101,2,7,QhqF3E-Vv58,1,0
20261008,UCSes4X8uDrpc4X46hJKjejg,MEHDJ9V-lIk,101,2,7,Qj6gU2V5Yjs,1,0
20261008,UCSes4X8uDrpc4X46hJKjejg,MEHDJ9V-lIk,101,2,7,QtCk8ntMX4U,1,0
20261008,UCSes4X8uDrpc4X46hJKjejg,MEHDJ9V-lIk,102,1,7,QtCk8ntMX4U,1,0
20261008,UCSes4X8uDrpc4X46hJKjejg,MEHDJ9V-lIk,101,9,7,R-VB92kFIro,1,0
20261008,UCSes4X8uDrpc4X46hJKjejg,MEHDJ9V-lIk,104,4,7,R20yHQ7uMBk,1,0
20261008,UCSes4X8uDrpc4X46hJKjejg,MEHDJ9V-lIk,101,2,7,R92NGcH5Sq0,1,0
20261008,UCSes4X8uDrpc4X46hJKjejg,MEHDJ9V-lIk,101,2,7,RCl9PitOHOs,1,0
20261008,UCSes4X8uDrpc4X46hJKjejg,MEHDJ9V-lIk,105,5,7,RFFt2gDuguU,1,0
20261008,UCSes4X8uDrpc4X46hJKjejg,MEHDJ9V-lIk,104,4,7,RNy5chnHhKo,1,0
20261008,UCSes4X8uDrpc4X46hJKjejg,MEHDJ9V-lIk,102,19,7,RSEhzxFeCwo,1,0
20261008,UCSes4X8uDrpc4X46hJKjejg,MEHDJ9V-lIk,104,4,7,RSouSfZwXYA,1,0
20261008,UCSes4X8uDrpc4X46hJKjejg,MEHDJ9V-lIk,101,2,7,RWBc-uveqPM,1,0
20261008,UCSes4X8uDrpc4X46hJKjejg,MEHDJ9V-lIk,104,5,7,RWo8NyTWsMc,2,0
20261008,UCSes4X8uDrpc4X46hJKjejg,MEHDJ9V-lIk,101,9,7,RZTCInRezZU,1,0
20261008,UCSes4X8uDrpc4X46hJKjejg,MEHDJ9V-lIk,104,5,7,RZfmlRqoezw,1,0
20261008,UCSes4X8uDrpc4X46hJKjejg,MEHDJ9V-lIk,104,5,7,R_BQQZDucg8,1,0
20261008,UCSes4X8uDrpc4X46hJKjejg,MEHDJ9V-lIk,104,4,7,RaDgZjSU8-I,1,0
20261008,UCSes4X8uDrpc4X46hJKjejg,MEHDJ9V-lIk,101,9,7,RkcNHgoc0Cc,1,0
20261008,UCSes4X8uDrpc4X46hJKjejg,MEHDJ9V-lIk,101,2,7,Rl0dAycMkzE,1,0
20261008,UCSes4X8uDrpc4X46hJKjejg,MEHDJ9V-lIk,104,5,7,Ro4KM2vJDkY,1,0
20261008,UCSes4X8uDrpc4X46hJKjejg,MEHDJ9V-lIk,101,2,7,RtiXzWDtffE,1,0
20261008,UCSes4X8uDrpc4X46hJKjejg,MEHDJ9V-lIk,102,1,7,RyERlBqaido,1,0
20261008,UCSes4X8uDrpc4X46hJKjejg,MEHDJ9V-lIk,104,4,7,S0Y3jY7Jwos,1,0
20261008,UCSes4X8uDrpc4X46hJKjejg,MEHDJ9V-lIk,104,5,7,S0uswt3f_i8,2,0
20261008,UCSes4X8uDrpc4X46hJKjejg,MEHDJ9V-lIk,101,9,7,S1hoIMb915k,1,0
20261008,UCSes4X8uDrpc4X46hJKjejg,MEHDJ9V-lIk,101,2,7,S1nG666NSEI,1,0
20261008,UCSes4X8uDrpc4X46hJKjejg,MEHDJ9V-lIk,104,5,7,S341PHgiAi4,1,0
20261008,UCSes4X8uDrpc4X46hJKjejg,MEHDJ9V-lIk,101,2,7,SIxW2EMLChs,1,0
20261008,UCSes4X8uDrpc4X46hJKjejg,MEHDJ9V-lIk,101,2,7,SLwbB-i4JPY,1,0
20261008,UCSes4X8uDrpc4X46hJKjejg,MEHDJ9V-lIk,101,2,7,SSoqvKr-9jA,1,0
20261008,UCSes4X8uDrpc4X46hJKjejg,MEHDJ9V-lIk,101,9,7,SSoqvKr-9jA,1,0
20261008,UCSes4X8uDrpc4X46hJKjejg,MEHDJ9V-lIk,104,4,7,SSoqvKr-9jA,2,0
20261008,UCSes4X8uDrpc4X46hJKjejg,MEHDJ9V-lIk,104,5,7,SSoqvKr-9jA,3,0.33333333333333331
20261008,UCSes4X8uDrpc4X46hJKjejg,MEHDJ9V-lIk,101,1,7,SWNLEQDgD4w,1,0
20261008,UCSes4X8uDrpc4X46hJKjejg,MEHDJ9V-lIk,104,5,7,Savf1M-CTlM,1,0
20261008,UCSes4X8uDrpc4X46hJKjejg,MEHDJ9V-lIk,101,9,7,Sn4_BYVj6vY,1,0
20261008,UCSes4X8uDrpc4X46hJKjejg,MEHDJ9V-lIk,104,4,7,Srb8W5TMqls,2,0
20261008,UCSes4X8uDrpc4X46hJKjejg,MEHDJ9V-lIk,104,5,7,Srb8W5TMqls,1,0
20261008,UCSes4X8uDrpc4X46hJKjejg,MEHDJ9V-lIk,104,4,7,Sv9sG2fb540,1,0
20261008,UCSes4X8uDrpc4X46hJKjejg,MEHDJ9V-lIk,104,5,7,T5i8aPCVqdY,1,0
20261008,UCSes4X8uDrpc4X46hJKjejg,MEHDJ9V-lIk,104,4,7,T710Msy4Jlk,1,0
20261008,UCSes4X8uDrpc4X46hJKjejg,MEHDJ9V-lIk,104,4,7,TFzbv-jCijs,1,0
20261008,UCSes4X8uDrpc4X46hJKjejg,MEHDJ9V-lIk,104,4,7,TI4V2-38oFE,1,0
20261008,UCSes4X8uDrpc4X46hJKjejg,MEHDJ9V-lIk,102,26,7,TJFwey-xXJc,1,0
20261008,UCSes4X8uDrpc4X46hJKjejg,MEHDJ9V-lIk,104,4,7,TM-pjAeJTxU,1,0
20261008,UCSes4X8uDrpc4X46hJKjejg,MEHDJ9V-lIk,101,9,7,TMJXEBGQDDM,1,0
20261008,UCSes4X8uDrpc4X46hJKjejg,MEHDJ9V-lIk,105,5,7,TPaBLqvz23E,1,0
20261008,UCSes4X8uDrpc4X46hJKjejg,MEHDJ9V-lIk,101,9,7,TQo3EM_mq7s,1,0
20261008,UCSes4X8uDrpc4X46hJKjejg,MEHDJ9V-lIk,104,4,7,TQo3EM_mq7s,4,0
20261008,UCSes4X8uDrpc4X46hJKjejg,MEHDJ9V-lIk,104,5,7,TQo3EM_mq7s,2,0.5
20261008,UCSes4X8uDrpc4X46hJKjejg,MEHDJ9V-lIk,101,9,7,TTzdNtf5sqs,1,0
20261008,UCSes4X8uDrpc4X46hJKjejg,MEHDJ9V-lIk,101,2,7,TWCrlLmlD_g,1,0
20261008,UCSes4X8uDrpc4X46hJKjejg,MEHDJ9V-lIk,101,9,7,TYxJ_HXi6Cw,1,0
20261008,UCSes4X8uDrpc4X46hJKjejg,MEHDJ9V-lIk,104,5,7,TZsdk_A1aiw,1,0
20261008,UCSes4X8uDrpc4X46hJKjejg,MEHDJ9V-lIk,102,19,7,TejS2hf9iq4,1,0
20261008,UCSes4X8uDrpc4X46hJKjejg,MEHDJ9V-lIk,104,5,7,Thrl52f53NQ,1,0
20261008,UCSes4X8uDrpc4X46hJKjejg,MEHDJ9V-lIk,104,4,7,TmAV91vSFmA,1,0
20261008,UCSes4X8uDrpc4X46hJKjejg,MEHDJ9V-lIk,104,5,7,TrYebu9thxY,1,1
20261008,UCSes4X8uDrpc4X46hJKjejg,MEHDJ9V-lIk,104,5,7,TzP_UlvAyvM,1,0
20261008,UCSes4X8uDrpc4X46hJKjejg,MEHDJ9V-lIk,104,5,7,U2qa504TGDU,1,0
20261008,UCSes4X8uDrpc4X46hJKjejg,MEHDJ9V-lIk,104,4,7,U4p7UxTkxgo,1,0
20261008,UCSes4X8uDrpc4X46hJKjejg,MEHDJ9V-lIk,104,5,7,U6EtFkksbkY,2,0
20261008,UCSes4X8uDrpc4X46hJKjejg,MEHDJ9V-lIk,101,2,7,U84tKkt4cuM,1,0
20261008,UCSes4X8uDrpc4X46hJKjejg,MEHDJ9V-lIk,101,2,7,UH36eP4wySA,2,0
20261008,UCSes4X8uDrpc4X46hJKjejg,MEHDJ9V-lIk,101,30,7,UJkMoVVZklI,1,0
20261008,UCSes4X8uDrpc4X46hJKjejg,MEHDJ9V-lIk,101,2,7,UMal3urvKTI,1,0
20261008,UCSes4X8uDrpc4X46hJKjejg,MEHDJ9V-lIk,102,4,7,URPobLgNsN4,1,0
20261008,UCSes4X8uDrpc4X46hJKjejg,MEHDJ9V-lIk,105,5,7,USW8yf4L-R4,1,0
20261008,UCSes4X8uDrpc4X46hJKjejg,MEHDJ9V-lIk,101,2,7,UWGGTPrTV3M,1,0
20261008,UCSes4X8uDrpc4X46hJKjejg,MEHDJ9V-lIk,102,1,7,UWGGTPrTV3M,1,0
20261008,UCSes4X8uDrpc4X46hJKjejg,MEHDJ9V-lIk,104,4,7,UWGGTPrTV3M,2,0
20261008,UCSes4X8uDrpc4X46hJKjejg,MEHDJ9V-lIk,101,9,7,UXNV9RVXZE0,1,0
20261008,UCSes4X8uDrpc4X46hJKjejg,MEHDJ9V-lIk,104,5,7,UaM8YSMrvE0,1,0
20261008,UCSes4X8uDrpc4X46hJKjejg,MEHDJ9V-lIk,104,5,7,UbnbxE0VZIo,2,0
20261008,UCSes4X8uDrpc4X46hJKjejg,MEHDJ9V-lIk,104,5,7,Ud48JdSoSJs,1,0
20261008,UCSes4X8uDrpc4X46hJKjejg,MEHDJ9V-lIk,104,4,7,Ug9h-xTAk9o,1,0
20261008,UCSes4X8uDrpc4X46hJKjejg,MEHDJ9V-lIk,104,4,7,Ujism0Knzlk,1,0
20261008,UCSes4X8uDrpc4X46hJKjejg,MEHDJ9V-lIk,101,2,7,Ulq2vRcfcpI,1,0
20261008,UCSes4X8uDrpc4X46hJKjejg,MEHDJ9V-lIk,101,2,7,UnPkS1m9ecM,1,0
20261008,UCSes4X8uDrpc4X46hJKjejg,MEHDJ9V-lIk,102,26,7,Ur2HxyGcRIo,1,0
20261008,UCSes4X8uDrpc4X46hJKjejg,MEHDJ9V-lIk,102,4,7,UrK4HkFjBNI,1,0
20261008,UCSes4X8uDrpc4X46hJKjejg,MEHDJ9V-lIk,104,5,7,UskLh1DPE-U,2,0
20261008,UCSes4X8uDrpc4X46hJKjejg,MEHDJ9V-lIk,103,17,7,Uu3sYmr9nUs,1,0
20261008,UCSes4X8uDrpc4X46hJKjejg,MEHDJ9V-lIk,102,26,7,UvVmtIzLdbM,1,0
20261008,UCSes4X8uDrpc4X46hJKjejg,MEHDJ9V-lIk,101,9,7,Uwaj8it4t3k,1,1
20261008,UCSes4X8uDrpc4X46hJKjejg,MEHDJ9V-lIk,104,5,7,V3PZvcR79Ys,1,0
20261008,UCSes4X8uDrpc4X46hJKjejg,MEHDJ9V-lIk,101,2,7,V9iHIQCzVq0,1,0
20261008,UCSes4X8uDrpc4X46hJKjejg,MEHDJ9V-lIk,101,2,7,VALHpTT4Ib8,1,0
20261008,UCSes4X8uDrpc4X46hJKjejg,MEHDJ9V-lIk,104,4,7,VDYWa-qfzRI,1,1
20261008,UCSes4X8uDrpc4X46hJKjejg,MEHDJ9V-lIk,101,2,7,VFLvTfQ9Wi8,1,0
20261008,UCSes4X8uDrpc4X46hJKjejg,MEHDJ9V-lIk,101,2,7,VG3PNvlPOlk,10,0
20261008,UCSes4X8uDrpc4X46hJKjejg,MEHDJ9V-lIk,101,9,7,VG3PNvlPOlk,5,0
20261008,UCSes4X8uDrpc4X46hJKjejg,MEHDJ9V-lIk,104,4,7,VG3PNvlPOlk,5,0
20261008,UCSes4X8uDrpc4X46hJKjejg,MEHDJ9V-lIk,104,5,7,VG3PNvlPOlk,11,0
20261008,UCSes4X8uDrpc4X46hJKjejg,MEHDJ9V-lIk,105,5,7,VG3PNvlPOlk,1,0
20261008,UCSes4X8uDrpc4X46hJKjejg,MEHDJ9V-lIk,104,4,7,VIjksuzWx5s,1,0
20261008,UCSes4X8uDrpc4X46hJKjejg,MEHDJ9V-lIk,101,9,7,VLRs7pOlsdw,1,0
20261008,UCSes4X8uDrpc4X46hJKjejg,MEHDJ9V-lIk,101,9,7,VMl0Dk8MLg0,1,0
20261008,UCSes4X8uDrpc4X46hJKjejg,MEHDJ9V-lIk,101,2,7,VXm1cs1iLK8,1,0
20261008,UCSes4X8uDrpc4X46hJKjejg,MEHDJ9V-lIk,101,2,7,VYTythcbJAI,1,0
20261008,UCSes4X8uDrpc4X46hJKjejg,MEHDJ9V-lIk,101,2,7,VZ8tQ7nEbxY,1,0
20261008,UCSes4X8uDrpc4X46hJKjejg,MEHDJ9V-lIk,101,2,7,VZlBaxJ-c8U,1,0
20261008,UCSes4X8uDrpc4X46hJKjejg,MEHDJ9V-lIk,105,5,7,Vayu0zhVfWQ,1,0
20261008,UCSes4X8uDrpc4X46hJKjejg,MEHDJ9V-lIk,104,5,7,VgtHYr0u3Bg,1,0
20261008,UCSes4X8uDrpc4X46hJKjejg,MEHDJ9V-lIk,104,5,7,VmaYVBE1T_M,1,0
20261008,UCSes4X8uDrpc4X46hJKjejg,MEHDJ9V-lIk,105,5,7,Vo3hMve7xNc,1,0
20261008,UCSes4X8uDrpc4X46hJKjejg,MEHDJ9V-lIk,101,2,7,VpMwlZTozhU,1,0
20261008,UCSes4X8uDrpc4X46hJKjejg,MEHDJ9V-lIk,101,9,7,VqfjLyjVMN0,1,0
20261008,UCSes4X8uDrpc4X46hJKjejg,MEHDJ9V-lIk,104,5,7,Vqk9s3D9CVA,2,0
20261008,UCSes4X8uDrpc4X46hJKjejg,MEHDJ9V-lIk,104,4,7,W5Z1x3OzlJw,1,0
20261008,UCSes4X8uDrpc4X46hJKjejg,MEHDJ9V-lIk,104,4,7,W6BkSpDgA4U,1,0
20261008,UCSes4X8uDrpc4X46hJKjejg,MEHDJ9V-lIk,101,2,7,WAMGGT7uK64,3,0
20261008,UCSes4X8uDrpc4X46hJKjejg,MEHDJ9V-lIk,102,1,7,WAMGGT7uK64,1,0
20261008,UCSes4X8uDrpc4X46hJKjejg,MEHDJ9V-lIk,104,4,7,WAMGGT7uK64,1,0
20261008,UCSes4X8uDrpc4X46hJKjejg,MEHDJ9V-lIk,104,5,7,WAMGGT7uK64,2,0
20261008,UCSes4X8uDrpc4X46hJKjejg,MEHDJ9V-lIk,104,5,7,WAYYE5BMG6c,1,0
20261008,UCSes4X8uDrpc4X46hJKjejg,MEHDJ9V-lIk,101,30,7,WLDE9LrGpNk,1,0
20261008,UCSes4X8uDrpc4X46hJKjejg,MEHDJ9V-lIk,102,26,7,WLDE9LrGpNk,1,0
20261008,UCSes4X8uDrpc4X46hJKjejg,MEHDJ9V-lIk,104,4,7,WMjNb9G4HzE,1,0
20261008,UCSes4X8uDrpc4X46hJKjejg,MEHDJ9V-lIk,104,4,7,WPRZcvauCU4,1,0
20261008,UCSes4X8uDrpc4X46hJKjejg,MEHDJ9V-lIk,104,4,7,WTaJshEi_fM,1,0
20261008,UCSes4X8uDrpc4X46hJKjejg,MEHDJ9V-lIk,101,2,7,WV29R1M25n8,1,0
20261008,UCSes4X8uDrpc4X46hJKjejg,MEHDJ9V-lIk,102,28,7,WWlxDpIN5Gc,1,0
20261008,UCSes4X8uDrpc4X46hJKjejg,MEHDJ9V-lIk,101,2,7,WX8MZKAby5U,1,0
20261008,UCSes4X8uDrpc4X46hJKjejg,MEHDJ9V-lIk,101,2,7,WYPwoLTSZLo,1,0
20261008,UCSes4X8uDrpc4X46hJKjejg,MEHDJ9V-lIk,101,2,7,W_lpBFYUE20,2,0
20261008,UCSes4X8uDrpc4X46hJKjejg,MEHDJ9V-lIk,101,2,7,WdU46CNkXpA,1,0
20261008,UCSes4X8uDrpc4X46hJKjejg,MEHDJ9V-lIk,102,29,7,WeB7hKevY1c,1,0
20261008,UCSes4X8uDrpc4X46hJKjejg,MEHDJ9V-lIk,104,4,7,Wf0gMHQqUFg,1,0
20261008,UCSes4X8uDrpc4X46hJKjejg,MEHDJ9V-lIk,104,5,7,WikJrnpzxfE,2,0
20261008,UCSes4X8uDrpc4X46hJKjejg,MEHDJ9V-lIk,101,2,7,WnEsAqtIMrU,1,0
20261008,UCSes4X8uDrpc4X46hJKjejg,MEHDJ9V-lIk,104,5,7,WoO9af_SM-k,2,0
20261008,UCSes4X8uDrpc4X46hJKjejg,MEHDJ9V-lIk,101,2,7,WpIpCUnKcww,2,0
20261008,UCSes4X8uDrpc4X46hJKjejg,MEHDJ9V-lIk,101,9,7,WuvOgz1jf-M,2,0
20261008,UCSes4X8uDrpc4X46hJKjejg,MEHDJ9V-lIk,102,19,7,WuvOgz1jf-M,1,0
20261008,UCSes4X8uDrpc4X46hJKjejg,MEHDJ9V-lIk,101,2,7,Wyd3Xhd9u3Y,1,0
20261008,UCSes4X8uDrpc4X46hJKjejg,MEHDJ9V-lIk,101,2,7,X0vUKYpF6W8,1,0
20261008,UCSes4X8uDrpc4X46hJKjejg,MEHDJ9V-lIk,104,5,7,X4-MZWBJtMU,1,0
20261008,UCSes4X8uDrpc4X46hJKjejg,MEHDJ9V-lIk,104,5,7,X5Veqgb9Y0A,1,0
20261008,UCSes4X8uDrpc4X46hJKjejg,MEHDJ9V-lIk,101,9,7,X7BaeEKcYTg,1,0
20261008,UCSes4X8uDrpc4X46hJKjejg,MEHDJ9V-lIk,101,2,7,XCjBGjjMKCM,1,0
20261008,UCSes4X8uDrpc4X46hJKjejg,MEHDJ9V-lIk,104,5,7,XEcb5zr7vWc,1,0
20261008,UCSes4X8uDrpc4X46hJKjejg,MEHDJ9V-lIk,101,2,7,XIBcA0R6AD4,2,0
20261008,UCSes4X8uDrpc4X46hJKjejg,MEHDJ9V-lIk,102,26,7,XIBcA0R6AD4,1,0
20261008,UCSes4X8uDrpc4X46hJKjejg,MEHDJ9V-lIk,104,5,7,XIBcA0R6AD4,2,0
20261008,UCSes4X8uDrpc4X46hJKjejg,MEHDJ9V-lIk,101,2,7,XIF9Ty9f6os,1,0
20261008,UCSes4X8uDrpc4X46hJKjejg,MEHDJ9V-lIk,104,4,7,XIF9Ty9f6os,1,0
20261008,UCSes4X8uDrpc4X46hJKjejg,MEHDJ9V-lIk,101,9,7,XPGWDtB665E,1,0
20261008,UCSes4X8uDrpc4X46hJKjejg,MEHDJ9V-lIk,104,5,7,XQs2TWLW_U4,2,0
20261008,UCSes4X8uDrpc4X46hJKjejg,MEHDJ9V-lIk,101,2,7,XTGlwLovDD0,1,0
20261008,UCSes4X8uDrpc4X46hJKjejg,MEHDJ9V-lIk,101,9,7,XUrOPXFKt8Q,1,0
20261008,UCSes4X8uDrpc4X46hJKjejg,MEHDJ9V-lIk,105,5,7,XZ0FKt5afYI,1,0
20261008,UCSes4X8uDrpc4X46hJKjejg,MEHDJ9V-lIk,104,5,7,XaKhxtYThqM,1,0
20261008,UCSes4X8uDrpc4X46hJKjejg,MEHDJ9V-lIk,104,5,7,XpT03Fjkfc4,2,0
20261008,UCSes4X8uDrpc4X46hJKjejg,MEHDJ9V-lIk,105,5,7,XpT03Fjkfc4,1,0
20261008,UCSes4X8uDrpc4X46hJKjejg,MEHDJ9V-lIk,101,2,7,XxywEBPyvHY,1,0
20261008,UCSes4X8uDrpc4X46hJKjejg,MEHDJ9V-lIk,101,9,7,Xzwh9MWkemk,1,0
20261008,UCSes4X8uDrpc4X46hJKjejg,MEHDJ9V-lIk,101,9,7,Y-s9rgRmGBs,1,0
20261008,UCSes4X8uDrpc4X46hJKjejg,MEHDJ9V-lIk,101,2,7,Y4wO_D_s50Y,3,0
20261008,UCSes4X8uDrpc4X46hJKjejg,MEHDJ9V-lIk,102,19,7,Y4wO_D_s50Y,1,0
20261008,UCSes4X8uDrpc4X46hJKjejg,MEHDJ9V-lIk,102,26,7,Y4wO_D_s50Y,1,0
20261008,UCSes4X8uDrpc4X46hJKjejg,MEHDJ9V-lIk,102,28,7,Y4wO_D_s50Y,1,0
20261008,UCSes4X8uDrpc4X46hJKjejg,MEHDJ9V-lIk,104,4,7,Y4wO_D_s50Y,3,0
20261008,UCSes4X8uDrpc4X46hJKjejg,MEHDJ9V-lIk,104,5,7,Y4wO_D_s50Y,3,0
20261008,UCSes4X8uDrpc4X46hJKjejg,MEHDJ9V-lIk,101,9,7,Y9inbefSygo,1,0
20261008,UCSes4X8uDrpc4X46hJKjejg,MEHDJ9V-lIk,102,29,7,YGiIvuGfLEI,1,0
20261008,UCSes4X8uDrpc4X46hJKjejg,MEHDJ9V-lIk,101,9,7,YHZYH1PtD60,1,0
20261008,UCSes4X8uDrpc4X46hJKjejg,MEHDJ9V-lIk,101,2,7,YLSizW3vDMg,2,0
20261008,UCSes4X8uDrpc4X46hJKjejg,MEHDJ9V-lIk,101,9,7,YLSizW3vDMg,1,0
20261008,UCSes4X8uDrpc4X46hJKjejg,MEHDJ9V-lIk,104,4,7,YLSizW3vDMg,3,0
20261008,UCSes4X8uDrpc4X46hJKjejg,MEHDJ9V-lIk,101,2,7,YMDS01a9knc,1,0
20261008,UCSes4X8uDrpc4X46hJKjejg,MEHDJ9V-lIk,101,2,7,YMTM-RwgBRw,1,0
20261008,UCSes4X8uDrpc4X46hJKjejg,MEHDJ9V-lIk,104,5,7,YOx8SictHJI,1,0
20261008,UCSes4X8uDrpc4X46hJKjejg,MEHDJ9V-lIk,104,5,7,YQyHutUYTXU,2,0
20261008,UCSes4X8uDrpc4X46hJKjejg,MEHDJ9V-lIk,101,9,7,YTD-8ZT6sng,1,0
20261008,UCSes4X8uDrpc4X46hJKjejg,MEHDJ9V-lIk,102,4,7,YTD-8ZT6sng,1,0
20261008,UCSes4X8uDrpc4X46hJKjejg,MEHDJ9V-lIk,104,4,7,YTD-8ZT6sng,3,0
20261008,UCSes4X8uDrpc4X46hJKjejg,MEHDJ9V-lIk,104,5,7,YTD-8ZT6sng,2,0
20261008,UCSes4X8uDrpc4X46hJKjejg,MEHDJ9V-lIk,105,5,7,YTD-8ZT6sng,1,0
20261008,UCSes4X8uDrpc4X46hJKjejg,MEHDJ9V-lIk,105,4,7,Ya7o3w_1H7s,1,0
20261008,UCSes4X8uDrpc4X46hJKjejg,MEHDJ9V-lIk,101,2,7,Yd1pqZ5ehKc,1,0
20261008,UCSes4X8uDrpc4X46hJKjejg,MEHDJ9V-lIk,101,2,7,YfFnCV8elA4,1,0
20261008,UCSes4X8uDrpc4X46hJKjejg,MEHDJ9V-lIk,101,2,7,YgettVmw-3A,1,0
20261008,UCSes4X8uDrpc4X46hJKjejg,MEHDJ9V-lIk,104,5,7,YuLfFqPFrkc,1,0
20261008,UCSes4X8uDrpc4X46hJKjejg,MEHDJ9V-lIk,101,2,7,YwiAbwFECx4,1,0
20261008,UCSes4X8uDrpc4X46hJKjejg,MEHDJ9V-lIk,101,1,7,Z0IsaSJLyUQ,1,0
20261008,UCSes4X8uDrpc4X46hJKjejg,MEHDJ9V-lIk,104,4,7,Z5HumuL7F9U,1,0
20261008,UCSes4X8uDrpc4X46hJKjejg,MEHDJ9V-lIk,101,30,7,ZBcLkaJPa78,1,0
20261008,UCSes4X8uDrpc4X46hJKjejg,MEHDJ9V-lIk,101,2,7,ZF8_xxXFZGI,1,0
20261008,UCSes4X8uDrpc4X46hJKjejg,MEHDJ9V-lIk,104,5,7,ZKVC6jbfFnw,1,0
20261008,UCSes4X8uDrpc4X46hJKjejg,MEHDJ9V-lIk,104,5,7,ZNkMD78UjRs,1,0
20261008,UCSes4X8uDrpc4X46hJKjejg,MEHDJ9V-lIk,104,4,7,ZPfCFfcwFB0,2,0
20261008,UCSes4X8uDrpc4X46hJKjejg,MEHDJ9V-lIk,105,5,7,ZZcuKTepGdk,1,0
20261008,UCSes4X8uDrpc4X46hJKjejg,MEHDJ9V-lIk,104,4,7,ZfQXOxPmzWY,1,0
20261008,UCSes4X8uDrpc4X46hJKjejg,MEHDJ9V-lIk,104,4,7,ZjaFzu89pE0,1,0
20261008,UCSes4X8uDrpc4X46hJKjejg,MEHDJ9V-lIk,101,9,7,Zlb5WKq8lFs,1,0
20261008,UCSes4X8uDrpc4X46hJKjejg,MEHDJ9V-lIk,101,9,7,Zlvit2pMo7E,1,0
20261008,UCSes4X8uDrpc4X46hJKjejg,MEHDJ9V-lIk,105,5,7,ZmEubFet8SA,1,0
20261008,UCSes4X8uDrpc4X46hJKjejg,MEHDJ9V-lIk,101,2,7,ZqQLUAC2AwE,1,0
20261008,UCSes4X8uDrpc4X46hJKjejg,MEHDJ9V-lIk,102,4,7,Zwflh93CUa0,1,0
20261008,UCSes4X8uDrpc4X46hJKjejg,MEHDJ9V-lIk,102,4,7,_2utdeWP6UI,1,0
20261008,UCSes4X8uDrpc4X46hJKjejg,MEHDJ9V-lIk,104,5,7,_9UETrVNLa4,2,0
20261008,UCSes4X8uDrpc4X46hJKjejg,MEHDJ9V-lIk,104,4,7,_JN9uLAFVIk,1,0
20261008,UCSes4X8uDrpc4X46hJKjejg,MEHDJ9V-lIk,104,5,7,_Xzu74m54hE,2,0
20261008,UCSes4X8uDrpc4X46hJKjejg,MEHDJ9V-lIk,101,9,7,_iiMVRlFcVs,1,0
20261008,UCSes4X8uDrpc4X46hJKjejg,MEHDJ9V-lIk,104,5,7,_kE8MDDQIGA,1,0
20261008,UCSes4X8uDrpc4X46hJKjejg,MEHDJ9V-lIk,105,5,7,_k_mKN1-M9I,1,0
20261008,UCSes4X8uDrpc4X46hJKjejg,MEHDJ9V-lIk,104,5,7,_zBaPBFjIBg,2,0.5
20261008,UCSes4X8uDrpc4X46hJKjejg,MEHDJ9V-lIk,101,9,7,a-AewBT7xvY,1,0
20261008,UCSes4X8uDrpc4X46hJKjejg,MEHDJ9V-lIk,104,4,7,a4QxVUlkYpw,1,0
20261008,UCSes4X8uDrpc4X46hJKjejg,MEHDJ9V-lIk,103,17,7,aT1JtMjCRkw,1,1
20261008,UCSes4X8uDrpc4X46hJKjejg,MEHDJ9V-lIk,104,5,7,aZoep31PgYE,1,0
20261008,UCSes4X8uDrpc4X46hJKjejg,MEHDJ9V-lIk,104,4,7,a_tO8yPlZ44,1,0
20261008,UCSes4X8uDrpc4X46hJKjejg,MEHDJ9V-lIk,104,5,7,acIQpINBJng,1,0
20261008,UCSes4X8uDrpc4X46hJKjejg,MEHDJ9V-lIk,104,5,7,aiOFBvFWJ3w,2,0
20261008,UCSes4X8uDrpc4X46hJKjejg,MEHDJ9V-lIk,101,2,7,ajxdyY-uBX0,1,0
20261008,UCSes4X8uDrpc4X46hJKjejg,MEHDJ9V-lIk,102,19,7,akv_q5nOKhg,1,0
20261008,UCSes4X8uDrpc4X46hJKjejg,MEHDJ9V-lIk,101,2,7,aqAbmYh7eAM,1,0
20261008,UCSes4X8uDrpc4X46hJKjejg,MEHDJ9V-lIk,101,9,7,as2iZ5EDsiY,1,0
20261008,UCSes4X8uDrpc4X46hJKjejg,MEHDJ9V-lIk,101,2,7,b18yyakMdDg,1,0
20261008,UCSes4X8uDrpc4X46hJKjejg,MEHDJ9V-lIk,101,2,7,b7wdaOqzCso,1,0
20261008,UCSes4X8uDrpc4X46hJKjejg,MEHDJ9V-lIk,104,5,7,b9mRHZoZNM0,1,0
20261008,UCSes4X8uDrpc4X46hJKjejg,MEHDJ9V-lIk,105,5,7,b9mRHZoZNM0,1,0
20261008,UCSes4X8uDrpc4X46hJKjejg,MEHDJ9V-lIk,101,2,7,bCyim1QyFhM,1,0
20261008,UCSes4X8uDrpc4X46hJKjejg,MEHDJ9V-lIk,104,5,7,bEHtEG-KZQ8,1,0
20261008,UCSes4X8uDrpc4X46hJKjejg,MEHDJ9V-lIk,104,4,7,bEcSogiDwTw,1,0
20261008,UCSes4X8uDrpc4X46hJKjejg,MEHDJ9V-lIk,104,4,7,bGsB5Kb9-gc,1,0
20261008,UCSes4X8uDrpc4X46hJKjejg,MEHDJ9V-lIk,104,4,7,bNu5OQz3gag,1,0
20261008,UCSes4X8uDrpc4X46hJKjejg,MEHDJ9V-lIk,104,4,7,bV7tuPbWHjU,2,0
20261008,UCSes4X8uDrpc4X46hJKjejg,MEHDJ9V-lIk,104,5,7,bZ33Hp-vaPk,1,0
20261008,UCSes4X8uDrpc4X46hJKjejg,MEHDJ9V-lIk,102,4,7,bcm-Ilhq-jo,1,0
20261008,UCSes4X8uDrpc4X46hJKjejg,MEHDJ9V-lIk,104,5,7,bdunOrUO5ik,1,0
20261008,UCSes4X8uDrpc4X46hJKjejg,MEHDJ9V-lIk,104,4,7,bhCC9-B84VY,1,0
20261008,UCSes4X8uDrpc4X46hJKjejg,MEHDJ9V-lIk,101,2,7,bohX5DO2d1s,2,0
20261008,UCSes4X8uDrpc4X46hJKjejg,MEHDJ9V-lIk,101,9,7,c-79vLhegoE,1,0
20261008,UCSes4X8uDrpc4X46hJKjejg,MEHDJ9V-lIk,101,2,7,c5I14A_VoSo,1,0
20261008,UCSes4X8uDrpc4X46hJKjejg,MEHDJ9V-lIk,102,29,7,c5I14A_VoSo,1,0
20261008,UCSes4X8uDrpc4X46hJKjejg,MEHDJ9V-lIk,104,5,7,cEdD3qte78U,1,0
20261008,UCSes4X8uDrpc4X46hJKjejg,MEHDJ9V-lIk,101,2,7,cIv2La-BYN4,1,0
20261008,UCSes4X8uDrpc4X46hJKjejg,MEHDJ9V-lIk,101,9,7,cN24o2HOk-g,1,0
20261008,UCSes4X8uDrpc4X46hJKjejg,MEHDJ9V-lIk,104,4,7,cNJPZ_9Q_1U,1,0
20261008,UCSes4X8uDrpc4X46hJKjejg,MEHDJ9V-lIk,104,5,7,cOzkFRgWBRM,1,0
20261008,UCSes4X8uDrpc4X46hJKjejg,MEHDJ9V-lIk,101,2,7,cbo60ubOf0E,1,0
20261008,UCSes4X8uDrpc4X46hJKjejg,MEHDJ9V-lIk,101,9,7,cbo60ubOf0E,1,0
20261008,UCSes4X8uDrpc4X46hJKjejg,MEHDJ9V-lIk,104,5,7,cbo60ubOf0E,3,0
20261008,UCSes4X8uDrpc4X46hJKjejg,MEHDJ9V-lIk,104,5,7,cbz9xEKkGNk,2,0
20261008,UCSes4X8uDrpc4X46hJKjejg,MEHDJ9V-lIk,101,2,7,ciQFexuKYZI,1,0
20261008,UCSes4X8uDrpc4X46hJKjejg,MEHDJ9V-lIk,101,2,7,cmdrePV8Fu4,1,0
20261008,UCSes4X8uDrpc4X46hJKjejg,MEHDJ9V-lIk,104,4,7,crV1oSkLoO8,1,0
20261008,UCSes4X8uDrpc4X46hJKjejg,MEHDJ9V-lIk,101,9,7,cxLJC02ICNI,1,0
20261008,UCSes4X8uDrpc4X46hJKjejg,MEHDJ9V-lIk,101,2,7,czwSep19t2w,1,0
20261008,UCSes4X8uDrpc4X46hJKjejg,MEHDJ9V-lIk,103,17,7,d0yRnyBTxEg,1,1
20261008,UCSes4X8uDrpc4X46hJKjejg,MEHDJ9V-lIk,101,2,7,d3UR2LVzxiY,1,0
20261008,UCSes4X8uDrpc4X46hJKjejg,MEHDJ9V-lIk,101,9,7,dE8ykRW1X2w,1,0
20261008,UCSes4X8uDrpc4X46hJKjejg,MEHDJ9V-lIk,104,4,7,dIwTTDPZ62o,1,0
20261008,UCSes4X8uDrpc4X46hJKjejg,MEHDJ9V-lIk,101,2,7,dOL0FkSzzxQ,1,0
20261008,UCSes4X8uDrpc4X46hJKjejg,MEHDJ9V-lIk,101,2,7,dU7gCt-7kKk,1,0
20261008,UCSes4X8uDrpc4X46hJKjejg,MEHDJ9V-lIk,101,2,7,d_3FZl4esdM,1,0
20261008,UCSes4X8uDrpc4X46hJKjejg,MEHDJ9V-lIk,104,4,7,dhyLJCcTR5k,1,0
20261008,UCSes4X8uDrpc4X46hJKjejg,MEHDJ9V-lIk,104,5,7,dq1ARiTV1bU,1,0
20261008,UCSes4X8uDrpc4X46hJKjejg,MEHDJ9V-lIk,102,19,7,dvlK4K8hess,1,0
20261008,UCSes4X8uDrpc4X46hJKjejg,MEHDJ9V-lIk,101,2,7,e99wjeT5-LM,1,0
20261008,UCSes4X8uDrpc4X46hJKjejg,MEHDJ9V-lIk,104,5,7,e99wjeT5-LM,1,0
20261008,UCSes4X8uDrpc4X46hJKjejg,MEHDJ9V-lIk,104,5,7,eAgaotAr68Y,1,0
20261008,UCSes4X8uDrpc4X46hJKjejg,MEHDJ9V-lIk,101,2,7,eBMLhmJxlfk,1,0
20261008,UCSes4X8uDrpc4X46hJKjejg,MEHDJ9V-lIk,104,4,7,eHUW6-WFxHE,1,0
20261008,UCSes4X8uDrpc4X46hJKjejg,MEHDJ9V-lIk,104,4,7,eIxYggcjfKc,1,0
20261008,UCSes4X8uDrpc4X46hJKjejg,MEHDJ9V-lIk,101,2,7,eOEuyXBOkr8,1,0
20261008,UCSes4X8uDrpc4X46hJKjejg,MEHDJ9V-lIk,104,4,7,eXf3bW9zpnI,1,0
20261008,UCSes4X8uDrpc4X46hJKjejg,MEHDJ9V-lIk,102,19,7,edunwwSfVmk,1,1
20261008,UCSes4X8uDrpc4X46hJKjejg,MEHDJ9V-lIk,101,2,7,ee3Y1qp_Wx4,1,0
20261008,UCSes4X8uDrpc4X46hJKjejg,MEHDJ9V-lIk,104,5,7,egNGR-yyGkY,1,0
20261008,UCSes4X8uDrpc4X46hJKjejg,MEHDJ9V-lIk,104,4,7,ekBDH95Ge14,1,0
20261008,UCSes4X8uDrpc4X46hJKjejg,MEHDJ9V-lIk,104,4,7,el7ooe-Oxhc,1,0
20261008,UCSes4X8uDrpc4X46hJKjejg,MEHDJ9V-lIk,104,5,7,elTfVGF8IA8,1,0
20261008,UCSes4X8uDrpc4X46hJKjejg,MEHDJ9V-lIk,104,5,7,enQMqq-equA,1,0
20261008,UCSes4X8uDrpc4X46hJKjejg,MEHDJ9V-lIk,104,5,7,erZirhR6hss,1,0
20261008,UCSes4X8uDrpc4X46hJKjejg,MEHDJ9V-lIk,101,2,7,evky2467aSM,1,0
20261008,UCSes4X8uDrpc4X46hJKjejg,MEHDJ9V-lIk,105,5,7,f2NEwDpT2FM,1,0
20261008,UCSes4X8uDrpc4X46hJKjejg,MEHDJ9V-lIk,104,5,7,f3WFSL36oZo,1,0
20261008,UCSes4X8uDrpc4X46hJKjejg,MEHDJ9V-lIk,105,5,7,fPJu6y1XE0Y,1,0
20261008,UCSes4X8uDrpc4X46hJKjejg,MEHDJ9V-lIk,104,5,7,fQwPKlflonQ,1,0
20261008,UCSes4X8uDrpc4X46hJKjejg,MEHDJ9V-lIk,104,5,7,fVRCLwMUyus,2,0
20261008,UCSes4X8uDrpc4X46hJKjejg,MEHDJ9V-lIk,104,5,7,fdiz7dwdYAY,1,0
20261008,UCSes4X8uDrpc4X46hJKjejg,MEHDJ9V-lIk,104,5,7,fePUGfUGqjw,1,0
20261008,UCSes4X8uDrpc4X46hJKjejg,MEHDJ9V-lIk,104,4,7,fiqfrZTZ1tE,1,0
20261008,UCSes4X8uDrpc4X46hJKjejg,MEHDJ9V-lIk,101,9,7,fnZ5loZU1bg,1,0
20261008,UCSes4X8uDrpc4X46hJKjejg,MEHDJ9V-lIk,104,4,7,fogmHX3XWE4,1,0
20261008,UCSes4X8uDrpc4X46hJKjejg,MEHDJ9V-lIk,104,5,7,fqIDeNUWL2U,2,0
20261008,UCSes4X8uDrpc4X46hJKjejg,MEHDJ9V-lIk,101,2,7,fuO7RaLgGaA,1,0
20261008,UCSes4X8uDrpc4X46hJKjejg,MEHDJ9V-lIk,101,9,7,fw1oOxmM7U8,1,0
20261008,UCSes4X8uDrpc4X46hJKjejg,MEHDJ9V-lIk,101,2,7,fz1NNaEKhNM,1,0
20261008,UCSes4X8uDrpc4X46hJKjejg,MEHDJ9V-lIk,103,10,7,g60EiiBdu7U,1,0
20261008,UCSes4X8uDrpc4X46hJKjejg,MEHDJ9V-lIk,102,19,7,gBCUZNIdW-8,1,0
20261008,UCSes4X8uDrpc4X46hJKjejg,MEHDJ9V-lIk,101,9,7,gF4rmpvlGtI,1,0
20261008,UCSes4X8uDrpc4X46hJKjejg,MEHDJ9V-lIk,101,2,7,gKP6VJDvvWw,1,0
20261008,UCSes4X8uDrpc4X46hJKjejg,MEHDJ9V-lIk,104,4,7,gKi6Z7ciDcQ,1,0
20261008,UCSes4X8uDrpc4X46hJKjejg,MEHDJ9V-lIk,104,5,7,gLc27JSXtBg,1,0
20261008,UCSes4X8uDrpc4X46hJKjejg,MEHDJ9V-lIk,104,5,7,gN8bV2KeaoQ,2,0
20261008,UCSes4X8uDrpc4X46hJKjejg,MEHDJ9V-lIk,104,5,7,gUvTfiI7M-s,1,0
20261008,UCSes4X8uDrpc4X46hJKjejg,MEHDJ9V-lIk,104,5,7,giRZ-Cw59XY,2,0
20261008,UCSes4X8uDrpc4X46hJKjejg,MEHDJ9V-lIk,104,5,7,gjIS99n8pnE,1,0
20261008,UCSes4X8uDrpc4X46hJKjejg,MEHDJ9V-lIk,102,29,7,h301lB2_79A,1,0
20261008,UCSes4X8uDrpc4X46hJKjejg,MEHDJ9V-lIk,104,5,7,h301lB2_79A,1,0
20261008,UCSes4X8uDrpc4X46hJKjejg,MEHDJ9V-lIk,104,4,7,h3hMnJd4W-E,1,0
20261008,UCSes4X8uDrpc4X46hJKjejg,MEHDJ9V-lIk,101,9,7,hEb0hNxA0YM,1,0
20261008,UCSes4X8uDrpc4X46hJKjejg,MEHDJ9V-lIk,104,5,7,hGGzkL_N9Ms,1,0
20261008,UCSes4X8uDrpc4X46hJKjejg,MEHDJ9V-lIk,101,9,7,hOBZxhjy3UQ,1,0
20261008,UCSes4X8uDrpc4X46hJKjejg,MEHDJ9V-lIk,101,2,7,hPge9W1emZI,1,0
20261008,UCSes4X8uDrpc4X46hJKjejg,MEHDJ9V-lIk,101,2,7,hXO-wgLpvgI,1,0
20261008,UCSes4X8uDrpc4X46hJKjejg,MEHDJ9V-lIk,105,5,7,h_PucG45s34,1,0
20261008,UCSes4X8uDrpc4X46hJKjejg,MEHDJ9V-lIk,101,2,7,hbwCdzUJrrA,1,0
20261008,UCSes4X8uDrpc4X46hJKjejg,MEHDJ9V-lIk,104,5,7,hfljaniMuHU,1,0
20261008,UCSes4X8uDrpc4X46hJKjejg,MEHDJ9V-lIk,104,4,7,hqGa61PfvOg,1,0
20261008,UCSes4X8uDrpc4X46hJKjejg,MEHDJ9V-lIk,104,5,7,hqGa61PfvOg,3,0
20261008,UCSes4X8uDrpc4X46hJKjejg,MEHDJ9V-lIk,104,4,7,hrjzF9r4DpQ,1,0
20261008,UCSes4X8uDrpc4X46hJKjejg,MEHDJ9V-lIk,101,2,7,hwkHy-Wq1sg,1,0
20261008,UCSes4X8uDrpc4X46hJKjejg,MEHDJ9V-lIk,104,5,7,hx82qAPL0bI,1,1
20261008,UCSes4X8uDrpc4X46hJKjejg,MEHDJ9V-lIk,104,5,7,i1marIu5OLs,1,0
20261008,UCSes4X8uDrpc4X46hJKjejg,MEHDJ9V-lIk,104,4,7,i6NSX_OcHzY,1,0
20261008,UCSes4X8uDrpc4X46hJKjejg,MEHDJ9V-lIk,102,28,7,iD0Qu6hCvY4,1,0
20261008,UCSes4X8uDrpc4X46hJKjejg,MEHDJ9V-lIk,104,4,7,iHntyWvhki8,1,0
20261008,UCSes4X8uDrpc4X46hJKjejg,MEHDJ9V-lIk,104,4,7,iKQeViI999k,1,0
20261008,UCSes4X8uDrpc4X46hJKjejg,MEHDJ9V-lIk,101,2,7,iO8sMe488SI,2,0
20261008,UCSes4X8uDrpc4X46hJKjejg,MEHDJ9V-lIk,104,4,7,iO8sMe488SI,1,0
20261008,UCSes4X8uDrpc4X46hJKjejg,MEHDJ9V-lIk,104,5,7,iO8sMe488SI,2,0
20261008,UCSes4X8uDrpc4X46hJKjejg,MEHDJ9V-lIk,102,4,7,iOOzrG4hTvQ,1,0
20261008,UCSes4X8uDrpc4X46hJKjejg,MEHDJ9V-lIk,104,5,7,iaM4qJ5PBko,1,0
20261008,UCSes4X8uDrpc4X46hJKjejg,MEHDJ9V-lIk,105,5,7,iaWIGOkT5bE,1,0
20261008,UCSes4X8uDrpc4X46hJKjejg,MEHDJ9V-lIk,102,22,7,icYp4uzBraw,1,0
20261008,UCSes4X8uDrpc4X46hJKjejg,MEHDJ9V-lIk,101,2,7,id7anZGZFfs,2,0
20261008,UCSes4X8uDrpc4X46hJKjejg,MEHDJ9V-lIk,102,19,7,iheUEoYpvnE,1,0
20261008,UCSes4X8uDrpc4X46hJKjejg,MEHDJ9V-lIk,101,2,7,iqnoX27hef0,1,0
20261008,UCSes4X8uDrpc4X46hJKjejg,MEHDJ9V-lIk,104,5,7,iyjgmpLIBeY,1,0
20261008,UCSes4X8uDrpc4X46hJKjejg,MEHDJ9V-lIk,104,5,7,iz4dqJd72Ns,2,0
20261008,UCSes4X8uDrpc4X46hJKjejg,MEHDJ9V-lIk,104,5,7,j0H6cF3P41U,1,0
20261008,UCSes4X8uDrpc4X46hJKjejg,MEHDJ9V-lIk,101,2,7,j2q3HHAvFf0,1,0
20261008,UCSes4X8uDrpc4X46hJKjejg,MEHDJ9V-lIk,104,4,7,j6zfhLoC1vo,1,0
20261008,UCSes4X8uDrpc4X46hJKjejg,MEHDJ9V-lIk,104,4,7,jIVtiEU9x28,1,0
20261008,UCSes4X8uDrpc4X46hJKjejg,MEHDJ9V-lIk,104,5,7,jR3E3DwPenQ,1,0
20261008,UCSes4X8uDrpc4X46hJKjejg,MEHDJ9V-lIk,101,2,7,jS2BGeau2gM,1,0
20261008,UCSes4X8uDrpc4X46hJKjejg,MEHDJ9V-lIk,104,5,7,jW-dfrom6AI,2,0
20261008,UCSes4X8uDrpc4X46hJKjejg,MEHDJ9V-lIk,104,4,7,jXJ3H19vNWI,1,0
20261008,UCSes4X8uDrpc4X46hJKjejg,MEHDJ9V-lIk,104,4,7,jXyR96q1rWA,1,0
20261008,UCSes4X8uDrpc4X46hJKjejg,MEHDJ9V-lIk,101,2,7,jZz7CpTQZfc,1,0
20261008,UCSes4X8uDrpc4X46hJKjejg,MEHDJ9V-lIk,101,9,7,jZz7CpTQZfc,2,0
20261008,UCSes4X8uDrpc4X46hJKjejg,MEHDJ9V-lIk,102,4,7,jhMvYqyVoHw,1,0
20261008,UCSes4X8uDrpc4X46hJKjejg,MEHDJ9V-lIk,104,5,7,jhMvYqyVoHw,1,0
20261008,UCSes4X8uDrpc4X46hJKjejg,MEHDJ9V-lIk,104,4,7,jlRO4hgCQVc,1,0
20261008,UCSes4X8uDrpc4X46hJKjejg,MEHDJ9V-lIk,104,4,7,jv4BQdGkbZM,1,0
20261008,UCSes4X8uDrpc4X46hJKjejg,MEHDJ9V-lIk,101,2,7,jyG3Chuaq4k,1,0
20261008,UCSes4X8uDrpc4X46hJKjejg,MEHDJ9V-lIk,104,4,7,jyG3Chuaq4k,1,0
20261008,UCSes4X8uDrpc4X46hJKjejg,MEHDJ9V-lIk,104,4,7,k-Ui_-K3vVA,1,0
20261008,UCSes4X8uDrpc4X46hJKjejg,MEHDJ9V-lIk,103,10,7,k5OyiDblFCA,1,0
20261008,UCSes4X8uDrpc4X46hJKjejg,MEHDJ9V-lIk,101,2,7,kFA_daZrer8,5,0
20261008,UCSes4X8uDrpc4X46hJKjejg,MEHDJ9V-lIk,101,9,7,kFA_daZrer8,2,0
20261008,UCSes4X8uDrpc4X46hJKjejg,MEHDJ9V-lIk,104,4,7,kFA_daZrer8,1,0
20261008,UCSes4X8uDrpc4X46hJKjejg,MEHDJ9V-lIk,104,5,7,kFA_daZrer8,3,0
20261008,UCSes4X8uDrpc4X46hJKjejg,MEHDJ9V-lIk,104,5,7,kKlAEOr4z6w,1,0
20261008,UCSes4X8uDrpc4X46hJKjejg,MEHDJ9V-lIk,104,5,7,kUZxUwFWhwg,2,0
20261008,UCSes4X8uDrpc4X46hJKjejg,MEHDJ9V-lIk,104,4,7,kV5WZN8t_yQ,1,0
20261008,UCSes4X8uDrpc4X46hJKjejg,MEHDJ9V-lIk,102,4,7,kWgIhHEg_Nk,1,0
20261008,UCSes4X8uDrpc4X46hJKjejg,MEHDJ9V-lIk,105,5,7,kWgIhHEg_Nk,1,0
20261008,UCSes4X8uDrpc4X46hJKjejg,MEHDJ9V-lIk,104,5,7,kZ-lFYzqJO8,1,0
20261008,UCSes4X8uDrpc4X46hJKjejg,MEHDJ9V-lIk,104,5,7,kdG_LIT7O-4,1,0
20261008,UCSes4X8uDrpc4X46hJKjejg,MEHDJ9V-lIk,104,5,7,ki7l34sGNpk,1,0
20261008,UCSes4X8uDrpc4X46hJKjejg,MEHDJ9V-lIk,104,5,7,kpLxL7Uvsxw,1,0
20261008,UCSes4X8uDrpc4X46hJKjejg,MEHDJ9V-lIk,104,4,7,kqgWptXtLco,1,0
20261008,UCSes4X8uDrpc4X46hJKjejg,MEHDJ9V-lIk,101,2,7,kspjSJENMjA,1,0
20261008,UCSes4X8uDrpc4X46hJKjejg,MEHDJ9V-lIk,104,5,7,kyXghj2PkVI,1,0
20261008,UCSes4X8uDrpc4X46hJKjejg,MEHDJ9V-lIk,104,5,7,l9AKB-uT34w,1,0
20261008,UCSes4X8uDrpc4X46hJKjejg,MEHDJ9V-lIk,101,2,7,lESNiOgSkLM,1,0
20261008,UCSes4X8uDrpc4X46hJKjejg,MEHDJ9V-lIk,105,5,7,lJ2_PV1XFnU,1,0
20261008,UCSes4X8uDrpc4X46hJKjejg,MEHDJ9V-lIk,104,5,7,lM0NPUuexOc,3,0
20261008,UCSes4X8uDrpc4X46hJKjejg,MEHDJ9V-lIk,101,2,7,lNeewdi3x6A,1,0
20261008,UCSes4X8uDrpc4X46hJKjejg,MEHDJ9V-lIk,101,2,7,lQ5KKON76hU,1,0
20261008,UCSes4X8uDrpc4X46hJKjejg,MEHDJ9V-lIk,101,9,7,lQ5KKON76hU,3,0
20261008,UCSes4X8uDrpc4X46hJKjejg,MEHDJ9V-lIk,101,9,7,lTV7EGEjzoA,1,0
20261008,UCSes4X8uDrpc4X46hJKjejg,MEHDJ9V-lIk,102,19,7,lTV7EGEjzoA,2,0
20261008,UCSes4X8uDrpc4X46hJKjejg,MEHDJ9V-lIk,104,4,7,lTV7EGEjzoA,1,0
20261008,UCSes4X8uDrpc4X46hJKjejg,MEHDJ9V-lIk,104,5,7,ld0ogtSdens,1,0
20261008,UCSes4X8uDrpc4X46hJKjejg,MEHDJ9V-lIk,101,2,7,lhf03M5PpQE,1,0
20261008,UCSes4X8uDrpc4X46hJKjejg,MEHDJ9V-lIk,101,1,7,lmdhllqDb8w,1,0
20261008,UCSes4X8uDrpc4X46hJKjejg,MEHDJ9V-lIk,104,5,7,lpnh2GFWPY0,1,0
20261008,UCSes4X8uDrpc4X46hJKjejg,MEHDJ9V-lIk,101,2,7,lv8yVsXz9uw,1,0
20261008,UCSes4X8uDrpc4X46hJKjejg,MEHDJ9V-lIk,104,4,7,m-C9guCdYBQ,1,0
20261008,UCSes4X8uDrpc4X46hJKjejg,MEHDJ9V-lIk,101,2,7,m8iCG9eaJP0,1,0
20261008,UCSes4X8uDrpc4X46hJKjejg,MEHDJ9V-lIk,104,4,7,mD3UYbHl7AQ,1,0
20261008,UCSes4X8uDrpc4X46hJKjejg,MEHDJ9V-lIk,104,5,7,mICa638fCEc,1,0
20261008,UCSes4X8uDrpc4X46hJKjejg,MEHDJ9V-lIk,104,4,7,mK4wj7x1qXs,1,0
20261008,UCSes4X8uDrpc4X46hJKjejg,MEHDJ9V-lIk,101,2,7,mLbnP9FBmrM,5,0
20261008,UCSes4X8uDrpc4X46hJKjejg,MEHDJ9V-lIk,104,4,7,mLbnP9FBmrM,1,0
20261008,UCSes4X8uDrpc4X46hJKjejg,MEHDJ9V-lIk,104,5,7,mLbnP9FBmrM,6,0
20261008,UCSes4X8uDrpc4X46hJKjejg,MEHDJ9V-lIk,104,5,7,mM6N9YrOTkw,1,0
20261008,UCSes4X8uDrpc4X46hJKjejg,MEHDJ9V-lIk,101,9,7,mRZqHzDG_c8,1,0
20261008,UCSes4X8uDrpc4X46hJKjejg,MEHDJ9V-lIk,104,4,7,mVxNqA-YckM,1,0
20261008,UCSes4X8uDrpc4X46hJKjejg,MEHDJ9V-lIk,104,5,7,mf_fVR1UM_U,1,0
20261008,UCSes4X8uDrpc4X46hJKjejg,MEHDJ9V-lIk,101,2,7,mgGc6tE4-yU,1,0
20261008,UCSes4X8uDrpc4X46hJKjejg,MEHDJ9V-lIk,101,2,7,mgXGQYUaE0g,3,0
20261008,UCSes4X8uDrpc4X46hJKjejg,MEHDJ9V-lIk,101,9,7,mgXGQYUaE0g,1,0
20261008,UCSes4X8uDrpc4X46hJKjejg,MEHDJ9V-lIk,104,4,7,mgXGQYUaE0g,1,0
20261008,UCSes4X8uDrpc4X46hJKjejg,MEHDJ9V-lIk,104,5,7,mgXGQYUaE0g,2,0
20261008,UCSes4X8uDrpc4X46hJKjejg,MEHDJ9V-lIk,101,9,7,mgczibf4YdY,1,0
20261008,UCSes4X8uDrpc4X46hJKjejg,MEHDJ9V-lIk,104,5,7,miFHTiUeL1M,1,0
20261008,UCSes4X8uDrpc4X46hJKjejg,MEHDJ9V-lIk,104,5,7,mj-oQQYxvR0,1,0
20261008,UCSes4X8uDrpc4X46hJKjejg,MEHDJ9V-lIk,101,2,7,mlSvMK3eQAA,1,0
20261008,UCSes4X8uDrpc4X46hJKjejg,MEHDJ9V-lIk,102,31,7,mwkzQX61lKE,1,0
20261008,UCSes4X8uDrpc4X46hJKjejg,MEHDJ9V-lIk,102,4,7,mzGvOMY6iAs,1,1
20261008,UCSes4X8uDrpc4X46hJKjejg,MEHDJ9V-lIk,101,2,7,n3XXFu40AQs,1,0
20261008,UCSes4X8uDrpc4X46hJKjejg,MEHDJ9V-lIk,102,26,7,n90Ahw-GQco,1,0
20261008,UCSes4X8uDrpc4X46hJKjejg,MEHDJ9V-lIk,101,2,7,nApyM_UHnuc,1,0
20261008,UCSes4X8uDrpc4X46hJKjejg,MEHDJ9V-lIk,104,5,7,nBXpm5LsAmM,1,0
20261008,UCSes4X8uDrpc4X46hJKjejg,MEHDJ9V-lIk,101,2,7,nC6-DHRJVH8,1,0
20261008,UCSes4X8uDrpc4X46hJKjejg,MEHDJ9V-lIk,101,2,7,nHKAumF9-vs,1,0
20261008,UCSes4X8uDrpc4X46hJKjejg,MEHDJ9V-lIk,104,5,7,nRf4xDP22Kw,1,0
20261008,UCSes4X8uDrpc4X46hJKjejg,MEHDJ9V-lIk,105,5,7,nRlptDHZWb4,1,0
20261008,UCSes4X8uDrpc4X46hJKjejg,MEHDJ9V-lIk,105,5,7,nSNIbv1uNS8,1,0
20261008,UCSes4X8uDrpc4X46hJKjejg,MEHDJ9V-lIk,104,4,7,nZys00jj6DU,1,0
20261008,UCSes4X8uDrpc4X46hJKjejg,MEHDJ9V-lIk,102,19,7,nssk7BCOSyk,1,0
20261008,UCSes4X8uDrpc4X46hJKjejg,MEHDJ9V-lIk,104,5,7,o0LTC4i_qLw,2,0
20261008,UCSes4X8uDrpc4X46hJKjejg,MEHDJ9V-lIk,104,4,7,o18hSTSMlsk,1,0
20261008,UCSes4X8uDrpc4X46hJKjejg,MEHDJ9V-lIk,104,5,7,oA46pJ14j0I,1,0
20261008,UCSes4X8uDrpc4X46hJKjejg,MEHDJ9V-lIk,102,4,7,oAbPwe_kY4M,1,0
20261008,UCSes4X8uDrpc4X46hJKjejg,MEHDJ9V-lIk,104,5,7,oCjCAH53q_c,1,0
20261008,UCSes4X8uDrpc4X46hJKjejg,MEHDJ9V-lIk,104,5,7,oHGVOXOwQ7M,1,0
20261008,UCSes4X8uDrpc4X46hJKjejg,MEHDJ9V-lIk,102,1,7,oKOdBMWr3EA,1,0
20261008,UCSes4X8uDrpc4X46hJKjejg,MEHDJ9V-lIk,101,2,7,oKoehJCl-zs,1,0
20261008,UCSes4X8uDrpc4X46hJKjejg,MEHDJ9V-lIk,101,9,7,oMkcN31W6n0,1,0
20261008,UCSes4X8uDrpc4X46hJKjejg,MEHDJ9V-lIk,104,5,7,oNMImWKqx3Q,2,0
20261008,UCSes4X8uDrpc4X46hJKjejg,MEHDJ9V-lIk,104,5,7,oOgthYtU3UI,1,0
20261008,UCSes4X8uDrpc4X46hJKjejg,MEHDJ9V-lIk,105,5,7,oS06iNRsJmA,1,0
20261008,UCSes4X8uDrpc4X46hJKjejg,MEHDJ9V-lIk,104,4,7,oTJRtlk4rmE,1,0
20261008,UCSes4X8uDrpc4X46hJKjejg,MEHDJ9V-lIk,101,2,7,oTVcfbZlB-s,2,0
20261008,UCSes4X8uDrpc4X46hJKjejg,MEHDJ9V-lIk,101,2,7,okMbuCVmYeo,1,0
20261008,UCSes4X8uDrpc4X46hJKjejg,MEHDJ9V-lIk,104,5,7,opypqWy0Y00,1,0
20261008,UCSes4X8uDrpc4X46hJKjejg,MEHDJ9V-lIk,102,26,7,oqgZ_kPrgUo,1,0
20261008,UCSes4X8uDrpc4X46hJKjejg,MEHDJ9V-lIk,102,12,7,otrPJXv9d9M,1,0
20261008,UCSes4X8uDrpc4X46hJKjejg,MEHDJ9V-lIk,104,4,7,ouYtDUBEUTs,1,0
20261008,UCSes4X8uDrpc4X46hJKjejg,MEHDJ9V-lIk,101,2,7,oxg2Sg7mYhI,1,0
20261008,UCSes4X8uDrpc4X46hJKjejg,MEHDJ9V-lIk,101,9,7,p-1QlI2f5ys,1,0
20261008,UCSes4X8uDrpc4X46hJKjejg,MEHDJ9V-lIk,104,5,7,p1R-J-X3xuk,2,0
20261008,UCSes4X8uDrpc4X46hJKjejg,MEHDJ9V-lIk,104,4,7,pAWj5v-A0W8,2,0
20261008,UCSes4X8uDrpc4X46hJKjejg,MEHDJ9V-lIk,104,5,7,pAWj5v-A0W8,1,0
20261008,UCSes4X8uDrpc4X46hJKjejg,MEHDJ9V-lIk,104,4,7,pFNUkSrOoVE,1,0
20261008,UCSes4X8uDrpc4X46hJKjejg,MEHDJ9V-lIk,104,5,7,pFNUkSrOoVE,2,0
20261008,UCSes4X8uDrpc4X46hJKjejg,MEHDJ9V-lIk,102,19,7,pFwvEk3i9VA,1,0
20261008,UCSes4X8uDrpc4X46hJKjejg,MEHDJ9V-lIk,104,4,7,pFwvEk3i9VA,1,0
20261008,UCSes4X8uDrpc4X46hJKjejg,MEHDJ9V-lIk,104,5,7,pFwvEk3i9VA,2,0
20261008,UCSes4X8uDrpc4X46hJKjejg,MEHDJ9V-lIk,105,5,7,pFwvEk3i9VA,1,0
20261008,UCSes4X8uDrpc4X46hJKjejg,MEHDJ9V-lIk,102,19,7,pKd93WShfno,1,0
20261008,UCSes4X8uDrpc4X46hJKjejg,MEHDJ9V-lIk,104,4,7,pKosnj_B5Dg,1,0
20261008,UCSes4X8uDrpc4X46hJKjejg,MEHDJ9V-lIk,101,2,7,pMidXQOMkWM,1,0
20261008,UCSes4X8uDrpc4X46hJKjejg,MEHDJ9V-lIk,104,4,7,pN7KOp4LmkA,1,0
20261008,UCSes4X8uDrpc4X46hJKjejg,MEHDJ9V-lIk,104,5,7,pPO70qaxOJM,1,0
20261008,UCSes4X8uDrpc4X46hJKjejg,MEHDJ9V-lIk,101,9,7,pWCQrmx8beo,1,0
20261008,UCSes4X8uDrpc4X46hJKjejg,MEHDJ9V-lIk,104,5,7,pWCQrmx8beo,1,0
20261008,UCSes4X8uDrpc4X46hJKjejg,MEHDJ9V-lIk,101,2,7,pbaz8MiklWc,1,0
20261008,UCSes4X8uDrpc4X46hJKjejg,MEHDJ9V-lIk,101,2,7,pcJU6FJGnY0,1,0
20261008,UCSes4X8uDrpc4X46hJKjejg,MEHDJ9V-lIk,104,4,7,ploHR84-9UA,1,0
20261008,UCSes4X8uDrpc4X46hJKjejg,MEHDJ9V-lIk,102,4,7,pt-83eeT62I,1,0
20261008,UCSes4X8uDrpc4X46hJKjejg,MEHDJ9V-lIk,102,29,7,pt-83eeT62I,1,0
20261008,UCSes4X8uDrpc4X46hJKjejg,MEHDJ9V-lIk,104,4,7,ptlLzoat-m8,2,0
20261008,UCSes4X8uDrpc4X46hJKjejg,MEHDJ9V-lIk,101,9,7,pxaozYQOzjc,1,0
20261008,UCSes4X8uDrpc4X46hJKjejg,MEHDJ9V-lIk,101,9,7,q4YTP1RYxxE,1,0
20261008,UCSes4X8uDrpc4X46hJKjejg,MEHDJ9V-lIk,104,4,7,q54Ro_uzfR4,1,0
20261008,UCSes4X8uDrpc4X46hJKjejg,MEHDJ9V-lIk,101,2,7,q8F6qNWCJck,1,0
20261008,UCSes4X8uDrpc4X46hJKjejg,MEHDJ9V-lIk,104,5,7,q8myAv_ZB_0,1,0
20261008,UCSes4X8uDrpc4X46hJKjejg,MEHDJ9V-lIk,104,5,7,q8nSQbjRRb4,2,0
20261008,UCSes4X8uDrpc4X46hJKjejg,MEHDJ9V-lIk,101,2,7,qJ6xSzNIbQg,2,0
20261008,UCSes4X8uDrpc4X46hJKjejg,MEHDJ9V-lIk,101,2,7,qTLy5vyslD0,1,0
20261008,UCSes4X8uDrpc4X46hJKjejg,MEHDJ9V-lIk,102,12,7,qaBMR1Y6XB8,1,0
20261008,UCSes4X8uDrpc4X46hJKjejg,MEHDJ9V-lIk,104,5,7,qapkulfBAGo,1,0
20261008,UCSes4X8uDrpc4X46hJKjejg,MEHDJ9V-lIk,104,5,7,qbt7QQd0TSc,1,0
20261008,UCSes4X8uDrpc4X46hJKjejg,MEHDJ9V-lIk,101,9,7,qkNI7sjW0Dk,1,0
20261008,UCSes4X8uDrpc4X46hJKjejg,MEHDJ9V-lIk,104,5,7,qkzFgOfosqA,1,0
20261008,UCSes4X8uDrpc4X46hJKjejg,MEHDJ9V-lIk,101,2,7,qyejrBpWAm8,1,0
20261008,UCSes4X8uDrpc4X46hJKjejg,MEHDJ9V-lIk,104,4,7,r-lIquzV234,1,1
20261008,UCSes4X8uDrpc4X46hJKjejg,MEHDJ9V-lIk,101,2,7,r2C9BzmQekE,1,0
20261008,UCSes4X8uDrpc4X46hJKjejg,MEHDJ9V-lIk,104,5,7,r43pbWrk3no,2,0
20261008,UCSes4X8uDrpc4X46hJKjejg,MEHDJ9V-lIk,101,9,7,r4VGy5kswYQ,1,0
20261008,UCSes4X8uDrpc4X46hJKjejg,MEHDJ9V-lIk,104,4,7,rEGzpWZ6fRU,2,0
20261008,UCSes4X8uDrpc4X46hJKjejg,MEHDJ9V-lIk,101,9,7,rGGq11K40Gw,1,1
20261008,UCSes4X8uDrpc4X46hJKjejg,MEHDJ9V-lIk,101,2,7,rQEBfJoFhko,1,0
20261008,UCSes4X8uDrpc4X46hJKjejg,MEHDJ9V-lIk,104,5,7,rR6LHIJEEPM,1,0
20261008,UCSes4X8uDrpc4X46hJKjejg,MEHDJ9V-lIk,101,2,7,rYmIAFnAkpk,1,0
20261008,UCSes4X8uDrpc4X46hJKjejg,MEHDJ9V-lIk,101,9,7,rYmIAFnAkpk,1,0
20261008,UCSes4X8uDrpc4X46hJKjejg,MEHDJ9V-lIk,102,4,7,rYmIAFnAkpk,1,0
20261008,UCSes4X8uDrpc4X46hJKjejg,MEHDJ9V-lIk,103,10,7,rYmIAFnAkpk,1,0
20261008,UCSes4X8uDrpc4X46hJKjejg,MEHDJ9V-lIk,104,4,7,rYmIAFnAkpk,4,0
20261008,UCSes4X8uDrpc4X46hJKjejg,MEHDJ9V-lIk,104,5,7,rYmIAFnAkpk,4,0
20261008,UCSes4X8uDrpc4X46hJKjejg,MEHDJ9V-lIk,101,2,7,re4f3Foyd0g,1,0
20261008,UCSes4X8uDrpc4X46hJKjejg,MEHDJ9V-lIk,101,9,7,rqSOSU4X7P8,1,0
20261008,UCSes4X8uDrpc4X46hJKjejg,MEHDJ9V-lIk,104,4,7,rqYAcQrMFmU,1,0
20261008,UCSes4X8uDrpc4X46hJKjejg,MEHDJ9V-lIk,104,5,7,rqYAcQrMFmU,1,0
20261008,UCSes4X8uDrpc4X46hJKjejg,MEHDJ9V-lIk,101,2,7,rqqeRL8qS-4,1,0
20261008,UCSes4X8uDrpc4X46hJKjejg,MEHDJ9V-lIk,101,9,7,rs4hpj7Gx0Q,1,0
20261008,UCSes4X8uDrpc4X46hJKjejg,MEHDJ9V-lIk,104,4,7,s1neXIcImjk,1,0
20261008,UCSes4X8uDrpc4X46hJKjejg,MEHDJ9V-lIk,104,5,7,s3MLMVMOqdM,1,0
20261008,UCSes4X8uDrpc4X46hJKjejg,MEHDJ9V-lIk,102,19,7,s6O2b1tmLss,1,0
20261008,UCSes4X8uDrpc4X46hJKjejg,MEHDJ9V-lIk,104,4,7,s6RntKVmFHQ,1,0
20261008,UCSes4X8uDrpc4X46hJKjejg,MEHDJ9V-lIk,104,5,7,s76FrMMz5Tk,1,1
20261008,UCSes4X8uDrpc4X46hJKjejg,MEHDJ9V-lIk,101,9,7,s85-xcsbwEw,1,0
20261008,UCSes4X8uDrpc4X46hJKjejg,MEHDJ9V-lIk,102,31,7,s8ZjqHwSrUM,1,1
20261008,UCSes4X8uDrpc4X46hJKjejg,MEHDJ9V-lIk,101,2,7,sG2vjlU9x7I,1,0
20261008,UCSes4X8uDrpc4X46hJKjejg,MEHDJ9V-lIk,104,5,7,sGbxmsDFVnE,1,0
20261008,UCSes4X8uDrpc4X46hJKjejg,MEHDJ9V-lIk,101,9,7,sL8f6Dkc8Os,1,0
20261008,UCSes4X8uDrpc4X46hJKjejg,MEHDJ9V-lIk,104,4,7,sLzTBABa1Rc,1,0
20261008,UCSes4X8uDrpc4X46hJKjejg,MEHDJ9V-lIk,104,4,7,sOvVYlH9Rgs,1,1
20261008,UCSes4X8uDrpc4X46hJKjejg,MEHDJ9V-lIk,105,5,7,sWln1YmI12k,1,0
20261008,UCSes4X8uDrpc4X46hJKjejg,MEHDJ9V-lIk,104,5,7,sa2PGTns9zM,2,0
20261008,UCSes4X8uDrpc4X46hJKjejg,MEHDJ9V-lIk,104,4,7,seAEBuagp8g,1,0
20261008,UCSes4X8uDrpc4X46hJKjejg,MEHDJ9V-lIk,104,4,7,sh2tiaLmpNM,1,0
20261008,UCSes4X8uDrpc4X46hJKjejg,MEHDJ9V-lIk,104,4,7,skVtCipIHaw,2,0
20261008,UCSes4X8uDrpc4X46hJKjejg,MEHDJ9V-lIk,105,5,7,sm6GMEHIgGE,1,0
20261008,UCSes4X8uDrpc4X46hJKjejg,MEHDJ9V-lIk,104,5,7,so4RNeOKgko,1,0
20261008,UCSes4X8uDrpc4X46hJKjejg,MEHDJ9V-lIk,101,2,7,suCQUVxYzMk,1,0
20261008,UCSes4X8uDrpc4X46hJKjejg,MEHDJ9V-lIk,104,4,7,t3LA_ACa3-c,1,0
20261008,UCSes4X8uDrpc4X46hJKjejg,MEHDJ9V-lIk,104,4,7,tBDpvt437xM,1,0
20261008,UCSes4X8uDrpc4X46hJKjejg,MEHDJ9V-lIk,101,2,7,tBuHy4Wan7E,1,0
20261008,UCSes4X8uDrpc4X46hJKjejg,MEHDJ9V-lIk,104,5,7,tBuHy4Wan7E,1,0
20261008,UCSes4X8uDrpc4X46hJKjejg,MEHDJ9V-lIk,101,2,7,tJYRLl_koIU,1,0
20261008,UCSes4X8uDrpc4X46hJKjejg,MEHDJ9V-lIk,104,5,7,tNtjlJevpfI,1,0
20261008,UCSes4X8uDrpc4X46hJKjejg,MEHDJ9V-lIk,104,4,7,tQsPT4ejEpU,1,0
20261008,UCSes4X8uDrpc4X46hJKjejg,MEHDJ9V-lIk,104,5,7,tcOUJSLzgmI,1,0
20261008,UCSes4X8uDrpc4X46hJKjejg,MEHDJ9V-lIk,101,2,7,tlJ-QDcURFU,1,0
20261008,UCSes4X8uDrpc4X46hJKjejg,MEHDJ9V-lIk,102,1,7,tpJ3bKcxZgs,1,0
20261008,UCSes4X8uDrpc4X46hJKjejg,MEHDJ9V-lIk,101,9,7,tsLX-eEvqxo,1,0
20261008,UCSes4X8uDrpc4X46hJKjejg,MEHDJ9V-lIk,101,2,7,tz1Rr_6s9LU,1,0
20261008,UCSes4X8uDrpc4X46hJKjejg,MEHDJ9V-lIk,104,5,7,u4HrLEemVvM,2,0
20261008,UCSes4X8uDrpc4X46hJKjejg,MEHDJ9V-lIk,104,5,7,u5eCKERAgiU,2,0
20261008,UCSes4X8uDrpc4X46hJKjejg,MEHDJ9V-lIk,104,4,7,u5lxAbAotXc,1,0
20261008,UCSes4X8uDrpc4X46hJKjejg,MEHDJ9V-lIk,104,5,7,u7pFmTLVepA,1,0
20261008,UCSes4X8uDrpc4X46hJKjejg,MEHDJ9V-lIk,101,2,7,uDp8EFXtjt0,1,0
20261008,UCSes4X8uDrpc4X46hJKjejg,MEHDJ9V-lIk,101,2,7,uFT1qIvpHIE,2,0
20261008,UCSes4X8uDrpc4X46hJKjejg,MEHDJ9V-lIk,105,5,7,uKMMxHZtZPo,1,0
20261008,UCSes4X8uDrpc4X46hJKjejg,MEHDJ9V-lIk,104,4,7,uOq2xjW79Bs,2,0
20261008,UCSes4X8uDrpc4X46hJKjejg,MEHDJ9V-lIk,101,2,7,uPV1Nt7Sjos,1,0
20261008,UCSes4X8uDrpc4X46hJKjejg,MEHDJ9V-lIk,101,2,7,uXvxbGU1t6s,2,0
20261008,UCSes4X8uDrpc4X46hJKjejg,MEHDJ9V-lIk,102,26,7,uZCxNeggjxk,1,0
20261008,UCSes4X8uDrpc4X46hJKjejg,MEHDJ9V-lIk,104,4,7,u_N8LAJVWtc,1,1
20261008,UCSes4X8uDrpc4X46hJKjejg,MEHDJ9V-lIk,104,5,7,u_N8LAJVWtc,1,0
20261008,UCSes4X8uDrpc4X46hJKjejg,MEHDJ9V-lIk,101,2,7,ucXd-7P988E,1,0
20261008,UCSes4X8uDrpc4X46hJKjejg,MEHDJ9V-lIk,104,4,7,ucwym9sWya0,1,0
20261008,UCSes4X8uDrpc4X46hJKjejg,MEHDJ9V-lIk,101,9,7,udXji38miCw,1,0
20261008,UCSes4X8uDrpc4X46hJKjejg,MEHDJ9V-lIk,101,9,7,uhN2MSYlV7E,1,0
20261008,UCSes4X8uDrpc4X46hJKjejg,MEHDJ9V-lIk,104,4,7,uhNs0C6JHcE,1,0
20261008,UCSes4X8uDrpc4X46hJKjejg,MEHDJ9V-lIk,105,4,7,uj7WS4-8nJc,1,0
20261008,UCSes4X8uDrpc4X46hJKjejg,MEHDJ9V-lIk,101,9,7,uk1MVG9GsT0,1,0
20261008,UCSes4X8uDrpc4X46hJKjejg,MEHDJ9V-lIk,101,2,7,ulQKaOeVKQs,1,0
20261008,UCSes4X8uDrpc4X46hJKjejg,MEHDJ9V-lIk,101,2,7,uqzJiKl60ZE,1,0
20261008,UCSes4X8uDrpc4X46hJKjejg,MEHDJ9V-lIk,101,2,7,utaXShiBT8k,1,0
20261008,UCSes4X8uDrpc4X46hJKjejg,MEHDJ9V-lIk,102,19,7,utrDThB9tRk,1,0
20261008,UCSes4X8uDrpc4X46hJKjejg,MEHDJ9V-lIk,101,9,7,v59xZnflLUw,1,0
20261008,UCSes4X8uDrpc4X46hJKjejg,MEHDJ9V-lIk,104,5,7,vAFt7AnJoGg,2,0
20261008,UCSes4X8uDrpc4X46hJKjejg,MEHDJ9V-lIk,104,5,7,vBNIN5yS-5o,1,0
20261008,UCSes4X8uDrpc4X46hJKjejg,MEHDJ9V-lIk,101,9,7,vFNFz6Bq8tg,1,0
20261008,UCSes4X8uDrpc4X46hJKjejg,MEHDJ9V-lIk,101,2,7,vLutAKr6G3A,2,0
20261008,UCSes4X8uDrpc4X46hJKjejg,MEHDJ9V-lIk,104,4,7,vLutAKr6G3A,3,0
20261008,UCSes4X8uDrpc4X46hJKjejg,MEHDJ9V-lIk,104,5,7,vLutAKr6G3A,2,0
20261008,UCSes4X8uDrpc4X46hJKjejg,MEHDJ9V-lIk,101,2,7,vQCsTJIThiQ,1,0
20261008,UCSes4X8uDrpc4X46hJKjejg,MEHDJ9V-lIk,101,9,7,vR-xpnzmkKc,1,0
20261008,UCSes4X8uDrpc4X46hJKjejg,MEHDJ9V-lIk,104,5,7,vYzBhyILzTI,1,0
20261008,UCSes4X8uDrpc4X46hJKjejg,MEHDJ9V-lIk,101,2,7,va9UO_BZn54,1,0
20261008,UCSes4X8uDrpc4X46hJKjejg,MEHDJ9V-lIk,101,9,7,va9UO_BZn54,1,0
20261008,UCSes4X8uDrpc4X46hJKjejg,MEHDJ9V-lIk,104,4,7,va9UO_BZn54,1,0
20261008,UCSes4X8uDrpc4X46hJKjejg,MEHDJ9V-lIk,104,5,7,va9UO_BZn54,4,0
20261008,UCSes4X8uDrpc4X46hJKjejg,MEHDJ9V-lIk,104,5,7,vdqmz_F7oBs,1,0
20261008,UCSes4X8uDrpc4X46hJKjejg,MEHDJ9V-lIk,104,4,7,vku212drcYc,1,0
20261008,UCSes4X8uDrpc4X46hJKjejg,MEHDJ9V-lIk,105,5,7,vl-AeMeCpqQ,1,0
20261008,UCSes4X8uDrpc4X46hJKjejg,MEHDJ9V-lIk,101,2,7,vm8kRKiFwNs,1,0
20261008,UCSes4X8uDrpc4X46hJKjejg,MEHDJ9V-lIk,101,9,7,vqsKhehN38A,1,0
20261008,UCSes4X8uDrpc4X46hJKjejg,MEHDJ9V-lIk,104,5,7,vqsKhehN38A,1,0
20261008,UCSes4X8uDrpc4X46hJKjejg,MEHDJ9V-lIk,104,5,7,vtSIbdwBZKc,1,0
20261008,UCSes4X8uDrpc4X46hJKjejg,MEHDJ9V-lIk,104,5,7,vycyJRltFkc,1,0
20261008,UCSes4X8uDrpc4X46hJKjejg,MEHDJ9V-lIk,104,5,7,vydSiDr_UMk,1,0
20261008,UCSes4X8uDrpc4X46hJKjejg,MEHDJ9V-lIk,104,4,7,w4ikcGLT6U4,1,0
20261008,UCSes4X8uDrpc4X46hJKjejg,MEHDJ9V-lIk,104,4,7,wAkRcWgVjfA,1,0
20261008,UCSes4X8uDrpc4X46hJKjejg,MEHDJ9V-lIk,104,5,7,wLb8B2gUO6E,3,0
20261008,UCSes4X8uDrpc4X46hJKjejg,MEHDJ9V-lIk,104,5,7,wOcGXv89L5Q,1,0
20261008,UCSes4X8uDrpc4X46hJKjejg,MEHDJ9V-lIk,101,2,7,wSpL9fVk6vs,1,0
20261008,UCSes4X8uDrpc4X46hJKjejg,MEHDJ9V-lIk,104,5,7,wV-sptItHs4,2,0
20261008,UCSes4X8uDrpc4X46hJKjejg,MEHDJ9V-lIk,101,2,7,wWvIpJfqxWk,2,0
20261008,UCSes4X8uDrpc4X46hJKjejg,MEHDJ9V-lIk,104,4,7,wYoMI_fcMgU,1,0
20261008,UCSes4X8uDrpc4X46hJKjejg,MEHDJ9V-lIk,101,2,7,weXBeW9TH8A,1,0
20261008,UCSes4X8uDrpc4X46hJKjejg,MEHDJ9V-lIk,104,5,7,wh_DVuMWhBs,1,0
20261008,UCSes4X8uDrpc4X46hJKjejg,MEHDJ9V-lIk,102,19,7,whx99tqb1NQ,1,0
20261008,UCSes4X8uDrpc4X46hJKjejg,MEHDJ9V-lIk,104,4,7,whx99tqb1NQ,1,0
20261008,UCSes4X8uDrpc4X46hJKjejg,MEHDJ9V-lIk,104,5,7,wx00qoZX68Y,1,0
20261008,UCSes4X8uDrpc4X46hJKjejg,MEHDJ9V-lIk,104,5,7,x61bnVyn2bI,1,0
20261008,UCSes4X8uDrpc4X46hJKjejg,MEHDJ9V-lIk,101,9,7,x6zydUpmvk8,1,0
20261008,UCSes4X8uDrpc4X46hJKjejg,MEHDJ9V-lIk,101,9,7,xCbqu3cA6gQ,1,0
20261008,UCSes4X8uDrpc4X46hJKjejg,MEHDJ9V-lIk,104,4,7,xEHlXKRgBxE,1,0
20261008,UCSes4X8uDrpc4X46hJKjejg,MEHDJ9V-lIk,101,2,7,xEjD0XNqi6c,1,0
20261008,UCSes4X8uDrpc4X46hJKjejg,MEHDJ9V-lIk,104,4,7,xHhrfN41Sd8,1,0
20261008,UCSes4X8uDrpc4X46hJKjejg,MEHDJ9V-lIk,101,2,7,xLrk0GeIN3w,1,0
20261008,UCSes4X8uDrpc4X46hJKjejg,MEHDJ9V-lIk,104,4,7,xM5Ee5EtewQ,1,0
20261008,UCSes4X8uDrpc4X46hJKjejg,MEHDJ9V-lIk,104,4,7,xNKPBMZHh7U,1,0
20261008,UCSes4X8uDrpc4X46hJKjejg,MEHDJ9V-lIk,104,4,7,xNw7RHr2-Hw,1,0
20261008,UCSes4X8uDrpc4X46hJKjejg,MEHDJ9V-lIk,101,9,7,xQRkpYGB6G4,1,0
20261008,UCSes4X8uDrpc4X46hJKjejg,MEHDJ9V-lIk,101,9,7,xR8EX-7FigY,1,0
20261008,UCSes4X8uDrpc4X46hJKjejg,MEHDJ9V-lIk,104,4,7,x_1GzcJfLw4,1,0
20261008,UCSes4X8uDrpc4X46hJKjejg,MEHDJ9V-lIk,104,4,7,xq-pdMBe5wo,1,0
20261008,UCSes4X8uDrpc4X46hJKjejg,MEHDJ9V-lIk,104,4,7,xroP9rTkvqQ,1,0
20261008,UCSes4X8uDrpc4X46hJKjejg,MEHDJ9V-lIk,101,9,7,y-Bny3yWABQ,1,0
20261008,UCSes4X8uDrpc4X46hJKjejg,MEHDJ9V-lIk,101,2,7,y1PBZ1gvRqw,1,0
20261008,UCSes4X8uDrpc4X46hJKjejg,MEHDJ9V-lIk,104,5,7,y5TX7AHDzvU,1,0
20261008,UCSes4X8uDrpc4X46hJKjejg,MEHDJ9V-lIk,104,4,7,y8YF7l8MbbA,1,0
20261008,UCSes4X8uDrpc4X46hJKjejg,MEHDJ9V-lIk,101,2,7,y8js21UYKz4,1,0
20261008,UCSes4X8uDrpc4X46hJKjejg,MEHDJ9V-lIk,104,5,7,yA5dEbCX4SU,1,0
20261008,UCSes4X8uDrpc4X46hJKjejg,MEHDJ9V-lIk,104,5,7,yCPDva_8gZQ,2,0
20261008,UCSes4X8uDrpc4X46hJKjejg,MEHDJ9V-lIk,104,5,7,yIeedrA_ikw,1,0
20261008,UCSes4X8uDrpc4X46hJKjejg,MEHDJ9V-lIk,101,2,7,yTJGhuWWnGo,1,0
20261008,UCSes4X8uDrpc4X46hJKjejg,MEHDJ9V-lIk,104,4,7,yTgG7dOoRI8,1,0
20261008,UCSes4X8uDrpc4X46hJKjejg,MEHDJ9V-lIk,104,5,7,yUMZSvw_XXg,1,0
20261008,UCSes4X8uDrpc4X46hJKjejg,MEHDJ9V-lIk,104,5,7,yVtyxXbPcgQ,1,0
20261008,UCSes4X8uDrpc4X46hJKjejg,MEHDJ9V-lIk,104,5,7,y_r_TibYxi4,1,0
20261008,UCSes4X8uDrpc4X46hJKjejg,MEHDJ9V-lIk,101,2,7,ydC2TadqiJo,1,0
20261008,UCSes4X8uDrpc4X46hJKjejg,MEHDJ9V-lIk,104,5,7,yp0SiKwjtM4,2,0
20261008,UCSes4X8uDrpc4X46hJKjejg,MEHDJ9V-lIk,101,9,7,z5B2V7c04mU,1,0
20261008,UCSes4X8uDrpc4X46hJKjejg,MEHDJ9V-lIk,104,5,7,zCsQ6ILLrrw,1,0
20261008,UCSes4X8uDrpc4X46hJKjejg,MEHDJ9V-lIk,104,5,7,zEKtHbS0YJ4,1,0
20261008,UCSes4X8uDrpc4X46hJKjejg,MEHDJ9V-lIk,104,5,7,zFHy8douW5U,1,0
20261008,UCSes4X8uDrpc4X46hJKjejg,MEHDJ9V-lIk,101,2,7,zFXIvJSxThk,1,0
20261008,UCSes4X8uDrpc4X46hJKjejg,MEHDJ9V-lIk,101,2,7,zHBgJqG1nJo,3,0
20261008,UCSes4X8uDrpc4X46hJKjejg,MEHDJ9V-lIk,104,5,7,zIoPjcx3fO0,1,0
20261008,UCSes4X8uDrpc4X46hJKjejg,MEHDJ9V-lIk,104,5,7,zMOcyndX63k,1,0
20261008,UCSes4X8uDrpc4X46hJKjejg,MEHDJ9V-lIk,101,9,7,zPeYu3NTDWY,1,0
20261008,UCSes4X8uDrpc4X46hJKjejg,MEHDJ9V-lIk,104,5,7,zWrnAxDFVZA,1,0
20261008,UCSes4X8uDrpc4X46hJKjejg,MEHDJ9V-lIk,104,5,7,zYO2Hw91H2s,3,0.33333333333333331
20261008,UCSes4X8uDrpc4X46hJKjejg,MEHDJ9V-lIk,101,2,7,zhlakWOfJaw,1,0
20261008,UCSes4X8uDrpc4X46hJKjejg,MEHDJ9V-lIk,101,2,7,zlPZsJkvKdw,1,0
20261008,UCSes4X8uDrpc4X46hJKjejg,MEHDJ9V-lIk,104,5,7,zne4sZGzpcc,1,0
20261008,UCSes4X8uDrpc4X46hJKjejg,MEHDJ9V-lIk,104,5,7,zqb_bIRIAVI,1,0
20261008,UCSes4X8uDrpc4X46hJKjejg,MEHDJ9V-lIk,102,4,7,zycQqAQKPKA,1,0
20261008,UCSes4X8uDrpc4X46hJKjejg,MEHDJ9V-lIk,101,9,14,PLUX35SISXxfyiDG6m94tFBoqsYT1BCmj_,1,0
20261008,UCSes4X8uDrpc4X46hJKjejg,MEHDJ9V-lIk,101,2,14,PLX3ZLYz4-6vE2_ZNLW5AfzbHTd1jTskDl,1,0
20261008,UCSes4X8uDrpc4X46hJKjejg,MEHDJ9V-lIk,101,9,14,PLX3ZLYz4-6vE2_ZNLW5AfzbHTd1jTskDl,2,0
20261008,UCSes4X8uDrpc4X46hJKjejg,MEHDJ9V-lIk,104,4,14,PLX3ZLYz4-6vE2_ZNLW5AfzbHTd1jTskDl,6,0.16666666666666666
20261008,UCSes4X8uDrpc4X46hJKjejg,MEHDJ9V-lIk,101,2,18,unknown,1,0
20261008,UCSes4X8uDrpc4X46hJKjejg,MEHDJ9V-lIk,101,9,18,unknown,3,0
20261008,UCSes4X8uDrpc4X46hJKjejg,MEHDJ9V-lIk,103,17,18,unknown,1,0
20261008,UCSes4X8uDrpc4X46hJKjejg,MEHDJ9V-lIk,104,4,18,unknown,2,0
20261008,UCSes4X8uDrpc4X46hJKjejg,MEHDJ9V-lIk,104,5,18,unknown,4,0
20261008,UCSes4X8uDrpc4X46hJKjejg,MEHDJ9V-lIk,105,5,18,unknown,2,0
20261008,UCSes4X8uDrpc4X46hJKjejg,MEbTI3xLESQ,105,5,3,what-to-watch,1,0
20261008,UCSes4X8uDrpc4X46hJKjejg,MGW7gTr85ic,101,9,5,unknown,1,0
20261008,UCSes4X8uDrpc4X46hJKjejg,MGW7gTr85ic,101,9,14,PLX3ZLYz4-6vE2_ZNLW5AfzbHTd1jTskDl,1,0
20261008,UCSes4X8uDrpc4X46hJKjejg,MOv_6jGy5XY,104,5,5,unknown,2,0
20261008,UCSes4X8uDrpc4X46hJKjejg,MUIZ7saZ-QU,104,5,5,unknown,2,0
20261008,UCSes4X8uDrpc4X46hJKjejg,MZRpHRpKf6I,101,2,5,unknown,1,0
20261008,UCSes4X8uDrpc4X46hJKjejg,M_OVw_WfGRE,101,2,5,unknown,2,0
20261008,UCSes4X8uDrpc4X46hJKjejg,M_OVw_WfGRE,101,9,14,PLX3ZLYz4-6vE2_ZNLW5AfzbHTd1jTskDl,1,0
20261008,UCSes4X8uDrpc4X46hJKjejg,M_OVw_WfGRE,104,4,14,PLX3ZLYz4-6vE2_ZNLW5AfzbHTd1jTskDl,5,0
20261008,UCSes4X8uDrpc4X46hJKjejg,M_OVw_WfGRE,101,9,18,unknown,1,0
20261008,UCSes4X8uDrpc4X46hJKjejg,M_OVw_WfGRE,104,4,18,unknown,2,0
20261008,UCSes4X8uDrpc4X46hJKjejg,MaurflLy1CQ,101,2,3,what-to-watch,1,0
20261008,UCSes4X8uDrpc4X46hJKjejg,MaurflLy1CQ,102,4,3,what-to-watch,1,0
20261008,UCSes4X8uDrpc4X46hJKjejg,MaurflLy1CQ,104,4,3,what-to-watch,1,0
20261008,UCSes4X8uDrpc4X46hJKjejg,MaurflLy1CQ,104,5,3,what-to-watch,3,0
20261008,UCSes4X8uDrpc4X46hJKjejg,MaurflLy1CQ,101,2,4,UCSes4X8uDrpc4X46hJKjejg,1,0
20261008,UCSes4X8uDrpc4X46hJKjejg,MaurflLy1CQ,104,5,7,-twYv8skE8U,1,0
20261008,UCSes4X8uDrpc4X46hJKjejg,MaurflLy1CQ,101,9,7,3U9mS2Mo6sk,1,0
20261008,UCSes4X8uDrpc4X46hJKjejg,MaurflLy1CQ,104,4,7,3U9mS2Mo6sk,1,0
20261008,UCSes4X8uDrpc4X46hJKjejg,MaurflLy1CQ,104,5,7,DPEIhK07S4w,1,0
20261008,UCSes4X8uDrpc4X46hJKjejg,MaurflLy1CQ,104,4,7,Lqs0X7WbxkM,3,0.33333333333333331
20261008,UCSes4X8uDrpc4X46hJKjejg,MaurflLy1CQ,104,5,7,Lqs0X7WbxkM,3,0
20261008,UCSes4X8uDrpc4X46hJKjejg,MaurflLy1CQ,101,9,7,P10jYenBVTw,1,0
20261008,UCSes4X8uDrpc4X46hJKjejg,MaurflLy1CQ,101,9,7,PucJtKOPryc,1,0
20261008,UCSes4X8uDrpc4X46hJKjejg,MaurflLy1CQ,104,5,7,QQYa0KqngKw,1,0
20261008,UCSes4X8uDrpc4X46hJKjejg,MaurflLy1CQ,104,4,7,hY01hX8WSA8,1,0
20261008,UCSes4X8uDrpc4X46hJKjejg,MaurflLy1CQ,101,2,7,ruLu-X_pmD8,1,0
20261008,UCSes4X8uDrpc4X46hJKjejg,MaurflLy1CQ,102,26,7,ruLu-X_pmD8,1,0
20261008,UCSes4X8uDrpc4X46hJKjejg,MaurflLy1CQ,101,9,18,unknown,1,0
20261008,UCSes4X8uDrpc4X46hJKjejg,MfjNVJmMMqA,102,1,3,what-to-watch,1,0
20261008,UCSes4X8uDrpc4X46hJKjejg,MfjNVJmMMqA,102,26,3,what-to-watch,3,0.33333333333333331
20261008,UCSes4X8uDrpc4X46hJKjejg,MfjNVJmMMqA,104,4,3,what-to-watch,2,0.5
20261008,UCSes4X8uDrpc4X46hJKjejg,MfjNVJmMMqA,105,5,3,what-to-watch,1,0
20261008,UCSes4X8uDrpc4X46hJKjejg,MfjNVJmMMqA,101,2,4,UCSes4X8uDrpc4X46hJKjejg,1,0
20261008,UCSes4X8uDrpc4X46hJKjejg,Mh9vmih_Sro,101,2,3,what-to-watch,1,0
20261008,UCSes4X8uDrpc4X46hJKjejg,Mh9vmih_Sro,102,26,3,what-to-watch,1,0
20261008,UCSes4X8uDrpc4X46hJKjejg,Mh9vmih_Sro,104,4,3,what-to-watch,1,0
20261008,UCSes4X8uDrpc4X46hJKjejg,Mh9vmih_Sro,104,5,3,what-to-watch,2,0
20261008,UCSes4X8uDrpc4X46hJKjejg,Mh9vmih_Sro,104,5,7,CQ-yR6neCTM,1,0
20261008,UCSes4X8uDrpc4X46hJKjejg,Mh9vmih_Sro,104,4,7,L_PL2kEivr0,1,0
20261008,UCSes4X8uDrpc4X46hJKjejg,Mk4k01iePP8,104,4,3,what-to-watch,1,1
20261008,UCSes4X8uDrpc4X46hJKjejg,Mk4k01iePP8,104,5,3,what-to-watch,1,0
20261008,UCSes4X8uDrpc4X46hJKjejg,MkdbwBwBHLA,104,4,3,what-to-watch,3,0.33333333333333331
20261008,UCSes4X8uDrpc4X46hJKjejg,MkdbwBwBHLA,101,2,4,UCSes4X8uDrpc4X46hJKjejg,1,0
20261008,UCSes4X8uDrpc4X46hJKjejg,MkdbwBwBHLA,101,9,5,unknown,1,0
20261008,UCSes4X8uDrpc4X46hJKjejg,MkdbwBwBHLA,101,9,14,PLX3ZLYz4-6vE2_ZNLW5AfzbHTd1jTskDl,2,0
20261008,UCSes4X8uDrpc4X46hJKjejg,Mknv0_8mh_s,101,9,5,unknown,1,1
20261008,UCSes4X8uDrpc4X46hJKjejg,Mknv0_8mh_s,104,4,5,unknown,1,0
20261008,UCSes4X8uDrpc4X46hJKjejg,Mknv0_8mh_s,104,5,5,unknown,1,0
20261008,UCSes4X8uDrpc4X46hJKjejg,MpDNI6Cv1nw,101,9,3,what-to-watch,5,0
20261008,UCSes4X8uDrpc4X46hJKjejg,MpDNI6Cv1nw,104,4,3,what-to-watch,6,0
20261008,UCSes4X8uDrpc4X46hJKjejg,MpDNI6Cv1nw,104,5,3,what-to-watch,2,0.5
20261008,UCSes4X8uDrpc4X46hJKjejg,MpDNI6Cv1nw,105,5,3,what-to-watch,2,0.5
20261008,UCSes4X8uDrpc4X46hJKjejg,MpDNI6Cv1nw,101,2,5,unknown,4,0
20261008,UCSes4X8uDrpc4X46hJKjejg,MpDNI6Cv1nw,102,4,5,unknown,1,0
20261008,UCSes4X8uDrpc4X46hJKjejg,MpDNI6Cv1nw,102,12,5,unknown,5,0.2
20261008,UCSes4X8uDrpc4X46hJKjejg,MpDNI6Cv1nw,102,26,5,unknown,1,0
20261008,UCSes4X8uDrpc4X46hJKjejg,MpDNI6Cv1nw,104,4,5,unknown,8,0
20261008,UCSes4X8uDrpc4X46hJKjejg,MpDNI6Cv1nw,104,5,5,unknown,11,0
20261008,UCSes4X8uDrpc4X46hJKjejg,MpDNI6Cv1nw,105,5,5,unknown,2,0
20261008,UCSes4X8uDrpc4X46hJKjejg,MrhF_F_8Nio,101,2,3,what-to-watch,1,0
20261008,UCSes4X8uDrpc4X46hJKjejg,MrhF_F_8Nio,101,2,4,UCSes4X8uDrpc4X46hJKjejg,1,0
20261008,UCSes4X8uDrpc4X46hJKjejg,MrhF_F_8Nio,104,4,4,UCSes4X8uDrpc4X46hJKjejg,2,0
20261008,UCSes4X8uDrpc4X46hJKjejg,MrhF_F_8Nio,104,5,4,UCSes4X8uDrpc4X46hJKjejg,1,0
20261008,UCSes4X8uDrpc4X46hJKjejg,MrhF_F_8Nio,101,2,7,tTkmglIqWtA,1,0
20261008,UCSes4X8uDrpc4X46hJKjejg,MrhF_F_8Nio,104,5,18,unknown,1,0
20261008,UCSes4X8uDrpc4X46hJKjejg,Mrjky6bXwm4,101,2,3,what-to-watch,1,0
20261008,UCSes4X8uDrpc4X46hJKjejg,Mrjky6bXwm4,104,4,3,what-to-watch,1,0
20261008,UCSes4X8uDrpc4X46hJKjejg,Mrjky6bXwm4,104,5,3,what-to-watch,1,0
20261008,UCSes4X8uDrpc4X46hJKjejg,Mrjky6bXwm4,105,5,3,what-to-watch,2,0
20261008,UCSes4X8uDrpc4X46hJKjejg,Mrjky6bXwm4,101,2,5,unknown,5,0
20261008,UCSes4X8uDrpc4X46hJKjejg,Mrjky6bXwm4,101,9,5,unknown,6,0.16666666666666666
20261008,UCSes4X8uDrpc4X46hJKjejg,Mrjky6bXwm4,102,4,5,unknown,1,0
20261008,UCSes4X8uDrpc4X46hJKjejg,Mrjky6bXwm4,102,19,5,unknown,1,0
20261008,UCSes4X8uDrpc4X46hJKjejg,Mrjky6bXwm4,102,26,5,unknown,2,0
20261008,UCSes4X8uDrpc4X46hJKjejg,Mrjky6bXwm4,104,4,5,unknown,7,0.2857142857142857
20261008,UCSes4X8uDrpc4X46hJKjejg,Mrjky6bXwm4,104,5,5,unknown,8,0
20261008,UCSes4X8uDrpc4X46hJKjejg,Mrjky6bXwm4,104,4,18,unknown,3,0
20261008,UCSes4X8uDrpc4X46hJKjejg,Mrjky6bXwm4,104,5,18,unknown,1,0
20261008,UCSes4X8uDrpc4X46hJKjejg,Mrzgi2C2kvg,101,9,14,PLX3ZLYz4-6vE2_ZNLW5AfzbHTd1jTskDl,2,0
20261008,UCSes4X8uDrpc4X46hJKjejg,Mrzgi2C2kvg,101,9,18,unknown,2,0
20261008,UCSes4X8uDrpc4X46hJKjejg,Mrzgi2C2kvg,104,4,18,unknown,1,0
20261008,UCSes4X8uDrpc4X46hJKjejg,MsGmqkcp0Gc,104,5,3,what-to-watch,1,0
20261008,UCSes4X8uDrpc4X46hJKjejg,MsGmqkcp0Gc,101,2,5,unknown,2,0
20261008,UCSes4X8uDrpc4X46hJKjejg,MsGmqkcp0Gc,101,9,5,unknown,6,0
20261008,UCSes4X8uDrpc4X46hJKjejg,MsGmqkcp0Gc,102,12,5,unknown,1,0
20261008,UCSes4X8uDrpc4X46hJKjejg,MsGmqkcp0Gc,102,19,5,unknown,3,0.33333333333333331
20261008,UCSes4X8uDrpc4X46hJKjejg,MsGmqkcp0Gc,102,26,5,unknown,1,0
20261008,UCSes4X8uDrpc4X46hJKjejg,MsGmqkcp0Gc,104,4,5,unknown,12,0
20261008,UCSes4X8uDrpc4X46hJKjejg,MsGmqkcp0Gc,104,5,5,unknown,13,0.23076923076923078
20261008,UCSes4X8uDrpc4X46hJKjejg,Mw1jFzscOXE,102,4,3,what-to-watch,1,0
20261008,UCSes4X8uDrpc4X46hJKjejg,Mw1jFzscOXE,102,31,3,what-to-watch,5,0
20261008,UCSes4X8uDrpc4X46hJKjejg,Mw1jFzscOXE,104,5,3,what-to-watch,7,0.7142857142857143
20261008,UCSes4X8uDrpc4X46hJKjejg,Mw1jFzscOXE,101,2,4,UCSes4X8uDrpc4X46hJKjejg,1,0
20261008,UCSes4X8uDrpc4X46hJKjejg,Mw1jFzscOXE,104,5,5,unknown,4,0
20261008,UCSes4X8uDrpc4X46hJKjejg,Mw1jFzscOXE,102,31,7,7glfUXNObCo,1,0
20261008,UCSes4X8uDrpc4X46hJKjejg,Mw1jFzscOXE,102,31,7,DfIlvzFY3qM,1,1
20261008,UCSes4X8uDrpc4X46hJKjejg,Mw1jFzscOXE,104,5,7,GwvMF5YaPLg,2,0.5
20261008,UCSes4X8uDrpc4X46hJKjejg,Mw1jFzscOXE,104,5,7,mXui5R0mdc4,2,0
20261008,UCSes4X8uDrpc4X46hJKjejg,Mw1jFzscOXE,102,4,7,xZyF3dL354A,1,0
20261008,UCSes4X8uDrpc4X46hJKjejg,MxSJkR5NW08,101,2,3,what-to-watch,1,0
20261008,UCSes4X8uDrpc4X46hJKjejg,MxSJkR5NW08,101,30,3,what-to-watch,1,0
20261008,UCSes4X8uDrpc4X46hJKjejg,MxSJkR5NW08,104,4,4,UCSes4X8uDrpc4X46hJKjejg,2,0
20261008,UCSes4X8uDrpc4X46hJKjejg,MxSJkR5NW08,101,2,5,unknown,2,0
20261008,UCSes4X8uDrpc4X46hJKjejg,MxSJkR5NW08,101,9,5,unknown,2,0
20261008,UCSes4X8uDrpc4X46hJKjejg,MxSJkR5NW08,101,30,5,unknown,1,0
20261008,UCSes4X8uDrpc4X46hJKjejg,MxSJkR5NW08,102,4,5,unknown,2,0
20261008,UCSes4X8uDrpc4X46hJKjejg,MxSJkR5NW08,103,10,5,unknown,4,0
20261008,UCSes4X8uDrpc4X46hJKjejg,MxSJkR5NW08,104,5,5,unknown,3,0
20261008,UCSes4X8uDrpc4X46hJKjejg,MxSJkR5NW08,104,5,14,my-likes,1,0
20261008,UCSes4X8uDrpc4X46hJKjejg,MxSJkR5NW08,104,4,18,unknown,4,0
20261008,UCSes4X8uDrpc4X46hJKjejg,N2SaWFq2I9w,101,2,4,UCSes4X8uDrpc4X46hJKjejg,1,0
20261008,UCSes4X8uDrpc4X46hJKjejg,N2SaWFq2I9w,101,9,5,unknown,1,0
20261008,UCSes4X8uDrpc4X46hJKjejg,N2SaWFq2I9w,104,4,7,8pnhoELerD8,2,0
20261008,UCSes4X8uDrpc4X46hJKjejg,N4FSFFIyyhU,104,5,4,UCSes4X8uDrpc4X46hJKjejg,6,0
20261008,UCSes4X8uDrpc4X46hJKjejg,N4FSFFIyyhU,101,9,5,unknown,2,0
20261008,UCSes4X8uDrpc4X46hJKjejg,N4FSFFIyyhU,104,4,5,unknown,3,0
20261008,UCSes4X8uDrpc4X46hJKjejg,N4FSFFIyyhU,104,5,5,unknown,4,0
20261008,UCSes4X8uDrpc4X46hJKjejg,N4FSFFIyyhU,105,5,5,unknown,2,0
20261008,UCSes4X8uDrpc4X46hJKjejg,N4FSFFIyyhU,104,5,7,pWCQrmx8beo,2,0
20261008,UCSes4X8uDrpc4X46hJKjejg,N4FSFFIyyhU,104,5,18,unknown,1,0
20261008,UCSes4X8uDrpc4X46hJKjejg,NKWK0WtZalw,102,12,3,what-to-watch,1,0
20261008,UCSes4X8uDrpc4X46hJKjejg,NKWK0WtZalw,104,5,3,what-to-watch,1,0
20261008,UCSes4X8uDrpc4X46hJKjejg,NKWK0WtZalw,101,2,5,unknown,3,0
20261008,UCSes4X8uDrpc4X46hJKjejg,NKWK0WtZalw,104,4,5,unknown,10,0
20261008,UCSes4X8uDrpc4X46hJKjejg,NKWK0WtZalw,104,5,5,unknown,5,0.2
20261008,UCSes4X8uDrpc4X46hJKjejg,NKWK0WtZalw,105,5,5,unknown,2,0
20261008,UCSes4X8uDrpc4X46hJKjejg,NN68TdId2DM,101,2,5,unknown,1,0
20261008,UCSes4X8uDrpc4X46hJKjejg,NN68TdId2DM,104,4,5,unknown,1,0
20261008,UCSes4X8uDrpc4X46hJKjejg,NNBmuth-Gcs,104,4,5,unknown,3,0
20261008,UCSes4X8uDrpc4X46hJKjejg,NNBmuth-Gcs,104,5,5,unknown,2,0
20261008,UCSes4X8uDrpc4X46hJKjejg,NN_PzDZuw9g,101,2,3,what-to-watch,1,0
20261008,UCSes4X8uDrpc4X46hJKjejg,NN_PzDZuw9g,101,9,3,what-to-watch,1,0
20261008,UCSes4X8uDrpc4X46hJKjejg,NN_PzDZuw9g,102,1,3,what-to-watch,1,0
20261008,UCSes4X8uDrpc4X46hJKjejg,NN_PzDZuw9g,104,4,3,what-to-watch,4,0.25
20261008,UCSes4X8uDrpc4X46hJKjejg,NN_PzDZuw9g,104,5,3,what-to-watch,5,0
20261008,UCSes4X8uDrpc4X46hJKjejg,NN_PzDZuw9g,101,9,5,unknown,4,0
20261008,UCSes4X8uDrpc4X46hJKjejg,NN_PzDZuw9g,102,29,5,unknown,1,0
20261008,UCSes4X8uDrpc4X46hJKjejg,NN_PzDZuw9g,104,4,5,unknown,6,0
20261008,UCSes4X8uDrpc4X46hJKjejg,NN_PzDZuw9g,104,5,5,unknown,4,0
20261008,UCSes4X8uDrpc4X46hJKjejg,NP1GEiJhqeM,101,2,5,unknown,1,0
20261008,UCSes4X8uDrpc4X46hJKjejg,NP1GEiJhqeM,101,9,5,unknown,1,0
20261008,UCSes4X8uDrpc4X46hJKjejg,NP1GEiJhqeM,102,26,5,unknown,2,0
20261008,UCSes4X8uDrpc4X46hJKjejg,NP1GEiJhqeM,104,4,5,unknown,2,0
20261008,UCSes4X8uDrpc4X46hJKjejg,NP1GEiJhqeM,104,5,5,unknown,11,0.090909090909090912
20261008,UCSes4X8uDrpc4X46hJKjejg,NP1GEiJhqeM,105,5,5,unknown,4,0
20261008,UCSes4X8uDrpc4X46hJKjejg,NPDEMZ90B1M,101,2,3,what-to-watch,10,0
20261008,UCSes4X8uDrpc4X46hJKjejg,NPDEMZ90B1M,101,9,3,what-to-watch,7,0
20261008,UCSes4X8uDrpc4X46hJKjejg,NPDEMZ90B1M,101,30,3,what-to-watch,1,0
20261008,UCSes4X8uDrpc4X46hJKjejg,NPDEMZ90B1M,102,1,3,what-to-watch,5,0.2
20261008,UCSes4X8uDrpc4X46hJKjejg,NPDEMZ90B1M,102,12,3,what-to-watch,2,0.5
20261008,UCSes4X8uDrpc4X46hJKjejg,NPDEMZ90B1M,102,28,3,what-to-watch,1,0
20261008,UCSes4X8uDrpc4X46hJKjejg,NPDEMZ90B1M,104,4,3,what-to-watch,5,0
20261008,UCSes4X8uDrpc4X46hJKjejg,NPDEMZ90B1M,104,5,3,what-to-watch,12,0.083333333333333329
20261008,UCSes4X8uDrpc4X46hJKjejg,NPDEMZ90B1M,104,4,4,UCSes4X8uDrpc4X46hJKjejg,1,0
20261008,UCSes4X8uDrpc4X46hJKjejg,NPDEMZ90B1M,101,2,5,unknown,1,0
20261008,UCSes4X8uDrpc4X46hJKjejg,NPDEMZ90B1M,103,10,5,unknown,1,0
20261008,UCSes4X8uDrpc4X46hJKjejg,NPDEMZ90B1M,104,4,5,unknown,4,0
20261008,UCSes4X8uDrpc4X46hJKjejg,NPDEMZ90B1M,104,5,5,unknown,2,0
20261008,UCSes4X8uDrpc4X46hJKjejg,NPDEMZ90B1M,104,5,18,unknown,3,0
20261008,UCSes4X8uDrpc4X46hJKjejg,NUERVTKeE-o,101,9,4,UCSes4X8uDrpc4X46hJKjejg,1,0
20261008,UCSes4X8uDrpc4X46hJKjejg,NUERVTKeE-o,104,4,4,UCSes4X8uDrpc4X46hJKjejg,2,0
20261008,UCSes4X8uDrpc4X46hJKjejg,NYhbJwqpMXQ,101,2,5,unknown,1,0
20261008,UCSes4X8uDrpc4X46hJKjejg,NZGhX5tUpmY,104,4,3,what-to-watch,1,0
20261008,UCSes4X8uDrpc4X46hJKjejg,NZGhX5tUpmY,101,2,4,UCSes4X8uDrpc4X46hJKjejg,1,0
20261008,UCSes4X8uDrpc4X46hJKjejg,NZGhX5tUpmY,104,5,4,UCSes4X8uDrpc4X46hJKjejg,2,0
20261008,UCSes4X8uDrpc4X46hJKjejg,NZGhX5tUpmY,104,4,5,unknown,3,0
20261008,UCSes4X8uDrpc4X46hJKjejg,NZGhX5tUpmY,104,4,7,xYxqBWSBgJ4,1,0
20261008,UCSes4X8uDrpc4X46hJKjejg,NcwYIMEFWgM,101,9,5,unknown,2,0
20261008,UCSes4X8uDrpc4X46hJKjejg,NcwYIMEFWgM,101,9,14,PLX3ZLYz4-6vE2_ZNLW5AfzbHTd1jTskDl,1,0
20261008,UCSes4X8uDrpc4X46hJKjejg,Nd3B51wd6K0,104,5,3,what-to-watch,1,0
20261008,UCSes4X8uDrpc4X46hJKjejg,Nd3B51wd6K0,101,9,14,PLX3ZLYz4-6vE2_ZNLW5AfzbHTd1jTskDl,2,0
20261008,UCSes4X8uDrpc4X46hJKjejg,Nd3B51wd6K0,101,9,18,unknown,2,0
20261008,UCSes4X8uDrpc4X46hJKjejg,Nd3B51wd6K0,104,4,18,unknown,1,0
20261008,UCSes4X8uDrpc4X46hJKjejg,Ndt1hwd27a8,101,2,3,what-to-watch,1,0
20261008,UCSes4X8uDrpc4X46hJKjejg,Ndt1hwd27a8,102,19,5,unknown,1,0
20261008,UCSes4X8uDrpc4X46hJKjejg,Ndt1hwd27a8,104,4,5,unknown,3,0
20261008,UCSes4X8uDrpc4X46hJKjejg,Ndt1hwd27a8,104,5,5,unknown,2,0
20261008,UCSes4X8uDrpc4X46hJKjejg,Ne0Xqrsn22Y,104,4,4,UCSes4X8uDrpc4X46hJKjejg,1,0
20261008,UCSes4X8uDrpc4X46hJKjejg,Ne0Xqrsn22Y,102,4,5,unknown,1,0
20261008,UCSes4X8uDrpc4X46hJKjejg,Ne0Xqrsn22Y,104,5,5,unknown,1,0
20261008,UCSes4X8uDrpc4X46hJKjejg,NjI7_SdDqXg,101,2,4,UCSes4X8uDrpc4X46hJKjejg,1,0
20261008,UCSes4X8uDrpc4X46hJKjejg,NjI7_SdDqXg,101,9,5,unknown,1,0
20261008,UCSes4X8uDrpc4X46hJKjejg,NjI7_SdDqXg,101,9,7,gkK23B-IJTI,1,0
20261008,UCSes4X8uDrpc4X46hJKjejg,NjI7_SdDqXg,101,9,14,PLX3ZLYz4-6vE2_ZNLW5AfzbHTd1jTskDl,1,0
20261008,UCSes4X8uDrpc4X46hJKjejg,Nl1v5VLkmmE,104,4,5,unknown,1,0
20261008,UCSes4X8uDrpc4X46hJKjejg,NnhSnbWDXNg,104,4,3,what-to-watch,1,0
20261008,UCSes4X8uDrpc4X46hJKjejg,NnhSnbWDXNg,101,2,4,UCSes4X8uDrpc4X46hJKjejg,1,0
20261008,UCSes4X8uDrpc4X46hJKjejg,NnhSnbWDXNg,104,4,5,unknown,1,0
20261008,UCSes4X8uDrpc4X46hJKjejg,NnhSnbWDXNg,104,5,5,unknown,4,0
20261008,UCSes4X8uDrpc4X46hJKjejg,NpQ9gi2DP6s,101,9,5,unknown,1,0
20261008,UCSes4X8uDrpc4X46hJKjejg,NsA6z5vbIZg,101,2,4,UCSes4X8uDrpc4X46hJKjejg,1,0
20261008,UCSes4X8uDrpc4X46hJKjejg,NtvrlkDkUWY,101,2,5,unknown,1,0
20261008,UCSes4X8uDrpc4X46hJKjejg,NtvrlkDkUWY,102,19,5,unknown,1,0
20261008,UCSes4X8uDrpc4X46hJKjejg,NtvrlkDkUWY,104,4,5,unknown,2,0
20261008,UCSes4X8uDrpc4X46hJKjejg,NtvrlkDkUWY,104,5,5,unknown,1,0
20261008,UCSes4X8uDrpc4X46hJKjejg,O-gIrTrkCe8,104,4,3,what-to-watch,2,0
20261008,UCSes4X8uDrpc4X46hJKjejg,O-gIrTrkCe8,104,5,5,unknown,3,0.33333333333333331
20261008,UCSes4X8uDrpc4X46hJKjejg,O-lLKJkatcg,101,9,14,PLX3ZLYz4-6vE2_ZNLW5AfzbHTd1jTskDl,1,0
20261008,UCSes4X8uDrpc4X46hJKjejg,O-lLKJkatcg,101,9,18,unknown,1,0
20261008,UCSes4X8uDrpc4X46hJKjejg,O-lLKJkatcg,104,4,18,unknown,2,0
20261008,UCSes4X8uDrpc4X46hJKjejg,O0YoyAnI1cM,104,5,3,what-to-watch,2,0
20261008,UCSes4X8uDrpc4X46hJKjejg,O40NhONx_FA,105,5,3,what-to-watch,3,0
20261008,UCSes4X8uDrpc4X46hJKjejg,O40NhONx_FA,101,2,4,UCSes4X8uDrpc4X46hJKjejg,1,0
20261008,UCSes4X8uDrpc4X46hJKjejg,O40NhONx_FA,101,9,5,unknown,1,0
20261008,UCSes4X8uDrpc4X46hJKjejg,O40NhONx_FA,101,9,14,PLX3ZLYz4-6vE2_ZNLW5AfzbHTd1jTskDl,1,0
20261008,UCSes4X8uDrpc4X46hJKjejg,O5XA8suXg10,102,12,3,what-to-watch,1,0
20261008,UCSes4X8uDrpc4X46hJKjejg,O5XA8suXg10,101,9,5,unknown,2,0
20261008,UCSes4X8uDrpc4X46hJKjejg,O5XA8suXg10,101,9,14,PLX3ZLYz4-6vE2_ZNLW5AfzbHTd1jTskDl,1,0
20261008,UCSes4X8uDrpc4X46hJKjejg,O6EOc2D38M0,104,5,4,UCSes4X8uDrpc4X46hJKjejg,2,0
20261008,UCSes4X8uDrpc4X46hJKjejg,OG1-VxzclcA,101,2,3,what-to-watch,1,1
20261008,UCSes4X8uDrpc4X46hJKjejg,OG1-VxzclcA,101,9,3,what-to-watch,3,0
20261008,UCSes4X8uDrpc4X46hJKjejg,OG1-VxzclcA,104,4,3,what-to-watch,2,0.5
20261008,UCSes4X8uDrpc4X46hJKjejg,OG1-VxzclcA,104,5,3,what-to-watch,5,0.2
20261008,UCSes4X8uDrpc4X46hJKjejg,OG1-VxzclcA,105,5,3,what-to-watch,2,0
20261008,UCSes4X8uDrpc4X46hJKjejg,OG1-VxzclcA,101,2,4,UCSes4X8uDrpc4X46hJKjejg,1,0
20261008,UCSes4X8uDrpc4X46hJKjejg,OG1-VxzclcA,101,9,4,UCSes4X8uDrpc4X46hJKjejg,1,0
20261008,UCSes4X8uDrpc4X46hJKjejg,OG1-VxzclcA,104,4,4,UCSes4X8uDrpc4X46hJKjejg,13,0.076923076923076927
20261008,UCSes4X8uDrpc4X46hJKjejg,OG1-VxzclcA,104,5,4,UCSes4X8uDrpc4X46hJKjejg,4,0
20261008,UCSes4X8uDrpc4X46hJKjejg,OG1-VxzclcA,104,4,5,unknown,1,0
20261008,UCSes4X8uDrpc4X46hJKjejg,OGOmzWG_ThE,101,2,3,what-to-watch,2,0
20261008,UCSes4X8uDrpc4X46hJKjejg,OGOmzWG_ThE,101,9,3,what-to-watch,2,0
20261008,UCSes4X8uDrpc4X46hJKjejg,OGOmzWG_ThE,102,19,3,what-to-watch,1,0
20261008,UCSes4X8uDrpc4X46hJKjejg,OGOmzWG_ThE,102,26,3,what-to-watch,3,0
20261008,UCSes4X8uDrpc4X46hJKjejg,OGOmzWG_ThE,102,29,3,what-to-watch,1,0
20261008,UCSes4X8uDrpc4X46hJKjejg,OGOmzWG_ThE,103,10,3,what-to-watch,2,0
20261008,UCSes4X8uDrpc4X46hJKjejg,OGOmzWG_ThE,103,17,3,what-to-watch,1,0
20261008,UCSes4X8uDrpc4X46hJKjejg,OGOmzWG_ThE,104,4,3,what-to-watch,5,0
20261008,UCSes4X8uDrpc4X46hJKjejg,OGOmzWG_ThE,104,5,3,what-to-watch,21,0.047619047619047616
20261008,UCSes4X8uDrpc4X46hJKjejg,OGOmzWG_ThE,105,5,3,what-to-watch,4,0
20261008,UCSes4X8uDrpc4X46hJKjejg,OGOmzWG_ThE,101,2,4,UCSes4X8uDrpc4X46hJKjejg,1,0
20261008,UCSes4X8uDrpc4X46hJKjejg,OGOmzWG_ThE,101,9,4,UCSes4X8uDrpc4X46hJKjejg,1,0
20261008,UCSes4X8uDrpc4X46hJKjejg,OGOmzWG_ThE,102,19,4,UCSes4X8uDrpc4X46hJKjejg,1,0
20261008,UCSes4X8uDrpc4X46hJKjejg,OGOmzWG_ThE,104,5,4,UCSes4X8uDrpc4X46hJKjejg,4,0
20261008,UCSes4X8uDrpc4X46hJKjejg,OGOmzWG_ThE,101,2,5,unknown,1,0
20261008,UCSes4X8uDrpc4X46hJKjejg,OGOmzWG_ThE,102,1,5,unknown,2,0
20261008,UCSes4X8uDrpc4X46hJKjejg,OGOmzWG_ThE,102,12,5,unknown,2,0
20261008,UCSes4X8uDrpc4X46hJKjejg,OGOmzWG_ThE,102,26,5,unknown,2,0
20261008,UCSes4X8uDrpc4X46hJKjejg,OGOmzWG_ThE,102,29,5,unknown,2,0
20261008,UCSes4X8uDrpc4X46hJKjejg,OGOmzWG_ThE,103,10,5,unknown,2,0
20261008,UCSes4X8uDrpc4X46hJKjejg,OGOmzWG_ThE,104,4,5,unknown,9,0
20261008,UCSes4X8uDrpc4X46hJKjejg,OGOmzWG_ThE,104,5,5,unknown,9,0.33333333333333331
20261008,UCSes4X8uDrpc4X46hJKjejg,OGOmzWG_ThE,105,5,5,unknown,6,0
20261008,UCSes4X8uDrpc4X46hJKjejg,OGOmzWG_ThE,104,5,7,0A0ZC94-XlE,1,0
20261008,UCSes4X8uDrpc4X46hJKjejg,OGOmzWG_ThE,101,2,7,0hqeHre6QLA,1,0
20261008,UCSes4X8uDrpc4X46hJKjejg,OGOmzWG_ThE,101,9,7,1GZt-gjR9LM,1,0
20261008,UCSes4X8uDrpc4X46hJKjejg,OGOmzWG_ThE,104,4,7,2i3tLbO0LYA,1,0
20261008,UCSes4X8uDrpc4X46hJKjejg,OGOmzWG_ThE,102,19,7,397EK9CM6n4,1,0
20261008,UCSes4X8uDrpc4X46hJKjejg,OGOmzWG_ThE,103,10,7,3Yz2bydfBns,1,0
20261008,UCSes4X8uDrpc4X46hJKjejg,OGOmzWG_ThE,101,2,7,5VZ3bxTYfZU,1,0
20261008,UCSes4X8uDrpc4X46hJKjejg,OGOmzWG_ThE,101,9,7,5VZ3bxTYfZU,1,0
20261008,UCSes4X8uDrpc4X46hJKjejg,OGOmzWG_ThE,104,4,7,5VZ3bxTYfZU,1,0
20261008,UCSes4X8uDrpc4X46hJKjejg,OGOmzWG_ThE,104,4,7,6TPdz_MzokM,1,0
20261008,UCSes4X8uDrpc4X46hJKjejg,OGOmzWG_ThE,104,4,7,BeZUS-lZ4qs,1,0
20261008,UCSes4X8uDrpc4X46hJKjejg,OGOmzWG_ThE,101,9,7,DYiwQ-bBoM4,1,0
20261008,UCSes4X8uDrpc4X46hJKjejg,OGOmzWG_ThE,104,5,7,E15dkPZkvaE,1,0
20261008,UCSes4X8uDrpc4X46hJKjejg,OGOmzWG_ThE,101,9,7,Ei-NyXUWGw4,1,0
20261008,UCSes4X8uDrpc4X46hJKjejg,OGOmzWG_ThE,101,2,7,IijHaTsFlLY,1,0
20261008,UCSes4X8uDrpc4X46hJKjejg,OGOmzWG_ThE,103,10,7,InO-s9L4fDM,1,0
20261008,UCSes4X8uDrpc4X46hJKjejg,OGOmzWG_ThE,104,5,7,Lda6LrfG3es,1,0
20261008,UCSes4X8uDrpc4X46hJKjejg,OGOmzWG_ThE,104,4,7,LofWPg_D0RI,1,0
20261008,UCSes4X8uDrpc4X46hJKjejg,OGOmzWG_ThE,104,5,7,MEHDJ9V-lIk,1,0
20261008,UCSes4X8uDrpc4X46hJKjejg,OGOmzWG_ThE,104,5,7,Os8okjX62pE,1,0
20261008,UCSes4X8uDrpc4X46hJKjejg,OGOmzWG_ThE,105,5,7,Os8okjX62pE,1,0
20261008,UCSes4X8uDrpc4X46hJKjejg,OGOmzWG_ThE,101,9,7,PVOl1jy_sPs,1,0
20261008,UCSes4X8uDrpc4X46hJKjejg,OGOmzWG_ThE,104,4,7,PWBrT6v3cY8,1,0
20261008,UCSes4X8uDrpc4X46hJKjejg,OGOmzWG_ThE,101,2,7,QKPZ_oi_AyM,1,0
20261008,UCSes4X8uDrpc4X46hJKjejg,OGOmzWG_ThE,104,5,7,QTlWfG1q_6A,1,0
20261008,UCSes4X8uDrpc4X46hJKjejg,OGOmzWG_ThE,104,5,7,Ta376fcNXmQ,1,0
20261008,UCSes4X8uDrpc4X46hJKjejg,OGOmzWG_ThE,104,4,7,UEKO5Mr0oDE,1,0
20261008,UCSes4X8uDrpc4X46hJKjejg,OGOmzWG_ThE,104,5,7,UskLh1DPE-U,1,0
20261008,UCSes4X8uDrpc4X46hJKjejg,OGOmzWG_ThE,101,9,7,WJK1ttx4P80,1,0
20261008,UCSes4X8uDrpc4X46hJKjejg,OGOmzWG_ThE,104,4,7,XVBn5LmokDE,1,0
20261008,UCSes4X8uDrpc4X46hJKjejg,OGOmzWG_ThE,104,4,7,Xme4ltLxNQA,1,0
20261008,UCSes4X8uDrpc4X46hJKjejg,OGOmzWG_ThE,101,2,7,YV7kvMrb9N0,1,0
20261008,UCSes4X8uDrpc4X46hJKjejg,OGOmzWG_ThE,104,4,7,ZADTgM0EDo4,1,0
20261008,UCSes4X8uDrpc4X46hJKjejg,OGOmzWG_ThE,101,2,7,_KrRB9s6KQw,1,0
20261008,UCSes4X8uDrpc4X46hJKjejg,OGOmzWG_ThE,101,9,7,a6sYYrLTOjQ,1,0
20261008,UCSes4X8uDrpc4X46hJKjejg,OGOmzWG_ThE,101,9,7,adwpwkw6kTU,1,0
20261008,UCSes4X8uDrpc4X46hJKjejg,OGOmzWG_ThE,104,5,7,bV7tuPbWHjU,1,0
20261008,UCSes4X8uDrpc4X46hJKjejg,OGOmzWG_ThE,104,4,7,cBXj4lpKx2k,1,0
20261008,UCSes4X8uDrpc4X46hJKjejg,OGOmzWG_ThE,104,5,7,f4MfVVTJ6pY,1,0
20261008,UCSes4X8uDrpc4X46hJKjejg,OGOmzWG_ThE,103,10,7,h301lB2_79A,1,0
20261008,UCSes4X8uDrpc4X46hJKjejg,OGOmzWG_ThE,104,5,7,kuS3X_FgQ6k,1,0
20261008,UCSes4X8uDrpc4X46hJKjejg,OGOmzWG_ThE,104,5,7,lctiEzv3YzQ,1,0
20261008,UCSes4X8uDrpc4X46hJKjejg,OGOmzWG_ThE,104,4,7,ltqiQEX_-ac,1,0
20261008,UCSes4X8uDrpc4X46hJKjejg,OGOmzWG_ThE,105,5,7,mLbnP9FBmrM,1,0
20261008,UCSes4X8uDrpc4X46hJKjejg,OGOmzWG_ThE,104,5,7,mM6N9YrOTkw,1,0
20261008,UCSes4X8uDrpc4X46hJKjejg,OGOmzWG_ThE,101,2,7,pAQvhHEE_hE,1,0
20261008,UCSes4X8uDrpc4X46hJKjejg,OGOmzWG_ThE,104,4,7,pmHVTkNEj7Y,1,0
20261008,UCSes4X8uDrpc4X46hJKjejg,OGOmzWG_ThE,101,2,7,pmzz7Gefdro,1,0
20261008,UCSes4X8uDrpc4X46hJKjejg,OGOmzWG_ThE,105,5,7,pmzz7Gefdro,1,0
20261008,UCSes4X8uDrpc4X46hJKjejg,OGOmzWG_ThE,101,2,7,sJsMIBQ-UOU,1,0
20261008,UCSes4X8uDrpc4X46hJKjejg,OGOmzWG_ThE,102,19,7,sN5xgeFwJD4,1,0
20261008,UCSes4X8uDrpc4X46hJKjejg,OGOmzWG_ThE,104,4,7,uI4hG7qTdjI,1,0
20261008,UCSes4X8uDrpc4X46hJKjejg,OGOmzWG_ThE,104,4,7,v4YnulGF_uE,1,0
20261008,UCSes4X8uDrpc4X46hJKjejg,OGOmzWG_ThE,101,9,7,xgS8iYrh5BU,1,0
20261008,UCSes4X8uDrpc4X46hJKjejg,OGOmzWG_ThE,101,2,14,PLX3ZLYz4-6vE2_ZNLW5AfzbHTd1jTskDl,1,0
20261008,UCSes4X8uDrpc4X46hJKjejg,OGOmzWG_ThE,101,9,14,PLX3ZLYz4-6vE2_ZNLW5AfzbHTd1jTskDl,2,0
20261008,UCSes4X8uDrpc4X46hJKjejg,OGOmzWG_ThE,104,4,14,PLX3ZLYz4-6vE2_ZNLW5AfzbHTd1jTskDl,6,0.16666666666666666
20261008,UCSes4X8uDrpc4X46hJKjejg,OGOmzWG_ThE,101,9,18,unknown,1,0
20261008,UCSes4X8uDrpc4X46hJKjejg,OGOmzWG_ThE,102,29,18,unknown,1,0
20261008,UCSes4X8uDrpc4X46hJKjejg,OGOmzWG_ThE,104,4,18,unknown,2,0
20261008,UCSes4X8uDrpc4X46hJKjejg,OGOmzWG_ThE,104,5,18,unknown,1,0
20261008,UCSes4X8uDrpc4X46hJKjejg,OOXYe_MOs6k,101,9,3,what-to-watch,1,0
20261008,UCSes4X8uDrpc4X46hJKjejg,OOXYe_MOs6k,101,9,4,UCSes4X8uDrpc4X46hJKjejg,2,0
20261008,UCSes4X8uDrpc4X46hJKjejg,OOXYe_MOs6k,102,4,4,UCSes4X8uDrpc4X46hJKjejg,1,0
20261008,UCSes4X8uDrpc4X46hJKjejg,OOXYe_MOs6k,102,26,4,UCSes4X8uDrpc4X46hJKjejg,1,0
20261008,UCSes4X8uDrpc4X46hJKjejg,OOXYe_MOs6k,104,4,4,UCSes4X8uDrpc4X46hJKjejg,1,0
20261008,UCSes4X8uDrpc4X46hJKjejg,OQlQJMZdsH0,104,5,5,unknown,1,0
20261008,UCSes4X8uDrpc4X46hJKjejg,OV__mS_6Hbg,101,1,3,what-to-watch,1,0
20261008,UCSes4X8uDrpc4X46hJKjejg,OV__mS_6Hbg,101,2,3,what-to-watch,10,0
20261008,UCSes4X8uDrpc4X46hJKjejg,OV__mS_6Hbg,101,9,3,what-to-watch,1,0
20261008,UCSes4X8uDrpc4X46hJKjejg,OV__mS_6Hbg,102,1,3,what-to-watch,1,0
20261008,UCSes4X8uDrpc4X46hJKjejg,OV__mS_6Hbg,102,4,3,what-to-watch,3,0
20261008,UCSes4X8uDrpc4X46hJKjejg,OV__mS_6Hbg,102,12,3,what-to-watch,2,0
20261008,UCSes4X8uDrpc4X46hJKjejg,OV__mS_6Hbg,102,26,3,what-to-watch,1,0
20261008,UCSes4X8uDrpc4X46hJKjejg,OV__mS_6Hbg,102,29,3,what-to-watch,5,0
20261008,UCSes4X8uDrpc4X46hJKjejg,OV__mS_6Hbg,103,10,3,what-to-watch,1,0
20261008,UCSes4X8uDrpc4X46hJKjejg,OV__mS_6Hbg,104,4,3,what-to-watch,7,0
20261008,UCSes4X8uDrpc4X46hJKjejg,OV__mS_6Hbg,104,5,3,what-to-watch,6,0
20261008,UCSes4X8uDrpc4X46hJKjejg,OV__mS_6Hbg,105,5,3,what-to-watch,2,0
20261008,UCSes4X8uDrpc4X46hJKjejg,OV__mS_6Hbg,101,2,5,unknown,2,0
20261008,UCSes4X8uDrpc4X46hJKjejg,OV__mS_6Hbg,102,1,5,unknown,1,0
20261008,UCSes4X8uDrpc4X46hJKjejg,OV__mS_6Hbg,104,5,5,unknown,1,1
20261008,UCSes4X8uDrpc4X46hJKjejg,OV__mS_6Hbg,101,1,7,KN2lZmwgwBo,1,0
20261008,UCSes4X8uDrpc4X46hJKjejg,OV__mS_6Hbg,103,10,7,yBWFzwQi20g,1,0
20261008,UCSes4X8uDrpc4X46hJKjejg,OV__mS_6Hbg,101,9,7,zHBgJqG1nJo,1,0
20261008,UCSes4X8uDrpc4X46hJKjejg,OY-pMjvAl78,101,9,14,PLX3ZLYz4-6vE2_ZNLW5AfzbHTd1jTskDl,1,0
20261008,UCSes4X8uDrpc4X46hJKjejg,OY-pMjvAl78,104,4,14,PLX3ZLYz4-6vE2_ZNLW5AfzbHTd1jTskDl,6,0.16666666666666666
20261008,UCSes4X8uDrpc4X46hJKjejg,OY-pMjvAl78,101,9,18,unknown,1,0
20261008,UCSes4X8uDrpc4X46hJKjejg,OY-pMjvAl78,104,4,18,unknown,2,0
20261008,UCSes4X8uDrpc4X46hJKjejg,OcddzswV_IM,101,2,3,what-to-watch,2,0
20261008,UCSes4X8uDrpc4X46hJKjejg,OcddzswV_IM,104,4,3,what-to-watch,11,0
20261008,UCSes4X8uDrpc4X46hJKjejg,OdtHlTvUL9Q,101,9,5,unknown,1,0
20261008,UCSes4X8uDrpc4X46hJKjejg,Oe-UwJ188Qg,101,9,4,UCSes4X8uDrpc4X46hJKjejg,1,0
20261008,UCSes4X8uDrpc4X46hJKjejg,Oe-UwJ188Qg,104,4,4,UCSes4X8uDrpc4X46hJKjejg,2,0
20261008,UCSes4X8uDrpc4X46hJKjejg,Oe-UwJ188Qg,104,5,4,UCSes4X8uDrpc4X46hJKjejg,2,0
20261008,UCSes4X8uDrpc4X46hJKjejg,OkzI_U0uKes,101,2,3,what-to-watch,1,0
20261008,UCSes4X8uDrpc4X46hJKjejg,OkzI_U0uKes,104,4,3,what-to-watch,1,0
20261008,UCSes4X8uDrpc4X46hJKjejg,OkzI_U0uKes,104,5,3,what-to-watch,3,0
20261008,UCSes4X8uDrpc4X46hJKjejg,OkzI_U0uKes,105,5,3,what-to-watch,1,0
20261008,UCSes4X8uDrpc4X46hJKjejg,OkzI_U0uKes,104,5,4,UCSes4X8uDrpc4X46hJKjejg,6,0
20261008,UCSes4X8uDrpc4X46hJKjejg,OkzI_U0uKes,101,2,5,unknown,1,0
20261008,UCSes4X8uDrpc4X46hJKjejg,OkzI_U0uKes,102,19,5,unknown,1,0
20261008,UCSes4X8uDrpc4X46hJKjejg,OkzI_U0uKes,105,5,5,unknown,1,0
20261008,UCSes4X8uDrpc4X46hJKjejg,OkzI_U0uKes,101,30,7,4gA8xdHwe-8,1,0
20261008,UCSes4X8uDrpc4X46hJKjejg,OkzI_U0uKes,104,5,7,IijHaTsFlLY,1,0
20261008,UCSes4X8uDrpc4X46hJKjejg,OkzI_U0uKes,101,9,7,YHtB62qU1r8,1,0
20261008,UCSes4X8uDrpc4X46hJKjejg,OkzI_U0uKes,102,4,7,YHtB62qU1r8,1,0
20261008,UCSes4X8uDrpc4X46hJKjejg,OkzI_U0uKes,104,4,7,YHtB62qU1r8,1,0
20261008,UCSes4X8uDrpc4X46hJKjejg,OkzI_U0uKes,104,5,7,YHtB62qU1r8,1,0
20261008,UCSes4X8uDrpc4X46hJKjejg,OkzI_U0uKes,101,2,7,m1X5Pyo9NZc,1,0
20261008,UCSes4X8uDrpc4X46hJKjejg,OlEx3JXjy4E,101,2,4,UCSes4X8uDrpc4X46hJKjejg,1,0
20261008,UCSes4X8uDrpc4X46hJKjejg,OlEx3JXjy4E,104,5,4,UCSes4X8uDrpc4X46hJKjejg,1,0
20261008,UCSes4X8uDrpc4X46hJKjejg,OovCMkty0MU,101,9,14,PLX3ZLYz4-6vE2_ZNLW5AfzbHTd1jTskDl,1,0
20261008,UCSes4X8uDrpc4X46hJKjejg,OovCMkty0MU,104,4,14,PLX3ZLYz4-6vE2_ZNLW5AfzbHTd1jTskDl,2,0
20261008,UCSes4X8uDrpc4X46hJKjejg,OovCMkty0MU,101,9,18,unknown,1,0
20261008,UCSes4X8uDrpc4X46hJKjejg,OovCMkty0MU,103,10,18,unknown,1,0
20261008,UCSes4X8uDrpc4X46hJKjejg,OovCMkty0MU,104,4,18,unknown,2,0
20261008,UCSes4X8uDrpc4X46hJKjejg,Ox7Rrh40O2o,101,2,3,what-to-watch,4,0.25
20261008,UCSes4X8uDrpc4X46hJKjejg,Ox7Rrh40O2o,102,26,3,what-to-watch,4,0.25
20261008,UCSes4X8uDrpc4X46hJKjejg,Ox7Rrh40O2o,104,4,3,what-to-watch,6,0.16666666666666666
20261008,UCSes4X8uDrpc4X46hJKjejg,Ox7Rrh40O2o,104,5,3,what-to-watch,2,0
20261008,UCSes4X8uDrpc4X46hJKjejg,Ox7Rrh40O2o,101,2,5,unknown,5,0
20261008,UCSes4X8uDrpc4X46hJKjejg,Ox7Rrh40O2o,101,9,5,unknown,1,0
20261008,UCSes4X8uDrpc4X46hJKjejg,Ox7Rrh40O2o,102,19,5,unknown,1,0
20261008,UCSes4X8uDrpc4X46hJKjejg,Ox7Rrh40O2o,102,29,5,unknown,3,0.66666666666666663
20261008,UCSes4X8uDrpc4X46hJKjejg,Ox7Rrh40O2o,104,4,5,unknown,7,0
20261008,UCSes4X8uDrpc4X46hJKjejg,Ox7Rrh40O2o,104,5,5,unknown,20,0.15
20261008,UCSes4X8uDrpc4X46hJKjejg,Ox7Rrh40O2o,105,5,5,unknown,4,0
20261008,UCSes4X8uDrpc4X46hJKjejg,OxH6ANsFM9Y,104,5,5,unknown,2,0
20261008,UCSes4X8uDrpc4X46hJKjejg,OxH6ANsFM9Y,105,5,7,shYN4u2M4kI,2,0
20261008,UCSes4X8uDrpc4X46hJKjejg,Oy-qM7UL2oQ,104,4,3,what-to-watch,1,0
20261008,UCSes4X8uDrpc4X46hJKjejg,Oy-qM7UL2oQ,101,2,4,UCSes4X8uDrpc4X46hJKjejg,1,0
20261008,UCSes4X8uDrpc4X46hJKjejg,Oy-qM7UL2oQ,104,5,5,unknown,1,0
20261008,UCSes4X8uDrpc4X46hJKjejg,Oz6LkfcuV1Q,101,9,18,unknown,1,0
20261008,UCSes4X8uDrpc4X46hJKjejg,P-E1A4AGks0,101,2,4,UCSes4X8uDrpc4X46hJKjejg,1,0
20261008,UCSes4X8uDrpc4X46hJKjejg,P-E1A4AGks0,101,9,5,unknown,1,0
20261008,UCSes4X8uDrpc4X46hJKjejg,P1iVp2SjFm0,101,9,3,what-to-watch,3,0
20261008,UCSes4X8uDrpc4X46hJKjejg,P1iVp2SjFm0,102,19,3,what-to-watch,1,0
20261008,UCSes4X8uDrpc4X46hJKjejg,P1iVp2SjFm0,102,26,3,what-to-watch,3,0
20261008,UCSes4X8uDrpc4X46hJKjejg,P1iVp2SjFm0,103,10,3,what-to-watch,2,0
20261008,UCSes4X8uDrpc4X46hJKjejg,P1iVp2SjFm0,104,4,3,what-to-watch,1,0
20261008,UCSes4X8uDrpc4X46hJKjejg,P1iVp2SjFm0,101,9,4,UCSes4X8uDrpc4X46hJKjejg,2,0
20261008,UCSes4X8uDrpc4X46hJKjejg,P1iVp2SjFm0,102,4,4,UCSes4X8uDrpc4X46hJKjejg,2,0
20261008,UCSes4X8uDrpc4X46hJKjejg,P1iVp2SjFm0,102,12,4,UCSes4X8uDrpc4X46hJKjejg,1,0
20261008,UCSes4X8uDrpc4X46hJKjejg,P1iVp2SjFm0,102,26,4,UCSes4X8uDrpc4X46hJKjejg,2,0
20261008,UCSes4X8uDrpc4X46hJKjejg,P1iVp2SjFm0,104,4,4,UCSes4X8uDrpc4X46hJKjejg,1,0
20261008,UCSes4X8uDrpc4X46hJKjejg,P1iVp2SjFm0,104,5,4,UCSes4X8uDrpc4X46hJKjejg,5,0
20261008,UCSes4X8uDrpc4X46hJKjejg,P1iVp2SjFm0,102,26,5,unknown,1,0
20261008,UCSes4X8uDrpc4X46hJKjejg,P1iVp2SjFm0,102,29,5,unknown,1,0
20261008,UCSes4X8uDrpc4X46hJKjejg,P1iVp2SjFm0,104,5,5,unknown,5,0
20261008,UCSes4X8uDrpc4X46hJKjejg,P1iVp2SjFm0,102,26,7,0-vBfl8H-xI,1,0
20261008,UCSes4X8uDrpc4X46hJKjejg,P2mEx6REM20,102,19,3,what-to-watch,1,0
20261008,UCSes4X8uDrpc4X46hJKjejg,P2mEx6REM20,102,26,4,UCLh4znMEEDzabMHw-Ob0Cpg,1,0
20261008,UCSes4X8uDrpc4X46hJKjejg,P2mEx6REM20,104,5,4,UCSes4X8uDrpc4X46hJKjejg,2,0
20261008,UCSes4X8uDrpc4X46hJKjejg,P2mEx6REM20,102,26,5,unknown,1,0
20261008,UCSes4X8uDrpc4X46hJKjejg,P2mEx6REM20,104,5,18,unknown,2,0
20261008,UCSes4X8uDrpc4X46hJKjejg,P50hAk7Id_A,103,10,5,unknown,1,0
20261008,UCSes4X8uDrpc4X46hJKjejg,P50hAk7Id_A,104,5,5,unknown,1,0
20261008,UCSes4X8uDrpc4X46hJKjejg,PB7B-uVQ5ak,104,5,5,unknown,1,0
20261008,UCSes4X8uDrpc4X46hJKjejg,PI9BLZrseiE,101,9,5,unknown,1,0
20261008,UCSes4X8uDrpc4X46hJKjejg,PI9BLZrseiE,104,4,5,unknown,2,0
20261008,UCSes4X8uDrpc4X46hJKjejg,PI9BLZrseiE,104,5,5,unknown,1,0
20261008,UCSes4X8uDrpc4X46hJKjejg,PI9BLZrseiE,105,5,5,unknown,3,0
20261008,UCSes4X8uDrpc4X46hJKjejg,PIx_IMsfd-g,102,19,4,UCSes4X8uDrpc4X46hJKjejg,3,0.66666666666666663
20261008,UCSes4X8uDrpc4X46hJKjejg,PIx_IMsfd-g,104,5,4,UCSes4X8uDrpc4X46hJKjejg,2,0
20261008,UCSes4X8uDrpc4X46hJKjejg,PIx_IMsfd-g,101,2,14,PLX3ZLYz4-6vFapW85GvTgNr-4rJjgkzqi,1,0
20261008,UCSes4X8uDrpc4X46hJKjejg,POhTbZx5J1E,101,2,5,unknown,1,0
20261008,UCSes4X8uDrpc4X46hJKjejg,PPGFOv__DRE,101,9,18,unknown,1,0
20261008,UCSes4X8uDrpc4X46hJKjejg,PQiHKqN4Wv4,102,1,3,what-to-watch,1,0
20261008,UCSes4X8uDrpc4X46hJKjejg,PQiHKqN4Wv4,102,29,3,what-to-watch,1,0
20261008,UCSes4X8uDrpc4X46hJKjejg,PQiHKqN4Wv4,104,4,3,what-to-watch,3,0
20261008,UCSes4X8uDrpc4X46hJKjejg,PQiHKqN4Wv4,105,5,3,what-to-watch,1,0
20261008,UCSes4X8uDrpc4X46hJKjejg,PQiHKqN4Wv4,101,2,4,UCSes4X8uDrpc4X46hJKjejg,1,0
20261008,UCSes4X8uDrpc4X46hJKjejg,PQiHKqN4Wv4,104,4,5,unknown,1,0
20261008,UCSes4X8uDrpc4X46hJKjejg,PQiHKqN4Wv4,101,2,7,5__mS4IvJiQ,1,0
20261008,UCSes4X8uDrpc4X46hJKjejg,PRRn46RwdmM,104,4,3,what-to-watch,2,0
20261008,UCSes4X8uDrpc4X46hJKjejg,PT-xWDLkmNg,101,9,5,unknown,1,0
20261008,UCSes4X8uDrpc4X46hJKjejg,PT-xWDLkmNg,101,9,14,PLX3ZLYz4-6vE2_ZNLW5AfzbHTd1jTskDl,1,0
20261008,UCSes4X8uDrpc4X46hJKjejg,PVOl1jy_sPs,101,2,3,what-to-watch,2,0
20261008,UCSes4X8uDrpc4X46hJKjejg,PVOl1jy_sPs,101,30,3,what-to-watch,1,0
20261008,UCSes4X8uDrpc4X46hJKjejg,PVOl1jy_sPs,102,1,3,what-to-watch,1,0
20261008,UCSes4X8uDrpc4X46hJKjejg,PVOl1jy_sPs,102,19,3,what-to-watch,1,0
20261008,UCSes4X8uDrpc4X46hJKjejg,PVOl1jy_sPs,102,28,3,what-to-watch,1,0
20261008,UCSes4X8uDrpc4X46hJKjejg,PVOl1jy_sPs,102,29,3,what-to-watch,1,0
20261008,UCSes4X8uDrpc4X46hJKjejg,PVOl1jy_sPs,103,10,3,what-to-watch,2,0
20261008,UCSes4X8uDrpc4X46hJKjejg,PVOl1jy_sPs,104,4,3,what-to-watch,3,0
20261008,UCSes4X8uDrpc4X46hJKjejg,PVOl1jy_sPs,104,5,3,what-to-watch,1,0
20261008,UCSes4X8uDrpc4X46hJKjejg,PVOl1jy_sPs,105,5,3,what-to-watch,2,0
20261008,UCSes4X8uDrpc4X46hJKjejg,PVOl1jy_sPs,101,2,4,UCSes4X8uDrpc4X46hJKjejg,1,0
20261008,UCSes4X8uDrpc4X46hJKjejg,PVOl1jy_sPs,104,5,4,UCSes4X8uDrpc4X46hJKjejg,5,0
20261008,UCSes4X8uDrpc4X46hJKjejg,PVOl1jy_sPs,101,2,5,unknown,2,0
20261008,UCSes4X8uDrpc4X46hJKjejg,PVOl1jy_sPs,101,9,5,unknown,1,1
20261008,UCSes4X8uDrpc4X46hJKjejg,PVOl1jy_sPs,102,1,5,unknown,1,0
20261008,UCSes4X8uDrpc4X46hJKjejg,PVOl1jy_sPs,102,19,5,unknown,4,0
20261008,UCSes4X8uDrpc4X46hJKjejg,PVOl1jy_sPs,103,10,5,unknown,1,0
20261008,UCSes4X8uDrpc4X46hJKjejg,PVOl1jy_sPs,104,5,5,unknown,8,0.125
20261008,UCSes4X8uDrpc4X46hJKjejg,PVOl1jy_sPs,104,4,7,5Cq-w45wCNI,1,1
20261008,UCSes4X8uDrpc4X46hJKjejg,PVOl1jy_sPs,102,4,7,FCAC9ZyPn_4,1,0
20261008,UCSes4X8uDrpc4X46hJKjejg,PY_VRF7d7kc,101,2,3,what-to-watch,3,0
20261008,UCSes4X8uDrpc4X46hJKjejg,PY_VRF7d7kc,101,9,3,what-to-watch,2,0
20261008,UCSes4X8uDrpc4X46hJKjejg,PY_VRF7d7kc,102,4,3,what-to-watch,2,0
20261008,UCSes4X8uDrpc4X46hJKjejg,PY_VRF7d7kc,102,12,3,what-to-watch,1,0
20261008,UCSes4X8uDrpc4X46hJKjejg,PY_VRF7d7kc,102,19,3,what-to-watch,1,0
20261008,UCSes4X8uDrpc4X46hJKjejg,PY_VRF7d7kc,102,29,3,what-to-watch,1,0
20261008,UCSes4X8uDrpc4X46hJKjejg,PY_VRF7d7kc,103,17,3,what-to-watch,1,0
20261008,UCSes4X8uDrpc4X46hJKjejg,PY_VRF7d7kc,104,4,3,what-to-watch,3,0
20261008,UCSes4X8uDrpc4X46hJKjejg,PY_VRF7d7kc,104,5,3,what-to-watch,3,0
20261008,UCSes4X8uDrpc4X46hJKjejg,PY_VRF7d7kc,105,5,3,what-to-watch,2,0
20261008,UCSes4X8uDrpc4X46hJKjejg,PY_VRF7d7kc,101,2,5,unknown,8,0.25
20261008,UCSes4X8uDrpc4X46hJKjejg,PY_VRF7d7kc,101,9,5,unknown,1,0
20261008,UCSes4X8uDrpc4X46hJKjejg,PY_VRF7d7kc,102,4,5,unknown,4,0.5
20261008,UCSes4X8uDrpc4X46hJKjejg,PY_VRF7d7kc,102,19,5,unknown,1,0
20261008,UCSes4X8uDrpc4X46hJKjejg,PY_VRF7d7kc,104,4,5,unknown,2,0
20261008,UCSes4X8uDrpc4X46hJKjejg,PY_VRF7d7kc,104,5,5,unknown,6,0
20261008,UCSes4X8uDrpc4X46hJKjejg,PY_VRF7d7kc,101,2,7,7mwtNruiXKQ,1,0
20261008,UCSes4X8uDrpc4X46hJKjejg,PY_VRF7d7kc,101,2,7,wSo7u_U2_Vg,1,0
20261008,UCSes4X8uDrpc4X46hJKjejg,PeMHxUwuByQ,101,2,3,what-to-watch,11,0
20261008,UCSes4X8uDrpc4X46hJKjejg,PeMHxUwuByQ,101,30,3,what-to-watch,1,0
20261008,UCSes4X8uDrpc4X46hJKjejg,PeMHxUwuByQ,102,4,3,what-to-watch,5,0.4
20261008,UCSes4X8uDrpc4X46hJKjejg,PeMHxUwuByQ,102,12,3,what-to-watch,1,0
20261008,UCSes4X8uDrpc4X46hJKjejg,PeMHxUwuByQ,102,19,3,what-to-watch,2,0
20261008,UCSes4X8uDrpc4X46hJKjejg,PeMHxUwuByQ,102,26,3,what-to-watch,8,0.125
20261008,UCSes4X8uDrpc4X46hJKjejg,PeMHxUwuByQ,102,28,3,what-to-watch,2,0
20261008,UCSes4X8uDrpc4X46hJKjejg,PeMHxUwuByQ,102,29,3,what-to-watch,1,0
20261008,UCSes4X8uDrpc4X46hJKjejg,PeMHxUwuByQ,103,10,3,what-to-watch,2,0
20261008,UCSes4X8uDrpc4X46hJKjejg,PeMHxUwuByQ,104,4,3,what-to-watch,13,0.076923076923076927
20261008,UCSes4X8uDrpc4X46hJKjejg,PeMHxUwuByQ,104,5,3,what-to-watch,28,0
20261008,UCSes4X8uDrpc4X46hJKjejg,PeMHxUwuByQ,105,5,3,what-to-watch,3,0
20261008,UCSes4X8uDrpc4X46hJKjejg,PeMHxUwuByQ,101,2,4,UCSes4X8uDrpc4X46hJKjejg,1,0
20261008,UCSes4X8uDrpc4X46hJKjejg,PeMHxUwuByQ,101,9,4,UCSes4X8uDrpc4X46hJKjejg,1,0
20261008,UCSes4X8uDrpc4X46hJKjejg,PeMHxUwuByQ,102,19,4,UCSes4X8uDrpc4X46hJKjejg,1,0
20261008,UCSes4X8uDrpc4X46hJKjejg,PeMHxUwuByQ,104,5,4,UCSes4X8uDrpc4X46hJKjejg,4,0
20261008,UCSes4X8uDrpc4X46hJKjejg,PeMHxUwuByQ,101,2,5,unknown,3,0
20261008,UCSes4X8uDrpc4X46hJKjejg,PeMHxUwuByQ,101,9,5,unknown,1,0
20261008,UCSes4X8uDrpc4X46hJKjejg,PeMHxUwuByQ,102,26,5,unknown,1,0
20261008,UCSes4X8uDrpc4X46hJKjejg,PeMHxUwuByQ,104,4,5,unknown,4,0
20261008,UCSes4X8uDrpc4X46hJKjejg,PeMHxUwuByQ,104,5,5,unknown,15,0
20261008,UCSes4X8uDrpc4X46hJKjejg,PeMHxUwuByQ,101,2,7,-TauZcQxKUU,1,0
20261008,UCSes4X8uDrpc4X46hJKjejg,PeMHxUwuByQ,101,2,7,3a-exFxVgdc,1,0
20261008,UCSes4X8uDrpc4X46hJKjejg,PeMHxUwuByQ,104,5,7,5ozbBdgA87Q,1,1
20261008,UCSes4X8uDrpc4X46hJKjejg,PeMHxUwuByQ,104,5,7,6ljakZEWb0o,1,0
20261008,UCSes4X8uDrpc4X46hJKjejg,PeMHxUwuByQ,101,9,7,7vCwL9o3CpE,1,0
20261008,UCSes4X8uDrpc4X46hJKjejg,PeMHxUwuByQ,104,4,7,8igHfECwWxU,2,0
20261008,UCSes4X8uDrpc4X46hJKjejg,PeMHxUwuByQ,101,2,7,9zaom3QbjYs,1,0
20261008,UCSes4X8uDrpc4X46hJKjejg,PeMHxUwuByQ,104,4,7,BO9eYRRNflU,1,0
20261008,UCSes4X8uDrpc4X46hJKjejg,PeMHxUwuByQ,104,5,7,DbC9gyEcwbQ,1,0
20261008,UCSes4X8uDrpc4X46hJKjejg,PeMHxUwuByQ,101,2,7,FhPlRHsq66w,1,0
20261008,UCSes4X8uDrpc4X46hJKjejg,PeMHxUwuByQ,104,5,7,GNWBOl3uFF4,1,1
20261008,UCSes4X8uDrpc4X46hJKjejg,PeMHxUwuByQ,104,4,7,JS5uMiw1AJc,1,0
20261008,UCSes4X8uDrpc4X46hJKjejg,PeMHxUwuByQ,104,4,7,MsEXYUmmidY,1,0
20261008,UCSes4X8uDrpc4X46hJKjejg,PeMHxUwuByQ,104,5,7,S-mlOPcXfSY,1,0
20261008,UCSes4X8uDrpc4X46hJKjejg,PeMHxUwuByQ,104,5,7,Sx1j9_ERF9A,1,0
20261008,UCSes4X8uDrpc4X46hJKjejg,PeMHxUwuByQ,101,2,7,YHtB62qU1r8,1,0
20261008,UCSes4X8uDrpc4X46hJKjejg,PeMHxUwuByQ,102,1,7,YHtB62qU1r8,1,0
20261008,UCSes4X8uDrpc4X46hJKjejg,PeMHxUwuByQ,102,4,7,YHtB62qU1r8,1,1
20261008,UCSes4X8uDrpc4X46hJKjejg,PeMHxUwuByQ,104,5,7,YHtB62qU1r8,3,0.33333333333333331
20261008,UCSes4X8uDrpc4X46hJKjejg,PeMHxUwuByQ,101,2,7,ZTDb9gMUvBY,2,0
20261008,UCSes4X8uDrpc4X46hJKjejg,PeMHxUwuByQ,101,2,7,b7WB2sl_H6k,1,0
20261008,UCSes4X8uDrpc4X46hJKjejg,PeMHxUwuByQ,101,2,7,cLVbBMkynsQ,1,0
20261008,UCSes4X8uDrpc4X46hJKjejg,PeMHxUwuByQ,104,5,7,ePdXtNfowRo,2,0
20261008,UCSes4X8uDrpc4X46hJKjejg,PeMHxUwuByQ,104,5,7,f4MfVVTJ6pY,2,0
20261008,UCSes4X8uDrpc4X46hJKjejg,PeMHxUwuByQ,101,2,7,gJDW5w72L_Q,1,0
20261008,UCSes4X8uDrpc4X46hJKjejg,PeMHxUwuByQ,104,4,7,i5QuW3pCH3U,2,0.5
20261008,UCSes4X8uDrpc4X46hJKjejg,PeMHxUwuByQ,101,2,7,mWi2ygAOJ9c,1,0
20261008,UCSes4X8uDrpc4X46hJKjejg,PeMHxUwuByQ,104,4,7,n4GTXbLWVqg,1,0
20261008,UCSes4X8uDrpc4X46hJKjejg,PeMHxUwuByQ,101,2,7,pWCQrmx8beo,1,0
20261008,UCSes4X8uDrpc4X46hJKjejg,PeMHxUwuByQ,101,9,7,pWCQrmx8beo,1,0
20261008,UCSes4X8uDrpc4X46hJKjejg,PeMHxUwuByQ,102,4,7,pWCQrmx8beo,1,0
20261008,UCSes4X8uDrpc4X46hJKjejg,PeMHxUwuByQ,102,29,7,pWCQrmx8beo,1,0
20261008,UCSes4X8uDrpc4X46hJKjejg,PeMHxUwuByQ,101,2,7,po8YrSQivoM,1,0
20261008,UCSes4X8uDrpc4X46hJKjejg,PeMHxUwuByQ,104,4,7,po8YrSQivoM,1,0
20261008,UCSes4X8uDrpc4X46hJKjejg,PeMHxUwuByQ,102,4,7,rqYAcQrMFmU,1,0
20261008,UCSes4X8uDrpc4X46hJKjejg,PeMHxUwuByQ,102,29,7,tRaHqCeNc9o,1,0
20261008,UCSes4X8uDrpc4X46hJKjejg,PeMHxUwuByQ,104,5,7,vwl3BWPuyNE,1,0
20261008,UCSes4X8uDrpc4X46hJKjejg,PeMHxUwuByQ,103,10,7,w-rl6OTXD7Y,1,0
20261008,UCSes4X8uDrpc4X46hJKjejg,PeMHxUwuByQ,101,2,14,PLX3ZLYz4-6vE2_ZNLW5AfzbHTd1jTskDl,1,0
20261008,UCSes4X8uDrpc4X46hJKjejg,PeMHxUwuByQ,101,9,14,PLX3ZLYz4-6vE2_ZNLW5AfzbHTd1jTskDl,2,0
20261008,UCSes4X8uDrpc4X46hJKjejg,PeMHxUwuByQ,104,4,14,PLX3ZLYz4-6vE2_ZNLW5AfzbHTd1jTskDl,8,0
20261008,UCSes4X8uDrpc4X46hJKjejg,PeMHxUwuByQ,101,9,18,unknown,1,0
20261008,UCSes4X8uDrpc4X46hJKjejg,PeMHxUwuByQ,102,26,18,unknown,1,0
20261008,UCSes4X8uDrpc4X46hJKjejg,PeMHxUwuByQ,103,10,18,unknown,3,0
20261008,UCSes4X8uDrpc4X46hJKjejg,PeMHxUwuByQ,104,4,18,unknown,3,0
20261008,UCSes4X8uDrpc4X46hJKjejg,PeMHxUwuByQ,104,5,18,unknown,3,0
20261008,UCSes4X8uDrpc4X46hJKjejg,PhM-zuCW28M,101,9,3,what-to-watch,1,0
20261008,UCSes4X8uDrpc4X46hJKjejg,PhM-zuCW28M,101,1,5,unknown,2,0
20261008,UCSes4X8uDrpc4X46hJKjejg,PhM-zuCW28M,101,2,5,unknown,4,0
20261008,UCSes4X8uDrpc4X46hJKjejg,PhM-zuCW28M,101,9,5,unknown,1,0
20261008,UCSes4X8uDrpc4X46hJKjejg,PhM-zuCW28M,102,12,5,unknown,1,0
20261008,UCSes4X8uDrpc4X46hJKjejg,PhM-zuCW28M,102,26,5,unknown,1,0
20261008,UCSes4X8uDrpc4X46hJKjejg,PhM-zuCW28M,102,29,5,unknown,2,0
20261008,UCSes4X8uDrpc4X46hJKjejg,PhM-zuCW28M,103,10,5,unknown,1,0
20261008,UCSes4X8uDrpc4X46hJKjejg,PhM-zuCW28M,104,4,5,unknown,4,0
20261008,UCSes4X8uDrpc4X46hJKjejg,PhM-zuCW28M,104,5,5,unknown,3,0
20261008,UCSes4X8uDrpc4X46hJKjejg,PhM-zuCW28M,105,5,5,unknown,3,0
20261008,UCSes4X8uDrpc4X46hJKjejg,PnFBmHRQrFc,101,2,3,what-to-watch,1,0
20261008,UCSes4X8uDrpc4X46hJKjejg,PnFBmHRQrFc,102,4,3,what-to-watch,1,0
20261008,UCSes4X8uDrpc4X46hJKjejg,PnFBmHRQrFc,104,5,3,what-to-watch,1,0
20261008,UCSes4X8uDrpc4X46hJKjejg,PnFBmHRQrFc,101,2,5,unknown,1,0
20261008,UCSes4X8uDrpc4X46hJKjejg,PnFBmHRQrFc,104,4,5,unknown,5,0.2
20261008,UCSes4X8uDrpc4X46hJKjejg,PnFBmHRQrFc,104,5,5,unknown,4,0.25
20261008,UCSes4X8uDrpc4X46hJKjejg,PnFBmHRQrFc,104,4,7,HV1HoAvAPc8,1,0
20261008,UCSes4X8uDrpc4X46hJKjejg,PnFBmHRQrFc,101,2,7,NmkBEoPWU74,1,0
20261008,UCSes4X8uDrpc4X46hJKjejg,PoyUkRaWZiM,101,1,3,what-to-watch,1,0
20261008,UCSes4X8uDrpc4X46hJKjejg,PoyUkRaWZiM,101,2,3,what-to-watch,29,0
20261008,UCSes4X8uDrpc4X46hJKjejg,PoyUkRaWZiM,101,9,3,what-to-watch,9,0
20261008,UCSes4X8uDrpc4X46hJKjejg,PoyUkRaWZiM,102,1,3,what-to-watch,3,0
20261008,UCSes4X8uDrpc4X46hJKjejg,PoyUkRaWZiM,102,12,3,what-to-watch,1,0
20261008,UCSes4X8uDrpc4X46hJKjejg,PoyUkRaWZiM,102,19,3,what-to-watch,5,0
20261008,UCSes4X8uDrpc4X46hJKjejg,PoyUkRaWZiM,102,26,3,what-to-watch,5,0
20261008,UCSes4X8uDrpc4X46hJKjejg,PoyUkRaWZiM,102,28,3,what-to-watch,5,0
20261008,UCSes4X8uDrpc4X46hJKjejg,PoyUkRaWZiM,102,29,3,what-to-watch,2,0
20261008,UCSes4X8uDrpc4X46hJKjejg,PoyUkRaWZiM,103,10,3,what-to-watch,3,0
20261008,UCSes4X8uDrpc4X46hJKjejg,PoyUkRaWZiM,103,17,3,what-to-watch,1,0
20261008,UCSes4X8uDrpc4X46hJKjejg,PoyUkRaWZiM,104,4,3,what-to-watch,22,0.045454545454545456
20261008,UCSes4X8uDrpc4X46hJKjejg,PoyUkRaWZiM,104,5,3,what-to-watch,40,0.075
20261008,UCSes4X8uDrpc4X46hJKjejg,PoyUkRaWZiM,105,5,3,what-to-watch,2,0
20261008,UCSes4X8uDrpc4X46hJKjejg,PoyUkRaWZiM,101,2,4,UCSes4X8uDrpc4X46hJKjejg,1,0
20261008,UCSes4X8uDrpc4X46hJKjejg,PoyUkRaWZiM,104,4,4,UCSes4X8uDrpc4X46hJKjejg,3,0.33333333333333331
20261008,UCSes4X8uDrpc4X46hJKjejg,PoyUkRaWZiM,104,5,4,UCSes4X8uDrpc4X46hJKjejg,1,0
20261008,UCSes4X8uDrpc4X46hJKjejg,PoyUkRaWZiM,101,2,5,unknown,4,0
20261008,UCSes4X8uDrpc4X46hJKjejg,PoyUkRaWZiM,102,4,5,unknown,1,0
20261008,UCSes4X8uDrpc4X46hJKjejg,PoyUkRaWZiM,104,4,5,unknown,6,0.16666666666666666
20261008,UCSes4X8uDrpc4X46hJKjejg,PoyUkRaWZiM,104,5,5,unknown,1,0
20261008,UCSes4X8uDrpc4X46hJKjejg,PoyUkRaWZiM,101,1,7,3U9mS2Mo6sk,1,0
20261008,UCSes4X8uDrpc4X46hJKjejg,PoyUkRaWZiM,101,2,7,3U9mS2Mo6sk,1,0
20261008,UCSes4X8uDrpc4X46hJKjejg,PoyUkRaWZiM,101,9,7,3U9mS2Mo6sk,1,0
20261008,UCSes4X8uDrpc4X46hJKjejg,PoyUkRaWZiM,104,5,7,3U9mS2Mo6sk,3,0
20261008,UCSes4X8uDrpc4X46hJKjejg,PoyUkRaWZiM,101,2,7,46H7mR8PVaU,1,1
20261008,UCSes4X8uDrpc4X46hJKjejg,PoyUkRaWZiM,102,4,7,HVlPHhXO-tg,1,0
20261008,UCSes4X8uDrpc4X46hJKjejg,PoyUkRaWZiM,102,19,7,HVlPHhXO-tg,1,0
20261008,UCSes4X8uDrpc4X46hJKjejg,PoyUkRaWZiM,101,2,7,Lqs0X7WbxkM,2,0
20261008,UCSes4X8uDrpc4X46hJKjejg,PoyUkRaWZiM,102,1,7,Lqs0X7WbxkM,1,1
20261008,UCSes4X8uDrpc4X46hJKjejg,PoyUkRaWZiM,102,26,7,Lqs0X7WbxkM,1,1
20261008,UCSes4X8uDrpc4X46hJKjejg,PoyUkRaWZiM,104,5,7,Lqs0X7WbxkM,4,0.5
20261008,UCSes4X8uDrpc4X46hJKjejg,PoyUkRaWZiM,101,9,7,P10jYenBVTw,2,0
20261008,UCSes4X8uDrpc4X46hJKjejg,PoyUkRaWZiM,101,2,7,RONekF9KUcg,2,0
20261008,UCSes4X8uDrpc4X46hJKjejg,PoyUkRaWZiM,101,9,7,RONekF9KUcg,1,0
20261008,UCSes4X8uDrpc4X46hJKjejg,PoyUkRaWZiM,102,28,7,ZPnHkWNPr1s,1,0
20261008,UCSes4X8uDrpc4X46hJKjejg,PoyUkRaWZiM,101,2,7,ZQlma7mgx0c,1,0
20261008,UCSes4X8uDrpc4X46hJKjejg,PoyUkRaWZiM,104,4,7,ZttpymC3Ado,1,0
20261008,UCSes4X8uDrpc4X46hJKjejg,PoyUkRaWZiM,101,2,7,pcJU6FJGnY0,1,0
20261008,UCSes4X8uDrpc4X46hJKjejg,PoyUkRaWZiM,101,30,7,wS5l_raq0Sk,1,0
20261008,UCSes4X8uDrpc4X46hJKjejg,PoyUkRaWZiM,103,10,7,wS5l_raq0Sk,1,1
20261008,UCSes4X8uDrpc4X46hJKjejg,PoyUkRaWZiM,101,9,14,PLShZ3tFOyZ1lT01BX3NI3OCmfJHZU5aFa,1,0
20261008,UCSes4X8uDrpc4X46hJKjejg,PoyUkRaWZiM,104,4,14,QP,3,0
20261008,UCSes4X8uDrpc4X46hJKjejg,PoyUkRaWZiM,102,28,18,unknown,1,0
20261008,UCSes4X8uDrpc4X46hJKjejg,PoyUkRaWZiM,104,5,18,unknown,3,0
20261008,UCSes4X8uDrpc4X46hJKjejg,Ppxt7uU9PRA,101,2,3,what-to-watch,1,1
20261008,UCSes4X8uDrpc4X46hJKjejg,Ppxt7uU9PRA,101,9,3,what-to-watch,2,0
20261008,UCSes4X8uDrpc4X46hJKjejg,Ppxt7uU9PRA,102,21,3,what-to-watch,2,0.5
20261008,UCSes4X8uDrpc4X46hJKjejg,Ppxt7uU9PRA,102,26,3,what-to-watch,2,0
20261008,UCSes4X8uDrpc4X46hJKjejg,Ppxt7uU9PRA,105,5,3,what-to-watch,1,0
20261008,UCSes4X8uDrpc4X46hJKjejg,Ppxt7uU9PRA,104,4,4,UCSes4X8uDrpc4X46hJKjejg,1,0
20261008,UCSes4X8uDrpc4X46hJKjejg,Ppxt7uU9PRA,101,2,5,unknown,1,0
20261008,UCSes4X8uDrpc4X46hJKjejg,Ppxt7uU9PRA,102,19,5,unknown,1,0
20261008,UCSes4X8uDrpc4X46hJKjejg,Ppxt7uU9PRA,102,28,5,unknown,2,0
20261008,UCSes4X8uDrpc4X46hJKjejg,Ppxt7uU9PRA,103,10,5,unknown,3,0.33333333333333331
20261008,UCSes4X8uDrpc4X46hJKjejg,Ppxt7uU9PRA,104,4,5,unknown,19,0.21052631578947367
20261008,UCSes4X8uDrpc4X46hJKjejg,Ppxt7uU9PRA,104,5,5,unknown,20,0.05
20261008,UCSes4X8uDrpc4X46hJKjejg,PuCvi4AuYdo,101,2,5,unknown,1,0
20261008,UCSes4X8uDrpc4X46hJKjejg,PuCvi4AuYdo,101,9,5,unknown,1,0
20261008,UCSes4X8uDrpc4X46hJKjejg,PuCvi4AuYdo,104,4,5,unknown,2,0
20261008,UCSes4X8uDrpc4X46hJKjejg,QCm7CsQMD94,102,19,3,what-to-watch,1,0
20261008,UCSes4X8uDrpc4X46hJKjejg,QE7-dA6-NR8,101,2,5,unknown,1,0
20261008,UCSes4X8uDrpc4X46hJKjejg,QFEUI0R2SXA,103,10,5,unknown,1,0
20261008,UCSes4X8uDrpc4X46hJKjejg,QFEUI0R2SXA,104,4,5,unknown,1,0
20261008,UCSes4X8uDrpc4X46hJKjejg,QFEUI0R2SXA,104,5,5,unknown,4,0.25
20261008,UCSes4X8uDrpc4X46hJKjejg,QFEUI0R2SXA,105,5,5,unknown,4,0
20261008,UCSes4X8uDrpc4X46hJKjejg,QHSmrvFszDQ,104,5,4,UCSes4X8uDrpc4X46hJKjejg,2,0
20261008,UCSes4X8uDrpc4X46hJKjejg,QJ_3_k_NTSk,101,9,5,unknown,1,0
20261008,UCSes4X8uDrpc4X46hJKjejg,QLFDB2t734A,101,9,4,UCSes4X8uDrpc4X46hJKjejg,1,0
20261008,UCSes4X8uDrpc4X46hJKjejg,QLFDB2t734A,104,4,4,UCSes4X8uDrpc4X46hJKjejg,2,0
20261008,UCSes4X8uDrpc4X46hJKjejg,QLFDB2t734A,104,5,4,UCSes4X8uDrpc4X46hJKjejg,3,0
20261008,UCSes4X8uDrpc4X46hJKjejg,QLFDB2t734A,104,4,5,unknown,1,0
20261008,UCSes4X8uDrpc4X46hJKjejg,QLokxg_tvSU,101,2,5,unknown,1,0
20261008,UCSes4X8uDrpc4X46hJKjejg,QLokxg_tvSU,101,9,5,unknown,1,0
20261008,UCSes4X8uDrpc4X46hJKjejg,QLokxg_tvSU,104,4,5,unknown,6,0
20261008,UCSes4X8uDrpc4X46hJKjejg,QLokxg_tvSU,105,5,5,unknown,3,0
20261008,UCSes4X8uDrpc4X46hJKjejg,QLokxg_tvSU,104,5,18,unknown,1,0
20261008,UCSes4X8uDrpc4X46hJKjejg,QUD-7qlFQUs,101,2,3,what-to-watch,6,0
20261008,UCSes4X8uDrpc4X46hJKjejg,QUD-7qlFQUs,101,9,3,what-to-watch,3,0
20261008,UCSes4X8uDrpc4X46hJKjejg,QUD-7qlFQUs,102,1,3,what-to-watch,1,0
20261008,UCSes4X8uDrpc4X46hJKjejg,QUD-7qlFQUs,104,4,3,what-to-watch,7,0
20261008,UCSes4X8uDrpc4X46hJKjejg,QUD-7qlFQUs,104,5,3,what-to-watch,15,0.2
20261008,UCSes4X8uDrpc4X46hJKjejg,QUD-7qlFQUs,105,5,3,what-to-watch,4,0.5
20261008,UCSes4X8uDrpc4X46hJKjejg,QUD-7qlFQUs,104,4,4,UCSes4X8uDrpc4X46hJKjejg,2,0
20261008,UCSes4X8uDrpc4X46hJKjejg,QUD-7qlFQUs,101,2,5,unknown,2,0
20261008,UCSes4X8uDrpc4X46hJKjejg,QUD-7qlFQUs,101,9,5,unknown,1,0
20261008,UCSes4X8uDrpc4X46hJKjejg,QUD-7qlFQUs,102,26,5,unknown,2,0
20261008,UCSes4X8uDrpc4X46hJKjejg,QUD-7qlFQUs,102,28,5,unknown,2,0
20261008,UCSes4X8uDrpc4X46hJKjejg,QUD-7qlFQUs,104,4,5,unknown,5,0
20261008,UCSes4X8uDrpc4X46hJKjejg,QUD-7qlFQUs,104,5,5,unknown,7,0.14285714285714285
20261008,UCSes4X8uDrpc4X46hJKjejg,QUD-7qlFQUs,104,5,14,my-likes,3,0
20261008,UCSes4X8uDrpc4X46hJKjejg,QUD-7qlFQUs,101,2,18,unknown,1,0
20261008,UCSes4X8uDrpc4X46hJKjejg,QUD-7qlFQUs,104,4,18,unknown,1,0
20261008,UCSes4X8uDrpc4X46hJKjejg,Q_QW7LVdzvM,101,2,4,UCSes4X8uDrpc4X46hJKjejg,1,0
20261008,UCSes4X8uDrpc4X46hJKjejg,Q_QW7LVdzvM,104,4,18,unknown,1,0
20261008,UCSes4X8uDrpc4X46hJKjejg,Q_gPc2nsP9U,101,2,5,unknown,1,0
20261008,UCSes4X8uDrpc4X46hJKjejg,Q_gPc2nsP9U,101,9,14,PLX3ZLYz4-6vE2_ZNLW5AfzbHTd1jTskDl,1,0
20261008,UCSes4X8uDrpc4X46hJKjejg,Q_gPc2nsP9U,104,4,14,PLX3ZLYz4-6vE2_ZNLW5AfzbHTd1jTskDl,6,0.16666666666666666
20261008,UCSes4X8uDrpc4X46hJKjejg,Q_gPc2nsP9U,101,9,18,unknown,1,0
20261008,UCSes4X8uDrpc4X46hJKjejg,Q_gPc2nsP9U,104,4,18,unknown,2,0
20261008,UCSes4X8uDrpc4X46hJKjejg,QbOI1xgQ8ZE,103,10,3,what-to-watch,4,0.25
20261008,UCSes4X8uDrpc4X46hJKjejg,QbOI1xgQ8ZE,102,4,5,unknown,2,0
20261008,UCSes4X8uDrpc4X46hJKjejg,QbOI1xgQ8ZE,104,4,5,unknown,1,0
20261008,UCSes4X8uDrpc4X46hJKjejg,QbOI1xgQ8ZE,104,4,7,6aquum5qccs,1,0
20261008,UCSes4X8uDrpc4X46hJKjejg,QbOI1xgQ8ZE,104,4,7,HdGWoBjXTow,1,0
20261008,UCSes4X8uDrpc4X46hJKjejg,QgMbOBTiGl4,104,4,5,unknown,1,0
20261008,UCSes4X8uDrpc4X46hJKjejg,QgMbOBTiGl4,104,5,5,unknown,1,0
20261008,UCSes4X8uDrpc4X46hJKjejg,QgeCWQjxuLA,104,5,3,what-to-watch,1,0
20261008,UCSes4X8uDrpc4X46hJKjejg,QgeCWQjxuLA,104,4,4,UCSes4X8uDrpc4X46hJKjejg,2,0
20261008,UCSes4X8uDrpc4X46hJKjejg,QgeCWQjxuLA,101,2,5,unknown,3,0
20261008,UCSes4X8uDrpc4X46hJKjejg,QgeCWQjxuLA,102,26,5,unknown,3,0.33333333333333331
20261008,UCSes4X8uDrpc4X46hJKjejg,QgeCWQjxuLA,102,29,5,unknown,1,0
20261008,UCSes4X8uDrpc4X46hJKjejg,QgeCWQjxuLA,104,4,5,unknown,10,0
20261008,UCSes4X8uDrpc4X46hJKjejg,QgeCWQjxuLA,104,5,5,unknown,8,0.125
20261008,UCSes4X8uDrpc4X46hJKjejg,QgeCWQjxuLA,105,5,5,unknown,3,0.66666666666666663
20261008,UCSes4X8uDrpc4X46hJKjejg,QgzDiB4_6xw,101,2,3,what-to-watch,4,0
20261008,UCSes4X8uDrpc4X46hJKjejg,QgzDiB4_6xw,104,4,3,what-to-watch,1,0
20261008,UCSes4X8uDrpc4X46hJKjejg,QgzDiB4_6xw,104,5,3,what-to-watch,1,0
20261008,UCSes4X8uDrpc4X46hJKjejg,QgzDiB4_6xw,101,2,5,unknown,6,0
20261008,UCSes4X8uDrpc4X46hJKjejg,QgzDiB4_6xw,101,9,5,unknown,6,0
20261008,UCSes4X8uDrpc4X46hJKjejg,QgzDiB4_6xw,101,30,5,unknown,1,0
20261008,UCSes4X8uDrpc4X46hJKjejg,QgzDiB4_6xw,102,1,5,unknown,1,0
20261008,UCSes4X8uDrpc4X46hJKjejg,QgzDiB4_6xw,102,4,5,unknown,1,0
20261008,UCSes4X8uDrpc4X46hJKjejg,QgzDiB4_6xw,102,19,5,unknown,2,0
20261008,UCSes4X8uDrpc4X46hJKjejg,QgzDiB4_6xw,102,26,5,unknown,3,0
20261008,UCSes4X8uDrpc4X46hJKjejg,QgzDiB4_6xw,102,29,5,unknown,2,0
20261008,UCSes4X8uDrpc4X46hJKjejg,QgzDiB4_6xw,103,10,5,unknown,1,0
20261008,UCSes4X8uDrpc4X46hJKjejg,QgzDiB4_6xw,103,17,5,unknown,2,0
20261008,UCSes4X8uDrpc4X46hJKjejg,QgzDiB4_6xw,104,4,5,unknown,24,0.041666666666666664
20261008,UCSes4X8uDrpc4X46hJKjejg,QgzDiB4_6xw,104,5,5,unknown,15,0
20261008,UCSes4X8uDrpc4X46hJKjejg,QgzDiB4_6xw,105,5,5,unknown,2,0
20261008,UCSes4X8uDrpc4X46hJKjejg,QhJLmW0Qj-c,101,9,4,UCSes4X8uDrpc4X46hJKjejg,1,0
20261008,UCSes4X8uDrpc4X46hJKjejg,QhJLmW0Qj-c,104,4,4,UCSes4X8uDrpc4X46hJKjejg,1,0
20261008,UCSes4X8uDrpc4X46hJKjejg,QhJLmW0Qj-c,104,4,5,unknown,6,0.16666666666666666
20261008,UCSes4X8uDrpc4X46hJKjejg,QhJLmW0Qj-c,104,5,5,unknown,2,0
20261008,UCSes4X8uDrpc4X46hJKjejg,QngqvwK8eW0,104,5,3,what-to-watch,2,0
20261008,UCSes4X8uDrpc4X46hJKjejg,QngqvwK8eW0,101,2,4,UCSes4X8uDrpc4X46hJKjejg,1,0
20261008,UCSes4X8uDrpc4X46hJKjejg,QngqvwK8eW0,101,9,4,UCSes4X8uDrpc4X46hJKjejg,1,0
20261008,UCSes4X8uDrpc4X46hJKjejg,QngqvwK8eW0,104,4,4,UCSes4X8uDrpc4X46hJKjejg,7,0
20261008,UCSes4X8uDrpc4X46hJKjejg,QngqvwK8eW0,104,5,4,UCSes4X8uDrpc4X46hJKjejg,3,0
20261008,UCSes4X8uDrpc4X46hJKjejg,QuV8vhBzTLk,101,2,4,UCSes4X8uDrpc4X46hJKjejg,1,0
20261008,UCSes4X8uDrpc4X46hJKjejg,QuV8vhBzTLk,104,5,4,UCSes4X8uDrpc4X46hJKjejg,1,0
20261008,UCSes4X8uDrpc4X46hJKjejg,Quf1VxVcRX4,101,2,3,what-to-watch,1,0
20261008,UCSes4X8uDrpc4X46hJKjejg,Quf1VxVcRX4,104,4,3,what-to-watch,1,0
20261008,UCSes4X8uDrpc4X46hJKjejg,Quf1VxVcRX4,104,5,3,what-to-watch,3,0
20261008,UCSes4X8uDrpc4X46hJKjejg,Quf1VxVcRX4,101,2,4,UCSes4X8uDrpc4X46hJKjejg,1,0
20261008,UCSes4X8uDrpc4X46hJKjejg,Quf1VxVcRX4,101,9,5,unknown,1,0
20261008,UCSes4X8uDrpc4X46hJKjejg,Quf1VxVcRX4,104,5,5,unknown,1,0
20261008,UCSes4X8uDrpc4X46hJKjejg,Quf1VxVcRX4,104,5,7,fsvQp_k3NXA,2,0
20261008,UCSes4X8uDrpc4X46hJKjejg,Quf1VxVcRX4,101,9,14,PLX3ZLYz4-6vE2_ZNLW5AfzbHTd1jTskDl,1,0
20261008,UCSes4X8uDrpc4X46hJKjejg,QxkwRERjZgA,101,2,5,unknown,1,0
20261008,UCSes4X8uDrpc4X46hJKjejg,QxkwRERjZgA,101,9,5,unknown,2,0
20261008,UCSes4X8uDrpc4X46hJKjejg,QxkwRERjZgA,102,26,5,unknown,3,0.33333333333333331
20261008,UCSes4X8uDrpc4X46hJKjejg,QxkwRERjZgA,103,10,5,unknown,7,0.14285714285714285
20261008,UCSes4X8uDrpc4X46hJKjejg,QxkwRERjZgA,104,4,5,unknown,8,0
20261008,UCSes4X8uDrpc4X46hJKjejg,QxkwRERjZgA,104,5,5,unknown,27,0.14814814814814814
20261008,UCSes4X8uDrpc4X46hJKjejg,QxkwRERjZgA,104,5,18,unknown,1,0
20261008,UCSes4X8uDrpc4X46hJKjejg,QyNJt23xOvk,101,2,3,what-to-watch,2,0
20261008,UCSes4X8uDrpc4X46hJKjejg,QyNJt23xOvk,101,9,3,what-to-watch,1,0
20261008,UCSes4X8uDrpc4X46hJKjejg,QyNJt23xOvk,101,30,3,what-to-watch,1,0
20261008,UCSes4X8uDrpc4X46hJKjejg,QyNJt23xOvk,102,4,3,what-to-watch,1,0
20261008,UCSes4X8uDrpc4X46hJKjejg,QyNJt23xOvk,102,28,3,what-to-watch,2,0
20261008,UCSes4X8uDrpc4X46hJKjejg,QyNJt23xOvk,102,29,3,what-to-watch,2,0
20261008,UCSes4X8uDrpc4X46hJKjejg,QyNJt23xOvk,102,31,3,what-to-watch,1,0
20261008,UCSes4X8uDrpc4X46hJKjejg,QyNJt23xOvk,104,4,3,what-to-watch,4,0
20261008,UCSes4X8uDrpc4X46hJKjejg,QyNJt23xOvk,101,2,5,unknown,1,0
20261008,UCSes4X8uDrpc4X46hJKjejg,QyNJt23xOvk,102,4,5,unknown,4,0
20261008,UCSes4X8uDrpc4X46hJKjejg,QyNJt23xOvk,102,19,5,unknown,9,0
20261008,UCSes4X8uDrpc4X46hJKjejg,QyNJt23xOvk,102,26,5,unknown,1,0
20261008,UCSes4X8uDrpc4X46hJKjejg,QyNJt23xOvk,104,4,5,unknown,2,0
20261008,UCSes4X8uDrpc4X46hJKjejg,QyNJt23xOvk,104,5,5,unknown,4,0
20261008,UCSes4X8uDrpc4X46hJKjejg,QyNJt23xOvk,105,5,5,unknown,1,0
20261008,UCSes4X8uDrpc4X46hJKjejg,QyNJt23xOvk,101,2,7,xmgzHcUbaEQ,1,0
20261008,UCSes4X8uDrpc4X46hJKjejg,QytSHiiqR3k,101,2,3,/my_subscriptions,15,0.066666666666666666
20261008,UCSes4X8uDrpc4X46hJKjejg,QytSHiiqR3k,101,9,3,/my_subscriptions,10,0
20261008,UCSes4X8uDrpc4X46hJKjejg,QytSHiiqR3k,101,30,3,/my_subscriptions,7,0
20261008,UCSes4X8uDrpc4X46hJKjejg,QytSHiiqR3k,102,1,3,/my_subscriptions,9,0.1111111111111111
20261008,UCSes4X8uDrpc4X46hJKjejg,QytSHiiqR3k,102,4,3,/my_subscriptions,15,0
20261008,UCSes4X8uDrpc4X46hJKjejg,QytSHiiqR3k,102,12,3,/my_subscriptions,1,0
20261008,UCSes4X8uDrpc4X46hJKjejg,QytSHiiqR3k,102,19,3,/my_subscriptions,5,0.4
20261008,UCSes4X8uDrpc4X46hJKjejg,QytSHiiqR3k,102,26,3,/my_subscriptions,10,0.2
20261008,UCSes4X8uDrpc4X46hJKjejg,QytSHiiqR3k,102,28,3,/my_subscriptions,5,0.2
20261008,UCSes4X8uDrpc4X46hJKjejg,QytSHiiqR3k,102,29,3,/my_subscriptions,14,0
20261008,UCSes4X8uDrpc4X46hJKjejg,QytSHiiqR3k,102,31,3,/my_subscriptions,1,0
20261008,UCSes4X8uDrpc4X46hJKjejg,QytSHiiqR3k,103,10,3,/my_subscriptions,5,0
20261008,UCSes4X8uDrpc4X46hJKjejg,QytSHiiqR3k,103,17,3,/my_subscriptions,12,0.083333333333333329
20261008,UCSes4X8uDrpc4X46hJKjejg,QytSHiiqR3k,103,27,3,/my_subscriptions,1,0
20261008,UCSes4X8uDrpc4X46hJKjejg,QytSHiiqR3k,104,4,3,/my_subscriptions,117,0.085470085470085472
20261008,UCSes4X8uDrpc4X46hJKjejg,QytSHiiqR3k,104,5,3,/my_subscriptions,192,0.088541666666666671
20261008,UCSes4X8uDrpc4X46hJKjejg,QytSHiiqR3k,105,5,3,/my_subscriptions,32,0
20261008,UCSes4X8uDrpc4X46hJKjejg,QytSHiiqR3k,101,2,3,what-to-watch,19,0.052631578947368418
20261008,UCSes4X8uDrpc4X46hJKjejg,QytSHiiqR3k,101,9,3,what-to-watch,9,0
20261008,UCSes4X8uDrpc4X46hJKjejg,QytSHiiqR3k,102,4,3,what-to-watch,5,0.2
20261008,UCSes4X8uDrpc4X46hJKjejg,QytSHiiqR3k,102,12,3,what-to-watch,2,0.5
20261008,UCSes4X8uDrpc4X46hJKjejg,QytSHiiqR3k,102,19,3,what-to-watch,2,0
20261008,UCSes4X8uDrpc4X46hJKjejg,QytSHiiqR3k,102,29,3,what-to-watch,3,0
20261008,UCSes4X8uDrpc4X46hJKjejg,QytSHiiqR3k,102,31,3,what-to-watch,5,0
20261008,UCSes4X8uDrpc4X46hJKjejg,QytSHiiqR3k,103,10,3,what-to-watch,2,0
20261008,UCSes4X8uDrpc4X46hJKjejg,QytSHiiqR3k,104,4,3,what-to-watch,39,0.05128205128205128
20261008,UCSes4X8uDrpc4X46hJKjejg,QytSHiiqR3k,104,5,3,what-to-watch,119,0.050420168067226892
20261008,UCSes4X8uDrpc4X46hJKjejg,QytSHiiqR3k,105,5,3,what-to-watch,3,0.33333333333333331
20261008,UCSes4X8uDrpc4X46hJKjejg,QytSHiiqR3k,101,2,4,UCSes4X8uDrpc4X46hJKjejg,5,0
20261008,UCSes4X8uDrpc4X46hJKjejg,QytSHiiqR3k,101,9,4,UCSes4X8uDrpc4X46hJKjejg,13,0
20261008,UCSes4X8uDrpc4X46hJKjejg,QytSHiiqR3k,102,4,4,UCSes4X8uDrpc4X46hJKjejg,3,0
20261008,UCSes4X8uDrpc4X46hJKjejg,QytSHiiqR3k,102,12,4,UCSes4X8uDrpc4X46hJKjejg,2,0
20261008,UCSes4X8uDrpc4X46hJKjejg,QytSHiiqR3k,102,19,4,UCSes4X8uDrpc4X46hJKjejg,1,0
20261008,UCSes4X8uDrpc4X46hJKjejg,QytSHiiqR3k,102,26,4,UCSes4X8uDrpc4X46hJKjejg,3,0
20261008,UCSes4X8uDrpc4X46hJKjejg,QytSHiiqR3k,104,4,4,UCSes4X8uDrpc4X46hJKjejg,52,0.076923076923076927
20261008,UCSes4X8uDrpc4X46hJKjejg,QytSHiiqR3k,104,5,4,UCSes4X8uDrpc4X46hJKjejg,34,0.058823529411764705
20261008,UCSes4X8uDrpc4X46hJKjejg,QytSHiiqR3k,105,5,4,UCSes4X8uDrpc4X46hJKjejg,1,0
20261008,UCSes4X8uDrpc4X46hJKjejg,QytSHiiqR3k,101,2,5,unknown,30,0
20261008,UCSes4X8uDrpc4X46hJKjejg,QytSHiiqR3k,101,9,5,unknown,11,0
20261008,UCSes4X8uDrpc4X46hJKjejg,QytSHiiqR3k,101,30,5,unknown,2,0
20261008,UCSes4X8uDrpc4X46hJKjejg,QytSHiiqR3k,102,4,5,unknown,6,0
20261008,UCSes4X8uDrpc4X46hJKjejg,QytSHiiqR3k,102,19,5,unknown,4,0
20261008,UCSes4X8uDrpc4X46hJKjejg,QytSHiiqR3k,102,21,5,unknown,1,0
20261008,UCSes4X8uDrpc4X46hJKjejg,QytSHiiqR3k,102,26,5,unknown,6,0
20261008,UCSes4X8uDrpc4X46hJKjejg,QytSHiiqR3k,102,28,5,unknown,2,0
20261008,UCSes4X8uDrpc4X46hJKjejg,QytSHiiqR3k,104,4,5,unknown,106,0.028301886792452831
20261008,UCSes4X8uDrpc4X46hJKjejg,QytSHiiqR3k,104,5,5,unknown,64,0.03125
20261008,UCSes4X8uDrpc4X46hJKjejg,QytSHiiqR3k,105,5,5,unknown,12,0
20261008,UCSes4X8uDrpc4X46hJKjejg,QytSHiiqR3k,101,2,7,0h9Ynj6EGd8,1,0
20261008,UCSes4X8uDrpc4X46hJKjejg,QytSHiiqR3k,101,2,7,XtBSIni2P6Q,1,0
20261008,UCSes4X8uDrpc4X46hJKjejg,QytSHiiqR3k,101,2,7,axxDaV2d0LM,1,0
20261008,UCSes4X8uDrpc4X46hJKjejg,QytSHiiqR3k,101,2,7,cPqjeXXAN7Y,1,0
20261008,UCSes4X8uDrpc4X46hJKjejg,QytSHiiqR3k,104,5,7,j35N81U73FE,1,0
20261008,UCSes4X8uDrpc4X46hJKjejg,QytSHiiqR3k,104,4,7,ovO4yZAGhXI,2,0
20261008,UCSes4X8uDrpc4X46hJKjejg,QytSHiiqR3k,104,5,18,unknown,2,0
20261008,UCSes4X8uDrpc4X46hJKjejg,R09S9nSIyEk,101,9,3,what-to-watch,3,0
20261008,UCSes4X8uDrpc4X46hJKjejg,R09S9nSIyEk,103,10,3,what-to-watch,2,0
20261008,UCSes4X8uDrpc4X46hJKjejg,R09S9nSIyEk,104,5,3,what-to-watch,5,0
20261008,UCSes4X8uDrpc4X46hJKjejg,R09S9nSIyEk,105,5,3,what-to-watch,1,0
20261008,UCSes4X8uDrpc4X46hJKjejg,R09S9nSIyEk,101,2,4,UCA95kYjGqDgRziNA7sJZBag,1,0
20261008,UCSes4X8uDrpc4X46hJKjejg,R09S9nSIyEk,102,26,4,UCA95kYjGqDgRziNA7sJZBag,1,0
20261008,UCSes4X8uDrpc4X46hJKjejg,R09S9nSIyEk,101,2,4,UCSes4X8uDrpc4X46hJKjejg,11,0
20261008,UCSes4X8uDrpc4X46hJKjejg,R09S9nSIyEk,101,9,4,UCSes4X8uDrpc4X46hJKjejg,32,0
20261008,UCSes4X8uDrpc4X46hJKjejg,R09S9nSIyEk,101,30,4,UCSes4X8uDrpc4X46hJKjejg,1,0
20261008,UCSes4X8uDrpc4X46hJKjejg,R09S9nSIyEk,102,12,4,UCSes4X8uDrpc4X46hJKjejg,2,0
20261008,UCSes4X8uDrpc4X46hJKjejg,R09S9nSIyEk,102,19,4,UCSes4X8uDrpc4X46hJKjejg,1,0
20261008,UCSes4X8uDrpc4X46hJKjejg,R09S9nSIyEk,103,10,4,UCSes4X8uDrpc4X46hJKjejg,1,0
20261008,UCSes4X8uDrpc4X46hJKjejg,R09S9nSIyEk,104,5,4,UCSes4X8uDrpc4X46hJKjejg,6,0
20261008,UCSes4X8uDrpc4X46hJKjejg,R09S9nSIyEk,104,4,5,unknown,2,0
20261008,UCSes4X8uDrpc4X46hJKjejg,R09S9nSIyEk,104,5,5,unknown,1,0
20261008,UCSes4X8uDrpc4X46hJKjejg,R09S9nSIyEk,105,5,5,unknown,1,0
20261008,UCSes4X8uDrpc4X46hJKjejg,R09S9nSIyEk,104,5,7,0A0ZC94-XlE,1,0
20261008,UCSes4X8uDrpc4X46hJKjejg,R09S9nSIyEk,102,19,7,397EK9CM6n4,1,0
20261008,UCSes4X8uDrpc4X46hJKjejg,R09S9nSIyEk,104,4,7,9CylUYejVjQ,1,0
20261008,UCSes4X8uDrpc4X46hJKjejg,R09S9nSIyEk,101,9,7,BAs3fi51LR8,1,0
20261008,UCSes4X8uDrpc4X46hJKjejg,R09S9nSIyEk,101,9,7,FC36sHokYnk,1,0
20261008,UCSes4X8uDrpc4X46hJKjejg,R09S9nSIyEk,101,2,7,FCAC9ZyPn_4,2,0
20261008,UCSes4X8uDrpc4X46hJKjejg,R09S9nSIyEk,101,9,7,JcsDNlqQ5Z8,1,0
20261008,UCSes4X8uDrpc4X46hJKjejg,R09S9nSIyEk,102,29,7,LH-z_nTdGVs,1,0
20261008,UCSes4X8uDrpc4X46hJKjejg,R09S9nSIyEk,104,4,7,LoFU5kr6npM,1,0
20261008,UCSes4X8uDrpc4X46hJKjejg,R09S9nSIyEk,104,5,7,OcHWqbudHdM,1,0
20261008,UCSes4X8uDrpc4X46hJKjejg,R09S9nSIyEk,102,19,7,Os8okjX62pE,1,0
20261008,UCSes4X8uDrpc4X46hJKjejg,R09S9nSIyEk,101,9,7,PVOl1jy_sPs,1,0
20261008,UCSes4X8uDrpc4X46hJKjejg,R09S9nSIyEk,104,5,7,SAJgJIQhPIw,1,0
20261008,UCSes4X8uDrpc4X46hJKjejg,R09S9nSIyEk,105,5,7,YuNt7KAK3xc,1,0
20261008,UCSes4X8uDrpc4X46hJKjejg,R09S9nSIyEk,101,2,7,cKm5MBJyAbc,2,0
20261008,UCSes4X8uDrpc4X46hJKjejg,R09S9nSIyEk,101,9,7,f70hExacAnM,1,0
20261008,UCSes4X8uDrpc4X46hJKjejg,R09S9nSIyEk,104,4,7,m3GWHu-HrY4,1,0
20261008,UCSes4X8uDrpc4X46hJKjejg,R09S9nSIyEk,103,17,7,pmHVTkNEj7Y,1,0
20261008,UCSes4X8uDrpc4X46hJKjejg,R09S9nSIyEk,101,2,7,pmzz7Gefdro,1,0
20261008,UCSes4X8uDrpc4X46hJKjejg,R09S9nSIyEk,105,5,7,po8YrSQivoM,1,0
20261008,UCSes4X8uDrpc4X46hJKjejg,R09S9nSIyEk,105,5,7,qqtVUFDDc9M,1,0
20261008,UCSes4X8uDrpc4X46hJKjejg,R09S9nSIyEk,104,5,7,sU7dcqsA5eE,1,0
20261008,UCSes4X8uDrpc4X46hJKjejg,R09S9nSIyEk,104,4,7,x5Hq7H0gR9M,1,0
20261008,UCSes4X8uDrpc4X46hJKjejg,R09S9nSIyEk,104,5,7,ydJwDGqPrV8,1,0
20261008,UCSes4X8uDrpc4X46hJKjejg,R09S9nSIyEk,101,2,14,PLX3ZLYz4-6vE2_ZNLW5AfzbHTd1jTskDl,1,0
20261008,UCSes4X8uDrpc4X46hJKjejg,R09S9nSIyEk,101,9,14,PLX3ZLYz4-6vE2_ZNLW5AfzbHTd1jTskDl,2,0
20261008,UCSes4X8uDrpc4X46hJKjejg,R09S9nSIyEk,104,4,14,PLX3ZLYz4-6vE2_ZNLW5AfzbHTd1jTskDl,8,0
20261008,UCSes4X8uDrpc4X46hJKjejg,R09S9nSIyEk,101,9,18,unknown,3,0
20261008,UCSes4X8uDrpc4X46hJKjejg,R09S9nSIyEk,104,4,18,unknown,4,0
20261008,UCSes4X8uDrpc4X46hJKjejg,R09S9nSIyEk,104,5,18,unknown,1,0
20261008,UCSes4X8uDrpc4X46hJKjejg,R3ptDy-L5-0,104,5,4,UCSes4X8uDrpc4X46hJKjejg,4,0
20261008,UCSes4X8uDrpc4X46hJKjejg,R3ptDy-L5-0,104,5,5,unknown,1,0
20261008,UCSes4X8uDrpc4X46hJKjejg,REB5jybiE18,104,4,5,unknown,1,0
20261008,UCSes4X8uDrpc4X46hJKjejg,RFwK0ziUIjQ,101,9,5,unknown,1,0
20261008,UCSes4X8uDrpc4X46hJKjejg,RGxUXsuGNPs,101,2,5,unknown,2,0
20261008,UCSes4X8uDrpc4X46hJKjejg,RMlpPwjkF2U,104,5,4,UCSes4X8uDrpc4X46hJKjejg,2,0
20261008,UCSes4X8uDrpc4X46hJKjejg,RNnuUOuuVfo,101,2,3,what-to-watch,3,0.33333333333333331
20261008,UCSes4X8uDrpc4X46hJKjejg,RNnuUOuuVfo,101,9,3,what-to-watch,1,0
20261008,UCSes4X8uDrpc4X46hJKjejg,RNnuUOuuVfo,104,4,3,what-to-watch,3,0
20261008,UCSes4X8uDrpc4X46hJKjejg,RNnuUOuuVfo,104,5,3,what-to-watch,1,0
20261008,UCSes4X8uDrpc4X46hJKjejg,RNnuUOuuVfo,105,5,3,what-to-watch,2,0
20261008,UCSes4X8uDrpc4X46hJKjejg,RNnuUOuuVfo,101,9,5,unknown,1,0
20261008,UCSes4X8uDrpc4X46hJKjejg,RNnuUOuuVfo,102,26,5,unknown,1,0
20261008,UCSes4X8uDrpc4X46hJKjejg,RNnuUOuuVfo,103,10,5,unknown,3,0
20261008,UCSes4X8uDrpc4X46hJKjejg,RNnuUOuuVfo,104,4,5,unknown,1,0
20261008,UCSes4X8uDrpc4X46hJKjejg,RNnuUOuuVfo,104,5,5,unknown,6,0
20261008,UCSes4X8uDrpc4X46hJKjejg,RNnuUOuuVfo,104,5,18,unknown,1,0
20261008,UCSes4X8uDrpc4X46hJKjejg,RR-hPJwa-B8,101,9,5,unknown,1,0
20261008,UCSes4X8uDrpc4X46hJKjejg,RR-hPJwa-B8,104,4,5,unknown,1,0
20261008,UCSes4X8uDrpc4X46hJKjejg,RR-hPJwa-B8,101,9,14,PLX3ZLYz4-6vE2_ZNLW5AfzbHTd1jTskDl,1,0
20261008,UCSes4X8uDrpc4X46hJKjejg,RRFTM8sZOz0,104,5,4,UCSes4X8uDrpc4X46hJKjejg,2,0
20261008,UCSes4X8uDrpc4X46hJKjejg,R_WQsOCY6YM,101,2,4,UCSes4X8uDrpc4X46hJKjejg,1,0
20261008,UCSes4X8uDrpc4X46hJKjejg,R_WQsOCY6YM,101,9,5,unknown,1,0
20261008,UCSes4X8uDrpc4X46hJKjejg,R_WQsOCY6YM,104,5,5,unknown,1,0
20261008,UCSes4X8uDrpc4X46hJKjejg,RgLNeyNCgfg,102,4,3,what-to-watch,7,0.14285714285714285
20261008,UCSes4X8uDrpc4X46hJKjejg,RgLNeyNCgfg,104,5,5,unknown,1,0
20261008,UCSes4X8uDrpc4X46hJKjejg,Rggio1Qk_L8,105,5,5,unknown,2,0
20261008,UCSes4X8uDrpc4X46hJKjejg,Rgjgd26MAN4,104,4,3,what-to-watch,1,0
20261008,UCSes4X8uDrpc4X46hJKjejg,Rgjgd26MAN4,101,2,4,UCSes4X8uDrpc4X46hJKjejg,1,0
20261008,UCSes4X8uDrpc4X46hJKjejg,Rgjgd26MAN4,104,5,4,UCSes4X8uDrpc4X46hJKjejg,4,0
20261008,UCSes4X8uDrpc4X46hJKjejg,Rgjgd26MAN4,105,5,5,unknown,1,0
20261008,UCSes4X8uDrpc4X46hJKjejg,RivhYbILNsY,101,2,5,unknown,1,0
20261008,UCSes4X8uDrpc4X46hJKjejg,RivhYbILNsY,101,9,5,unknown,1,0
20261008,UCSes4X8uDrpc4X46hJKjejg,RivhYbILNsY,104,4,5,unknown,7,0
20261008,UCSes4X8uDrpc4X46hJKjejg,RivhYbILNsY,104,5,5,unknown,8,0.25
20261008,UCSes4X8uDrpc4X46hJKjejg,RivhYbILNsY,105,5,5,unknown,4,0
20261008,UCSes4X8uDrpc4X46hJKjejg,RjIUDMskHDA,101,2,5,unknown,1,0
20261008,UCSes4X8uDrpc4X46hJKjejg,Rl73WZoqKzE,102,4,3,/my_subscriptions,1,0
20261008,UCSes4X8uDrpc4X46hJKjejg,Rl73WZoqKzE,102,26,3,/my_subscriptions,2,0
20261008,UCSes4X8uDrpc4X46hJKjejg,Rl73WZoqKzE,104,5,3,/my_subscriptions,1,0
20261008,UCSes4X8uDrpc4X46hJKjejg,Rl73WZoqKzE,101,2,3,what-to-watch,12,0.083333333333333329
20261008,UCSes4X8uDrpc4X46hJKjejg,Rl73WZoqKzE,101,9,3,what-to-watch,5,0
20261008,UCSes4X8uDrpc4X46hJKjejg,Rl73WZoqKzE,102,1,3,what-to-watch,4,0
20261008,UCSes4X8uDrpc4X46hJKjejg,Rl73WZoqKzE,102,4,3,what-to-watch,6,0
20261008,UCSes4X8uDrpc4X46hJKjejg,Rl73WZoqKzE,102,19,3,what-to-watch,7,0.14285714285714285
20261008,UCSes4X8uDrpc4X46hJKjejg,Rl73WZoqKzE,102,26,3,what-to-watch,2,0
20261008,UCSes4X8uDrpc4X46hJKjejg,Rl73WZoqKzE,102,28,3,what-to-watch,1,0
20261008,UCSes4X8uDrpc4X46hJKjejg,Rl73WZoqKzE,102,29,3,what-to-watch,10,0
20261008,UCSes4X8uDrpc4X46hJKjejg,Rl73WZoqKzE,103,10,3,what-to-watch,3,0
20261008,UCSes4X8uDrpc4X46hJKjejg,Rl73WZoqKzE,104,4,3,what-to-watch,15,0
20261008,UCSes4X8uDrpc4X46hJKjejg,Rl73WZoqKzE,104,5,3,what-to-watch,40,0
20261008,UCSes4X8uDrpc4X46hJKjejg,Rl73WZoqKzE,105,5,3,what-to-watch,19,0
20261008,UCSes4X8uDrpc4X46hJKjejg,Rl73WZoqKzE,101,2,4,UCSes4X8uDrpc4X46hJKjejg,23,0
20261008,UCSes4X8uDrpc4X46hJKjejg,Rl73WZoqKzE,101,9,4,UCSes4X8uDrpc4X46hJKjejg,34,0
20261008,UCSes4X8uDrpc4X46hJKjejg,Rl73WZoqKzE,101,30,4,UCSes4X8uDrpc4X46hJKjejg,1,0
20261008,UCSes4X8uDrpc4X46hJKjejg,Rl73WZoqKzE,102,4,4,UCSes4X8uDrpc4X46hJKjejg,4,0
20261008,UCSes4X8uDrpc4X46hJKjejg,Rl73WZoqKzE,102,12,4,UCSes4X8uDrpc4X46hJKjejg,2,0
20261008,UCSes4X8uDrpc4X46hJKjejg,Rl73WZoqKzE,102,19,4,UCSes4X8uDrpc4X46hJKjejg,1,0
20261008,UCSes4X8uDrpc4X46hJKjejg,Rl73WZoqKzE,102,26,4,UCSes4X8uDrpc4X46hJKjejg,5,0
20261008,UCSes4X8uDrpc4X46hJKjejg,Rl73WZoqKzE,104,4,4,UCSes4X8uDrpc4X46hJKjejg,51,0
20261008,UCSes4X8uDrpc4X46hJKjejg,Rl73WZoqKzE,104,5,4,UCSes4X8uDrpc4X46hJKjejg,65,0.015384615384615385
20261008,UCSes4X8uDrpc4X46hJKjejg,Rl73WZoqKzE,105,5,4,UCSes4X8uDrpc4X46hJKjejg,1,0
20261008,UCSes4X8uDrpc4X46hJKjejg,Rl73WZoqKzE,102,1,5,unknown,1,0
20261008,UCSes4X8uDrpc4X46hJKjejg,Rl73WZoqKzE,102,21,5,unknown,2,0
20261008,UCSes4X8uDrpc4X46hJKjejg,Rl73WZoqKzE,102,26,5,unknown,4,0
20261008,UCSes4X8uDrpc4X46hJKjejg,Rl73WZoqKzE,102,29,5,unknown,2,0
20261008,UCSes4X8uDrpc4X46hJKjejg,Rl73WZoqKzE,104,4,5,unknown,1,0
20261008,UCSes4X8uDrpc4X46hJKjejg,Rl73WZoqKzE,104,5,5,unknown,5,0
20261008,UCSes4X8uDrpc4X46hJKjejg,Rl73WZoqKzE,105,5,5,unknown,2,0
20261008,UCSes4X8uDrpc4X46hJKjejg,Rl73WZoqKzE,101,9,7,-CjQjOd2JEA,1,0
20261008,UCSes4X8uDrpc4X46hJKjejg,Rl73WZoqKzE,104,5,7,-CjQjOd2JEA,2,0
20261008,UCSes4X8uDrpc4X46hJKjejg,Rl73WZoqKzE,104,4,7,-TauZcQxKUU,1,0
20261008,UCSes4X8uDrpc4X46hJKjejg,Rl73WZoqKzE,104,4,7,10pyL87g3Q0,1,0
20261008,UCSes4X8uDrpc4X46hJKjejg,Rl73WZoqKzE,101,2,7,2n5LJUyMtAk,1,0
20261008,UCSes4X8uDrpc4X46hJKjejg,Rl73WZoqKzE,104,5,7,2n5LJUyMtAk,1,0
20261008,UCSes4X8uDrpc4X46hJKjejg,Rl73WZoqKzE,104,4,7,4mRfdX_vtfw,1,0
20261008,UCSes4X8uDrpc4X46hJKjejg,Rl73WZoqKzE,104,4,7,6Wh1AkDYHs0,1,0
20261008,UCSes4X8uDrpc4X46hJKjejg,Rl73WZoqKzE,104,4,7,Gb4-K1IfirM,1,0
20261008,UCSes4X8uDrpc4X46hJKjejg,Rl73WZoqKzE,104,4,7,K8yCZu89x1k,1,0
20261008,UCSes4X8uDrpc4X46hJKjejg,Rl73WZoqKzE,104,5,7,WAYYE5BMG6c,1,0
20261008,UCSes4X8uDrpc4X46hJKjejg,Rl73WZoqKzE,104,5,7,_s4aNQtFY8s,2,0
20261008,UCSes4X8uDrpc4X46hJKjejg,Rl73WZoqKzE,103,10,7,dKoSQ-63gP4,1,0
20261008,UCSes4X8uDrpc4X46hJKjejg,Rl73WZoqKzE,101,2,7,gTMjT4y5LHE,1,0
20261008,UCSes4X8uDrpc4X46hJKjejg,Rl73WZoqKzE,103,10,7,gTMjT4y5LHE,1,0
20261008,UCSes4X8uDrpc4X46hJKjejg,Rl73WZoqKzE,101,9,7,oDGR63HP8TM,2,0
20261008,UCSes4X8uDrpc4X46hJKjejg,Rl73WZoqKzE,104,5,7,pP_wXCMNfv4,2,0
20261008,UCSes4X8uDrpc4X46hJKjejg,Rl73WZoqKzE,104,5,7,u7BlkJ_J5_Y,1,0
20261008,UCSes4X8uDrpc4X46hJKjejg,Rl73WZoqKzE,101,9,7,xgS8iYrh5BU,2,0
20261008,UCSes4X8uDrpc4X46hJKjejg,Rl73WZoqKzE,101,2,14,PL7RgDWDEN5h2xXgpAB9qC8yPonft9Ondm,1,0
20261008,UCSes4X8uDrpc4X46hJKjejg,Rl73WZoqKzE,101,2,14,PLX3ZLYz4-6vF1bjHk5zROfglVneetkfmx,1,0
20261008,UCSes4X8uDrpc4X46hJKjejg,Rl73WZoqKzE,104,5,14,PLX3ZLYz4-6vF1bjHk5zROfglVneetkfmx,2,0
20261008,UCSes4X8uDrpc4X46hJKjejg,Rl73WZoqKzE,104,4,18,unknown,6,0
20261008,UCSes4X8uDrpc4X46hJKjejg,Rl73WZoqKzE,104,5,18,unknown,1,0
20261008,UCSes4X8uDrpc4X46hJKjejg,Ro6eDq71MAc,101,2,4,UCSes4X8uDrpc4X46hJKjejg,1,0
20261008,UCSes4X8uDrpc4X46hJKjejg,Ro6eDq71MAc,104,4,4,UCSes4X8uDrpc4X46hJKjejg,1,1
20261008,UCSes4X8uDrpc4X46hJKjejg,Ro6eDq71MAc,104,4,5,unknown,1,0
20261008,UCSes4X8uDrpc4X46hJKjejg,Ro6eDq71MAc,104,5,5,unknown,1,0
20261008,UCSes4X8uDrpc4X46hJKjejg,Rq9gmBESaMQ,101,9,4,UCSes4X8uDrpc4X46hJKjejg,1,0
20261008,UCSes4X8uDrpc4X46hJKjejg,Rq9gmBESaMQ,104,4,4,UCSes4X8uDrpc4X46hJKjejg,1,0
20261008,UCSes4X8uDrpc4X46hJKjejg,Rq9gmBESaMQ,104,5,5,unknown,1,0
20261008,UCSes4X8uDrpc4X46hJKjejg,RqXfPrLn-E0,104,5,4,UCSes4X8uDrpc4X46hJKjejg,4,0
20261008,UCSes4X8uDrpc4X46hJKjejg,RqyxGWRDbIo,103,17,3,what-to-watch,1,0
20261008,UCSes4X8uDrpc4X46hJKjejg,RqyxGWRDbIo,104,4,3,what-to-watch,2,0
20261008,UCSes4X8uDrpc4X46hJKjejg,RqyxGWRDbIo,104,5,3,what-to-watch,2,0
20261008,UCSes4X8uDrpc4X46hJKjejg,RqyxGWRDbIo,104,5,7,iwwZ9_irJts,1,0
20261008,UCSes4X8uDrpc4X46hJKjejg,S1oRHwZL7R4,101,2,5,unknown,1,0
20261008,UCSes4X8uDrpc4X46hJKjejg,S1oRHwZL7R4,101,2,7,-pUP6cs6IyI,1,0
20261008,UCSes4X8uDrpc4X46hJKjejg,S3hFD-Vlgks,101,2,4,UCSes4X8uDrpc4X46hJKjejg,1,0
20261008,UCSes4X8uDrpc4X46hJKjejg,S4ClPKbwc7I,104,5,4,UCSes4X8uDrpc4X46hJKjejg,2,0
20261008,UCSes4X8uDrpc4X46hJKjejg,SACCq5Em2is,102,1,5,unknown,1,0
20261008,UCSes4X8uDrpc4X46hJKjejg,SACCq5Em2is,104,4,5,unknown,8,0.125
20261008,UCSes4X8uDrpc4X46hJKjejg,SACCq5Em2is,104,5,5,unknown,4,0
20261008,UCSes4X8uDrpc4X46hJKjejg,SACCq5Em2is,104,4,18,unknown,2,0
20261008,UCSes4X8uDrpc4X46hJKjejg,SB5UVQ-SKPA,104,4,3,what-to-watch,1,0
20261008,UCSes4X8uDrpc4X46hJKjejg,SDO1LgHcMsY,104,4,5,unknown,6,0
20261008,UCSes4X8uDrpc4X46hJKjejg,SF7SSwoZgpY,101,2,4,UCSes4X8uDrpc4X46hJKjejg,1,0
20261008,UCSes4X8uDrpc4X46hJKjejg,SF7SSwoZgpY,101,9,5,unknown,1,0
20261008,UCSes4X8uDrpc4X46hJKjejg,SF7SSwoZgpY,101,9,14,PLX3ZLYz4-6vE2_ZNLW5AfzbHTd1jTskDl,2,0
20261008,UCSes4X8uDrpc4X46hJKjejg,SLA_Ef-Zdmg,104,5,3,what-to-watch,1,0
20261008,UCSes4X8uDrpc4X46hJKjejg,SLA_Ef-Zdmg,105,5,3,what-to-watch,1,0
20261008,UCSes4X8uDrpc4X46hJKjejg,SLA_Ef-Zdmg,104,4,5,unknown,1,0
20261008,UCSes4X8uDrpc4X46hJKjejg,SLA_Ef-Zdmg,104,5,5,unknown,2,0
20261008,UCSes4X8uDrpc4X46hJKjejg,SMLtlWkSbsg,101,2,4,UCSes4X8uDrpc4X46hJKjejg,2,0
20261008,UCSes4X8uDrpc4X46hJKjejg,SMLtlWkSbsg,104,4,5,unknown,1,0
20261008,UCSes4X8uDrpc4X46hJKjejg,SMLtlWkSbsg,104,4,7,UHFr9KRJpI0,1,0
20261008,UCSes4X8uDrpc4X46hJKjejg,SMLtlWkSbsg,101,9,7,cS5GFH3SiZQ,1,0
20261008,UCSes4X8uDrpc4X46hJKjejg,SMLtlWkSbsg,104,4,7,rkJig_NGeb0,1,0
20261008,UCSes4X8uDrpc4X46hJKjejg,ST2Cs9kvw6w,101,2,5,unknown,2,0
20261008,UCSes4X8uDrpc4X46hJKjejg,ST2Cs9kvw6w,102,1,5,unknown,1,0
20261008,UCSes4X8uDrpc4X46hJKjejg,ST2Cs9kvw6w,102,4,5,unknown,1,0
20261008,UCSes4X8uDrpc4X46hJKjejg,ST2Cs9kvw6w,102,26,5,unknown,1,0
20261008,UCSes4X8uDrpc4X46hJKjejg,ST2Cs9kvw6w,104,4,5,unknown,7,0
20261008,UCSes4X8uDrpc4X46hJKjejg,ST2Cs9kvw6w,104,5,5,unknown,3,0
20261008,UCSes4X8uDrpc4X46hJKjejg,ST2Cs9kvw6w,103,10,18,unknown,2,0
20261008,UCSes4X8uDrpc4X46hJKjejg,SUZ5u07g_Nc,101,2,3,what-to-watch,1,0
20261008,UCSes4X8uDrpc4X46hJKjejg,SUZ5u07g_Nc,103,17,3,what-to-watch,1,0
20261008,UCSes4X8uDrpc4X46hJKjejg,SUZ5u07g_Nc,104,4,3,what-to-watch,1,0
20261008,UCSes4X8uDrpc4X46hJKjejg,SUZ5u07g_Nc,104,5,3,what-to-watch,1,0
20261008,UCSes4X8uDrpc4X46hJKjejg,SUZ5u07g_Nc,101,2,4,UCSes4X8uDrpc4X46hJKjejg,1,0
20261008,UCSes4X8uDrpc4X46hJKjejg,SUZ5u07g_Nc,101,9,5,unknown,2,0
20261008,UCSes4X8uDrpc4X46hJKjejg,SUZ5u07g_Nc,101,9,14,PLX3ZLYz4-6vE2_ZNLW5AfzbHTd1jTskDl,1,0
20261008,UCSes4X8uDrpc4X46hJKjejg,Sgop640kt2w,101,9,5,unknown,1,0
20261008,UCSes4X8uDrpc4X46hJKjejg,SjFpD8hyZ7c,104,5,3,what-to-watch,1,0
20261008,UCSes4X8uDrpc4X46hJKjejg,SjFpD8hyZ7c,101,2,5,unknown,1,0
20261008,UCSes4X8uDrpc4X46hJKjejg,SjFpD8hyZ7c,104,4,5,unknown,2,0
20261008,UCSes4X8uDrpc4X46hJKjejg,SjFpD8hyZ7c,104,5,5,unknown,5,0
20261008,UCSes4X8uDrpc4X46hJKjejg,SjFpD8hyZ7c,105,5,5,unknown,1,0
20261008,UCSes4X8uDrpc4X46hJKjejg,Sjm7YahUmEU,105,5,5,unknown,2,0
20261008,UCSes4X8uDrpc4X46hJKjejg,SkSLumMmvbc,104,4,4,UCSes4X8uDrpc4X46hJKjejg,2,0
20261008,UCSes4X8uDrpc4X46hJKjejg,SkSLumMmvbc,102,4,5,unknown,3,0.33333333333333331
20261008,UCSes4X8uDrpc4X46hJKjejg,SkSLumMmvbc,104,4,5,unknown,1,0
20261008,UCSes4X8uDrpc4X46hJKjejg,SkSLumMmvbc,104,5,5,unknown,4,0
20261008,UCSes4X8uDrpc4X46hJKjejg,Sn9PLDTXImg,101,9,5,unknown,1,0
20261008,UCSes4X8uDrpc4X46hJKjejg,Sn9PLDTXImg,101,9,14,PLX3ZLYz4-6vE2_ZNLW5AfzbHTd1jTskDl,1,0
20261008,UCSes4X8uDrpc4X46hJKjejg,SpSRPTn_EuY,105,5,5,unknown,1,0
20261008,UCSes4X8uDrpc4X46hJKjejg,SqNHzR7YpoM,104,5,4,UCSes4X8uDrpc4X46hJKjejg,4,0
20261008,UCSes4X8uDrpc4X46hJKjejg,SqNHzR7YpoM,102,26,5,unknown,1,0
20261008,UCSes4X8uDrpc4X46hJKjejg,SqNHzR7YpoM,104,4,5,unknown,1,0
20261008,UCSes4X8uDrpc4X46hJKjejg,SqNHzR7YpoM,104,5,5,unknown,1,0
20261008,UCSes4X8uDrpc4X46hJKjejg,SsXxo9nab-M,104,5,4,UCSes4X8uDrpc4X46hJKjejg,1,0
20261008,UCSes4X8uDrpc4X46hJKjejg,SsXxo9nab-M,101,9,14,PLX3ZLYz4-6vE2_ZNLW5AfzbHTd1jTskDl,1,0
20261008,UCSes4X8uDrpc4X46hJKjejg,SsXxo9nab-M,104,4,14,PLX3ZLYz4-6vE2_ZNLW5AfzbHTd1jTskDl,4,0
20261008,UCSes4X8uDrpc4X46hJKjejg,SsXxo9nab-M,101,9,18,unknown,1,0
20261008,UCSes4X8uDrpc4X46hJKjejg,SsXxo9nab-M,104,4,18,unknown,2,0
20261008,UCSes4X8uDrpc4X46hJKjejg,SzAT_OV8iGk,101,2,5,unknown,1,0
20261008,UCSes4X8uDrpc4X46hJKjejg,SzAT_OV8iGk,102,26,5,unknown,4,0.25
20261008,UCSes4X8uDrpc4X46hJKjejg,SzAT_OV8iGk,104,4,5,unknown,1,0
20261008,UCSes4X8uDrpc4X46hJKjejg,SzAT_OV8iGk,104,5,5,unknown,4,0
20261008,UCSes4X8uDrpc4X46hJKjejg,T0eZc5YYeK8,104,4,5,unknown,1,0
20261008,UCSes4X8uDrpc4X46hJKjejg,T3ZT60HH0Mk,105,5,3,what-to-watch,1,0
20261008,UCSes4X8uDrpc4X46hJKjejg,T3ZT60HH0Mk,101,9,5,unknown,2,0
20261008,UCSes4X8uDrpc4X46hJKjejg,T3ZT60HH0Mk,101,9,14,PLX3ZLYz4-6vE2_ZNLW5AfzbHTd1jTskDl,2,0
20261008,UCSes4X8uDrpc4X46hJKjejg,T4DGG5qJHYA,101,9,5,unknown,2,0
20261008,UCSes4X8uDrpc4X46hJKjejg,T4DGG5qJHYA,101,9,14,PLX3ZLYz4-6vE2_ZNLW5AfzbHTd1jTskDl,1,0
20261008,UCSes4X8uDrpc4X46hJKjejg,TDGOuH7TdvQ,101,9,5,unknown,1,0
20261008,UCSes4X8uDrpc4X46hJKjejg,TDGOuH7TdvQ,105,5,5,unknown,1,0
20261008,UCSes4X8uDrpc4X46hJKjejg,TJD2aEAWrUw,101,2,4,UCSes4X8uDrpc4X46hJKjejg,1,0
20261008,UCSes4X8uDrpc4X46hJKjejg,TMAmXnwKlIo,101,9,4,UCSes4X8uDrpc4X46hJKjejg,1,0
20261008,UCSes4X8uDrpc4X46hJKjejg,TMAmXnwKlIo,104,4,4,UCSes4X8uDrpc4X46hJKjejg,2,0
20261008,UCSes4X8uDrpc4X46hJKjejg,TMAmXnwKlIo,104,5,4,UCSes4X8uDrpc4X46hJKjejg,2,0
20261008,UCSes4X8uDrpc4X46hJKjejg,TP1Tz8B0wlI,104,5,18,unknown,1,0
20261008,UCSes4X8uDrpc4X46hJKjejg,TTR49BKResM,101,2,3,what-to-watch,2,0
20261008,UCSes4X8uDrpc4X46hJKjejg,TTR49BKResM,101,2,5,unknown,2,0
20261008,UCSes4X8uDrpc4X46hJKjejg,TTR49BKResM,103,10,5,unknown,1,0
20261008,UCSes4X8uDrpc4X46hJKjejg,TTR49BKResM,104,4,5,unknown,3,0.33333333333333331
20261008,UCSes4X8uDrpc4X46hJKjejg,TTR49BKResM,104,5,5,unknown,8,0
20261008,UCSes4X8uDrpc4X46hJKjejg,TUXG8W0hiuk,101,2,4,UCSes4X8uDrpc4X46hJKjejg,1,0
20261008,UCSes4X8uDrpc4X46hJKjejg,TVKHHKJcX50,104,4,5,unknown,1,0
20261008,UCSes4X8uDrpc4X46hJKjejg,T_tf-pEMcJQ,104,5,7,BKTIFuoTPGM,1,0
20261008,UCSes4X8uDrpc4X46hJKjejg,TdakhosqsgE,102,19,3,what-to-watch,1,0
20261008,UCSes4X8uDrpc4X46hJKjejg,TnELD9YRLCE,101,9,14,PLX3ZLYz4-6vE2_ZNLW5AfzbHTd1jTskDl,2,0
20261008,UCSes4X8uDrpc4X46hJKjejg,TnELD9YRLCE,101,9,18,unknown,2,0
20261008,UCSes4X8uDrpc4X46hJKjejg,TnELD9YRLCE,104,4,18,unknown,1,0
20261008,UCSes4X8uDrpc4X46hJKjejg,TqA-vIk74RQ,101,2,4,UCSes4X8uDrpc4X46hJKjejg,1,0
20261008,UCSes4X8uDrpc4X46hJKjejg,TqA-vIk74RQ,103,10,5,unknown,1,0
20261008,UCSes4X8uDrpc4X46hJKjejg,TqA-vIk74RQ,104,4,5,unknown,1,0
20261008,UCSes4X8uDrpc4X46hJKjejg,TqA-vIk74RQ,104,5,5,unknown,1,0
20261008,UCSes4X8uDrpc4X46hJKjejg,Tr3R77L7FiM,101,9,5,unknown,2,0
20261008,UCSes4X8uDrpc4X46hJKjejg,TtrqRIKq30I,101,2,4,UCSes4X8uDrpc4X46hJKjejg,1,0
20261008,UCSes4X8uDrpc4X46hJKjejg,TtrqRIKq30I,101,9,5,unknown,1,0
20261008,UCSes4X8uDrpc4X46hJKjejg,TtrqRIKq30I,104,5,7,9ueigxUx-KU,1,0
20261008,UCSes4X8uDrpc4X46hJKjejg,TtrqRIKq30I,101,9,14,PLX3ZLYz4-6vE2_ZNLW5AfzbHTd1jTskDl,1,0
20261008,UCSes4X8uDrpc4X46hJKjejg,TvOCMn2CqrA,101,2,4,UCSes4X8uDrpc4X46hJKjejg,1,0
20261008,UCSes4X8uDrpc4X46hJKjejg,TvOCMn2CqrA,104,4,5,unknown,1,0
20261008,UCSes4X8uDrpc4X46hJKjejg,TvOCMn2CqrA,104,5,5,unknown,5,0
20261008,UCSes4X8uDrpc4X46hJKjejg,U0kEWDpv80Y,104,5,4,UCSes4X8uDrpc4X46hJKjejg,4,0
20261008,UCSes4X8uDrpc4X46hJKjejg,U16slPfq10o,101,2,5,unknown,2,0
20261008,UCSes4X8uDrpc4X46hJKjejg,U16slPfq10o,104,5,5,unknown,16,0
20261008,UCSes4X8uDrpc4X46hJKjejg,U1nntvcNppU,101,9,5,unknown,1,0
20261008,UCSes4X8uDrpc4X46hJKjejg,U5URV2VhHS8,102,26,3,what-to-watch,1,0
20261008,UCSes4X8uDrpc4X46hJKjejg,U6rmwA3QR8o,104,5,5,unknown,1,0
20261008,UCSes4X8uDrpc4X46hJKjejg,UE0L89Yyx7s,101,2,3,what-to-watch,2,0
20261008,UCSes4X8uDrpc4X46hJKjejg,UE0L89Yyx7s,101,2,4,UCSes4X8uDrpc4X46hJKjejg,1,0
20261008,UCSes4X8uDrpc4X46hJKjejg,ULe7zRPFkls,101,9,5,unknown,2,0
20261008,UCSes4X8uDrpc4X46hJKjejg,UNP1rbmbsYY,104,4,5,unknown,2,0
20261008,UCSes4X8uDrpc4X46hJKjejg,UNP1rbmbsYY,104,5,5,unknown,2,0
20261008,UCSes4X8uDrpc4X46hJKjejg,UOsqGlestSU,101,2,3,what-to-watch,5,0
20261008,UCSes4X8uDrpc4X46hJKjejg,UOsqGlestSU,102,19,3,what-to-watch,2,0
20261008,UCSes4X8uDrpc4X46hJKjejg,UOsqGlestSU,104,4,3,what-to-watch,3,0
20261008,UCSes4X8uDrpc4X46hJKjejg,UOsqGlestSU,104,5,3,what-to-watch,6,0
20261008,UCSes4X8uDrpc4X46hJKjejg,UOsqGlestSU,101,2,5,unknown,4,0
20261008,UCSes4X8uDrpc4X46hJKjejg,UOsqGlestSU,101,9,5,unknown,2,0
20261008,UCSes4X8uDrpc4X46hJKjejg,UOsqGlestSU,101,30,5,unknown,1,0
20261008,UCSes4X8uDrpc4X46hJKjejg,UOsqGlestSU,102,4,5,unknown,1,0
20261008,UCSes4X8uDrpc4X46hJKjejg,UOsqGlestSU,102,28,5,unknown,3,0
20261008,UCSes4X8uDrpc4X46hJKjejg,UOsqGlestSU,104,4,5,unknown,6,0
20261008,UCSes4X8uDrpc4X46hJKjejg,UOsqGlestSU,104,5,5,unknown,24,0.125
20261008,UCSes4X8uDrpc4X46hJKjejg,UOsqGlestSU,104,4,18,unknown,1,0
20261008,UCSes4X8uDrpc4X46hJKjejg,USEjpTmiSjE,101,9,5,unknown,2,0
20261008,UCSes4X8uDrpc4X46hJKjejg,USEjpTmiSjE,101,30,5,unknown,1,0
20261008,UCSes4X8uDrpc4X46hJKjejg,USEjpTmiSjE,104,4,5,unknown,2,0
20261008,UCSes4X8uDrpc4X46hJKjejg,USEjpTmiSjE,104,5,5,unknown,1,0
20261008,UCSes4X8uDrpc4X46hJKjejg,UWRZOdT8n8w,101,9,5,unknown,1,0
20261008,UCSes4X8uDrpc4X46hJKjejg,UWRZOdT8n8w,104,4,5,unknown,1,0
20261008,UCSes4X8uDrpc4X46hJKjejg,UWRZOdT8n8w,104,5,18,unknown,1,0
20261008,UCSes4X8uDrpc4X46hJKjejg,UgRtYy2X5oI,101,2,3,what-to-watch,1,0
20261008,UCSes4X8uDrpc4X46hJKjejg,UgRtYy2X5oI,101,2,4,UCSes4X8uDrpc4X46hJKjejg,1,0
20261008,UCSes4X8uDrpc4X46hJKjejg,UgRtYy2X5oI,104,4,5,unknown,1,0
20261008,UCSes4X8uDrpc4X46hJKjejg,UgRtYy2X5oI,104,5,5,unknown,1,0
20261008,UCSes4X8uDrpc4X46hJKjejg,UgRtYy2X5oI,104,5,18,unknown,1,0
20261008,UCSes4X8uDrpc4X46hJKjejg,UmWQyNo5BKM,104,5,5,unknown,1,0
20261008,UCSes4X8uDrpc4X46hJKjejg,UnSzphUyOzQ,103,10,5,unknown,1,0
20261008,UCSes4X8uDrpc4X46hJKjejg,UnSzphUyOzQ,104,4,5,unknown,1,0
20261008,UCSes4X8uDrpc4X46hJKjejg,UnSzphUyOzQ,104,5,14,my-likes,2,0
20261008,UCSes4X8uDrpc4X46hJKjejg,Uo7rmLN6ANk,101,2,3,what-to-watch,2,0
20261008,UCSes4X8uDrpc4X46hJKjejg,Uo7rmLN6ANk,101,9,3,what-to-watch,1,0
20261008,UCSes4X8uDrpc4X46hJKjejg,Uo7rmLN6ANk,102,19,3,what-to-watch,1,0
20261008,UCSes4X8uDrpc4X46hJKjejg,Uo7rmLN6ANk,102,28,3,what-to-watch,1,0
20261008,UCSes4X8uDrpc4X46hJKjejg,Uo7rmLN6ANk,104,4,3,what-to-watch,2,0
20261008,UCSes4X8uDrpc4X46hJKjejg,Uo7rmLN6ANk,104,5,3,what-to-watch,3,0
20261008,UCSes4X8uDrpc4X46hJKjejg,Uo7rmLN6ANk,105,5,3,what-to-watch,6,0
20261008,UCSes4X8uDrpc4X46hJKjejg,Uo7rmLN6ANk,104,4,7,08dnOrJJVXw,1,0
20261008,UCSes4X8uDrpc4X46hJKjejg,Uo7rmLN6ANk,104,4,7,F0PO_64UfwU,1,0
20261008,UCSes4X8uDrpc4X46hJKjejg,Uo7rmLN6ANk,104,4,7,M5XXW2TPCGE,1,0
20261008,UCSes4X8uDrpc4X46hJKjejg,Uo7rmLN6ANk,104,4,7,R3x0x_yDw_g,1,0
20261008,UCSes4X8uDrpc4X46hJKjejg,Uo7rmLN6ANk,104,4,7,TNFcQvpBy34,1,0
20261008,UCSes4X8uDrpc4X46hJKjejg,Uo7rmLN6ANk,104,4,7,VvQQRo6bIDw,1,0
20261008,UCSes4X8uDrpc4X46hJKjejg,Uo7rmLN6ANk,104,5,7,VvQQRo6bIDw,2,0
20261008,UCSes4X8uDrpc4X46hJKjejg,Uo7rmLN6ANk,101,2,7,Y7PFPeqY03I,1,0
20261008,UCSes4X8uDrpc4X46hJKjejg,Uo7rmLN6ANk,101,9,14,PLX3ZLYz4-6vE2_ZNLW5AfzbHTd1jTskDl,2,0
20261008,UCSes4X8uDrpc4X46hJKjejg,Uo7rmLN6ANk,101,9,18,unknown,2,0
20261008,UCSes4X8uDrpc4X46hJKjejg,Uo7rmLN6ANk,104,4,18,unknown,1,0
20261008,UCSes4X8uDrpc4X46hJKjejg,UvWPXkksqmM,102,4,3,/my_subscriptions,1,0
20261008,UCSes4X8uDrpc4X46hJKjejg,UvWPXkksqmM,102,26,3,/my_subscriptions,1,0
20261008,UCSes4X8uDrpc4X46hJKjejg,UvWPXkksqmM,104,5,3,/my_subscriptions,1,0
20261008,UCSes4X8uDrpc4X46hJKjejg,UvWPXkksqmM,101,2,3,what-to-watch,8,0
20261008,UCSes4X8uDrpc4X46hJKjejg,UvWPXkksqmM,101,9,3,what-to-watch,1,0
20261008,UCSes4X8uDrpc4X46hJKjejg,UvWPXkksqmM,101,30,3,what-to-watch,2,0
20261008,UCSes4X8uDrpc4X46hJKjejg,UvWPXkksqmM,102,4,3,what-to-watch,5,0.2
20261008,UCSes4X8uDrpc4X46hJKjejg,UvWPXkksqmM,102,19,3,what-to-watch,1,0
20261008,UCSes4X8uDrpc4X46hJKjejg,UvWPXkksqmM,102,26,3,what-to-watch,3,0
20261008,UCSes4X8uDrpc4X46hJKjejg,UvWPXkksqmM,102,28,3,what-to-watch,1,0
20261008,UCSes4X8uDrpc4X46hJKjejg,UvWPXkksqmM,103,10,3,what-to-watch,1,0
20261008,UCSes4X8uDrpc4X46hJKjejg,UvWPXkksqmM,104,4,3,what-to-watch,8,0
20261008,UCSes4X8uDrpc4X46hJKjejg,UvWPXkksqmM,104,5,3,what-to-watch,12,0
20261008,UCSes4X8uDrpc4X46hJKjejg,UvWPXkksqmM,105,5,3,what-to-watch,2,0
20261008,UCSes4X8uDrpc4X46hJKjejg,UvWPXkksqmM,101,2,4,UCSes4X8uDrpc4X46hJKjejg,17,0
20261008,UCSes4X8uDrpc4X46hJKjejg,UvWPXkksqmM,101,9,4,UCSes4X8uDrpc4X46hJKjejg,26,0.038461538461538464
20261008,UCSes4X8uDrpc4X46hJKjejg,UvWPXkksqmM,101,30,4,UCSes4X8uDrpc4X46hJKjejg,1,0
20261008,UCSes4X8uDrpc4X46hJKjejg,UvWPXkksqmM,102,4,4,UCSes4X8uDrpc4X46hJKjejg,3,0
20261008,UCSes4X8uDrpc4X46hJKjejg,UvWPXkksqmM,102,12,4,UCSes4X8uDrpc4X46hJKjejg,2,0
20261008,UCSes4X8uDrpc4X46hJKjejg,UvWPXkksqmM,102,19,4,UCSes4X8uDrpc4X46hJKjejg,1,0
20261008,UCSes4X8uDrpc4X46hJKjejg,UvWPXkksqmM,102,26,4,UCSes4X8uDrpc4X46hJKjejg,4,0
20261008,UCSes4X8uDrpc4X46hJKjejg,UvWPXkksqmM,104,4,4,UCSes4X8uDrpc4X46hJKjejg,33,0.030303030303030304
20261008,UCSes4X8uDrpc4X46hJKjejg,UvWPXkksqmM,104,5,4,UCSes4X8uDrpc4X46hJKjejg,46,0
20261008,UCSes4X8uDrpc4X46hJKjejg,UvWPXkksqmM,105,5,4,UCSes4X8uDrpc4X46hJKjejg,1,0
20261008,UCSes4X8uDrpc4X46hJKjejg,UvWPXkksqmM,102,1,5,unknown,1,0
20261008,UCSes4X8uDrpc4X46hJKjejg,UvWPXkksqmM,102,21,5,unknown,2,0
20261008,UCSes4X8uDrpc4X46hJKjejg,UvWPXkksqmM,102,26,5,unknown,5,0
20261008,UCSes4X8uDrpc4X46hJKjejg,UvWPXkksqmM,102,29,5,unknown,1,0
20261008,UCSes4X8uDrpc4X46hJKjejg,UvWPXkksqmM,104,4,5,unknown,1,0
20261008,UCSes4X8uDrpc4X46hJKjejg,UvWPXkksqmM,104,5,5,unknown,7,0
20261008,UCSes4X8uDrpc4X46hJKjejg,UvWPXkksqmM,101,9,7,-CjQjOd2JEA,1,0
20261008,UCSes4X8uDrpc4X46hJKjejg,UvWPXkksqmM,104,4,7,-TauZcQxKUU,1,0
20261008,UCSes4X8uDrpc4X46hJKjejg,UvWPXkksqmM,104,5,7,6wOp2N7_INQ,1,0
20261008,UCSes4X8uDrpc4X46hJKjejg,UvWPXkksqmM,105,5,7,6w_dajNrGLA,1,0
20261008,UCSes4X8uDrpc4X46hJKjejg,UvWPXkksqmM,101,9,7,LoFU5kr6npM,1,0
20261008,UCSes4X8uDrpc4X46hJKjejg,UvWPXkksqmM,104,5,7,Rl73WZoqKzE,1,0
20261008,UCSes4X8uDrpc4X46hJKjejg,UvWPXkksqmM,104,4,7,hz24HaVI6zc,1,0
20261008,UCSes4X8uDrpc4X46hJKjejg,UvWPXkksqmM,101,9,7,k4-t8XMp-wg,1,0
20261008,UCSes4X8uDrpc4X46hJKjejg,UvWPXkksqmM,101,2,7,kHqq0RR6dHE,1,0
20261008,UCSes4X8uDrpc4X46hJKjejg,UvWPXkksqmM,101,2,14,PLX3ZLYz4-6vF1bjHk5zROfglVneetkfmx,1,0
20261008,UCSes4X8uDrpc4X46hJKjejg,UvWPXkksqmM,104,5,14,PLX3ZLYz4-6vF1bjHk5zROfglVneetkfmx,2,0
20261008,UCSes4X8uDrpc4X46hJKjejg,UvWPXkksqmM,104,4,18,unknown,6,0
20261008,UCSes4X8uDrpc4X46hJKjejg,V9NkcCuZZys,101,2,3,what-to-watch,2,0
20261008,UCSes4X8uDrpc4X46hJKjejg,V9NkcCuZZys,102,19,3,what-to-watch,1,0
20261008,UCSes4X8uDrpc4X46hJKjejg,V9NkcCuZZys,102,26,3,what-to-watch,1,0
20261008,UCSes4X8uDrpc4X46hJKjejg,V9NkcCuZZys,102,28,3,what-to-watch,1,1
20261008,UCSes4X8uDrpc4X46hJKjejg,V9NkcCuZZys,103,17,3,what-to-watch,1,0
20261008,UCSes4X8uDrpc4X46hJKjejg,V9NkcCuZZys,104,4,3,what-to-watch,1,0
20261008,UCSes4X8uDrpc4X46hJKjejg,V9NkcCuZZys,101,2,4,UCSes4X8uDrpc4X46hJKjejg,1,0
20261008,UCSes4X8uDrpc4X46hJKjejg,V9NkcCuZZys,104,5,4,UCSes4X8uDrpc4X46hJKjejg,2,0
20261008,UCSes4X8uDrpc4X46hJKjejg,V9NkcCuZZys,101,9,5,unknown,1,0
20261008,UCSes4X8uDrpc4X46hJKjejg,V9NkcCuZZys,104,4,5,unknown,1,0
20261008,UCSes4X8uDrpc4X46hJKjejg,V9NkcCuZZys,105,5,5,unknown,1,0
20261008,UCSes4X8uDrpc4X46hJKjejg,V9NkcCuZZys,101,9,7,7Sar1bom-QM,1,1
20261008,UCSes4X8uDrpc4X46hJKjejg,V9NkcCuZZys,105,5,7,QaPOcqRT3VA,1,0
20261008,UCSes4X8uDrpc4X46hJKjejg,V9NkcCuZZys,104,4,7,YLSizW3vDMg,1,0
20261008,UCSes4X8uDrpc4X46hJKjejg,V9NkcCuZZys,104,4,18,unknown,2,0
20261008,UCSes4X8uDrpc4X46hJKjejg,VEECY3LVcsA,101,2,3,what-to-watch,1,0
20261008,UCSes4X8uDrpc4X46hJKjejg,VEECY3LVcsA,101,9,3,what-to-watch,2,0
20261008,UCSes4X8uDrpc4X46hJKjejg,VEECY3LVcsA,104,4,3,what-to-watch,2,0
20261008,UCSes4X8uDrpc4X46hJKjejg,VEECY3LVcsA,104,5,3,what-to-watch,1,0
20261008,UCSes4X8uDrpc4X46hJKjejg,VEECY3LVcsA,101,2,5,unknown,2,0
20261008,UCSes4X8uDrpc4X46hJKjejg,VEECY3LVcsA,104,4,5,unknown,4,0
20261008,UCSes4X8uDrpc4X46hJKjejg,VEECY3LVcsA,104,5,5,unknown,4,0.25
20261008,UCSes4X8uDrpc4X46hJKjejg,VEf3EBKuaZw,104,5,3,what-to-watch,2,0.5
20261008,UCSes4X8uDrpc4X46hJKjejg,VEf3EBKuaZw,101,9,5,unknown,1,0
20261008,UCSes4X8uDrpc4X46hJKjejg,VEf3EBKuaZw,104,5,14,my-likes,1,0
20261008,UCSes4X8uDrpc4X46hJKjejg,VEf3EBKuaZw,104,5,18,unknown,1,0
20261008,UCSes4X8uDrpc4X46hJKjejg,VKNmjIbno6Q,104,4,3,what-to-watch,1,0
20261008,UCSes4X8uDrpc4X46hJKjejg,VKNmjIbno6Q,101,9,4,UCSes4X8uDrpc4X46hJKjejg,1,0
20261008,UCSes4X8uDrpc4X46hJKjejg,VKNmjIbno6Q,104,4,4,UCSes4X8uDrpc4X46hJKjejg,2,0
20261008,UCSes4X8uDrpc4X46hJKjejg,VKNmjIbno6Q,104,5,4,UCSes4X8uDrpc4X46hJKjejg,2,0
20261008,UCSes4X8uDrpc4X46hJKjejg,VKNmjIbno6Q,101,2,5,unknown,1,0
20261008,UCSes4X8uDrpc4X46hJKjejg,VKNmjIbno6Q,101,9,5,unknown,2,0
20261008,UCSes4X8uDrpc4X46hJKjejg,VKNmjIbno6Q,104,4,5,unknown,3,0.66666666666666663
20261008,UCSes4X8uDrpc4X46hJKjejg,VKNmjIbno6Q,104,5,5,unknown,1,0
20261008,UCSes4X8uDrpc4X46hJKjejg,VMf9pJANqkw,101,9,3,what-to-watch,3,0
20261008,UCSes4X8uDrpc4X46hJKjejg,VMf9pJANqkw,104,4,3,what-to-watch,1,0
20261008,UCSes4X8uDrpc4X46hJKjejg,VMf9pJANqkw,104,5,3,what-to-watch,1,0
20261008,UCSes4X8uDrpc4X46hJKjejg,VMf9pJANqkw,101,2,4,UCSes4X8uDrpc4X46hJKjejg,1,0
20261008,UCSes4X8uDrpc4X46hJKjejg,VMf9pJANqkw,102,4,5,unknown,1,0
20261008,UCSes4X8uDrpc4X46hJKjejg,VMf9pJANqkw,104,4,5,unknown,2,0
20261008,UCSes4X8uDrpc4X46hJKjejg,VMf9pJANqkw,104,5,5,unknown,1,0
20261008,UCSes4X8uDrpc4X46hJKjejg,VMf9pJANqkw,104,5,7,nppo0i5B67s,1,0
20261008,UCSes4X8uDrpc4X46hJKjejg,VMf9pJANqkw,101,2,7,p7wUuhxlf6M,2,0
20261008,UCSes4X8uDrpc4X46hJKjejg,VMf9pJANqkw,104,5,7,tT3NkXBnVd8,1,0
20261008,UCSes4X8uDrpc4X46hJKjejg,VT3i2NART58,101,1,3,what-to-watch,1,0
20261008,UCSes4X8uDrpc4X46hJKjejg,VT3i2NART58,102,19,3,what-to-watch,1,0
20261008,UCSes4X8uDrpc4X46hJKjejg,VT3i2NART58,104,4,3,what-to-watch,1,0
20261008,UCSes4X8uDrpc4X46hJKjejg,VT3i2NART58,101,9,5,unknown,1,0
20261008,UCSes4X8uDrpc4X46hJKjejg,VT3i2NART58,104,4,5,unknown,1,0
20261008,UCSes4X8uDrpc4X46hJKjejg,VT3i2NART58,101,9,14,PLX3ZLYz4-6vE2_ZNLW5AfzbHTd1jTskDl,1,0
20261008,UCSes4X8uDrpc4X46hJKjejg,VUgcbRT8QnA,104,5,3,what-to-watch,1,0
20261008,UCSes4X8uDrpc4X46hJKjejg,VUgcbRT8QnA,101,2,5,unknown,1,0
20261008,UCSes4X8uDrpc4X46hJKjejg,VUgcbRT8QnA,104,5,5,unknown,2,0
20261008,UCSes4X8uDrpc4X46hJKjejg,VUgcbRT8QnA,105,5,5,unknown,1,0
20261008,UCSes4X8uDrpc4X46hJKjejg,VXjUNRpT6_E,101,9,3,what-to-watch,1,0
20261008,UCSes4X8uDrpc4X46hJKjejg,VXjUNRpT6_E,101,2,4,UCSes4X8uDrpc4X46hJKjejg,1,0
20261008,UCSes4X8uDrpc4X46hJKjejg,VXjUNRpT6_E,104,4,5,unknown,1,0
20261008,UCSes4X8uDrpc4X46hJKjejg,VYq7YGnFUPI,101,2,5,unknown,1,0
20261008,UCSes4X8uDrpc4X46hJKjejg,VabbVbaoc3U,101,9,5,unknown,3,0
20261008,UCSes4X8uDrpc4X46hJKjejg,VabbVbaoc3U,102,29,5,unknown,1,0
20261008,UCSes4X8uDrpc4X46hJKjejg,VabbVbaoc3U,104,4,5,unknown,6,0.16666666666666666
20261008,UCSes4X8uDrpc4X46hJKjejg,VabbVbaoc3U,105,5,5,unknown,1,0
20261008,UCSes4X8uDrpc4X46hJKjejg,VabbVbaoc3U,104,5,18,unknown,2,0
20261008,UCSes4X8uDrpc4X46hJKjejg,VfTxJ7829Us,101,9,5,unknown,1,0
20261008,UCSes4X8uDrpc4X46hJKjejg,VfTxJ7829Us,101,9,14,PLX3ZLYz4-6vE2_ZNLW5AfzbHTd1jTskDl,2,0
20261008,UCSes4X8uDrpc4X46hJKjejg,Vinyx4cY77Q,105,5,3,what-to-watch,2,0
20261008,UCSes4X8uDrpc4X46hJKjejg,Vinyx4cY77Q,101,2,4,UCSes4X8uDrpc4X46hJKjejg,5,0
20261008,UCSes4X8uDrpc4X46hJKjejg,Vinyx4cY77Q,101,9,4,UCSes4X8uDrpc4X46hJKjejg,1,0
20261008,UCSes4X8uDrpc4X46hJKjejg,Vinyx4cY77Q,102,19,4,UCSes4X8uDrpc4X46hJKjejg,1,0
20261008,UCSes4X8uDrpc4X46hJKjejg,Vinyx4cY77Q,102,26,4,UCSes4X8uDrpc4X46hJKjejg,1,0
20261008,UCSes4X8uDrpc4X46hJKjejg,Vinyx4cY77Q,104,4,4,UCSes4X8uDrpc4X46hJKjejg,10,0
20261008,UCSes4X8uDrpc4X46hJKjejg,Vinyx4cY77Q,104,5,4,UCSes4X8uDrpc4X46hJKjejg,14,0
20261008,UCSes4X8uDrpc4X46hJKjejg,Vinyx4cY77Q,101,2,5,unknown,1,0
20261008,UCSes4X8uDrpc4X46hJKjejg,Vinyx4cY77Q,105,5,5,unknown,1,0
20261008,UCSes4X8uDrpc4X46hJKjejg,Vinyx4cY77Q,104,5,7,0HWdwYJJEnc,1,0
20261008,UCSes4X8uDrpc4X46hJKjejg,Vinyx4cY77Q,101,2,7,eZrZ_qDFcTI,1,0
20261008,UCSes4X8uDrpc4X46hJKjejg,Vinyx4cY77Q,101,9,14,PLX3ZLYz4-6vE2_ZNLW5AfzbHTd1jTskDl,1,0
20261008,UCSes4X8uDrpc4X46hJKjejg,Vinyx4cY77Q,104,4,14,PLX3ZLYz4-6vE2_ZNLW5AfzbHTd1jTskDl,9,0
20261008,UCSes4X8uDrpc4X46hJKjejg,Vinyx4cY77Q,101,9,18,unknown,1,0
20261008,UCSes4X8uDrpc4X46hJKjejg,Vinyx4cY77Q,104,4,18,unknown,2,0
20261008,UCSes4X8uDrpc4X46hJKjejg,Vr7OOWqshAA,102,12,18,unknown,1,0
20261008,UCSes4X8uDrpc4X46hJKjejg,VsUse4g4bSc,101,9,5,unknown,1,0
20261008,UCSes4X8uDrpc4X46hJKjejg,VsUse4g4bSc,101,9,14,PLX3ZLYz4-6vE2_ZNLW5AfzbHTd1jTskDl,1,0
20261008,UCSes4X8uDrpc4X46hJKjejg,Vts6X51BDIE,104,4,4,UCSes4X8uDrpc4X46hJKjejg,1,0
20261008,UCSes4X8uDrpc4X46hJKjejg,Vts6X51BDIE,104,4,5,unknown,1,0
20261008,UCSes4X8uDrpc4X46hJKjejg,VvFMrvoOXks,101,9,5,unknown,1,0
20261008,UCSes4X8uDrpc4X46hJKjejg,VvFMrvoOXks,104,4,5,unknown,1,0
20261008,UCSes4X8uDrpc4X46hJKjejg,VvFMrvoOXks,101,9,14,PLX3ZLYz4-6vE2_ZNLW5AfzbHTd1jTskDl,2,0
20261008,UCSes4X8uDrpc4X46hJKjejg,VzpX0fNoaDo,104,5,3,what-to-watch,1,0
20261008,UCSes4X8uDrpc4X46hJKjejg,VzpX0fNoaDo,101,2,5,unknown,1,0
20261008,UCSes4X8uDrpc4X46hJKjejg,VzpX0fNoaDo,101,9,5,unknown,1,0
20261008,UCSes4X8uDrpc4X46hJKjejg,W1pL4gC1WCE,104,4,4,UCSes4X8uDrpc4X46hJKjejg,1,0
20261008,UCSes4X8uDrpc4X46hJKjejg,W8rx3kIKoQI,104,5,4,UCSes4X8uDrpc4X46hJKjejg,2,0
20261008,UCSes4X8uDrpc4X46hJKjejg,WA6pn7Z65uw,102,26,3,what-to-watch,1,0
20261008,UCSes4X8uDrpc4X46hJKjejg,WA6pn7Z65uw,104,4,5,unknown,1,0
20261008,UCSes4X8uDrpc4X46hJKjejg,WATJsSNezuM,104,5,3,what-to-watch,1,0
20261008,UCSes4X8uDrpc4X46hJKjejg,WATJsSNezuM,104,4,4,UCSes4X8uDrpc4X46hJKjejg,1,0
20261008,UCSes4X8uDrpc4X46hJKjejg,WATJsSNezuM,101,2,5,unknown,2,0
20261008,UCSes4X8uDrpc4X46hJKjejg,WATJsSNezuM,101,9,5,unknown,2,0
20261008,UCSes4X8uDrpc4X46hJKjejg,WATJsSNezuM,102,1,5,unknown,1,0
20261008,UCSes4X8uDrpc4X46hJKjejg,WATJsSNezuM,104,4,5,unknown,2,0
20261008,UCSes4X8uDrpc4X46hJKjejg,WATJsSNezuM,104,5,5,unknown,15,0.2
20261008,UCSes4X8uDrpc4X46hJKjejg,WATJsSNezuM,104,5,14,my-likes,3,0
20261008,UCSes4X8uDrpc4X46hJKjejg,WATJsSNezuM,104,5,18,unknown,1,0
20261008,UCSes4X8uDrpc4X46hJKjejg,WAYYE5BMG6c,101,2,3,what-to-watch,10,0
20261008,UCSes4X8uDrpc4X46hJKjejg,WAYYE5BMG6c,101,9,3,what-to-watch,16,0
20261008,UCSes4X8uDrpc4X46hJKjejg,WAYYE5BMG6c,101,30,3,what-to-watch,7,0
20261008,UCSes4X8uDrpc4X46hJKjejg,WAYYE5BMG6c,102,1,3,what-to-watch,6,0
20261008,UCSes4X8uDrpc4X46hJKjejg,WAYYE5BMG6c,102,4,3,what-to-watch,12,0
20261008,UCSes4X8uDrpc4X46hJKjejg,WAYYE5BMG6c,102,12,3,what-to-watch,2,0
20261008,UCSes4X8uDrpc4X46hJKjejg,WAYYE5BMG6c,102,19,3,what-to-watch,14,0
20261008,UCSes4X8uDrpc4X46hJKjejg,WAYYE5BMG6c,102,26,3,what-to-watch,8,0
20261008,UCSes4X8uDrpc4X46hJKjejg,WAYYE5BMG6c,102,29,3,what-to-watch,7,0
20261008,UCSes4X8uDrpc4X46hJKjejg,WAYYE5BMG6c,102,31,3,what-to-watch,1,0
20261008,UCSes4X8uDrpc4X46hJKjejg,WAYYE5BMG6c,103,10,3,what-to-watch,6,0
20261008,UCSes4X8uDrpc4X46hJKjejg,WAYYE5BMG6c,103,17,3,what-to-watch,1,0
20261008,UCSes4X8uDrpc4X46hJKjejg,WAYYE5BMG6c,104,4,3,what-to-watch,32,0.09375
20261008,UCSes4X8uDrpc4X46hJKjejg,WAYYE5BMG6c,104,5,3,what-to-watch,90,0.033333333333333333
20261008,UCSes4X8uDrpc4X46hJKjejg,WAYYE5BMG6c,105,5,3,what-to-watch,23,0
20261008,UCSes4X8uDrpc4X46hJKjejg,WAYYE5BMG6c,101,2,4,UCA95kYjGqDgRziNA7sJZBag,1,0
20261008,UCSes4X8uDrpc4X46hJKjejg,WAYYE5BMG6c,102,4,4,UCA95kYjGqDgRziNA7sJZBag,3,0
20261008,UCSes4X8uDrpc4X46hJKjejg,WAYYE5BMG6c,102,26,4,UCA95kYjGqDgRziNA7sJZBag,1,0
20261008,UCSes4X8uDrpc4X46hJKjejg,WAYYE5BMG6c,102,29,4,UCA95kYjGqDgRziNA7sJZBag,1,0
20261008,UCSes4X8uDrpc4X46hJKjejg,WAYYE5BMG6c,103,17,4,UCA95kYjGqDgRziNA7sJZBag,1,0
20261008,UCSes4X8uDrpc4X46hJKjejg,WAYYE5BMG6c,103,27,4,UCA95kYjGqDgRziNA7sJZBag,1,0
20261008,UCSes4X8uDrpc4X46hJKjejg,WAYYE5BMG6c,104,4,4,UCA95kYjGqDgRziNA7sJZBag,1,0
20261008,UCSes4X8uDrpc4X46hJKjejg,WAYYE5BMG6c,104,5,4,UCA95kYjGqDgRziNA7sJZBag,3,0
20261008,UCSes4X8uDrpc4X46hJKjejg,WAYYE5BMG6c,102,29,4,UCLh4znMEEDzabMHw-Ob0Cpg,1,0
20261008,UCSes4X8uDrpc4X46hJKjejg,WAYYE5BMG6c,101,2,4,UCSes4X8uDrpc4X46hJKjejg,15,0
20261008,UCSes4X8uDrpc4X46hJKjejg,WAYYE5BMG6c,101,9,4,UCSes4X8uDrpc4X46hJKjejg,34,0
20261008,UCSes4X8uDrpc4X46hJKjejg,WAYYE5BMG6c,101,30,4,UCSes4X8uDrpc4X46hJKjejg,1,0
20261008,UCSes4X8uDrpc4X46hJKjejg,WAYYE5BMG6c,102,4,4,UCSes4X8uDrpc4X46hJKjejg,3,0
20261008,UCSes4X8uDrpc4X46hJKjejg,WAYYE5BMG6c,102,12,4,UCSes4X8uDrpc4X46hJKjejg,3,0
20261008,UCSes4X8uDrpc4X46hJKjejg,WAYYE5BMG6c,102,19,4,UCSes4X8uDrpc4X46hJKjejg,2,0
20261008,UCSes4X8uDrpc4X46hJKjejg,WAYYE5BMG6c,102,26,4,UCSes4X8uDrpc4X46hJKjejg,5,0
20261008,UCSes4X8uDrpc4X46hJKjejg,WAYYE5BMG6c,103,10,4,UCSes4X8uDrpc4X46hJKjejg,1,0
20261008,UCSes4X8uDrpc4X46hJKjejg,WAYYE5BMG6c,104,4,4,UCSes4X8uDrpc4X46hJKjejg,42,0
20261008,UCSes4X8uDrpc4X46hJKjejg,WAYYE5BMG6c,104,5,4,UCSes4X8uDrpc4X46hJKjejg,47,0.021276595744680851
20261008,UCSes4X8uDrpc4X46hJKjejg,WAYYE5BMG6c,105,5,4,UCSes4X8uDrpc4X46hJKjejg,5,0
20261008,UCSes4X8uDrpc4X46hJKjejg,WAYYE5BMG6c,102,28,4,UCWcbo7_7Qiu0VtXPjpp-SDA,1,0
20261008,UCSes4X8uDrpc4X46hJKjejg,WAYYE5BMG6c,103,10,4,UCWcbo7_7Qiu0VtXPjpp-SDA,1,0
20261008,UCSes4X8uDrpc4X46hJKjejg,WAYYE5BMG6c,101,9,5,unknown,2,0
20261008,UCSes4X8uDrpc4X46hJKjejg,WAYYE5BMG6c,102,4,5,unknown,3,0
20261008,UCSes4X8uDrpc4X46hJKjejg,WAYYE5BMG6c,102,19,5,unknown,6,0
20261008,UCSes4X8uDrpc4X46hJKjejg,WAYYE5BMG6c,102,26,5,unknown,3,0
20261008,UCSes4X8uDrpc4X46hJKjejg,WAYYE5BMG6c,102,29,5,unknown,1,0
20261008,UCSes4X8uDrpc4X46hJKjejg,WAYYE5BMG6c,103,17,5,unknown,3,0.66666666666666663
20261008,UCSes4X8uDrpc4X46hJKjejg,WAYYE5BMG6c,104,4,5,unknown,4,0.75
20261008,UCSes4X8uDrpc4X46hJKjejg,WAYYE5BMG6c,104,5,5,unknown,13,0
20261008,UCSes4X8uDrpc4X46hJKjejg,WAYYE5BMG6c,105,5,5,unknown,1,0
20261008,UCSes4X8uDrpc4X46hJKjejg,WAYYE5BMG6c,101,9,7,-CeH_13hsKg,1,0
20261008,UCSes4X8uDrpc4X46hJKjejg,WAYYE5BMG6c,104,5,7,0afDICHobnU,1,0
20261008,UCSes4X8uDrpc4X46hJKjejg,WAYYE5BMG6c,101,1,7,18mgN64R_FE,1,0
20261008,UCSes4X8uDrpc4X46hJKjejg,WAYYE5BMG6c,104,5,7,2i3tLbO0LYA,1,0
20261008,UCSes4X8uDrpc4X46hJKjejg,WAYYE5BMG6c,101,1,7,3OCZp_faA9g,1,0
20261008,UCSes4X8uDrpc4X46hJKjejg,WAYYE5BMG6c,104,4,7,40Ha99h52Xw,1,0
20261008,UCSes4X8uDrpc4X46hJKjejg,WAYYE5BMG6c,104,4,7,6EMXXGKn64U,1,0
20261008,UCSes4X8uDrpc4X46hJKjejg,WAYYE5BMG6c,104,5,7,6wOp2N7_INQ,1,0
20261008,UCSes4X8uDrpc4X46hJKjejg,WAYYE5BMG6c,104,4,7,7AB_-HJdTHk,1,0
20261008,UCSes4X8uDrpc4X46hJKjejg,WAYYE5BMG6c,104,5,7,Ac9VrgsVEVE,1,0
20261008,UCSes4X8uDrpc4X46hJKjejg,WAYYE5BMG6c,101,1,7,Ala5zZj2Zpo,1,0
20261008,UCSes4X8uDrpc4X46hJKjejg,WAYYE5BMG6c,104,5,7,BARcxEBt8oM,1,0
20261008,UCSes4X8uDrpc4X46hJKjejg,WAYYE5BMG6c,101,2,7,DJ-auQ7EbsE,1,0
20261008,UCSes4X8uDrpc4X46hJKjejg,WAYYE5BMG6c,104,4,7,DrgNUE9hSc0,2,0
20261008,UCSes4X8uDrpc4X46hJKjejg,WAYYE5BMG6c,101,9,7,EHt4tdBbH0w,1,0
20261008,UCSes4X8uDrpc4X46hJKjejg,WAYYE5BMG6c,101,2,7,Eaf4F8sE4gI,1,0
20261008,UCSes4X8uDrpc4X46hJKjejg,WAYYE5BMG6c,104,4,7,FDiofXkgmkA,1,0
20261008,UCSes4X8uDrpc4X46hJKjejg,WAYYE5BMG6c,104,5,7,FlhkxBVaBp8,1,0
20261008,UCSes4X8uDrpc4X46hJKjejg,WAYYE5BMG6c,101,2,7,GBbzMkOHows,1,0
20261008,UCSes4X8uDrpc4X46hJKjejg,WAYYE5BMG6c,104,5,7,GPO70jPFAho,2,0.5
20261008,UCSes4X8uDrpc4X46hJKjejg,WAYYE5BMG6c,101,9,7,I8fQYSP1emI,1,1
20261008,UCSes4X8uDrpc4X46hJKjejg,WAYYE5BMG6c,104,5,7,JkEcAutKBK8,1,0
20261008,UCSes4X8uDrpc4X46hJKjejg,WAYYE5BMG6c,102,29,7,KDWV53ZoO9U,1,0
20261008,UCSes4X8uDrpc4X46hJKjejg,WAYYE5BMG6c,104,5,7,LoFU5kr6npM,1,0
20261008,UCSes4X8uDrpc4X46hJKjejg,WAYYE5BMG6c,101,9,7,MEHDJ9V-lIk,1,0
20261008,UCSes4X8uDrpc4X46hJKjejg,WAYYE5BMG6c,104,4,7,NEBVXby7WvA,1,0
20261008,UCSes4X8uDrpc4X46hJKjejg,WAYYE5BMG6c,101,9,7,NjxjHSGRImk,1,0
20261008,UCSes4X8uDrpc4X46hJKjejg,WAYYE5BMG6c,104,4,7,NoyvCZtxcU0,1,0
20261008,UCSes4X8uDrpc4X46hJKjejg,WAYYE5BMG6c,104,5,7,O9rV4oJU8q0,1,0
20261008,UCSes4X8uDrpc4X46hJKjejg,WAYYE5BMG6c,104,5,7,OULzT2RBlBE,3,0
20261008,UCSes4X8uDrpc4X46hJKjejg,WAYYE5BMG6c,101,2,7,PE_2rRKdL7o,1,0
20261008,UCSes4X8uDrpc4X46hJKjejg,WAYYE5BMG6c,101,9,7,QxkEZhK3_tM,1,0
20261008,UCSes4X8uDrpc4X46hJKjejg,WAYYE5BMG6c,104,5,7,RA-5XGnXsWc,1,0
20261008,UCSes4X8uDrpc4X46hJKjejg,WAYYE5BMG6c,104,5,7,Rlh7PynIbTM,2,0
20261008,UCSes4X8uDrpc4X46hJKjejg,WAYYE5BMG6c,104,5,7,SAJgJIQhPIw,1,0
20261008,UCSes4X8uDrpc4X46hJKjejg,WAYYE5BMG6c,102,1,7,SOpKjzM9nxg,1,0
20261008,UCSes4X8uDrpc4X46hJKjejg,WAYYE5BMG6c,104,5,7,Sx1j9_ERF9A,1,0
20261008,UCSes4X8uDrpc4X46hJKjejg,WAYYE5BMG6c,104,5,7,TCwKWvnUczw,1,0
20261008,UCSes4X8uDrpc4X46hJKjejg,WAYYE5BMG6c,104,4,7,TM-pjAeJTxU,1,0
20261008,UCSes4X8uDrpc4X46hJKjejg,WAYYE5BMG6c,104,5,7,TYeT30c8bCw,1,0
20261008,UCSes4X8uDrpc4X46hJKjejg,WAYYE5BMG6c,104,5,7,ThUxBbsgRh8,1,0
20261008,UCSes4X8uDrpc4X46hJKjejg,WAYYE5BMG6c,104,5,7,Thrl52f53NQ,1,0
20261008,UCSes4X8uDrpc4X46hJKjejg,WAYYE5BMG6c,101,30,7,UTlwwsegjeg,1,0
20261008,UCSes4X8uDrpc4X46hJKjejg,WAYYE5BMG6c,104,4,7,Uf2qOFL1GfM,2,0.5
20261008,UCSes4X8uDrpc4X46hJKjejg,WAYYE5BMG6c,104,5,7,UskLh1DPE-U,1,0
20261008,UCSes4X8uDrpc4X46hJKjejg,WAYYE5BMG6c,104,4,7,Voo03eeE9EM,1,0
20261008,UCSes4X8uDrpc4X46hJKjejg,WAYYE5BMG6c,104,4,7,WV6X5VJegqA,1,0
20261008,UCSes4X8uDrpc4X46hJKjejg,WAYYE5BMG6c,101,9,7,XDxHTRrf1fY,1,0
20261008,UCSes4X8uDrpc4X46hJKjejg,WAYYE5BMG6c,104,5,7,XPGWDtB665E,2,0
20261008,UCSes4X8uDrpc4X46hJKjejg,WAYYE5BMG6c,104,4,7,XpT03Fjkfc4,1,0
20261008,UCSes4X8uDrpc4X46hJKjejg,WAYYE5BMG6c,101,2,7,Xyzl-DhPH4E,1,0
20261008,UCSes4X8uDrpc4X46hJKjejg,WAYYE5BMG6c,101,2,7,YWmM-Tkjmvo,1,0
20261008,UCSes4X8uDrpc4X46hJKjejg,WAYYE5BMG6c,104,5,7,ZjaFzu89pE0,1,0
20261008,UCSes4X8uDrpc4X46hJKjejg,WAYYE5BMG6c,104,4,7,_JUn-uRTUZA,2,0
20261008,UCSes4X8uDrpc4X46hJKjejg,WAYYE5BMG6c,104,4,7,aZ641ELZHYo,1,0
20261008,UCSes4X8uDrpc4X46hJKjejg,WAYYE5BMG6c,104,5,7,bdunOrUO5ik,2,0
20261008,UCSes4X8uDrpc4X46hJKjejg,WAYYE5BMG6c,101,9,7,c5MobqsCaUA,1,0
20261008,UCSes4X8uDrpc4X46hJKjejg,WAYYE5BMG6c,104,4,7,cBXj4lpKx2k,1,0
20261008,UCSes4X8uDrpc4X46hJKjejg,WAYYE5BMG6c,101,2,7,cKm5MBJyAbc,1,0
20261008,UCSes4X8uDrpc4X46hJKjejg,WAYYE5BMG6c,101,2,7,e9oFJCAIqrI,1,0
20261008,UCSes4X8uDrpc4X46hJKjejg,WAYYE5BMG6c,104,5,7,f0WHJ7ga2vY,1,0
20261008,UCSes4X8uDrpc4X46hJKjejg,WAYYE5BMG6c,104,5,7,go9XE3zZ2E4,1,0
20261008,UCSes4X8uDrpc4X46hJKjejg,WAYYE5BMG6c,104,4,7,iuY2_TB24Iw,1,0
20261008,UCSes4X8uDrpc4X46hJKjejg,WAYYE5BMG6c,102,4,7,kWgIhHEg_Nk,1,0
20261008,UCSes4X8uDrpc4X46hJKjejg,WAYYE5BMG6c,104,5,7,lT-O79gtxCo,1,0
20261008,UCSes4X8uDrpc4X46hJKjejg,WAYYE5BMG6c,101,2,7,lydw3lx54rA,1,0
20261008,UCSes4X8uDrpc4X46hJKjejg,WAYYE5BMG6c,105,5,7,mBEoAXrwTYw,1,0
20261008,UCSes4X8uDrpc4X46hJKjejg,WAYYE5BMG6c,101,2,7,mOMh_CawTTQ,1,0
20261008,UCSes4X8uDrpc4X46hJKjejg,WAYYE5BMG6c,104,4,7,mZRi9n8OGf0,1,0
20261008,UCSes4X8uDrpc4X46hJKjejg,WAYYE5BMG6c,104,5,7,mgXGQYUaE0g,1,0
20261008,UCSes4X8uDrpc4X46hJKjejg,WAYYE5BMG6c,101,2,7,nP_TaEHwljU,1,0
20261008,UCSes4X8uDrpc4X46hJKjejg,WAYYE5BMG6c,101,2,7,oDfBSDc2n_k,1,0
20261008,UCSes4X8uDrpc4X46hJKjejg,WAYYE5BMG6c,104,5,7,oE-Nx57U5Hs,1,0
20261008,UCSes4X8uDrpc4X46hJKjejg,WAYYE5BMG6c,101,2,7,ofgXzn8s7Jw,2,0
20261008,UCSes4X8uDrpc4X46hJKjejg,WAYYE5BMG6c,101,2,7,pFwvEk3i9VA,1,0
20261008,UCSes4X8uDrpc4X46hJKjejg,WAYYE5BMG6c,101,2,7,peB0SE23beE,1,0
20261008,UCSes4X8uDrpc4X46hJKjejg,WAYYE5BMG6c,101,2,7,psviEH50RsA,1,0
20261008,UCSes4X8uDrpc4X46hJKjejg,WAYYE5BMG6c,102,4,7,rbbCXYgteEI,1,0
20261008,UCSes4X8uDrpc4X46hJKjejg,WAYYE5BMG6c,104,5,7,rvdwgqdZ6jI,1,0
20261008,UCSes4X8uDrpc4X46hJKjejg,WAYYE5BMG6c,104,4,7,u9yo-7_Ly7M,2,0
20261008,UCSes4X8uDrpc4X46hJKjejg,WAYYE5BMG6c,101,2,7,vm8kRKiFwNs,1,0
20261008,UCSes4X8uDrpc4X46hJKjejg,WAYYE5BMG6c,104,4,7,x-R16SdriCE,1,0
20261008,UCSes4X8uDrpc4X46hJKjejg,WAYYE5BMG6c,104,5,7,xu5BLUBgeP4,2,0
20261008,UCSes4X8uDrpc4X46hJKjejg,WAYYE5BMG6c,104,5,7,yHB2OGS04e4,1,0
20261008,UCSes4X8uDrpc4X46hJKjejg,WAYYE5BMG6c,104,5,7,yfqlfKdynk0,1,0
20261008,UCSes4X8uDrpc4X46hJKjejg,WAYYE5BMG6c,101,2,7,zHBgJqG1nJo,1,0
20261008,UCSes4X8uDrpc4X46hJKjejg,WAYYE5BMG6c,104,5,7,zHBgJqG1nJo,1,0
20261008,UCSes4X8uDrpc4X46hJKjejg,WAYYE5BMG6c,101,2,14,PLX3ZLYz4-6vE2_ZNLW5AfzbHTd1jTskDl,1,0
20261008,UCSes4X8uDrpc4X46hJKjejg,WAYYE5BMG6c,101,9,14,PLX3ZLYz4-6vE2_ZNLW5AfzbHTd1jTskDl,2,0
20261008,UCSes4X8uDrpc4X46hJKjejg,WAYYE5BMG6c,104,4,14,PLX3ZLYz4-6vE2_ZNLW5AfzbHTd1jTskDl,12,0
20261008,UCSes4X8uDrpc4X46hJKjejg,WAYYE5BMG6c,104,5,14,PLX3ZLYz4-6vE2_ZNLW5AfzbHTd1jTskDl,3,0
20261008,UCSes4X8uDrpc4X46hJKjejg,WAYYE5BMG6c,101,9,18,unknown,3,0
20261008,UCSes4X8uDrpc4X46hJKjejg,WAYYE5BMG6c,101,30,18,unknown,1,0
20261008,UCSes4X8uDrpc4X46hJKjejg,WAYYE5BMG6c,103,10,18,unknown,2,0
20261008,UCSes4X8uDrpc4X46hJKjejg,WAYYE5BMG6c,104,4,18,unknown,5,0
20261008,UCSes4X8uDrpc4X46hJKjejg,WAYYE5BMG6c,104,5,18,unknown,5,0
20261008,UCSes4X8uDrpc4X46hJKjejg,WAZJg9guNBM,101,2,4,UCSes4X8uDrpc4X46hJKjejg,1,0
20261008,UCSes4X8uDrpc4X46hJKjejg,WE2t_cxBm24,104,4,4,UCSes4X8uDrpc4X46hJKjejg,1,0
20261008,UCSes4X8uDrpc4X46hJKjejg,WEugx-g0bJ8,104,4,5,unknown,2,0
20261008,UCSes4X8uDrpc4X46hJKjejg,WGyszOvc0Fs,105,5,3,what-to-watch,2,0
20261008,UCSes4X8uDrpc4X46hJKjejg,WGyszOvc0Fs,104,5,7,pXwpY6yi5Hg,1,0
20261008,UCSes4X8uDrpc4X46hJKjejg,WGyszOvc0Fs,104,5,7,ttRl6f-O6VA,1,0
20261008,UCSes4X8uDrpc4X46hJKjejg,WGyszOvc0Fs,102,26,18,unknown,1,0
20261008,UCSes4X8uDrpc4X46hJKjejg,WJqI-mDmEPU,101,9,14,PLX3ZLYz4-6vE2_ZNLW5AfzbHTd1jTskDl,1,0
20261008,UCSes4X8uDrpc4X46hJKjejg,WJqI-mDmEPU,104,4,14,PLX3ZLYz4-6vE2_ZNLW5AfzbHTd1jTskDl,5,0
20261008,UCSes4X8uDrpc4X46hJKjejg,WJqI-mDmEPU,101,9,18,unknown,1,0
20261008,UCSes4X8uDrpc4X46hJKjejg,WJqI-mDmEPU,104,4,18,unknown,2,0
20261008,UCSes4X8uDrpc4X46hJKjejg,WJzO9Tm6WrI,102,19,3,what-to-watch,1,0
20261008,UCSes4X8uDrpc4X46hJKjejg,WOQL9qnbLuM,104,4,4,UCSes4X8uDrpc4X46hJKjejg,1,0
20261008,UCSes4X8uDrpc4X46hJKjejg,WOQL9qnbLuM,101,2,5,unknown,1,0
20261008,UCSes4X8uDrpc4X46hJKjejg,WOQL9qnbLuM,101,9,5,unknown,1,0
20261008,UCSes4X8uDrpc4X46hJKjejg,WOQL9qnbLuM,103,10,5,unknown,1,0
20261008,UCSes4X8uDrpc4X46hJKjejg,WOQL9qnbLuM,104,4,5,unknown,10,0
20261008,UCSes4X8uDrpc4X46hJKjejg,WOQL9qnbLuM,104,5,5,unknown,1,0
20261008,UCSes4X8uDrpc4X46hJKjejg,WOQL9qnbLuM,105,5,5,unknown,2,0
20261008,UCSes4X8uDrpc4X46hJKjejg,WQAm9um2jHo,104,4,18,unknown,1,0
20261008,UCSes4X8uDrpc4X46hJKjejg,We5yCneoQlE,101,2,5,unknown,1,0
20261008,UCSes4X8uDrpc4X46hJKjejg,WfhVUyrULaY,101,2,4,UCSes4X8uDrpc4X46hJKjejg,1,0
20261008,UCSes4X8uDrpc4X46hJKjejg,WhMciDNFNFQ,104,5,4,UCSes4X8uDrpc4X46hJKjejg,4,0
20261008,UCSes4X8uDrpc4X46hJKjejg,WhMciDNFNFQ,104,4,5,unknown,2,0
20261008,UCSes4X8uDrpc4X46hJKjejg,Wj7jO7tHW-0,101,9,5,unknown,1,0
20261008,UCSes4X8uDrpc4X46hJKjejg,WpDAGs23cb0,101,2,3,what-to-watch,1,0
20261008,UCSes4X8uDrpc4X46hJKjejg,WpDAGs23cb0,101,2,4,UCSes4X8uDrpc4X46hJKjejg,1,0
20261008,UCSes4X8uDrpc4X46hJKjejg,Wqjk2iveywM,101,2,4,UCSes4X8uDrpc4X46hJKjejg,1,0
20261008,UCSes4X8uDrpc4X46hJKjejg,WwMIt3eNtGU,102,4,3,what-to-watch,1,0
20261008,UCSes4X8uDrpc4X46hJKjejg,WwMIt3eNtGU,104,5,3,what-to-watch,1,0
20261008,UCSes4X8uDrpc4X46hJKjejg,WwMIt3eNtGU,105,5,3,what-to-watch,2,0
20261008,UCSes4X8uDrpc4X46hJKjejg,WwMIt3eNtGU,101,2,4,UCSes4X8uDrpc4X46hJKjejg,2,0
20261008,UCSes4X8uDrpc4X46hJKjejg,WwMIt3eNtGU,101,2,7,UWn9RdueB7E,1,0
20261008,UCSes4X8uDrpc4X46hJKjejg,XAL6nGH2O-Y,104,5,4,UCSes4X8uDrpc4X46hJKjejg,1,0
20261008,UCSes4X8uDrpc4X46hJKjejg,XAL6nGH2O-Y,101,2,5,unknown,1,0
20261008,UCSes4X8uDrpc4X46hJKjejg,XAL6nGH2O-Y,101,9,14,PLX3ZLYz4-6vE2_ZNLW5AfzbHTd1jTskDl,1,0
20261008,UCSes4X8uDrpc4X46hJKjejg,XAL6nGH2O-Y,104,4,14,PLX3ZLYz4-6vE2_ZNLW5AfzbHTd1jTskDl,3,0
20261008,UCSes4X8uDrpc4X46hJKjejg,XAL6nGH2O-Y,101,9,18,unknown,1,0
20261008,UCSes4X8uDrpc4X46hJKjejg,XAL6nGH2O-Y,104,4,18,unknown,2,0
20261008,UCSes4X8uDrpc4X46hJKjejg,XB6TixLR2cg,101,2,5,unknown,5,0
20261008,UCSes4X8uDrpc4X46hJKjejg,XB6TixLR2cg,101,9,5,unknown,6,0
20261008,UCSes4X8uDrpc4X46hJKjejg,XB6TixLR2cg,102,19,5,unknown,1,0
20261008,UCSes4X8uDrpc4X46hJKjejg,XB6TixLR2cg,102,26,5,unknown,4,0
20261008,UCSes4X8uDrpc4X46hJKjejg,XB6TixLR2cg,102,29,5,unknown,2,0
20261008,UCSes4X8uDrpc4X46hJKjejg,XB6TixLR2cg,104,4,5,unknown,5,0
20261008,UCSes4X8uDrpc4X46hJKjejg,XB6TixLR2cg,104,5,5,unknown,16,0
20261008,UCSes4X8uDrpc4X46hJKjejg,XB6TixLR2cg,105,5,5,unknown,1,1
20261008,UCSes4X8uDrpc4X46hJKjejg,XBTcjCpPab4,104,5,4,UCSes4X8uDrpc4X46hJKjejg,2,0
20261008,UCSes4X8uDrpc4X46hJKjejg,XCmyCCnXmbY,104,4,5,unknown,2,0
20261008,UCSes4X8uDrpc4X46hJKjejg,XCmyCCnXmbY,104,5,5,unknown,3,0
20261008,UCSes4X8uDrpc4X46hJKjejg,XCtyiiCSRAk,101,2,5,unknown,2,0
20261008,UCSes4X8uDrpc4X46hJKjejg,XCtyiiCSRAk,102,12,5,unknown,1,0
20261008,UCSes4X8uDrpc4X46hJKjejg,XCtyiiCSRAk,102,19,5,unknown,2,0.5
20261008,UCSes4X8uDrpc4X46hJKjejg,XCtyiiCSRAk,102,26,5,unknown,1,0
20261008,UCSes4X8uDrpc4X46hJKjejg,XCtyiiCSRAk,104,4,5,unknown,4,0
20261008,UCSes4X8uDrpc4X46hJKjejg,XCtyiiCSRAk,104,5,5,unknown,10,0.2
20261008,UCSes4X8uDrpc4X46hJKjejg,XCtyiiCSRAk,105,5,5,unknown,3,0
20261008,UCSes4X8uDrpc4X46hJKjejg,XCtyiiCSRAk,104,5,18,unknown,1,0
20261008,UCSes4X8uDrpc4X46hJKjejg,XDTraPWtJbE,104,5,4,UCSes4X8uDrpc4X46hJKjejg,4,0
20261008,UCSes4X8uDrpc4X46hJKjejg,XDTraPWtJbE,102,19,5,unknown,1,0
20261008,UCSes4X8uDrpc4X46hJKjejg,XDTraPWtJbE,104,4,5,unknown,1,0
20261008,UCSes4X8uDrpc4X46hJKjejg,XDTraPWtJbE,104,5,5,unknown,1,0
20261008,UCSes4X8uDrpc4X46hJKjejg,XDTraPWtJbE,104,5,18,unknown,1,0
20261008,UCSes4X8uDrpc4X46hJKjejg,XDvAbl8laEA,101,2,3,what-to-watch,1,0
20261008,UCSes4X8uDrpc4X46hJKjejg,XDvAbl8laEA,102,29,3,what-to-watch,1,0
20261008,UCSes4X8uDrpc4X46hJKjejg,XKuQeJ6fyeA,101,1,3,what-to-watch,2,0
20261008,UCSes4X8uDrpc4X46hJKjejg,XKuQeJ6fyeA,101,2,3,what-to-watch,1,0
20261008,UCSes4X8uDrpc4X46hJKjejg,XKuQeJ6fyeA,101,9,3,what-to-watch,2,0.5
20261008,UCSes4X8uDrpc4X46hJKjejg,XKuQeJ6fyeA,104,4,3,what-to-watch,2,0
20261008,UCSes4X8uDrpc4X46hJKjejg,XKuQeJ6fyeA,104,5,3,what-to-watch,8,0
20261008,UCSes4X8uDrpc4X46hJKjejg,XKuQeJ6fyeA,105,5,3,what-to-watch,1,0
20261008,UCSes4X8uDrpc4X46hJKjejg,XKuQeJ6fyeA,104,4,4,UCSes4X8uDrpc4X46hJKjejg,1,0
20261008,UCSes4X8uDrpc4X46hJKjejg,XKuQeJ6fyeA,104,4,5,unknown,3,0
20261008,UCSes4X8uDrpc4X46hJKjejg,XKuQeJ6fyeA,104,5,5,unknown,2,0
20261008,UCSes4X8uDrpc4X46hJKjejg,XMAsmEFltW8,104,5,5,unknown,1,0
20261008,UCSes4X8uDrpc4X46hJKjejg,XTCwkKFlywI,101,2,4,UCSes4X8uDrpc4X46hJKjejg,1,0
20261008,UCSes4X8uDrpc4X46hJKjejg,XTGlwLovDD0,101,2,3,what-to-watch,10,0.1
20261008,UCSes4X8uDrpc4X46hJKjejg,XTGlwLovDD0,101,9,3,what-to-watch,4,0
20261008,UCSes4X8uDrpc4X46hJKjejg,XTGlwLovDD0,102,1,3,what-to-watch,2,0.5
20261008,UCSes4X8uDrpc4X46hJKjejg,XTGlwLovDD0,102,4,3,what-to-watch,2,0
20261008,UCSes4X8uDrpc4X46hJKjejg,XTGlwLovDD0,102,19,3,what-to-watch,2,0
20261008,UCSes4X8uDrpc4X46hJKjejg,XTGlwLovDD0,102,29,3,what-to-watch,1,0
20261008,UCSes4X8uDrpc4X46hJKjejg,XTGlwLovDD0,103,10,3,what-to-watch,1,0
20261008,UCSes4X8uDrpc4X46hJKjejg,XTGlwLovDD0,104,4,3,what-to-watch,4,0.25
20261008,UCSes4X8uDrpc4X46hJKjejg,XTGlwLovDD0,104,5,3,what-to-watch,20,0.1
20261008,UCSes4X8uDrpc4X46hJKjejg,XTGlwLovDD0,105,5,3,what-to-watch,4,0
20261008,UCSes4X8uDrpc4X46hJKjejg,XTGlwLovDD0,101,2,4,UCSes4X8uDrpc4X46hJKjejg,1,0
20261008,UCSes4X8uDrpc4X46hJKjejg,XTGlwLovDD0,101,9,4,UCSes4X8uDrpc4X46hJKjejg,1,0
20261008,UCSes4X8uDrpc4X46hJKjejg,XTGlwLovDD0,102,19,4,UCSes4X8uDrpc4X46hJKjejg,1,0
20261008,UCSes4X8uDrpc4X46hJKjejg,XTGlwLovDD0,104,5,4,UCSes4X8uDrpc4X46hJKjejg,4,0
20261008,UCSes4X8uDrpc4X46hJKjejg,XTGlwLovDD0,101,2,5,unknown,5,0.2
20261008,UCSes4X8uDrpc4X46hJKjejg,XTGlwLovDD0,101,9,5,unknown,5,0
20261008,UCSes4X8uDrpc4X46hJKjejg,XTGlwLovDD0,102,1,5,unknown,2,0
20261008,UCSes4X8uDrpc4X46hJKjejg,XTGlwLovDD0,102,4,5,unknown,1,0
20261008,UCSes4X8uDrpc4X46hJKjejg,XTGlwLovDD0,102,12,5,unknown,1,0
20261008,UCSes4X8uDrpc4X46hJKjejg,XTGlwLovDD0,102,19,5,unknown,5,0
20261008,UCSes4X8uDrpc4X46hJKjejg,XTGlwLovDD0,102,29,5,unknown,5,0
20261008,UCSes4X8uDrpc4X46hJKjejg,XTGlwLovDD0,104,4,5,unknown,12,0.083333333333333329
20261008,UCSes4X8uDrpc4X46hJKjejg,XTGlwLovDD0,104,5,5,unknown,14,0
20261008,UCSes4X8uDrpc4X46hJKjejg,XTGlwLovDD0,102,4,7,CNXiPtziTDU,1,0
20261008,UCSes4X8uDrpc4X46hJKjejg,XTGlwLovDD0,101,9,7,MEHDJ9V-lIk,1,0
20261008,UCSes4X8uDrpc4X46hJKjejg,XTGlwLovDD0,104,5,7,MEHDJ9V-lIk,1,0
20261008,UCSes4X8uDrpc4X46hJKjejg,XTGlwLovDD0,101,9,7,QgiSIacIsWU,1,0
20261008,UCSes4X8uDrpc4X46hJKjejg,XTGlwLovDD0,104,5,7,QgiSIacIsWU,2,0
20261008,UCSes4X8uDrpc4X46hJKjejg,XTGlwLovDD0,101,2,7,SSR_I5paj4E,1,0
20261008,UCSes4X8uDrpc4X46hJKjejg,XTGlwLovDD0,101,2,7,UaVIkkQBCks,1,0
20261008,UCSes4X8uDrpc4X46hJKjejg,XTGlwLovDD0,101,9,7,UaVIkkQBCks,1,0
20261008,UCSes4X8uDrpc4X46hJKjejg,XTGlwLovDD0,102,4,7,UaVIkkQBCks,1,0
20261008,UCSes4X8uDrpc4X46hJKjejg,XTGlwLovDD0,104,5,7,UaVIkkQBCks,2,0.5
20261008,UCSes4X8uDrpc4X46hJKjejg,XTGlwLovDD0,104,5,7,UsFBZjdrh8Q,2,0
20261008,UCSes4X8uDrpc4X46hJKjejg,XTGlwLovDD0,104,5,7,f4MfVVTJ6pY,1,0
20261008,UCSes4X8uDrpc4X46hJKjejg,XTGlwLovDD0,105,5,7,mMCUoCGdIIc,1,0
20261008,UCSes4X8uDrpc4X46hJKjejg,XTGlwLovDD0,102,4,7,pWCQrmx8beo,1,0
20261008,UCSes4X8uDrpc4X46hJKjejg,XTGlwLovDD0,104,5,7,rRrdBdAmxik,1,0
20261008,UCSes4X8uDrpc4X46hJKjejg,XTGlwLovDD0,101,2,7,vBGKAaH-3T4,1,0
20261008,UCSes4X8uDrpc4X46hJKjejg,XTGlwLovDD0,101,2,7,zFXIvJSxThk,1,0
20261008,UCSes4X8uDrpc4X46hJKjejg,XTGlwLovDD0,101,2,14,PLX3ZLYz4-6vE2_ZNLW5AfzbHTd1jTskDl,1,0
20261008,UCSes4X8uDrpc4X46hJKjejg,XTGlwLovDD0,101,9,14,PLX3ZLYz4-6vE2_ZNLW5AfzbHTd1jTskDl,2,0
20261008,UCSes4X8uDrpc4X46hJKjejg,XTGlwLovDD0,104,4,14,PLX3ZLYz4-6vE2_ZNLW5AfzbHTd1jTskDl,7,0
20261008,UCSes4X8uDrpc4X46hJKjejg,XTGlwLovDD0,101,9,18,unknown,1,0
20261008,UCSes4X8uDrpc4X46hJKjejg,XTGlwLovDD0,104,4,18,unknown,2,0
20261008,UCSes4X8uDrpc4X46hJKjejg,XTGlwLovDD0,104,5,18,unknown,5,0
20261008,UCSes4X8uDrpc4X46hJKjejg,XWHK1h3FHIA,101,9,5,unknown,1,0
20261008,UCSes4X8uDrpc4X46hJKjejg,XWHK1h3FHIA,101,2,7,Bm7cQuUX34A,1,0
20261008,UCSes4X8uDrpc4X46hJKjejg,XWHK1h3FHIA,101,9,14,PLX3ZLYz4-6vE2_ZNLW5AfzbHTd1jTskDl,1,0
20261008,UCSes4X8uDrpc4X46hJKjejg,XcQAK-OMb2s,104,4,4,UCSes4X8uDrpc4X46hJKjejg,2,0
20261008,UCSes4X8uDrpc4X46hJKjejg,XcQAK-OMb2s,102,29,5,unknown,1,0
20261008,UCSes4X8uDrpc4X46hJKjejg,XcQAK-OMb2s,104,4,5,unknown,2,0
20261008,UCSes4X8uDrpc4X46hJKjejg,XcQAK-OMb2s,104,5,5,unknown,1,0
20261008,UCSes4X8uDrpc4X46hJKjejg,XefOWOtXAfw,102,26,4,UCLh4znMEEDzabMHw-Ob0Cpg,1,0
20261008,UCSes4X8uDrpc4X46hJKjejg,XefOWOtXAfw,104,5,4,UCSes4X8uDrpc4X46hJKjejg,4,0.25
20261008,UCSes4X8uDrpc4X46hJKjejg,XfAPPqbSJaI,101,2,3,what-to-watch,1,0
20261008,UCSes4X8uDrpc4X46hJKjejg,XfAPPqbSJaI,105,5,3,what-to-watch,1,0
20261008,UCSes4X8uDrpc4X46hJKjejg,XfAPPqbSJaI,101,2,4,UCSes4X8uDrpc4X46hJKjejg,1,0
20261008,UCSes4X8uDrpc4X46hJKjejg,XfAPPqbSJaI,101,2,5,unknown,1,0
20261008,UCSes4X8uDrpc4X46hJKjejg,XfAPPqbSJaI,101,9,5,unknown,1,0
20261008,UCSes4X8uDrpc4X46hJKjejg,XfAPPqbSJaI,104,4,7,ZED77MceAsY,1,0
20261008,UCSes4X8uDrpc4X46hJKjejg,XfAPPqbSJaI,101,9,14,PLX3ZLYz4-6vE2_ZNLW5AfzbHTd1jTskDl,1,0
20261008,UCSes4X8uDrpc4X46hJKjejg,XfTjhq9YxvI,101,9,4,UCSes4X8uDrpc4X46hJKjejg,1,0
20261008,UCSes4X8uDrpc4X46hJKjejg,XfTjhq9YxvI,104,4,4,UCSes4X8uDrpc4X46hJKjejg,1,0
20261008,UCSes4X8uDrpc4X46hJKjejg,XfTjhq9YxvI,104,4,5,unknown,2,0
20261008,UCSes4X8uDrpc4X46hJKjejg,Xgpvl1WcTqs,101,9,14,PLX3ZLYz4-6vE2_ZNLW5AfzbHTd1jTskDl,1,0
20261008,UCSes4X8uDrpc4X46hJKjejg,Xgpvl1WcTqs,104,4,14,PLX3ZLYz4-6vE2_ZNLW5AfzbHTd1jTskDl,6,0
20261008,UCSes4X8uDrpc4X46hJKjejg,Xgpvl1WcTqs,101,9,18,unknown,1,0
20261008,UCSes4X8uDrpc4X46hJKjejg,Xgpvl1WcTqs,104,4,18,unknown,2,0
20261008,UCSes4X8uDrpc4X46hJKjejg,XlT3SmO6YYs,101,9,3,what-to-watch,1,0
20261008,UCSes4X8uDrpc4X46hJKjejg,XlT3SmO6YYs,102,4,3,what-to-watch,2,0
20261008,UCSes4X8uDrpc4X46hJKjejg,XlT3SmO6YYs,104,4,3,what-to-watch,5,0.2
20261008,UCSes4X8uDrpc4X46hJKjejg,XlT3SmO6YYs,104,5,3,what-to-watch,13,0.15384615384615385
20261008,UCSes4X8uDrpc4X46hJKjejg,XlT3SmO6YYs,101,2,5,unknown,6,0
20261008,UCSes4X8uDrpc4X46hJKjejg,XlT3SmO6YYs,101,9,5,unknown,9,0
20261008,UCSes4X8uDrpc4X46hJKjejg,XlT3SmO6YYs,103,10,5,unknown,2,0
20261008,UCSes4X8uDrpc4X46hJKjejg,XlT3SmO6YYs,103,17,5,unknown,1,1
20261008,UCSes4X8uDrpc4X46hJKjejg,XlT3SmO6YYs,104,4,5,unknown,3,0
20261008,UCSes4X8uDrpc4X46hJKjejg,XlT3SmO6YYs,104,5,5,unknown,24,0.083333333333333329
20261008,UCSes4X8uDrpc4X46hJKjejg,Xs581orDsR0,102,19,3,what-to-watch,4,0
20261008,UCSes4X8uDrpc4X46hJKjejg,Xs581orDsR0,101,2,4,UCSes4X8uDrpc4X46hJKjejg,1,0
20261008,UCSes4X8uDrpc4X46hJKjejg,Xs581orDsR0,102,19,7,5y5K0fOL6Pg,1,0
20261008,UCSes4X8uDrpc4X46hJKjejg,Xs581orDsR0,102,19,7,AAMGhk8t3Pc,1,0
20261008,UCSes4X8uDrpc4X46hJKjejg,Xs581orDsR0,102,19,7,xuS2-711iNI,1,0
20261008,UCSes4X8uDrpc4X46hJKjejg,XxNpGT_I6mk,101,2,3,what-to-watch,15,0.066666666666666666
20261008,UCSes4X8uDrpc4X46hJKjejg,XxNpGT_I6mk,101,9,3,what-to-watch,11,0.090909090909090912
20261008,UCSes4X8uDrpc4X46hJKjejg,XxNpGT_I6mk,102,1,3,what-to-watch,3,0.33333333333333331
20261008,UCSes4X8uDrpc4X46hJKjejg,XxNpGT_I6mk,102,19,3,what-to-watch,3,0.33333333333333331
20261008,UCSes4X8uDrpc4X46hJKjejg,XxNpGT_I6mk,102,26,3,what-to-watch,1,0
20261008,UCSes4X8uDrpc4X46hJKjejg,XxNpGT_I6mk,102,29,3,what-to-watch,2,0.5
20261008,UCSes4X8uDrpc4X46hJKjejg,XxNpGT_I6mk,103,10,3,what-to-watch,1,0
20261008,UCSes4X8uDrpc4X46hJKjejg,XxNpGT_I6mk,104,4,3,what-to-watch,28,0.071428571428571425
20261008,UCSes4X8uDrpc4X46hJKjejg,XxNpGT_I6mk,104,5,3,what-to-watch,44,0.090909090909090912
20261008,UCSes4X8uDrpc4X46hJKjejg,XxNpGT_I6mk,105,5,3,what-to-watch,10,0.1
20261008,UCSes4X8uDrpc4X46hJKjejg,XxNpGT_I6mk,101,9,4,UCSes4X8uDrpc4X46hJKjejg,1,0
20261008,UCSes4X8uDrpc4X46hJKjejg,XxNpGT_I6mk,104,4,4,UCSes4X8uDrpc4X46hJKjejg,1,0
20261008,UCSes4X8uDrpc4X46hJKjejg,XxNpGT_I6mk,101,2,5,unknown,7,0
20261008,UCSes4X8uDrpc4X46hJKjejg,XxNpGT_I6mk,101,9,5,unknown,2,0
20261008,UCSes4X8uDrpc4X46hJKjejg,XxNpGT_I6mk,101,30,5,unknown,1,0
20261008,UCSes4X8uDrpc4X46hJKjejg,XxNpGT_I6mk,102,1,5,unknown,6,0
20261008,UCSes4X8uDrpc4X46hJKjejg,XxNpGT_I6mk,102,4,5,unknown,20,0
20261008,UCSes4X8uDrpc4X46hJKjejg,XxNpGT_I6mk,102,12,5,unknown,11,0
20261008,UCSes4X8uDrpc4X46hJKjejg,XxNpGT_I6mk,102,19,5,unknown,35,0.028571428571428571
20261008,UCSes4X8uDrpc4X46hJKjejg,XxNpGT_I6mk,102,21,5,unknown,1,0
20261008,UCSes4X8uDrpc4X46hJKjejg,XxNpGT_I6mk,102,26,5,unknown,31,0.032258064516129031
20261008,UCSes4X8uDrpc4X46hJKjejg,XxNpGT_I6mk,102,28,5,unknown,1,0
20261008,UCSes4X8uDrpc4X46hJKjejg,XxNpGT_I6mk,102,29,5,unknown,12,0
20261008,UCSes4X8uDrpc4X46hJKjejg,XxNpGT_I6mk,102,31,5,unknown,5,0
20261008,UCSes4X8uDrpc4X46hJKjejg,XxNpGT_I6mk,103,10,5,unknown,6,0
20261008,UCSes4X8uDrpc4X46hJKjejg,XxNpGT_I6mk,103,17,5,unknown,1,0
20261008,UCSes4X8uDrpc4X46hJKjejg,XxNpGT_I6mk,104,4,5,unknown,44,0.022727272727272728
20261008,UCSes4X8uDrpc4X46hJKjejg,XxNpGT_I6mk,104,5,5,unknown,60,0.066666666666666666
20261008,UCSes4X8uDrpc4X46hJKjejg,XxNpGT_I6mk,105,5,5,unknown,24,0
20261008,UCSes4X8uDrpc4X46hJKjejg,XxNpGT_I6mk,101,9,7,7OhqYJyZcvM,1,0
20261008,UCSes4X8uDrpc4X46hJKjejg,XxNpGT_I6mk,104,5,7,xlJxkA-nB8s,1,0
20261008,UCSes4X8uDrpc4X46hJKjejg,Y-cACTFUlfo,104,4,3,what-to-watch,3,0
20261008,UCSes4X8uDrpc4X46hJKjejg,Y-cACTFUlfo,104,5,3,what-to-watch,7,0
20261008,UCSes4X8uDrpc4X46hJKjejg,Y-cACTFUlfo,101,2,5,unknown,1,0
20261008,UCSes4X8uDrpc4X46hJKjejg,Y-cACTFUlfo,102,12,5,unknown,1,0
20261008,UCSes4X8uDrpc4X46hJKjejg,Y-cACTFUlfo,102,28,5,unknown,3,0.33333333333333331
20261008,UCSes4X8uDrpc4X46hJKjejg,Y-cACTFUlfo,104,4,5,unknown,1,0
20261008,UCSes4X8uDrpc4X46hJKjejg,Y-cACTFUlfo,104,5,5,unknown,2,0.5
20261008,UCSes4X8uDrpc4X46hJKjejg,Y-cACTFUlfo,105,5,5,unknown,1,0
20261008,UCSes4X8uDrpc4X46hJKjejg,Y1rcIh_NEkw,104,5,5,unknown,1,0
20261008,UCSes4X8uDrpc4X46hJKjejg,Y6aA8-oHQ2E,104,4,18,unknown,1,0
20261008,UCSes4X8uDrpc4X46hJKjejg,Y8VmQ0NuFhs,101,2,3,what-to-watch,2,0
20261008,UCSes4X8uDrpc4X46hJKjejg,Y8VmQ0NuFhs,102,19,3,what-to-watch,1,0
20261008,UCSes4X8uDrpc4X46hJKjejg,Y8VmQ0NuFhs,102,26,3,what-to-watch,1,0
20261008,UCSes4X8uDrpc4X46hJKjejg,Y8VmQ0NuFhs,104,5,3,what-to-watch,4,0
20261008,UCSes4X8uDrpc4X46hJKjejg,Y8VmQ0NuFhs,101,2,4,UCSes4X8uDrpc4X46hJKjejg,2,0
20261008,UCSes4X8uDrpc4X46hJKjejg,Y8VmQ0NuFhs,101,9,4,UCSes4X8uDrpc4X46hJKjejg,1,0
20261008,UCSes4X8uDrpc4X46hJKjejg,Y8VmQ0NuFhs,101,30,4,UCSes4X8uDrpc4X46hJKjejg,1,0
20261008,UCSes4X8uDrpc4X46hJKjejg,Y8VmQ0NuFhs,104,4,4,UCSes4X8uDrpc4X46hJKjejg,7,0
20261008,UCSes4X8uDrpc4X46hJKjejg,Y8VmQ0NuFhs,104,5,4,UCSes4X8uDrpc4X46hJKjejg,7,0
20261008,UCSes4X8uDrpc4X46hJKjejg,Y8VmQ0NuFhs,101,2,5,unknown,2,0.5
20261008,UCSes4X8uDrpc4X46hJKjejg,Y8VmQ0NuFhs,102,4,5,unknown,1,0
20261008,UCSes4X8uDrpc4X46hJKjejg,Y8VmQ0NuFhs,102,29,5,unknown,1,0
20261008,UCSes4X8uDrpc4X46hJKjejg,Y8VmQ0NuFhs,104,5,5,unknown,6,0.16666666666666666
20261008,UCSes4X8uDrpc4X46hJKjejg,Y8VmQ0NuFhs,102,4,7,0b8eta7f8mY,1,0
20261008,UCSes4X8uDrpc4X46hJKjejg,Y8VmQ0NuFhs,102,19,7,0b8eta7f8mY,1,0
20261008,UCSes4X8uDrpc4X46hJKjejg,Y8VmQ0NuFhs,104,5,7,0b8eta7f8mY,1,0
20261008,UCSes4X8uDrpc4X46hJKjejg,Y8VmQ0NuFhs,104,4,7,DjhN1oAGTYA,1,0
20261008,UCSes4X8uDrpc4X46hJKjejg,Y8VmQ0NuFhs,101,9,7,ErUcy4lTRxo,1,0
20261008,UCSes4X8uDrpc4X46hJKjejg,Y8VmQ0NuFhs,101,9,7,GwcpssQ1rwA,1,0
20261008,UCSes4X8uDrpc4X46hJKjejg,Y8VmQ0NuFhs,101,9,7,XlB0WidquIk,1,0
20261008,UCSes4X8uDrpc4X46hJKjejg,Y8VmQ0NuFhs,101,9,7,ZTDb9gMUvBY,1,0
20261008,UCSes4X8uDrpc4X46hJKjejg,Y8VmQ0NuFhs,104,4,7,aCjGd9UDFUM,1,0
20261008,UCSes4X8uDrpc4X46hJKjejg,Y8VmQ0NuFhs,104,4,7,f4ZQBcSZxxI,1,0
20261008,UCSes4X8uDrpc4X46hJKjejg,Y8VmQ0NuFhs,101,9,7,vXjb8OQFWYY,1,0
20261008,UCSes4X8uDrpc4X46hJKjejg,YAmVfSZ8o7w,104,4,3,what-to-watch,1,0
20261008,UCSes4X8uDrpc4X46hJKjejg,YAmVfSZ8o7w,101,2,4,UCSes4X8uDrpc4X46hJKjejg,1,0
20261008,UCSes4X8uDrpc4X46hJKjejg,YBDuXDLIKtM,102,29,3,what-to-watch,1,0
20261008,UCSes4X8uDrpc4X46hJKjejg,YBDuXDLIKtM,101,2,5,unknown,2,0
20261008,UCSes4X8uDrpc4X46hJKjejg,YBDuXDLIKtM,104,5,18,unknown,1,0
20261008,UCSes4X8uDrpc4X46hJKjejg,YBPwW_jGSmE,101,2,4,UCSes4X8uDrpc4X46hJKjejg,1,0
20261008,UCSes4X8uDrpc4X46hJKjejg,YHtB62qU1r8,101,1,3,what-to-watch,5,0
20261008,UCSes4X8uDrpc4X46hJKjejg,YHtB62qU1r8,101,2,3,what-to-watch,644,0.037267080745341616
20261008,UCSes4X8uDrpc4X46hJKjejg,YHtB62qU1r8,101,9,3,what-to-watch,273,0.040293040293040296
20261008,UCSes4X8uDrpc4X46hJKjejg,YHtB62qU1r8,101,30,3,what-to-watch,32,0
20261008,UCSes4X8uDrpc4X46hJKjejg,YHtB62qU1r8,102,1,3,what-to-watch,273,0.047619047619047616
20261008,UCSes4X8uDrpc4X46hJKjejg,YHtB62qU1r8,102,4,3,what-to-watch,482,0.051867219917012451
20261008,UCSes4X8uDrpc4X46hJKjejg,YHtB62qU1r8,102,12,3,what-to-watch,228,0.030701754385964911
20261008,UCSes4X8uDrpc4X46hJKjejg,YHtB62qU1r8,102,13,3,what-to-watch,4,0
20261008,UCSes4X8uDrpc4X46hJKjejg,YHtB62qU1r8,102,19,3,what-to-watch,717,0.029288702928870293
20261008,UCSes4X8uDrpc4X46hJKjejg,YHtB62qU1r8,102,21,3,what-to-watch,7,0
20261008,UCSes4X8uDrpc4X46hJKjejg,YHtB62qU1r8,102,26,3,what-to-watch,1029,0.041788143828960157
20261008,UCSes4X8uDrpc4X46hJKjejg,YHtB62qU1r8,102,28,3,what-to-watch,59,0
20261008,UCSes4X8uDrpc4X46hJKjejg,YHtB62qU1r8,102,29,3,what-to-watch,728,0.054945054945054944
20261008,UCSes4X8uDrpc4X46hJKjejg,YHtB62qU1r8,102,31,3,what-to-watch,34,0.029411764705882353
20261008,UCSes4X8uDrpc4X46hJKjejg,YHtB62qU1r8,103,10,3,what-to-watch,345,0.026086956521739129
20261008,UCSes4X8uDrpc4X46hJKjejg,YHtB62qU1r8,103,17,3,what-to-watch,186,0.048387096774193547
20261008,UCSes4X8uDrpc4X46hJKjejg,YHtB62qU1r8,103,27,3,what-to-watch,1,0
20261008,UCSes4X8uDrpc4X46hJKjejg,YHtB62qU1r8,104,4,3,what-to-watch,1411,0.073706591070163
20261008,UCSes4X8uDrpc4X46hJKjejg,YHtB62qU1r8,104,5,3,what-to-watch,3065,0.065905383360522027
20261008,UCSes4X8uDrpc4X46hJKjejg,YHtB62qU1r8,105,4,3,what-to-watch,9,0
20261008,UCSes4X8uDrpc4X46hJKjejg,YHtB62qU1r8,105,5,3,what-to-watch,359,0.013927576601671309
20261008,UCSes4X8uDrpc4X46hJKjejg,YHtB62qU1r8,101,2,4,UCSes4X8uDrpc4X46hJKjejg,1,0
20261008,UCSes4X8uDrpc4X46hJKjejg,YHtB62qU1r8,104,4,4,UCSes4X8uDrpc4X46hJKjejg,1,0
20261008,UCSes4X8uDrpc4X46hJKjejg,YHtB62qU1r8,104,5,4,UCSes4X8uDrpc4X46hJKjejg,7,0
20261008,UCSes4X8uDrpc4X46hJKjejg,YHtB62qU1r8,101,2,5,unknown,28,0.071428571428571425
20261008,UCSes4X8uDrpc4X46hJKjejg,YHtB62qU1r8,101,9,5,unknown,8,0.75
20261008,UCSes4X8uDrpc4X46hJKjejg,YHtB62qU1r8,101,30,5,unknown,1,0
20261008,UCSes4X8uDrpc4X46hJKjejg,YHtB62qU1r8,102,1,5,unknown,20,0.1
20261008,UCSes4X8uDrpc4X46hJKjejg,YHtB62qU1r8,102,4,5,unknown,44,0.045454545454545456
20261008,UCSes4X8uDrpc4X46hJKjejg,YHtB62qU1r8,102,12,5,unknown,11,0.090909090909090912
20261008,UCSes4X8uDrpc4X46hJKjejg,YHtB62qU1r8,102,19,5,unknown,44,0.045454545454545456
20261008,UCSes4X8uDrpc4X46hJKjejg,YHtB62qU1r8,102,26,5,unknown,62,0.048387096774193547
20261008,UCSes4X8uDrpc4X46hJKjejg,YHtB62qU1r8,102,28,5,unknown,9,0
20261008,UCSes4X8uDrpc4X46hJKjejg,YHtB62qU1r8,102,29,5,unknown,42,0.023809523809523808
20261008,UCSes4X8uDrpc4X46hJKjejg,YHtB62qU1r8,102,31,5,unknown,4,0
20261008,UCSes4X8uDrpc4X46hJKjejg,YHtB62qU1r8,103,10,5,unknown,17,0
20261008,UCSes4X8uDrpc4X46hJKjejg,YHtB62qU1r8,103,17,5,unknown,10,0
20261008,UCSes4X8uDrpc4X46hJKjejg,YHtB62qU1r8,103,27,5,unknown,1,0
20261008,UCSes4X8uDrpc4X46hJKjejg,YHtB62qU1r8,104,4,5,unknown,95,0.052631578947368418
20261008,UCSes4X8uDrpc4X46hJKjejg,YHtB62qU1r8,104,5,5,unknown,240,0.054166666666666669
20261008,UCSes4X8uDrpc4X46hJKjejg,YHtB62qU1r8,105,5,5,unknown,28,0.035714285714285712
20261008,UCSes4X8uDrpc4X46hJKjejg,YHtB62qU1r8,105,5,7,-0AOv_VbPnQ,1,0
20261008,UCSes4X8uDrpc4X46hJKjejg,YHtB62qU1r8,101,2,7,-7cXzmMxZ00,1,0
20261008,UCSes4X8uDrpc4X46hJKjejg,YHtB62qU1r8,104,4,7,-7cXzmMxZ00,1,0
20261008,UCSes4X8uDrpc4X46hJKjejg,YHtB62qU1r8,104,5,7,-7cXzmMxZ00,2,0
20261008,UCSes4X8uDrpc4X46hJKjejg,YHtB62qU1r8,101,9,7,-RcOvlbWOr0,1,0
20261008,UCSes4X8uDrpc4X46hJKjejg,YHtB62qU1r8,101,2,7,-UcwPSUNu7Y,1,0
20261008,UCSes4X8uDrpc4X46hJKjejg,YHtB62qU1r8,104,4,7,-UcwPSUNu7Y,1,0
20261008,UCSes4X8uDrpc4X46hJKjejg,YHtB62qU1r8,104,5,7,-UcwPSUNu7Y,1,0
20261008,UCSes4X8uDrpc4X46hJKjejg,YHtB62qU1r8,101,9,7,-WKJ_OF-UVA,1,0
20261008,UCSes4X8uDrpc4X46hJKjejg,YHtB62qU1r8,101,9,7,-d-dwhZgTpE,1,0
20261008,UCSes4X8uDrpc4X46hJKjejg,YHtB62qU1r8,104,5,7,-d4Q7_xRQ8Q,2,0.5
20261008,UCSes4X8uDrpc4X46hJKjejg,YHtB62qU1r8,104,4,7,-gXaw8vLVDE,1,0
20261008,UCSes4X8uDrpc4X46hJKjejg,YHtB62qU1r8,104,4,7,-q3WxSzOVZ8,2,0
20261008,UCSes4X8uDrpc4X46hJKjejg,YHtB62qU1r8,104,5,7,090qWP7aYFs,1,0
20261008,UCSes4X8uDrpc4X46hJKjejg,YHtB62qU1r8,101,2,7,0GEYjNuVfr4,2,0
20261008,UCSes4X8uDrpc4X46hJKjejg,YHtB62qU1r8,104,4,7,0GEYjNuVfr4,1,0
20261008,UCSes4X8uDrpc4X46hJKjejg,YHtB62qU1r8,104,5,7,0GEYjNuVfr4,1,0
20261008,UCSes4X8uDrpc4X46hJKjejg,YHtB62qU1r8,105,5,7,0GEYjNuVfr4,1,0
20261008,UCSes4X8uDrpc4X46hJKjejg,YHtB62qU1r8,104,4,7,0GQPGAsGdyE,1,0
20261008,UCSes4X8uDrpc4X46hJKjejg,YHtB62qU1r8,104,5,7,0LCvh4SdeyU,1,0
20261008,UCSes4X8uDrpc4X46hJKjejg,YHtB62qU1r8,104,5,7,0ZULyy_ax6M,1,0
20261008,UCSes4X8uDrpc4X46hJKjejg,YHtB62qU1r8,104,4,7,0b8eta7f8mY,1,1
20261008,UCSes4X8uDrpc4X46hJKjejg,YHtB62qU1r8,104,4,7,0tbKk-maRzQ,2,0
20261008,UCSes4X8uDrpc4X46hJKjejg,YHtB62qU1r8,101,2,7,0y0bL_UDAq4,1,0
20261008,UCSes4X8uDrpc4X46hJKjejg,YHtB62qU1r8,104,5,7,0y0bL_UDAq4,1,0
20261008,UCSes4X8uDrpc4X46hJKjejg,YHtB62qU1r8,104,5,7,12JmMl56QbM,1,1
20261008,UCSes4X8uDrpc4X46hJKjejg,YHtB62qU1r8,104,5,7,1BNwk4C2nvU,1,0
20261008,UCSes4X8uDrpc4X46hJKjejg,YHtB62qU1r8,101,9,7,1DT6XH3y3Ws,1,0
20261008,UCSes4X8uDrpc4X46hJKjejg,YHtB62qU1r8,104,4,7,1O0V_IYYQ-k,1,0
20261008,UCSes4X8uDrpc4X46hJKjejg,YHtB62qU1r8,104,4,7,1PM2dTR7QXM,2,0
20261008,UCSes4X8uDrpc4X46hJKjejg,YHtB62qU1r8,101,2,7,1R4IaH7Jna0,3,0
20261008,UCSes4X8uDrpc4X46hJKjejg,YHtB62qU1r8,101,30,7,1R4IaH7Jna0,1,0
20261008,UCSes4X8uDrpc4X46hJKjejg,YHtB62qU1r8,104,5,7,1R4IaH7Jna0,1,0
20261008,UCSes4X8uDrpc4X46hJKjejg,YHtB62qU1r8,101,2,7,1UleJV00_oU,1,0
20261008,UCSes4X8uDrpc4X46hJKjejg,YHtB62qU1r8,104,5,7,1WBd1zRY5-Y,1,0
20261008,UCSes4X8uDrpc4X46hJKjejg,YHtB62qU1r8,101,2,7,1XxVj5uEeAE,1,0
20261008,UCSes4X8uDrpc4X46hJKjejg,YHtB62qU1r8,104,4,7,1XxVj5uEeAE,1,0
20261008,UCSes4X8uDrpc4X46hJKjejg,YHtB62qU1r8,104,5,7,1XxVj5uEeAE,3,0
20261008,UCSes4X8uDrpc4X46hJKjejg,YHtB62qU1r8,105,5,7,1a_wNToGRj8,1,0
20261008,UCSes4X8uDrpc4X46hJKjejg,YHtB62qU1r8,104,4,7,2-C3euzVELE,1,0
20261008,UCSes4X8uDrpc4X46hJKjejg,YHtB62qU1r8,104,4,7,2AmV70dr5Ic,1,0
20261008,UCSes4X8uDrpc4X46hJKjejg,YHtB62qU1r8,101,2,7,2S8OwRPvm-A,1,0
20261008,UCSes4X8uDrpc4X46hJKjejg,YHtB62qU1r8,104,5,7,2S8OwRPvm-A,1,0
20261008,UCSes4X8uDrpc4X46hJKjejg,YHtB62qU1r8,104,4,7,2Urak0HdgcE,2,0
20261008,UCSes4X8uDrpc4X46hJKjejg,YHtB62qU1r8,104,4,7,2X8Dw9_-BJs,1,0
20261008,UCSes4X8uDrpc4X46hJKjejg,YHtB62qU1r8,102,26,7,2Ydh7kNYJdo,1,0
20261008,UCSes4X8uDrpc4X46hJKjejg,YHtB62qU1r8,104,5,7,2_FkMmdlHRI,1,0
20261008,UCSes4X8uDrpc4X46hJKjejg,YHtB62qU1r8,101,2,7,2_Wq9bVeFoc,6,0
20261008,UCSes4X8uDrpc4X46hJKjejg,YHtB62qU1r8,101,9,7,2_Wq9bVeFoc,4,0
20261008,UCSes4X8uDrpc4X46hJKjejg,YHtB62qU1r8,104,4,7,2_Wq9bVeFoc,7,0
20261008,UCSes4X8uDrpc4X46hJKjejg,YHtB62qU1r8,104,5,7,2_Wq9bVeFoc,20,0.05
20261008,UCSes4X8uDrpc4X46hJKjejg,YHtB62qU1r8,105,4,7,2_Wq9bVeFoc,1,0
20261008,UCSes4X8uDrpc4X46hJKjejg,YHtB62qU1r8,101,2,7,2eqNYzKYKVc,4,0
20261008,UCSes4X8uDrpc4X46hJKjejg,YHtB62qU1r8,101,9,7,2eqNYzKYKVc,1,0
20261008,UCSes4X8uDrpc4X46hJKjejg,YHtB62qU1r8,104,4,7,2eqNYzKYKVc,10,0
20261008,UCSes4X8uDrpc4X46hJKjejg,YHtB62qU1r8,104,5,7,2eqNYzKYKVc,5,0
20261008,UCSes4X8uDrpc4X46hJKjejg,YHtB62qU1r8,105,5,7,2eqNYzKYKVc,1,0
20261008,UCSes4X8uDrpc4X46hJKjejg,YHtB62qU1r8,101,2,7,2i3tLbO0LYA,1,0
20261008,UCSes4X8uDrpc4X46hJKjejg,YHtB62qU1r8,101,9,7,2i3tLbO0LYA,1,0
20261008,UCSes4X8uDrpc4X46hJKjejg,YHtB62qU1r8,104,4,7,2i3tLbO0LYA,1,0
20261008,UCSes4X8uDrpc4X46hJKjejg,YHtB62qU1r8,104,5,7,2i3tLbO0LYA,3,0
20261008,UCSes4X8uDrpc4X46hJKjejg,YHtB62qU1r8,101,2,7,2iB-QfDJBkI,1,0
20261008,UCSes4X8uDrpc4X46hJKjejg,YHtB62qU1r8,101,9,7,2n5LJUyMtAk,1,0
20261008,UCSes4X8uDrpc4X46hJKjejg,YHtB62qU1r8,104,4,7,2ntQlocgmKM,1,0
20261008,UCSes4X8uDrpc4X46hJKjejg,YHtB62qU1r8,102,19,7,2rm0xGcxbTc,1,1
20261008,UCSes4X8uDrpc4X46hJKjejg,YHtB62qU1r8,101,2,7,2v3OKlLiZwA,2,0.5
20261008,UCSes4X8uDrpc4X46hJKjejg,YHtB62qU1r8,101,9,7,2v3OKlLiZwA,1,0
20261008,UCSes4X8uDrpc4X46hJKjejg,YHtB62qU1r8,104,4,7,2v3OKlLiZwA,1,0
20261008,UCSes4X8uDrpc4X46hJKjejg,YHtB62qU1r8,104,5,7,2v3OKlLiZwA,1,0
20261008,UCSes4X8uDrpc4X46hJKjejg,YHtB62qU1r8,101,1,7,31KssJCBLMQ,1,0
20261008,UCSes4X8uDrpc4X46hJKjejg,YHtB62qU1r8,101,2,7,31KssJCBLMQ,7,0
20261008,UCSes4X8uDrpc4X46hJKjejg,YHtB62qU1r8,101,9,7,31KssJCBLMQ,2,0
20261008,UCSes4X8uDrpc4X46hJKjejg,YHtB62qU1r8,101,30,7,31KssJCBLMQ,1,0
20261008,UCSes4X8uDrpc4X46hJKjejg,YHtB62qU1r8,102,4,7,31KssJCBLMQ,1,0
20261008,UCSes4X8uDrpc4X46hJKjejg,YHtB62qU1r8,104,4,7,31KssJCBLMQ,6,0.16666666666666666
20261008,UCSes4X8uDrpc4X46hJKjejg,YHtB62qU1r8,104,5,7,31KssJCBLMQ,5,0
20261008,UCSes4X8uDrpc4X46hJKjejg,YHtB62qU1r8,105,5,7,31KssJCBLMQ,1,0
20261008,UCSes4X8uDrpc4X46hJKjejg,YHtB62qU1r8,104,4,7,32wLvnV2CxI,1,0
20261008,UCSes4X8uDrpc4X46hJKjejg,YHtB62qU1r8,104,5,7,35Lnc7Tgy2g,1,0
20261008,UCSes4X8uDrpc4X46hJKjejg,YHtB62qU1r8,104,4,7,35u2DgqfmaU,1,0
20261008,UCSes4X8uDrpc4X46hJKjejg,YHtB62qU1r8,101,9,7,3LGJILWebd0,1,0
20261008,UCSes4X8uDrpc4X46hJKjejg,YHtB62qU1r8,104,4,7,3LGJILWebd0,1,0
20261008,UCSes4X8uDrpc4X46hJKjejg,YHtB62qU1r8,104,5,7,3LGJILWebd0,2,0
20261008,UCSes4X8uDrpc4X46hJKjejg,YHtB62qU1r8,101,2,7,3SPknXVuiVI,3,0
20261008,UCSes4X8uDrpc4X46hJKjejg,YHtB62qU1r8,101,9,7,3SPknXVuiVI,2,0.5
20261008,UCSes4X8uDrpc4X46hJKjejg,YHtB62qU1r8,104,4,7,3SPknXVuiVI,2,0
20261008,UCSes4X8uDrpc4X46hJKjejg,YHtB62qU1r8,101,2,7,3_-vxP3R88E,1,0
20261008,UCSes4X8uDrpc4X46hJKjejg,YHtB62qU1r8,101,2,7,3a-exFxVgdc,1,0
20261008,UCSes4X8uDrpc4X46hJKjejg,YHtB62qU1r8,101,9,7,3gSmR80Q8Gk,1,0
20261008,UCSes4X8uDrpc4X46hJKjejg,YHtB62qU1r8,104,5,7,3iEf3oexFZc,1,0
20261008,UCSes4X8uDrpc4X46hJKjejg,YHtB62qU1r8,104,5,7,3iRUwVzRDZQ,1,0
20261008,UCSes4X8uDrpc4X46hJKjejg,YHtB62qU1r8,104,4,7,3ucsjAthbE0,1,0
20261008,UCSes4X8uDrpc4X46hJKjejg,YHtB62qU1r8,101,9,7,4-yCluCP1ek,2,0
20261008,UCSes4X8uDrpc4X46hJKjejg,YHtB62qU1r8,101,2,7,41TqHkg3VFo,1,0
20261008,UCSes4X8uDrpc4X46hJKjejg,YHtB62qU1r8,102,1,7,41TqHkg3VFo,1,0
20261008,UCSes4X8uDrpc4X46hJKjejg,YHtB62qU1r8,101,9,7,43-8kS4v4pE,1,0
20261008,UCSes4X8uDrpc4X46hJKjejg,YHtB62qU1r8,101,2,7,44txzy6hnVI,10,0
20261008,UCSes4X8uDrpc4X46hJKjejg,YHtB62qU1r8,101,9,7,44txzy6hnVI,6,0
20261008,UCSes4X8uDrpc4X46hJKjejg,YHtB62qU1r8,103,10,7,44txzy6hnVI,1,0
20261008,UCSes4X8uDrpc4X46hJKjejg,YHtB62qU1r8,103,17,7,44txzy6hnVI,1,0
20261008,UCSes4X8uDrpc4X46hJKjejg,YHtB62qU1r8,104,4,7,44txzy6hnVI,9,0.1111111111111111
20261008,UCSes4X8uDrpc4X46hJKjejg,YHtB62qU1r8,104,5,7,44txzy6hnVI,5,0.2
20261008,UCSes4X8uDrpc4X46hJKjejg,YHtB62qU1r8,101,9,7,45t1dyid7fw,2,0
20261008,UCSes4X8uDrpc4X46hJKjejg,YHtB62qU1r8,104,5,7,46XS807xHYA,1,0
20261008,UCSes4X8uDrpc4X46hJKjejg,YHtB62qU1r8,104,5,7,49sOGPZk9Vo,1,0
20261008,UCSes4X8uDrpc4X46hJKjejg,YHtB62qU1r8,104,5,7,4FtQ52Cbw5A,1,0
20261008,UCSes4X8uDrpc4X46hJKjejg,YHtB62qU1r8,104,4,7,4In6EUYiEpY,1,0
20261008,UCSes4X8uDrpc4X46hJKjejg,YHtB62qU1r8,102,19,7,4Ojs0G5s_iA,1,0
20261008,UCSes4X8uDrpc4X46hJKjejg,YHtB62qU1r8,101,2,7,4Z2PZ2Vl2lg,2,0
20261008,UCSes4X8uDrpc4X46hJKjejg,YHtB62qU1r8,101,9,7,4Z2PZ2Vl2lg,1,0
20261008,UCSes4X8uDrpc4X46hJKjejg,YHtB62qU1r8,104,5,7,4Z2PZ2Vl2lg,1,0
20261008,UCSes4X8uDrpc4X46hJKjejg,YHtB62qU1r8,104,4,7,4fSmRupVYKU,3,0
20261008,UCSes4X8uDrpc4X46hJKjejg,YHtB62qU1r8,104,5,7,4fSmRupVYKU,1,0
20261008,UCSes4X8uDrpc4X46hJKjejg,YHtB62qU1r8,101,9,7,4gA8xdHwe-8,1,0
20261008,UCSes4X8uDrpc4X46hJKjejg,YHtB62qU1r8,101,2,7,4grm13kgaD0,1,1
20261008,UCSes4X8uDrpc4X46hJKjejg,YHtB62qU1r8,104,5,7,4hZ37gKKP3Y,1,0
20261008,UCSes4X8uDrpc4X46hJKjejg,YHtB62qU1r8,101,2,7,4oKNVs5g1LE,1,0
20261008,UCSes4X8uDrpc4X46hJKjejg,YHtB62qU1r8,102,4,7,4rv_E3a5prA,1,0
20261008,UCSes4X8uDrpc4X46hJKjejg,YHtB62qU1r8,104,5,7,4rv_E3a5prA,1,0
20261008,UCSes4X8uDrpc4X46hJKjejg,YHtB62qU1r8,101,2,7,4tbhAzM1kgY,1,0
20261008,UCSes4X8uDrpc4X46hJKjejg,YHtB62qU1r8,101,9,7,4w96Qqt3xl8,1,0
20261008,UCSes4X8uDrpc4X46hJKjejg,YHtB62qU1r8,104,4,7,4w96Qqt3xl8,1,0
20261008,UCSes4X8uDrpc4X46hJKjejg,YHtB62qU1r8,104,5,7,5-T7xo08Q3k,1,0
20261008,UCSes4X8uDrpc4X46hJKjejg,YHtB62qU1r8,104,4,7,57lgbg_c2fw,1,0
20261008,UCSes4X8uDrpc4X46hJKjejg,YHtB62qU1r8,101,2,7,5FMKcFetFak,1,0
20261008,UCSes4X8uDrpc4X46hJKjejg,YHtB62qU1r8,101,9,7,5FMKcFetFak,1,0
20261008,UCSes4X8uDrpc4X46hJKjejg,YHtB62qU1r8,102,29,7,5FMKcFetFak,1,0
20261008,UCSes4X8uDrpc4X46hJKjejg,YHtB62qU1r8,104,4,7,5FMKcFetFak,1,0
20261008,UCSes4X8uDrpc4X46hJKjejg,YHtB62qU1r8,104,5,7,5FMKcFetFak,1,0
20261008,UCSes4X8uDrpc4X46hJKjejg,YHtB62qU1r8,101,2,7,5LEl411RcFs,2,0
20261008,UCSes4X8uDrpc4X46hJKjejg,YHtB62qU1r8,101,9,7,5LEl411RcFs,2,0
20261008,UCSes4X8uDrpc4X46hJKjejg,YHtB62qU1r8,101,30,7,5LEl411RcFs,3,0
20261008,UCSes4X8uDrpc4X46hJKjejg,YHtB62qU1r8,104,5,7,5LEl411RcFs,4,0
20261008,UCSes4X8uDrpc4X46hJKjejg,YHtB62qU1r8,101,9,7,5SXrb10DSFg,1,0
20261008,UCSes4X8uDrpc4X46hJKjejg,YHtB62qU1r8,101,9,7,5X4z2LMziCs,1,0
20261008,UCSes4X8uDrpc4X46hJKjejg,YHtB62qU1r8,101,2,7,5Xj4nPXzrqo,1,0
20261008,UCSes4X8uDrpc4X46hJKjejg,YHtB62qU1r8,102,26,7,5Xj4nPXzrqo,1,0
20261008,UCSes4X8uDrpc4X46hJKjejg,YHtB62qU1r8,104,4,7,5oT307GYUvQ,1,0
20261008,UCSes4X8uDrpc4X46hJKjejg,YHtB62qU1r8,101,2,7,5oXyLgBZeCs,1,0
20261008,UCSes4X8uDrpc4X46hJKjejg,YHtB62qU1r8,104,4,7,5oqfGMydyjY,1,0
20261008,UCSes4X8uDrpc4X46hJKjejg,YHtB62qU1r8,104,5,7,5ozbBdgA87Q,2,0
20261008,UCSes4X8uDrpc4X46hJKjejg,YHtB62qU1r8,104,5,7,5tIEwjGP6Sg,2,0
20261008,UCSes4X8uDrpc4X46hJKjejg,YHtB62qU1r8,101,2,7,6-N5ywd5dHY,1,0
20261008,UCSes4X8uDrpc4X46hJKjejg,YHtB62qU1r8,101,9,7,66IunDqg4os,1,0
20261008,UCSes4X8uDrpc4X46hJKjejg,YHtB62qU1r8,101,9,7,6HHYwLyRQH8,1,0
20261008,UCSes4X8uDrpc4X46hJKjejg,YHtB62qU1r8,104,5,7,6OYydS0QL1w,1,0
20261008,UCSes4X8uDrpc4X46hJKjejg,YHtB62qU1r8,104,4,7,6SIrFfxK-Nc,1,1
20261008,UCSes4X8uDrpc4X46hJKjejg,YHtB62qU1r8,104,5,7,6Ss_u74Obxw,1,0
20261008,UCSes4X8uDrpc4X46hJKjejg,YHtB62qU1r8,101,9,7,6UBlZJW3lYo,1,0
20261008,UCSes4X8uDrpc4X46hJKjejg,YHtB62qU1r8,104,4,7,6UBlZJW3lYo,2,0.5
20261008,UCSes4X8uDrpc4X46hJKjejg,YHtB62qU1r8,101,9,7,6ZBwb-kj_Q8,1,0
20261008,UCSes4X8uDrpc4X46hJKjejg,YHtB62qU1r8,101,2,7,6aelKS0HsPg,1,0
20261008,UCSes4X8uDrpc4X46hJKjejg,YHtB62qU1r8,104,4,7,6hN3p4j180s,1,0
20261008,UCSes4X8uDrpc4X46hJKjejg,YHtB62qU1r8,101,2,7,6hpDfTFVckc,1,0
20261008,UCSes4X8uDrpc4X46hJKjejg,YHtB62qU1r8,101,2,7,6kweCn_r2XE,1,0
20261008,UCSes4X8uDrpc4X46hJKjejg,YHtB62qU1r8,102,12,7,6kweCn_r2XE,1,0
20261008,UCSes4X8uDrpc4X46hJKjejg,YHtB62qU1r8,104,4,7,6kweCn_r2XE,3,0
20261008,UCSes4X8uDrpc4X46hJKjejg,YHtB62qU1r8,104,5,7,6kweCn_r2XE,6,0.16666666666666666
20261008,UCSes4X8uDrpc4X46hJKjejg,YHtB62qU1r8,104,4,7,6pFP1BSqXwE,1,0
20261008,UCSes4X8uDrpc4X46hJKjejg,YHtB62qU1r8,104,4,7,6pKZW0ocGDc,1,0
20261008,UCSes4X8uDrpc4X46hJKjejg,YHtB62qU1r8,104,5,7,6pKZW0ocGDc,1,0
20261008,UCSes4X8uDrpc4X46hJKjejg,YHtB62qU1r8,104,5,7,6qQIUGORBFE,2,0
20261008,UCSes4X8uDrpc4X46hJKjejg,YHtB62qU1r8,101,2,7,6uybgGlF7ow,1,0
20261008,UCSes4X8uDrpc4X46hJKjejg,YHtB62qU1r8,104,5,7,6uybgGlF7ow,1,0
20261008,UCSes4X8uDrpc4X46hJKjejg,YHtB62qU1r8,101,2,7,6vDb3vGt7Bk,1,0
20261008,UCSes4X8uDrpc4X46hJKjejg,YHtB62qU1r8,102,29,7,73BTGZcNqnU,1,0
20261008,UCSes4X8uDrpc4X46hJKjejg,YHtB62qU1r8,104,4,7,73wPiGAEH_Y,1,0
20261008,UCSes4X8uDrpc4X46hJKjejg,YHtB62qU1r8,104,5,7,7Gluy-CLrO4,1,0
20261008,UCSes4X8uDrpc4X46hJKjejg,YHtB62qU1r8,104,4,7,7QQfDdNLw-o,1,0
20261008,UCSes4X8uDrpc4X46hJKjejg,YHtB62qU1r8,104,4,7,7Qs-m-p85qU,1,0
20261008,UCSes4X8uDrpc4X46hJKjejg,YHtB62qU1r8,101,9,7,7ST0nN-Yipc,1,0
20261008,UCSes4X8uDrpc4X46hJKjejg,YHtB62qU1r8,104,5,7,7TEUZtwoQ0U,1,0
20261008,UCSes4X8uDrpc4X46hJKjejg,YHtB62qU1r8,101,2,7,7fGygn0YSgI,1,0
20261008,UCSes4X8uDrpc4X46hJKjejg,YHtB62qU1r8,101,2,7,7jVnpnw3JFg,1,0
20261008,UCSes4X8uDrpc4X46hJKjejg,YHtB62qU1r8,104,5,7,7opipBpta6E,1,0
20261008,UCSes4X8uDrpc4X46hJKjejg,YHtB62qU1r8,104,5,7,7qunA1NdKqc,1,0
20261008,UCSes4X8uDrpc4X46hJKjejg,YHtB62qU1r8,101,2,7,7rV9mt5AS4I,3,0
20261008,UCSes4X8uDrpc4X46hJKjejg,YHtB62qU1r8,104,4,7,7rV9mt5AS4I,1,0
20261008,UCSes4X8uDrpc4X46hJKjejg,YHtB62qU1r8,104,5,7,7rV9mt5AS4I,3,0
20261008,UCSes4X8uDrpc4X46hJKjejg,YHtB62qU1r8,102,1,7,7rttm2qTnxg,1,0
20261008,UCSes4X8uDrpc4X46hJKjejg,YHtB62qU1r8,104,4,7,7rttm2qTnxg,5,0
20261008,UCSes4X8uDrpc4X46hJKjejg,YHtB62qU1r8,104,5,7,7rttm2qTnxg,3,0
20261008,UCSes4X8uDrpc4X46hJKjejg,YHtB62qU1r8,101,2,7,7yH7AHVK4i8,1,0
20261008,UCSes4X8uDrpc4X46hJKjejg,YHtB62qU1r8,104,4,7,7zBtOcpnXzk,1,0
20261008,UCSes4X8uDrpc4X46hJKjejg,YHtB62qU1r8,104,5,7,804aeIFl1SU,1,0
20261008,UCSes4X8uDrpc4X46hJKjejg,YHtB62qU1r8,101,2,7,84XwX8zGUOk,1,0
20261008,UCSes4X8uDrpc4X46hJKjejg,YHtB62qU1r8,101,9,7,88s1BkjxAqI,1,0
20261008,UCSes4X8uDrpc4X46hJKjejg,YHtB62qU1r8,101,2,7,8BrJsj8gOZQ,2,0
20261008,UCSes4X8uDrpc4X46hJKjejg,YHtB62qU1r8,101,9,7,8FqCMLxa7wU,3,0
20261008,UCSes4X8uDrpc4X46hJKjejg,YHtB62qU1r8,104,4,7,8FqCMLxa7wU,2,0.5
20261008,UCSes4X8uDrpc4X46hJKjejg,YHtB62qU1r8,101,9,7,8NXOwlYj0eQ,1,0
20261008,UCSes4X8uDrpc4X46hJKjejg,YHtB62qU1r8,104,4,7,8RQjwlMHnAs,1,0
20261008,UCSes4X8uDrpc4X46hJKjejg,YHtB62qU1r8,101,2,7,8kJcWLpMknU,1,0
20261008,UCSes4X8uDrpc4X46hJKjejg,YHtB62qU1r8,101,2,7,8zYlQas1N7o,1,0
20261008,UCSes4X8uDrpc4X46hJKjejg,YHtB62qU1r8,101,2,7,8zs909hyTYQ,1,0
20261008,UCSes4X8uDrpc4X46hJKjejg,YHtB62qU1r8,101,2,7,94K1QZXx-QE,1,0
20261008,UCSes4X8uDrpc4X46hJKjejg,YHtB62qU1r8,101,2,7,9SjvZPFiDH0,1,0
20261008,UCSes4X8uDrpc4X46hJKjejg,YHtB62qU1r8,104,4,7,9SjvZPFiDH0,1,0
20261008,UCSes4X8uDrpc4X46hJKjejg,YHtB62qU1r8,101,2,7,9ZC8dXOrHxc,2,0
20261008,UCSes4X8uDrpc4X46hJKjejg,YHtB62qU1r8,104,5,7,9ZC8dXOrHxc,1,0
20261008,UCSes4X8uDrpc4X46hJKjejg,YHtB62qU1r8,104,4,7,9aZPDiWwBQk,1,0
20261008,UCSes4X8uDrpc4X46hJKjejg,YHtB62qU1r8,101,2,7,9cdAs0LChbg,1,0
20261008,UCSes4X8uDrpc4X46hJKjejg,YHtB62qU1r8,101,9,7,9g6M42DVEzU,1,0
20261008,UCSes4X8uDrpc4X46hJKjejg,YHtB62qU1r8,104,4,7,9gDhVwkDlQc,1,0
20261008,UCSes4X8uDrpc4X46hJKjejg,YHtB62qU1r8,104,5,7,9gDhVwkDlQc,1,1
20261008,UCSes4X8uDrpc4X46hJKjejg,YHtB62qU1r8,101,2,7,9ip5-jMgW_s,1,0
20261008,UCSes4X8uDrpc4X46hJKjejg,YHtB62qU1r8,104,4,7,9jDe24Of51A,1,0
20261008,UCSes4X8uDrpc4X46hJKjejg,YHtB62qU1r8,101,2,7,9zINw1u9jaM,1,0
20261008,UCSes4X8uDrpc4X46hJKjejg,YHtB62qU1r8,101,9,7,9zINw1u9jaM,2,0
20261008,UCSes4X8uDrpc4X46hJKjejg,YHtB62qU1r8,102,4,7,A2lebxrcR5M,1,0
20261008,UCSes4X8uDrpc4X46hJKjejg,YHtB62qU1r8,104,4,7,A9dCA5I9Pes,1,1
20261008,UCSes4X8uDrpc4X46hJKjejg,YHtB62qU1r8,104,4,7,AFCLfQNLCTc,1,0
20261008,UCSes4X8uDrpc4X46hJKjejg,YHtB62qU1r8,104,4,7,AGFHoXtVTpg,2,0
20261008,UCSes4X8uDrpc4X46hJKjejg,YHtB62qU1r8,104,5,7,AKm1isQew3o,1,0
20261008,UCSes4X8uDrpc4X46hJKjejg,YHtB62qU1r8,101,2,7,ARto1RhHFW4,1,0
20261008,UCSes4X8uDrpc4X46hJKjejg,YHtB62qU1r8,104,4,7,ATesziNCbkY,4,0
20261008,UCSes4X8uDrpc4X46hJKjejg,YHtB62qU1r8,104,5,7,ATesziNCbkY,4,0
20261008,UCSes4X8uDrpc4X46hJKjejg,YHtB62qU1r8,101,2,7,ATg-KtAkn_I,2,0
20261008,UCSes4X8uDrpc4X46hJKjejg,YHtB62qU1r8,101,9,7,ATg-KtAkn_I,3,0
20261008,UCSes4X8uDrpc4X46hJKjejg,YHtB62qU1r8,104,4,7,ATg-KtAkn_I,2,0
20261008,UCSes4X8uDrpc4X46hJKjejg,YHtB62qU1r8,104,5,7,ATg-KtAkn_I,1,0
20261008,UCSes4X8uDrpc4X46hJKjejg,YHtB62qU1r8,101,2,7,AYJ-y8q5FIk,1,0
20261008,UCSes4X8uDrpc4X46hJKjejg,YHtB62qU1r8,104,4,7,AYJ-y8q5FIk,1,0
20261008,UCSes4X8uDrpc4X46hJKjejg,YHtB62qU1r8,104,5,7,AYJ-y8q5FIk,1,0
20261008,UCSes4X8uDrpc4X46hJKjejg,YHtB62qU1r8,101,9,7,AacYPl4TCBs,1,0
20261008,UCSes4X8uDrpc4X46hJKjejg,YHtB62qU1r8,104,4,7,AacYPl4TCBs,1,0
20261008,UCSes4X8uDrpc4X46hJKjejg,YHtB62qU1r8,104,4,7,AbvLCqRipLw,1,0
20261008,UCSes4X8uDrpc4X46hJKjejg,YHtB62qU1r8,101,2,7,AcLzNYZMurk,1,0
20261008,UCSes4X8uDrpc4X46hJKjejg,YHtB62qU1r8,101,2,7,Acve0yUZXGc,3,0.33333333333333331
20261008,UCSes4X8uDrpc4X46hJKjejg,YHtB62qU1r8,101,9,7,Acve0yUZXGc,1,0
20261008,UCSes4X8uDrpc4X46hJKjejg,YHtB62qU1r8,101,30,7,Acve0yUZXGc,1,0
20261008,UCSes4X8uDrpc4X46hJKjejg,YHtB62qU1r8,102,4,7,Acve0yUZXGc,2,0
20261008,UCSes4X8uDrpc4X46hJKjejg,YHtB62qU1r8,102,19,7,Acve0yUZXGc,1,0
20261008,UCSes4X8uDrpc4X46hJKjejg,YHtB62qU1r8,103,10,7,Acve0yUZXGc,1,0
20261008,UCSes4X8uDrpc4X46hJKjejg,YHtB62qU1r8,104,4,7,Acve0yUZXGc,1,1
20261008,UCSes4X8uDrpc4X46hJKjejg,YHtB62qU1r8,104,5,7,Acve0yUZXGc,1,0
20261008,UCSes4X8uDrpc4X46hJKjejg,YHtB62qU1r8,105,5,7,Acve0yUZXGc,1,0
20261008,UCSes4X8uDrpc4X46hJKjejg,YHtB62qU1r8,104,4,7,AkAI7lTTH_4,1,0
20261008,UCSes4X8uDrpc4X46hJKjejg,YHtB62qU1r8,101,1,7,ArskAw95E_Q,1,0
20261008,UCSes4X8uDrpc4X46hJKjejg,YHtB62qU1r8,104,4,7,ArskAw95E_Q,1,0
20261008,UCSes4X8uDrpc4X46hJKjejg,YHtB62qU1r8,104,5,7,ArskAw95E_Q,1,0
20261008,UCSes4X8uDrpc4X46hJKjejg,YHtB62qU1r8,104,4,7,AyMlWTeZoK0,1,0
20261008,UCSes4X8uDrpc4X46hJKjejg,YHtB62qU1r8,101,9,7,AzdMag-LKyQ,1,0
20261008,UCSes4X8uDrpc4X46hJKjejg,YHtB62qU1r8,101,2,7,B8jJTnNpQNw,1,0
20261008,UCSes4X8uDrpc4X46hJKjejg,YHtB62qU1r8,101,2,7,BARcxEBt8oM,1,0
20261008,UCSes4X8uDrpc4X46hJKjejg,YHtB62qU1r8,101,9,7,BARcxEBt8oM,1,0
20261008,UCSes4X8uDrpc4X46hJKjejg,YHtB62qU1r8,104,4,7,BAfZMMSuTmw,1,0
20261008,UCSes4X8uDrpc4X46hJKjejg,YHtB62qU1r8,104,5,7,BE8ysfdQoGI,2,0
20261008,UCSes4X8uDrpc4X46hJKjejg,YHtB62qU1r8,101,9,7,BJqjPUf157Q,1,0
20261008,UCSes4X8uDrpc4X46hJKjejg,YHtB62qU1r8,104,4,7,BQyrJPmE2Lc,1,0
20261008,UCSes4X8uDrpc4X46hJKjejg,YHtB62qU1r8,104,4,7,BS644BOsfWI,2,0
20261008,UCSes4X8uDrpc4X46hJKjejg,YHtB62qU1r8,101,9,7,Bfux-E-jRK0,1,0
20261008,UCSes4X8uDrpc4X46hJKjejg,YHtB62qU1r8,101,2,7,BoF-jy4VY6M,1,0
20261008,UCSes4X8uDrpc4X46hJKjejg,YHtB62qU1r8,104,5,7,BuBh2dos_ak,1,0
20261008,UCSes4X8uDrpc4X46hJKjejg,YHtB62qU1r8,101,2,7,BzcJpnHP4e0,2,0
20261008,UCSes4X8uDrpc4X46hJKjejg,YHtB62qU1r8,104,5,7,C6K1y_nlz1w,1,0
20261008,UCSes4X8uDrpc4X46hJKjejg,YHtB62qU1r8,104,4,7,CDVsZmvTORc,1,0
20261008,UCSes4X8uDrpc4X46hJKjejg,YHtB62qU1r8,104,5,7,CDVsZmvTORc,1,0
20261008,UCSes4X8uDrpc4X46hJKjejg,YHtB62qU1r8,101,9,7,CF4zR_NaAck,1,0
20261008,UCSes4X8uDrpc4X46hJKjejg,YHtB62qU1r8,101,9,7,CFmrsSxBIkU,1,0
20261008,UCSes4X8uDrpc4X46hJKjejg,YHtB62qU1r8,101,2,7,CMwbRBeGvco,4,0
20261008,UCSes4X8uDrpc4X46hJKjejg,YHtB62qU1r8,101,9,7,ChDF420SIuc,1,0
20261008,UCSes4X8uDrpc4X46hJKjejg,YHtB62qU1r8,104,5,7,ChDF420SIuc,1,0
20261008,UCSes4X8uDrpc4X46hJKjejg,YHtB62qU1r8,101,2,7,CiPiFtFSM8c,5,0
20261008,UCSes4X8uDrpc4X46hJKjejg,YHtB62qU1r8,104,4,7,CiPiFtFSM8c,2,0
20261008,UCSes4X8uDrpc4X46hJKjejg,YHtB62qU1r8,104,5,7,CiPiFtFSM8c,3,0
20261008,UCSes4X8uDrpc4X46hJKjejg,YHtB62qU1r8,101,2,7,Cng3bU8OGVs,6,0
20261008,UCSes4X8uDrpc4X46hJKjejg,YHtB62qU1r8,101,9,7,Cng3bU8OGVs,2,0
20261008,UCSes4X8uDrpc4X46hJKjejg,YHtB62qU1r8,103,10,7,Cng3bU8OGVs,2,0
20261008,UCSes4X8uDrpc4X46hJKjejg,YHtB62qU1r8,104,4,7,Cng3bU8OGVs,1,0
20261008,UCSes4X8uDrpc4X46hJKjejg,YHtB62qU1r8,104,5,7,Cng3bU8OGVs,2,0
20261008,UCSes4X8uDrpc4X46hJKjejg,YHtB62qU1r8,104,5,7,D0y6s9XqgQs,1,0
20261008,UCSes4X8uDrpc4X46hJKjejg,YHtB62qU1r8,101,9,7,D8Pdvd3j_cA,1,0
20261008,UCSes4X8uDrpc4X46hJKjejg,YHtB62qU1r8,104,4,7,D8Pdvd3j_cA,1,0
20261008,UCSes4X8uDrpc4X46hJKjejg,YHtB62qU1r8,101,9,7,DDQX5xO9OpE,2,0
20261008,UCSes4X8uDrpc4X46hJKjejg,YHtB62qU1r8,104,4,7,DKcyOM-CnB8,1,0
20261008,UCSes4X8uDrpc4X46hJKjejg,YHtB62qU1r8,104,4,7,DOOfhIzlnqQ,1,0
20261008,UCSes4X8uDrpc4X46hJKjejg,YHtB62qU1r8,101,1,7,DTHEQ7FSJ3E,1,0
20261008,UCSes4X8uDrpc4X46hJKjejg,YHtB62qU1r8,101,2,7,DTHEQ7FSJ3E,2,0
20261008,UCSes4X8uDrpc4X46hJKjejg,YHtB62qU1r8,101,9,7,DTHEQ7FSJ3E,2,0
20261008,UCSes4X8uDrpc4X46hJKjejg,YHtB62qU1r8,101,9,7,DX5NwBX-hDU,2,0
20261008,UCSes4X8uDrpc4X46hJKjejg,YHtB62qU1r8,104,4,7,DX5NwBX-hDU,1,0
20261008,UCSes4X8uDrpc4X46hJKjejg,YHtB62qU1r8,104,5,7,DX5NwBX-hDU,1,0
20261008,UCSes4X8uDrpc4X46hJKjejg,YHtB62qU1r8,101,1,7,DZPQFqs_ye0,1,0
20261008,UCSes4X8uDrpc4X46hJKjejg,YHtB62qU1r8,101,2,7,DZPQFqs_ye0,5,0
20261008,UCSes4X8uDrpc4X46hJKjejg,YHtB62qU1r8,101,9,7,DZPQFqs_ye0,3,0
20261008,UCSes4X8uDrpc4X46hJKjejg,YHtB62qU1r8,102,29,7,DZPQFqs_ye0,1,0
20261008,UCSes4X8uDrpc4X46hJKjejg,YHtB62qU1r8,103,10,7,DZPQFqs_ye0,1,0
20261008,UCSes4X8uDrpc4X46hJKjejg,YHtB62qU1r8,104,4,7,DZPQFqs_ye0,6,0
20261008,UCSes4X8uDrpc4X46hJKjejg,YHtB62qU1r8,104,5,7,DZPQFqs_ye0,2,0
20261008,UCSes4X8uDrpc4X46hJKjejg,YHtB62qU1r8,104,4,7,Dd8feF6fDJQ,1,0
20261008,UCSes4X8uDrpc4X46hJKjejg,YHtB62qU1r8,104,5,7,Dd8feF6fDJQ,1,0
20261008,UCSes4X8uDrpc4X46hJKjejg,YHtB62qU1r8,101,2,7,Dkw-gxxDqiM,1,0
20261008,UCSes4X8uDrpc4X46hJKjejg,YHtB62qU1r8,101,2,7,DrgMv5FvUlE,1,0
20261008,UCSes4X8uDrpc4X46hJKjejg,YHtB62qU1r8,101,9,7,EF9eBnsq0VE,1,0
20261008,UCSes4X8uDrpc4X46hJKjejg,YHtB62qU1r8,104,5,7,ESk2Rp8Hg9A,1,0
20261008,UCSes4X8uDrpc4X46hJKjejg,YHtB62qU1r8,104,4,7,ETkdGPO0rj8,1,1
20261008,UCSes4X8uDrpc4X46hJKjejg,YHtB62qU1r8,104,5,7,EUowq3OiZow,1,0
20261008,UCSes4X8uDrpc4X46hJKjejg,YHtB62qU1r8,101,2,7,Eaf4F8sE4gI,1,0
20261008,UCSes4X8uDrpc4X46hJKjejg,YHtB62qU1r8,102,19,7,Eaf6cje0GpY,1,0
20261008,UCSes4X8uDrpc4X46hJKjejg,YHtB62qU1r8,104,4,7,Edb0IpghbZU,1,0
20261008,UCSes4X8uDrpc4X46hJKjejg,YHtB62qU1r8,104,4,7,EgkG9mFZb2g,1,0
20261008,UCSes4X8uDrpc4X46hJKjejg,YHtB62qU1r8,101,30,7,Ejq96lrdkI8,1,0
20261008,UCSes4X8uDrpc4X46hJKjejg,YHtB62qU1r8,101,2,7,F0sfmMI3Rd0,1,0
20261008,UCSes4X8uDrpc4X46hJKjejg,YHtB62qU1r8,101,2,7,F0vKM7MjrLU,4,0
20261008,UCSes4X8uDrpc4X46hJKjejg,YHtB62qU1r8,101,9,7,F0vKM7MjrLU,1,0
20261008,UCSes4X8uDrpc4X46hJKjejg,YHtB62qU1r8,104,5,7,F0vKM7MjrLU,1,0
20261008,UCSes4X8uDrpc4X46hJKjejg,YHtB62qU1r8,105,5,7,F0vKM7MjrLU,1,0
20261008,UCSes4X8uDrpc4X46hJKjejg,YHtB62qU1r8,101,2,7,FDiofXkgmkA,1,0
20261008,UCSes4X8uDrpc4X46hJKjejg,YHtB62qU1r8,101,9,7,FDiofXkgmkA,1,0
20261008,UCSes4X8uDrpc4X46hJKjejg,YHtB62qU1r8,104,4,7,FDiofXkgmkA,1,0
20261008,UCSes4X8uDrpc4X46hJKjejg,YHtB62qU1r8,104,5,7,FDiofXkgmkA,4,0
20261008,UCSes4X8uDrpc4X46hJKjejg,YHtB62qU1r8,104,4,7,FH0jt-VfQlw,1,0
20261008,UCSes4X8uDrpc4X46hJKjejg,YHtB62qU1r8,101,2,7,FIF7C2ktqo8,1,0
20261008,UCSes4X8uDrpc4X46hJKjejg,YHtB62qU1r8,101,2,7,FMAyz3ozJos,1,0
20261008,UCSes4X8uDrpc4X46hJKjejg,YHtB62qU1r8,104,4,7,FVgHswN7Vts,1,0
20261008,UCSes4X8uDrpc4X46hJKjejg,YHtB62qU1r8,104,5,7,FXX_QCiXNno,1,0
20261008,UCSes4X8uDrpc4X46hJKjejg,YHtB62qU1r8,101,2,7,FgVjSZjQR54,1,0
20261008,UCSes4X8uDrpc4X46hJKjejg,YHtB62qU1r8,101,9,7,FgVjSZjQR54,1,1
20261008,UCSes4X8uDrpc4X46hJKjejg,YHtB62qU1r8,104,4,7,FgVjSZjQR54,1,0
20261008,UCSes4X8uDrpc4X46hJKjejg,YHtB62qU1r8,104,4,7,Fl13HMFC4mA,1,0
20261008,UCSes4X8uDrpc4X46hJKjejg,YHtB62qU1r8,104,5,7,FqBvkaybsg8,1,0
20261008,UCSes4X8uDrpc4X46hJKjejg,YHtB62qU1r8,101,2,7,G0kLuXKgfGM,1,1
20261008,UCSes4X8uDrpc4X46hJKjejg,YHtB62qU1r8,104,4,7,G0kLuXKgfGM,2,0
20261008,UCSes4X8uDrpc4X46hJKjejg,YHtB62qU1r8,104,5,7,G0kLuXKgfGM,1,0
20261008,UCSes4X8uDrpc4X46hJKjejg,YHtB62qU1r8,104,4,7,G3xEd3_reW0,1,0
20261008,UCSes4X8uDrpc4X46hJKjejg,YHtB62qU1r8,104,5,7,G3xEd3_reW0,1,0
20261008,UCSes4X8uDrpc4X46hJKjejg,YHtB62qU1r8,101,2,7,G6njfPvlnVs,2,1
20261008,UCSes4X8uDrpc4X46hJKjejg,YHtB62qU1r8,101,9,7,G6njfPvlnVs,2,0
20261008,UCSes4X8uDrpc4X46hJKjejg,YHtB62qU1r8,101,30,7,G6njfPvlnVs,1,0
20261008,UCSes4X8uDrpc4X46hJKjejg,YHtB62qU1r8,102,12,7,G6njfPvlnVs,1,0
20261008,UCSes4X8uDrpc4X46hJKjejg,YHtB62qU1r8,104,4,7,G6njfPvlnVs,4,0
20261008,UCSes4X8uDrpc4X46hJKjejg,YHtB62qU1r8,104,5,7,G6njfPvlnVs,3,0
20261008,UCSes4X8uDrpc4X46hJKjejg,YHtB62qU1r8,104,5,7,G9nx6fl9lrs,1,0
20261008,UCSes4X8uDrpc4X46hJKjejg,YHtB62qU1r8,104,5,7,GFB8G2f1ARk,1,0
20261008,UCSes4X8uDrpc4X46hJKjejg,YHtB62qU1r8,104,4,7,GKXpS5GP0Jc,2,0
20261008,UCSes4X8uDrpc4X46hJKjejg,YHtB62qU1r8,101,2,7,GNWBOl3uFF4,8,0
20261008,UCSes4X8uDrpc4X46hJKjejg,YHtB62qU1r8,101,9,7,GNWBOl3uFF4,7,0.14285714285714285
20261008,UCSes4X8uDrpc4X46hJKjejg,YHtB62qU1r8,102,4,7,GNWBOl3uFF4,3,0
20261008,UCSes4X8uDrpc4X46hJKjejg,YHtB62qU1r8,102,19,7,GNWBOl3uFF4,2,0
20261008,UCSes4X8uDrpc4X46hJKjejg,YHtB62qU1r8,104,4,7,GNWBOl3uFF4,13,0.23076923076923078
20261008,UCSes4X8uDrpc4X46hJKjejg,YHtB62qU1r8,104,5,7,GNWBOl3uFF4,17,0.11764705882352941
20261008,UCSes4X8uDrpc4X46hJKjejg,YHtB62qU1r8,101,2,7,GRdUT3KPJh0,1,0
20261008,UCSes4X8uDrpc4X46hJKjejg,YHtB62qU1r8,104,5,7,GTZNfWya1Dk,1,0
20261008,UCSes4X8uDrpc4X46hJKjejg,YHtB62qU1r8,101,2,7,GeZMXx9Qia8,1,0
20261008,UCSes4X8uDrpc4X46hJKjejg,YHtB62qU1r8,104,5,7,GhhyyXedr-Y,1,0
20261008,UCSes4X8uDrpc4X46hJKjejg,YHtB62qU1r8,104,4,7,GpgldBY_Qng,1,0
20261008,UCSes4X8uDrpc4X46hJKjejg,YHtB62qU1r8,101,2,7,GwcpssQ1rwA,2,0
20261008,UCSes4X8uDrpc4X46hJKjejg,YHtB62qU1r8,101,9,7,GwcpssQ1rwA,1,0
20261008,UCSes4X8uDrpc4X46hJKjejg,YHtB62qU1r8,104,5,7,GwcpssQ1rwA,4,0
20261008,UCSes4X8uDrpc4X46hJKjejg,YHtB62qU1r8,104,4,7,H093oNvkByc,1,0
20261008,UCSes4X8uDrpc4X46hJKjejg,YHtB62qU1r8,101,2,7,H1_ToUL_GYo,1,0
20261008,UCSes4X8uDrpc4X46hJKjejg,YHtB62qU1r8,104,5,7,H1kjaCyTzXg,1,0
20261008,UCSes4X8uDrpc4X46hJKjejg,YHtB62qU1r8,101,2,7,H4GToMJ4JcI,2,0
20261008,UCSes4X8uDrpc4X46hJKjejg,YHtB62qU1r8,102,4,7,H4GToMJ4JcI,2,0
20261008,UCSes4X8uDrpc4X46hJKjejg,YHtB62qU1r8,104,4,7,H4GToMJ4JcI,3,0
20261008,UCSes4X8uDrpc4X46hJKjejg,YHtB62qU1r8,104,5,7,H4GToMJ4JcI,5,0
20261008,UCSes4X8uDrpc4X46hJKjejg,YHtB62qU1r8,104,5,7,H4lIsZYqfPg,1,0
20261008,UCSes4X8uDrpc4X46hJKjejg,YHtB62qU1r8,101,2,7,H6756n74iuY,4,0
20261008,UCSes4X8uDrpc4X46hJKjejg,YHtB62qU1r8,104,5,7,H6756n74iuY,2,0
20261008,UCSes4X8uDrpc4X46hJKjejg,YHtB62qU1r8,101,2,7,H6ejNqk63vg,1,0
20261008,UCSes4X8uDrpc4X46hJKjejg,YHtB62qU1r8,104,5,7,HLLNmqOFf3c,1,0
20261008,UCSes4X8uDrpc4X46hJKjejg,YHtB62qU1r8,104,4,7,Hb8LAIfpnI0,2,0
20261008,UCSes4X8uDrpc4X46hJKjejg,YHtB62qU1r8,104,5,7,Hb8LAIfpnI0,1,0
20261008,UCSes4X8uDrpc4X46hJKjejg,YHtB62qU1r8,104,5,7,HfJroT_Ptac,1,0
20261008,UCSes4X8uDrpc4X46hJKjejg,YHtB62qU1r8,101,2,7,HrK2jCTevJU,1,0
20261008,UCSes4X8uDrpc4X46hJKjejg,YHtB62qU1r8,104,5,7,HrK2jCTevJU,1,0
20261008,UCSes4X8uDrpc4X46hJKjejg,YHtB62qU1r8,101,2,7,HsJ2dA7tr7g,1,0
20261008,UCSes4X8uDrpc4X46hJKjejg,YHtB62qU1r8,102,12,7,HsJ2dA7tr7g,1,0
20261008,UCSes4X8uDrpc4X46hJKjejg,YHtB62qU1r8,104,4,7,HsJ2dA7tr7g,3,0
20261008,UCSes4X8uDrpc4X46hJKjejg,YHtB62qU1r8,104,5,7,HsJ2dA7tr7g,5,0
20261008,UCSes4X8uDrpc4X46hJKjejg,YHtB62qU1r8,105,5,7,HsJ2dA7tr7g,1,0
20261008,UCSes4X8uDrpc4X46hJKjejg,YHtB62qU1r8,101,9,7,HwVivh1ogUM,1,0
20261008,UCSes4X8uDrpc4X46hJKjejg,YHtB62qU1r8,104,4,7,HztmYYGwunA,1,0
20261008,UCSes4X8uDrpc4X46hJKjejg,YHtB62qU1r8,104,4,7,I4av4H6qgYE,1,0
20261008,UCSes4X8uDrpc4X46hJKjejg,YHtB62qU1r8,104,4,7,IJYYRHN-Fk0,2,0
20261008,UCSes4X8uDrpc4X46hJKjejg,YHtB62qU1r8,101,2,7,ILnEKwIJBos,1,0
20261008,UCSes4X8uDrpc4X46hJKjejg,YHtB62qU1r8,104,5,7,ILnEKwIJBos,1,1
20261008,UCSes4X8uDrpc4X46hJKjejg,YHtB62qU1r8,101,2,7,IOWq8mO8Qyg,1,0
20261008,UCSes4X8uDrpc4X46hJKjejg,YHtB62qU1r8,101,2,7,IZIh3-OkaXc,1,0
20261008,UCSes4X8uDrpc4X46hJKjejg,YHtB62qU1r8,101,9,7,Ie2mk6ucVHo,2,0
20261008,UCSes4X8uDrpc4X46hJKjejg,YHtB62qU1r8,104,5,7,Ie2mk6ucVHo,2,0
20261008,UCSes4X8uDrpc4X46hJKjejg,YHtB62qU1r8,105,5,7,Ie2mk6ucVHo,1,0
20261008,UCSes4X8uDrpc4X46hJKjejg,YHtB62qU1r8,101,2,7,IijHaTsFlLY,4,0
20261008,UCSes4X8uDrpc4X46hJKjejg,YHtB62qU1r8,101,9,7,IijHaTsFlLY,2,0
20261008,UCSes4X8uDrpc4X46hJKjejg,YHtB62qU1r8,104,5,7,IijHaTsFlLY,5,0
20261008,UCSes4X8uDrpc4X46hJKjejg,YHtB62qU1r8,102,4,7,IjVuloXX5C0,1,0
20261008,UCSes4X8uDrpc4X46hJKjejg,YHtB62qU1r8,104,4,7,IjVuloXX5C0,2,0
20261008,UCSes4X8uDrpc4X46hJKjejg,YHtB62qU1r8,104,5,7,IjVuloXX5C0,1,0
20261008,UCSes4X8uDrpc4X46hJKjejg,YHtB62qU1r8,104,4,7,InMzPIuFQuE,1,1
20261008,UCSes4X8uDrpc4X46hJKjejg,YHtB62qU1r8,104,5,7,InMzPIuFQuE,1,0
20261008,UCSes4X8uDrpc4X46hJKjejg,YHtB62qU1r8,101,2,7,Io7vdPaBEGo,10,0
20261008,UCSes4X8uDrpc4X46hJKjejg,YHtB62qU1r8,101,9,7,Io7vdPaBEGo,2,0
20261008,UCSes4X8uDrpc4X46hJKjejg,YHtB62qU1r8,102,19,7,Io7vdPaBEGo,1,0
20261008,UCSes4X8uDrpc4X46hJKjejg,YHtB62qU1r8,104,4,7,Io7vdPaBEGo,5,0
20261008,UCSes4X8uDrpc4X46hJKjejg,YHtB62qU1r8,104,5,7,Io7vdPaBEGo,4,0
20261008,UCSes4X8uDrpc4X46hJKjejg,YHtB62qU1r8,104,4,7,IrXX-cwkWqI,1,0
20261008,UCSes4X8uDrpc4X46hJKjejg,YHtB62qU1r8,104,4,7,Iu4fUEU3u5k,1,0
20261008,UCSes4X8uDrpc4X46hJKjejg,YHtB62qU1r8,104,5,7,IwOmZ9S82Jk,1,0
20261008,UCSes4X8uDrpc4X46hJKjejg,YHtB62qU1r8,101,1,7,Ix5BhuvzbLk,1,0
20261008,UCSes4X8uDrpc4X46hJKjejg,YHtB62qU1r8,101,2,7,Ix5BhuvzbLk,1,0
20261008,UCSes4X8uDrpc4X46hJKjejg,YHtB62qU1r8,104,4,7,Ix5BhuvzbLk,1,0
20261008,UCSes4X8uDrpc4X46hJKjejg,YHtB62qU1r8,104,5,7,Ix5BhuvzbLk,1,0
20261008,UCSes4X8uDrpc4X46hJKjejg,YHtB62qU1r8,101,2,7,J2JDi--GlJ8,1,0
20261008,UCSes4X8uDrpc4X46hJKjejg,YHtB62qU1r8,101,2,7,J7ZDHyF0qEc,2,0
20261008,UCSes4X8uDrpc4X46hJKjejg,YHtB62qU1r8,101,9,7,J7ZDHyF0qEc,1,0
20261008,UCSes4X8uDrpc4X46hJKjejg,YHtB62qU1r8,104,4,7,J7ZDHyF0qEc,10,0.1
20261008,UCSes4X8uDrpc4X46hJKjejg,YHtB62qU1r8,104,5,7,J7ZDHyF0qEc,15,0.066666666666666666
20261008,UCSes4X8uDrpc4X46hJKjejg,YHtB62qU1r8,105,5,7,J7ZDHyF0qEc,1,0
20261008,UCSes4X8uDrpc4X46hJKjejg,YHtB62qU1r8,101,2,7,J8K__AxdU70,1,0
20261008,UCSes4X8uDrpc4X46hJKjejg,YHtB62qU1r8,101,9,7,JEsdbN2KJxc,1,0
20261008,UCSes4X8uDrpc4X46hJKjejg,YHtB62qU1r8,101,2,7,JT0scXXgskw,1,0
20261008,UCSes4X8uDrpc4X46hJKjejg,YHtB62qU1r8,101,9,7,JT0scXXgskw,3,0
20261008,UCSes4X8uDrpc4X46hJKjejg,YHtB62qU1r8,102,31,7,JT0scXXgskw,1,0
20261008,UCSes4X8uDrpc4X46hJKjejg,YHtB62qU1r8,104,4,7,JT0scXXgskw,1,0
20261008,UCSes4X8uDrpc4X46hJKjejg,YHtB62qU1r8,104,5,7,JT0scXXgskw,1,0
20261008,UCSes4X8uDrpc4X46hJKjejg,YHtB62qU1r8,104,4,7,JZ7N7vc_pRs,2,0
20261008,UCSes4X8uDrpc4X46hJKjejg,YHtB62qU1r8,104,4,7,JeOG8XTjn9c,1,0
20261008,UCSes4X8uDrpc4X46hJKjejg,YHtB62qU1r8,104,4,7,JhEh0Z6i4Ns,1,1
20261008,UCSes4X8uDrpc4X46hJKjejg,YHtB62qU1r8,101,2,7,JoUVc8Cxu7s,1,0
20261008,UCSes4X8uDrpc4X46hJKjejg,YHtB62qU1r8,104,5,7,JqfNpLP406s,2,0
20261008,UCSes4X8uDrpc4X46hJKjejg,YHtB62qU1r8,104,4,7,Jw2mKxmtngs,1,0
20261008,UCSes4X8uDrpc4X46hJKjejg,YHtB62qU1r8,104,5,7,K-E1JqOJmLc,1,0
20261008,UCSes4X8uDrpc4X46hJKjejg,YHtB62qU1r8,104,4,7,K-aKDqLmZL0,1,0
20261008,UCSes4X8uDrpc4X46hJKjejg,YHtB62qU1r8,104,5,7,K-gVE-UD69E,1,0
20261008,UCSes4X8uDrpc4X46hJKjejg,YHtB62qU1r8,101,2,7,K40W1t_p2qU,1,0
20261008,UCSes4X8uDrpc4X46hJKjejg,YHtB62qU1r8,101,9,7,K48tJpcfJuc,1,0
20261008,UCSes4X8uDrpc4X46hJKjejg,YHtB62qU1r8,102,4,7,K48tJpcfJuc,1,0
20261008,UCSes4X8uDrpc4X46hJKjejg,YHtB62qU1r8,103,10,7,K48tJpcfJuc,1,0
20261008,UCSes4X8uDrpc4X46hJKjejg,YHtB62qU1r8,104,5,7,K48tJpcfJuc,1,0
20261008,UCSes4X8uDrpc4X46hJKjejg,YHtB62qU1r8,104,4,7,K7Nyj9dyqcg,1,0
20261008,UCSes4X8uDrpc4X46hJKjejg,YHtB62qU1r8,104,4,7,K7X6DFglfAg,1,0
20261008,UCSes4X8uDrpc4X46hJKjejg,YHtB62qU1r8,101,2,7,K9wbxmzlk5g,1,0
20261008,UCSes4X8uDrpc4X46hJKjejg,YHtB62qU1r8,101,9,7,KBCRssuC5RA,1,0
20261008,UCSes4X8uDrpc4X46hJKjejg,YHtB62qU1r8,101,1,7,KDWV53ZoO9U,1,0
20261008,UCSes4X8uDrpc4X46hJKjejg,YHtB62qU1r8,101,2,7,KDWV53ZoO9U,5,0
20261008,UCSes4X8uDrpc4X46hJKjejg,YHtB62qU1r8,101,9,7,KDWV53ZoO9U,2,0
20261008,UCSes4X8uDrpc4X46hJKjejg,YHtB62qU1r8,104,4,7,KDWV53ZoO9U,2,0
20261008,UCSes4X8uDrpc4X46hJKjejg,YHtB62qU1r8,104,5,7,KDWV53ZoO9U,4,0
20261008,UCSes4X8uDrpc4X46hJKjejg,YHtB62qU1r8,105,5,7,KDWV53ZoO9U,3,0
20261008,UCSes4X8uDrpc4X46hJKjejg,YHtB62qU1r8,101,2,7,KKsGcmxNTPg,1,0
20261008,UCSes4X8uDrpc4X46hJKjejg,YHtB62qU1r8,104,5,7,KKsGcmxNTPg,1,1
20261008,UCSes4X8uDrpc4X46hJKjejg,YHtB62qU1r8,101,9,7,KRCs9Bo1nMo,1,0
20261008,UCSes4X8uDrpc4X46hJKjejg,YHtB62qU1r8,101,9,7,KtGLEqNjF7o,1,0
20261008,UCSes4X8uDrpc4X46hJKjejg,YHtB62qU1r8,101,2,7,KyuInGiJH5g,2,0
20261008,UCSes4X8uDrpc4X46hJKjejg,YHtB62qU1r8,101,9,7,KyuInGiJH5g,1,0
20261008,UCSes4X8uDrpc4X46hJKjejg,YHtB62qU1r8,104,4,7,KyuInGiJH5g,3,0.33333333333333331
20261008,UCSes4X8uDrpc4X46hJKjejg,YHtB62qU1r8,101,2,7,L0CAlGUFFHE,15,0
20261008,UCSes4X8uDrpc4X46hJKjejg,YHtB62qU1r8,101,9,7,L0CAlGUFFHE,10,0.1
20261008,UCSes4X8uDrpc4X46hJKjejg,YHtB62qU1r8,101,30,7,L0CAlGUFFHE,2,0
20261008,UCSes4X8uDrpc4X46hJKjejg,YHtB62qU1r8,104,4,7,L0CAlGUFFHE,10,0
20261008,UCSes4X8uDrpc4X46hJKjejg,YHtB62qU1r8,104,5,7,L0CAlGUFFHE,4,0
20261008,UCSes4X8uDrpc4X46hJKjejg,YHtB62qU1r8,105,5,7,L0CAlGUFFHE,2,0
20261008,UCSes4X8uDrpc4X46hJKjejg,YHtB62qU1r8,101,9,7,LDw0gfoJGPU,1,0
20261008,UCSes4X8uDrpc4X46hJKjejg,YHtB62qU1r8,104,5,7,LITvyuDKImM,1,0
20261008,UCSes4X8uDrpc4X46hJKjejg,YHtB62qU1r8,101,2,7,LLltNoSqhHc,1,0
20261008,UCSes4X8uDrpc4X46hJKjejg,YHtB62qU1r8,102,19,7,LLltNoSqhHc,1,0
20261008,UCSes4X8uDrpc4X46hJKjejg,YHtB62qU1r8,104,4,7,LZQ-LJ06Zv4,2,0
20261008,UCSes4X8uDrpc4X46hJKjejg,YHtB62qU1r8,104,4,7,La6Y43wa5yk,1,0
20261008,UCSes4X8uDrpc4X46hJKjejg,YHtB62qU1r8,101,2,7,LbXkviWPnkw,1,0
20261008,UCSes4X8uDrpc4X46hJKjejg,YHtB62qU1r8,101,2,7,LdOM0x0XDMo,1,0
20261008,UCSes4X8uDrpc4X46hJKjejg,YHtB62qU1r8,104,4,7,LeXqLMlG_lo,1,0
20261008,UCSes4X8uDrpc4X46hJKjejg,YHtB62qU1r8,101,9,7,LjEoK9um-CA,1,0
20261008,UCSes4X8uDrpc4X46hJKjejg,YHtB62qU1r8,104,4,7,LjEoK9um-CA,3,0
20261008,UCSes4X8uDrpc4X46hJKjejg,YHtB62qU1r8,104,5,7,LjEoK9um-CA,1,0
20261008,UCSes4X8uDrpc4X46hJKjejg,YHtB62qU1r8,101,9,7,LoFU5kr6npM,1,0
20261008,UCSes4X8uDrpc4X46hJKjejg,YHtB62qU1r8,104,5,7,LqZNgvOyBsc,1,0
20261008,UCSes4X8uDrpc4X46hJKjejg,YHtB62qU1r8,104,4,7,LqxvSzqWd2A,1,0
20261008,UCSes4X8uDrpc4X46hJKjejg,YHtB62qU1r8,101,2,7,LwvMw919_84,2,0
20261008,UCSes4X8uDrpc4X46hJKjejg,YHtB62qU1r8,101,2,7,Ly6MpxjKV0A,2,0
20261008,UCSes4X8uDrpc4X46hJKjejg,YHtB62qU1r8,101,9,7,Ly6MpxjKV0A,1,0
20261008,UCSes4X8uDrpc4X46hJKjejg,YHtB62qU1r8,104,4,7,Ly6MpxjKV0A,3,0.33333333333333331
20261008,UCSes4X8uDrpc4X46hJKjejg,YHtB62qU1r8,104,5,7,Ly6MpxjKV0A,4,0
20261008,UCSes4X8uDrpc4X46hJKjejg,YHtB62qU1r8,104,4,7,Ly8Y-SLNDrA,1,0
20261008,UCSes4X8uDrpc4X46hJKjejg,YHtB62qU1r8,101,2,7,M5E_nvV0GUE,1,0
20261008,UCSes4X8uDrpc4X46hJKjejg,YHtB62qU1r8,101,2,7,MBgG4JThoL8,2,0
20261008,UCSes4X8uDrpc4X46hJKjejg,YHtB62qU1r8,104,5,7,MH9qUJezEjw,1,0
20261008,UCSes4X8uDrpc4X46hJKjejg,YHtB62qU1r8,104,5,7,MX_YvEOd3rc,2,0
20261008,UCSes4X8uDrpc4X46hJKjejg,YHtB62qU1r8,104,4,7,M_qczvAMI6U,1,0
20261008,UCSes4X8uDrpc4X46hJKjejg,YHtB62qU1r8,101,2,7,Mr8Ac5WfzqI,1,0
20261008,UCSes4X8uDrpc4X46hJKjejg,YHtB62qU1r8,104,5,7,N3W73SxFtAA,1,0
20261008,UCSes4X8uDrpc4X46hJKjejg,YHtB62qU1r8,104,5,7,N7uVzGK4zUo,1,0
20261008,UCSes4X8uDrpc4X46hJKjejg,YHtB62qU1r8,101,2,7,NEgEU7k30ok,1,0
20261008,UCSes4X8uDrpc4X46hJKjejg,YHtB62qU1r8,104,4,7,NJbdYqhqetk,1,0
20261008,UCSes4X8uDrpc4X46hJKjejg,YHtB62qU1r8,104,5,7,NNYpiw881IA,1,0
20261008,UCSes4X8uDrpc4X46hJKjejg,YHtB62qU1r8,104,5,7,NOsjK89UQoA,1,0
20261008,UCSes4X8uDrpc4X46hJKjejg,YHtB62qU1r8,104,5,7,NWmJdPnORyE,1,0
20261008,UCSes4X8uDrpc4X46hJKjejg,YHtB62qU1r8,104,5,7,NYDGA3sVQrA,1,0
20261008,UCSes4X8uDrpc4X46hJKjejg,YHtB62qU1r8,104,4,7,NeSIGQdlK_U,1,1
20261008,UCSes4X8uDrpc4X46hJKjejg,YHtB62qU1r8,104,4,7,NnGXN8qNeTM,1,0
20261008,UCSes4X8uDrpc4X46hJKjejg,YHtB62qU1r8,101,9,7,No-JPdFvYWU,1,0
20261008,UCSes4X8uDrpc4X46hJKjejg,YHtB62qU1r8,104,5,7,NpWojSUGDl0,1,0
20261008,UCSes4X8uDrpc4X46hJKjejg,YHtB62qU1r8,104,5,7,NrcUgZlhey8,1,0
20261008,UCSes4X8uDrpc4X46hJKjejg,YHtB62qU1r8,101,2,7,Nv9-WTj0g4s,1,0
20261008,UCSes4X8uDrpc4X46hJKjejg,YHtB62qU1r8,104,5,7,Nv9-WTj0g4s,1,0
20261008,UCSes4X8uDrpc4X46hJKjejg,YHtB62qU1r8,104,4,7,O2x_Is7zDOU,1,0
20261008,UCSes4X8uDrpc4X46hJKjejg,YHtB62qU1r8,101,2,7,O8wCOUcovYQ,3,0
20261008,UCSes4X8uDrpc4X46hJKjejg,YHtB62qU1r8,102,29,7,O8wCOUcovYQ,1,0
20261008,UCSes4X8uDrpc4X46hJKjejg,YHtB62qU1r8,104,4,7,O8wCOUcovYQ,2,0
20261008,UCSes4X8uDrpc4X46hJKjejg,YHtB62qU1r8,104,5,7,O8wCOUcovYQ,1,0
20261008,UCSes4X8uDrpc4X46hJKjejg,YHtB62qU1r8,104,5,7,OBu6BlBBAxM,1,0
20261008,UCSes4X8uDrpc4X46hJKjejg,YHtB62qU1r8,101,2,7,OKGTa1eqlX0,1,0
20261008,UCSes4X8uDrpc4X46hJKjejg,YHtB62qU1r8,104,4,7,OKGTa1eqlX0,1,0
20261008,UCSes4X8uDrpc4X46hJKjejg,YHtB62qU1r8,104,5,7,OKGTa1eqlX0,7,0
20261008,UCSes4X8uDrpc4X46hJKjejg,YHtB62qU1r8,104,5,7,OXahqDyStlM,1,0
20261008,UCSes4X8uDrpc4X46hJKjejg,YHtB62qU1r8,101,30,7,Oh9TDvcmnOU,1,0
20261008,UCSes4X8uDrpc4X46hJKjejg,YHtB62qU1r8,101,2,7,OoxVJwwVQ_M,1,0
20261008,UCSes4X8uDrpc4X46hJKjejg,YHtB62qU1r8,104,5,7,OoxVJwwVQ_M,1,0
20261008,UCSes4X8uDrpc4X46hJKjejg,YHtB62qU1r8,104,4,7,OquNdkB5UZ8,1,0
20261008,UCSes4X8uDrpc4X46hJKjejg,YHtB62qU1r8,101,9,7,Os8okjX62pE,1,0
20261008,UCSes4X8uDrpc4X46hJKjejg,YHtB62qU1r8,104,5,7,Os8okjX62pE,1,1
20261008,UCSes4X8uDrpc4X46hJKjejg,YHtB62qU1r8,105,5,7,Os8okjX62pE,1,0
20261008,UCSes4X8uDrpc4X46hJKjejg,YHtB62qU1r8,104,5,7,OxVrNESVItA,1,0
20261008,UCSes4X8uDrpc4X46hJKjejg,YHtB62qU1r8,101,2,7,P-E7-UocupE,1,0
20261008,UCSes4X8uDrpc4X46hJKjejg,YHtB62qU1r8,104,5,7,P-E7-UocupE,2,0
20261008,UCSes4X8uDrpc4X46hJKjejg,YHtB62qU1r8,105,5,7,P-E7-UocupE,1,0
20261008,UCSes4X8uDrpc4X46hJKjejg,YHtB62qU1r8,104,5,7,P6j4C8RypeA,1,1
20261008,UCSes4X8uDrpc4X46hJKjejg,YHtB62qU1r8,104,4,7,PHh5iDPU1p4,1,0
20261008,UCSes4X8uDrpc4X46hJKjejg,YHtB62qU1r8,104,5,7,PHh5iDPU1p4,1,0
20261008,UCSes4X8uDrpc4X46hJKjejg,YHtB62qU1r8,101,2,7,PKmCCeegxbM,1,0
20261008,UCSes4X8uDrpc4X46hJKjejg,YHtB62qU1r8,104,5,7,PNdi1jJTt4c,1,0
20261008,UCSes4X8uDrpc4X46hJKjejg,YHtB62qU1r8,101,9,7,PPronyNRUrc,1,0
20261008,UCSes4X8uDrpc4X46hJKjejg,YHtB62qU1r8,104,4,7,PPronyNRUrc,3,0
20261008,UCSes4X8uDrpc4X46hJKjejg,YHtB62qU1r8,104,5,7,PZGEGPfoX_I,1,0
20261008,UCSes4X8uDrpc4X46hJKjejg,YHtB62qU1r8,104,5,7,Po9E_o4tgFc,1,0
20261008,UCSes4X8uDrpc4X46hJKjejg,YHtB62qU1r8,104,4,7,PtUlcRIH7kU,1,1
20261008,UCSes4X8uDrpc4X46hJKjejg,YHtB62qU1r8,105,5,7,PyH177qXsCA,1,0
20261008,UCSes4X8uDrpc4X46hJKjejg,YHtB62qU1r8,104,5,7,Q-AXSWoys34,1,0
20261008,UCSes4X8uDrpc4X46hJKjejg,YHtB62qU1r8,101,2,7,Q3UPSBhKfmE,1,0
20261008,UCSes4X8uDrpc4X46hJKjejg,YHtB62qU1r8,104,5,7,Q3UPSBhKfmE,1,0
20261008,UCSes4X8uDrpc4X46hJKjejg,YHtB62qU1r8,102,19,7,Q47WNuiLF-A,1,0
20261008,UCSes4X8uDrpc4X46hJKjejg,YHtB62qU1r8,104,4,7,QJ81nzKyIo8,1,0
20261008,UCSes4X8uDrpc4X46hJKjejg,YHtB62qU1r8,104,5,7,QZ6wW-4epTA,1,0
20261008,UCSes4X8uDrpc4X46hJKjejg,YHtB62qU1r8,101,1,7,QicImLC0vXA,1,0
20261008,UCSes4X8uDrpc4X46hJKjejg,YHtB62qU1r8,101,2,7,QmSKvDg8R7k,1,0
20261008,UCSes4X8uDrpc4X46hJKjejg,YHtB62qU1r8,102,4,7,QmSKvDg8R7k,1,0
20261008,UCSes4X8uDrpc4X46hJKjejg,YHtB62qU1r8,104,5,7,QrFD7D7Bt2A,1,0
20261008,UCSes4X8uDrpc4X46hJKjejg,YHtB62qU1r8,101,2,7,R3PYoMLLjsU,1,0
20261008,UCSes4X8uDrpc4X46hJKjejg,YHtB62qU1r8,101,2,7,R4RP21BADEg,1,0
20261008,UCSes4X8uDrpc4X46hJKjejg,YHtB62qU1r8,101,2,7,R7QsVBCaRoM,2,0
20261008,UCSes4X8uDrpc4X46hJKjejg,YHtB62qU1r8,104,4,7,RA4EiRPhzXQ,1,0
20261008,UCSes4X8uDrpc4X46hJKjejg,YHtB62qU1r8,104,4,7,RCduaFgmi2U,1,0
20261008,UCSes4X8uDrpc4X46hJKjejg,YHtB62qU1r8,104,5,7,RQDAXqOvqCw,1,0
20261008,UCSes4X8uDrpc4X46hJKjejg,YHtB62qU1r8,101,2,7,RVS7VkQHBbk,1,0
20261008,UCSes4X8uDrpc4X46hJKjejg,YHtB62qU1r8,101,2,7,RgB5Ub1GNUU,1,0
20261008,UCSes4X8uDrpc4X46hJKjejg,YHtB62qU1r8,101,30,7,RgB5Ub1GNUU,1,0
20261008,UCSes4X8uDrpc4X46hJKjejg,YHtB62qU1r8,104,4,7,RgB5Ub1GNUU,2,0
20261008,UCSes4X8uDrpc4X46hJKjejg,YHtB62qU1r8,104,5,7,Rl73WZoqKzE,1,0
20261008,UCSes4X8uDrpc4X46hJKjejg,YHtB62qU1r8,101,2,7,RnbbBZlm3Zo,1,0
20261008,UCSes4X8uDrpc4X46hJKjejg,YHtB62qU1r8,104,4,7,RnbbBZlm3Zo,2,0
20261008,UCSes4X8uDrpc4X46hJKjejg,YHtB62qU1r8,104,5,7,RnbbBZlm3Zo,2,0
20261008,UCSes4X8uDrpc4X46hJKjejg,YHtB62qU1r8,104,4,7,Rq8tgJAifIE,1,1
20261008,UCSes4X8uDrpc4X46hJKjejg,YHtB62qU1r8,101,9,7,Rrg7p78KrBk,1,0
20261008,UCSes4X8uDrpc4X46hJKjejg,YHtB62qU1r8,101,2,7,RwaME6eD5RM,1,1
20261008,UCSes4X8uDrpc4X46hJKjejg,YHtB62qU1r8,101,9,7,S2N1fmkovpQ,1,0
20261008,UCSes4X8uDrpc4X46hJKjejg,YHtB62qU1r8,104,4,7,S2_1D0C-tCw,1,0
20261008,UCSes4X8uDrpc4X46hJKjejg,YHtB62qU1r8,104,5,7,S2_1D0C-tCw,1,0
20261008,UCSes4X8uDrpc4X46hJKjejg,YHtB62qU1r8,101,2,7,S5_sUDosBLE,1,0
20261008,UCSes4X8uDrpc4X46hJKjejg,YHtB62qU1r8,101,2,7,SBE1fVmiVcg,1,0
20261008,UCSes4X8uDrpc4X46hJKjejg,YHtB62qU1r8,104,5,7,SK0D_NfXfjk,1,0
20261008,UCSes4X8uDrpc4X46hJKjejg,YHtB62qU1r8,101,2,7,SPOrtHAg6cM,1,0
20261008,UCSes4X8uDrpc4X46hJKjejg,YHtB62qU1r8,105,5,7,SPOrtHAg6cM,1,0
20261008,UCSes4X8uDrpc4X46hJKjejg,YHtB62qU1r8,104,5,7,SYTJ8WHDjJg,1,0
20261008,UCSes4X8uDrpc4X46hJKjejg,YHtB62qU1r8,104,4,7,SZLcCKTNqxI,1,0
20261008,UCSes4X8uDrpc4X46hJKjejg,YHtB62qU1r8,101,2,7,SaaPq_GTctE,1,0
20261008,UCSes4X8uDrpc4X46hJKjejg,YHtB62qU1r8,101,2,7,SbUJoxPdKY0,1,0
20261008,UCSes4X8uDrpc4X46hJKjejg,YHtB62qU1r8,101,30,7,SbUJoxPdKY0,1,0
20261008,UCSes4X8uDrpc4X46hJKjejg,YHtB62qU1r8,104,5,7,SbUJoxPdKY0,1,0
20261008,UCSes4X8uDrpc4X46hJKjejg,YHtB62qU1r8,101,9,7,SjkjaTI1g1c,1,0
20261008,UCSes4X8uDrpc4X46hJKjejg,YHtB62qU1r8,101,2,7,SoiI_gv8CRY,12,0.16666666666666666
20261008,UCSes4X8uDrpc4X46hJKjejg,YHtB62qU1r8,101,9,7,SoiI_gv8CRY,2,0.5
20261008,UCSes4X8uDrpc4X46hJKjejg,YHtB62qU1r8,102,26,7,SoiI_gv8CRY,1,0
20261008,UCSes4X8uDrpc4X46hJKjejg,YHtB62qU1r8,104,4,7,SoiI_gv8CRY,11,0.18181818181818182
20261008,UCSes4X8uDrpc4X46hJKjejg,YHtB62qU1r8,104,5,7,SoiI_gv8CRY,3,0.33333333333333331
20261008,UCSes4X8uDrpc4X46hJKjejg,YHtB62qU1r8,105,5,7,SoiI_gv8CRY,1,0
20261008,UCSes4X8uDrpc4X46hJKjejg,YHtB62qU1r8,104,4,7,SvmJ9b-hzik,1,0
20261008,UCSes4X8uDrpc4X46hJKjejg,YHtB62qU1r8,101,2,7,T97sCHI42Y0,1,0
20261008,UCSes4X8uDrpc4X46hJKjejg,YHtB62qU1r8,104,5,7,T97sCHI42Y0,2,0
20261008,UCSes4X8uDrpc4X46hJKjejg,YHtB62qU1r8,101,2,7,TC9lUk0bX4o,1,0
20261008,UCSes4X8uDrpc4X46hJKjejg,YHtB62qU1r8,101,2,7,TDqixsQNroE,1,1
20261008,UCSes4X8uDrpc4X46hJKjejg,YHtB62qU1r8,101,30,7,TDqixsQNroE,1,0
20261008,UCSes4X8uDrpc4X46hJKjejg,YHtB62qU1r8,102,4,7,TDqixsQNroE,1,0
20261008,UCSes4X8uDrpc4X46hJKjejg,YHtB62qU1r8,104,4,7,TDqixsQNroE,3,0
20261008,UCSes4X8uDrpc4X46hJKjejg,YHtB62qU1r8,104,5,7,TDqixsQNroE,3,0
20261008,UCSes4X8uDrpc4X46hJKjejg,YHtB62qU1r8,101,2,7,TIyuxdfUoV4,2,0
20261008,UCSes4X8uDrpc4X46hJKjejg,YHtB62qU1r8,104,4,7,TIyuxdfUoV4,3,0
20261008,UCSes4X8uDrpc4X46hJKjejg,YHtB62qU1r8,105,5,7,TIyuxdfUoV4,1,0
20261008,UCSes4X8uDrpc4X46hJKjejg,YHtB62qU1r8,101,2,7,TQs47M5XbJE,1,0
20261008,UCSes4X8uDrpc4X46hJKjejg,YHtB62qU1r8,101,9,7,TQs47M5XbJE,1,0
20261008,UCSes4X8uDrpc4X46hJKjejg,YHtB62qU1r8,102,4,7,TQs47M5XbJE,1,0
20261008,UCSes4X8uDrpc4X46hJKjejg,YHtB62qU1r8,101,2,7,TXNooXUzv3E,1,0
20261008,UCSes4X8uDrpc4X46hJKjejg,YHtB62qU1r8,104,5,7,TXffNZwXoiQ,1,0
20261008,UCSes4X8uDrpc4X46hJKjejg,YHtB62qU1r8,104,4,7,TYeT30c8bCw,1,0
20261008,UCSes4X8uDrpc4X46hJKjejg,YHtB62qU1r8,104,4,7,Te8yWgus2LA,1,0
20261008,UCSes4X8uDrpc4X46hJKjejg,YHtB62qU1r8,101,2,7,TkbxO951IcM,1,0
20261008,UCSes4X8uDrpc4X46hJKjejg,YHtB62qU1r8,104,5,7,TpP7dYcGJGg,1,0
20261008,UCSes4X8uDrpc4X46hJKjejg,YHtB62qU1r8,104,4,7,TsA7jxwiWZo,2,0
20261008,UCSes4X8uDrpc4X46hJKjejg,YHtB62qU1r8,104,4,7,U1DkNqLigak,1,0
20261008,UCSes4X8uDrpc4X46hJKjejg,YHtB62qU1r8,101,2,7,U1RajhBpl0o,4,0
20261008,UCSes4X8uDrpc4X46hJKjejg,YHtB62qU1r8,101,9,7,U1RajhBpl0o,3,0
20261008,UCSes4X8uDrpc4X46hJKjejg,YHtB62qU1r8,101,30,7,U1RajhBpl0o,1,0
20261008,UCSes4X8uDrpc4X46hJKjejg,YHtB62qU1r8,102,26,7,U1RajhBpl0o,1,0
20261008,UCSes4X8uDrpc4X46hJKjejg,YHtB62qU1r8,103,10,7,U1RajhBpl0o,2,0
20261008,UCSes4X8uDrpc4X46hJKjejg,YHtB62qU1r8,103,17,7,U1RajhBpl0o,1,0
20261008,UCSes4X8uDrpc4X46hJKjejg,YHtB62qU1r8,104,4,7,U1RajhBpl0o,5,0
20261008,UCSes4X8uDrpc4X46hJKjejg,YHtB62qU1r8,104,5,7,U1RajhBpl0o,10,0.1
20261008,UCSes4X8uDrpc4X46hJKjejg,YHtB62qU1r8,104,5,7,U3z3VR3ZeCg,1,0
20261008,UCSes4X8uDrpc4X46hJKjejg,YHtB62qU1r8,101,2,7,U4_klzP1Tc8,2,0
20261008,UCSes4X8uDrpc4X46hJKjejg,YHtB62qU1r8,104,4,7,U4_klzP1Tc8,1,0
20261008,UCSes4X8uDrpc4X46hJKjejg,YHtB62qU1r8,101,2,7,U6Ov_a2R6Lg,1,0
20261008,UCSes4X8uDrpc4X46hJKjejg,YHtB62qU1r8,104,5,7,U8X0ExqpdJo,1,0
20261008,UCSes4X8uDrpc4X46hJKjejg,YHtB62qU1r8,101,2,7,UBQ8DlxJny4,1,0
20261008,UCSes4X8uDrpc4X46hJKjejg,YHtB62qU1r8,104,5,7,UCAp24HDUKY,1,0
20261008,UCSes4X8uDrpc4X46hJKjejg,YHtB62qU1r8,104,4,7,UCKok5IIU1g,1,0
20261008,UCSes4X8uDrpc4X46hJKjejg,YHtB62qU1r8,104,4,7,UEEPP5D9tLk,2,0
20261008,UCSes4X8uDrpc4X46hJKjejg,YHtB62qU1r8,101,9,7,UEKO5Mr0oDE,1,0
20261008,UCSes4X8uDrpc4X46hJKjejg,YHtB62qU1r8,104,4,7,UEKO5Mr0oDE,2,0
20261008,UCSes4X8uDrpc4X46hJKjejg,YHtB62qU1r8,104,5,7,UEKO5Mr0oDE,2,0
20261008,UCSes4X8uDrpc4X46hJKjejg,YHtB62qU1r8,104,4,7,UGz0mLOGRZQ,1,0
20261008,UCSes4X8uDrpc4X46hJKjejg,YHtB62qU1r8,102,12,7,UOTLZp2F3zo,1,0
20261008,UCSes4X8uDrpc4X46hJKjejg,YHtB62qU1r8,101,30,7,UZ-1_NKq5Fg,1,0
20261008,UCSes4X8uDrpc4X46hJKjejg,YHtB62qU1r8,101,2,7,UrsUGnhQNik,1,0
20261008,UCSes4X8uDrpc4X46hJKjejg,YHtB62qU1r8,101,9,7,Ury9NGoWFyA,1,0
20261008,UCSes4X8uDrpc4X46hJKjejg,YHtB62qU1r8,104,4,7,UufhyUiCeD8,4,0
20261008,UCSes4X8uDrpc4X46hJKjejg,YHtB62qU1r8,104,4,7,Uvx0HGnAqfU,2,0
20261008,UCSes4X8uDrpc4X46hJKjejg,YHtB62qU1r8,104,4,7,V36hURSJ5IY,1,0
20261008,UCSes4X8uDrpc4X46hJKjejg,YHtB62qU1r8,101,9,7,VG3PNvlPOlk,2,0
20261008,UCSes4X8uDrpc4X46hJKjejg,YHtB62qU1r8,101,2,7,V_tqh3elTDQ,1,0
20261008,UCSes4X8uDrpc4X46hJKjejg,YHtB62qU1r8,104,4,7,V_tqh3elTDQ,1,0
20261008,UCSes4X8uDrpc4X46hJKjejg,YHtB62qU1r8,104,5,7,V_tqh3elTDQ,3,0
20261008,UCSes4X8uDrpc4X46hJKjejg,YHtB62qU1r8,101,1,7,VbhpjjqkBlA,1,0
20261008,UCSes4X8uDrpc4X46hJKjejg,YHtB62qU1r8,101,2,7,VjhH-mVpwk4,3,0
20261008,UCSes4X8uDrpc4X46hJKjejg,YHtB62qU1r8,101,2,7,VliOnDUzPwc,1,0
20261008,UCSes4X8uDrpc4X46hJKjejg,YHtB62qU1r8,104,5,7,VliOnDUzPwc,1,0
20261008,UCSes4X8uDrpc4X46hJKjejg,YHtB62qU1r8,104,5,7,VmTU48Kks1w,1,0
20261008,UCSes4X8uDrpc4X46hJKjejg,YHtB62qU1r8,101,1,7,VxP7hOgFY_I,1,0
20261008,UCSes4X8uDrpc4X46hJKjejg,YHtB62qU1r8,101,2,7,W1MFVrN7EaI,1,0
20261008,UCSes4X8uDrpc4X46hJKjejg,YHtB62qU1r8,104,4,7,W1MFVrN7EaI,1,0
20261008,UCSes4X8uDrpc4X46hJKjejg,YHtB62qU1r8,101,9,7,W1ni3QyXTu4,1,0
20261008,UCSes4X8uDrpc4X46hJKjejg,YHtB62qU1r8,101,2,7,W4GumeQVltI,1,0
20261008,UCSes4X8uDrpc4X46hJKjejg,YHtB62qU1r8,104,5,7,W4GumeQVltI,1,0
20261008,UCSes4X8uDrpc4X46hJKjejg,YHtB62qU1r8,104,4,7,W6hVs0nV-AY,1,0
20261008,UCSes4X8uDrpc4X46hJKjejg,YHtB62qU1r8,105,5,7,WB6FBEWvAgI,1,0
20261008,UCSes4X8uDrpc4X46hJKjejg,YHtB62qU1r8,101,9,7,WH3sYXA9jfk,1,0
20261008,UCSes4X8uDrpc4X46hJKjejg,YHtB62qU1r8,104,4,7,WH3sYXA9jfk,9,0.1111111111111111
20261008,UCSes4X8uDrpc4X46hJKjejg,YHtB62qU1r8,104,5,7,WH3sYXA9jfk,7,0
20261008,UCSes4X8uDrpc4X46hJKjejg,YHtB62qU1r8,101,9,7,WP5iBbM5f3A,1,0
20261008,UCSes4X8uDrpc4X46hJKjejg,YHtB62qU1r8,104,4,7,WRj_Z9XpMsQ,2,0
20261008,UCSes4X8uDrpc4X46hJKjejg,YHtB62qU1r8,104,4,7,WalzJaMTjwo,1,0
20261008,UCSes4X8uDrpc4X46hJKjejg,YHtB62qU1r8,104,4,7,WawhnsU4Dhg,1,1
20261008,UCSes4X8uDrpc4X46hJKjejg,YHtB62qU1r8,101,2,7,WeBp8iVmdUc,1,0
20261008,UCSes4X8uDrpc4X46hJKjejg,YHtB62qU1r8,101,2,7,WeIuz9CzvhM,2,0
20261008,UCSes4X8uDrpc4X46hJKjejg,YHtB62qU1r8,104,5,7,WfRqmDvJGJQ,1,0
20261008,UCSes4X8uDrpc4X46hJKjejg,YHtB62qU1r8,101,2,7,WgVqmgdkLYM,1,0
20261008,UCSes4X8uDrpc4X46hJKjejg,YHtB62qU1r8,101,2,7,WivbQB_cvc0,1,0
20261008,UCSes4X8uDrpc4X46hJKjejg,YHtB62qU1r8,104,4,7,WivbQB_cvc0,2,0
20261008,UCSes4X8uDrpc4X46hJKjejg,YHtB62qU1r8,104,5,7,Wm_IaLhSC7U,1,0
20261008,UCSes4X8uDrpc4X46hJKjejg,YHtB62qU1r8,101,2,7,Wn2oicmnGi0,1,0
20261008,UCSes4X8uDrpc4X46hJKjejg,YHtB62qU1r8,105,5,7,Wn2oicmnGi0,1,0
20261008,UCSes4X8uDrpc4X46hJKjejg,YHtB62qU1r8,101,9,7,WnQ4s6EXXiU,1,0
20261008,UCSes4X8uDrpc4X46hJKjejg,YHtB62qU1r8,101,9,7,WpnNH9mm1WA,1,0
20261008,UCSes4X8uDrpc4X46hJKjejg,YHtB62qU1r8,101,2,7,X2tyfIlocNg,1,0
20261008,UCSes4X8uDrpc4X46hJKjejg,YHtB62qU1r8,104,4,7,XM1_tpOsgqc,1,0
20261008,UCSes4X8uDrpc4X46hJKjejg,YHtB62qU1r8,102,1,7,XX5ppgOTBp8,1,0
20261008,UCSes4X8uDrpc4X46hJKjejg,YHtB62qU1r8,101,2,7,Xj4icUkwP2A,2,0
20261008,UCSes4X8uDrpc4X46hJKjejg,YHtB62qU1r8,104,4,7,Xnlo0vEmft4,2,0
20261008,UCSes4X8uDrpc4X46hJKjejg,YHtB62qU1r8,104,5,7,Xnlo0vEmft4,1,0
20261008,UCSes4X8uDrpc4X46hJKjejg,YHtB62qU1r8,101,2,7,Xp2o-sixtLQ,5,0
20261008,UCSes4X8uDrpc4X46hJKjejg,YHtB62qU1r8,101,9,7,Xp2o-sixtLQ,1,0
20261008,UCSes4X8uDrpc4X46hJKjejg,YHtB62qU1r8,104,4,7,Xp2o-sixtLQ,3,0
20261008,UCSes4X8uDrpc4X46hJKjejg,YHtB62qU1r8,104,5,7,Xp2o-sixtLQ,2,0
20261008,UCSes4X8uDrpc4X46hJKjejg,YHtB62qU1r8,102,19,7,Xp5kiWTLQDA,1,0
20261008,UCSes4X8uDrpc4X46hJKjejg,YHtB62qU1r8,101,2,7,XyZNAtpEWb8,4,0
20261008,UCSes4X8uDrpc4X46hJKjejg,YHtB62qU1r8,101,9,7,XyZNAtpEWb8,1,0
20261008,UCSes4X8uDrpc4X46hJKjejg,YHtB62qU1r8,104,4,7,XyZNAtpEWb8,1,0
20261008,UCSes4X8uDrpc4X46hJKjejg,YHtB62qU1r8,104,5,7,XyZNAtpEWb8,1,0
20261008,UCSes4X8uDrpc4X46hJKjejg,YHtB62qU1r8,104,5,7,Y2EVOOM2BG8,1,0
20261008,UCSes4X8uDrpc4X46hJKjejg,YHtB62qU1r8,101,2,7,Y6LD8_el-B8,1,0
20261008,UCSes4X8uDrpc4X46hJKjejg,YHtB62qU1r8,101,9,7,Y7CmvClCYow,1,0
20261008,UCSes4X8uDrpc4X46hJKjejg,YHtB62qU1r8,101,2,7,Y9j639UweK4,5,0
20261008,UCSes4X8uDrpc4X46hJKjejg,YHtB62qU1r8,101,9,7,Y9j639UweK4,3,0
20261008,UCSes4X8uDrpc4X46hJKjejg,YHtB62qU1r8,102,4,7,Y9j639UweK4,1,0
20261008,UCSes4X8uDrpc4X46hJKjejg,YHtB62qU1r8,104,4,7,Y9j639UweK4,4,0
20261008,UCSes4X8uDrpc4X46hJKjejg,YHtB62qU1r8,104,5,7,Y9j639UweK4,3,0
20261008,UCSes4X8uDrpc4X46hJKjejg,YHtB62qU1r8,104,5,7,YDrSvIdx-Jk,1,1
20261008,UCSes4X8uDrpc4X46hJKjejg,YHtB62qU1r8,104,5,7,YGtPxUpV9ws,2,0
20261008,UCSes4X8uDrpc4X46hJKjejg,YHtB62qU1r8,104,5,7,YHLqzbHf9w0,1,0
20261008,UCSes4X8uDrpc4X46hJKjejg,YHtB62qU1r8,101,9,7,YHtB62qU1r8,2,0
20261008,UCSes4X8uDrpc4X46hJKjejg,YHtB62qU1r8,101,2,7,YL-ohv3JOfY,1,0
20261008,UCSes4X8uDrpc4X46hJKjejg,YHtB62qU1r8,101,9,7,YL-ohv3JOfY,2,0
20261008,UCSes4X8uDrpc4X46hJKjejg,YHtB62qU1r8,104,5,7,YL-ohv3JOfY,1,0
20261008,UCSes4X8uDrpc4X46hJKjejg,YHtB62qU1r8,105,5,7,YL-ohv3JOfY,2,1
20261008,UCSes4X8uDrpc4X46hJKjejg,YHtB62qU1r8,104,4,7,YLBjmbsM4EQ,1,0
20261008,UCSes4X8uDrpc4X46hJKjejg,YHtB62qU1r8,101,2,7,YLYBAal47XI,2,0
20261008,UCSes4X8uDrpc4X46hJKjejg,YHtB62qU1r8,102,29,7,YLYBAal47XI,1,0
20261008,UCSes4X8uDrpc4X46hJKjejg,YHtB62qU1r8,104,4,7,YLYBAal47XI,1,0
20261008,UCSes4X8uDrpc4X46hJKjejg,YHtB62qU1r8,104,5,7,YLYBAal47XI,1,0
20261008,UCSes4X8uDrpc4X46hJKjejg,YHtB62qU1r8,105,5,7,YW_w4pJZnq8,2,0
20261008,UCSes4X8uDrpc4X46hJKjejg,YHtB62qU1r8,104,5,7,YYwyRPaXCso,1,0
20261008,UCSes4X8uDrpc4X46hJKjejg,YHtB62qU1r8,104,4,7,Y_3mL0wb_-I,1,0
20261008,UCSes4X8uDrpc4X46hJKjejg,YHtB62qU1r8,104,4,7,YoB0u5h0XQA,1,0
20261008,UCSes4X8uDrpc4X46hJKjejg,YHtB62qU1r8,101,1,7,YwwNd9DIpkY,1,0
20261008,UCSes4X8uDrpc4X46hJKjejg,YHtB62qU1r8,101,2,7,YwwNd9DIpkY,3,0
20261008,UCSes4X8uDrpc4X46hJKjejg,YHtB62qU1r8,101,9,7,YwwNd9DIpkY,1,0
20261008,UCSes4X8uDrpc4X46hJKjejg,YHtB62qU1r8,104,4,7,YwwNd9DIpkY,2,0
20261008,UCSes4X8uDrpc4X46hJKjejg,YHtB62qU1r8,104,5,7,YwwNd9DIpkY,2,0
20261008,UCSes4X8uDrpc4X46hJKjejg,YHtB62qU1r8,105,5,7,YwwNd9DIpkY,1,0
20261008,UCSes4X8uDrpc4X46hJKjejg,YHtB62qU1r8,104,5,7,Yy2ny5Tj198,1,0
20261008,UCSes4X8uDrpc4X46hJKjejg,YHtB62qU1r8,104,4,7,Z3n7wDEwFh0,1,0
20261008,UCSes4X8uDrpc4X46hJKjejg,YHtB62qU1r8,105,4,7,Z95M7HDjfxU,1,0
20261008,UCSes4X8uDrpc4X46hJKjejg,YHtB62qU1r8,104,5,7,ZAIy2bnBpzc,1,0
20261008,UCSes4X8uDrpc4X46hJKjejg,YHtB62qU1r8,105,5,7,ZAIy2bnBpzc,1,0
20261008,UCSes4X8uDrpc4X46hJKjejg,YHtB62qU1r8,101,2,7,ZEc100YPKlI,1,0
20261008,UCSes4X8uDrpc4X46hJKjejg,YHtB62qU1r8,101,2,7,ZJojgVMRgpM,1,0
20261008,UCSes4X8uDrpc4X46hJKjejg,YHtB62qU1r8,104,4,7,ZJojgVMRgpM,1,0
20261008,UCSes4X8uDrpc4X46hJKjejg,YHtB62qU1r8,104,4,7,ZQc10qUG3rk,1,0
20261008,UCSes4X8uDrpc4X46hJKjejg,YHtB62qU1r8,104,5,7,ZQc10qUG3rk,2,0
20261008,UCSes4X8uDrpc4X46hJKjejg,YHtB62qU1r8,101,2,7,ZTDb9gMUvBY,11,0
20261008,UCSes4X8uDrpc4X46hJKjejg,YHtB62qU1r8,101,9,7,ZTDb9gMUvBY,1,0
20261008,UCSes4X8uDrpc4X46hJKjejg,YHtB62qU1r8,102,26,7,ZTDb9gMUvBY,1,0
20261008,UCSes4X8uDrpc4X46hJKjejg,YHtB62qU1r8,104,4,7,ZTDb9gMUvBY,4,0.25
20261008,UCSes4X8uDrpc4X46hJKjejg,YHtB62qU1r8,104,5,7,ZTDb9gMUvBY,10,0.1
20261008,UCSes4X8uDrpc4X46hJKjejg,YHtB62qU1r8,101,2,7,ZUvdzpyUKrk,1,0
20261008,UCSes4X8uDrpc4X46hJKjejg,YHtB62qU1r8,104,4,7,ZYfJZkO4ioo,1,0
20261008,UCSes4X8uDrpc4X46hJKjejg,YHtB62qU1r8,102,4,7,Z_JESaNU_AU,1,0
20261008,UCSes4X8uDrpc4X46hJKjejg,YHtB62qU1r8,101,9,7,ZjKj_0CoYgs,1,0
20261008,UCSes4X8uDrpc4X46hJKjejg,YHtB62qU1r8,104,5,7,ZjKj_0CoYgs,1,0
20261008,UCSes4X8uDrpc4X46hJKjejg,YHtB62qU1r8,101,2,7,Zjxj58FORtc,1,0
20261008,UCSes4X8uDrpc4X46hJKjejg,YHtB62qU1r8,104,5,7,ZoFj2GqGmew,2,0
20261008,UCSes4X8uDrpc4X46hJKjejg,YHtB62qU1r8,104,4,7,ZpuDs75Sa1M,1,0
20261008,UCSes4X8uDrpc4X46hJKjejg,YHtB62qU1r8,104,4,7,Zy_1y9gzs_E,1,0
20261008,UCSes4X8uDrpc4X46hJKjejg,YHtB62qU1r8,104,4,7,_-ocNZabgkU,1,0
20261008,UCSes4X8uDrpc4X46hJKjejg,YHtB62qU1r8,101,2,7,_Qx0JmSGRXo,4,0
20261008,UCSes4X8uDrpc4X46hJKjejg,YHtB62qU1r8,104,5,7,_Qx0JmSGRXo,1,0
20261008,UCSes4X8uDrpc4X46hJKjejg,YHtB62qU1r8,101,9,7,_RWsI8BUkWc,1,0
20261008,UCSes4X8uDrpc4X46hJKjejg,YHtB62qU1r8,104,4,7,_Sc0_4ZAErY,1,1
20261008,UCSes4X8uDrpc4X46hJKjejg,YHtB62qU1r8,101,2,7,_YGfUs-R5_Q,1,0
20261008,UCSes4X8uDrpc4X46hJKjejg,YHtB62qU1r8,104,4,7,_i6gL8-MCes,1,1
20261008,UCSes4X8uDrpc4X46hJKjejg,YHtB62qU1r8,104,5,7,a1m3WMinWmc,1,0
20261008,UCSes4X8uDrpc4X46hJKjejg,YHtB62qU1r8,101,2,7,aIPRdGIRkBA,1,0
20261008,UCSes4X8uDrpc4X46hJKjejg,YHtB62qU1r8,101,2,7,aImktqP89MM,3,0
20261008,UCSes4X8uDrpc4X46hJKjejg,YHtB62qU1r8,105,5,7,aImktqP89MM,1,0
20261008,UCSes4X8uDrpc4X46hJKjejg,YHtB62qU1r8,104,4,7,aL8ETNuSC28,1,0
20261008,UCSes4X8uDrpc4X46hJKjejg,YHtB62qU1r8,101,2,7,aOKDIBaDzcM,3,0
20261008,UCSes4X8uDrpc4X46hJKjejg,YHtB62qU1r8,102,1,7,aOKDIBaDzcM,1,0
20261008,UCSes4X8uDrpc4X46hJKjejg,YHtB62qU1r8,102,4,7,aOKDIBaDzcM,1,0
20261008,UCSes4X8uDrpc4X46hJKjejg,YHtB62qU1r8,104,4,7,aOKDIBaDzcM,3,0.66666666666666663
20261008,UCSes4X8uDrpc4X46hJKjejg,YHtB62qU1r8,104,5,7,aOKDIBaDzcM,2,0.5
20261008,UCSes4X8uDrpc4X46hJKjejg,YHtB62qU1r8,101,1,7,aQ_oFYahAgU,1,0
20261008,UCSes4X8uDrpc4X46hJKjejg,YHtB62qU1r8,101,2,7,aQ_oFYahAgU,35,0.057142857142857141
20261008,UCSes4X8uDrpc4X46hJKjejg,YHtB62qU1r8,101,9,7,aQ_oFYahAgU,24,0.041666666666666664
20261008,UCSes4X8uDrpc4X46hJKjejg,YHtB62qU1r8,101,30,7,aQ_oFYahAgU,2,0
20261008,UCSes4X8uDrpc4X46hJKjejg,YHtB62qU1r8,102,1,7,aQ_oFYahAgU,1,0
20261008,UCSes4X8uDrpc4X46hJKjejg,YHtB62qU1r8,102,4,7,aQ_oFYahAgU,1,0
20261008,UCSes4X8uDrpc4X46hJKjejg,YHtB62qU1r8,102,12,7,aQ_oFYahAgU,2,0
20261008,UCSes4X8uDrpc4X46hJKjejg,YHtB62qU1r8,102,19,7,aQ_oFYahAgU,4,0
20261008,UCSes4X8uDrpc4X46hJKjejg,YHtB62qU1r8,102,26,7,aQ_oFYahAgU,1,0
20261008,UCSes4X8uDrpc4X46hJKjejg,YHtB62qU1r8,103,17,7,aQ_oFYahAgU,1,0
20261008,UCSes4X8uDrpc4X46hJKjejg,YHtB62qU1r8,104,4,7,aQ_oFYahAgU,29,0
20261008,UCSes4X8uDrpc4X46hJKjejg,YHtB62qU1r8,104,5,7,aQ_oFYahAgU,24,0.125
20261008,UCSes4X8uDrpc4X46hJKjejg,YHtB62qU1r8,105,5,7,aQ_oFYahAgU,1,1
20261008,UCSes4X8uDrpc4X46hJKjejg,YHtB62qU1r8,101,2,7,aQgR1Kno2E4,1,0
20261008,UCSes4X8uDrpc4X46hJKjejg,YHtB62qU1r8,101,9,7,aSvbFjRxqsA,1,0
20261008,UCSes4X8uDrpc4X46hJKjejg,YHtB62qU1r8,101,2,7,ajtJvlVCq_U,1,0
20261008,UCSes4X8uDrpc4X46hJKjejg,YHtB62qU1r8,101,2,7,amn6zIcJWZg,1,0
20261008,UCSes4X8uDrpc4X46hJKjejg,YHtB62qU1r8,104,4,7,amn6zIcJWZg,1,0
20261008,UCSes4X8uDrpc4X46hJKjejg,YHtB62qU1r8,104,5,7,amn6zIcJWZg,1,0
20261008,UCSes4X8uDrpc4X46hJKjejg,YHtB62qU1r8,101,9,7,an3xASk6nro,1,0
20261008,UCSes4X8uDrpc4X46hJKjejg,YHtB62qU1r8,104,5,7,an3xASk6nro,1,0
20261008,UCSes4X8uDrpc4X46hJKjejg,YHtB62qU1r8,104,5,7,as2iZ5EDsiY,2,0
20261008,UCSes4X8uDrpc4X46hJKjejg,YHtB62qU1r8,101,2,7,ascE18a8VXQ,1,0
20261008,UCSes4X8uDrpc4X46hJKjejg,YHtB62qU1r8,104,4,7,atbu42GiOCw,1,0
20261008,UCSes4X8uDrpc4X46hJKjejg,YHtB62qU1r8,105,5,7,atbu42GiOCw,1,0
20261008,UCSes4X8uDrpc4X46hJKjejg,YHtB62qU1r8,104,4,7,b-mSqVPD4kw,1,0
20261008,UCSes4X8uDrpc4X46hJKjejg,YHtB62qU1r8,104,4,7,b4-C38q08KY,1,0
20261008,UCSes4X8uDrpc4X46hJKjejg,YHtB62qU1r8,104,4,7,b5GOZz40hIM,1,0
20261008,UCSes4X8uDrpc4X46hJKjejg,YHtB62qU1r8,101,2,7,b7WB2sl_H6k,1,0
20261008,UCSes4X8uDrpc4X46hJKjejg,YHtB62qU1r8,104,5,7,b9xNRkOa6ys,1,0
20261008,UCSes4X8uDrpc4X46hJKjejg,YHtB62qU1r8,101,9,7,bAJ4mK3RtkE,1,0
20261008,UCSes4X8uDrpc4X46hJKjejg,YHtB62qU1r8,101,2,7,bEdBU4uc29Q,1,0
20261008,UCSes4X8uDrpc4X46hJKjejg,YHtB62qU1r8,104,4,7,bHiB4tvF54g,1,0
20261008,UCSes4X8uDrpc4X46hJKjejg,YHtB62qU1r8,101,9,7,bHxHMFebWlE,1,0
20261008,UCSes4X8uDrpc4X46hJKjejg,YHtB62qU1r8,104,5,7,bHxHMFebWlE,1,0
20261008,UCSes4X8uDrpc4X46hJKjejg,YHtB62qU1r8,104,4,7,bOXMfeEG55c,1,0
20261008,UCSes4X8uDrpc4X46hJKjejg,YHtB62qU1r8,101,2,7,bQG-mLSxbmM,1,0
20261008,UCSes4X8uDrpc4X46hJKjejg,YHtB62qU1r8,101,9,7,bQG-mLSxbmM,1,0
20261008,UCSes4X8uDrpc4X46hJKjejg,YHtB62qU1r8,104,4,7,bQG-mLSxbmM,1,0
20261008,UCSes4X8uDrpc4X46hJKjejg,YHtB62qU1r8,101,2,7,bV7tuPbWHjU,1,0
20261008,UCSes4X8uDrpc4X46hJKjejg,YHtB62qU1r8,101,30,7,bVCCO-zdO8Y,1,0
20261008,UCSes4X8uDrpc4X46hJKjejg,YHtB62qU1r8,104,5,7,bVCCO-zdO8Y,1,0
20261008,UCSes4X8uDrpc4X46hJKjejg,YHtB62qU1r8,101,2,7,bdbWK8zvqSc,2,0
20261008,UCSes4X8uDrpc4X46hJKjejg,YHtB62qU1r8,104,4,7,bdhw8NI_Z7A,2,0
20261008,UCSes4X8uDrpc4X46hJKjejg,YHtB62qU1r8,101,2,7,bgB6xoZlCaw,1,0
20261008,UCSes4X8uDrpc4X46hJKjejg,YHtB62qU1r8,104,5,7,bgSixq0dOKs,1,1
20261008,UCSes4X8uDrpc4X46hJKjejg,YHtB62qU1r8,101,9,7,bo0V-3FoE1c,1,0
20261008,UCSes4X8uDrpc4X46hJKjejg,YHtB62qU1r8,104,5,7,boFeI7CHNYA,1,0
20261008,UCSes4X8uDrpc4X46hJKjejg,YHtB62qU1r8,101,2,7,bxQLwRu2GTw,2,0
20261008,UCSes4X8uDrpc4X46hJKjejg,YHtB62qU1r8,102,29,7,bxQLwRu2GTw,1,0
20261008,UCSes4X8uDrpc4X46hJKjejg,YHtB62qU1r8,104,4,7,bxQLwRu2GTw,3,0
20261008,UCSes4X8uDrpc4X46hJKjejg,YHtB62qU1r8,101,9,7,c2hLc5SXYJw,1,0
20261008,UCSes4X8uDrpc4X46hJKjejg,YHtB62qU1r8,104,4,7,c2hLc5SXYJw,1,0
20261008,UCSes4X8uDrpc4X46hJKjejg,YHtB62qU1r8,104,5,7,c2hLc5SXYJw,1,0
20261008,UCSes4X8uDrpc4X46hJKjejg,YHtB62qU1r8,101,2,7,c79hBpWc-O4,1,0
20261008,UCSes4X8uDrpc4X46hJKjejg,YHtB62qU1r8,101,9,7,c79hBpWc-O4,1,1
20261008,UCSes4X8uDrpc4X46hJKjejg,YHtB62qU1r8,104,5,7,c79hBpWc-O4,3,0
20261008,UCSes4X8uDrpc4X46hJKjejg,YHtB62qU1r8,104,5,7,c8z8DqWlj-Y,1,0
20261008,UCSes4X8uDrpc4X46hJKjejg,YHtB62qU1r8,101,2,7,cDZ739TS-Pk,1,0
20261008,UCSes4X8uDrpc4X46hJKjejg,YHtB62qU1r8,104,5,7,cDZ739TS-Pk,1,0
20261008,UCSes4X8uDrpc4X46hJKjejg,YHtB62qU1r8,104,5,7,cEPJqljHd-Q,1,0
20261008,UCSes4X8uDrpc4X46hJKjejg,YHtB62qU1r8,101,9,7,c_XdDwRFvSY,1,0
20261008,UCSes4X8uDrpc4X46hJKjejg,YHtB62qU1r8,104,5,7,cfvRkWaKoIQ,1,0
20261008,UCSes4X8uDrpc4X46hJKjejg,YHtB62qU1r8,101,2,7,ciJWxS1GKYE,1,0
20261008,UCSes4X8uDrpc4X46hJKjejg,YHtB62qU1r8,104,5,7,ckojdet3T04,1,0
20261008,UCSes4X8uDrpc4X46hJKjejg,YHtB62qU1r8,101,2,7,cmTKjkEpN6Y,3,0.33333333333333331
20261008,UCSes4X8uDrpc4X46hJKjejg,YHtB62qU1r8,104,4,7,cmTKjkEpN6Y,1,0
20261008,UCSes4X8uDrpc4X46hJKjejg,YHtB62qU1r8,105,5,7,cmTKjkEpN6Y,1,0
20261008,UCSes4X8uDrpc4X46hJKjejg,YHtB62qU1r8,104,4,7,d5XdD4dBVSk,1,0
20261008,UCSes4X8uDrpc4X46hJKjejg,YHtB62qU1r8,101,9,7,dKXlwcauvu4,2,0
20261008,UCSes4X8uDrpc4X46hJKjejg,YHtB62qU1r8,101,9,7,dKoSQ-63gP4,1,0
20261008,UCSes4X8uDrpc4X46hJKjejg,YHtB62qU1r8,103,10,7,dKoSQ-63gP4,1,0
20261008,UCSes4X8uDrpc4X46hJKjejg,YHtB62qU1r8,104,5,7,dKoSQ-63gP4,5,0.4
20261008,UCSes4X8uDrpc4X46hJKjejg,YHtB62qU1r8,104,5,7,dRN8vJuK1iw,1,0
20261008,UCSes4X8uDrpc4X46hJKjejg,YHtB62qU1r8,104,5,7,dYcBk0pQWxM,1,0
20261008,UCSes4X8uDrpc4X46hJKjejg,YHtB62qU1r8,101,2,7,dci39x5pjEI,2,0
20261008,UCSes4X8uDrpc4X46hJKjejg,YHtB62qU1r8,104,5,7,diPKQu6DeHg,1,0
20261008,UCSes4X8uDrpc4X46hJKjejg,YHtB62qU1r8,104,4,7,dix2soF65Bk,2,0
20261008,UCSes4X8uDrpc4X46hJKjejg,YHtB62qU1r8,104,5,7,dix2soF65Bk,1,0
20261008,UCSes4X8uDrpc4X46hJKjejg,YHtB62qU1r8,101,2,7,dozlZPhHU_4,1,0
20261008,UCSes4X8uDrpc4X46hJKjejg,YHtB62qU1r8,101,9,7,dozlZPhHU_4,2,0
20261008,UCSes4X8uDrpc4X46hJKjejg,YHtB62qU1r8,104,4,7,dozlZPhHU_4,1,0
20261008,UCSes4X8uDrpc4X46hJKjejg,YHtB62qU1r8,104,4,7,e2bZNOajViA,1,0
20261008,UCSes4X8uDrpc4X46hJKjejg,YHtB62qU1r8,104,5,7,e2bZNOajViA,1,0
20261008,UCSes4X8uDrpc4X46hJKjejg,YHtB62qU1r8,101,2,7,e4tTTTb97KE,1,0
20261008,UCSes4X8uDrpc4X46hJKjejg,YHtB62qU1r8,104,5,7,e4tTTTb97KE,1,0
20261008,UCSes4X8uDrpc4X46hJKjejg,YHtB62qU1r8,101,9,7,e7CxdG8sNlA,1,0
20261008,UCSes4X8uDrpc4X46hJKjejg,YHtB62qU1r8,102,19,7,e7CxdG8sNlA,1,0
20261008,UCSes4X8uDrpc4X46hJKjejg,YHtB62qU1r8,104,4,7,eAiQQnkigEs,1,0
20261008,UCSes4X8uDrpc4X46hJKjejg,YHtB62qU1r8,101,9,7,eAiUkrJMyWM,1,0
20261008,UCSes4X8uDrpc4X46hJKjejg,YHtB62qU1r8,104,4,7,eAiUkrJMyWM,3,0
20261008,UCSes4X8uDrpc4X46hJKjejg,YHtB62qU1r8,104,5,7,eAiUkrJMyWM,1,0
20261008,UCSes4X8uDrpc4X46hJKjejg,YHtB62qU1r8,105,5,7,eGwmSqdYtKc,1,0
20261008,UCSes4X8uDrpc4X46hJKjejg,YHtB62qU1r8,101,2,7,eLwMTjwUxdk,1,0
20261008,UCSes4X8uDrpc4X46hJKjejg,YHtB62qU1r8,104,4,7,ePdXtNfowRo,1,0
20261008,UCSes4X8uDrpc4X46hJKjejg,YHtB62qU1r8,104,5,7,ePdXtNfowRo,3,0
20261008,UCSes4X8uDrpc4X46hJKjejg,YHtB62qU1r8,105,5,7,ePdXtNfowRo,2,0
20261008,UCSes4X8uDrpc4X46hJKjejg,YHtB62qU1r8,104,5,7,eUpuqz5jXqE,1,0
20261008,UCSes4X8uDrpc4X46hJKjejg,YHtB62qU1r8,101,2,7,eYzmxu2KwEs,1,0
20261008,UCSes4X8uDrpc4X46hJKjejg,YHtB62qU1r8,102,4,7,edXZFX0pJ8s,1,0
20261008,UCSes4X8uDrpc4X46hJKjejg,YHtB62qU1r8,101,2,7,ef2pthjmQ10,1,0
20261008,UCSes4X8uDrpc4X46hJKjejg,YHtB62qU1r8,104,5,7,ef2pthjmQ10,2,0
20261008,UCSes4X8uDrpc4X46hJKjejg,YHtB62qU1r8,104,4,7,egztB9o-vZQ,1,0
20261008,UCSes4X8uDrpc4X46hJKjejg,YHtB62qU1r8,104,5,7,elh-b1RWdXA,1,0
20261008,UCSes4X8uDrpc4X46hJKjejg,YHtB62qU1r8,101,2,7,eoZ0PZccgbk,1,0
20261008,UCSes4X8uDrpc4X46hJKjejg,YHtB62qU1r8,104,4,7,epa2Q9gaKEE,1,0
20261008,UCSes4X8uDrpc4X46hJKjejg,YHtB62qU1r8,101,9,7,eqe30LBAoM0,1,0
20261008,UCSes4X8uDrpc4X46hJKjejg,YHtB62qU1r8,104,4,7,etw7h64zu3o,1,0
20261008,UCSes4X8uDrpc4X46hJKjejg,YHtB62qU1r8,104,4,7,eu62r4NZQ3Q,1,0
20261008,UCSes4X8uDrpc4X46hJKjejg,YHtB62qU1r8,101,9,7,ewez-SSqAus,1,0
20261008,UCSes4X8uDrpc4X46hJKjejg,YHtB62qU1r8,101,2,7,exTMwnV1JlU,2,0
20261008,UCSes4X8uDrpc4X46hJKjejg,YHtB62qU1r8,104,4,7,exTMwnV1JlU,2,0
20261008,UCSes4X8uDrpc4X46hJKjejg,YHtB62qU1r8,101,2,7,f1pKAigQnXs,1,0
20261008,UCSes4X8uDrpc4X46hJKjejg,YHtB62qU1r8,104,4,7,f1pKAigQnXs,2,0
20261008,UCSes4X8uDrpc4X46hJKjejg,YHtB62qU1r8,104,5,7,f70hExacAnM,1,0
20261008,UCSes4X8uDrpc4X46hJKjejg,YHtB62qU1r8,104,5,7,f7SycX7euSk,1,0
20261008,UCSes4X8uDrpc4X46hJKjejg,YHtB62qU1r8,101,2,7,fFCpFFiNgVc,1,0
20261008,UCSes4X8uDrpc4X46hJKjejg,YHtB62qU1r8,101,9,7,fFCpFFiNgVc,1,0
20261008,UCSes4X8uDrpc4X46hJKjejg,YHtB62qU1r8,104,4,7,fFCpFFiNgVc,1,0
20261008,UCSes4X8uDrpc4X46hJKjejg,YHtB62qU1r8,104,5,7,fFCpFFiNgVc,4,0
20261008,UCSes4X8uDrpc4X46hJKjejg,YHtB62qU1r8,104,4,7,fIigCXyaLOw,4,0
20261008,UCSes4X8uDrpc4X46hJKjejg,YHtB62qU1r8,105,5,7,fIigCXyaLOw,1,0
20261008,UCSes4X8uDrpc4X46hJKjejg,YHtB62qU1r8,101,9,7,fLupiU2cFj4,1,0
20261008,UCSes4X8uDrpc4X46hJKjejg,YHtB62qU1r8,104,4,7,fO2wwYaWPVs,1,0
20261008,UCSes4X8uDrpc4X46hJKjejg,YHtB62qU1r8,104,5,7,fOSlL3oQT2k,1,0
20261008,UCSes4X8uDrpc4X46hJKjejg,YHtB62qU1r8,102,12,7,fU0YzGADAYg,1,0
20261008,UCSes4X8uDrpc4X46hJKjejg,YHtB62qU1r8,104,5,7,fU3DcUe2waI,1,0
20261008,UCSes4X8uDrpc4X46hJKjejg,YHtB62qU1r8,104,4,7,fZs2RDKixbs,1,0
20261008,UCSes4X8uDrpc4X46hJKjejg,YHtB62qU1r8,104,5,7,fZs2RDKixbs,2,0.5
20261008,UCSes4X8uDrpc4X46hJKjejg,YHtB62qU1r8,101,2,7,fcntImRDQnQ,1,0
20261008,UCSes4X8uDrpc4X46hJKjejg,YHtB62qU1r8,101,2,7,fde97UdpUQo,3,0
20261008,UCSes4X8uDrpc4X46hJKjejg,YHtB62qU1r8,104,5,7,ff1H2mgn4aE,2,0
20261008,UCSes4X8uDrpc4X46hJKjejg,YHtB62qU1r8,101,9,7,fi2_WxZcEjM,1,0
20261008,UCSes4X8uDrpc4X46hJKjejg,YHtB62qU1r8,104,5,7,fi2_WxZcEjM,1,0
20261008,UCSes4X8uDrpc4X46hJKjejg,YHtB62qU1r8,104,4,7,fkJemI1Llo8,1,0
20261008,UCSes4X8uDrpc4X46hJKjejg,YHtB62qU1r8,104,5,7,fkJemI1Llo8,3,0
20261008,UCSes4X8uDrpc4X46hJKjejg,YHtB62qU1r8,101,9,7,fm6VQgCkj20,1,0
20261008,UCSes4X8uDrpc4X46hJKjejg,YHtB62qU1r8,104,5,7,fn8QtcBk-78,1,0
20261008,UCSes4X8uDrpc4X46hJKjejg,YHtB62qU1r8,104,4,7,fouEBqOzd_o,2,0
20261008,UCSes4X8uDrpc4X46hJKjejg,YHtB62qU1r8,104,5,7,fouEBqOzd_o,2,0
20261008,UCSes4X8uDrpc4X46hJKjejg,YHtB62qU1r8,101,2,7,fro_tM70Xf4,1,0
20261008,UCSes4X8uDrpc4X46hJKjejg,YHtB62qU1r8,104,4,7,ft-HN2cFa6U,1,0
20261008,UCSes4X8uDrpc4X46hJKjejg,YHtB62qU1r8,104,5,7,ft-HN2cFa6U,1,0
20261008,UCSes4X8uDrpc4X46hJKjejg,YHtB62qU1r8,101,2,7,fvvcD_PdPCY,1,0
20261008,UCSes4X8uDrpc4X46hJKjejg,YHtB62qU1r8,104,5,7,gGtkypgNrFw,1,0
20261008,UCSes4X8uDrpc4X46hJKjejg,YHtB62qU1r8,101,2,7,gTMjT4y5LHE,1,0
20261008,UCSes4X8uDrpc4X46hJKjejg,YHtB62qU1r8,104,5,7,gTwdTwfOnU0,1,0
20261008,UCSes4X8uDrpc4X46hJKjejg,YHtB62qU1r8,104,4,7,gYjpUt9XsYw,1,0
20261008,UCSes4X8uDrpc4X46hJKjejg,YHtB62qU1r8,101,2,7,gbXMBcRUeqE,1,0
20261008,UCSes4X8uDrpc4X46hJKjejg,YHtB62qU1r8,104,4,7,geo1ytV2mLI,1,0
20261008,UCSes4X8uDrpc4X46hJKjejg,YHtB62qU1r8,101,2,7,ghTWGMTq8po,1,0
20261008,UCSes4X8uDrpc4X46hJKjejg,YHtB62qU1r8,104,5,7,ghTWGMTq8po,1,0
20261008,UCSes4X8uDrpc4X46hJKjejg,YHtB62qU1r8,104,4,7,gn-kaLoOBrY,1,0
20261008,UCSes4X8uDrpc4X46hJKjejg,YHtB62qU1r8,101,2,7,gvLGT1bKAFE,1,0
20261008,UCSes4X8uDrpc4X46hJKjejg,YHtB62qU1r8,101,2,7,hO8PNO8r_C4,1,0
20261008,UCSes4X8uDrpc4X46hJKjejg,YHtB62qU1r8,104,5,7,hO8PNO8r_C4,1,0
20261008,UCSes4X8uDrpc4X46hJKjejg,YHtB62qU1r8,102,26,7,hRXCK9EsLYo,1,0
20261008,UCSes4X8uDrpc4X46hJKjejg,YHtB62qU1r8,104,5,7,hgzOsvrbYU8,1,0
20261008,UCSes4X8uDrpc4X46hJKjejg,YHtB62qU1r8,104,4,7,hoD8BnpuaoU,1,0
20261008,UCSes4X8uDrpc4X46hJKjejg,YHtB62qU1r8,104,5,7,hq4XfMacjSA,1,0
20261008,UCSes4X8uDrpc4X46hJKjejg,YHtB62qU1r8,101,2,7,hz24HaVI6zc,3,0
20261008,UCSes4X8uDrpc4X46hJKjejg,YHtB62qU1r8,104,4,7,hz24HaVI6zc,1,1
20261008,UCSes4X8uDrpc4X46hJKjejg,YHtB62qU1r8,105,5,7,hz24HaVI6zc,1,0
20261008,UCSes4X8uDrpc4X46hJKjejg,YHtB62qU1r8,101,2,7,i-QQz_NqrSU,1,0
20261008,UCSes4X8uDrpc4X46hJKjejg,YHtB62qU1r8,101,2,7,i-wSaWp9sT0,1,0
20261008,UCSes4X8uDrpc4X46hJKjejg,YHtB62qU1r8,101,2,7,i30jVPqQeOM,1,0
20261008,UCSes4X8uDrpc4X46hJKjejg,YHtB62qU1r8,104,5,7,i5NFWkk3FJY,1,0
20261008,UCSes4X8uDrpc4X46hJKjejg,YHtB62qU1r8,104,5,7,iByIT1cB-Eo,2,0
20261008,UCSes4X8uDrpc4X46hJKjejg,YHtB62qU1r8,101,2,7,iD-FVPm_S9o,1,0
20261008,UCSes4X8uDrpc4X46hJKjejg,YHtB62qU1r8,104,5,7,iIZjEw35v9Q,1,0
20261008,UCSes4X8uDrpc4X46hJKjejg,YHtB62qU1r8,104,4,7,iJEXsQDBIn4,2,0
20261008,UCSes4X8uDrpc4X46hJKjejg,YHtB62qU1r8,102,29,7,iL-8dtUeiJk,1,0
20261008,UCSes4X8uDrpc4X46hJKjejg,YHtB62qU1r8,101,2,7,iPZvxiwEEiM,1,1
20261008,UCSes4X8uDrpc4X46hJKjejg,YHtB62qU1r8,104,5,7,iSlhlwdPMw8,1,0
20261008,UCSes4X8uDrpc4X46hJKjejg,YHtB62qU1r8,101,2,7,i_XXZnpLPxU,1,1
20261008,UCSes4X8uDrpc4X46hJKjejg,YHtB62qU1r8,101,2,7,ia8UOEw7fus,2,0
20261008,UCSes4X8uDrpc4X46hJKjejg,YHtB62qU1r8,101,9,7,ia8UOEw7fus,1,0
20261008,UCSes4X8uDrpc4X46hJKjejg,YHtB62qU1r8,104,4,7,ia8UOEw7fus,1,0
20261008,UCSes4X8uDrpc4X46hJKjejg,YHtB62qU1r8,101,9,7,idQeVlxIEn4,2,0
20261008,UCSes4X8uDrpc4X46hJKjejg,YHtB62qU1r8,104,4,7,inmTwUaa0rU,1,0
20261008,UCSes4X8uDrpc4X46hJKjejg,YHtB62qU1r8,104,5,7,iqoD350gZdM,1,0
20261008,UCSes4X8uDrpc4X46hJKjejg,YHtB62qU1r8,101,2,7,iylUPut58WA,1,0
20261008,UCSes4X8uDrpc4X46hJKjejg,YHtB62qU1r8,104,4,7,j1JhOx4iIUs,1,1
20261008,UCSes4X8uDrpc4X46hJKjejg,YHtB62qU1r8,101,9,7,j5sTaWkfsGY,1,0
20261008,UCSes4X8uDrpc4X46hJKjejg,YHtB62qU1r8,101,2,7,jHaS8C-D0zA,1,0
20261008,UCSes4X8uDrpc4X46hJKjejg,YHtB62qU1r8,104,4,7,jN2DXzZNN7A,1,0
20261008,UCSes4X8uDrpc4X46hJKjejg,YHtB62qU1r8,104,5,7,jPAfFEn-IKk,2,0
20261008,UCSes4X8uDrpc4X46hJKjejg,YHtB62qU1r8,101,30,7,jZz7CpTQZfc,1,0
20261008,UCSes4X8uDrpc4X46hJKjejg,YHtB62qU1r8,101,2,7,jizHHnGzzUg,1,0
20261008,UCSes4X8uDrpc4X46hJKjejg,YHtB62qU1r8,101,9,7,jizHHnGzzUg,2,0
20261008,UCSes4X8uDrpc4X46hJKjejg,YHtB62qU1r8,104,5,7,jizHHnGzzUg,1,0
20261008,UCSes4X8uDrpc4X46hJKjejg,YHtB62qU1r8,105,5,7,jsSJIedcWqs,1,0
20261008,UCSes4X8uDrpc4X46hJKjejg,YHtB62qU1r8,101,2,7,k2S-lR7ESmE,4,0
20261008,UCSes4X8uDrpc4X46hJKjejg,YHtB62qU1r8,104,4,7,k2S-lR7ESmE,2,0
20261008,UCSes4X8uDrpc4X46hJKjejg,YHtB62qU1r8,104,4,7,kG2NoSj7lqo,1,0
20261008,UCSes4X8uDrpc4X46hJKjejg,YHtB62qU1r8,101,9,7,kJQwMX3jn_I,1,0
20261008,UCSes4X8uDrpc4X46hJKjejg,YHtB62qU1r8,104,5,7,kQSSEdSI3NQ,1,0
20261008,UCSes4X8uDrpc4X46hJKjejg,YHtB62qU1r8,104,4,7,kV5WZN8t_yQ,1,0
20261008,UCSes4X8uDrpc4X46hJKjejg,YHtB62qU1r8,104,5,7,klE6GxJCjLM,1,0
20261008,UCSes4X8uDrpc4X46hJKjejg,YHtB62qU1r8,101,2,7,kpl7nLrDbBU,4,0
20261008,UCSes4X8uDrpc4X46hJKjejg,YHtB62qU1r8,104,5,7,kpl7nLrDbBU,2,0
20261008,UCSes4X8uDrpc4X46hJKjejg,YHtB62qU1r8,104,5,7,krwcR0dPO7U,1,0
20261008,UCSes4X8uDrpc4X46hJKjejg,YHtB62qU1r8,104,5,7,kuC-M8gaX58,1,0
20261008,UCSes4X8uDrpc4X46hJKjejg,YHtB62qU1r8,104,4,7,kyrnPWNAL4U,1,0
20261008,UCSes4X8uDrpc4X46hJKjejg,YHtB62qU1r8,104,4,7,lBLeTxY1qvw,1,0
20261008,UCSes4X8uDrpc4X46hJKjejg,YHtB62qU1r8,101,2,7,lFW2XpWIe7o,1,0
20261008,UCSes4X8uDrpc4X46hJKjejg,YHtB62qU1r8,101,2,7,lMbMpqeHNcQ,1,0
20261008,UCSes4X8uDrpc4X46hJKjejg,YHtB62qU1r8,104,5,7,lMbMpqeHNcQ,1,0
20261008,UCSes4X8uDrpc4X46hJKjejg,YHtB62qU1r8,104,4,7,lMqHiFdsMu8,1,0
20261008,UCSes4X8uDrpc4X46hJKjejg,YHtB62qU1r8,104,4,7,ld0alqn_0H8,2,0
20261008,UCSes4X8uDrpc4X46hJKjejg,YHtB62qU1r8,104,5,7,ltqiQEX_-ac,2,0
20261008,UCSes4X8uDrpc4X46hJKjejg,YHtB62qU1r8,104,4,7,lzAjAnYLyQM,2,0
20261008,UCSes4X8uDrpc4X46hJKjejg,YHtB62qU1r8,101,2,7,m1X5Pyo9NZc,1,0
20261008,UCSes4X8uDrpc4X46hJKjejg,YHtB62qU1r8,102,4,7,m1X5Pyo9NZc,1,0
20261008,UCSes4X8uDrpc4X46hJKjejg,YHtB62qU1r8,104,4,7,m1X5Pyo9NZc,17,0.11764705882352941
20261008,UCSes4X8uDrpc4X46hJKjejg,YHtB62qU1r8,104,5,7,m1X5Pyo9NZc,13,0.076923076923076927
20261008,UCSes4X8uDrpc4X46hJKjejg,YHtB62qU1r8,105,5,7,m1X5Pyo9NZc,2,0
20261008,UCSes4X8uDrpc4X46hJKjejg,YHtB62qU1r8,104,4,7,m5CcC2WjN90,1,0
20261008,UCSes4X8uDrpc4X46hJKjejg,YHtB62qU1r8,104,4,7,m7wtuJdDQSY,2,0
20261008,UCSes4X8uDrpc4X46hJKjejg,YHtB62qU1r8,101,2,7,mI9BOEff0CM,1,0
20261008,UCSes4X8uDrpc4X46hJKjejg,YHtB62qU1r8,101,2,7,mLbnP9FBmrM,1,0
20261008,UCSes4X8uDrpc4X46hJKjejg,YHtB62qU1r8,101,9,7,mLbnP9FBmrM,1,0
20261008,UCSes4X8uDrpc4X46hJKjejg,YHtB62qU1r8,104,4,7,mLbnP9FBmrM,1,0
20261008,UCSes4X8uDrpc4X46hJKjejg,YHtB62qU1r8,104,5,7,mLbnP9FBmrM,2,0
20261008,UCSes4X8uDrpc4X46hJKjejg,YHtB62qU1r8,101,2,7,mLmZHPY6XvU,5,0
20261008,UCSes4X8uDrpc4X46hJKjejg,YHtB62qU1r8,101,9,7,mLmZHPY6XvU,4,0
20261008,UCSes4X8uDrpc4X46hJKjejg,YHtB62qU1r8,101,30,7,mLmZHPY6XvU,1,0
20261008,UCSes4X8uDrpc4X46hJKjejg,YHtB62qU1r8,102,4,7,mLmZHPY6XvU,1,0
20261008,UCSes4X8uDrpc4X46hJKjejg,YHtB62qU1r8,102,26,7,mLmZHPY6XvU,2,0.5
20261008,UCSes4X8uDrpc4X46hJKjejg,YHtB62qU1r8,103,10,7,mLmZHPY6XvU,2,0
20261008,UCSes4X8uDrpc4X46hJKjejg,YHtB62qU1r8,104,4,7,mLmZHPY6XvU,7,0
20261008,UCSes4X8uDrpc4X46hJKjejg,YHtB62qU1r8,104,5,7,mLmZHPY6XvU,7,0
20261008,UCSes4X8uDrpc4X46hJKjejg,YHtB62qU1r8,105,5,7,mLmZHPY6XvU,2,0
20261008,UCSes4X8uDrpc4X46hJKjejg,YHtB62qU1r8,104,5,7,mVWJRuRajlA,1,0
20261008,UCSes4X8uDrpc4X46hJKjejg,YHtB62qU1r8,104,5,7,mY11OoABQj8,1,0
20261008,UCSes4X8uDrpc4X46hJKjejg,YHtB62qU1r8,101,2,7,mdSYLccSo_U,2,0
20261008,UCSes4X8uDrpc4X46hJKjejg,YHtB62qU1r8,101,9,7,mdSYLccSo_U,2,0
20261008,UCSes4X8uDrpc4X46hJKjejg,YHtB62qU1r8,104,4,7,mdSYLccSo_U,3,0.33333333333333331
20261008,UCSes4X8uDrpc4X46hJKjejg,YHtB62qU1r8,104,5,7,mdSYLccSo_U,2,0
20261008,UCSes4X8uDrpc4X46hJKjejg,YHtB62qU1r8,105,5,7,mdSYLccSo_U,1,0
20261008,UCSes4X8uDrpc4X46hJKjejg,YHtB62qU1r8,101,2,7,miIEwCkcqcU,1,0
20261008,UCSes4X8uDrpc4X46hJKjejg,YHtB62qU1r8,104,4,7,miIEwCkcqcU,1,0
20261008,UCSes4X8uDrpc4X46hJKjejg,YHtB62qU1r8,104,5,7,moYVv4hsfBE,1,0
20261008,UCSes4X8uDrpc4X46hJKjejg,YHtB62qU1r8,101,2,7,n3c7sKqeeXE,1,0
20261008,UCSes4X8uDrpc4X46hJKjejg,YHtB62qU1r8,104,5,7,nKUApIxdZB8,1,1
20261008,UCSes4X8uDrpc4X46hJKjejg,YHtB62qU1r8,101,2,7,nOT-vtf75mg,2,0
20261008,UCSes4X8uDrpc4X46hJKjejg,YHtB62qU1r8,101,2,7,nS0Jo2TuJ84,2,0
20261008,UCSes4X8uDrpc4X46hJKjejg,YHtB62qU1r8,102,4,7,nS0Jo2TuJ84,1,0
20261008,UCSes4X8uDrpc4X46hJKjejg,YHtB62qU1r8,104,4,7,nS0Jo2TuJ84,3,0
20261008,UCSes4X8uDrpc4X46hJKjejg,YHtB62qU1r8,104,5,7,nS0Jo2TuJ84,4,0
20261008,UCSes4X8uDrpc4X46hJKjejg,YHtB62qU1r8,104,5,7,nU4mPsBNEG4,1,0
20261008,UCSes4X8uDrpc4X46hJKjejg,YHtB62qU1r8,102,19,7,nkCLOENabk0,1,0
20261008,UCSes4X8uDrpc4X46hJKjejg,YHtB62qU1r8,104,5,7,nkCLOENabk0,1,0
20261008,UCSes4X8uDrpc4X46hJKjejg,YHtB62qU1r8,101,2,7,npEaw1g3amI,1,0
20261008,UCSes4X8uDrpc4X46hJKjejg,YHtB62qU1r8,104,5,7,nr2XQrdnjdQ,1,0
20261008,UCSes4X8uDrpc4X46hJKjejg,YHtB62qU1r8,101,2,7,nujrhsa4kNY,1,0
20261008,UCSes4X8uDrpc4X46hJKjejg,YHtB62qU1r8,104,5,7,ny5IppAm79w,1,0
20261008,UCSes4X8uDrpc4X46hJKjejg,YHtB62qU1r8,104,5,7,nzssr_uw8WM,1,0
20261008,UCSes4X8uDrpc4X46hJKjejg,YHtB62qU1r8,101,9,7,oALfNyPNIQ8,1,0
20261008,UCSes4X8uDrpc4X46hJKjejg,YHtB62qU1r8,101,2,7,oEiDh3ZTDhA,1,0
20261008,UCSes4X8uDrpc4X46hJKjejg,YHtB62qU1r8,101,9,7,oFhn87I41dE,1,0
20261008,UCSes4X8uDrpc4X46hJKjejg,YHtB62qU1r8,101,9,7,oKoehJCl-zs,1,1
20261008,UCSes4X8uDrpc4X46hJKjejg,YHtB62qU1r8,101,2,7,oMrkHyjDVH8,1,0
20261008,UCSes4X8uDrpc4X46hJKjejg,YHtB62qU1r8,101,2,7,oNPZu3aWHHc,1,0
20261008,UCSes4X8uDrpc4X46hJKjejg,YHtB62qU1r8,101,2,7,oTJRtlk4rmE,2,0
20261008,UCSes4X8uDrpc4X46hJKjejg,YHtB62qU1r8,104,4,7,oTJRtlk4rmE,2,0
20261008,UCSes4X8uDrpc4X46hJKjejg,YHtB62qU1r8,104,5,7,oTJRtlk4rmE,5,0
20261008,UCSes4X8uDrpc4X46hJKjejg,YHtB62qU1r8,101,9,7,oWJWFrLXRDE,1,0
20261008,UCSes4X8uDrpc4X46hJKjejg,YHtB62qU1r8,101,9,7,oX218u5qCiw,1,0
20261008,UCSes4X8uDrpc4X46hJKjejg,YHtB62qU1r8,102,29,7,oX218u5qCiw,1,0
20261008,UCSes4X8uDrpc4X46hJKjejg,YHtB62qU1r8,104,4,7,oX218u5qCiw,1,0
20261008,UCSes4X8uDrpc4X46hJKjejg,YHtB62qU1r8,104,4,7,oYu92rOsUYo,1,0
20261008,UCSes4X8uDrpc4X46hJKjejg,YHtB62qU1r8,104,5,7,oYy25QZPEZc,1,0
20261008,UCSes4X8uDrpc4X46hJKjejg,YHtB62qU1r8,101,2,7,ofgXzn8s7Jw,9,0
20261008,UCSes4X8uDrpc4X46hJKjejg,YHtB62qU1r8,101,9,7,ofgXzn8s7Jw,3,0.33333333333333331
20261008,UCSes4X8uDrpc4X46hJKjejg,YHtB62qU1r8,102,26,7,ofgXzn8s7Jw,3,0
20261008,UCSes4X8uDrpc4X46hJKjejg,YHtB62qU1r8,102,28,7,ofgXzn8s7Jw,1,1
20261008,UCSes4X8uDrpc4X46hJKjejg,YHtB62qU1r8,102,29,7,ofgXzn8s7Jw,1,0
20261008,UCSes4X8uDrpc4X46hJKjejg,YHtB62qU1r8,104,4,7,ofgXzn8s7Jw,9,0.1111111111111111
20261008,UCSes4X8uDrpc4X46hJKjejg,YHtB62qU1r8,104,5,7,ofgXzn8s7Jw,16,0
20261008,UCSes4X8uDrpc4X46hJKjejg,YHtB62qU1r8,105,5,7,ofgXzn8s7Jw,2,0
20261008,UCSes4X8uDrpc4X46hJKjejg,YHtB62qU1r8,104,4,7,ojGE0qCxvtI,1,0
20261008,UCSes4X8uDrpc4X46hJKjejg,YHtB62qU1r8,104,5,7,ojGE0qCxvtI,1,0
20261008,UCSes4X8uDrpc4X46hJKjejg,YHtB62qU1r8,101,2,7,om3draLLuW8,1,0
20261008,UCSes4X8uDrpc4X46hJKjejg,YHtB62qU1r8,104,4,7,om3draLLuW8,2,0
20261008,UCSes4X8uDrpc4X46hJKjejg,YHtB62qU1r8,104,5,7,ooy5PjM2W3E,1,0
20261008,UCSes4X8uDrpc4X46hJKjejg,YHtB62qU1r8,101,2,7,op2C1r5gs90,1,0
20261008,UCSes4X8uDrpc4X46hJKjejg,YHtB62qU1r8,104,5,7,opgQGlfFI-Y,1,0
20261008,UCSes4X8uDrpc4X46hJKjejg,YHtB62qU1r8,104,5,7,opxX0eprGYE,1,0
20261008,UCSes4X8uDrpc4X46hJKjejg,YHtB62qU1r8,104,4,7,ouk-z2rcaq8,1,0
20261008,UCSes4X8uDrpc4X46hJKjejg,YHtB62qU1r8,101,2,7,oyk2QtdUtKE,2,0
20261008,UCSes4X8uDrpc4X46hJKjejg,YHtB62qU1r8,101,9,7,oyk2QtdUtKE,1,1
20261008,UCSes4X8uDrpc4X46hJKjejg,YHtB62qU1r8,101,9,7,p8i0Y8qoi44,1,0
20261008,UCSes4X8uDrpc4X46hJKjejg,YHtB62qU1r8,104,4,7,p9Cz8SZ-Aug,1,0
20261008,UCSes4X8uDrpc4X46hJKjejg,YHtB62qU1r8,101,2,7,pBLjF9bXk8o,1,0
20261008,UCSes4X8uDrpc4X46hJKjejg,YHtB62qU1r8,101,2,7,pFwvEk3i9VA,1,0
20261008,UCSes4X8uDrpc4X46hJKjejg,YHtB62qU1r8,101,2,7,pJpPgYN815g,1,0
20261008,UCSes4X8uDrpc4X46hJKjejg,YHtB62qU1r8,102,29,7,pTtoCledX08,1,0
20261008,UCSes4X8uDrpc4X46hJKjejg,YHtB62qU1r8,104,4,7,pTtoCledX08,5,0
20261008,UCSes4X8uDrpc4X46hJKjejg,YHtB62qU1r8,104,5,7,pTtoCledX08,2,0.5
20261008,UCSes4X8uDrpc4X46hJKjejg,YHtB62qU1r8,104,5,7,pXlrsZUESXs,1,0
20261008,UCSes4X8uDrpc4X46hJKjejg,YHtB62qU1r8,104,4,7,pjLKs7ilDjU,1,0
20261008,UCSes4X8uDrpc4X46hJKjejg,YHtB62qU1r8,104,5,7,pmzz7Gefdro,1,0
20261008,UCSes4X8uDrpc4X46hJKjejg,YHtB62qU1r8,101,2,7,prKW5Qp135g,1,0
20261008,UCSes4X8uDrpc4X46hJKjejg,YHtB62qU1r8,101,9,7,pz6r40E94VQ,1,0
20261008,UCSes4X8uDrpc4X46hJKjejg,YHtB62qU1r8,104,4,7,pz6r40E94VQ,1,0
20261008,UCSes4X8uDrpc4X46hJKjejg,YHtB62qU1r8,101,2,7,qBoK0ZCwceU,7,0
20261008,UCSes4X8uDrpc4X46hJKjejg,YHtB62qU1r8,101,9,7,qBoK0ZCwceU,7,0
20261008,UCSes4X8uDrpc4X46hJKjejg,YHtB62qU1r8,101,30,7,qBoK0ZCwceU,2,0
20261008,UCSes4X8uDrpc4X46hJKjejg,YHtB62qU1r8,104,4,7,qBoK0ZCwceU,8,0.125
20261008,UCSes4X8uDrpc4X46hJKjejg,YHtB62qU1r8,104,5,7,qBoK0ZCwceU,8,0.25
20261008,UCSes4X8uDrpc4X46hJKjejg,YHtB62qU1r8,101,2,7,qJ6m5OtoYWw,1,0
20261008,UCSes4X8uDrpc4X46hJKjejg,YHtB62qU1r8,104,4,7,qPIWDtFTNrc,1,0
20261008,UCSes4X8uDrpc4X46hJKjejg,YHtB62qU1r8,101,2,7,qQuVbAmawfA,2,0.5
20261008,UCSes4X8uDrpc4X46hJKjejg,YHtB62qU1r8,101,9,7,qkoH2iUy4uY,1,0
20261008,UCSes4X8uDrpc4X46hJKjejg,YHtB62qU1r8,104,4,7,qkoH2iUy4uY,1,0
20261008,UCSes4X8uDrpc4X46hJKjejg,YHtB62qU1r8,101,2,7,qnbLYx5NH88,1,0
20261008,UCSes4X8uDrpc4X46hJKjejg,YHtB62qU1r8,101,2,7,qvhAxdcaUWw,2,0
20261008,UCSes4X8uDrpc4X46hJKjejg,YHtB62qU1r8,101,9,7,qvhAxdcaUWw,1,0
20261008,UCSes4X8uDrpc4X46hJKjejg,YHtB62qU1r8,104,4,7,qwl-CzHCdHM,1,0
20261008,UCSes4X8uDrpc4X46hJKjejg,YHtB62qU1r8,104,4,7,r3HrCj1AIqc,1,0
20261008,UCSes4X8uDrpc4X46hJKjejg,YHtB62qU1r8,101,2,7,r46YcpqElq0,1,0
20261008,UCSes4X8uDrpc4X46hJKjejg,YHtB62qU1r8,104,4,7,r8VwU6AB07U,1,0
20261008,UCSes4X8uDrpc4X46hJKjejg,YHtB62qU1r8,101,2,7,rCDsCzD8mTQ,1,0
20261008,UCSes4X8uDrpc4X46hJKjejg,YHtB62qU1r8,101,2,7,rGGq11K40Gw,7,0
20261008,UCSes4X8uDrpc4X46hJKjejg,YHtB62qU1r8,101,9,7,rGGq11K40Gw,8,0
20261008,UCSes4X8uDrpc4X46hJKjejg,YHtB62qU1r8,104,4,7,rGGq11K40Gw,6,0
20261008,UCSes4X8uDrpc4X46hJKjejg,YHtB62qU1r8,104,5,7,rGGq11K40Gw,4,0
20261008,UCSes4X8uDrpc4X46hJKjejg,YHtB62qU1r8,101,2,7,rJ0An8FtWRA,2,0
20261008,UCSes4X8uDrpc4X46hJKjejg,YHtB62qU1r8,101,9,7,rN8BaFasNaY,1,0
20261008,UCSes4X8uDrpc4X46hJKjejg,YHtB62qU1r8,101,2,7,rR6LHIJEEPM,1,0
20261008,UCSes4X8uDrpc4X46hJKjejg,YHtB62qU1r8,104,5,7,rR6LHIJEEPM,1,0
20261008,UCSes4X8uDrpc4X46hJKjejg,YHtB62qU1r8,104,4,7,rk-q9YtyyrA,5,0
20261008,UCSes4X8uDrpc4X46hJKjejg,YHtB62qU1r8,104,5,7,rk-q9YtyyrA,1,0
20261008,UCSes4X8uDrpc4X46hJKjejg,YHtB62qU1r8,101,2,7,rki5jid5ISE,1,0
20261008,UCSes4X8uDrpc4X46hJKjejg,YHtB62qU1r8,104,4,7,s-op80QqQOY,1,0
20261008,UCSes4X8uDrpc4X46hJKjejg,YHtB62qU1r8,104,4,7,sFPSbCcY0YU,1,0
20261008,UCSes4X8uDrpc4X46hJKjejg,YHtB62qU1r8,104,4,7,sIRLf34mlyY,1,0
20261008,UCSes4X8uDrpc4X46hJKjejg,YHtB62qU1r8,101,9,7,sMFL1xNnBPQ,1,0
20261008,UCSes4X8uDrpc4X46hJKjejg,YHtB62qU1r8,101,2,7,sd6R1k9uBRo,1,0
20261008,UCSes4X8uDrpc4X46hJKjejg,YHtB62qU1r8,102,1,7,sd6R1k9uBRo,1,0
20261008,UCSes4X8uDrpc4X46hJKjejg,YHtB62qU1r8,101,2,7,sfs7hyHVc5E,1,0
20261008,UCSes4X8uDrpc4X46hJKjejg,YHtB62qU1r8,104,5,7,sfs7hyHVc5E,1,0
20261008,UCSes4X8uDrpc4X46hJKjejg,YHtB62qU1r8,104,4,7,si-t4bgIKg8,1,0
20261008,UCSes4X8uDrpc4X46hJKjejg,YHtB62qU1r8,101,2,7,sjTU0xQLdRE,1,0
20261008,UCSes4X8uDrpc4X46hJKjejg,YHtB62qU1r8,101,9,7,solJu-5vuDo,1,0
20261008,UCSes4X8uDrpc4X46hJKjejg,YHtB62qU1r8,101,2,7,sp0zYSFvn6E,1,0
20261008,UCSes4X8uDrpc4X46hJKjejg,YHtB62qU1r8,101,2,7,stxDWHchxMA,10,0.1
20261008,UCSes4X8uDrpc4X46hJKjejg,YHtB62qU1r8,102,4,7,stxDWHchxMA,1,0
20261008,UCSes4X8uDrpc4X46hJKjejg,YHtB62qU1r8,102,29,7,stxDWHchxMA,1,0
20261008,UCSes4X8uDrpc4X46hJKjejg,YHtB62qU1r8,104,4,7,stxDWHchxMA,10,0
20261008,UCSes4X8uDrpc4X46hJKjejg,YHtB62qU1r8,104,5,7,stxDWHchxMA,2,0
20261008,UCSes4X8uDrpc4X46hJKjejg,YHtB62qU1r8,105,5,7,stxDWHchxMA,1,0
20261008,UCSes4X8uDrpc4X46hJKjejg,YHtB62qU1r8,101,2,7,svP1nY1VNsI,1,0
20261008,UCSes4X8uDrpc4X46hJKjejg,YHtB62qU1r8,104,4,7,swIwzdeT170,2,0
20261008,UCSes4X8uDrpc4X46hJKjejg,YHtB62qU1r8,104,4,7,tECq56ubmG8,1,0
20261008,UCSes4X8uDrpc4X46hJKjejg,YHtB62qU1r8,104,5,7,tECq56ubmG8,2,0
20261008,UCSes4X8uDrpc4X46hJKjejg,YHtB62qU1r8,104,5,7,tEhv6boDQzE,1,0
20261008,UCSes4X8uDrpc4X46hJKjejg,YHtB62qU1r8,101,2,7,tExHE2jJ_Wo,1,0
20261008,UCSes4X8uDrpc4X46hJKjejg,YHtB62qU1r8,104,4,7,tIZpuS86jkI,1,0
20261008,UCSes4X8uDrpc4X46hJKjejg,YHtB62qU1r8,104,4,7,tQlKj21Al2o,1,0
20261008,UCSes4X8uDrpc4X46hJKjejg,YHtB62qU1r8,105,5,7,tS5wCBMH6Dw,1,0
20261008,UCSes4X8uDrpc4X46hJKjejg,YHtB62qU1r8,101,2,7,tbIAYbGIu2E,1,0
20261008,UCSes4X8uDrpc4X46hJKjejg,YHtB62qU1r8,104,5,7,tjG8Lop3HCM,1,0
20261008,UCSes4X8uDrpc4X46hJKjejg,YHtB62qU1r8,101,2,7,tjdC2JW6_lc,1,0
20261008,UCSes4X8uDrpc4X46hJKjejg,YHtB62qU1r8,104,4,7,tl0yuJLcG1I,1,0
20261008,UCSes4X8uDrpc4X46hJKjejg,YHtB62qU1r8,101,2,7,tp0U2KtOxj4,1,0
20261008,UCSes4X8uDrpc4X46hJKjejg,YHtB62qU1r8,101,2,7,tqk5mA_EDc8,1,0
20261008,UCSes4X8uDrpc4X46hJKjejg,YHtB62qU1r8,104,4,7,ty1VF9Db23g,1,0
20261008,UCSes4X8uDrpc4X46hJKjejg,YHtB62qU1r8,104,5,7,ty1VF9Db23g,1,0
20261008,UCSes4X8uDrpc4X46hJKjejg,YHtB62qU1r8,101,2,7,u14JuG-l9l4,1,0
20261008,UCSes4X8uDrpc4X46hJKjejg,YHtB62qU1r8,101,9,7,u14JuG-l9l4,1,0
20261008,UCSes4X8uDrpc4X46hJKjejg,YHtB62qU1r8,101,2,7,u4mngp3CISY,9,0
20261008,UCSes4X8uDrpc4X46hJKjejg,YHtB62qU1r8,101,9,7,u4mngp3CISY,3,0
20261008,UCSes4X8uDrpc4X46hJKjejg,YHtB62qU1r8,102,19,7,u4mngp3CISY,2,0
20261008,UCSes4X8uDrpc4X46hJKjejg,YHtB62qU1r8,102,29,7,u4mngp3CISY,1,0
20261008,UCSes4X8uDrpc4X46hJKjejg,YHtB62qU1r8,104,4,7,u4mngp3CISY,29,0.034482758620689655
20261008,UCSes4X8uDrpc4X46hJKjejg,YHtB62qU1r8,104,5,7,u4mngp3CISY,19,0
20261008,UCSes4X8uDrpc4X46hJKjejg,YHtB62qU1r8,101,2,7,uJzal7DquB4,1,0
20261008,UCSes4X8uDrpc4X46hJKjejg,YHtB62qU1r8,101,1,7,uagOoXAvEgU,3,0
20261008,UCSes4X8uDrpc4X46hJKjejg,YHtB62qU1r8,101,2,7,uagOoXAvEgU,18,0.1111111111111111
20261008,UCSes4X8uDrpc4X46hJKjejg,YHtB62qU1r8,101,9,7,uagOoXAvEgU,4,0
20261008,UCSes4X8uDrpc4X46hJKjejg,YHtB62qU1r8,103,10,7,uagOoXAvEgU,1,0
20261008,UCSes4X8uDrpc4X46hJKjejg,YHtB62qU1r8,104,4,7,uagOoXAvEgU,8,0
20261008,UCSes4X8uDrpc4X46hJKjejg,YHtB62qU1r8,104,5,7,uagOoXAvEgU,9,0
20261008,UCSes4X8uDrpc4X46hJKjejg,YHtB62qU1r8,105,5,7,uagOoXAvEgU,3,0
20261008,UCSes4X8uDrpc4X46hJKjejg,YHtB62qU1r8,101,2,7,ucwym9sWya0,1,0
20261008,UCSes4X8uDrpc4X46hJKjejg,YHtB62qU1r8,101,9,7,ucwym9sWya0,3,0
20261008,UCSes4X8uDrpc4X46hJKjejg,YHtB62qU1r8,104,4,7,ucwym9sWya0,1,0
20261008,UCSes4X8uDrpc4X46hJKjejg,YHtB62qU1r8,101,2,7,umppEcUR9iA,1,1
20261008,UCSes4X8uDrpc4X46hJKjejg,YHtB62qU1r8,101,9,7,uoEnLeNxFS0,1,0
20261008,UCSes4X8uDrpc4X46hJKjejg,YHtB62qU1r8,101,2,7,uoLrk0pTVtk,1,0
20261008,UCSes4X8uDrpc4X46hJKjejg,YHtB62qU1r8,104,5,7,uoLrk0pTVtk,1,0
20261008,UCSes4X8uDrpc4X46hJKjejg,YHtB62qU1r8,101,2,7,v-PB1_ZrluE,2,0
20261008,UCSes4X8uDrpc4X46hJKjejg,YHtB62qU1r8,102,1,7,v-PB1_ZrluE,1,0
20261008,UCSes4X8uDrpc4X46hJKjejg,YHtB62qU1r8,104,4,7,v-PB1_ZrluE,1,0
20261008,UCSes4X8uDrpc4X46hJKjejg,YHtB62qU1r8,104,5,7,v-PB1_ZrluE,1,0
20261008,UCSes4X8uDrpc4X46hJKjejg,YHtB62qU1r8,104,4,7,v9ZLHEpW_80,1,0
20261008,UCSes4X8uDrpc4X46hJKjejg,YHtB62qU1r8,104,5,7,v9ZLHEpW_80,1,0
20261008,UCSes4X8uDrpc4X46hJKjejg,YHtB62qU1r8,104,4,7,vM7McKDphZw,1,0
20261008,UCSes4X8uDrpc4X46hJKjejg,YHtB62qU1r8,101,2,7,vRgmmWjafZ4,1,0
20261008,UCSes4X8uDrpc4X46hJKjejg,YHtB62qU1r8,104,4,7,vRuxyw208T4,1,0
20261008,UCSes4X8uDrpc4X46hJKjejg,YHtB62qU1r8,101,9,7,vcuegGvntIw,1,0
20261008,UCSes4X8uDrpc4X46hJKjejg,YHtB62qU1r8,104,5,7,viHr1cF28Bs,1,0
20261008,UCSes4X8uDrpc4X46hJKjejg,YHtB62qU1r8,104,5,7,vm8kRKiFwNs,1,0
20261008,UCSes4X8uDrpc4X46hJKjejg,YHtB62qU1r8,104,4,7,vmcxpIZpyt0,1,0
20261008,UCSes4X8uDrpc4X46hJKjejg,YHtB62qU1r8,101,2,7,w4TDA4oO-JQ,1,0
20261008,UCSes4X8uDrpc4X46hJKjejg,YHtB62qU1r8,101,9,7,w4TDA4oO-JQ,1,0
20261008,UCSes4X8uDrpc4X46hJKjejg,YHtB62qU1r8,104,4,7,wG-ke-AGuFY,4,0
20261008,UCSes4X8uDrpc4X46hJKjejg,YHtB62qU1r8,104,5,7,wG-ke-AGuFY,4,0
20261008,UCSes4X8uDrpc4X46hJKjejg,YHtB62qU1r8,104,4,7,wM-_mgUDfMk,2,0
20261008,UCSes4X8uDrpc4X46hJKjejg,YHtB62qU1r8,104,5,7,wM-_mgUDfMk,2,0
20261008,UCSes4X8uDrpc4X46hJKjejg,YHtB62qU1r8,101,2,7,wN6J7OY1r4I,3,0
20261008,UCSes4X8uDrpc4X46hJKjejg,YHtB62qU1r8,101,9,7,wN6J7OY1r4I,8,0
20261008,UCSes4X8uDrpc4X46hJKjejg,YHtB62qU1r8,104,4,7,wN6J7OY1r4I,3,0
20261008,UCSes4X8uDrpc4X46hJKjejg,YHtB62qU1r8,104,5,7,wN6J7OY1r4I,1,0
20261008,UCSes4X8uDrpc4X46hJKjejg,YHtB62qU1r8,104,4,7,wNrfSeAUGZI,1,0
20261008,UCSes4X8uDrpc4X46hJKjejg,YHtB62qU1r8,101,2,7,wOnv7pGfEIU,3,0
20261008,UCSes4X8uDrpc4X46hJKjejg,YHtB62qU1r8,104,4,7,wOnv7pGfEIU,1,0
20261008,UCSes4X8uDrpc4X46hJKjejg,YHtB62qU1r8,104,5,7,wOnv7pGfEIU,5,0
20261008,UCSes4X8uDrpc4X46hJKjejg,YHtB62qU1r8,104,4,7,wW5JtY5TbNg,1,1
20261008,UCSes4X8uDrpc4X46hJKjejg,YHtB62qU1r8,104,4,7,wWUoTwSJRcg,1,0
20261008,UCSes4X8uDrpc4X46hJKjejg,YHtB62qU1r8,101,2,7,wondJWQ-zGc,2,0
20261008,UCSes4X8uDrpc4X46hJKjejg,YHtB62qU1r8,101,2,7,wttQnRI1jaA,1,0
20261008,UCSes4X8uDrpc4X46hJKjejg,YHtB62qU1r8,101,2,7,wx00qoZX68Y,15,0.066666666666666666
20261008,UCSes4X8uDrpc4X46hJKjejg,YHtB62qU1r8,101,9,7,wx00qoZX68Y,8,0
20261008,UCSes4X8uDrpc4X46hJKjejg,YHtB62qU1r8,104,4,7,wx00qoZX68Y,18,0
20261008,UCSes4X8uDrpc4X46hJKjejg,YHtB62qU1r8,104,5,7,wx00qoZX68Y,16,0
20261008,UCSes4X8uDrpc4X46hJKjejg,YHtB62qU1r8,101,2,7,x81B6SnYMMI,1,0
20261008,UCSes4X8uDrpc4X46hJKjejg,YHtB62qU1r8,104,4,7,x8KlqI4bT1c,2,0
20261008,UCSes4X8uDrpc4X46hJKjejg,YHtB62qU1r8,101,2,7,x9jVIqx0wPA,1,0
20261008,UCSes4X8uDrpc4X46hJKjejg,YHtB62qU1r8,101,2,7,xELLe-aQcFc,3,0
20261008,UCSes4X8uDrpc4X46hJKjejg,YHtB62qU1r8,101,9,7,xELLe-aQcFc,2,0
20261008,UCSes4X8uDrpc4X46hJKjejg,YHtB62qU1r8,101,9,7,xFMdDMELQIY,1,0
20261008,UCSes4X8uDrpc4X46hJKjejg,YHtB62qU1r8,104,4,7,xdk2eQ-cszc,1,0
20261008,UCSes4X8uDrpc4X46hJKjejg,YHtB62qU1r8,101,9,7,xoogoTzs_EM,1,0
20261008,UCSes4X8uDrpc4X46hJKjejg,YHtB62qU1r8,101,1,7,xp7qhCHyVPY,2,0
20261008,UCSes4X8uDrpc4X46hJKjejg,YHtB62qU1r8,101,2,7,xp7qhCHyVPY,15,0
20261008,UCSes4X8uDrpc4X46hJKjejg,YHtB62qU1r8,101,9,7,xp7qhCHyVPY,8,0
20261008,UCSes4X8uDrpc4X46hJKjejg,YHtB62qU1r8,102,19,7,xp7qhCHyVPY,1,0
20261008,UCSes4X8uDrpc4X46hJKjejg,YHtB62qU1r8,104,4,7,xp7qhCHyVPY,17,0.058823529411764705
20261008,UCSes4X8uDrpc4X46hJKjejg,YHtB62qU1r8,104,5,7,xp7qhCHyVPY,5,0.2
20261008,UCSes4X8uDrpc4X46hJKjejg,YHtB62qU1r8,104,4,7,xr3djjk8yJ0,2,0
20261008,UCSes4X8uDrpc4X46hJKjejg,YHtB62qU1r8,105,5,7,xr3djjk8yJ0,1,0
20261008,UCSes4X8uDrpc4X46hJKjejg,YHtB62qU1r8,104,5,7,y8htv0PCLLc,1,0
20261008,UCSes4X8uDrpc4X46hJKjejg,YHtB62qU1r8,104,4,7,y8js21UYKz4,1,1
20261008,UCSes4X8uDrpc4X46hJKjejg,YHtB62qU1r8,104,4,7,yEjj0rAChXM,1,0
20261008,UCSes4X8uDrpc4X46hJKjejg,YHtB62qU1r8,104,5,7,yNtLyxP6_N8,1,0
20261008,UCSes4X8uDrpc4X46hJKjejg,YHtB62qU1r8,101,2,7,yTgG7dOoRI8,1,0
20261008,UCSes4X8uDrpc4X46hJKjejg,YHtB62qU1r8,101,9,7,yVDIW_czMiI,1,0
20261008,UCSes4X8uDrpc4X46hJKjejg,YHtB62qU1r8,101,2,7,yen0u0KENrE,9,0.1111111111111111
20261008,UCSes4X8uDrpc4X46hJKjejg,YHtB62qU1r8,102,4,7,yen0u0KENrE,1,1
20261008,UCSes4X8uDrpc4X46hJKjejg,YHtB62qU1r8,102,26,7,yen0u0KENrE,1,0
20261008,UCSes4X8uDrpc4X46hJKjejg,YHtB62qU1r8,104,4,7,yen0u0KENrE,7,0
20261008,UCSes4X8uDrpc4X46hJKjejg,YHtB62qU1r8,104,5,7,yen0u0KENrE,3,0
20261008,UCSes4X8uDrpc4X46hJKjejg,YHtB62qU1r8,104,4,7,yoYrqYiQd2Y,1,0
20261008,UCSes4X8uDrpc4X46hJKjejg,YHtB62qU1r8,104,4,7,yvYgyhdusO8,1,0
20261008,UCSes4X8uDrpc4X46hJKjejg,YHtB62qU1r8,104,5,7,yypjJinspCE,2,0
20261008,UCSes4X8uDrpc4X46hJKjejg,YHtB62qU1r8,101,2,7,z6ZOIJVRbjk,1,0
20261008,UCSes4X8uDrpc4X46hJKjejg,YHtB62qU1r8,104,5,7,zDqNFp0fDo4,2,0.5
20261008,UCSes4X8uDrpc4X46hJKjejg,YHtB62qU1r8,104,5,7,zG80NRs3G_g,2,0.5
20261008,UCSes4X8uDrpc4X46hJKjejg,YHtB62qU1r8,101,2,7,zHBgJqG1nJo,17,0
20261008,UCSes4X8uDrpc4X46hJKjejg,YHtB62qU1r8,101,9,7,zHBgJqG1nJo,9,0
20261008,UCSes4X8uDrpc4X46hJKjejg,YHtB62qU1r8,104,4,7,zHBgJqG1nJo,9,0.1111111111111111
20261008,UCSes4X8uDrpc4X46hJKjejg,YHtB62qU1r8,104,5,7,zHBgJqG1nJo,26,0
20261008,UCSes4X8uDrpc4X46hJKjejg,YHtB62qU1r8,105,5,7,zHBgJqG1nJo,3,0.33333333333333331
20261008,UCSes4X8uDrpc4X46hJKjejg,YHtB62qU1r8,104,4,7,zIoPjcx3fO0,1,0
20261008,UCSes4X8uDrpc4X46hJKjejg,YHtB62qU1r8,104,4,7,zTNrVbLmB0U,1,0
20261008,UCSes4X8uDrpc4X46hJKjejg,YHtB62qU1r8,102,4,7,zaTpGbmX9ME,1,0
20261008,UCSes4X8uDrpc4X46hJKjejg,YHtB62qU1r8,104,4,7,zagqaXDjXKM,1,0
20261008,UCSes4X8uDrpc4X46hJKjejg,YHtB62qU1r8,104,5,7,zdi9M7Z4PZo,1,0
20261008,UCSes4X8uDrpc4X46hJKjejg,YHtB62qU1r8,101,9,7,zdsXBVg4sL4,1,0
20261008,UCSes4X8uDrpc4X46hJKjejg,YHtB62qU1r8,104,5,7,zdsXBVg4sL4,1,0
20261008,UCSes4X8uDrpc4X46hJKjejg,YHtB62qU1r8,101,9,7,zjHK9kjkqGg,1,0
20261008,UCSes4X8uDrpc4X46hJKjejg,YHtB62qU1r8,101,9,7,zm6H4XYz5e4,1,0
20261008,UCSes4X8uDrpc4X46hJKjejg,YHtB62qU1r8,104,5,7,ztXaHk06Dvw,1,0
20261008,UCSes4X8uDrpc4X46hJKjejg,YHtB62qU1r8,101,2,7,zyCb0wa8Twk,4,0
20261008,UCSes4X8uDrpc4X46hJKjejg,YHtB62qU1r8,101,9,7,zyCb0wa8Twk,3,0
20261008,UCSes4X8uDrpc4X46hJKjejg,YHtB62qU1r8,104,4,7,zyCb0wa8Twk,1,0
20261008,UCSes4X8uDrpc4X46hJKjejg,YHtB62qU1r8,104,5,7,zyCb0wa8Twk,6,0
20261008,UCSes4X8uDrpc4X46hJKjejg,YHtB62qU1r8,105,5,14,PLWrmaNYsIpcNDc761gQoDjcXcwb4UKKfy,1,0
20261008,UCSes4X8uDrpc4X46hJKjejg,YHtB62qU1r8,104,4,14,QP,3,0
20261008,UCSes4X8uDrpc4X46hJKjejg,YHtB62qU1r8,101,9,14,TL,4,0
20261008,UCSes4X8uDrpc4X46hJKjejg,YHtB62qU1r8,104,5,14,my-likes,3,0
20261008,UCSes4X8uDrpc4X46hJKjejg,YHtB62qU1r8,101,9,18,unknown,1,0
20261008,UCSes4X8uDrpc4X46hJKjejg,YHtB62qU1r8,104,4,18,unknown,3,0
20261008,UCSes4X8uDrpc4X46hJKjejg,YHtB62qU1r8,104,5,18,unknown,5,0
20261008,UCSes4X8uDrpc4X46hJKjejg,YHtB62qU1r8,105,5,18,unknown,2,0
20261008,UCSes4X8uDrpc4X46hJKjejg,YTJd5XYZ-DM,101,2,4,UCSes4X8uDrpc4X46hJKjejg,1,0
20261008,UCSes4X8uDrpc4X46hJKjejg,YTJd5XYZ-DM,101,9,5,unknown,1,0
20261008,UCSes4X8uDrpc4X46hJKjejg,YTJd5XYZ-DM,101,9,14,PLX3ZLYz4-6vE2_ZNLW5AfzbHTd1jTskDl,2,0
20261008,UCSes4X8uDrpc4X46hJKjejg,YTJd5XYZ-DM,104,4,18,unknown,1,0
20261008,UCSes4X8uDrpc4X46hJKjejg,YTtu9IXLwlI,101,2,4,UCSes4X8uDrpc4X46hJKjejg,1,0
20261008,UCSes4X8uDrpc4X46hJKjejg,YWmM-Tkjmvo,101,2,3,what-to-watch,4,0
20261008,UCSes4X8uDrpc4X46hJKjejg,YWmM-Tkjmvo,102,1,3,what-to-watch,3,0
20261008,UCSes4X8uDrpc4X46hJKjejg,YWmM-Tkjmvo,102,4,3,what-to-watch,2,0
20261008,UCSes4X8uDrpc4X46hJKjejg,YWmM-Tkjmvo,102,12,3,what-to-watch,2,0
20261008,UCSes4X8uDrpc4X46hJKjejg,YWmM-Tkjmvo,102,19,3,what-to-watch,5,0
20261008,UCSes4X8uDrpc4X46hJKjejg,YWmM-Tkjmvo,102,26,3,what-to-watch,4,0
20261008,UCSes4X8uDrpc4X46hJKjejg,YWmM-Tkjmvo,102,29,3,what-to-watch,4,0
20261008,UCSes4X8uDrpc4X46hJKjejg,YWmM-Tkjmvo,103,10,3,what-to-watch,1,0
20261008,UCSes4X8uDrpc4X46hJKjejg,YWmM-Tkjmvo,103,17,3,what-to-watch,1,0
20261008,UCSes4X8uDrpc4X46hJKjejg,YWmM-Tkjmvo,104,4,3,what-to-watch,2,0
20261008,UCSes4X8uDrpc4X46hJKjejg,YWmM-Tkjmvo,104,5,3,what-to-watch,7,0
20261008,UCSes4X8uDrpc4X46hJKjejg,YWmM-Tkjmvo,101,2,4,UCSes4X8uDrpc4X46hJKjejg,3,0.33333333333333331
20261008,UCSes4X8uDrpc4X46hJKjejg,YWmM-Tkjmvo,101,9,4,UCSes4X8uDrpc4X46hJKjejg,3,0
20261008,UCSes4X8uDrpc4X46hJKjejg,YWmM-Tkjmvo,101,30,4,UCSes4X8uDrpc4X46hJKjejg,1,0
20261008,UCSes4X8uDrpc4X46hJKjejg,YWmM-Tkjmvo,104,4,4,UCSes4X8uDrpc4X46hJKjejg,12,0
20261008,UCSes4X8uDrpc4X46hJKjejg,YWmM-Tkjmvo,104,5,4,UCSes4X8uDrpc4X46hJKjejg,11,0
20261008,UCSes4X8uDrpc4X46hJKjejg,YWmM-Tkjmvo,101,2,5,unknown,7,0
20261008,UCSes4X8uDrpc4X46hJKjejg,YWmM-Tkjmvo,101,9,5,unknown,1,0
20261008,UCSes4X8uDrpc4X46hJKjejg,YWmM-Tkjmvo,102,19,5,unknown,1,0
20261008,UCSes4X8uDrpc4X46hJKjejg,YWmM-Tkjmvo,102,29,5,unknown,1,0
20261008,UCSes4X8uDrpc4X46hJKjejg,YWmM-Tkjmvo,104,4,5,unknown,6,0.16666666666666666
20261008,UCSes4X8uDrpc4X46hJKjejg,YWmM-Tkjmvo,104,5,5,unknown,12,0.083333333333333329
20261008,UCSes4X8uDrpc4X46hJKjejg,YWmM-Tkjmvo,105,5,5,unknown,6,0
20261008,UCSes4X8uDrpc4X46hJKjejg,YWmM-Tkjmvo,101,2,14,PLX3ZLYz4-6vF1bjHk5zROfglVneetkfmx,1,0
20261008,UCSes4X8uDrpc4X46hJKjejg,YWmM-Tkjmvo,104,5,14,PLX3ZLYz4-6vF1bjHk5zROfglVneetkfmx,1,0
20261008,UCSes4X8uDrpc4X46hJKjejg,YWmM-Tkjmvo,102,26,18,unknown,1,0
20261008,UCSes4X8uDrpc4X46hJKjejg,YWmM-Tkjmvo,104,4,18,unknown,5,0
20261008,UCSes4X8uDrpc4X46hJKjejg,YWmM-Tkjmvo,104,5,18,unknown,3,0
20261008,UCSes4X8uDrpc4X46hJKjejg,YhdAEMxHbPQ,104,4,7,zcEe5svk2Vo,1,0
20261008,UCSes4X8uDrpc4X46hJKjejg,YqW2Prk9nvs,101,2,5,unknown,3,0
20261008,UCSes4X8uDrpc4X46hJKjejg,YqW2Prk9nvs,101,9,5,unknown,1,0
20261008,UCSes4X8uDrpc4X46hJKjejg,YqW2Prk9nvs,104,4,5,unknown,4,0
20261008,UCSes4X8uDrpc4X46hJKjejg,YqW2Prk9nvs,105,5,5,unknown,1,0
20261008,UCSes4X8uDrpc4X46hJKjejg,YsozfBAU5nI,101,9,4,UCSes4X8uDrpc4X46hJKjejg,1,0
20261008,UCSes4X8uDrpc4X46hJKjejg,YsozfBAU5nI,104,4,4,UCSes4X8uDrpc4X46hJKjejg,3,0
20261008,UCSes4X8uDrpc4X46hJKjejg,YsozfBAU5nI,104,5,4,UCSes4X8uDrpc4X46hJKjejg,2,0
20261008,UCSes4X8uDrpc4X46hJKjejg,YsozfBAU5nI,101,2,5,unknown,6,0
20261008,UCSes4X8uDrpc4X46hJKjejg,YsozfBAU5nI,102,19,5,unknown,1,0
20261008,UCSes4X8uDrpc4X46hJKjejg,YsozfBAU5nI,103,10,5,unknown,1,0
20261008,UCSes4X8uDrpc4X46hJKjejg,YsozfBAU5nI,104,4,5,unknown,3,0
20261008,UCSes4X8uDrpc4X46hJKjejg,YsozfBAU5nI,104,5,18,unknown,1,0
20261008,UCSes4X8uDrpc4X46hJKjejg,YunIKDzyezI,101,9,5,unknown,2,0
20261008,UCSes4X8uDrpc4X46hJKjejg,YunIKDzyezI,101,9,14,PLX3ZLYz4-6vE2_ZNLW5AfzbHTd1jTskDl,1,0
20261008,UCSes4X8uDrpc4X46hJKjejg,Yv8IGcOVRKA,101,2,4,UCSes4X8uDrpc4X46hJKjejg,1,0
20261008,UCSes4X8uDrpc4X46hJKjejg,Yw9jmAwzBKM,101,2,5,unknown,2,0
20261008,UCSes4X8uDrpc4X46hJKjejg,Yw9jmAwzBKM,101,9,5,unknown,1,0
20261008,UCSes4X8uDrpc4X46hJKjejg,Yw9jmAwzBKM,104,4,5,unknown,4,0
20261008,UCSes4X8uDrpc4X46hJKjejg,YzGhtvIR9V4,104,4,5,unknown,1,0
20261008,UCSes4X8uDrpc4X46hJKjejg,Z0dmNYuly0I,104,4,5,unknown,4,0
20261008,UCSes4X8uDrpc4X46hJKjejg,Z2aOtGIhWdM,104,4,3,what-to-watch,5,0
20261008,UCSes4X8uDrpc4X46hJKjejg,Z2aOtGIhWdM,104,5,3,what-to-watch,4,0
20261008,UCSes4X8uDrpc4X46hJKjejg,Z2aOtGIhWdM,105,5,3,what-to-watch,2,0
20261008,UCSes4X8uDrpc4X46hJKjejg,Z2aOtGIhWdM,101,2,4,UCSes4X8uDrpc4X46hJKjejg,1,0
20261008,UCSes4X8uDrpc4X46hJKjejg,Z2aOtGIhWdM,104,5,4,UCSes4X8uDrpc4X46hJKjejg,2,0
20261008,UCSes4X8uDrpc4X46hJKjejg,Z2aOtGIhWdM,101,2,5,unknown,2,0
20261008,UCSes4X8uDrpc4X46hJKjejg,Z2aOtGIhWdM,102,4,5,unknown,1,0
20261008,UCSes4X8uDrpc4X46hJKjejg,Z2aOtGIhWdM,102,29,5,unknown,1,0
20261008,UCSes4X8uDrpc4X46hJKjejg,Z2aOtGIhWdM,104,4,5,unknown,1,0
20261008,UCSes4X8uDrpc4X46hJKjejg,Z2aOtGIhWdM,104,5,5,unknown,1,0
20261008,UCSes4X8uDrpc4X46hJKjejg,Z2aOtGIhWdM,102,12,7,XQ-Xnzj_uz4,1,0
20261008,UCSes4X8uDrpc4X46hJKjejg,Z2aOtGIhWdM,104,4,7,sGBauPhBcHs,2,0
20261008,UCSes4X8uDrpc4X46hJKjejg,Z2aOtGIhWdM,104,5,7,sGBauPhBcHs,1,0
20261008,UCSes4X8uDrpc4X46hJKjejg,Z2aOtGIhWdM,104,4,18,unknown,1,0
20261008,UCSes4X8uDrpc4X46hJKjejg,Z7QVkAQ5aA8,104,4,4,UCSes4X8uDrpc4X46hJKjejg,1,0
20261008,UCSes4X8uDrpc4X46hJKjejg,Z7QVkAQ5aA8,103,10,5,unknown,3,0.33333333333333331
20261008,UCSes4X8uDrpc4X46hJKjejg,Z7QVkAQ5aA8,104,4,18,unknown,1,0
20261008,UCSes4X8uDrpc4X46hJKjejg,Z8BjvfnaxZA,101,2,3,what-to-watch,1,0
20261008,UCSes4X8uDrpc4X46hJKjejg,Z8BjvfnaxZA,101,9,3,what-to-watch,1,0
20261008,UCSes4X8uDrpc4X46hJKjejg,Z8BjvfnaxZA,104,5,3,what-to-watch,2,0
20261008,UCSes4X8uDrpc4X46hJKjejg,Z8BjvfnaxZA,101,2,7,Bm7cQuUX34A,1,0
20261008,UCSes4X8uDrpc4X46hJKjejg,Z8BjvfnaxZA,104,4,7,ue9kalG3UvY,1,0
20261008,UCSes4X8uDrpc4X46hJKjejg,Z8BjvfnaxZA,104,4,7,zcEe5svk2Vo,1,0
20261008,UCSes4X8uDrpc4X46hJKjejg,Z9jUB39O5OU,104,5,4,UCSes4X8uDrpc4X46hJKjejg,4,0
20261008,UCSes4X8uDrpc4X46hJKjejg,Z9jUB39O5OU,103,10,5,unknown,1,0
20261008,UCSes4X8uDrpc4X46hJKjejg,ZAqPVGGi3C0,104,5,5,unknown,1,0
20261008,UCSes4X8uDrpc4X46hJKjejg,ZED77MceAsY,101,2,4,UCSes4X8uDrpc4X46hJKjejg,1,0
20261008,UCSes4X8uDrpc4X46hJKjejg,ZED77MceAsY,104,4,4,UCSes4X8uDrpc4X46hJKjejg,1,2
20261008,UCSes4X8uDrpc4X46hJKjejg,ZFkFAogQCLI,101,2,4,UCSes4X8uDrpc4X46hJKjejg,1,0
20261008,UCSes4X8uDrpc4X46hJKjejg,ZGYi_dYF-rA,104,4,4,UCSes4X8uDrpc4X46hJKjejg,1,0
20261008,UCSes4X8uDrpc4X46hJKjejg,ZGYi_dYF-rA,101,2,5,unknown,1,0
20261008,UCSes4X8uDrpc4X46hJKjejg,ZNXTwCcU0bY,101,2,4,UCSes4X8uDrpc4X46hJKjejg,1,0
20261008,UCSes4X8uDrpc4X46hJKjejg,ZNd4pr6WcBg,104,4,5,unknown,1,0
20261008,UCSes4X8uDrpc4X46hJKjejg,ZPM1tlEWtNw,101,9,14,PLX3ZLYz4-6vE2_ZNLW5AfzbHTd1jTskDl,2,0
20261008,UCSes4X8uDrpc4X46hJKjejg,ZPM1tlEWtNw,101,9,18,unknown,3,0
20261008,UCSes4X8uDrpc4X46hJKjejg,ZPM1tlEWtNw,104,4,18,unknown,1,0
20261008,UCSes4X8uDrpc4X46hJKjejg,ZWiXw5xwnG8,104,5,5,unknown,2,0
20261008,UCSes4X8uDrpc4X46hJKjejg,ZWm1LAEzKxQ,104,4,5,unknown,2,0
20261008,UCSes4X8uDrpc4X46hJKjejg,ZYxC81zpCi0,101,2,3,what-to-watch,2,0
20261008,UCSes4X8uDrpc4X46hJKjejg,ZYxC81zpCi0,102,19,3,what-to-watch,1,0
20261008,UCSes4X8uDrpc4X46hJKjejg,ZYxC81zpCi0,102,29,3,what-to-watch,3,0
20261008,UCSes4X8uDrpc4X46hJKjejg,ZYxC81zpCi0,104,4,3,what-to-watch,2,0
20261008,UCSes4X8uDrpc4X46hJKjejg,ZYxC81zpCi0,104,5,3,what-to-watch,2,0
20261008,UCSes4X8uDrpc4X46hJKjejg,ZYxC81zpCi0,105,5,3,what-to-watch,3,0
20261008,UCSes4X8uDrpc4X46hJKjejg,ZYxC81zpCi0,101,2,4,UCSes4X8uDrpc4X46hJKjejg,1,0
20261008,UCSes4X8uDrpc4X46hJKjejg,ZYxC81zpCi0,102,19,4,UCSes4X8uDrpc4X46hJKjejg,1,0
20261008,UCSes4X8uDrpc4X46hJKjejg,ZYxC81zpCi0,104,5,4,UCSes4X8uDrpc4X46hJKjejg,4,0
20261008,UCSes4X8uDrpc4X46hJKjejg,ZYxC81zpCi0,101,2,5,unknown,5,0
20261008,UCSes4X8uDrpc4X46hJKjejg,ZYxC81zpCi0,104,5,7,GNWBOl3uFF4,1,0
20261008,UCSes4X8uDrpc4X46hJKjejg,ZYxC81zpCi0,101,2,7,JRmIQVaJBfg,1,0
20261008,UCSes4X8uDrpc4X46hJKjejg,ZYxC81zpCi0,104,5,7,PeMHxUwuByQ,1,0
20261008,UCSes4X8uDrpc4X46hJKjejg,ZYxC81zpCi0,101,9,14,PLX3ZLYz4-6vE2_ZNLW5AfzbHTd1jTskDl,1,0
20261008,UCSes4X8uDrpc4X46hJKjejg,ZYxC81zpCi0,104,4,14,PLX3ZLYz4-6vE2_ZNLW5AfzbHTd1jTskDl,8,0.125
20261008,UCSes4X8uDrpc4X46hJKjejg,ZYxC81zpCi0,101,9,18,unknown,1,0
20261008,UCSes4X8uDrpc4X46hJKjejg,ZYxC81zpCi0,103,10,18,unknown,1,0
20261008,UCSes4X8uDrpc4X46hJKjejg,ZYxC81zpCi0,104,4,18,unknown,4,0
20261008,UCSes4X8uDrpc4X46hJKjejg,ZYxC81zpCi0,104,5,18,unknown,1,0
20261008,UCSes4X8uDrpc4X46hJKjejg,Za2jZfZdBao,104,4,4,UCSes4X8uDrpc4X46hJKjejg,1,0
20261008,UCSes4X8uDrpc4X46hJKjejg,Za2jZfZdBao,101,2,5,unknown,6,0
20261008,UCSes4X8uDrpc4X46hJKjejg,Za2jZfZdBao,104,4,5,unknown,7,0.14285714285714285
20261008,UCSes4X8uDrpc4X46hJKjejg,Za2jZfZdBao,104,5,5,unknown,10,0
20261008,UCSes4X8uDrpc4X46hJKjejg,Za2jZfZdBao,105,5,5,unknown,3,0
20261008,UCSes4X8uDrpc4X46hJKjejg,Za2jZfZdBao,104,5,18,unknown,1,0
20261008,UCSes4X8uDrpc4X46hJKjejg,ZlPlj9Va0ps,101,2,4,UCSes4X8uDrpc4X46hJKjejg,1,0
20261008,UCSes4X8uDrpc4X46hJKjejg,ZojqfXQwdX8,101,9,3,what-to-watch,1,0
20261008,UCSes4X8uDrpc4X46hJKjejg,ZojqfXQwdX8,102,19,3,what-to-watch,2,0
20261008,UCSes4X8uDrpc4X46hJKjejg,ZojqfXQwdX8,102,26,3,what-to-watch,2,0
20261008,UCSes4X8uDrpc4X46hJKjejg,ZojqfXQwdX8,104,4,3,what-to-watch,1,0
20261008,UCSes4X8uDrpc4X46hJKjejg,ZojqfXQwdX8,105,5,3,what-to-watch,3,0
20261008,UCSes4X8uDrpc4X46hJKjejg,ZojqfXQwdX8,101,2,4,UCSes4X8uDrpc4X46hJKjejg,1,0
20261008,UCSes4X8uDrpc4X46hJKjejg,ZojqfXQwdX8,103,10,5,unknown,1,0
20261008,UCSes4X8uDrpc4X46hJKjejg,ZojqfXQwdX8,104,5,5,unknown,1,0
20261008,UCSes4X8uDrpc4X46hJKjejg,ZpuhxsgE-7M,102,12,3,what-to-watch,1,0
20261008,UCSes4X8uDrpc4X46hJKjejg,ZpuhxsgE-7M,104,4,3,what-to-watch,4,0.25
20261008,UCSes4X8uDrpc4X46hJKjejg,ZpuhxsgE-7M,104,5,3,what-to-watch,1,1
20261008,UCSes4X8uDrpc4X46hJKjejg,ZpuhxsgE-7M,104,4,4,UCSes4X8uDrpc4X46hJKjejg,1,0
20261008,UCSes4X8uDrpc4X46hJKjejg,ZpuhxsgE-7M,101,2,5,unknown,2,0
20261008,UCSes4X8uDrpc4X46hJKjejg,ZpuhxsgE-7M,102,4,5,unknown,2,0
20261008,UCSes4X8uDrpc4X46hJKjejg,ZpuhxsgE-7M,102,19,5,unknown,2,0
20261008,UCSes4X8uDrpc4X46hJKjejg,ZpuhxsgE-7M,102,26,5,unknown,4,0.25
20261008,UCSes4X8uDrpc4X46hJKjejg,ZpuhxsgE-7M,102,29,5,unknown,1,0
20261008,UCSes4X8uDrpc4X46hJKjejg,ZpuhxsgE-7M,103,17,5,unknown,5,0
20261008,UCSes4X8uDrpc4X46hJKjejg,ZpuhxsgE-7M,104,4,5,unknown,8,0.125
20261008,UCSes4X8uDrpc4X46hJKjejg,ZpuhxsgE-7M,104,5,5,unknown,9,0.22222222222222221
20261008,UCSes4X8uDrpc4X46hJKjejg,ZpuhxsgE-7M,105,4,5,unknown,2,0
20261008,UCSes4X8uDrpc4X46hJKjejg,ZpuhxsgE-7M,105,5,5,unknown,1,0
20261008,UCSes4X8uDrpc4X46hJKjejg,ZpuhxsgE-7M,104,5,18,unknown,1,0
20261008,UCSes4X8uDrpc4X46hJKjejg,_2utdeWP6UI,101,2,4,UCSes4X8uDrpc4X46hJKjejg,1,0
20261008,UCSes4X8uDrpc4X46hJKjejg,_2utdeWP6UI,101,2,7,FA8XLxSxnqw,1,0
20261008,UCSes4X8uDrpc4X46hJKjejg,_2utdeWP6UI,104,5,7,FO1G0Ye1EMc,1,0
20261008,UCSes4X8uDrpc4X46hJKjejg,_2utdeWP6UI,102,4,7,llxHyECqm6A,1,1
20261008,UCSes4X8uDrpc4X46hJKjejg,_4M43F5OkfA,101,9,3,what-to-watch,1,0
20261008,UCSes4X8uDrpc4X46hJKjejg,_4MlEYr8YCQ,101,9,14,PLX3ZLYz4-6vE2_ZNLW5AfzbHTd1jTskDl,1,0
20261008,UCSes4X8uDrpc4X46hJKjejg,_4MlEYr8YCQ,101,9,18,unknown,1,0
20261008,UCSes4X8uDrpc4X46hJKjejg,_4MlEYr8YCQ,104,4,18,unknown,2,0
20261008,UCSes4X8uDrpc4X46hJKjejg,_4_QRdllUJY,102,19,3,what-to-watch,1,0
20261008,UCSes4X8uDrpc4X46hJKjejg,_4_QRdllUJY,101,2,4,UCSes4X8uDrpc4X46hJKjejg,1,0
20261008,UCSes4X8uDrpc4X46hJKjejg,_7SfFtrevyk,104,5,18,unknown,1,0
20261008,UCSes4X8uDrpc4X46hJKjejg,_88BKGbZUdE,104,4,3,what-to-watch,1,0
20261008,UCSes4X8uDrpc4X46hJKjejg,_88BKGbZUdE,104,5,4,UCSes4X8uDrpc4X46hJKjejg,4,0.25
20261008,UCSes4X8uDrpc4X46hJKjejg,_88BKGbZUdE,102,1,5,unknown,1,0
20261008,UCSes4X8uDrpc4X46hJKjejg,_88BKGbZUdE,102,29,5,unknown,1,0
20261008,UCSes4X8uDrpc4X46hJKjejg,_88BKGbZUdE,104,4,7,u-ZhARTtoTE,1,0
20261008,UCSes4X8uDrpc4X46hJKjejg,_JUn-uRTUZA,101,2,4,UCSes4X8uDrpc4X46hJKjejg,3,0
20261008,UCSes4X8uDrpc4X46hJKjejg,_JUn-uRTUZA,101,9,4,UCSes4X8uDrpc4X46hJKjejg,3,0
20261008,UCSes4X8uDrpc4X46hJKjejg,_JUn-uRTUZA,101,30,4,UCSes4X8uDrpc4X46hJKjejg,1,0
20261008,UCSes4X8uDrpc4X46hJKjejg,_JUn-uRTUZA,104,4,4,UCSes4X8uDrpc4X46hJKjejg,10,0.1
20261008,UCSes4X8uDrpc4X46hJKjejg,_JUn-uRTUZA,104,5,4,UCSes4X8uDrpc4X46hJKjejg,9,0
20261008,UCSes4X8uDrpc4X46hJKjejg,_JUn-uRTUZA,102,1,5,unknown,1,0
20261008,UCSes4X8uDrpc4X46hJKjejg,_JUn-uRTUZA,102,4,5,unknown,1,0
20261008,UCSes4X8uDrpc4X46hJKjejg,_JUn-uRTUZA,104,4,5,unknown,1,0
20261008,UCSes4X8uDrpc4X46hJKjejg,_JUn-uRTUZA,104,5,5,unknown,2,0
20261008,UCSes4X8uDrpc4X46hJKjejg,_JUn-uRTUZA,101,2,14,PLX3ZLYz4-6vF1bjHk5zROfglVneetkfmx,1,0
20261008,UCSes4X8uDrpc4X46hJKjejg,_JUn-uRTUZA,104,5,14,PLX3ZLYz4-6vF1bjHk5zROfglVneetkfmx,1,0
20261008,UCSes4X8uDrpc4X46hJKjejg,_KzBjYnaoSQ,102,29,7,a_Q8pF1c6ds,1,0
20261008,UCSes4X8uDrpc4X46hJKjejg,_PxJB8E3Irg,101,9,4,UCSes4X8uDrpc4X46hJKjejg,1,0
20261008,UCSes4X8uDrpc4X46hJKjejg,_PxJB8E3Irg,104,4,4,UCSes4X8uDrpc4X46hJKjejg,1,0
20261008,UCSes4X8uDrpc4X46hJKjejg,_QSU5kf-qK4,101,2,5,unknown,1,0
20261008,UCSes4X8uDrpc4X46hJKjejg,_QSU5kf-qK4,101,9,5,unknown,2,0
20261008,UCSes4X8uDrpc4X46hJKjejg,_QSU5kf-qK4,102,4,5,unknown,1,0
20261008,UCSes4X8uDrpc4X46hJKjejg,_QSU5kf-qK4,102,26,5,unknown,3,0
20261008,UCSes4X8uDrpc4X46hJKjejg,_QSU5kf-qK4,102,29,5,unknown,2,0
20261008,UCSes4X8uDrpc4X46hJKjejg,_QSU5kf-qK4,103,10,5,unknown,5,0
20261008,UCSes4X8uDrpc4X46hJKjejg,_QSU5kf-qK4,103,17,5,unknown,1,0
20261008,UCSes4X8uDrpc4X46hJKjejg,_QSU5kf-qK4,104,4,5,unknown,7,0
20261008,UCSes4X8uDrpc4X46hJKjejg,_QSU5kf-qK4,104,5,5,unknown,7,0
20261008,UCSes4X8uDrpc4X46hJKjejg,_QSU5kf-qK4,105,5,5,unknown,6,0.16666666666666666
20261008,UCSes4X8uDrpc4X46hJKjejg,_U6yrfOLBgc,104,5,5,unknown,1,0
20261008,UCSes4X8uDrpc4X46hJKjejg,_XmSZvk02dA,101,2,4,UCSes4X8uDrpc4X46hJKjejg,1,0
20261008,UCSes4X8uDrpc4X46hJKjejg,_cT0DmV6Qzs,101,2,5,unknown,1,0
20261008,UCSes4X8uDrpc4X46hJKjejg,_cT0DmV6Qzs,104,5,5,unknown,2,0
20261008,UCSes4X8uDrpc4X46hJKjejg,_dE10MN31TE,104,5,4,UCSes4X8uDrpc4X46hJKjejg,4,0
20261008,UCSes4X8uDrpc4X46hJKjejg,_dE10MN31TE,102,1,5,unknown,2,0
20261008,UCSes4X8uDrpc4X46hJKjejg,_kYzm9P5-HY,101,9,5,unknown,1,0
20261008,UCSes4X8uDrpc4X46hJKjejg,_nLQ3Vbdzx0,104,4,3,what-to-watch,1,0
20261008,UCSes4X8uDrpc4X46hJKjejg,_nLQ3Vbdzx0,102,26,5,unknown,1,0
20261008,UCSes4X8uDrpc4X46hJKjejg,_nLQ3Vbdzx0,102,29,5,unknown,1,0
20261008,UCSes4X8uDrpc4X46hJKjejg,_nLQ3Vbdzx0,104,4,5,unknown,3,0
20261008,UCSes4X8uDrpc4X46hJKjejg,_nLQ3Vbdzx0,104,5,5,unknown,5,0.2
20261008,UCSes4X8uDrpc4X46hJKjejg,_nLQ3Vbdzx0,104,5,18,unknown,4,0
20261008,UCSes4X8uDrpc4X46hJKjejg,_nU3tUZaAHw,101,9,5,unknown,2,0
20261008,UCSes4X8uDrpc4X46hJKjejg,_nU3tUZaAHw,101,9,14,PLX3ZLYz4-6vE2_ZNLW5AfzbHTd1jTskDl,1,0
20261008,UCSes4X8uDrpc4X46hJKjejg,_tLOeO7HfXM,103,10,3,what-to-watch,1,0
20261008,UCSes4X8uDrpc4X46hJKjejg,_tLOeO7HfXM,101,2,5,unknown,1,0
20261008,UCSes4X8uDrpc4X46hJKjejg,_wDZGJxrWGg,101,2,5,unknown,1,0
20261008,UCSes4X8uDrpc4X46hJKjejg,_wDZGJxrWGg,101,30,5,unknown,1,0
20261008,UCSes4X8uDrpc4X46hJKjejg,a0gZFheQMtE,102,26,3,what-to-watch,1,0
20261008,UCSes4X8uDrpc4X46hJKjejg,a0gZFheQMtE,104,4,3,what-to-watch,1,0
20261008,UCSes4X8uDrpc4X46hJKjejg,a0gZFheQMtE,105,5,3,what-to-watch,1,0
20261008,UCSes4X8uDrpc4X46hJKjejg,a0gZFheQMtE,104,5,4,UCSes4X8uDrpc4X46hJKjejg,4,0
20261008,UCSes4X8uDrpc4X46hJKjejg,a0gZFheQMtE,101,9,5,unknown,1,0
20261008,UCSes4X8uDrpc4X46hJKjejg,a0gZFheQMtE,104,5,5,unknown,2,0
20261008,UCSes4X8uDrpc4X46hJKjejg,a0gZFheQMtE,101,2,7,zYvFd8gYmIk,1,0
20261008,UCSes4X8uDrpc4X46hJKjejg,a0gZFheQMtE,102,29,7,zYvFd8gYmIk,1,0
20261008,UCSes4X8uDrpc4X46hJKjejg,a5mSQjfGBZU,101,2,4,UCSes4X8uDrpc4X46hJKjejg,1,0
20261008,UCSes4X8uDrpc4X46hJKjejg,a5mSQjfGBZU,102,4,5,unknown,1,0
20261008,UCSes4X8uDrpc4X46hJKjejg,a80T0xTyJDo,104,4,3,what-to-watch,1,0
20261008,UCSes4X8uDrpc4X46hJKjejg,a80T0xTyJDo,104,5,4,UCSes4X8uDrpc4X46hJKjejg,2,0
20261008,UCSes4X8uDrpc4X46hJKjejg,aC-PG5Uik1o,102,26,4,UCLh4znMEEDzabMHw-Ob0Cpg,1,0
20261008,UCSes4X8uDrpc4X46hJKjejg,aC-PG5Uik1o,104,5,4,UCSes4X8uDrpc4X46hJKjejg,3,0
20261008,UCSes4X8uDrpc4X46hJKjejg,aC-PG5Uik1o,101,2,5,unknown,1,0
20261008,UCSes4X8uDrpc4X46hJKjejg,aC-PG5Uik1o,104,5,5,unknown,1,0
20261008,UCSes4X8uDrpc4X46hJKjejg,aC-PG5Uik1o,104,5,18,unknown,1,0
20261008,UCSes4X8uDrpc4X46hJKjejg,aEqWh1j7Jqk,101,2,18,unknown,1,0
20261008,UCSes4X8uDrpc4X46hJKjejg,aEqWh1j7Jqk,104,4,18,unknown,1,0
20261008,UCSes4X8uDrpc4X46hJKjejg,aRVhTfMRkoU,104,5,4,UCSes4X8uDrpc4X46hJKjejg,2,0
20261008,UCSes4X8uDrpc4X46hJKjejg,aUW3inoL4fA,102,4,3,what-to-watch,1,0
20261008,UCSes4X8uDrpc4X46hJKjejg,aUW3inoL4fA,104,5,3,what-to-watch,1,0
20261008,UCSes4X8uDrpc4X46hJKjejg,aUW3inoL4fA,101,2,4,UCSes4X8uDrpc4X46hJKjejg,1,0
20261008,UCSes4X8uDrpc4X46hJKjejg,aUW3inoL4fA,102,4,5,unknown,1,0
20261008,UCSes4X8uDrpc4X46hJKjejg,a_Q8pF1c6ds,102,12,3,what-to-watch,1,0
20261008,UCSes4X8uDrpc4X46hJKjejg,a_Q8pF1c6ds,104,4,3,what-to-watch,1,0
20261008,UCSes4X8uDrpc4X46hJKjejg,a_Q8pF1c6ds,104,5,3,what-to-watch,1,0
20261008,UCSes4X8uDrpc4X46hJKjejg,a_Q8pF1c6ds,101,2,4,UCSes4X8uDrpc4X46hJKjejg,1,0
20261008,UCSes4X8uDrpc4X46hJKjejg,a_Q8pF1c6ds,101,2,5,unknown,1,0
20261008,UCSes4X8uDrpc4X46hJKjejg,a_Q8pF1c6ds,102,4,5,unknown,2,0.5
20261008,UCSes4X8uDrpc4X46hJKjejg,a_Q8pF1c6ds,102,19,5,unknown,2,0.5
20261008,UCSes4X8uDrpc4X46hJKjejg,a_Q8pF1c6ds,102,26,5,unknown,3,0
20261008,UCSes4X8uDrpc4X46hJKjejg,a_Q8pF1c6ds,102,29,5,unknown,5,0.2
20261008,UCSes4X8uDrpc4X46hJKjejg,a_Q8pF1c6ds,103,10,5,unknown,1,0
20261008,UCSes4X8uDrpc4X46hJKjejg,a_Q8pF1c6ds,103,17,5,unknown,1,0
20261008,UCSes4X8uDrpc4X46hJKjejg,a_Q8pF1c6ds,104,5,5,unknown,10,0
20261008,UCSes4X8uDrpc4X46hJKjejg,a_Q8pF1c6ds,101,9,7,XlB0WidquIk,1,0
20261008,UCSes4X8uDrpc4X46hJKjejg,a_ZUFHh_nJA,104,5,5,unknown,1,0
20261008,UCSes4X8uDrpc4X46hJKjejg,a_gJeGCqf4g,104,5,5,unknown,3,0.33333333333333331
20261008,UCSes4X8uDrpc4X46hJKjejg,a_gJeGCqf4g,105,5,5,unknown,1,0
20261008,UCSes4X8uDrpc4X46hJKjejg,ailtWfRsxTs,104,4,5,unknown,1,0
20261008,UCSes4X8uDrpc4X46hJKjejg,ailtWfRsxTs,105,5,5,unknown,2,0
20261008,UCSes4X8uDrpc4X46hJKjejg,aniUY_3CpGY,104,5,4,UCSes4X8uDrpc4X46hJKjejg,2,0
20261008,UCSes4X8uDrpc4X46hJKjejg,aniUY_3CpGY,104,5,5,unknown,2,0.5
20261008,UCSes4X8uDrpc4X46hJKjejg,apguqLi-hhk,101,2,3,what-to-watch,2,0
20261008,UCSes4X8uDrpc4X46hJKjejg,apguqLi-hhk,102,29,3,what-to-watch,1,0
20261008,UCSes4X8uDrpc4X46hJKjejg,apguqLi-hhk,104,4,3,what-to-watch,1,0
20261008,UCSes4X8uDrpc4X46hJKjejg,apguqLi-hhk,104,5,3,what-to-watch,6,0
20261008,UCSes4X8uDrpc4X46hJKjejg,apguqLi-hhk,101,2,4,UCSes4X8uDrpc4X46hJKjejg,1,0
20261008,UCSes4X8uDrpc4X46hJKjejg,apguqLi-hhk,104,5,4,UCSes4X8uDrpc4X46hJKjejg,4,0
20261008,UCSes4X8uDrpc4X46hJKjejg,apguqLi-hhk,102,19,5,unknown,1,0
20261008,UCSes4X8uDrpc4X46hJKjejg,apguqLi-hhk,104,5,5,unknown,2,0
20261008,UCSes4X8uDrpc4X46hJKjejg,apguqLi-hhk,101,2,7,84XwX8zGUOk,1,0
20261008,UCSes4X8uDrpc4X46hJKjejg,apguqLi-hhk,101,2,7,WzoOzxpSw34,1,0
20261008,UCSes4X8uDrpc4X46hJKjejg,apguqLi-hhk,104,4,7,bgSixq0dOKs,1,0
20261008,UCSes4X8uDrpc4X46hJKjejg,apguqLi-hhk,104,5,7,malUq3OaopM,1,0
20261008,UCSes4X8uDrpc4X46hJKjejg,apguqLi-hhk,104,5,7,wYBBfEpnRRw,1,0
20261008,UCSes4X8uDrpc4X46hJKjejg,apguqLi-hhk,104,4,14,PLoO3t02dijWJ1cvyIYPEIk6mz1b1jzhAl,2,0
20261008,UCSes4X8uDrpc4X46hJKjejg,apguqLi-hhk,103,10,18,unknown,4,0
20261008,UCSes4X8uDrpc4X46hJKjejg,apguqLi-hhk,104,4,18,unknown,1,0
20261008,UCSes4X8uDrpc4X46hJKjejg,apguqLi-hhk,104,5,18,unknown,2,0
20261008,UCSes4X8uDrpc4X46hJKjejg,aqdLiiYYi_4,101,2,4,UCSes4X8uDrpc4X46hJKjejg,1,0
20261008,UCSes4X8uDrpc4X46hJKjejg,aqdLiiYYi_4,101,9,5,unknown,1,0
20261008,UCSes4X8uDrpc4X46hJKjejg,aqdLiiYYi_4,101,9,14,PLX3ZLYz4-6vE2_ZNLW5AfzbHTd1jTskDl,2,0
20261008,UCSes4X8uDrpc4X46hJKjejg,arlbF6cjouQ,104,4,4,UCSes4X8uDrpc4X46hJKjejg,2,0.5
20261008,UCSes4X8uDrpc4X46hJKjejg,arlbF6cjouQ,104,5,5,unknown,3,0
20261008,UCSes4X8uDrpc4X46hJKjejg,azx1DHos9rk,104,5,5,unknown,1,0
20261008,UCSes4X8uDrpc4X46hJKjejg,b1Td0eFwikY,102,26,4,UCLh4znMEEDzabMHw-Ob0Cpg,1,0
20261008,UCSes4X8uDrpc4X46hJKjejg,b1Td0eFwikY,104,5,4,UCSes4X8uDrpc4X46hJKjejg,2,0
20261008,UCSes4X8uDrpc4X46hJKjejg,b2h1JNbQl_M,104,4,3,what-to-watch,2,0
20261008,UCSes4X8uDrpc4X46hJKjejg,b2h1JNbQl_M,104,5,3,what-to-watch,1,0
20261008,UCSes4X8uDrpc4X46hJKjejg,b3d58fgnghs,104,4,3,what-to-watch,1,0
20261008,UCSes4X8uDrpc4X46hJKjejg,b3d58fgnghs,101,9,7,I_NJ_iY8bJ0,1,0
20261008,UCSes4X8uDrpc4X46hJKjejg,b5IBqpbub08,102,26,4,UCLh4znMEEDzabMHw-Ob0Cpg,1,0
20261008,UCSes4X8uDrpc4X46hJKjejg,b5IBqpbub08,104,5,4,UCSes4X8uDrpc4X46hJKjejg,4,0
20261008,UCSes4X8uDrpc4X46hJKjejg,bFiMw6GMwcg,101,9,14,PLX3ZLYz4-6vE2_ZNLW5AfzbHTd1jTskDl,1,0
20261008,UCSes4X8uDrpc4X46hJKjejg,bFiMw6GMwcg,101,9,18,unknown,1,0
20261008,UCSes4X8uDrpc4X46hJKjejg,bFiMw6GMwcg,104,4,18,unknown,1,0
20261008,UCSes4X8uDrpc4X46hJKjejg,bK14uGRrRaU,101,2,4,UCSes4X8uDrpc4X46hJKjejg,2,0
20261008,UCSes4X8uDrpc4X46hJKjejg,bK14uGRrRaU,102,19,4,UCSes4X8uDrpc4X46hJKjejg,1,0
20261008,UCSes4X8uDrpc4X46hJKjejg,bK14uGRrRaU,104,4,4,UCSes4X8uDrpc4X46hJKjejg,3,0
20261008,UCSes4X8uDrpc4X46hJKjejg,bK14uGRrRaU,104,5,4,UCSes4X8uDrpc4X46hJKjejg,5,0
20261008,UCSes4X8uDrpc4X46hJKjejg,bK14uGRrRaU,101,2,5,unknown,1,0
20261008,UCSes4X8uDrpc4X46hJKjejg,bK14uGRrRaU,104,5,5,unknown,1,0
20261008,UCSes4X8uDrpc4X46hJKjejg,bK14uGRrRaU,101,9,14,PLX3ZLYz4-6vE2_ZNLW5AfzbHTd1jTskDl,1,0
20261008,UCSes4X8uDrpc4X46hJKjejg,bK14uGRrRaU,104,4,14,PLX3ZLYz4-6vE2_ZNLW5AfzbHTd1jTskDl,10,0.1
20261008,UCSes4X8uDrpc4X46hJKjejg,bK14uGRrRaU,101,9,18,unknown,1,0
20261008,UCSes4X8uDrpc4X46hJKjejg,bK14uGRrRaU,104,4,18,unknown,2,0
20261008,UCSes4X8uDrpc4X46hJKjejg,bPHuzptIyww,101,9,5,unknown,1,0
20261008,UCSes4X8uDrpc4X46hJKjejg,bPORsh6K6ec,101,9,5,unknown,2,0.5
20261008,UCSes4X8uDrpc4X46hJKjejg,bPORsh6K6ec,104,4,5,unknown,12,0
20261008,UCSes4X8uDrpc4X46hJKjejg,bPORsh6K6ec,104,5,5,unknown,3,0.33333333333333331
20261008,UCSes4X8uDrpc4X46hJKjejg,bPORsh6K6ec,105,5,5,unknown,1,0
20261008,UCSes4X8uDrpc4X46hJKjejg,bQEO6DmLkPg,101,2,5,unknown,1,1
20261008,UCSes4X8uDrpc4X46hJKjejg,bQEO6DmLkPg,101,9,5,unknown,1,0
20261008,UCSes4X8uDrpc4X46hJKjejg,bQEO6DmLkPg,104,4,5,unknown,1,0
20261008,UCSes4X8uDrpc4X46hJKjejg,bQEO6DmLkPg,104,5,5,unknown,8,0.125
20261008,UCSes4X8uDrpc4X46hJKjejg,bT31vHGfUrA,104,5,5,unknown,1,0
20261008,UCSes4X8uDrpc4X46hJKjejg,bUEcpPY0zV8,101,2,4,UCSes4X8uDrpc4X46hJKjejg,1,0
20261008,UCSes4X8uDrpc4X46hJKjejg,bZo2vSGZsBk,104,4,4,UCSes4X8uDrpc4X46hJKjejg,1,0
20261008,UCSes4X8uDrpc4X46hJKjejg,bZo2vSGZsBk,104,5,5,unknown,2,0
20261008,UCSes4X8uDrpc4X46hJKjejg,bZo2vSGZsBk,104,5,14,my-likes,1,0
20261008,UCSes4X8uDrpc4X46hJKjejg,bZo2vSGZsBk,104,4,18,unknown,1,0
20261008,UCSes4X8uDrpc4X46hJKjejg,bZo2vSGZsBk,104,5,18,unknown,3,0
20261008,UCSes4X8uDrpc4X46hJKjejg,b_yAPSYuyQY,101,9,3,what-to-watch,2,0.5
20261008,UCSes4X8uDrpc4X46hJKjejg,bf0XSusrN3g,101,1,3,what-to-watch,1,0
20261008,UCSes4X8uDrpc4X46hJKjejg,bf0XSusrN3g,101,2,3,what-to-watch,3,0.33333333333333331
20261008,UCSes4X8uDrpc4X46hJKjejg,bf0XSusrN3g,101,9,3,what-to-watch,3,0
20261008,UCSes4X8uDrpc4X46hJKjejg,bf0XSusrN3g,103,10,3,what-to-watch,2,0
20261008,UCSes4X8uDrpc4X46hJKjejg,bf0XSusrN3g,104,4,3,what-to-watch,8,0
20261008,UCSes4X8uDrpc4X46hJKjejg,bf0XSusrN3g,104,5,3,what-to-watch,20,0.15
20261008,UCSes4X8uDrpc4X46hJKjejg,bf0XSusrN3g,101,9,4,UCSes4X8uDrpc4X46hJKjejg,1,0
20261008,UCSes4X8uDrpc4X46hJKjejg,bf0XSusrN3g,104,4,4,UCSes4X8uDrpc4X46hJKjejg,2,0
20261008,UCSes4X8uDrpc4X46hJKjejg,bf0XSusrN3g,104,5,4,UCSes4X8uDrpc4X46hJKjejg,2,0
20261008,UCSes4X8uDrpc4X46hJKjejg,bf0XSusrN3g,101,2,5,unknown,1,0
20261008,UCSes4X8uDrpc4X46hJKjejg,bf0XSusrN3g,101,30,5,unknown,3,0
20261008,UCSes4X8uDrpc4X46hJKjejg,bf0XSusrN3g,102,4,5,unknown,2,0.5
20261008,UCSes4X8uDrpc4X46hJKjejg,bf0XSusrN3g,102,19,5,unknown,3,0
20261008,UCSes4X8uDrpc4X46hJKjejg,bf0XSusrN3g,104,4,5,unknown,5,0
20261008,UCSes4X8uDrpc4X46hJKjejg,bf0XSusrN3g,104,5,5,unknown,10,0.1
20261008,UCSes4X8uDrpc4X46hJKjejg,bf0XSusrN3g,105,5,5,unknown,1,0
20261008,UCSes4X8uDrpc4X46hJKjejg,bgTJnw7NRxw,104,5,5,unknown,4,0.25
20261008,UCSes4X8uDrpc4X46hJKjejg,bgTJnw7NRxw,105,5,14,my-likes,1,0
20261008,UCSes4X8uDrpc4X46hJKjejg,bgTJnw7NRxw,104,4,18,unknown,1,0
20261008,UCSes4X8uDrpc4X46hJKjejg,bgTJnw7NRxw,104,5,18,unknown,3,0
20261008,UCSes4X8uDrpc4X46hJKjejg,bjHNyb8c2Ec,102,1,3,what-to-watch,1,0
20261008,UCSes4X8uDrpc4X46hJKjejg,bjHNyb8c2Ec,104,4,3,what-to-watch,1,0
20261008,UCSes4X8uDrpc4X46hJKjejg,bjHNyb8c2Ec,104,5,5,unknown,2,0
20261008,UCSes4X8uDrpc4X46hJKjejg,bkGNuDS6ibU,104,5,3,what-to-watch,2,0
20261008,UCSes4X8uDrpc4X46hJKjejg,bkGNuDS6ibU,102,26,5,unknown,1,0
20261008,UCSes4X8uDrpc4X46hJKjejg,bkGNuDS6ibU,104,4,5,unknown,3,0
20261008,UCSes4X8uDrpc4X46hJKjejg,bkGNuDS6ibU,104,5,5,unknown,2,0
20261008,UCSes4X8uDrpc4X46hJKjejg,bkGNuDS6ibU,105,5,5,unknown,1,0
20261008,UCSes4X8uDrpc4X46hJKjejg,bpOv7cl7mlg,101,2,5,unknown,2,0
20261008,UCSes4X8uDrpc4X46hJKjejg,bpUgNPjcP90,101,2,14,PLX3ZLYz4-6vFapW85GvTgNr-4rJjgkzqi,1,0
20261008,UCSes4X8uDrpc4X46hJKjejg,bw1pVGwhTAM,101,2,4,UCSes4X8uDrpc4X46hJKjejg,1,0
20261008,UCSes4X8uDrpc4X46hJKjejg,c-sLq27d-jw,101,2,3,what-to-watch,1,1
20261008,UCSes4X8uDrpc4X46hJKjejg,c-sLq27d-jw,104,4,3,what-to-watch,1,0
20261008,UCSes4X8uDrpc4X46hJKjejg,c-sLq27d-jw,101,9,5,unknown,1,0
20261008,UCSes4X8uDrpc4X46hJKjejg,c-sLq27d-jw,101,9,14,PLX3ZLYz4-6vE2_ZNLW5AfzbHTd1jTskDl,1,0
20261008,UCSes4X8uDrpc4X46hJKjejg,c-sLq27d-jw,104,4,18,unknown,1,0
20261008,UCSes4X8uDrpc4X46hJKjejg,cDEy2e8wqlc,101,2,5,unknown,1,0
20261008,UCSes4X8uDrpc4X46hJKjejg,cDEy2e8wqlc,102,19,5,unknown,10,0.2
20261008,UCSes4X8uDrpc4X46hJKjejg,cDEy2e8wqlc,104,4,5,unknown,1,0
20261008,UCSes4X8uDrpc4X46hJKjejg,cDEy2e8wqlc,104,5,5,unknown,9,0.22222222222222221
20261008,UCSes4X8uDrpc4X46hJKjejg,cIeHiNDWceo,104,4,5,unknown,1,0
20261008,UCSes4X8uDrpc4X46hJKjejg,cJVrzjm7YPs,101,2,3,what-to-watch,2,0
20261008,UCSes4X8uDrpc4X46hJKjejg,cJVrzjm7YPs,101,9,3,what-to-watch,3,0
20261008,UCSes4X8uDrpc4X46hJKjejg,cJVrzjm7YPs,102,29,3,what-to-watch,1,0
20261008,UCSes4X8uDrpc4X46hJKjejg,cJVrzjm7YPs,104,4,3,what-to-watch,3,0
20261008,UCSes4X8uDrpc4X46hJKjejg,cJVrzjm7YPs,104,5,3,what-to-watch,12,0.16666666666666666
20261008,UCSes4X8uDrpc4X46hJKjejg,cJVrzjm7YPs,101,9,4,UCSes4X8uDrpc4X46hJKjejg,1,0
20261008,UCSes4X8uDrpc4X46hJKjejg,cJVrzjm7YPs,104,4,4,UCSes4X8uDrpc4X46hJKjejg,3,0
20261008,UCSes4X8uDrpc4X46hJKjejg,cJVrzjm7YPs,104,5,4,UCSes4X8uDrpc4X46hJKjejg,2,0
20261008,UCSes4X8uDrpc4X46hJKjejg,cJVrzjm7YPs,101,2,5,unknown,1,0
20261008,UCSes4X8uDrpc4X46hJKjejg,cJVrzjm7YPs,105,5,5,unknown,1,0
20261008,UCSes4X8uDrpc4X46hJKjejg,cJVrzjm7YPs,104,5,18,unknown,1,0
20261008,UCSes4X8uDrpc4X46hJKjejg,cM7MCevfy5M,104,5,3,what-to-watch,1,0
20261008,UCSes4X8uDrpc4X46hJKjejg,cPNUjMULhU0,101,2,4,UCSes4X8uDrpc4X46hJKjejg,1,0
20261008,UCSes4X8uDrpc4X46hJKjejg,cPNUjMULhU0,101,9,5,unknown,1,0
20261008,UCSes4X8uDrpc4X46hJKjejg,cPNUjMULhU0,102,26,5,unknown,2,0
20261008,UCSes4X8uDrpc4X46hJKjejg,cPNUjMULhU0,101,9,14,PLX3ZLYz4-6vE2_ZNLW5AfzbHTd1jTskDl,1,0
20261008,UCSes4X8uDrpc4X46hJKjejg,cPqvlELxWVk,101,9,5,unknown,1,0
20261008,UCSes4X8uDrpc4X46hJKjejg,cRJ3dfuOiik,101,2,5,unknown,1,1
20261008,UCSes4X8uDrpc4X46hJKjejg,cRJ3dfuOiik,104,5,5,unknown,14,0.14285714285714285
20261008,UCSes4X8uDrpc4X46hJKjejg,cVAuJN9z3xw,104,5,5,unknown,2,0
20261008,UCSes4X8uDrpc4X46hJKjejg,ccQow_z6WDQ,104,5,3,what-to-watch,3,0
20261008,UCSes4X8uDrpc4X46hJKjejg,ccQow_z6WDQ,101,9,5,unknown,1,0
20261008,UCSes4X8uDrpc4X46hJKjejg,ccQow_z6WDQ,101,9,14,PLX3ZLYz4-6vE2_ZNLW5AfzbHTd1jTskDl,1,0
20261008,UCSes4X8uDrpc4X46hJKjejg,ccyDNnf-NPI,102,26,4,UCLh4znMEEDzabMHw-Ob0Cpg,1,0
20261008,UCSes4X8uDrpc4X46hJKjejg,ccyDNnf-NPI,104,5,4,UCSes4X8uDrpc4X46hJKjejg,4,0
20261008,UCSes4X8uDrpc4X46hJKjejg,cgwKmhg8f_A,104,5,5,unknown,2,0.5
20261008,UCSes4X8uDrpc4X46hJKjejg,chyP71G69Ro,101,9,5,unknown,2,0
20261008,UCSes4X8uDrpc4X46hJKjejg,chyP71G69Ro,101,9,14,PLX3ZLYz4-6vE2_ZNLW5AfzbHTd1jTskDl,1,0
20261008,UCSes4X8uDrpc4X46hJKjejg,cnlABtcxS5Y,104,5,5,unknown,1,0
20261008,UCSes4X8uDrpc4X46hJKjejg,cnlABtcxS5Y,101,9,18,unknown,1,0
20261008,UCSes4X8uDrpc4X46hJKjejg,csQkpsn38Co,104,4,3,what-to-watch,6,0.16666666666666666
20261008,UCSes4X8uDrpc4X46hJKjejg,csQkpsn38Co,101,2,5,unknown,1,0
20261008,UCSes4X8uDrpc4X46hJKjejg,csQkpsn38Co,104,4,5,unknown,2,0
20261008,UCSes4X8uDrpc4X46hJKjejg,ctnSSZJmx2o,101,2,4,UCSes4X8uDrpc4X46hJKjejg,1,0
20261008,UCSes4X8uDrpc4X46hJKjejg,ctnSSZJmx2o,101,9,5,unknown,1,0
20261008,UCSes4X8uDrpc4X46hJKjejg,ctnSSZJmx2o,101,9,14,PLX3ZLYz4-6vE2_ZNLW5AfzbHTd1jTskDl,1,0
20261008,UCSes4X8uDrpc4X46hJKjejg,cu44vXqOzPE,104,4,7,fmAjkVn8LfY,1,0
20261008,UCSes4X8uDrpc4X46hJKjejg,cwqyBhiOh2Y,104,5,3,what-to-watch,2,0
20261008,UCSes4X8uDrpc4X46hJKjejg,cwqyBhiOh2Y,101,2,4,UCSes4X8uDrpc4X46hJKjejg,1,0
20261008,UCSes4X8uDrpc4X46hJKjejg,cwqyBhiOh2Y,104,4,4,UCSes4X8uDrpc4X46hJKjejg,1,0
20261008,UCSes4X8uDrpc4X46hJKjejg,cz2aEyjvols,104,5,4,UCSes4X8uDrpc4X46hJKjejg,2,0
20261008,UCSes4X8uDrpc4X46hJKjejg,dBLmTHYXnvk,104,5,4,UCSes4X8uDrpc4X46hJKjejg,1,0
20261008,UCSes4X8uDrpc4X46hJKjejg,dBLmTHYXnvk,101,9,14,PLX3ZLYz4-6vE2_ZNLW5AfzbHTd1jTskDl,1,0
20261008,UCSes4X8uDrpc4X46hJKjejg,dBLmTHYXnvk,104,4,14,PLX3ZLYz4-6vE2_ZNLW5AfzbHTd1jTskDl,3,0
20261008,UCSes4X8uDrpc4X46hJKjejg,dBLmTHYXnvk,101,9,18,unknown,1,0
20261008,UCSes4X8uDrpc4X46hJKjejg,dBLmTHYXnvk,104,4,18,unknown,2,0
20261008,UCSes4X8uDrpc4X46hJKjejg,dJJN73f-B-8,104,5,3,what-to-watch,4,0
20261008,UCSes4X8uDrpc4X46hJKjejg,dJJN73f-B-8,105,5,3,what-to-watch,1,0
20261008,UCSes4X8uDrpc4X46hJKjejg,dJJN73f-B-8,101,2,4,UCSes4X8uDrpc4X46hJKjejg,1,0
20261008,UCSes4X8uDrpc4X46hJKjejg,dKoSQ-63gP4,101,1,3,what-to-watch,1,0
20261008,UCSes4X8uDrpc4X46hJKjejg,dKoSQ-63gP4,101,2,3,what-to-watch,53,0.11320754716981132
20261008,UCSes4X8uDrpc4X46hJKjejg,dKoSQ-63gP4,101,9,3,what-to-watch,39,0.076923076923076927
20261008,UCSes4X8uDrpc4X46hJKjejg,dKoSQ-63gP4,101,30,3,what-to-watch,7,0.14285714285714285
20261008,UCSes4X8uDrpc4X46hJKjejg,dKoSQ-63gP4,102,1,3,what-to-watch,13,0.076923076923076927
20261008,UCSes4X8uDrpc4X46hJKjejg,dKoSQ-63gP4,102,4,3,what-to-watch,53,0.018867924528301886
20261008,UCSes4X8uDrpc4X46hJKjejg,dKoSQ-63gP4,102,12,3,what-to-watch,19,0.052631578947368418
20261008,UCSes4X8uDrpc4X46hJKjejg,dKoSQ-63gP4,102,19,3,what-to-watch,48,0.041666666666666664
20261008,UCSes4X8uDrpc4X46hJKjejg,dKoSQ-63gP4,102,26,3,what-to-watch,71,0.042253521126760563
20261008,UCSes4X8uDrpc4X46hJKjejg,dKoSQ-63gP4,102,28,3,what-to-watch,8,0
20261008,UCSes4X8uDrpc4X46hJKjejg,dKoSQ-63gP4,102,29,3,what-to-watch,59,0.050847457627118647
20261008,UCSes4X8uDrpc4X46hJKjejg,dKoSQ-63gP4,102,31,3,what-to-watch,1,0
20261008,UCSes4X8uDrpc4X46hJKjejg,dKoSQ-63gP4,103,10,3,what-to-watch,27,0.07407407407407407
20261008,UCSes4X8uDrpc4X46hJKjejg,dKoSQ-63gP4,103,17,3,what-to-watch,24,0.083333333333333329
20261008,UCSes4X8uDrpc4X46hJKjejg,dKoSQ-63gP4,103,27,3,what-to-watch,1,0
20261008,UCSes4X8uDrpc4X46hJKjejg,dKoSQ-63gP4,104,4,3,what-to-watch,103,0.038834951456310676
20261008,UCSes4X8uDrpc4X46hJKjejg,dKoSQ-63gP4,104,5,3,what-to-watch,437,0.057208237986270026
20261008,UCSes4X8uDrpc4X46hJKjejg,dKoSQ-63gP4,105,5,3,what-to-watch,29,0.034482758620689655
20261008,UCSes4X8uDrpc4X46hJKjejg,dKoSQ-63gP4,101,2,4,UCSes4X8uDrpc4X46hJKjejg,1,0
20261008,UCSes4X8uDrpc4X46hJKjejg,dKoSQ-63gP4,104,4,4,UCSes4X8uDrpc4X46hJKjejg,4,0
20261008,UCSes4X8uDrpc4X46hJKjejg,dKoSQ-63gP4,104,5,4,UCSes4X8uDrpc4X46hJKjejg,9,0
20261008,UCSes4X8uDrpc4X46hJKjejg,dKoSQ-63gP4,101,2,5,unknown,1,0
20261008,UCSes4X8uDrpc4X46hJKjejg,dKoSQ-63gP4,101,9,5,unknown,3,0.33333333333333331
20261008,UCSes4X8uDrpc4X46hJKjejg,dKoSQ-63gP4,102,1,5,unknown,1,0
20261008,UCSes4X8uDrpc4X46hJKjejg,dKoSQ-63gP4,102,4,5,unknown,9,0
20261008,UCSes4X8uDrpc4X46hJKjejg,dKoSQ-63gP4,102,19,5,unknown,7,0
20261008,UCSes4X8uDrpc4X46hJKjejg,dKoSQ-63gP4,102,26,5,unknown,5,0
20261008,UCSes4X8uDrpc4X46hJKjejg,dKoSQ-63gP4,102,29,5,unknown,6,0
20261008,UCSes4X8uDrpc4X46hJKjejg,dKoSQ-63gP4,103,10,5,unknown,2,0
20261008,UCSes4X8uDrpc4X46hJKjejg,dKoSQ-63gP4,103,17,5,unknown,1,0
20261008,UCSes4X8uDrpc4X46hJKjejg,dKoSQ-63gP4,104,4,5,unknown,3,0
20261008,UCSes4X8uDrpc4X46hJKjejg,dKoSQ-63gP4,104,5,5,unknown,11,0
20261008,UCSes4X8uDrpc4X46hJKjejg,dKoSQ-63gP4,105,5,5,unknown,1,0
20261008,UCSes4X8uDrpc4X46hJKjejg,dKoSQ-63gP4,101,2,7,0b8eta7f8mY,2,0
20261008,UCSes4X8uDrpc4X46hJKjejg,dKoSQ-63gP4,101,9,7,0b8eta7f8mY,1,0
20261008,UCSes4X8uDrpc4X46hJKjejg,dKoSQ-63gP4,101,30,7,0b8eta7f8mY,1,0
20261008,UCSes4X8uDrpc4X46hJKjejg,dKoSQ-63gP4,102,4,7,0b8eta7f8mY,1,0
20261008,UCSes4X8uDrpc4X46hJKjejg,dKoSQ-63gP4,102,19,7,0b8eta7f8mY,1,0
20261008,UCSes4X8uDrpc4X46hJKjejg,dKoSQ-63gP4,104,5,7,0b8eta7f8mY,10,0
20261008,UCSes4X8uDrpc4X46hJKjejg,dKoSQ-63gP4,101,9,7,2WWo3dx60oI,1,0
20261008,UCSes4X8uDrpc4X46hJKjejg,dKoSQ-63gP4,101,9,7,6Ss_u74Obxw,1,0
20261008,UCSes4X8uDrpc4X46hJKjejg,dKoSQ-63gP4,104,4,7,9xWQqP-hUI4,1,0
20261008,UCSes4X8uDrpc4X46hJKjejg,dKoSQ-63gP4,101,2,7,BAUm7ZXQSfQ,2,0
20261008,UCSes4X8uDrpc4X46hJKjejg,dKoSQ-63gP4,104,5,7,BHauVDOTfZQ,2,0
20261008,UCSes4X8uDrpc4X46hJKjejg,dKoSQ-63gP4,101,2,7,BQLUOlrSWXE,1,0
20261008,UCSes4X8uDrpc4X46hJKjejg,dKoSQ-63gP4,101,9,7,BQLUOlrSWXE,1,0
20261008,UCSes4X8uDrpc4X46hJKjejg,dKoSQ-63gP4,101,9,7,CLam7rVHhmY,1,0
20261008,UCSes4X8uDrpc4X46hJKjejg,dKoSQ-63gP4,101,2,7,DYgYafn4Two,1,0
20261008,UCSes4X8uDrpc4X46hJKjejg,dKoSQ-63gP4,104,4,7,DjhN1oAGTYA,1,0
20261008,UCSes4X8uDrpc4X46hJKjejg,dKoSQ-63gP4,101,2,7,I2zVB86VmCY,1,0
20261008,UCSes4X8uDrpc4X46hJKjejg,dKoSQ-63gP4,104,5,7,ITwzTEeiVeA,1,0
20261008,UCSes4X8uDrpc4X46hJKjejg,dKoSQ-63gP4,104,5,7,JbEtuva3XhQ,1,0
20261008,UCSes4X8uDrpc4X46hJKjejg,dKoSQ-63gP4,104,5,7,L2QmrW0iEtE,1,0
20261008,UCSes4X8uDrpc4X46hJKjejg,dKoSQ-63gP4,101,9,7,Lmol28xsIC8,1,0
20261008,UCSes4X8uDrpc4X46hJKjejg,dKoSQ-63gP4,101,9,7,Pt8VhFsP2BU,1,0
20261008,UCSes4X8uDrpc4X46hJKjejg,dKoSQ-63gP4,104,5,7,Pwi2L8mUVzM,1,0
20261008,UCSes4X8uDrpc4X46hJKjejg,dKoSQ-63gP4,101,9,7,Q3Hyy8g7wUI,1,0
20261008,UCSes4X8uDrpc4X46hJKjejg,dKoSQ-63gP4,101,2,7,R2bYfmWVWYU,1,0
20261008,UCSes4X8uDrpc4X46hJKjejg,dKoSQ-63gP4,101,2,7,Sjr8ZJOEbEI,2,0
20261008,UCSes4X8uDrpc4X46hJKjejg,dKoSQ-63gP4,104,4,7,T1bXCH0WpHo,1,0
20261008,UCSes4X8uDrpc4X46hJKjejg,dKoSQ-63gP4,104,5,7,UEKO5Mr0oDE,1,0
20261008,UCSes4X8uDrpc4X46hJKjejg,dKoSQ-63gP4,101,2,7,UInvLgWU2YM,1,0
20261008,UCSes4X8uDrpc4X46hJKjejg,dKoSQ-63gP4,104,5,7,WAYYE5BMG6c,1,0
20261008,UCSes4X8uDrpc4X46hJKjejg,dKoSQ-63gP4,101,2,7,WivbQB_cvc0,4,0
20261008,UCSes4X8uDrpc4X46hJKjejg,dKoSQ-63gP4,101,9,7,WivbQB_cvc0,1,0
20261008,UCSes4X8uDrpc4X46hJKjejg,dKoSQ-63gP4,101,30,7,WivbQB_cvc0,1,0
20261008,UCSes4X8uDrpc4X46hJKjejg,dKoSQ-63gP4,104,4,7,WivbQB_cvc0,3,0
20261008,UCSes4X8uDrpc4X46hJKjejg,dKoSQ-63gP4,104,5,7,WivbQB_cvc0,7,0.14285714285714285
20261008,UCSes4X8uDrpc4X46hJKjejg,dKoSQ-63gP4,101,2,7,X-S3e0kgyMw,1,0
20261008,UCSes4X8uDrpc4X46hJKjejg,dKoSQ-63gP4,101,9,7,X5h9zY7OTEs,1,0
20261008,UCSes4X8uDrpc4X46hJKjejg,dKoSQ-63gP4,104,4,7,XbHhx18NZmo,1,0
20261008,UCSes4X8uDrpc4X46hJKjejg,dKoSQ-63gP4,104,5,7,aHPljsNzGIs,1,0
20261008,UCSes4X8uDrpc4X46hJKjejg,dKoSQ-63gP4,104,5,7,bV7tuPbWHjU,1,0
20261008,UCSes4X8uDrpc4X46hJKjejg,dKoSQ-63gP4,104,5,7,cZsPhvS9wWA,2,0
20261008,UCSes4X8uDrpc4X46hJKjejg,dKoSQ-63gP4,101,9,7,crKzDL_DHf4,1,0
20261008,UCSes4X8uDrpc4X46hJKjejg,dKoSQ-63gP4,104,4,7,e24XeawrUuE,1,0
20261008,UCSes4X8uDrpc4X46hJKjejg,dKoSQ-63gP4,104,4,7,fOJSqRxV5EQ,1,0
20261008,UCSes4X8uDrpc4X46hJKjejg,dKoSQ-63gP4,104,4,7,fidYFFiCRfE,1,0
20261008,UCSes4X8uDrpc4X46hJKjejg,dKoSQ-63gP4,101,9,7,hQUsdWWnSSI,1,0
20261008,UCSes4X8uDrpc4X46hJKjejg,dKoSQ-63gP4,104,5,7,hQUsdWWnSSI,1,0
20261008,UCSes4X8uDrpc4X46hJKjejg,dKoSQ-63gP4,104,4,7,ijxBKSL_58s,1,0
20261008,UCSes4X8uDrpc4X46hJKjejg,dKoSQ-63gP4,104,5,7,jeIqbsRkppw,2,0
20261008,UCSes4X8uDrpc4X46hJKjejg,dKoSQ-63gP4,101,2,7,jxGJdlBk2KY,1,1
20261008,UCSes4X8uDrpc4X46hJKjejg,dKoSQ-63gP4,104,5,7,k9OsNlUtAF8,1,0
20261008,UCSes4X8uDrpc4X46hJKjejg,dKoSQ-63gP4,104,4,7,mG48oSRnXLg,1,0
20261008,UCSes4X8uDrpc4X46hJKjejg,dKoSQ-63gP4,102,26,7,mTS3uxnzUZo,1,0
20261008,UCSes4X8uDrpc4X46hJKjejg,dKoSQ-63gP4,104,4,7,nF5BDfu3X28,1,0
20261008,UCSes4X8uDrpc4X46hJKjejg,dKoSQ-63gP4,101,9,7,nj347E4TVRs,1,0
20261008,UCSes4X8uDrpc4X46hJKjejg,dKoSQ-63gP4,104,5,7,oEiXqctQsgU,1,0
20261008,UCSes4X8uDrpc4X46hJKjejg,dKoSQ-63gP4,101,2,7,osaIYNUTMms,1,0
20261008,UCSes4X8uDrpc4X46hJKjejg,dKoSQ-63gP4,101,2,7,pOGIeaB7iXg,1,0
20261008,UCSes4X8uDrpc4X46hJKjejg,dKoSQ-63gP4,101,9,7,qkNI7sjW0Dk,1,0
20261008,UCSes4X8uDrpc4X46hJKjejg,dKoSQ-63gP4,104,5,7,sEd7UqZ2sYM,1,0
20261008,UCSes4X8uDrpc4X46hJKjejg,dKoSQ-63gP4,101,9,7,sWbhU0RBjT4,1,0
20261008,UCSes4X8uDrpc4X46hJKjejg,dKoSQ-63gP4,102,29,7,urZgWY1gN9I,1,0
20261008,UCSes4X8uDrpc4X46hJKjejg,dKoSQ-63gP4,104,5,7,wclo_fjyJOE,1,0
20261008,UCSes4X8uDrpc4X46hJKjejg,dKoSQ-63gP4,101,9,7,xIgbELfR7lk,1,0
20261008,UCSes4X8uDrpc4X46hJKjejg,dKoSQ-63gP4,104,5,7,xYxqBWSBgJ4,1,0
20261008,UCSes4X8uDrpc4X46hJKjejg,dKoSQ-63gP4,104,5,7,zUC4krPvCXU,1,0
20261008,UCSes4X8uDrpc4X46hJKjejg,dKoSQ-63gP4,102,19,7,zWYZ5va4R5s,1,0
20261008,UCSes4X8uDrpc4X46hJKjejg,dKoSQ-63gP4,104,4,18,unknown,1,0
20261008,UCSes4X8uDrpc4X46hJKjejg,dMO0RYXFN-Q,101,2,4,UCSes4X8uDrpc4X46hJKjejg,1,0
20261008,UCSes4X8uDrpc4X46hJKjejg,dTRVMFQDCNM,101,9,5,unknown,1,0
20261008,UCSes4X8uDrpc4X46hJKjejg,dVOt2PRoaRE,101,9,3,what-to-watch,1,0
20261008,UCSes4X8uDrpc4X46hJKjejg,dVOt2PRoaRE,104,5,4,UCSes4X8uDrpc4X46hJKjejg,4,0
20261008,UCSes4X8uDrpc4X46hJKjejg,dVOt2PRoaRE,101,2,5,unknown,1,0
20261008,UCSes4X8uDrpc4X46hJKjejg,dVOt2PRoaRE,102,12,5,unknown,1,0
20261008,UCSes4X8uDrpc4X46hJKjejg,dVOt2PRoaRE,102,26,5,unknown,1,0
20261008,UCSes4X8uDrpc4X46hJKjejg,dVOt2PRoaRE,104,4,5,unknown,2,0
20261008,UCSes4X8uDrpc4X46hJKjejg,dVOt2PRoaRE,104,5,18,unknown,1,0
20261008,UCSes4X8uDrpc4X46hJKjejg,dYnWhmnIwc8,101,2,5,unknown,2,0
20261008,UCSes4X8uDrpc4X46hJKjejg,dYnWhmnIwc8,104,4,5,unknown,2,0
20261008,UCSes4X8uDrpc4X46hJKjejg,dYnWhmnIwc8,105,5,5,unknown,1,0
20261008,UCSes4X8uDrpc4X46hJKjejg,dYnWhmnIwc8,104,5,14,my-likes,4,0
20261008,UCSes4X8uDrpc4X46hJKjejg,dYnWhmnIwc8,104,5,18,unknown,1,0
20261008,UCSes4X8uDrpc4X46hJKjejg,d_coZCmZG_4,101,2,3,what-to-watch,1,0
20261008,UCSes4X8uDrpc4X46hJKjejg,dalCFWF7QO4,101,2,4,UCSes4X8uDrpc4X46hJKjejg,1,0
20261008,UCSes4X8uDrpc4X46hJKjejg,dalCFWF7QO4,101,9,5,unknown,1,0
20261008,UCSes4X8uDrpc4X46hJKjejg,dalCFWF7QO4,101,9,14,PLX3ZLYz4-6vE2_ZNLW5AfzbHTd1jTskDl,1,0
20261008,UCSes4X8uDrpc4X46hJKjejg,desjJiqXjVw,105,5,3,what-to-watch,1,0
20261008,UCSes4X8uDrpc4X46hJKjejg,desjJiqXjVw,102,26,4,UCSes4X8uDrpc4X46hJKjejg,1,0
20261008,UCSes4X8uDrpc4X46hJKjejg,desjJiqXjVw,101,9,5,unknown,2,0
20261008,UCSes4X8uDrpc4X46hJKjejg,desjJiqXjVw,101,9,14,PLX3ZLYz4-6vE2_ZNLW5AfzbHTd1jTskDl,1,0
20261008,UCSes4X8uDrpc4X46hJKjejg,dgP0I7rPTlU,101,2,3,what-to-watch,8,0
20261008,UCSes4X8uDrpc4X46hJKjejg,dgP0I7rPTlU,101,9,3,what-to-watch,6,0
20261008,UCSes4X8uDrpc4X46hJKjejg,dgP0I7rPTlU,101,30,3,what-to-watch,2,0
20261008,UCSes4X8uDrpc4X46hJKjejg,dgP0I7rPTlU,102,4,3,what-to-watch,2,0
20261008,UCSes4X8uDrpc4X46hJKjejg,dgP0I7rPTlU,102,19,3,what-to-watch,3,0
20261008,UCSes4X8uDrpc4X46hJKjejg,dgP0I7rPTlU,102,26,3,what-to-watch,3,0
20261008,UCSes4X8uDrpc4X46hJKjejg,dgP0I7rPTlU,102,28,3,what-to-watch,2,0.5
20261008,UCSes4X8uDrpc4X46hJKjejg,dgP0I7rPTlU,104,4,3,what-to-watch,25,0.16
20261008,UCSes4X8uDrpc4X46hJKjejg,dgP0I7rPTlU,104,5,3,what-to-watch,20,0.15
20261008,UCSes4X8uDrpc4X46hJKjejg,dgP0I7rPTlU,101,9,4,UCSes4X8uDrpc4X46hJKjejg,1,0
20261008,UCSes4X8uDrpc4X46hJKjejg,dgP0I7rPTlU,104,4,4,UCSes4X8uDrpc4X46hJKjejg,1,0
20261008,UCSes4X8uDrpc4X46hJKjejg,dgP0I7rPTlU,101,2,5,unknown,3,0
20261008,UCSes4X8uDrpc4X46hJKjejg,dgP0I7rPTlU,102,1,5,unknown,1,0
20261008,UCSes4X8uDrpc4X46hJKjejg,dgP0I7rPTlU,102,4,5,unknown,3,0.33333333333333331
20261008,UCSes4X8uDrpc4X46hJKjejg,dgP0I7rPTlU,102,26,5,unknown,5,0
20261008,UCSes4X8uDrpc4X46hJKjejg,dgP0I7rPTlU,103,10,5,unknown,2,0
20261008,UCSes4X8uDrpc4X46hJKjejg,dgP0I7rPTlU,103,17,5,unknown,1,0
20261008,UCSes4X8uDrpc4X46hJKjejg,dgP0I7rPTlU,104,4,5,unknown,2,0
20261008,UCSes4X8uDrpc4X46hJKjejg,dgP0I7rPTlU,104,5,5,unknown,8,0
20261008,UCSes4X8uDrpc4X46hJKjejg,djIedkk9H5E,101,9,5,unknown,1,0
20261008,UCSes4X8uDrpc4X46hJKjejg,do4cUugrzEw,104,4,4,UCSes4X8uDrpc4X46hJKjejg,1,0
20261008,UCSes4X8uDrpc4X46hJKjejg,do4cUugrzEw,101,9,5,unknown,3,0
20261008,UCSes4X8uDrpc4X46hJKjejg,do4cUugrzEw,104,4,5,unknown,9,0.1111111111111111
20261008,UCSes4X8uDrpc4X46hJKjejg,do4cUugrzEw,104,5,5,unknown,6,0.16666666666666666
20261008,UCSes4X8uDrpc4X46hJKjejg,do4cUugrzEw,101,2,14,my-likes,3,0
20261008,UCSes4X8uDrpc4X46hJKjejg,do4cUugrzEw,104,4,14,my-likes,1,0
20261008,UCSes4X8uDrpc4X46hJKjejg,do4cUugrzEw,104,5,18,unknown,3,0
20261008,UCSes4X8uDrpc4X46hJKjejg,duUbOIZDS7s,101,2,3,what-to-watch,1,0
20261008,UCSes4X8uDrpc4X46hJKjejg,duUbOIZDS7s,102,1,3,what-to-watch,1,0
20261008,UCSes4X8uDrpc4X46hJKjejg,duUbOIZDS7s,102,26,3,what-to-watch,1,0
20261008,UCSes4X8uDrpc4X46hJKjejg,duUbOIZDS7s,104,4,3,what-to-watch,1,1
20261008,UCSes4X8uDrpc4X46hJKjejg,duUbOIZDS7s,104,5,3,what-to-watch,1,0
20261008,UCSes4X8uDrpc4X46hJKjejg,duUbOIZDS7s,101,2,5,unknown,1,1
20261008,UCSes4X8uDrpc4X46hJKjejg,duUbOIZDS7s,102,4,5,unknown,1,0
20261008,UCSes4X8uDrpc4X46hJKjejg,duUbOIZDS7s,102,12,5,unknown,2,0.5
20261008,UCSes4X8uDrpc4X46hJKjejg,duUbOIZDS7s,102,29,5,unknown,1,0
20261008,UCSes4X8uDrpc4X46hJKjejg,duUbOIZDS7s,103,10,5,unknown,2,0
20261008,UCSes4X8uDrpc4X46hJKjejg,duUbOIZDS7s,104,5,5,unknown,4,0
20261008,UCSes4X8uDrpc4X46hJKjejg,duUbOIZDS7s,105,5,5,unknown,2,0
20261008,UCSes4X8uDrpc4X46hJKjejg,dxH4dtkNOOU,101,2,4,UCSes4X8uDrpc4X46hJKjejg,1,0
20261008,UCSes4X8uDrpc4X46hJKjejg,e0uD3GAUbSg,104,4,3,what-to-watch,1,0
20261008,UCSes4X8uDrpc4X46hJKjejg,e0uD3GAUbSg,104,5,4,UCSes4X8uDrpc4X46hJKjejg,2,0
20261008,UCSes4X8uDrpc4X46hJKjejg,e4awgyk_Ypk,101,2,5,unknown,4,0.5
20261008,UCSes4X8uDrpc4X46hJKjejg,e4awgyk_Ypk,103,10,5,unknown,1,0
20261008,UCSes4X8uDrpc4X46hJKjejg,e4awgyk_Ypk,104,4,18,unknown,1,0
20261008,UCSes4X8uDrpc4X46hJKjejg,e7CxdG8sNlA,101,1,3,what-to-watch,1,0
20261008,UCSes4X8uDrpc4X46hJKjejg,e7CxdG8sNlA,101,2,3,what-to-watch,68,0.044117647058823532
20261008,UCSes4X8uDrpc4X46hJKjejg,e7CxdG8sNlA,101,9,3,what-to-watch,27,0.14814814814814814
20261008,UCSes4X8uDrpc4X46hJKjejg,e7CxdG8sNlA,101,30,3,what-to-watch,3,0
20261008,UCSes4X8uDrpc4X46hJKjejg,e7CxdG8sNlA,102,1,3,what-to-watch,12,0
20261008,UCSes4X8uDrpc4X46hJKjejg,e7CxdG8sNlA,102,4,3,what-to-watch,32,0.03125
20261008,UCSes4X8uDrpc4X46hJKjejg,e7CxdG8sNlA,102,12,3,what-to-watch,11,0
20261008,UCSes4X8uDrpc4X46hJKjejg,e7CxdG8sNlA,102,19,3,what-to-watch,35,0.085714285714285715
20261008,UCSes4X8uDrpc4X46hJKjejg,e7CxdG8sNlA,102,21,3,what-to-watch,2,0
20261008,UCSes4X8uDrpc4X46hJKjejg,e7CxdG8sNlA,102,26,3,what-to-watch,34,0.058823529411764705
20261008,UCSes4X8uDrpc4X46hJKjejg,e7CxdG8sNlA,102,28,3,what-to-watch,12,0
20261008,UCSes4X8uDrpc4X46hJKjejg,e7CxdG8sNlA,102,29,3,what-to-watch,36,0.027777777777777776
20261008,UCSes4X8uDrpc4X46hJKjejg,e7CxdG8sNlA,102,31,3,what-to-watch,1,0
20261008,UCSes4X8uDrpc4X46hJKjejg,e7CxdG8sNlA,103,10,3,what-to-watch,30,0
20261008,UCSes4X8uDrpc4X46hJKjejg,e7CxdG8sNlA,103,17,3,what-to-watch,20,0.05
20261008,UCSes4X8uDrpc4X46hJKjejg,e7CxdG8sNlA,104,4,3,what-to-watch,70,0.014285714285714285
20261008,UCSes4X8uDrpc4X46hJKjejg,e7CxdG8sNlA,104,5,3,what-to-watch,159,0.0440251572327044
20261008,UCSes4X8uDrpc4X46hJKjejg,e7CxdG8sNlA,105,5,3,what-to-watch,40,0
20261008,UCSes4X8uDrpc4X46hJKjejg,e7CxdG8sNlA,101,2,4,UCSes4X8uDrpc4X46hJKjejg,5,0
20261008,UCSes4X8uDrpc4X46hJKjejg,e7CxdG8sNlA,101,9,4,UCSes4X8uDrpc4X46hJKjejg,7,0
20261008,UCSes4X8uDrpc4X46hJKjejg,e7CxdG8sNlA,101,30,4,UCSes4X8uDrpc4X46hJKjejg,1,0
20261008,UCSes4X8uDrpc4X46hJKjejg,e7CxdG8sNlA,104,4,4,UCSes4X8uDrpc4X46hJKjejg,16,0.0625
20261008,UCSes4X8uDrpc4X46hJKjejg,e7CxdG8sNlA,104,5,4,UCSes4X8uDrpc4X46hJKjejg,20,0
20261008,UCSes4X8uDrpc4X46hJKjejg,e7CxdG8sNlA,102,26,5,unknown,1,0
20261008,UCSes4X8uDrpc4X46hJKjejg,e7CxdG8sNlA,104,4,5,unknown,1,0
20261008,UCSes4X8uDrpc4X46hJKjejg,e7CxdG8sNlA,104,5,5,unknown,1,0
20261008,UCSes4X8uDrpc4X46hJKjejg,e7CxdG8sNlA,101,9,7,-CjQjOd2JEA,1,0
20261008,UCSes4X8uDrpc4X46hJKjejg,e7CxdG8sNlA,102,29,7,-CjQjOd2JEA,1,0
20261008,UCSes4X8uDrpc4X46hJKjejg,e7CxdG8sNlA,101,2,7,2n5LJUyMtAk,2,0
20261008,UCSes4X8uDrpc4X46hJKjejg,e7CxdG8sNlA,101,9,7,2n5LJUyMtAk,4,0.25
20261008,UCSes4X8uDrpc4X46hJKjejg,e7CxdG8sNlA,102,28,7,2n5LJUyMtAk,1,0
20261008,UCSes4X8uDrpc4X46hJKjejg,e7CxdG8sNlA,102,29,7,2n5LJUyMtAk,2,0.5
20261008,UCSes4X8uDrpc4X46hJKjejg,e7CxdG8sNlA,104,4,7,2n5LJUyMtAk,2,0.5
20261008,UCSes4X8uDrpc4X46hJKjejg,e7CxdG8sNlA,104,5,7,2n5LJUyMtAk,6,0.16666666666666666
20261008,UCSes4X8uDrpc4X46hJKjejg,e7CxdG8sNlA,101,9,7,3U9mS2Mo6sk,1,0
20261008,UCSes4X8uDrpc4X46hJKjejg,e7CxdG8sNlA,104,4,7,8WEuCzJKNj4,1,0
20261008,UCSes4X8uDrpc4X46hJKjejg,e7CxdG8sNlA,104,5,7,Lqs0X7WbxkM,1,0
20261008,UCSes4X8uDrpc4X46hJKjejg,e7CxdG8sNlA,104,5,7,P0lAFcC5pKw,1,0
20261008,UCSes4X8uDrpc4X46hJKjejg,e7CxdG8sNlA,104,4,7,P2TCNgf7RlU,1,0
20261008,UCSes4X8uDrpc4X46hJKjejg,e7CxdG8sNlA,104,5,7,U9p5vub87Ro,1,0
20261008,UCSes4X8uDrpc4X46hJKjejg,e7CxdG8sNlA,101,2,7,d0XbLHUCGLI,1,0
20261008,UCSes4X8uDrpc4X46hJKjejg,e7CxdG8sNlA,104,4,7,mc2IJFwxLYQ,1,0
20261008,UCSes4X8uDrpc4X46hJKjejg,e7CxdG8sNlA,102,29,7,rqYAcQrMFmU,1,0
20261008,UCSes4X8uDrpc4X46hJKjejg,e7CxdG8sNlA,101,2,7,w2nRZlsNb5M,1,0
20261008,UCSes4X8uDrpc4X46hJKjejg,e7CxdG8sNlA,104,4,7,yN_SwJq3jeE,1,0
20261008,UCSes4X8uDrpc4X46hJKjejg,e7CxdG8sNlA,104,5,7,zTNrVbLmB0U,1,0
20261008,UCSes4X8uDrpc4X46hJKjejg,e7CxdG8sNlA,101,2,14,PLX3ZLYz4-6vF1bjHk5zROfglVneetkfmx,1,0
20261008,UCSes4X8uDrpc4X46hJKjejg,e7CxdG8sNlA,104,5,14,PLX3ZLYz4-6vF1bjHk5zROfglVneetkfmx,2,0
20261008,UCSes4X8uDrpc4X46hJKjejg,eAmJk-XzJZA,101,2,5,unknown,2,0
20261008,UCSes4X8uDrpc4X46hJKjejg,eAmJk-XzJZA,104,4,5,unknown,4,0
20261008,UCSes4X8uDrpc4X46hJKjejg,eAmJk-XzJZA,104,5,5,unknown,5,0
20261008,UCSes4X8uDrpc4X46hJKjejg,eAmJk-XzJZA,105,5,5,unknown,3,0
20261008,UCSes4X8uDrpc4X46hJKjejg,eBloJeXKtbE,102,12,5,unknown,1,0
20261008,UCSes4X8uDrpc4X46hJKjejg,eBloJeXKtbE,103,10,5,unknown,4,0
20261008,UCSes4X8uDrpc4X46hJKjejg,ePdXtNfowRo,101,1,3,what-to-watch,4,0
20261008,UCSes4X8uDrpc4X46hJKjejg,ePdXtNfowRo,101,2,3,what-to-watch,17,0
20261008,UCSes4X8uDrpc4X46hJKjejg,ePdXtNfowRo,101,9,3,what-to-watch,2,0
20261008,UCSes4X8uDrpc4X46hJKjejg,ePdXtNfowRo,102,4,3,what-to-watch,7,0.14285714285714285
20261008,UCSes4X8uDrpc4X46hJKjejg,ePdXtNfowRo,102,12,3,what-to-watch,1,0
20261008,UCSes4X8uDrpc4X46hJKjejg,ePdXtNfowRo,102,19,3,what-to-watch,2,0
20261008,UCSes4X8uDrpc4X46hJKjejg,ePdXtNfowRo,102,28,3,what-to-watch,1,0
20261008,UCSes4X8uDrpc4X46hJKjejg,ePdXtNfowRo,102,29,3,what-to-watch,5,0.2
20261008,UCSes4X8uDrpc4X46hJKjejg,ePdXtNfowRo,103,10,3,what-to-watch,7,0
20261008,UCSes4X8uDrpc4X46hJKjejg,ePdXtNfowRo,104,4,3,what-to-watch,10,0.1
20261008,UCSes4X8uDrpc4X46hJKjejg,ePdXtNfowRo,104,5,3,what-to-watch,21,0.047619047619047616
20261008,UCSes4X8uDrpc4X46hJKjejg,ePdXtNfowRo,105,4,3,what-to-watch,1,0
20261008,UCSes4X8uDrpc4X46hJKjejg,ePdXtNfowRo,105,5,3,what-to-watch,6,0.16666666666666666
20261008,UCSes4X8uDrpc4X46hJKjejg,ePdXtNfowRo,101,2,4,UCSes4X8uDrpc4X46hJKjejg,1,0
20261008,UCSes4X8uDrpc4X46hJKjejg,ePdXtNfowRo,104,4,4,UCSes4X8uDrpc4X46hJKjejg,1,0
20261008,UCSes4X8uDrpc4X46hJKjejg,ePdXtNfowRo,101,2,5,unknown,5,0
20261008,UCSes4X8uDrpc4X46hJKjejg,ePdXtNfowRo,101,9,5,unknown,3,0.33333333333333331
20261008,UCSes4X8uDrpc4X46hJKjejg,ePdXtNfowRo,102,1,5,unknown,2,0
20261008,UCSes4X8uDrpc4X46hJKjejg,ePdXtNfowRo,102,4,5,unknown,1,0
20261008,UCSes4X8uDrpc4X46hJKjejg,ePdXtNfowRo,102,12,5,unknown,1,0
20261008,UCSes4X8uDrpc4X46hJKjejg,ePdXtNfowRo,102,19,5,unknown,2,0
20261008,UCSes4X8uDrpc4X46hJKjejg,ePdXtNfowRo,102,28,5,unknown,3,0
20261008,UCSes4X8uDrpc4X46hJKjejg,ePdXtNfowRo,103,10,5,unknown,3,0
20261008,UCSes4X8uDrpc4X46hJKjejg,ePdXtNfowRo,104,4,5,unknown,15,0.26666666666666666
20261008,UCSes4X8uDrpc4X46hJKjejg,ePdXtNfowRo,104,5,5,unknown,29,0.034482758620689655
20261008,UCSes4X8uDrpc4X46hJKjejg,ePdXtNfowRo,105,5,5,unknown,15,0.066666666666666666
20261008,UCSes4X8uDrpc4X46hJKjejg,ePdXtNfowRo,104,4,7,4VBjBP6SvwI,1,0
20261008,UCSes4X8uDrpc4X46hJKjejg,ePdXtNfowRo,104,4,7,5LvPoMjVDvs,1,1
20261008,UCSes4X8uDrpc4X46hJKjejg,ePdXtNfowRo,101,2,7,84XwX8zGUOk,1,0
20261008,UCSes4X8uDrpc4X46hJKjejg,ePdXtNfowRo,101,2,7,8BDsO3jM8K0,1,0
20261008,UCSes4X8uDrpc4X46hJKjejg,ePdXtNfowRo,101,9,7,BvHw3ddSlms,1,0
20261008,UCSes4X8uDrpc4X46hJKjejg,ePdXtNfowRo,101,2,7,C6K1y_nlz1w,1,0
20261008,UCSes4X8uDrpc4X46hJKjejg,ePdXtNfowRo,103,10,7,C6K1y_nlz1w,1,0
20261008,UCSes4X8uDrpc4X46hJKjejg,ePdXtNfowRo,104,4,7,C6K1y_nlz1w,3,0
20261008,UCSes4X8uDrpc4X46hJKjejg,ePdXtNfowRo,104,5,7,C6K1y_nlz1w,5,0.2
20261008,UCSes4X8uDrpc4X46hJKjejg,ePdXtNfowRo,101,2,7,EN6Z6LblJZ0,1,0
20261008,UCSes4X8uDrpc4X46hJKjejg,ePdXtNfowRo,101,9,7,Ep8_Ai3_IHM,1,0
20261008,UCSes4X8uDrpc4X46hJKjejg,ePdXtNfowRo,101,2,7,IijHaTsFlLY,1,0
20261008,UCSes4X8uDrpc4X46hJKjejg,ePdXtNfowRo,101,9,7,KLfGF23swA0,1,0
20261008,UCSes4X8uDrpc4X46hJKjejg,ePdXtNfowRo,104,5,7,KPLGV_Or1Q8,1,0
20261008,UCSes4X8uDrpc4X46hJKjejg,ePdXtNfowRo,104,4,7,KcfbmjcZaZ8,3,0
20261008,UCSes4X8uDrpc4X46hJKjejg,ePdXtNfowRo,104,5,7,KcfbmjcZaZ8,2,0
20261008,UCSes4X8uDrpc4X46hJKjejg,ePdXtNfowRo,102,4,7,LKNMudWBlKA,1,0
20261008,UCSes4X8uDrpc4X46hJKjejg,ePdXtNfowRo,101,9,7,NDUdS_JLAGE,1,0
20261008,UCSes4X8uDrpc4X46hJKjejg,ePdXtNfowRo,101,2,7,NHqrr-EcAtg,1,0
20261008,UCSes4X8uDrpc4X46hJKjejg,ePdXtNfowRo,101,2,7,PHh5iDPU1p4,2,0
20261008,UCSes4X8uDrpc4X46hJKjejg,ePdXtNfowRo,101,30,7,PHh5iDPU1p4,1,0
20261008,UCSes4X8uDrpc4X46hJKjejg,ePdXtNfowRo,104,4,7,PHh5iDPU1p4,3,0
20261008,UCSes4X8uDrpc4X46hJKjejg,ePdXtNfowRo,104,5,7,PHh5iDPU1p4,1,1
20261008,UCSes4X8uDrpc4X46hJKjejg,ePdXtNfowRo,103,10,7,Q2CfW7NSVc4,2,0
20261008,UCSes4X8uDrpc4X46hJKjejg,ePdXtNfowRo,101,9,7,RmamIpH_HaQ,1,0
20261008,UCSes4X8uDrpc4X46hJKjejg,ePdXtNfowRo,104,5,7,S5rgxag2V2w,1,0
20261008,UCSes4X8uDrpc4X46hJKjejg,ePdXtNfowRo,104,5,7,S_3BcQebXpc,1,0
20261008,UCSes4X8uDrpc4X46hJKjejg,ePdXtNfowRo,104,5,7,TDqixsQNroE,1,0
20261008,UCSes4X8uDrpc4X46hJKjejg,ePdXtNfowRo,101,2,7,WSjQ4BnLO-s,1,0
20261008,UCSes4X8uDrpc4X46hJKjejg,ePdXtNfowRo,101,2,7,WeHPW6JmJ9k,1,0
20261008,UCSes4X8uDrpc4X46hJKjejg,ePdXtNfowRo,101,9,7,WeHPW6JmJ9k,1,0
20261008,UCSes4X8uDrpc4X46hJKjejg,ePdXtNfowRo,104,5,7,WeHPW6JmJ9k,3,0.33333333333333331
20261008,UCSes4X8uDrpc4X46hJKjejg,ePdXtNfowRo,104,5,7,abJnrTds-uM,1,0
20261008,UCSes4X8uDrpc4X46hJKjejg,ePdXtNfowRo,104,4,7,bXy1ttmgrkI,1,0
20261008,UCSes4X8uDrpc4X46hJKjejg,ePdXtNfowRo,105,5,7,cqWLyty4OQw,1,2
20261008,UCSes4X8uDrpc4X46hJKjejg,ePdXtNfowRo,101,2,7,e9oFJCAIqrI,1,0
20261008,UCSes4X8uDrpc4X46hJKjejg,ePdXtNfowRo,104,5,7,eMRlGnfXXbQ,1,1
20261008,UCSes4X8uDrpc4X46hJKjejg,ePdXtNfowRo,104,4,7,eu62r4NZQ3Q,1,0
20261008,UCSes4X8uDrpc4X46hJKjejg,ePdXtNfowRo,101,9,7,gkK23B-IJTI,1,0
20261008,UCSes4X8uDrpc4X46hJKjejg,ePdXtNfowRo,104,5,7,gkK23B-IJTI,1,0
20261008,UCSes4X8uDrpc4X46hJKjejg,ePdXtNfowRo,105,5,7,hf99qZbCcNA,1,0
20261008,UCSes4X8uDrpc4X46hJKjejg,ePdXtNfowRo,101,9,7,jztzMxlDXz4,1,0
20261008,UCSes4X8uDrpc4X46hJKjejg,ePdXtNfowRo,104,4,7,jztzMxlDXz4,3,0
20261008,UCSes4X8uDrpc4X46hJKjejg,ePdXtNfowRo,104,5,7,jztzMxlDXz4,1,0
20261008,UCSes4X8uDrpc4X46hJKjejg,ePdXtNfowRo,101,2,7,kHqq0RR6dHE,1,0
20261008,UCSes4X8uDrpc4X46hJKjejg,ePdXtNfowRo,104,4,7,l2LGfNqSbCc,1,0
20261008,UCSes4X8uDrpc4X46hJKjejg,ePdXtNfowRo,101,9,7,oY2nVQNlUB8,1,0
20261008,UCSes4X8uDrpc4X46hJKjejg,ePdXtNfowRo,101,2,7,p3cWuBZWI9U,1,0
20261008,UCSes4X8uDrpc4X46hJKjejg,ePdXtNfowRo,101,2,7,roKwNV64LYI,2,0
20261008,UCSes4X8uDrpc4X46hJKjejg,ePdXtNfowRo,104,4,7,sqom2VSho-E,1,0
20261008,UCSes4X8uDrpc4X46hJKjejg,ePdXtNfowRo,102,4,7,ti8MBPT9aS0,1,0
20261008,UCSes4X8uDrpc4X46hJKjejg,ePdXtNfowRo,101,2,7,tuknCozmCUw,1,0
20261008,UCSes4X8uDrpc4X46hJKjejg,ePdXtNfowRo,101,9,7,tuknCozmCUw,1,0
20261008,UCSes4X8uDrpc4X46hJKjejg,ePdXtNfowRo,104,4,7,tuknCozmCUw,1,0
20261008,UCSes4X8uDrpc4X46hJKjejg,ePdXtNfowRo,104,5,7,tuknCozmCUw,2,0
20261008,UCSes4X8uDrpc4X46hJKjejg,ePdXtNfowRo,101,2,7,uRx-n-rm8G8,1,0
20261008,UCSes4X8uDrpc4X46hJKjejg,ePdXtNfowRo,104,5,7,xOrHP41v1rg,2,0
20261008,UCSes4X8uDrpc4X46hJKjejg,ePdXtNfowRo,101,2,7,yhUc-rZMa6E,1,0
20261008,UCSes4X8uDrpc4X46hJKjejg,ePdXtNfowRo,101,9,7,zHBgJqG1nJo,1,0
20261008,UCSes4X8uDrpc4X46hJKjejg,ePdXtNfowRo,104,5,18,unknown,4,0
20261008,UCSes4X8uDrpc4X46hJKjejg,eUT33UJWgMs,101,2,3,what-to-watch,1,0
20261008,UCSes4X8uDrpc4X46hJKjejg,eUT33UJWgMs,101,2,4,UCSes4X8uDrpc4X46hJKjejg,1,0
20261008,UCSes4X8uDrpc4X46hJKjejg,eUY8wO-yTHQ,102,4,3,what-to-watch,1,0
20261008,UCSes4X8uDrpc4X46hJKjejg,eUY8wO-yTHQ,102,29,5,unknown,1,0
20261008,UCSes4X8uDrpc4X46hJKjejg,eUY8wO-yTHQ,104,5,5,unknown,4,0
20261008,UCSes4X8uDrpc4X46hJKjejg,eWSQp0g8llA,102,19,3,what-to-watch,1,0
20261008,UCSes4X8uDrpc4X46hJKjejg,eWSQp0g8llA,102,29,3,what-to-watch,2,0.5
20261008,UCSes4X8uDrpc4X46hJKjejg,eWSQp0g8llA,104,5,3,what-to-watch,1,0
20261008,UCSes4X8uDrpc4X46hJKjejg,eWSQp0g8llA,101,2,4,UCSes4X8uDrpc4X46hJKjejg,1,0
20261008,UCSes4X8uDrpc4X46hJKjejg,eWSQp0g8llA,101,9,5,unknown,1,0
20261008,UCSes4X8uDrpc4X46hJKjejg,eWSQp0g8llA,102,19,5,unknown,1,0
20261008,UCSes4X8uDrpc4X46hJKjejg,eWSQp0g8llA,102,26,5,unknown,2,0
20261008,UCSes4X8uDrpc4X46hJKjejg,eWSQp0g8llA,104,5,5,unknown,1,0
20261008,UCSes4X8uDrpc4X46hJKjejg,eZhDq3zgOcA,101,30,3,what-to-watch,1,0
20261008,UCSes4X8uDrpc4X46hJKjejg,eda5b-pIz_w,101,2,5,unknown,2,0
20261008,UCSes4X8uDrpc4X46hJKjejg,eda5b-pIz_w,101,9,5,unknown,1,0
20261008,UCSes4X8uDrpc4X46hJKjejg,eda5b-pIz_w,104,4,5,unknown,1,0
20261008,UCSes4X8uDrpc4X46hJKjejg,eda5b-pIz_w,104,5,5,unknown,2,0
20261008,UCSes4X8uDrpc4X46hJKjejg,eiDWlchtYFw,101,9,3,what-to-watch,1,0
20261008,UCSes4X8uDrpc4X46hJKjejg,eiDWlchtYFw,101,9,4,UCSes4X8uDrpc4X46hJKjejg,2,0
20261008,UCSes4X8uDrpc4X46hJKjejg,eqlwdgYN1FU,104,4,4,UCSes4X8uDrpc4X46hJKjejg,2,0
20261008,UCSes4X8uDrpc4X46hJKjejg,eqlwdgYN1FU,101,2,5,unknown,2,0
20261008,UCSes4X8uDrpc4X46hJKjejg,eqlwdgYN1FU,101,9,5,unknown,1,0
20261008,UCSes4X8uDrpc4X46hJKjejg,eqlwdgYN1FU,102,26,5,unknown,1,0
20261008,UCSes4X8uDrpc4X46hJKjejg,eqlwdgYN1FU,104,5,5,unknown,6,0.16666666666666666
20261008,UCSes4X8uDrpc4X46hJKjejg,eqlwdgYN1FU,104,5,14,my-likes,2,0
20261008,UCSes4X8uDrpc4X46hJKjejg,eu62r4NZQ3Q,101,2,3,what-to-watch,2,0
20261008,UCSes4X8uDrpc4X46hJKjejg,eu62r4NZQ3Q,102,28,3,what-to-watch,1,0
20261008,UCSes4X8uDrpc4X46hJKjejg,eu62r4NZQ3Q,103,10,3,what-to-watch,1,0
20261008,UCSes4X8uDrpc4X46hJKjejg,eu62r4NZQ3Q,104,5,3,what-to-watch,2,0
20261008,UCSes4X8uDrpc4X46hJKjejg,eu62r4NZQ3Q,101,2,4,UCSes4X8uDrpc4X46hJKjejg,1,0
20261008,UCSes4X8uDrpc4X46hJKjejg,eu62r4NZQ3Q,104,5,4,UCSes4X8uDrpc4X46hJKjejg,4,0
20261008,UCSes4X8uDrpc4X46hJKjejg,eu62r4NZQ3Q,101,2,5,unknown,3,0
20261008,UCSes4X8uDrpc4X46hJKjejg,eu62r4NZQ3Q,101,9,5,unknown,2,0
20261008,UCSes4X8uDrpc4X46hJKjejg,eu62r4NZQ3Q,102,4,5,unknown,2,0
20261008,UCSes4X8uDrpc4X46hJKjejg,eu62r4NZQ3Q,102,12,5,unknown,5,0
20261008,UCSes4X8uDrpc4X46hJKjejg,eu62r4NZQ3Q,102,28,5,unknown,1,0
20261008,UCSes4X8uDrpc4X46hJKjejg,eu62r4NZQ3Q,103,10,5,unknown,2,0
20261008,UCSes4X8uDrpc4X46hJKjejg,eu62r4NZQ3Q,104,4,5,unknown,11,0
20261008,UCSes4X8uDrpc4X46hJKjejg,eu62r4NZQ3Q,104,5,5,unknown,14,0.071428571428571425
20261008,UCSes4X8uDrpc4X46hJKjejg,eu62r4NZQ3Q,105,4,5,unknown,1,1
20261008,UCSes4X8uDrpc4X46hJKjejg,eu62r4NZQ3Q,105,5,5,unknown,2,0
20261008,UCSes4X8uDrpc4X46hJKjejg,eu62r4NZQ3Q,104,4,7,4fIPq3VoT54,2,0.5
20261008,UCSes4X8uDrpc4X46hJKjejg,eu62r4NZQ3Q,101,9,7,7DCjDpAUuOw,1,0
20261008,UCSes4X8uDrpc4X46hJKjejg,eu62r4NZQ3Q,104,4,7,QgiSIacIsWU,1,0
20261008,UCSes4X8uDrpc4X46hJKjejg,eu62r4NZQ3Q,105,4,14,QP,5,0
20261008,UCSes4X8uDrpc4X46hJKjejg,evKllXmDQeo,101,2,5,unknown,2,0
20261008,UCSes4X8uDrpc4X46hJKjejg,eyaVWU5Eee4,104,4,5,unknown,3,0.33333333333333331
20261008,UCSes4X8uDrpc4X46hJKjejg,eyaVWU5Eee4,105,5,5,unknown,1,0
20261008,UCSes4X8uDrpc4X46hJKjejg,f0Agz2fWwFY,101,2,3,what-to-watch,2,0
20261008,UCSes4X8uDrpc4X46hJKjejg,f0Agz2fWwFY,101,9,3,what-to-watch,2,0
20261008,UCSes4X8uDrpc4X46hJKjejg,f0Agz2fWwFY,104,4,3,what-to-watch,2,0
20261008,UCSes4X8uDrpc4X46hJKjejg,f0Agz2fWwFY,104,5,3,what-to-watch,3,0
20261008,UCSes4X8uDrpc4X46hJKjejg,f0Agz2fWwFY,101,2,5,unknown,3,0
20261008,UCSes4X8uDrpc4X46hJKjejg,f0Agz2fWwFY,102,4,5,unknown,3,0
20261008,UCSes4X8uDrpc4X46hJKjejg,f0Agz2fWwFY,102,19,5,unknown,2,0
20261008,UCSes4X8uDrpc4X46hJKjejg,f0Agz2fWwFY,102,26,5,unknown,3,0
20261008,UCSes4X8uDrpc4X46hJKjejg,f0Agz2fWwFY,102,29,5,unknown,3,0
20261008,UCSes4X8uDrpc4X46hJKjejg,f0Agz2fWwFY,103,10,5,unknown,3,0
20261008,UCSes4X8uDrpc4X46hJKjejg,f0Agz2fWwFY,104,4,5,unknown,9,0
20261008,UCSes4X8uDrpc4X46hJKjejg,f0Agz2fWwFY,104,5,5,unknown,8,0.125
20261008,UCSes4X8uDrpc4X46hJKjejg,f0Agz2fWwFY,105,5,5,unknown,1,1
20261008,UCSes4X8uDrpc4X46hJKjejg,f0o1DQQXFzo,104,5,18,unknown,1,0
20261008,UCSes4X8uDrpc4X46hJKjejg,f2YfzuXc2S0,105,5,3,what-to-watch,1,0
20261008,UCSes4X8uDrpc4X46hJKjejg,f3Oh3raXOT4,101,9,5,unknown,1,0
20261008,UCSes4X8uDrpc4X46hJKjejg,f3Oh3raXOT4,101,9,14,PLX3ZLYz4-6vE2_ZNLW5AfzbHTd1jTskDl,1,0
20261008,UCSes4X8uDrpc4X46hJKjejg,f4MfVVTJ6pY,101,2,3,what-to-watch,18,0.1111111111111111
20261008,UCSes4X8uDrpc4X46hJKjejg,f4MfVVTJ6pY,101,9,3,what-to-watch,15,0
20261008,UCSes4X8uDrpc4X46hJKjejg,f4MfVVTJ6pY,101,30,3,what-to-watch,5,0.2
20261008,UCSes4X8uDrpc4X46hJKjejg,f4MfVVTJ6pY,102,1,3,what-to-watch,2,0
20261008,UCSes4X8uDrpc4X46hJKjejg,f4MfVVTJ6pY,102,4,3,what-to-watch,11,0.090909090909090912
20261008,UCSes4X8uDrpc4X46hJKjejg,f4MfVVTJ6pY,102,12,3,what-to-watch,7,0
20261008,UCSes4X8uDrpc4X46hJKjejg,f4MfVVTJ6pY,102,19,3,what-to-watch,4,0
20261008,UCSes4X8uDrpc4X46hJKjejg,f4MfVVTJ6pY,102,26,3,what-to-watch,10,0
20261008,UCSes4X8uDrpc4X46hJKjejg,f4MfVVTJ6pY,103,10,3,what-to-watch,9,0
20261008,UCSes4X8uDrpc4X46hJKjejg,f4MfVVTJ6pY,103,17,3,what-to-watch,6,0
20261008,UCSes4X8uDrpc4X46hJKjejg,f4MfVVTJ6pY,104,4,3,what-to-watch,17,0.23529411764705882
20261008,UCSes4X8uDrpc4X46hJKjejg,f4MfVVTJ6pY,104,5,3,what-to-watch,28,0.10714285714285714
20261008,UCSes4X8uDrpc4X46hJKjejg,f4MfVVTJ6pY,105,5,3,what-to-watch,14,0
20261008,UCSes4X8uDrpc4X46hJKjejg,f4MfVVTJ6pY,101,2,4,UCSes4X8uDrpc4X46hJKjejg,1,0
20261008,UCSes4X8uDrpc4X46hJKjejg,f4MfVVTJ6pY,102,19,4,UCSes4X8uDrpc4X46hJKjejg,1,0
20261008,UCSes4X8uDrpc4X46hJKjejg,f4MfVVTJ6pY,104,5,4,UCSes4X8uDrpc4X46hJKjejg,4,0
20261008,UCSes4X8uDrpc4X46hJKjejg,f4MfVVTJ6pY,101,2,5,unknown,8,0.125
20261008,UCSes4X8uDrpc4X46hJKjejg,f4MfVVTJ6pY,101,9,5,unknown,9,0
20261008,UCSes4X8uDrpc4X46hJKjejg,f4MfVVTJ6pY,102,4,5,unknown,2,0
20261008,UCSes4X8uDrpc4X46hJKjejg,f4MfVVTJ6pY,102,12,5,unknown,1,0
20261008,UCSes4X8uDrpc4X46hJKjejg,f4MfVVTJ6pY,102,19,5,unknown,3,0
20261008,UCSes4X8uDrpc4X46hJKjejg,f4MfVVTJ6pY,102,26,5,unknown,5,0
20261008,UCSes4X8uDrpc4X46hJKjejg,f4MfVVTJ6pY,102,28,5,unknown,4,0.25
20261008,UCSes4X8uDrpc4X46hJKjejg,f4MfVVTJ6pY,102,29,5,unknown,1,0
20261008,UCSes4X8uDrpc4X46hJKjejg,f4MfVVTJ6pY,102,31,5,unknown,4,0
20261008,UCSes4X8uDrpc4X46hJKjejg,f4MfVVTJ6pY,103,17,5,unknown,2,0
20261008,UCSes4X8uDrpc4X46hJKjejg,f4MfVVTJ6pY,104,4,5,unknown,40,0.05
20261008,UCSes4X8uDrpc4X46hJKjejg,f4MfVVTJ6pY,104,5,5,unknown,51,0.0784313725490196
20261008,UCSes4X8uDrpc4X46hJKjejg,f4MfVVTJ6pY,105,5,5,unknown,5,0
20261008,UCSes4X8uDrpc4X46hJKjejg,f4MfVVTJ6pY,101,2,7,-CjQjOd2JEA,1,0
20261008,UCSes4X8uDrpc4X46hJKjejg,f4MfVVTJ6pY,104,5,7,8oPtiITYdH4,2,0
20261008,UCSes4X8uDrpc4X46hJKjejg,f4MfVVTJ6pY,101,9,7,DNkdlSvb6OY,1,0
20261008,UCSes4X8uDrpc4X46hJKjejg,f4MfVVTJ6pY,101,2,7,EhMcixW9dMw,1,0
20261008,UCSes4X8uDrpc4X46hJKjejg,f4MfVVTJ6pY,102,4,7,EhMcixW9dMw,1,0
20261008,UCSes4X8uDrpc4X46hJKjejg,f4MfVVTJ6pY,104,5,7,EhMcixW9dMw,1,0
20261008,UCSes4X8uDrpc4X46hJKjejg,f4MfVVTJ6pY,101,2,7,FQW6K7TLvQA,1,0
20261008,UCSes4X8uDrpc4X46hJKjejg,f4MfVVTJ6pY,104,5,7,HwWx5nhjCx8,1,0
20261008,UCSes4X8uDrpc4X46hJKjejg,f4MfVVTJ6pY,104,5,7,JZTv-NmO_Qg,1,0
20261008,UCSes4X8uDrpc4X46hJKjejg,f4MfVVTJ6pY,101,2,7,LOc0-SfwCW4,1,0
20261008,UCSes4X8uDrpc4X46hJKjejg,f4MfVVTJ6pY,101,2,7,MEHDJ9V-lIk,2,0
20261008,UCSes4X8uDrpc4X46hJKjejg,f4MfVVTJ6pY,103,17,7,MEHDJ9V-lIk,2,0
20261008,UCSes4X8uDrpc4X46hJKjejg,f4MfVVTJ6pY,101,9,7,PVOl1jy_sPs,1,0
20261008,UCSes4X8uDrpc4X46hJKjejg,f4MfVVTJ6pY,104,5,7,PeMHxUwuByQ,1,0
20261008,UCSes4X8uDrpc4X46hJKjejg,f4MfVVTJ6pY,104,5,7,QTnunfCgPYs,1,0
20261008,UCSes4X8uDrpc4X46hJKjejg,f4MfVVTJ6pY,101,2,7,Qaqjol4TqB4,1,0
20261008,UCSes4X8uDrpc4X46hJKjejg,f4MfVVTJ6pY,101,2,7,R6pFJXRqmeo,1,0
20261008,UCSes4X8uDrpc4X46hJKjejg,f4MfVVTJ6pY,104,5,7,WDDbuX0hGTw,1,0
20261008,UCSes4X8uDrpc4X46hJKjejg,f4MfVVTJ6pY,101,2,7,XTGlwLovDD0,1,0
20261008,UCSes4X8uDrpc4X46hJKjejg,f4MfVVTJ6pY,103,10,7,YAMJW7ZgzLA,1,0
20261008,UCSes4X8uDrpc4X46hJKjejg,f4MfVVTJ6pY,101,2,7,ZWodbA1hihs,1,0
20261008,UCSes4X8uDrpc4X46hJKjejg,f4MfVVTJ6pY,104,4,7,_aQOIF5Jg-I,1,0
20261008,UCSes4X8uDrpc4X46hJKjejg,f4MfVVTJ6pY,104,5,7,a4wrmRXyxlE,1,0
20261008,UCSes4X8uDrpc4X46hJKjejg,f4MfVVTJ6pY,101,2,7,adOELJmT908,1,0
20261008,UCSes4X8uDrpc4X46hJKjejg,f4MfVVTJ6pY,104,4,7,bInHFf4NFbY,1,0
20261008,UCSes4X8uDrpc4X46hJKjejg,f4MfVVTJ6pY,104,5,7,ePdXtNfowRo,2,0
20261008,UCSes4X8uDrpc4X46hJKjejg,f4MfVVTJ6pY,101,2,7,fde97UdpUQo,3,0
20261008,UCSes4X8uDrpc4X46hJKjejg,f4MfVVTJ6pY,101,9,7,fde97UdpUQo,2,0
20261008,UCSes4X8uDrpc4X46hJKjejg,f4MfVVTJ6pY,104,4,7,gKGsGkDnlQA,1,0
20261008,UCSes4X8uDrpc4X46hJKjejg,f4MfVVTJ6pY,101,2,7,gLWBkE1ybEM,1,0
20261008,UCSes4X8uDrpc4X46hJKjejg,f4MfVVTJ6pY,104,5,7,gdJZDOrRZVY,1,0
20261008,UCSes4X8uDrpc4X46hJKjejg,f4MfVVTJ6pY,104,5,7,h1Vqozgg3GI,1,0
20261008,UCSes4X8uDrpc4X46hJKjejg,f4MfVVTJ6pY,101,2,7,luQi0xXE1ho,1,0
20261008,UCSes4X8uDrpc4X46hJKjejg,f4MfVVTJ6pY,101,9,7,luQi0xXE1ho,1,0
20261008,UCSes4X8uDrpc4X46hJKjejg,f4MfVVTJ6pY,103,17,7,luQi0xXE1ho,1,1
20261008,UCSes4X8uDrpc4X46hJKjejg,f4MfVVTJ6pY,101,2,7,mK4RSlwg0Hw,1,0
20261008,UCSes4X8uDrpc4X46hJKjejg,f4MfVVTJ6pY,104,5,7,n4GTXbLWVqg,2,0
20261008,UCSes4X8uDrpc4X46hJKjejg,f4MfVVTJ6pY,101,2,7,nr2XQrdnjdQ,1,0
20261008,UCSes4X8uDrpc4X46hJKjejg,f4MfVVTJ6pY,101,2,7,p-uPxHGoIao,1,0
20261008,UCSes4X8uDrpc4X46hJKjejg,f4MfVVTJ6pY,101,9,7,p-uPxHGoIao,3,0
20261008,UCSes4X8uDrpc4X46hJKjejg,f4MfVVTJ6pY,101,9,7,r7shtAl-bC0,1,0
20261008,UCSes4X8uDrpc4X46hJKjejg,f4MfVVTJ6pY,102,19,7,r7shtAl-bC0,1,0
20261008,UCSes4X8uDrpc4X46hJKjejg,f4MfVVTJ6pY,101,2,7,tIhFAhBJEEQ,1,0
20261008,UCSes4X8uDrpc4X46hJKjejg,f4MfVVTJ6pY,101,2,7,tZv0zdB6g_0,1,0
20261008,UCSes4X8uDrpc4X46hJKjejg,f4MfVVTJ6pY,104,5,7,u_N8LAJVWtc,2,0
20261008,UCSes4X8uDrpc4X46hJKjejg,f4MfVVTJ6pY,101,9,7,ulQKaOeVKQs,2,0
20261008,UCSes4X8uDrpc4X46hJKjejg,f4MfVVTJ6pY,104,5,7,ulQKaOeVKQs,1,0
20261008,UCSes4X8uDrpc4X46hJKjejg,f4MfVVTJ6pY,104,5,7,unWnUajb4TQ,2,0
20261008,UCSes4X8uDrpc4X46hJKjejg,f4MfVVTJ6pY,101,9,7,ywg5MOorVIg,2,0
20261008,UCSes4X8uDrpc4X46hJKjejg,f4MfVVTJ6pY,104,4,7,ywg5MOorVIg,1,0
20261008,UCSes4X8uDrpc4X46hJKjejg,f4MfVVTJ6pY,101,9,14,PLX3ZLYz4-6vE2_ZNLW5AfzbHTd1jTskDl,2,0
20261008,UCSes4X8uDrpc4X46hJKjejg,f4MfVVTJ6pY,104,4,14,PLX3ZLYz4-6vE2_ZNLW5AfzbHTd1jTskDl,8,0
20261008,UCSes4X8uDrpc4X46hJKjejg,f4MfVVTJ6pY,101,9,18,unknown,2,0
20261008,UCSes4X8uDrpc4X46hJKjejg,f4MfVVTJ6pY,103,10,18,unknown,1,0
20261008,UCSes4X8uDrpc4X46hJKjejg,f4MfVVTJ6pY,104,4,18,unknown,2,0
20261008,UCSes4X8uDrpc4X46hJKjejg,f4MfVVTJ6pY,104,5,18,unknown,2,0
20261008,UCSes4X8uDrpc4X46hJKjejg,f6JYYPrnkpo,101,2,5,unknown,1,0
20261008,UCSes4X8uDrpc4X46hJKjejg,f6JYYPrnkpo,101,30,5,unknown,2,0
20261008,UCSes4X8uDrpc4X46hJKjejg,f6JYYPrnkpo,102,4,5,unknown,2,0
20261008,UCSes4X8uDrpc4X46hJKjejg,f6JYYPrnkpo,102,19,5,unknown,1,0
20261008,UCSes4X8uDrpc4X46hJKjejg,f6JYYPrnkpo,104,4,5,unknown,5,0
20261008,UCSes4X8uDrpc4X46hJKjejg,f6JYYPrnkpo,104,5,5,unknown,2,0
20261008,UCSes4X8uDrpc4X46hJKjejg,f7VpXTa1D8k,104,4,3,what-to-watch,1,0
20261008,UCSes4X8uDrpc4X46hJKjejg,f7VpXTa1D8k,101,2,4,UCSes4X8uDrpc4X46hJKjejg,2,0
20261008,UCSes4X8uDrpc4X46hJKjejg,f9Uo-9KNxsY,101,30,5,unknown,1,0
20261008,UCSes4X8uDrpc4X46hJKjejg,f9Uo-9KNxsY,104,4,5,unknown,2,0
20261008,UCSes4X8uDrpc4X46hJKjejg,f9Uo-9KNxsY,104,5,5,unknown,11,0.090909090909090912
20261008,UCSes4X8uDrpc4X46hJKjejg,fAZy3HtHBzA,102,19,3,/my_subscriptions,2,0.5
20261008,UCSes4X8uDrpc4X46hJKjejg,fAZy3HtHBzA,102,29,3,/my_subscriptions,1,0
20261008,UCSes4X8uDrpc4X46hJKjejg,fAZy3HtHBzA,104,4,3,/my_subscriptions,3,0
20261008,UCSes4X8uDrpc4X46hJKjejg,fAZy3HtHBzA,104,5,3,/my_subscriptions,4,0
20261008,UCSes4X8uDrpc4X46hJKjejg,fAZy3HtHBzA,105,5,3,/my_subscriptions,2,0
20261008,UCSes4X8uDrpc4X46hJKjejg,fAZy3HtHBzA,102,4,3,what-to-watch,1,0
20261008,UCSes4X8uDrpc4X46hJKjejg,fAZy3HtHBzA,104,5,3,what-to-watch,2,0
20261008,UCSes4X8uDrpc4X46hJKjejg,fAZy3HtHBzA,101,2,4,UCSes4X8uDrpc4X46hJKjejg,4,0
20261008,UCSes4X8uDrpc4X46hJKjejg,fAZy3HtHBzA,101,9,4,UCSes4X8uDrpc4X46hJKjejg,13,0
20261008,UCSes4X8uDrpc4X46hJKjejg,fAZy3HtHBzA,102,4,4,UCSes4X8uDrpc4X46hJKjejg,3,0
20261008,UCSes4X8uDrpc4X46hJKjejg,fAZy3HtHBzA,102,12,4,UCSes4X8uDrpc4X46hJKjejg,2,0
20261008,UCSes4X8uDrpc4X46hJKjejg,fAZy3HtHBzA,102,19,4,UCSes4X8uDrpc4X46hJKjejg,1,0
20261008,UCSes4X8uDrpc4X46hJKjejg,fAZy3HtHBzA,102,26,4,UCSes4X8uDrpc4X46hJKjejg,3,0
20261008,UCSes4X8uDrpc4X46hJKjejg,fAZy3HtHBzA,104,4,4,UCSes4X8uDrpc4X46hJKjejg,54,0.055555555555555552
20261008,UCSes4X8uDrpc4X46hJKjejg,fAZy3HtHBzA,104,5,4,UCSes4X8uDrpc4X46hJKjejg,32,0
20261008,UCSes4X8uDrpc4X46hJKjejg,fAZy3HtHBzA,105,5,4,UCSes4X8uDrpc4X46hJKjejg,1,0
20261008,UCSes4X8uDrpc4X46hJKjejg,fAZy3HtHBzA,101,2,5,unknown,12,0
20261008,UCSes4X8uDrpc4X46hJKjejg,fAZy3HtHBzA,101,9,5,unknown,4,0
20261008,UCSes4X8uDrpc4X46hJKjejg,fAZy3HtHBzA,105,5,5,unknown,3,0
20261008,UCSes4X8uDrpc4X46hJKjejg,fAZy3HtHBzA,101,2,7,2n5LJUyMtAk,1,0
20261008,UCSes4X8uDrpc4X46hJKjejg,fAZy3HtHBzA,104,4,18,unknown,5,0
20261008,UCSes4X8uDrpc4X46hJKjejg,fAlmTasts-Q,104,4,4,UCSes4X8uDrpc4X46hJKjejg,1,0
20261008,UCSes4X8uDrpc4X46hJKjejg,fBt-BvGIsHQ,104,4,3,what-to-watch,1,2
20261008,UCSes4X8uDrpc4X46hJKjejg,fBt-BvGIsHQ,104,5,3,what-to-watch,1,0
20261008,UCSes4X8uDrpc4X46hJKjejg,fBt-BvGIsHQ,101,2,4,UCSes4X8uDrpc4X46hJKjejg,1,0
20261008,UCSes4X8uDrpc4X46hJKjejg,fBt-BvGIsHQ,104,5,5,unknown,1,0
20261008,UCSes4X8uDrpc4X46hJKjejg,fBt-BvGIsHQ,101,9,14,PLX3ZLYz4-6vE2_ZNLW5AfzbHTd1jTskDl,2,0
20261008,UCSes4X8uDrpc4X46hJKjejg,fBt-BvGIsHQ,101,9,18,unknown,3,0
20261008,UCSes4X8uDrpc4X46hJKjejg,fBt-BvGIsHQ,104,4,18,unknown,1,0
20261008,UCSes4X8uDrpc4X46hJKjejg,fBt-BvGIsHQ,104,5,18,unknown,1,0
20261008,UCSes4X8uDrpc4X46hJKjejg,fC8VbcHgQjI,103,10,5,unknown,3,0
20261008,UCSes4X8uDrpc4X46hJKjejg,fC8VbcHgQjI,104,4,5,unknown,1,0
20261008,UCSes4X8uDrpc4X46hJKjejg,fC8VbcHgQjI,104,5,5,unknown,3,0
20261008,UCSes4X8uDrpc4X46hJKjejg,fTXwOlPruv0,101,2,4,UCSes4X8uDrpc4X46hJKjejg,1,0
20261008,UCSes4X8uDrpc4X46hJKjejg,fTXwOlPruv0,101,9,4,UCSes4X8uDrpc4X46hJKjejg,1,0
20261008,UCSes4X8uDrpc4X46hJKjejg,fTXwOlPruv0,104,4,4,UCSes4X8uDrpc4X46hJKjejg,10,0
20261008,UCSes4X8uDrpc4X46hJKjejg,fTXwOlPruv0,104,5,4,UCSes4X8uDrpc4X46hJKjejg,3,0
20261008,UCSes4X8uDrpc4X46hJKjejg,fTXwOlPruv0,101,2,5,unknown,1,0
20261008,UCSes4X8uDrpc4X46hJKjejg,fZ8cUpE_Fg8,101,2,5,unknown,2,0
20261008,UCSes4X8uDrpc4X46hJKjejg,fZ8cUpE_Fg8,104,4,18,unknown,1,0
20261008,UCSes4X8uDrpc4X46hJKjejg,f_e5haTt3sI,101,9,4,UCSes4X8uDrpc4X46hJKjejg,1,0
20261008,UCSes4X8uDrpc4X46hJKjejg,f_e5haTt3sI,104,4,4,UCSes4X8uDrpc4X46hJKjejg,1,0
20261008,UCSes4X8uDrpc4X46hJKjejg,f_e5haTt3sI,101,9,5,unknown,2,0
20261008,UCSes4X8uDrpc4X46hJKjejg,f_e5haTt3sI,103,27,5,unknown,1,0
20261008,UCSes4X8uDrpc4X46hJKjejg,f_e5haTt3sI,104,5,5,unknown,1,0
20261008,UCSes4X8uDrpc4X46hJKjejg,f_e5haTt3sI,105,5,5,unknown,1,0
20261008,UCSes4X8uDrpc4X46hJKjejg,fbPF0cTNYL4,104,5,4,UCSes4X8uDrpc4X46hJKjejg,4,0
20261008,UCSes4X8uDrpc4X46hJKjejg,fbPF0cTNYL4,104,4,5,unknown,2,0
20261008,UCSes4X8uDrpc4X46hJKjejg,feV7uauK4q4,102,19,7,IKyEnQgVVTg,1,0
20261008,UCSes4X8uDrpc4X46hJKjejg,foWowHF47SM,101,9,4,UCLh4znMEEDzabMHw-Ob0Cpg,5,0
20261008,UCSes4X8uDrpc4X46hJKjejg,foWowHF47SM,102,26,4,UCLh4znMEEDzabMHw-Ob0Cpg,1,0
20261008,UCSes4X8uDrpc4X46hJKjejg,foWowHF47SM,104,4,4,UCSes4X8uDrpc4X46hJKjejg,2,0
20261008,UCSes4X8uDrpc4X46hJKjejg,foWowHF47SM,104,5,4,UCSes4X8uDrpc4X46hJKjejg,7,0
20261008,UCSes4X8uDrpc4X46hJKjejg,foWowHF47SM,104,4,18,unknown,2,0
20261008,UCSes4X8uDrpc4X46hJKjejg,fsQwwy1sni8,104,4,7,-TauZcQxKUU,1,0
20261008,UCSes4X8uDrpc4X46hJKjejg,fyi6d0AButQ,101,2,3,what-to-watch,81,0.12345679012345678
20261008,UCSes4X8uDrpc4X46hJKjejg,fyi6d0AButQ,101,9,3,what-to-watch,40,0.15
20261008,UCSes4X8uDrpc4X46hJKjejg,fyi6d0AButQ,101,30,3,what-to-watch,1,0
20261008,UCSes4X8uDrpc4X46hJKjejg,fyi6d0AButQ,102,1,3,what-to-watch,1,0
20261008,UCSes4X8uDrpc4X46hJKjejg,fyi6d0AButQ,102,4,3,what-to-watch,12,0.25
20261008,UCSes4X8uDrpc4X46hJKjejg,fyi6d0AButQ,102,12,3,what-to-watch,9,0.1111111111111111
20261008,UCSes4X8uDrpc4X46hJKjejg,fyi6d0AButQ,102,19,3,what-to-watch,4,0
20261008,UCSes4X8uDrpc4X46hJKjejg,fyi6d0AButQ,102,21,3,what-to-watch,4,0.25
20261008,UCSes4X8uDrpc4X46hJKjejg,fyi6d0AButQ,102,26,3,what-to-watch,6,0
20261008,UCSes4X8uDrpc4X46hJKjejg,fyi6d0AButQ,102,28,3,what-to-watch,8,0.375
20261008,UCSes4X8uDrpc4X46hJKjejg,fyi6d0AButQ,102,29,3,what-to-watch,1,0
20261008,UCSes4X8uDrpc4X46hJKjejg,fyi6d0AButQ,102,31,3,what-to-watch,3,0.33333333333333331
20261008,UCSes4X8uDrpc4X46hJKjejg,fyi6d0AButQ,103,10,3,what-to-watch,6,0.33333333333333331
20261008,UCSes4X8uDrpc4X46hJKjejg,fyi6d0AButQ,103,17,3,what-to-watch,4,0.5
20261008,UCSes4X8uDrpc4X46hJKjejg,fyi6d0AButQ,104,4,3,what-to-watch,39,0.20512820512820512
20261008,UCSes4X8uDrpc4X46hJKjejg,fyi6d0AButQ,104,5,3,what-to-watch,74,0.12162162162162163
20261008,UCSes4X8uDrpc4X46hJKjejg,fyi6d0AButQ,105,5,3,what-to-watch,51,0.0392156862745098
20261008,UCSes4X8uDrpc4X46hJKjejg,fyi6d0AButQ,101,2,4,UCSes4X8uDrpc4X46hJKjejg,1,0
20261008,UCSes4X8uDrpc4X46hJKjejg,fyi6d0AButQ,101,2,5,unknown,1,0
20261008,UCSes4X8uDrpc4X46hJKjejg,fyi6d0AButQ,102,29,5,unknown,2,0
20261008,UCSes4X8uDrpc4X46hJKjejg,fyi6d0AButQ,104,4,5,unknown,4,0.25
20261008,UCSes4X8uDrpc4X46hJKjejg,fyi6d0AButQ,104,5,5,unknown,2,0
20261008,UCSes4X8uDrpc4X46hJKjejg,fyi6d0AButQ,101,2,7,u_N8LAJVWtc,2,0
20261008,UCSes4X8uDrpc4X46hJKjejg,fzzrdnfjmpA,101,2,3,what-to-watch,4,0
20261008,UCSes4X8uDrpc4X46hJKjejg,fzzrdnfjmpA,104,4,3,what-to-watch,3,0.33333333333333331
20261008,UCSes4X8uDrpc4X46hJKjejg,fzzrdnfjmpA,104,5,3,what-to-watch,11,0
20261008,UCSes4X8uDrpc4X46hJKjejg,fzzrdnfjmpA,101,9,4,UCSes4X8uDrpc4X46hJKjejg,1,0
20261008,UCSes4X8uDrpc4X46hJKjejg,fzzrdnfjmpA,104,4,4,UCSes4X8uDrpc4X46hJKjejg,2,0
20261008,UCSes4X8uDrpc4X46hJKjejg,fzzrdnfjmpA,104,5,4,UCSes4X8uDrpc4X46hJKjejg,2,0
20261008,UCSes4X8uDrpc4X46hJKjejg,fzzrdnfjmpA,101,2,5,unknown,1,0
20261008,UCSes4X8uDrpc4X46hJKjejg,fzzrdnfjmpA,102,4,5,unknown,2,0
20261008,UCSes4X8uDrpc4X46hJKjejg,fzzrdnfjmpA,102,19,5,unknown,1,0
20261008,UCSes4X8uDrpc4X46hJKjejg,fzzrdnfjmpA,102,26,5,unknown,2,0
20261008,UCSes4X8uDrpc4X46hJKjejg,fzzrdnfjmpA,103,10,5,unknown,1,0
20261008,UCSes4X8uDrpc4X46hJKjejg,fzzrdnfjmpA,104,4,5,unknown,5,0.2
20261008,UCSes4X8uDrpc4X46hJKjejg,fzzrdnfjmpA,104,5,5,unknown,1,0
20261008,UCSes4X8uDrpc4X46hJKjejg,g00UosbyqNg,104,4,5,unknown,1,0
20261008,UCSes4X8uDrpc4X46hJKjejg,g8sN5qexhMU,103,10,3,what-to-watch,1,0
20261008,UCSes4X8uDrpc4X46hJKjejg,g8sN5qexhMU,101,2,4,UCSes4X8uDrpc4X46hJKjejg,1,0
20261008,UCSes4X8uDrpc4X46hJKjejg,g8sN5qexhMU,104,5,5,unknown,1,0
20261008,UCSes4X8uDrpc4X46hJKjejg,g8sN5qexhMU,104,5,7,JbEF-crCdGE,1,0
20261008,UCSes4X8uDrpc4X46hJKjejg,g8sN5qexhMU,104,5,7,NKpZSl9fTf8,1,0
20261008,UCSes4X8uDrpc4X46hJKjejg,g8sN5qexhMU,104,5,7,tRJ25AzDGXU,1,0
20261008,UCSes4X8uDrpc4X46hJKjejg,gCU3mGYQeLY,102,28,3,what-to-watch,1,0
20261008,UCSes4X8uDrpc4X46hJKjejg,gCU3mGYQeLY,104,5,4,UCSes4X8uDrpc4X46hJKjejg,2,0
20261008,UCSes4X8uDrpc4X46hJKjejg,gCU3mGYQeLY,101,2,5,unknown,1,0
20261008,UCSes4X8uDrpc4X46hJKjejg,gCU3mGYQeLY,102,1,5,unknown,1,0
20261008,UCSes4X8uDrpc4X46hJKjejg,gCU3mGYQeLY,104,4,5,unknown,1,0
20261008,UCSes4X8uDrpc4X46hJKjejg,gCU3mGYQeLY,104,5,5,unknown,3,0
20261008,UCSes4X8uDrpc4X46hJKjejg,gDgsmKtRWOI,101,9,5,unknown,1,1
20261008,UCSes4X8uDrpc4X46hJKjejg,gG7-qi55OO8,104,5,3,what-to-watch,1,0
20261008,UCSes4X8uDrpc4X46hJKjejg,gG7-qi55OO8,101,9,5,unknown,1,0
20261008,UCSes4X8uDrpc4X46hJKjejg,gG7-qi55OO8,101,9,14,PLX3ZLYz4-6vE2_ZNLW5AfzbHTd1jTskDl,2,0
20261008,UCSes4X8uDrpc4X46hJKjejg,gGT1TYwitr0,101,9,3,what-to-watch,1,0
20261008,UCSes4X8uDrpc4X46hJKjejg,gGT1TYwitr0,101,9,4,UCSes4X8uDrpc4X46hJKjejg,2,0
20261008,UCSes4X8uDrpc4X46hJKjejg,gGT1TYwitr0,102,4,4,UCSes4X8uDrpc4X46hJKjejg,1,0
20261008,UCSes4X8uDrpc4X46hJKjejg,gGT1TYwitr0,102,26,4,UCSes4X8uDrpc4X46hJKjejg,1,0
20261008,UCSes4X8uDrpc4X46hJKjejg,gGT1TYwitr0,104,4,4,UCSes4X8uDrpc4X46hJKjejg,1,0
20261008,UCSes4X8uDrpc4X46hJKjejg,gGojkkVgYA4,101,9,5,unknown,1,0
20261008,UCSes4X8uDrpc4X46hJKjejg,gHZsf3xqvxI,101,2,5,unknown,1,0
20261008,UCSes4X8uDrpc4X46hJKjejg,gL7l_L8da7c,104,4,5,unknown,2,0
20261008,UCSes4X8uDrpc4X46hJKjejg,gQj2-CdT3Ys,101,9,3,what-to-watch,1,0
20261008,UCSes4X8uDrpc4X46hJKjejg,gQj2-CdT3Ys,101,2,4,UCSes4X8uDrpc4X46hJKjejg,1,0
20261008,UCSes4X8uDrpc4X46hJKjejg,gTMjT4y5LHE,102,4,3,/my_subscriptions,1,0
20261008,UCSes4X8uDrpc4X46hJKjejg,gTMjT4y5LHE,102,26,3,/my_subscriptions,1,0
20261008,UCSes4X8uDrpc4X46hJKjejg,gTMjT4y5LHE,104,5,3,/my_subscriptions,1,0
20261008,UCSes4X8uDrpc4X46hJKjejg,gTMjT4y5LHE,101,1,3,what-to-watch,9,0
20261008,UCSes4X8uDrpc4X46hJKjejg,gTMjT4y5LHE,101,2,3,what-to-watch,995,0.052261306532663317
20261008,UCSes4X8uDrpc4X46hJKjejg,gTMjT4y5LHE,101,9,3,what-to-watch,787,0.049555273189326558
20261008,UCSes4X8uDrpc4X46hJKjejg,gTMjT4y5LHE,101,30,3,what-to-watch,36,0.027777777777777776
20261008,UCSes4X8uDrpc4X46hJKjejg,gTMjT4y5LHE,102,1,3,what-to-watch,72,0.055555555555555552
20261008,UCSes4X8uDrpc4X46hJKjejg,gTMjT4y5LHE,102,4,3,what-to-watch,240,0.070833333333333331
20261008,UCSes4X8uDrpc4X46hJKjejg,gTMjT4y5LHE,102,12,3,what-to-watch,140,0.028571428571428571
20261008,UCSes4X8uDrpc4X46hJKjejg,gTMjT4y5LHE,102,13,3,what-to-watch,1,0
20261008,UCSes4X8uDrpc4X46hJKjejg,gTMjT4y5LHE,102,19,3,what-to-watch,320,0.0625
20261008,UCSes4X8uDrpc4X46hJKjejg,gTMjT4y5LHE,102,21,3,what-to-watch,6,0
20261008,UCSes4X8uDrpc4X46hJKjejg,gTMjT4y5LHE,102,26,3,what-to-watch,409,0.051344743276283619
20261008,UCSes4X8uDrpc4X46hJKjejg,gTMjT4y5LHE,102,28,3,what-to-watch,79,0.0759493670886076
20261008,UCSes4X8uDrpc4X46hJKjejg,gTMjT4y5LHE,102,29,3,what-to-watch,276,0.083333333333333329
20261008,UCSes4X8uDrpc4X46hJKjejg,gTMjT4y5LHE,102,31,3,what-to-watch,12,0
20261008,UCSes4X8uDrpc4X46hJKjejg,gTMjT4y5LHE,103,10,3,what-to-watch,366,0.043715846994535519
20261008,UCSes4X8uDrpc4X46hJKjejg,gTMjT4y5LHE,103,17,3,what-to-watch,179,0.0893854748603352
20261008,UCSes4X8uDrpc4X46hJKjejg,gTMjT4y5LHE,103,27,3,what-to-watch,3,0
20261008,UCSes4X8uDrpc4X46hJKjejg,gTMjT4y5LHE,104,4,3,what-to-watch,714,0.0742296918767507
20261008,UCSes4X8uDrpc4X46hJKjejg,gTMjT4y5LHE,104,5,3,what-to-watch,5622,0.071326929918178586
20261008,UCSes4X8uDrpc4X46hJKjejg,gTMjT4y5LHE,105,4,3,what-to-watch,1,0
20261008,UCSes4X8uDrpc4X46hJKjejg,gTMjT4y5LHE,105,5,3,what-to-watch,756,0.026455026455026454
20261008,UCSes4X8uDrpc4X46hJKjejg,gTMjT4y5LHE,101,2,4,UCSes4X8uDrpc4X46hJKjejg,16,0.0625
20261008,UCSes4X8uDrpc4X46hJKjejg,gTMjT4y5LHE,101,9,4,UCSes4X8uDrpc4X46hJKjejg,26,0
20261008,UCSes4X8uDrpc4X46hJKjejg,gTMjT4y5LHE,101,30,4,UCSes4X8uDrpc4X46hJKjejg,1,0
20261008,UCSes4X8uDrpc4X46hJKjejg,gTMjT4y5LHE,104,4,4,UCSes4X8uDrpc4X46hJKjejg,21,0
20261008,UCSes4X8uDrpc4X46hJKjejg,gTMjT4y5LHE,104,5,4,UCSes4X8uDrpc4X46hJKjejg,30,0.033333333333333333
20261008,UCSes4X8uDrpc4X46hJKjejg,gTMjT4y5LHE,101,2,5,unknown,9,0.22222222222222221
20261008,UCSes4X8uDrpc4X46hJKjejg,gTMjT4y5LHE,101,9,5,unknown,5,0
20261008,UCSes4X8uDrpc4X46hJKjejg,gTMjT4y5LHE,102,1,5,unknown,6,0.16666666666666666
20261008,UCSes4X8uDrpc4X46hJKjejg,gTMjT4y5LHE,102,4,5,unknown,12,0.083333333333333329
20261008,UCSes4X8uDrpc4X46hJKjejg,gTMjT4y5LHE,102,12,5,unknown,2,0
20261008,UCSes4X8uDrpc4X46hJKjejg,gTMjT4y5LHE,102,19,5,unknown,8,0
20261008,UCSes4X8uDrpc4X46hJKjejg,gTMjT4y5LHE,102,26,5,unknown,12,0
20261008,UCSes4X8uDrpc4X46hJKjejg,gTMjT4y5LHE,102,29,5,unknown,26,0.076923076923076927
20261008,UCSes4X8uDrpc4X46hJKjejg,gTMjT4y5LHE,103,10,5,unknown,10,0.1
20261008,UCSes4X8uDrpc4X46hJKjejg,gTMjT4y5LHE,103,17,5,unknown,6,0
20261008,UCSes4X8uDrpc4X46hJKjejg,gTMjT4y5LHE,104,4,5,unknown,30,0.066666666666666666
20261008,UCSes4X8uDrpc4X46hJKjejg,gTMjT4y5LHE,104,5,5,unknown,43,0.069767441860465115
20261008,UCSes4X8uDrpc4X46hJKjejg,gTMjT4y5LHE,105,5,5,unknown,3,0
20261008,UCSes4X8uDrpc4X46hJKjejg,gTMjT4y5LHE,104,5,7,-5T47WBK1R0,2,0
20261008,UCSes4X8uDrpc4X46hJKjejg,gTMjT4y5LHE,101,9,7,-CjQjOd2JEA,1,0
20261008,UCSes4X8uDrpc4X46hJKjejg,gTMjT4y5LHE,101,9,7,-FUxUDA26C4,1,0
20261008,UCSes4X8uDrpc4X46hJKjejg,gTMjT4y5LHE,104,4,7,-FUxUDA26C4,1,0
20261008,UCSes4X8uDrpc4X46hJKjejg,gTMjT4y5LHE,104,5,7,-FUxUDA26C4,1,0
20261008,UCSes4X8uDrpc4X46hJKjejg,gTMjT4y5LHE,104,4,7,-TauZcQxKUU,1,0
20261008,UCSes4X8uDrpc4X46hJKjejg,gTMjT4y5LHE,104,5,7,00Y7VPeI5lQ,1,0
20261008,UCSes4X8uDrpc4X46hJKjejg,gTMjT4y5LHE,101,30,7,0EVf-ubnlxw,1,0
20261008,UCSes4X8uDrpc4X46hJKjejg,gTMjT4y5LHE,101,2,7,0JSLfprrIDA,1,0
20261008,UCSes4X8uDrpc4X46hJKjejg,gTMjT4y5LHE,104,5,7,0JSLfprrIDA,1,0
20261008,UCSes4X8uDrpc4X46hJKjejg,gTMjT4y5LHE,104,5,7,0Vz3598XV78,2,0
20261008,UCSes4X8uDrpc4X46hJKjejg,gTMjT4y5LHE,104,4,7,0b8eta7f8mY,1,0
20261008,UCSes4X8uDrpc4X46hJKjejg,gTMjT4y5LHE,102,26,7,1NA9e-kdePY,1,0
20261008,UCSes4X8uDrpc4X46hJKjejg,gTMjT4y5LHE,101,9,7,1UleJV00_oU,1,0
20261008,UCSes4X8uDrpc4X46hJKjejg,gTMjT4y5LHE,101,2,7,1c6Y2J2yqVQ,1,0
20261008,UCSes4X8uDrpc4X46hJKjejg,gTMjT4y5LHE,101,9,7,1c6Y2J2yqVQ,1,0
20261008,UCSes4X8uDrpc4X46hJKjejg,gTMjT4y5LHE,101,2,7,1fHrQC7xW_Q,2,0
20261008,UCSes4X8uDrpc4X46hJKjejg,gTMjT4y5LHE,101,9,7,1fHrQC7xW_Q,2,0
20261008,UCSes4X8uDrpc4X46hJKjejg,gTMjT4y5LHE,102,19,7,1fHrQC7xW_Q,1,0
20261008,UCSes4X8uDrpc4X46hJKjejg,gTMjT4y5LHE,104,4,7,1fHrQC7xW_Q,1,0
20261008,UCSes4X8uDrpc4X46hJKjejg,gTMjT4y5LHE,104,5,7,1fHrQC7xW_Q,4,0
20261008,UCSes4X8uDrpc4X46hJKjejg,gTMjT4y5LHE,104,4,7,23-GrGdMqtU,1,0
20261008,UCSes4X8uDrpc4X46hJKjejg,gTMjT4y5LHE,104,5,7,2NR7mBlEBVo,2,0
20261008,UCSes4X8uDrpc4X46hJKjejg,gTMjT4y5LHE,101,2,7,2_BfH0Ff4lA,1,0
20261008,UCSes4X8uDrpc4X46hJKjejg,gTMjT4y5LHE,104,4,7,2iB-QfDJBkI,1,0
20261008,UCSes4X8uDrpc4X46hJKjejg,gTMjT4y5LHE,101,2,7,2n5LJUyMtAk,1,0
20261008,UCSes4X8uDrpc4X46hJKjejg,gTMjT4y5LHE,102,29,7,2n5LJUyMtAk,1,0
20261008,UCSes4X8uDrpc4X46hJKjejg,gTMjT4y5LHE,104,4,7,2n5LJUyMtAk,1,0
20261008,UCSes4X8uDrpc4X46hJKjejg,gTMjT4y5LHE,104,5,7,3GCUzyB7a4Q,1,0
20261008,UCSes4X8uDrpc4X46hJKjejg,gTMjT4y5LHE,104,5,7,3XYEa2ygsY8,1,0
20261008,UCSes4X8uDrpc4X46hJKjejg,gTMjT4y5LHE,104,5,7,3hjgZs-hjJA,1,0
20261008,UCSes4X8uDrpc4X46hJKjejg,gTMjT4y5LHE,104,5,7,3j1gS05CUYs,1,0
20261008,UCSes4X8uDrpc4X46hJKjejg,gTMjT4y5LHE,101,9,7,5AFmE5krg7o,2,0
20261008,UCSes4X8uDrpc4X46hJKjejg,gTMjT4y5LHE,104,5,7,5LEl411RcFs,1,0
20261008,UCSes4X8uDrpc4X46hJKjejg,gTMjT4y5LHE,104,4,7,5YcLef4rX20,1,0
20261008,UCSes4X8uDrpc4X46hJKjejg,gTMjT4y5LHE,104,4,7,61h4m-FjOIU,2,0
20261008,UCSes4X8uDrpc4X46hJKjejg,gTMjT4y5LHE,101,2,7,64ZE7Jz_Sug,3,0
20261008,UCSes4X8uDrpc4X46hJKjejg,gTMjT4y5LHE,101,9,7,64ZE7Jz_Sug,4,0
20261008,UCSes4X8uDrpc4X46hJKjejg,gTMjT4y5LHE,104,4,7,64ZE7Jz_Sug,1,0
20261008,UCSes4X8uDrpc4X46hJKjejg,gTMjT4y5LHE,104,5,7,64ZE7Jz_Sug,2,0
20261008,UCSes4X8uDrpc4X46hJKjejg,gTMjT4y5LHE,101,2,7,6LApTIxa-vM,1,0
20261008,UCSes4X8uDrpc4X46hJKjejg,gTMjT4y5LHE,104,5,7,6Ss_u74Obxw,1,0
20261008,UCSes4X8uDrpc4X46hJKjejg,gTMjT4y5LHE,104,4,7,6UBoimUJc60,1,0
20261008,UCSes4X8uDrpc4X46hJKjejg,gTMjT4y5LHE,101,2,7,6V3lpYveZSw,1,0
20261008,UCSes4X8uDrpc4X46hJKjejg,gTMjT4y5LHE,104,4,7,6V3lpYveZSw,1,0
20261008,UCSes4X8uDrpc4X46hJKjejg,gTMjT4y5LHE,104,5,7,6V3lpYveZSw,1,0
20261008,UCSes4X8uDrpc4X46hJKjejg,gTMjT4y5LHE,101,9,7,6ljakZEWb0o,2,0
20261008,UCSes4X8uDrpc4X46hJKjejg,gTMjT4y5LHE,104,4,7,6ljakZEWb0o,1,0
20261008,UCSes4X8uDrpc4X46hJKjejg,gTMjT4y5LHE,101,2,7,6pKZW0ocGDc,1,0
20261008,UCSes4X8uDrpc4X46hJKjejg,gTMjT4y5LHE,102,19,7,6pKZW0ocGDc,1,0
20261008,UCSes4X8uDrpc4X46hJKjejg,gTMjT4y5LHE,104,5,7,6qvzaV7Ef9Q,1,0
20261008,UCSes4X8uDrpc4X46hJKjejg,gTMjT4y5LHE,101,2,7,6w_dajNrGLA,1,0
20261008,UCSes4X8uDrpc4X46hJKjejg,gTMjT4y5LHE,104,4,7,7Jli0_1yDFk,1,1
20261008,UCSes4X8uDrpc4X46hJKjejg,gTMjT4y5LHE,104,5,7,7bYk34bWN-w,1,0
20261008,UCSes4X8uDrpc4X46hJKjejg,gTMjT4y5LHE,101,2,7,7yH7AHVK4i8,1,0
20261008,UCSes4X8uDrpc4X46hJKjejg,gTMjT4y5LHE,104,4,7,7yH7AHVK4i8,1,0
20261008,UCSes4X8uDrpc4X46hJKjejg,gTMjT4y5LHE,104,5,7,7yH7AHVK4i8,1,0
20261008,UCSes4X8uDrpc4X46hJKjejg,gTMjT4y5LHE,104,4,7,87zbbfy5mTw,1,0
20261008,UCSes4X8uDrpc4X46hJKjejg,gTMjT4y5LHE,104,5,7,8OHCS5tZpdY,1,0
20261008,UCSes4X8uDrpc4X46hJKjejg,gTMjT4y5LHE,104,5,7,8Yq7dvVINpY,1,0
20261008,UCSes4X8uDrpc4X46hJKjejg,gTMjT4y5LHE,101,9,7,8njhXlYO05g,1,0
20261008,UCSes4X8uDrpc4X46hJKjejg,gTMjT4y5LHE,101,2,7,9LFMqUAyB_U,1,0
20261008,UCSes4X8uDrpc4X46hJKjejg,gTMjT4y5LHE,104,4,7,9LFMqUAyB_U,1,0
20261008,UCSes4X8uDrpc4X46hJKjejg,gTMjT4y5LHE,101,2,7,9ZweG9kDUws,1,0
20261008,UCSes4X8uDrpc4X46hJKjejg,gTMjT4y5LHE,104,5,7,AKm1isQew3o,1,0
20261008,UCSes4X8uDrpc4X46hJKjejg,gTMjT4y5LHE,104,5,7,AaE2qwCF0ow,1,0
20261008,UCSes4X8uDrpc4X46hJKjejg,gTMjT4y5LHE,104,4,7,CEnSExw_K_o,1,1
20261008,UCSes4X8uDrpc4X46hJKjejg,gTMjT4y5LHE,101,2,7,CycRXto4FnQ,1,0
20261008,UCSes4X8uDrpc4X46hJKjejg,gTMjT4y5LHE,104,4,7,CycRXto4FnQ,1,0
20261008,UCSes4X8uDrpc4X46hJKjejg,gTMjT4y5LHE,101,2,7,DhyMNiu2d4g,1,0
20261008,UCSes4X8uDrpc4X46hJKjejg,gTMjT4y5LHE,101,2,7,Eaf6cje0GpY,1,0
20261008,UCSes4X8uDrpc4X46hJKjejg,gTMjT4y5LHE,101,2,7,EzhW5pVsB_U,1,0
20261008,UCSes4X8uDrpc4X46hJKjejg,gTMjT4y5LHE,104,4,7,F2-dxgSkcq4,1,0
20261008,UCSes4X8uDrpc4X46hJKjejg,gTMjT4y5LHE,101,9,7,F9Xeg9STTCs,1,0
20261008,UCSes4X8uDrpc4X46hJKjejg,gTMjT4y5LHE,101,2,7,FDNl5QasFQ4,1,0
20261008,UCSes4X8uDrpc4X46hJKjejg,gTMjT4y5LHE,104,4,7,FDiofXkgmkA,1,1
20261008,UCSes4X8uDrpc4X46hJKjejg,gTMjT4y5LHE,104,5,7,FDiofXkgmkA,1,0
20261008,UCSes4X8uDrpc4X46hJKjejg,gTMjT4y5LHE,101,9,7,FXX_QCiXNno,1,0
20261008,UCSes4X8uDrpc4X46hJKjejg,gTMjT4y5LHE,104,4,7,FXX_QCiXNno,1,0
20261008,UCSes4X8uDrpc4X46hJKjejg,gTMjT4y5LHE,105,5,7,FXX_QCiXNno,1,0
20261008,UCSes4X8uDrpc4X46hJKjejg,gTMjT4y5LHE,104,4,7,FYR9iBfpymE,1,0
20261008,UCSes4X8uDrpc4X46hJKjejg,gTMjT4y5LHE,104,5,7,GBFZpx5TZHU,1,0
20261008,UCSes4X8uDrpc4X46hJKjejg,gTMjT4y5LHE,101,9,7,GV8z5Jc3lYA,1,0
20261008,UCSes4X8uDrpc4X46hJKjejg,gTMjT4y5LHE,104,5,7,GdVYMq0b3Go,1,0
20261008,UCSes4X8uDrpc4X46hJKjejg,gTMjT4y5LHE,104,4,7,GwoLeZZA3EA,1,0
20261008,UCSes4X8uDrpc4X46hJKjejg,gTMjT4y5LHE,104,5,7,HIZui_pr86o,1,0
20261008,UCSes4X8uDrpc4X46hJKjejg,gTMjT4y5LHE,104,5,7,HJiEhqRf0AE,1,0
20261008,UCSes4X8uDrpc4X46hJKjejg,gTMjT4y5LHE,101,2,7,I3M1HjtVuvU,1,0
20261008,UCSes4X8uDrpc4X46hJKjejg,gTMjT4y5LHE,101,2,7,ISozysWNzm8,1,0
20261008,UCSes4X8uDrpc4X46hJKjejg,gTMjT4y5LHE,104,5,7,Iei3lHC9Mg4,1,0
20261008,UCSes4X8uDrpc4X46hJKjejg,gTMjT4y5LHE,101,2,7,IpH4iok3LsA,1,0
20261008,UCSes4X8uDrpc4X46hJKjejg,gTMjT4y5LHE,101,9,7,J38VKKkWlPo,1,0
20261008,UCSes4X8uDrpc4X46hJKjejg,gTMjT4y5LHE,101,2,7,J8K__AxdU70,1,0
20261008,UCSes4X8uDrpc4X46hJKjejg,gTMjT4y5LHE,104,5,7,JQ6765pinuI,1,0
20261008,UCSes4X8uDrpc4X46hJKjejg,gTMjT4y5LHE,104,4,7,JT0scXXgskw,1,0
20261008,UCSes4X8uDrpc4X46hJKjejg,gTMjT4y5LHE,101,2,7,Jw2mKxmtngs,1,0
20261008,UCSes4X8uDrpc4X46hJKjejg,gTMjT4y5LHE,104,4,7,Jw2mKxmtngs,2,0
20261008,UCSes4X8uDrpc4X46hJKjejg,gTMjT4y5LHE,104,5,7,Jw2mKxmtngs,2,0
20261008,UCSes4X8uDrpc4X46hJKjejg,gTMjT4y5LHE,104,5,7,KHuRqtXJTRQ,1,0
20261008,UCSes4X8uDrpc4X46hJKjejg,gTMjT4y5LHE,101,2,7,KfK6bYiWj0Q,1,0
20261008,UCSes4X8uDrpc4X46hJKjejg,gTMjT4y5LHE,101,9,7,KvpXdVr74F0,1,0
20261008,UCSes4X8uDrpc4X46hJKjejg,gTMjT4y5LHE,104,5,7,L-K73HNYGtw,1,0
20261008,UCSes4X8uDrpc4X46hJKjejg,gTMjT4y5LHE,104,5,7,Lda6LrfG3es,1,0
20261008,UCSes4X8uDrpc4X46hJKjejg,gTMjT4y5LHE,104,4,7,LqVepYKNfY4,1,0
20261008,UCSes4X8uDrpc4X46hJKjejg,gTMjT4y5LHE,104,5,7,MTrtcJlmWYM,2,0
20261008,UCSes4X8uDrpc4X46hJKjejg,gTMjT4y5LHE,101,2,7,M_mKw1kuFRY,1,0
20261008,UCSes4X8uDrpc4X46hJKjejg,gTMjT4y5LHE,104,4,7,MrWMLrm4pbA,1,0
20261008,UCSes4X8uDrpc4X46hJKjejg,gTMjT4y5LHE,101,2,7,N2StGRISYLY,1,0
20261008,UCSes4X8uDrpc4X46hJKjejg,gTMjT4y5LHE,101,2,7,N42F_8RIGsc,1,0
20261008,UCSes4X8uDrpc4X46hJKjejg,gTMjT4y5LHE,104,5,7,N42F_8RIGsc,1,0
20261008,UCSes4X8uDrpc4X46hJKjejg,gTMjT4y5LHE,104,5,7,NNYpiw881IA,1,0
20261008,UCSes4X8uDrpc4X46hJKjejg,gTMjT4y5LHE,104,5,7,NYDGA3sVQrA,1,0
20261008,UCSes4X8uDrpc4X46hJKjejg,gTMjT4y5LHE,104,5,7,NqQvfTwDtEQ,1,0
20261008,UCSes4X8uDrpc4X46hJKjejg,gTMjT4y5LHE,103,17,7,OTe8tQbQ3k0,1,0
20261008,UCSes4X8uDrpc4X46hJKjejg,gTMjT4y5LHE,101,30,7,OcUJG3QqvU8,1,0
20261008,UCSes4X8uDrpc4X46hJKjejg,gTMjT4y5LHE,101,2,7,OlN8hWfJ51I,1,0
20261008,UCSes4X8uDrpc4X46hJKjejg,gTMjT4y5LHE,104,4,7,P2TCNgf7RlU,1,0
20261008,UCSes4X8uDrpc4X46hJKjejg,gTMjT4y5LHE,104,4,7,PGDLxA9I-tA,1,0
20261008,UCSes4X8uDrpc4X46hJKjejg,gTMjT4y5LHE,101,2,7,PRtjsokRNQU,1,0
20261008,UCSes4X8uDrpc4X46hJKjejg,gTMjT4y5LHE,104,5,7,PahsONWmczM,1,0
20261008,UCSes4X8uDrpc4X46hJKjejg,gTMjT4y5LHE,101,2,7,PcWL7NH9fhA,1,0
20261008,UCSes4X8uDrpc4X46hJKjejg,gTMjT4y5LHE,101,2,7,PoyUkRaWZiM,2,0
20261008,UCSes4X8uDrpc4X46hJKjejg,gTMjT4y5LHE,104,4,7,PzBoKtcNx8A,1,0
20261008,UCSes4X8uDrpc4X46hJKjejg,gTMjT4y5LHE,104,5,7,Q38_sa0UD2c,1,0
20261008,UCSes4X8uDrpc4X46hJKjejg,gTMjT4y5LHE,104,4,7,QQI5ufwPATg,3,0
20261008,UCSes4X8uDrpc4X46hJKjejg,gTMjT4y5LHE,104,5,7,QQI5ufwPATg,3,0
20261008,UCSes4X8uDrpc4X46hJKjejg,gTMjT4y5LHE,104,5,7,QaaIDkqSjIo,2,0.5
20261008,UCSes4X8uDrpc4X46hJKjejg,gTMjT4y5LHE,101,2,7,QbdrhJd7LiA,1,0
20261008,UCSes4X8uDrpc4X46hJKjejg,gTMjT4y5LHE,104,4,7,R3ZKH7nJoZM,1,0
20261008,UCSes4X8uDrpc4X46hJKjejg,gTMjT4y5LHE,101,9,7,RCxFgsuvEeE,1,0
20261008,UCSes4X8uDrpc4X46hJKjejg,gTMjT4y5LHE,104,5,7,RtiXzWDtffE,1,0
20261008,UCSes4X8uDrpc4X46hJKjejg,gTMjT4y5LHE,104,5,7,SCBr6E9wk34,1,0
20261008,UCSes4X8uDrpc4X46hJKjejg,gTMjT4y5LHE,101,9,7,Sms2JqO1FH0,1,0
20261008,UCSes4X8uDrpc4X46hJKjejg,gTMjT4y5LHE,104,5,7,T97sCHI42Y0,1,0
20261008,UCSes4X8uDrpc4X46hJKjejg,gTMjT4y5LHE,104,5,7,TL5QwjxLcCA,1,0
20261008,UCSes4X8uDrpc4X46hJKjejg,gTMjT4y5LHE,101,1,7,U6EtFkksbkY,1,0
20261008,UCSes4X8uDrpc4X46hJKjejg,gTMjT4y5LHE,104,4,7,UkDjVUYhws8,1,0
20261008,UCSes4X8uDrpc4X46hJKjejg,gTMjT4y5LHE,104,5,7,VK8hRJH40BM,1,0
20261008,UCSes4X8uDrpc4X46hJKjejg,gTMjT4y5LHE,101,2,7,VLo2jrwJcJ4,1,0
20261008,UCSes4X8uDrpc4X46hJKjejg,gTMjT4y5LHE,104,4,7,VU5sh5LJQMI,1,0
20261008,UCSes4X8uDrpc4X46hJKjejg,gTMjT4y5LHE,101,1,7,VYVrQZME4HM,1,0
20261008,UCSes4X8uDrpc4X46hJKjejg,gTMjT4y5LHE,101,2,7,Vf-K-EYQSTc,1,0
20261008,UCSes4X8uDrpc4X46hJKjejg,gTMjT4y5LHE,101,9,7,WUJeKfS-AOw,1,0
20261008,UCSes4X8uDrpc4X46hJKjejg,gTMjT4y5LHE,104,5,7,Wb5_tzVjq9U,1,0
20261008,UCSes4X8uDrpc4X46hJKjejg,gTMjT4y5LHE,104,5,7,WpIpCUnKcww,2,0
20261008,UCSes4X8uDrpc4X46hJKjejg,gTMjT4y5LHE,101,9,7,WvP76o4nW_M,1,0
20261008,UCSes4X8uDrpc4X46hJKjejg,gTMjT4y5LHE,104,5,7,X0vUKYpF6W8,2,0
20261008,UCSes4X8uDrpc4X46hJKjejg,gTMjT4y5LHE,104,4,7,XTGlwLovDD0,2,0
20261008,UCSes4X8uDrpc4X46hJKjejg,gTMjT4y5LHE,104,5,7,XgnMSpEX4Qw,1,0
20261008,UCSes4X8uDrpc4X46hJKjejg,gTMjT4y5LHE,101,2,7,XoS32j-BqQM,1,0
20261008,UCSes4X8uDrpc4X46hJKjejg,gTMjT4y5LHE,104,4,7,YHtB62qU1r8,1,0
20261008,UCSes4X8uDrpc4X46hJKjejg,gTMjT4y5LHE,101,2,7,YfCI4mXvC8M,1,0
20261008,UCSes4X8uDrpc4X46hJKjejg,gTMjT4y5LHE,101,9,7,YfCI4mXvC8M,1,0
20261008,UCSes4X8uDrpc4X46hJKjejg,gTMjT4y5LHE,104,5,7,Zk6pEyKQlyo,1,0
20261008,UCSes4X8uDrpc4X46hJKjejg,gTMjT4y5LHE,101,30,7,_FHAuo5P_Qg,1,0
20261008,UCSes4X8uDrpc4X46hJKjejg,gTMjT4y5LHE,101,9,7,_Fqzn4A7bME,1,0
20261008,UCSes4X8uDrpc4X46hJKjejg,gTMjT4y5LHE,101,2,7,_ZJtHk7f_c0,1,0
20261008,UCSes4X8uDrpc4X46hJKjejg,gTMjT4y5LHE,104,5,7,aNuRt_15Nr4,1,0
20261008,UCSes4X8uDrpc4X46hJKjejg,gTMjT4y5LHE,101,2,7,bV7tuPbWHjU,2,0.5
20261008,UCSes4X8uDrpc4X46hJKjejg,gTMjT4y5LHE,104,4,7,bV7tuPbWHjU,2,0
20261008,UCSes4X8uDrpc4X46hJKjejg,gTMjT4y5LHE,104,5,7,bV7tuPbWHjU,2,0
20261008,UCSes4X8uDrpc4X46hJKjejg,gTMjT4y5LHE,104,4,7,brzptR7ZPXY,1,0
20261008,UCSes4X8uDrpc4X46hJKjejg,gTMjT4y5LHE,104,4,7,cCv7VSAe3OA,1,0
20261008,UCSes4X8uDrpc4X46hJKjejg,gTMjT4y5LHE,104,5,7,daEFEnK7feo,1,1
20261008,UCSes4X8uDrpc4X46hJKjejg,gTMjT4y5LHE,101,9,7,dw25EsoNz-I,1,0
20261008,UCSes4X8uDrpc4X46hJKjejg,gTMjT4y5LHE,104,5,7,dw25EsoNz-I,1,0
20261008,UCSes4X8uDrpc4X46hJKjejg,gTMjT4y5LHE,101,9,7,e6kj5w_u3aw,1,0
20261008,UCSes4X8uDrpc4X46hJKjejg,gTMjT4y5LHE,104,4,7,e6kj5w_u3aw,1,0
20261008,UCSes4X8uDrpc4X46hJKjejg,gTMjT4y5LHE,104,4,7,eLwo7oZqJVo,1,0
20261008,UCSes4X8uDrpc4X46hJKjejg,gTMjT4y5LHE,104,5,7,ePdXtNfowRo,1,0
20261008,UCSes4X8uDrpc4X46hJKjejg,gTMjT4y5LHE,104,5,7,egxeDvSmCs0,1,0
20261008,UCSes4X8uDrpc4X46hJKjejg,gTMjT4y5LHE,101,9,7,fGsElAet2-g,1,0
20261008,UCSes4X8uDrpc4X46hJKjejg,gTMjT4y5LHE,101,9,7,fhRfk_B7Kn4,1,0
20261008,UCSes4X8uDrpc4X46hJKjejg,gTMjT4y5LHE,103,10,7,gKYjPTD6Ijc,1,0
20261008,UCSes4X8uDrpc4X46hJKjejg,gTMjT4y5LHE,101,2,7,i4rAJJrDTHc,1,0
20261008,UCSes4X8uDrpc4X46hJKjejg,gTMjT4y5LHE,104,5,7,iGeSvZQqm84,3,0
20261008,UCSes4X8uDrpc4X46hJKjejg,gTMjT4y5LHE,101,9,7,jK-_5cnCW6s,1,0
20261008,UCSes4X8uDrpc4X46hJKjejg,gTMjT4y5LHE,101,2,7,jVjyKZG8qLw,1,0
20261008,UCSes4X8uDrpc4X46hJKjejg,gTMjT4y5LHE,104,4,7,jZz7CpTQZfc,2,0
20261008,UCSes4X8uDrpc4X46hJKjejg,gTMjT4y5LHE,103,17,7,jeXqnhf3eBI,1,0
20261008,UCSes4X8uDrpc4X46hJKjejg,gTMjT4y5LHE,104,5,7,je_qcul9XQc,1,0
20261008,UCSes4X8uDrpc4X46hJKjejg,gTMjT4y5LHE,104,4,7,jizHHnGzzUg,1,0
20261008,UCSes4X8uDrpc4X46hJKjejg,gTMjT4y5LHE,104,4,7,kBc_AvQ75fw,2,0
20261008,UCSes4X8uDrpc4X46hJKjejg,gTMjT4y5LHE,104,5,7,kKD2oMZZFaU,1,0
20261008,UCSes4X8uDrpc4X46hJKjejg,gTMjT4y5LHE,104,5,7,kiW32ybqszM,1,0
20261008,UCSes4X8uDrpc4X46hJKjejg,gTMjT4y5LHE,101,2,7,lM0NPUuexOc,2,0
20261008,UCSes4X8uDrpc4X46hJKjejg,gTMjT4y5LHE,104,5,7,lM0NPUuexOc,1,0
20261008,UCSes4X8uDrpc4X46hJKjejg,gTMjT4y5LHE,101,2,7,lMqHiFdsMu8,4,0
20261008,UCSes4X8uDrpc4X46hJKjejg,gTMjT4y5LHE,101,9,7,lMqHiFdsMu8,1,0
20261008,UCSes4X8uDrpc4X46hJKjejg,gTMjT4y5LHE,104,5,7,m2gXbCPNFvI,4,0
20261008,UCSes4X8uDrpc4X46hJKjejg,gTMjT4y5LHE,104,5,7,mLbnP9FBmrM,1,0
20261008,UCSes4X8uDrpc4X46hJKjejg,gTMjT4y5LHE,101,9,7,mpu2dqJIsuA,1,0
20261008,UCSes4X8uDrpc4X46hJKjejg,gTMjT4y5LHE,104,5,7,nBTIaVNIYPc,2,0
20261008,UCSes4X8uDrpc4X46hJKjejg,gTMjT4y5LHE,104,5,7,nGnEJyAtCtk,2,0
20261008,UCSes4X8uDrpc4X46hJKjejg,gTMjT4y5LHE,104,5,7,nMJBi32W2C0,1,0
20261008,UCSes4X8uDrpc4X46hJKjejg,gTMjT4y5LHE,104,5,7,njc6a7s5SAI,1,0
20261008,UCSes4X8uDrpc4X46hJKjejg,gTMjT4y5LHE,104,5,7,obOgY3sEUQs,1,0
20261008,UCSes4X8uDrpc4X46hJKjejg,gTMjT4y5LHE,101,9,7,oqpcqnI37Xw,1,0
20261008,UCSes4X8uDrpc4X46hJKjejg,gTMjT4y5LHE,104,5,7,ox9xd3JebdI,1,0
20261008,UCSes4X8uDrpc4X46hJKjejg,gTMjT4y5LHE,102,28,7,p3TGcuHOack,1,0
20261008,UCSes4X8uDrpc4X46hJKjejg,gTMjT4y5LHE,104,5,7,p3TGcuHOack,1,0
20261008,UCSes4X8uDrpc4X46hJKjejg,gTMjT4y5LHE,104,5,7,pblbS2IqUXM,1,0
20261008,UCSes4X8uDrpc4X46hJKjejg,gTMjT4y5LHE,104,5,7,pynHr_Qtd38,1,0
20261008,UCSes4X8uDrpc4X46hJKjejg,gTMjT4y5LHE,104,5,7,qBoK0ZCwceU,1,0
20261008,UCSes4X8uDrpc4X46hJKjejg,gTMjT4y5LHE,101,9,7,qZu92WXXnH8,1,0
20261008,UCSes4X8uDrpc4X46hJKjejg,gTMjT4y5LHE,104,5,7,qqtVUFDDc9M,2,0
20261008,UCSes4X8uDrpc4X46hJKjejg,gTMjT4y5LHE,104,4,7,qv54Mis-x8Y,1,1
20261008,UCSes4X8uDrpc4X46hJKjejg,gTMjT4y5LHE,102,19,7,r7F7Pdg0woU,1,0
20261008,UCSes4X8uDrpc4X46hJKjejg,gTMjT4y5LHE,104,5,7,r7F7Pdg0woU,1,0
20261008,UCSes4X8uDrpc4X46hJKjejg,gTMjT4y5LHE,104,5,7,rN8Ke4mWKG4,1,0
20261008,UCSes4X8uDrpc4X46hJKjejg,gTMjT4y5LHE,104,5,7,rZeiD65j9Fw,1,0
20261008,UCSes4X8uDrpc4X46hJKjejg,gTMjT4y5LHE,101,2,7,rptyEOYa6I4,1,0
20261008,UCSes4X8uDrpc4X46hJKjejg,gTMjT4y5LHE,104,5,7,sOQKRjP3ZJk,1,0
20261008,UCSes4X8uDrpc4X46hJKjejg,gTMjT4y5LHE,101,2,7,sfs7hyHVc5E,3,0
20261008,UCSes4X8uDrpc4X46hJKjejg,gTMjT4y5LHE,101,9,7,sfs7hyHVc5E,3,0
20261008,UCSes4X8uDrpc4X46hJKjejg,gTMjT4y5LHE,102,19,7,sfs7hyHVc5E,2,0
20261008,UCSes4X8uDrpc4X46hJKjejg,gTMjT4y5LHE,104,4,7,sfs7hyHVc5E,2,0
20261008,UCSes4X8uDrpc4X46hJKjejg,gTMjT4y5LHE,104,4,7,sv94kak1Yfg,1,0
20261008,UCSes4X8uDrpc4X46hJKjejg,gTMjT4y5LHE,104,5,7,t4amay4eVYw,1,0
20261008,UCSes4X8uDrpc4X46hJKjejg,gTMjT4y5LHE,101,9,7,tDy0eWrrCyo,1,0
20261008,UCSes4X8uDrpc4X46hJKjejg,gTMjT4y5LHE,104,5,7,tEr-UYjfT6k,1,0
20261008,UCSes4X8uDrpc4X46hJKjejg,gTMjT4y5LHE,104,5,7,tRqiBTzwzeo,1,0
20261008,UCSes4X8uDrpc4X46hJKjejg,gTMjT4y5LHE,105,5,7,tcOUJSLzgmI,1,0
20261008,UCSes4X8uDrpc4X46hJKjejg,gTMjT4y5LHE,101,2,7,tnzmsYUA4yQ,1,0
20261008,UCSes4X8uDrpc4X46hJKjejg,gTMjT4y5LHE,104,4,7,uJ2Vss7NkO8,1,0
20261008,UCSes4X8uDrpc4X46hJKjejg,gTMjT4y5LHE,104,5,7,uU20-IgQlDU,1,0
20261008,UCSes4X8uDrpc4X46hJKjejg,gTMjT4y5LHE,104,4,7,uf0q07QagUs,1,0
20261008,UCSes4X8uDrpc4X46hJKjejg,gTMjT4y5LHE,101,2,7,ulQKaOeVKQs,3,0
20261008,UCSes4X8uDrpc4X46hJKjejg,gTMjT4y5LHE,101,2,7,umppEcUR9iA,1,0
20261008,UCSes4X8uDrpc4X46hJKjejg,gTMjT4y5LHE,104,5,7,umppEcUR9iA,1,0
20261008,UCSes4X8uDrpc4X46hJKjejg,gTMjT4y5LHE,104,5,7,uxLTwUA9zag,1,0
20261008,UCSes4X8uDrpc4X46hJKjejg,gTMjT4y5LHE,101,2,7,v4qQgWd-nfM,1,0
20261008,UCSes4X8uDrpc4X46hJKjejg,gTMjT4y5LHE,104,4,7,vLKLmRzKZcU,1,0
20261008,UCSes4X8uDrpc4X46hJKjejg,gTMjT4y5LHE,104,5,7,vSPU3dvAWkE,1,0
20261008,UCSes4X8uDrpc4X46hJKjejg,gTMjT4y5LHE,101,2,7,vpVmhiC5FYM,1,0
20261008,UCSes4X8uDrpc4X46hJKjejg,gTMjT4y5LHE,101,9,7,vpVmhiC5FYM,1,0
20261008,UCSes4X8uDrpc4X46hJKjejg,gTMjT4y5LHE,104,4,7,vpVmhiC5FYM,1,1
20261008,UCSes4X8uDrpc4X46hJKjejg,gTMjT4y5LHE,101,2,7,wPVg2ssimNA,1,0
20261008,UCSes4X8uDrpc4X46hJKjejg,gTMjT4y5LHE,104,5,7,wT621lMB_aU,1,0
20261008,UCSes4X8uDrpc4X46hJKjejg,gTMjT4y5LHE,101,2,7,xECRpMvEH58,1,0
20261008,UCSes4X8uDrpc4X46hJKjejg,gTMjT4y5LHE,101,2,7,xcVsP9NYGmo,1,0
20261008,UCSes4X8uDrpc4X46hJKjejg,gTMjT4y5LHE,104,5,7,y2FDuDwJYHA,1,0
20261008,UCSes4X8uDrpc4X46hJKjejg,gTMjT4y5LHE,104,4,7,yziFrm8dM6g,1,0
20261008,UCSes4X8uDrpc4X46hJKjejg,gTMjT4y5LHE,104,5,7,zUy3T1QHHg8,1,0
20261008,UCSes4X8uDrpc4X46hJKjejg,gTMjT4y5LHE,101,9,7,zrnI8GGnVOI,3,0
20261008,UCSes4X8uDrpc4X46hJKjejg,gTMjT4y5LHE,101,2,7,zyCb0wa8Twk,1,0
20261008,UCSes4X8uDrpc4X46hJKjejg,gTMjT4y5LHE,104,5,14,PL-fpF5kvGhDIhWmvk88egPCUAiCYhSheo,2,0
20261008,UCSes4X8uDrpc4X46hJKjejg,gTMjT4y5LHE,104,5,14,PLBcFGJqlZdY4,9,0
20261008,UCSes4X8uDrpc4X46hJKjejg,gTMjT4y5LHE,101,2,14,PLNri2rj_BuM4,1,0
20261008,UCSes4X8uDrpc4X46hJKjejg,gTMjT4y5LHE,101,2,14,PLX3ZLYz4-6vF1bjHk5zROfglVneetkfmx,1,0
20261008,UCSes4X8uDrpc4X46hJKjejg,gTMjT4y5LHE,104,5,14,PLX3ZLYz4-6vF1bjHk5zROfglVneetkfmx,2,0
20261008,UCSes4X8uDrpc4X46hJKjejg,gTMjT4y5LHE,104,5,14,PLcmbwTMvm_DoNE160NMDA-VLehjwXRGKB,1,0
20261008,UCSes4X8uDrpc4X46hJKjejg,gTMjT4y5LHE,104,5,14,QP,2,0
20261008,UCSes4X8uDrpc4X46hJKjejg,gTMjT4y5LHE,102,19,14,my-likes,2,0.5
20261008,UCSes4X8uDrpc4X46hJKjejg,gTMjT4y5LHE,104,5,14,my-likes,1,0
20261008,UCSes4X8uDrpc4X46hJKjejg,gTMjT4y5LHE,101,9,18,unknown,1,0
20261008,UCSes4X8uDrpc4X46hJKjejg,gTMjT4y5LHE,102,26,18,unknown,2,0
20261008,UCSes4X8uDrpc4X46hJKjejg,gTMjT4y5LHE,102,29,18,unknown,1,0
20261008,UCSes4X8uDrpc4X46hJKjejg,gTMjT4y5LHE,103,10,18,unknown,1,0
20261008,UCSes4X8uDrpc4X46hJKjejg,gTMjT4y5LHE,104,4,18,unknown,6,0
20261008,UCSes4X8uDrpc4X46hJKjejg,gTMjT4y5LHE,104,5,18,unknown,23,0.043478260869565216
20261008,UCSes4X8uDrpc4X46hJKjejg,gVC5yCbXpAo,104,5,5,unknown,1,0
20261008,UCSes4X8uDrpc4X46hJKjejg,gX09UAQyD-U,104,5,5,unknown,2,0
20261008,UCSes4X8uDrpc4X46hJKjejg,gX5Aks5a3eE,101,2,3,what-to-watch,1,0
20261008,UCSes4X8uDrpc4X46hJKjejg,gX5Aks5a3eE,104,4,3,what-to-watch,1,0
20261008,UCSes4X8uDrpc4X46hJKjejg,gX5Aks5a3eE,104,4,5,unknown,1,0
20261008,UCSes4X8uDrpc4X46hJKjejg,g_JIgI4TFnc,105,5,5,unknown,5,0
20261008,UCSes4X8uDrpc4X46hJKjejg,g_xtgxSJW1I,104,5,4,UCSes4X8uDrpc4X46hJKjejg,2,0
20261008,UCSes4X8uDrpc4X46hJKjejg,gd99bVTXeFE,101,9,5,unknown,1,0
20261008,UCSes4X8uDrpc4X46hJKjejg,ggKkcJrsQNI,104,5,5,unknown,1,0
20261008,UCSes4X8uDrpc4X46hJKjejg,gjplpVq_woo,101,2,3,what-to-watch,1,0
20261008,UCSes4X8uDrpc4X46hJKjejg,gjplpVq_woo,101,9,5,unknown,1,0
20261008,UCSes4X8uDrpc4X46hJKjejg,gjplpVq_woo,102,4,5,unknown,2,0
20261008,UCSes4X8uDrpc4X46hJKjejg,gjplpVq_woo,102,26,5,unknown,1,0
20261008,UCSes4X8uDrpc4X46hJKjejg,gjplpVq_woo,104,5,5,unknown,5,0
20261008,UCSes4X8uDrpc4X46hJKjejg,gl2rUbmazlA,101,2,4,UCSes4X8uDrpc4X46hJKjejg,1,0
20261008,UCSes4X8uDrpc4X46hJKjejg,glMYlkjTPJA,101,9,3,what-to-watch,1,1
20261008,UCSes4X8uDrpc4X46hJKjejg,glMYlkjTPJA,101,2,5,unknown,9,0
20261008,UCSes4X8uDrpc4X46hJKjejg,glMYlkjTPJA,101,9,5,unknown,3,0
20261008,UCSes4X8uDrpc4X46hJKjejg,glMYlkjTPJA,102,4,5,unknown,2,0
20261008,UCSes4X8uDrpc4X46hJKjejg,glMYlkjTPJA,102,19,5,unknown,2,0
20261008,UCSes4X8uDrpc4X46hJKjejg,glMYlkjTPJA,102,26,5,unknown,2,0
20261008,UCSes4X8uDrpc4X46hJKjejg,glMYlkjTPJA,102,28,5,unknown,1,0
20261008,UCSes4X8uDrpc4X46hJKjejg,glMYlkjTPJA,102,29,5,unknown,1,0
20261008,UCSes4X8uDrpc4X46hJKjejg,glMYlkjTPJA,104,4,5,unknown,10,0
20261008,UCSes4X8uDrpc4X46hJKjejg,glMYlkjTPJA,104,5,5,unknown,18,0.16666666666666666
20261008,UCSes4X8uDrpc4X46hJKjejg,glMYlkjTPJA,105,5,5,unknown,3,0
20261008,UCSes4X8uDrpc4X46hJKjejg,glowgPUxn2w,101,30,3,what-to-watch,1,0
20261008,UCSes4X8uDrpc4X46hJKjejg,glowgPUxn2w,104,5,3,what-to-watch,1,0
20261008,UCSes4X8uDrpc4X46hJKjejg,gmPsKXt4foY,102,19,3,/my_subscriptions,1,0
20261008,UCSes4X8uDrpc4X46hJKjejg,gmPsKXt4foY,104,4,3,/my_subscriptions,1,0
20261008,UCSes4X8uDrpc4X46hJKjejg,gmPsKXt4foY,104,5,3,/my_subscriptions,1,0
20261008,UCSes4X8uDrpc4X46hJKjejg,gmPsKXt4foY,105,5,3,/my_subscriptions,1,0
20261008,UCSes4X8uDrpc4X46hJKjejg,gmPsKXt4foY,101,2,4,UCSes4X8uDrpc4X46hJKjejg,2,0
20261008,UCSes4X8uDrpc4X46hJKjejg,gmPsKXt4foY,101,9,4,UCSes4X8uDrpc4X46hJKjejg,1,0
20261008,UCSes4X8uDrpc4X46hJKjejg,gmPsKXt4foY,102,26,4,UCSes4X8uDrpc4X46hJKjejg,1,0
20261008,UCSes4X8uDrpc4X46hJKjejg,gmPsKXt4foY,104,4,4,UCSes4X8uDrpc4X46hJKjejg,52,0.038461538461538464
20261008,UCSes4X8uDrpc4X46hJKjejg,gmPsKXt4foY,104,5,4,UCSes4X8uDrpc4X46hJKjejg,16,0
20261008,UCSes4X8uDrpc4X46hJKjejg,gmPsKXt4foY,105,5,4,UCSes4X8uDrpc4X46hJKjejg,1,0
20261008,UCSes4X8uDrpc4X46hJKjejg,gmPsKXt4foY,101,2,5,unknown,2,0
20261008,UCSes4X8uDrpc4X46hJKjejg,gmPsKXt4foY,102,19,5,unknown,1,0
20261008,UCSes4X8uDrpc4X46hJKjejg,gmPsKXt4foY,102,29,5,unknown,2,0.5
20261008,UCSes4X8uDrpc4X46hJKjejg,gmPsKXt4foY,102,31,5,unknown,4,0.25
20261008,UCSes4X8uDrpc4X46hJKjejg,gmPsKXt4foY,104,4,5,unknown,3,0
20261008,UCSes4X8uDrpc4X46hJKjejg,gmPsKXt4foY,104,5,5,unknown,3,0
20261008,UCSes4X8uDrpc4X46hJKjejg,grZjDuS8BR8,104,5,4,UCSes4X8uDrpc4X46hJKjejg,1,0
20261008,UCSes4X8uDrpc4X46hJKjejg,gthWOV1Sw0U,104,5,5,unknown,3,0
20261008,UCSes4X8uDrpc4X46hJKjejg,gtmhdTHz30k,102,19,4,UCSes4X8uDrpc4X46hJKjejg,2,0
20261008,UCSes4X8uDrpc4X46hJKjejg,gtmhdTHz30k,104,5,4,UCSes4X8uDrpc4X46hJKjejg,4,0
20261008,UCSes4X8uDrpc4X46hJKjejg,gtmhdTHz30k,102,26,5,unknown,1,0
20261008,UCSes4X8uDrpc4X46hJKjejg,gtmhdTHz30k,101,2,14,PLX3ZLYz4-6vFapW85GvTgNr-4rJjgkzqi,3,0
20261008,UCSes4X8uDrpc4X46hJKjejg,gtvlHc_ftC4,104,5,18,unknown,1,0
20261008,UCSes4X8uDrpc4X46hJKjejg,gw79jVAmrx0,101,2,3,what-to-watch,1,0
20261008,UCSes4X8uDrpc4X46hJKjejg,gw79jVAmrx0,101,9,3,what-to-watch,2,0
20261008,UCSes4X8uDrpc4X46hJKjejg,gw79jVAmrx0,102,19,3,what-to-watch,1,0
20261008,UCSes4X8uDrpc4X46hJKjejg,gw79jVAmrx0,102,26,3,what-to-watch,3,0
20261008,UCSes4X8uDrpc4X46hJKjejg,gw79jVAmrx0,103,10,3,what-to-watch,2,0.5
20261008,UCSes4X8uDrpc4X46hJKjejg,gw79jVAmrx0,104,5,3,what-to-watch,3,0.33333333333333331
20261008,UCSes4X8uDrpc4X46hJKjejg,gw79jVAmrx0,105,5,3,what-to-watch,1,0
20261008,UCSes4X8uDrpc4X46hJKjejg,gw79jVAmrx0,101,2,5,unknown,2,0
20261008,UCSes4X8uDrpc4X46hJKjejg,gw79jVAmrx0,101,30,5,unknown,1,0
20261008,UCSes4X8uDrpc4X46hJKjejg,gw79jVAmrx0,102,1,5,unknown,7,0
20261008,UCSes4X8uDrpc4X46hJKjejg,gw79jVAmrx0,102,26,5,unknown,1,0
20261008,UCSes4X8uDrpc4X46hJKjejg,gw79jVAmrx0,103,10,5,unknown,1,0
20261008,UCSes4X8uDrpc4X46hJKjejg,gw79jVAmrx0,103,17,5,unknown,1,0
20261008,UCSes4X8uDrpc4X46hJKjejg,gw79jVAmrx0,104,4,5,unknown,3,0
20261008,UCSes4X8uDrpc4X46hJKjejg,gw79jVAmrx0,104,5,5,unknown,10,0.1
20261008,UCSes4X8uDrpc4X46hJKjejg,gw79jVAmrx0,105,5,5,unknown,2,0
20261008,UCSes4X8uDrpc4X46hJKjejg,gw79jVAmrx0,101,2,7,AqCXL_3ZlJ4,1,0
20261008,UCSes4X8uDrpc4X46hJKjejg,gw79jVAmrx0,101,2,7,_zFTwPUE_BY,1,0
20261008,UCSes4X8uDrpc4X46hJKjejg,gw79jVAmrx0,101,2,7,mb71fpFv7F4,1,0
20261008,UCSes4X8uDrpc4X46hJKjejg,gw79jVAmrx0,101,2,7,odAeRYuVqTw,1,0
20261008,UCSes4X8uDrpc4X46hJKjejg,h-rKsAesX60,104,5,4,UCSes4X8uDrpc4X46hJKjejg,2,0.5
20261008,UCSes4X8uDrpc4X46hJKjejg,h0_M0WUvYvg,104,4,5,unknown,1,0
20261008,UCSes4X8uDrpc4X46hJKjejg,h4AmaMyYTTY,101,9,5,unknown,1,0
20261008,UCSes4X8uDrpc4X46hJKjejg,h5VfJsb9IJI,101,2,3,what-to-watch,1,0
20261008,UCSes4X8uDrpc4X46hJKjejg,h5VfJsb9IJI,104,5,3,what-to-watch,2,0
20261008,UCSes4X8uDrpc4X46hJKjejg,h5VfJsb9IJI,105,5,3,what-to-watch,1,0
20261008,UCSes4X8uDrpc4X46hJKjejg,h5VfJsb9IJI,101,2,4,UCSes4X8uDrpc4X46hJKjejg,1,0
20261008,UCSes4X8uDrpc4X46hJKjejg,h5VfJsb9IJI,104,5,4,UCSes4X8uDrpc4X46hJKjejg,1,0
20261008,UCSes4X8uDrpc4X46hJKjejg,h7irfevRRGc,102,19,5,unknown,4,0.25
20261008,UCSes4X8uDrpc4X46hJKjejg,h7irfevRRGc,104,5,5,unknown,4,0.25
20261008,UCSes4X8uDrpc4X46hJKjejg,h8lfAlpZbi4,104,4,4,UCSes4X8uDrpc4X46hJKjejg,1,0
20261008,UCSes4X8uDrpc4X46hJKjejg,hAKLukrCrlE,101,9,14,PLX3ZLYz4-6vE2_ZNLW5AfzbHTd1jTskDl,1,0
20261008,UCSes4X8uDrpc4X46hJKjejg,hAKLukrCrlE,104,4,14,PLX3ZLYz4-6vE2_ZNLW5AfzbHTd1jTskDl,2,0
20261008,UCSes4X8uDrpc4X46hJKjejg,hAKLukrCrlE,101,9,18,unknown,1,0
20261008,UCSes4X8uDrpc4X46hJKjejg,hAKLukrCrlE,104,4,18,unknown,2,0
20261008,UCSes4X8uDrpc4X46hJKjejg,hC0L3Xobxq8,104,4,4,UCSes4X8uDrpc4X46hJKjejg,1,0
20261008,UCSes4X8uDrpc4X46hJKjejg,hEO-PuZ2_5c,104,5,3,what-to-watch,2,0.5
20261008,UCSes4X8uDrpc4X46hJKjejg,hEO-PuZ2_5c,101,2,5,unknown,1,0
20261008,UCSes4X8uDrpc4X46hJKjejg,hEO-PuZ2_5c,104,4,5,unknown,4,0.25
20261008,UCSes4X8uDrpc4X46hJKjejg,hGrgAWT8rWw,104,5,4,UCSes4X8uDrpc4X46hJKjejg,4,0
20261008,UCSes4X8uDrpc4X46hJKjejg,hGrgAWT8rWw,101,2,5,unknown,2,0
20261008,UCSes4X8uDrpc4X46hJKjejg,hGrgAWT8rWw,102,26,5,unknown,2,0
20261008,UCSes4X8uDrpc4X46hJKjejg,hGrgAWT8rWw,104,5,5,unknown,1,0
20261008,UCSes4X8uDrpc4X46hJKjejg,hGrgAWT8rWw,104,4,18,unknown,1,0
20261008,UCSes4X8uDrpc4X46hJKjejg,hKORq8q1PaE,101,2,4,UCSes4X8uDrpc4X46hJKjejg,1,0
20261008,UCSes4X8uDrpc4X46hJKjejg,hO54gnkEoEw,101,9,5,unknown,1,0
20261008,UCSes4X8uDrpc4X46hJKjejg,hO54gnkEoEw,101,9,14,PLX3ZLYz4-6vE2_ZNLW5AfzbHTd1jTskDl,1,0
20261008,UCSes4X8uDrpc4X46hJKjejg,hPctNbiVwuw,103,10,3,what-to-watch,2,0
20261008,UCSes4X8uDrpc4X46hJKjejg,hPctNbiVwuw,104,5,4,UCSes4X8uDrpc4X46hJKjejg,4,0
20261008,UCSes4X8uDrpc4X46hJKjejg,hV4Pr0Q_b78,101,2,4,UCSes4X8uDrpc4X46hJKjejg,1,0
20261008,UCSes4X8uDrpc4X46hJKjejg,hYGxcG9hdEE,101,2,5,unknown,5,0
20261008,UCSes4X8uDrpc4X46hJKjejg,hYGxcG9hdEE,101,9,5,unknown,2,0
20261008,UCSes4X8uDrpc4X46hJKjejg,hYGxcG9hdEE,101,30,5,unknown,1,0
20261008,UCSes4X8uDrpc4X46hJKjejg,hYGxcG9hdEE,102,4,5,unknown,1,0
20261008,UCSes4X8uDrpc4X46hJKjejg,hYGxcG9hdEE,102,19,5,unknown,2,0
20261008,UCSes4X8uDrpc4X46hJKjejg,hYGxcG9hdEE,102,29,5,unknown,1,0
20261008,UCSes4X8uDrpc4X46hJKjejg,hYGxcG9hdEE,104,4,5,unknown,6,0
20261008,UCSes4X8uDrpc4X46hJKjejg,hYGxcG9hdEE,104,5,5,unknown,5,0
20261008,UCSes4X8uDrpc4X46hJKjejg,hYGxcG9hdEE,104,5,14,my-likes,6,0
20261008,UCSes4X8uDrpc4X46hJKjejg,hYGxcG9hdEE,104,4,18,unknown,1,0
20261008,UCSes4X8uDrpc4X46hJKjejg,hYGxcG9hdEE,104,5,18,unknown,25,0
20261008,UCSes4X8uDrpc4X46hJKjejg,haIbYJ5GGKk,104,4,3,what-to-watch,1,0
20261008,UCSes4X8uDrpc4X46hJKjejg,haIbYJ5GGKk,101,2,4,UCSes4X8uDrpc4X46hJKjejg,1,0
20261008,UCSes4X8uDrpc4X46hJKjejg,haIbYJ5GGKk,101,9,5,unknown,1,0
20261008,UCSes4X8uDrpc4X46hJKjejg,haIbYJ5GGKk,104,5,5,unknown,5,0
20261008,UCSes4X8uDrpc4X46hJKjejg,haIbYJ5GGKk,104,4,7,mwkzQX61lKE,1,0
20261008,UCSes4X8uDrpc4X46hJKjejg,haIbYJ5GGKk,101,2,14,PL7no_VQRL9aL0h8wF5HbUB6uVaAwKpR2m,1,0
20261008,UCSes4X8uDrpc4X46hJKjejg,haIbYJ5GGKk,101,9,14,PLX3ZLYz4-6vE2_ZNLW5AfzbHTd1jTskDl,1,0
20261008,UCSes4X8uDrpc4X46hJKjejg,haIbYJ5GGKk,101,2,18,unknown,1,0
20261008,UCSes4X8uDrpc4X46hJKjejg,hfhxrnxnucU,104,5,5,unknown,1,0
20261008,UCSes4X8uDrpc4X46hJKjejg,hgbLwFYyoEM,105,5,3,what-to-watch,3,0
20261008,UCSes4X8uDrpc4X46hJKjejg,hgbLwFYyoEM,101,9,14,PLX3ZLYz4-6vE2_ZNLW5AfzbHTd1jTskDl,1,0
20261008,UCSes4X8uDrpc4X46hJKjejg,hgbLwFYyoEM,104,4,14,PLX3ZLYz4-6vE2_ZNLW5AfzbHTd1jTskDl,4,0
20261008,UCSes4X8uDrpc4X46hJKjejg,hgbLwFYyoEM,101,9,18,unknown,1,0
20261008,UCSes4X8uDrpc4X46hJKjejg,hgbLwFYyoEM,104,4,18,unknown,2,0
20261008,UCSes4X8uDrpc4X46hJKjejg,hjR4d7YVciY,101,2,3,what-to-watch,1,0
20261008,UCSes4X8uDrpc4X46hJKjejg,hjR4d7YVciY,104,4,3,what-to-watch,1,0
20261008,UCSes4X8uDrpc4X46hJKjejg,hjR4d7YVciY,105,5,3,what-to-watch,1,0
20261008,UCSes4X8uDrpc4X46hJKjejg,hjR4d7YVciY,104,5,4,UCSes4X8uDrpc4X46hJKjejg,2,0
20261008,UCSes4X8uDrpc4X46hJKjejg,hjR4d7YVciY,104,5,18,unknown,1,0
20261008,UCSes4X8uDrpc4X46hJKjejg,hkx3rs1lVDo,104,4,5,unknown,7,0
20261008,UCSes4X8uDrpc4X46hJKjejg,hlSgq_SwGBc,101,9,5,unknown,1,0
20261008,UCSes4X8uDrpc4X46hJKjejg,hlSgq_SwGBc,104,5,5,unknown,5,0
20261008,UCSes4X8uDrpc4X46hJKjejg,hlSgq_SwGBc,105,5,5,unknown,1,0
20261008,UCSes4X8uDrpc4X46hJKjejg,hn6pMzitKjE,104,5,5,unknown,2,0
20261008,UCSes4X8uDrpc4X46hJKjejg,hp7IMoc00js,104,5,4,UCSes4X8uDrpc4X46hJKjejg,2,0
20261008,UCSes4X8uDrpc4X46hJKjejg,hri0Uci7wpE,104,4,3,what-to-watch,2,0
20261008,UCSes4X8uDrpc4X46hJKjejg,hri0Uci7wpE,104,5,18,unknown,1,0
20261008,UCSes4X8uDrpc4X46hJKjejg,hryNsR_brzk,101,2,4,UCSes4X8uDrpc4X46hJKjejg,1,0
20261008,UCSes4X8uDrpc4X46hJKjejg,hryNsR_brzk,104,4,5,unknown,1,0
20261008,UCSes4X8uDrpc4X46hJKjejg,hryNsR_brzk,104,5,14,PLg_8yu_xfj9elHwTS118GTT6mTvgX62u6,1,0
20261008,UCSes4X8uDrpc4X46hJKjejg,hryNsR_brzk,104,5,18,unknown,2,0
20261008,UCSes4X8uDrpc4X46hJKjejg,hv6KmISxC4w,101,2,3,what-to-watch,1,0
20261008,UCSes4X8uDrpc4X46hJKjejg,hv6KmISxC4w,101,2,4,UCSes4X8uDrpc4X46hJKjejg,1,0
20261008,UCSes4X8uDrpc4X46hJKjejg,hv6KmISxC4w,101,9,5,unknown,2,0
20261008,UCSes4X8uDrpc4X46hJKjejg,hv6KmISxC4w,101,9,14,PLX3ZLYz4-6vE2_ZNLW5AfzbHTd1jTskDl,1,0
20261008,UCSes4X8uDrpc4X46hJKjejg,hv6KmISxC4w,101,9,18,unknown,1,0
20261008,UCSes4X8uDrpc4X46hJKjejg,hv6KmISxC4w,104,4,18,unknown,1,0
20261008,UCSes4X8uDrpc4X46hJKjejg,hwp9OM2uD0M,104,5,4,UCSes4X8uDrpc4X46hJKjejg,2,0
20261008,UCSes4X8uDrpc4X46hJKjejg,hyCDOtfr06E,104,5,5,unknown,1,0
20261008,UCSes4X8uDrpc4X46hJKjejg,i-9mS8nWVRQ,101,2,3,what-to-watch,4,0
20261008,UCSes4X8uDrpc4X46hJKjejg,i-9mS8nWVRQ,101,9,3,what-to-watch,3,0
20261008,UCSes4X8uDrpc4X46hJKjejg,i-9mS8nWVRQ,102,19,3,what-to-watch,1,0
20261008,UCSes4X8uDrpc4X46hJKjejg,i-9mS8nWVRQ,102,26,3,what-to-watch,4,0
20261008,UCSes4X8uDrpc4X46hJKjejg,i-9mS8nWVRQ,102,29,3,what-to-watch,1,0
20261008,UCSes4X8uDrpc4X46hJKjejg,i-9mS8nWVRQ,104,4,3,what-to-watch,9,0.1111111111111111
20261008,UCSes4X8uDrpc4X46hJKjejg,i-9mS8nWVRQ,104,5,3,what-to-watch,19,0.052631578947368418
20261008,UCSes4X8uDrpc4X46hJKjejg,i-9mS8nWVRQ,105,5,3,what-to-watch,11,0.090909090909090912
20261008,UCSes4X8uDrpc4X46hJKjejg,i-9mS8nWVRQ,101,2,5,unknown,8,0
20261008,UCSes4X8uDrpc4X46hJKjejg,i-9mS8nWVRQ,101,9,5,unknown,7,0
20261008,UCSes4X8uDrpc4X46hJKjejg,i-9mS8nWVRQ,101,30,5,unknown,1,0
20261008,UCSes4X8uDrpc4X46hJKjejg,i-9mS8nWVRQ,104,4,5,unknown,5,0
20261008,UCSes4X8uDrpc4X46hJKjejg,i-9mS8nWVRQ,104,5,5,unknown,23,0.043478260869565216
20261008,UCSes4X8uDrpc4X46hJKjejg,i-9mS8nWVRQ,104,4,18,unknown,2,0
20261008,UCSes4X8uDrpc4X46hJKjejg,i-9mS8nWVRQ,104,5,18,unknown,1,0
20261008,UCSes4X8uDrpc4X46hJKjejg,i1FyJpUrSTg,101,9,5,unknown,2,0
20261008,UCSes4X8uDrpc4X46hJKjejg,i8nHff5PKGU,101,2,5,unknown,1,0
20261008,UCSes4X8uDrpc4X46hJKjejg,i8nHff5PKGU,102,19,5,unknown,2,0
20261008,UCSes4X8uDrpc4X46hJKjejg,i8nHff5PKGU,103,10,5,unknown,1,0
20261008,UCSes4X8uDrpc4X46hJKjejg,i8nHff5PKGU,104,4,5,unknown,5,0
20261008,UCSes4X8uDrpc4X46hJKjejg,i8nHff5PKGU,104,5,5,unknown,2,0.5
20261008,UCSes4X8uDrpc4X46hJKjejg,iI6JAiouTXA,101,2,3,what-to-watch,3,0
20261008,UCSes4X8uDrpc4X46hJKjejg,iI6JAiouTXA,102,4,3,what-to-watch,2,0
20261008,UCSes4X8uDrpc4X46hJKjejg,iI6JAiouTXA,104,4,3,what-to-watch,1,0
20261008,UCSes4X8uDrpc4X46hJKjejg,iI6JAiouTXA,104,5,3,what-to-watch,3,0
20261008,UCSes4X8uDrpc4X46hJKjejg,iI6JAiouTXA,105,5,3,what-to-watch,2,0
20261008,UCSes4X8uDrpc4X46hJKjejg,iI6JAiouTXA,104,5,4,UCSes4X8uDrpc4X46hJKjejg,1,0
20261008,UCSes4X8uDrpc4X46hJKjejg,iI6JAiouTXA,101,9,5,unknown,1,0
20261008,UCSes4X8uDrpc4X46hJKjejg,iI6JAiouTXA,104,5,7,9LFMqUAyB_U,2,0
20261008,UCSes4X8uDrpc4X46hJKjejg,iI6JAiouTXA,102,1,7,Ta376fcNXmQ,1,0
20261008,UCSes4X8uDrpc4X46hJKjejg,iI6JAiouTXA,101,2,7,gTMjT4y5LHE,1,0
20261008,UCSes4X8uDrpc4X46hJKjejg,iI6JAiouTXA,101,9,7,gTMjT4y5LHE,2,0
20261008,UCSes4X8uDrpc4X46hJKjejg,iI6JAiouTXA,102,4,7,gTMjT4y5LHE,1,0
20261008,UCSes4X8uDrpc4X46hJKjejg,iI6JAiouTXA,103,10,7,gTMjT4y5LHE,1,0
20261008,UCSes4X8uDrpc4X46hJKjejg,iI6JAiouTXA,104,5,7,gTMjT4y5LHE,2,0
20261008,UCSes4X8uDrpc4X46hJKjejg,iI6JAiouTXA,101,9,14,PLX3ZLYz4-6vE2_ZNLW5AfzbHTd1jTskDl,1,0
20261008,UCSes4X8uDrpc4X46hJKjejg,iI6JAiouTXA,104,4,14,PLX3ZLYz4-6vE2_ZNLW5AfzbHTd1jTskDl,3,0
20261008,UCSes4X8uDrpc4X46hJKjejg,iI6JAiouTXA,101,9,18,unknown,1,0
20261008,UCSes4X8uDrpc4X46hJKjejg,iI6JAiouTXA,102,29,18,unknown,1,0
20261008,UCSes4X8uDrpc4X46hJKjejg,iI6JAiouTXA,104,4,18,unknown,3,0
20261008,UCSes4X8uDrpc4X46hJKjejg,iOURk-GhPG0,102,19,3,/my_subscriptions,1,0
20261008,UCSes4X8uDrpc4X46hJKjejg,iOURk-GhPG0,102,29,3,/my_subscriptions,1,0
20261008,UCSes4X8uDrpc4X46hJKjejg,iOURk-GhPG0,104,4,3,/my_subscriptions,1,0
20261008,UCSes4X8uDrpc4X46hJKjejg,iOURk-GhPG0,104,5,3,/my_subscriptions,3,0
20261008,UCSes4X8uDrpc4X46hJKjejg,iOURk-GhPG0,105,5,3,/my_subscriptions,2,0
20261008,UCSes4X8uDrpc4X46hJKjejg,iOURk-GhPG0,101,2,4,UCSes4X8uDrpc4X46hJKjejg,4,0
20261008,UCSes4X8uDrpc4X46hJKjejg,iOURk-GhPG0,101,9,4,UCSes4X8uDrpc4X46hJKjejg,9,0
20261008,UCSes4X8uDrpc4X46hJKjejg,iOURk-GhPG0,102,26,4,UCSes4X8uDrpc4X46hJKjejg,1,0
20261008,UCSes4X8uDrpc4X46hJKjejg,iOURk-GhPG0,104,4,4,UCSes4X8uDrpc4X46hJKjejg,49,0.061224489795918366
20261008,UCSes4X8uDrpc4X46hJKjejg,iOURk-GhPG0,104,5,4,UCSes4X8uDrpc4X46hJKjejg,20,0
20261008,UCSes4X8uDrpc4X46hJKjejg,iOURk-GhPG0,105,5,4,UCSes4X8uDrpc4X46hJKjejg,1,0
20261008,UCSes4X8uDrpc4X46hJKjejg,iOURk-GhPG0,101,2,5,unknown,1,0
20261008,UCSes4X8uDrpc4X46hJKjejg,iOURk-GhPG0,101,9,5,unknown,1,0
20261008,UCSes4X8uDrpc4X46hJKjejg,iOURk-GhPG0,104,4,5,unknown,1,0
20261008,UCSes4X8uDrpc4X46hJKjejg,iOURk-GhPG0,105,5,5,unknown,1,0
20261008,UCSes4X8uDrpc4X46hJKjejg,iOURk-GhPG0,102,1,18,unknown,1,0
20261008,UCSes4X8uDrpc4X46hJKjejg,iTIuV-EGHC4,104,5,5,unknown,1,0
20261008,UCSes4X8uDrpc4X46hJKjejg,iVOkCnEBPQM,104,4,4,UCSes4X8uDrpc4X46hJKjejg,1,0
20261008,UCSes4X8uDrpc4X46hJKjejg,iWguCTdoyMs,101,2,3,what-to-watch,1,0
20261008,UCSes4X8uDrpc4X46hJKjejg,iWguCTdoyMs,102,26,3,what-to-watch,2,0.5
20261008,UCSes4X8uDrpc4X46hJKjejg,iWguCTdoyMs,104,4,3,what-to-watch,1,0
20261008,UCSes4X8uDrpc4X46hJKjejg,iWguCTdoyMs,102,26,5,unknown,1,0
20261008,UCSes4X8uDrpc4X46hJKjejg,iWguCTdoyMs,103,10,5,unknown,2,0
20261008,UCSes4X8uDrpc4X46hJKjejg,iWguCTdoyMs,104,5,5,unknown,1,0
20261008,UCSes4X8uDrpc4X46hJKjejg,iWguCTdoyMs,101,2,7,m872jhv2GR8,1,0
20261008,UCSes4X8uDrpc4X46hJKjejg,iZiHHNQiT4g,101,9,5,unknown,1,0
20261008,UCSes4X8uDrpc4X46hJKjejg,iZiHHNQiT4g,101,9,14,PLX3ZLYz4-6vE2_ZNLW5AfzbHTd1jTskDl,1,0
20261008,UCSes4X8uDrpc4X46hJKjejg,idGOuAJbNfU,101,9,14,PLX3ZLYz4-6vE2_ZNLW5AfzbHTd1jTskDl,1,0
20261008,UCSes4X8uDrpc4X46hJKjejg,idGOuAJbNfU,101,9,18,unknown,1,0
20261008,UCSes4X8uDrpc4X46hJKjejg,idGOuAJbNfU,104,4,18,unknown,1,0
20261008,UCSes4X8uDrpc4X46hJKjejg,ikgmYwaQNg4,101,2,4,UCSes4X8uDrpc4X46hJKjejg,1,0
20261008,UCSes4X8uDrpc4X46hJKjejg,ikgmYwaQNg4,104,4,4,UCSes4X8uDrpc4X46hJKjejg,2,0
20261008,UCSes4X8uDrpc4X46hJKjejg,ikgmYwaQNg4,104,5,4,UCSes4X8uDrpc4X46hJKjejg,1,0
20261008,UCSes4X8uDrpc4X46hJKjejg,ikgmYwaQNg4,104,5,5,unknown,1,0
20261008,UCSes4X8uDrpc4X46hJKjejg,ikgmYwaQNg4,104,5,7,9ueigxUx-KU,1,0
20261008,UCSes4X8uDrpc4X46hJKjejg,ikgmYwaQNg4,104,5,7,FC36sHokYnk,1,0
20261008,UCSes4X8uDrpc4X46hJKjejg,ikgmYwaQNg4,104,5,7,Rl73WZoqKzE,1,0
20261008,UCSes4X8uDrpc4X46hJKjejg,ikgmYwaQNg4,104,5,14,my-likes,1,0
20261008,UCSes4X8uDrpc4X46hJKjejg,iko4u0be15g,101,2,5,unknown,1,0
20261008,UCSes4X8uDrpc4X46hJKjejg,ilCfiR1vdgs,101,2,4,UCSes4X8uDrpc4X46hJKjejg,1,0
20261008,UCSes4X8uDrpc4X46hJKjejg,ilSPJeVLgYk,104,4,4,UCSes4X8uDrpc4X46hJKjejg,1,0
20261008,UCSes4X8uDrpc4X46hJKjejg,imVCyXoYr_M,104,4,7,IMXtoMlzxBw,1,0
20261008,UCSes4X8uDrpc4X46hJKjejg,inEdHhxa-JE,101,2,5,unknown,1,0
20261008,UCSes4X8uDrpc4X46hJKjejg,itfxfmA1F64,101,9,3,what-to-watch,10,0.1
20261008,UCSes4X8uDrpc4X46hJKjejg,itfxfmA1F64,101,30,3,what-to-watch,1,0
20261008,UCSes4X8uDrpc4X46hJKjejg,itfxfmA1F64,104,4,3,what-to-watch,16,0
20261008,UCSes4X8uDrpc4X46hJKjejg,itfxfmA1F64,104,5,3,what-to-watch,18,0
20261008,UCSes4X8uDrpc4X46hJKjejg,itfxfmA1F64,105,5,3,what-to-watch,3,0
20261008,UCSes4X8uDrpc4X46hJKjejg,itfxfmA1F64,101,2,5,unknown,3,0.66666666666666663
20261008,UCSes4X8uDrpc4X46hJKjejg,itfxfmA1F64,101,9,5,unknown,3,0.33333333333333331
20261008,UCSes4X8uDrpc4X46hJKjejg,itfxfmA1F64,102,26,5,unknown,1,0
20261008,UCSes4X8uDrpc4X46hJKjejg,itfxfmA1F64,102,29,5,unknown,1,0
20261008,UCSes4X8uDrpc4X46hJKjejg,itfxfmA1F64,104,4,5,unknown,10,0.1
20261008,UCSes4X8uDrpc4X46hJKjejg,itfxfmA1F64,104,5,5,unknown,3,0.33333333333333331
20261008,UCSes4X8uDrpc4X46hJKjejg,itfxfmA1F64,105,5,5,unknown,5,0
20261008,UCSes4X8uDrpc4X46hJKjejg,iyXSPWzKYBk,101,2,4,UCSes4X8uDrpc4X46hJKjejg,1,0
20261008,UCSes4X8uDrpc4X46hJKjejg,iyXSPWzKYBk,101,2,5,unknown,1,1
20261008,UCSes4X8uDrpc4X46hJKjejg,iyXSPWzKYBk,101,9,5,unknown,1,1
20261008,UCSes4X8uDrpc4X46hJKjejg,iyXSPWzKYBk,104,5,5,unknown,9,0
20261008,UCSes4X8uDrpc4X46hJKjejg,iyq-UxYviwI,101,2,4,UCSes4X8uDrpc4X46hJKjejg,1,0
20261008,UCSes4X8uDrpc4X46hJKjejg,j0FObAGTmFg,101,9,5,unknown,1,0
20261008,UCSes4X8uDrpc4X46hJKjejg,j0FObAGTmFg,101,9,14,PLX3ZLYz4-6vE2_ZNLW5AfzbHTd1jTskDl,1,0
20261008,UCSes4X8uDrpc4X46hJKjejg,j1UEQziUeqw,101,9,5,unknown,7,0
20261008,UCSes4X8uDrpc4X46hJKjejg,j1UEQziUeqw,104,5,5,unknown,1,0
20261008,UCSes4X8uDrpc4X46hJKjejg,j2D55yhpzco,101,2,5,unknown,1,0
20261008,UCSes4X8uDrpc4X46hJKjejg,j2D55yhpzco,104,5,5,unknown,2,0
20261008,UCSes4X8uDrpc4X46hJKjejg,jB_in2f-k-M,101,2,3,what-to-watch,1,0
20261008,UCSes4X8uDrpc4X46hJKjejg,jB_in2f-k-M,101,9,3,what-to-watch,2,0
20261008,UCSes4X8uDrpc4X46hJKjejg,jB_in2f-k-M,104,5,3,what-to-watch,4,0
20261008,UCSes4X8uDrpc4X46hJKjejg,jB_in2f-k-M,101,2,4,UCSes4X8uDrpc4X46hJKjejg,3,0
20261008,UCSes4X8uDrpc4X46hJKjejg,jB_in2f-k-M,101,9,4,UCSes4X8uDrpc4X46hJKjejg,8,0
20261008,UCSes4X8uDrpc4X46hJKjejg,jB_in2f-k-M,102,4,4,UCSes4X8uDrpc4X46hJKjejg,1,0
20261008,UCSes4X8uDrpc4X46hJKjejg,jB_in2f-k-M,102,12,4,UCSes4X8uDrpc4X46hJKjejg,1,0
20261008,UCSes4X8uDrpc4X46hJKjejg,jB_in2f-k-M,102,19,4,UCSes4X8uDrpc4X46hJKjejg,1,0
20261008,UCSes4X8uDrpc4X46hJKjejg,jB_in2f-k-M,102,26,4,UCSes4X8uDrpc4X46hJKjejg,1,0
20261008,UCSes4X8uDrpc4X46hJKjejg,jB_in2f-k-M,104,4,4,UCSes4X8uDrpc4X46hJKjejg,5,0
20261008,UCSes4X8uDrpc4X46hJKjejg,jB_in2f-k-M,104,5,4,UCSes4X8uDrpc4X46hJKjejg,9,0
20261008,UCSes4X8uDrpc4X46hJKjejg,jB_in2f-k-M,104,5,5,unknown,2,0
20261008,UCSes4X8uDrpc4X46hJKjejg,jB_in2f-k-M,104,4,7,-TauZcQxKUU,1,0
20261008,UCSes4X8uDrpc4X46hJKjejg,jB_in2f-k-M,101,2,7,9zINw1u9jaM,1,0
20261008,UCSes4X8uDrpc4X46hJKjejg,jB_in2f-k-M,104,5,7,ePdXtNfowRo,1,0
20261008,UCSes4X8uDrpc4X46hJKjejg,jB_in2f-k-M,104,5,7,g7DYvlQE7Mg,1,0
20261008,UCSes4X8uDrpc4X46hJKjejg,jB_in2f-k-M,104,4,7,n4GTXbLWVqg,1,0
20261008,UCSes4X8uDrpc4X46hJKjejg,jB_in2f-k-M,104,5,7,rvdwgqdZ6jI,1,0
20261008,UCSes4X8uDrpc4X46hJKjejg,jB_in2f-k-M,101,2,14,PLX3ZLYz4-6vFapW85GvTgNr-4rJjgkzqi,6,0
20261008,UCSes4X8uDrpc4X46hJKjejg,jB_in2f-k-M,101,9,18,unknown,1,0
20261008,UCSes4X8uDrpc4X46hJKjejg,jB_in2f-k-M,104,5,18,unknown,1,0
20261008,UCSes4X8uDrpc4X46hJKjejg,jCAYf9Ha0xY,104,4,3,what-to-watch,2,0
20261008,UCSes4X8uDrpc4X46hJKjejg,jCAYf9Ha0xY,102,4,5,unknown,1,0
20261008,UCSes4X8uDrpc4X46hJKjejg,jCAYf9Ha0xY,102,12,5,unknown,1,0
20261008,UCSes4X8uDrpc4X46hJKjejg,jCAYf9Ha0xY,102,31,5,unknown,3,0
20261008,UCSes4X8uDrpc4X46hJKjejg,jCAYf9Ha0xY,104,4,5,unknown,1,0
20261008,UCSes4X8uDrpc4X46hJKjejg,jCAYf9Ha0xY,104,5,5,unknown,2,0
20261008,UCSes4X8uDrpc4X46hJKjejg,jHX1EimZ1RY,101,2,4,UCSes4X8uDrpc4X46hJKjejg,2,0
20261008,UCSes4X8uDrpc4X46hJKjejg,jImlGlTcrmc,104,5,4,UCSes4X8uDrpc4X46hJKjejg,2,0
20261008,UCSes4X8uDrpc4X46hJKjejg,jNcqufLstnI,101,9,5,unknown,1,0
20261008,UCSes4X8uDrpc4X46hJKjejg,jNcqufLstnI,101,9,14,PLX3ZLYz4-6vE2_ZNLW5AfzbHTd1jTskDl,2,0
20261008,UCSes4X8uDrpc4X46hJKjejg,jU8IzGDRZ0Q,104,5,5,unknown,1,0
20261008,UCSes4X8uDrpc4X46hJKjejg,jXUNy8zZCSQ,101,2,4,UCSes4X8uDrpc4X46hJKjejg,1,0
20261008,UCSes4X8uDrpc4X46hJKjejg,jXUNy8zZCSQ,101,9,5,unknown,1,0
20261008,UCSes4X8uDrpc4X46hJKjejg,jXUNy8zZCSQ,101,9,14,PLX3ZLYz4-6vE2_ZNLW5AfzbHTd1jTskDl,2,0
20261008,UCSes4X8uDrpc4X46hJKjejg,jd9rjcm7Opg,101,2,5,unknown,1,0
20261008,UCSes4X8uDrpc4X46hJKjejg,jd9rjcm7Opg,101,9,5,unknown,1,0
20261008,UCSes4X8uDrpc4X46hJKjejg,jd9rjcm7Opg,102,4,5,unknown,2,0
20261008,UCSes4X8uDrpc4X46hJKjejg,jd9rjcm7Opg,104,4,5,unknown,5,0
20261008,UCSes4X8uDrpc4X46hJKjejg,jd9rjcm7Opg,104,5,5,unknown,11,0.090909090909090912
20261008,UCSes4X8uDrpc4X46hJKjejg,je0veYRo_vs,104,4,4,UCSes4X8uDrpc4X46hJKjejg,1,0
20261008,UCSes4X8uDrpc4X46hJKjejg,je0veYRo_vs,101,2,5,unknown,2,0
20261008,UCSes4X8uDrpc4X46hJKjejg,je0veYRo_vs,101,9,5,unknown,2,0
20261008,UCSes4X8uDrpc4X46hJKjejg,je0veYRo_vs,101,30,5,unknown,2,0
20261008,UCSes4X8uDrpc4X46hJKjejg,je0veYRo_vs,102,12,5,unknown,1,0
20261008,UCSes4X8uDrpc4X46hJKjejg,je0veYRo_vs,104,4,5,unknown,3,0
20261008,UCSes4X8uDrpc4X46hJKjejg,je0veYRo_vs,104,5,5,unknown,1,0
20261008,UCSes4X8uDrpc4X46hJKjejg,je0veYRo_vs,105,5,5,unknown,1,0
20261008,UCSes4X8uDrpc4X46hJKjejg,jfpYWzUfb44,101,2,5,unknown,2,0
20261008,UCSes4X8uDrpc4X46hJKjejg,jfpYWzUfb44,102,29,5,unknown,2,0
20261008,UCSes4X8uDrpc4X46hJKjejg,jfpYWzUfb44,104,4,5,unknown,2,0.5
20261008,UCSes4X8uDrpc4X46hJKjejg,jfpYWzUfb44,104,5,5,unknown,1,0
20261008,UCSes4X8uDrpc4X46hJKjejg,jgjSrud0tbo,101,9,5,unknown,1,0
20261008,UCSes4X8uDrpc4X46hJKjejg,jgjSrud0tbo,104,4,5,unknown,1,0
20261008,UCSes4X8uDrpc4X46hJKjejg,jkyXEolEjGc,101,9,5,unknown,1,0
20261008,UCSes4X8uDrpc4X46hJKjejg,jmwzLs1wGqs,102,26,3,what-to-watch,1,0
20261008,UCSes4X8uDrpc4X46hJKjejg,jmwzLs1wGqs,104,5,4,UCSes4X8uDrpc4X46hJKjejg,4,0
20261008,UCSes4X8uDrpc4X46hJKjejg,jt5zUu9xgi4,104,5,3,what-to-watch,1,0
20261008,UCSes4X8uDrpc4X46hJKjejg,jzDfp5Y_qMg,101,9,14,PLX3ZLYz4-6vE2_ZNLW5AfzbHTd1jTskDl,1,0
20261008,UCSes4X8uDrpc4X46hJKjejg,jzDfp5Y_qMg,104,4,14,PLX3ZLYz4-6vE2_ZNLW5AfzbHTd1jTskDl,4,0
20261008,UCSes4X8uDrpc4X46hJKjejg,jzDfp5Y_qMg,101,9,18,unknown,1,0
20261008,UCSes4X8uDrpc4X46hJKjejg,jzDfp5Y_qMg,104,4,18,unknown,2,0
20261008,UCSes4X8uDrpc4X46hJKjejg,jzDfp5Y_qMg,104,5,18,unknown,1,0
20261008,UCSes4X8uDrpc4X46hJKjejg,k2rjwlyjahc,104,4,4,UCSes4X8uDrpc4X46hJKjejg,1,0
20261008,UCSes4X8uDrpc4X46hJKjejg,k2rjwlyjahc,101,2,5,unknown,3,0
20261008,UCSes4X8uDrpc4X46hJKjejg,k2rjwlyjahc,102,4,5,unknown,2,0
20261008,UCSes4X8uDrpc4X46hJKjejg,k2rjwlyjahc,102,19,5,unknown,3,0.33333333333333331
20261008,UCSes4X8uDrpc4X46hJKjejg,k2rjwlyjahc,104,4,5,unknown,2,0
20261008,UCSes4X8uDrpc4X46hJKjejg,k2rjwlyjahc,104,5,5,unknown,2,0
20261008,UCSes4X8uDrpc4X46hJKjejg,k3pJGiIh1RE,101,2,3,what-to-watch,2,0
20261008,UCSes4X8uDrpc4X46hJKjejg,k3pJGiIh1RE,101,9,3,what-to-watch,3,0
20261008,UCSes4X8uDrpc4X46hJKjejg,k3pJGiIh1RE,104,4,3,what-to-watch,3,0
20261008,UCSes4X8uDrpc4X46hJKjejg,k3pJGiIh1RE,104,5,3,what-to-watch,9,0
20261008,UCSes4X8uDrpc4X46hJKjejg,k3pJGiIh1RE,104,4,4,UCSes4X8uDrpc4X46hJKjejg,1,1
20261008,UCSes4X8uDrpc4X46hJKjejg,k3pJGiIh1RE,101,2,5,unknown,2,0
20261008,UCSes4X8uDrpc4X46hJKjejg,k3pJGiIh1RE,104,4,5,unknown,2,0
20261008,UCSes4X8uDrpc4X46hJKjejg,k3pJGiIh1RE,104,5,5,unknown,8,0
20261008,UCSes4X8uDrpc4X46hJKjejg,k3pJGiIh1RE,105,5,5,unknown,14,0
20261008,UCSes4X8uDrpc4X46hJKjejg,k3pJGiIh1RE,104,5,14,my-likes,1,0
20261008,UCSes4X8uDrpc4X46hJKjejg,k3pJGiIh1RE,104,4,18,unknown,2,0
20261008,UCSes4X8uDrpc4X46hJKjejg,k3pJGiIh1RE,104,5,18,unknown,3,0
20261008,UCSes4X8uDrpc4X46hJKjejg,k4-t8XMp-wg,102,4,3,/my_subscriptions,1,0
20261008,UCSes4X8uDrpc4X46hJKjejg,k4-t8XMp-wg,102,26,3,/my_subscriptions,2,0
20261008,UCSes4X8uDrpc4X46hJKjejg,k4-t8XMp-wg,102,28,3,/my_subscriptions,1,0
20261008,UCSes4X8uDrpc4X46hJKjejg,k4-t8XMp-wg,102,29,3,/my_subscriptions,1,0
20261008,UCSes4X8uDrpc4X46hJKjejg,k4-t8XMp-wg,104,5,3,/my_subscriptions,3,0
20261008,UCSes4X8uDrpc4X46hJKjejg,k4-t8XMp-wg,105,5,3,/my_subscriptions,1,0
20261008,UCSes4X8uDrpc4X46hJKjejg,k4-t8XMp-wg,101,1,3,what-to-watch,1,0
20261008,UCSes4X8uDrpc4X46hJKjejg,k4-t8XMp-wg,101,2,3,what-to-watch,14,0
20261008,UCSes4X8uDrpc4X46hJKjejg,k4-t8XMp-wg,101,9,3,what-to-watch,2,0
20261008,UCSes4X8uDrpc4X46hJKjejg,k4-t8XMp-wg,101,30,3,what-to-watch,1,0
20261008,UCSes4X8uDrpc4X46hJKjejg,k4-t8XMp-wg,102,12,3,what-to-watch,2,0
20261008,UCSes4X8uDrpc4X46hJKjejg,k4-t8XMp-wg,102,19,3,what-to-watch,2,0
20261008,UCSes4X8uDrpc4X46hJKjejg,k4-t8XMp-wg,102,26,3,what-to-watch,3,0
20261008,UCSes4X8uDrpc4X46hJKjejg,k4-t8XMp-wg,102,28,3,what-to-watch,1,0
20261008,UCSes4X8uDrpc4X46hJKjejg,k4-t8XMp-wg,102,29,3,what-to-watch,1,0
20261008,UCSes4X8uDrpc4X46hJKjejg,k4-t8XMp-wg,103,10,3,what-to-watch,1,0
20261008,UCSes4X8uDrpc4X46hJKjejg,k4-t8XMp-wg,104,4,3,what-to-watch,22,0
20261008,UCSes4X8uDrpc4X46hJKjejg,k4-t8XMp-wg,104,5,3,what-to-watch,31,0.12903225806451613
20261008,UCSes4X8uDrpc4X46hJKjejg,k4-t8XMp-wg,105,5,3,what-to-watch,16,0.0625
20261008,UCSes4X8uDrpc4X46hJKjejg,k4-t8XMp-wg,101,2,4,UCSes4X8uDrpc4X46hJKjejg,24,0
20261008,UCSes4X8uDrpc4X46hJKjejg,k4-t8XMp-wg,101,9,4,UCSes4X8uDrpc4X46hJKjejg,34,0.11764705882352941
20261008,UCSes4X8uDrpc4X46hJKjejg,k4-t8XMp-wg,101,30,4,UCSes4X8uDrpc4X46hJKjejg,1,0
20261008,UCSes4X8uDrpc4X46hJKjejg,k4-t8XMp-wg,102,4,4,UCSes4X8uDrpc4X46hJKjejg,4,0
20261008,UCSes4X8uDrpc4X46hJKjejg,k4-t8XMp-wg,102,12,4,UCSes4X8uDrpc4X46hJKjejg,2,0
20261008,UCSes4X8uDrpc4X46hJKjejg,k4-t8XMp-wg,102,19,4,UCSes4X8uDrpc4X46hJKjejg,1,0
20261008,UCSes4X8uDrpc4X46hJKjejg,k4-t8XMp-wg,102,26,4,UCSes4X8uDrpc4X46hJKjejg,5,0
20261008,UCSes4X8uDrpc4X46hJKjejg,k4-t8XMp-wg,104,4,4,UCSes4X8uDrpc4X46hJKjejg,51,0.0196078431372549
20261008,UCSes4X8uDrpc4X46hJKjejg,k4-t8XMp-wg,104,5,4,UCSes4X8uDrpc4X46hJKjejg,70,0.028571428571428571
20261008,UCSes4X8uDrpc4X46hJKjejg,k4-t8XMp-wg,105,5,4,UCSes4X8uDrpc4X46hJKjejg,1,0
20261008,UCSes4X8uDrpc4X46hJKjejg,k4-t8XMp-wg,101,2,5,unknown,12,0.083333333333333329
20261008,UCSes4X8uDrpc4X46hJKjejg,k4-t8XMp-wg,101,9,5,unknown,5,0
20261008,UCSes4X8uDrpc4X46hJKjejg,k4-t8XMp-wg,104,4,5,unknown,8,0
20261008,UCSes4X8uDrpc4X46hJKjejg,k4-t8XMp-wg,104,5,5,unknown,14,0
20261008,UCSes4X8uDrpc4X46hJKjejg,k4-t8XMp-wg,105,5,5,unknown,4,0
20261008,UCSes4X8uDrpc4X46hJKjejg,k4-t8XMp-wg,104,4,7,-cueEDNmqLk,1,0
20261008,UCSes4X8uDrpc4X46hJKjejg,k4-t8XMp-wg,101,2,7,ef2pthjmQ10,1,0
20261008,UCSes4X8uDrpc4X46hJKjejg,k4-t8XMp-wg,102,29,7,gvlrtmG3UQs,1,0
20261008,UCSes4X8uDrpc4X46hJKjejg,k4-t8XMp-wg,101,2,7,szUS2RhsM3c,1,0
20261008,UCSes4X8uDrpc4X46hJKjejg,k4-t8XMp-wg,102,4,7,wjufelurImg,1,0
20261008,UCSes4X8uDrpc4X46hJKjejg,k4-t8XMp-wg,101,2,14,PLX3ZLYz4-6vF1bjHk5zROfglVneetkfmx,1,0
20261008,UCSes4X8uDrpc4X46hJKjejg,k4-t8XMp-wg,104,5,14,PLX3ZLYz4-6vF1bjHk5zROfglVneetkfmx,2,0
20261008,UCSes4X8uDrpc4X46hJKjejg,k4-t8XMp-wg,104,4,18,unknown,5,0
20261008,UCSes4X8uDrpc4X46hJKjejg,k5c7oBPcmRU,101,9,5,unknown,1,0
20261008,UCSes4X8uDrpc4X46hJKjejg,k7_koMQbpcw,102,26,5,unknown,1,0
20261008,UCSes4X8uDrpc4X46hJKjejg,k7_koMQbpcw,104,4,5,unknown,1,0
20261008,UCSes4X8uDrpc4X46hJKjejg,k7_koMQbpcw,104,5,5,unknown,1,0
20261008,UCSes4X8uDrpc4X46hJKjejg,k7_koMQbpcw,101,9,14,PLX3ZLYz4-6vE2_ZNLW5AfzbHTd1jTskDl,1,0
20261008,UCSes4X8uDrpc4X46hJKjejg,k7_koMQbpcw,104,4,14,PLX3ZLYz4-6vE2_ZNLW5AfzbHTd1jTskDl,6,0
20261008,UCSes4X8uDrpc4X46hJKjejg,k7_koMQbpcw,101,9,18,unknown,1,0
20261008,UCSes4X8uDrpc4X46hJKjejg,k7_koMQbpcw,104,4,18,unknown,2,0
20261008,UCSes4X8uDrpc4X46hJKjejg,k9u-jrl8zv0,104,4,4,UCSes4X8uDrpc4X46hJKjejg,2,0
20261008,UCSes4X8uDrpc4X46hJKjejg,k9u-jrl8zv0,101,9,5,unknown,1,0
20261008,UCSes4X8uDrpc4X46hJKjejg,kAwxRTy15kQ,101,2,5,unknown,1,0
20261008,UCSes4X8uDrpc4X46hJKjejg,kAwxRTy15kQ,101,9,5,unknown,1,0
20261008,UCSes4X8uDrpc4X46hJKjejg,kAwxRTy15kQ,104,4,5,unknown,1,0
20261008,UCSes4X8uDrpc4X46hJKjejg,kF3PiXRKlcQ,104,5,4,UCSes4X8uDrpc4X46hJKjejg,4,0
20261008,UCSes4X8uDrpc4X46hJKjejg,kHMNA7y6SII,104,5,18,unknown,1,0
20261008,UCSes4X8uDrpc4X46hJKjejg,kHqq0RR6dHE,101,2,3,what-to-watch,16,0.1875
20261008,UCSes4X8uDrpc4X46hJKjejg,kHqq0RR6dHE,101,9,3,what-to-watch,7,0
20261008,UCSes4X8uDrpc4X46hJKjejg,kHqq0RR6dHE,101,30,3,what-to-watch,1,0
20261008,UCSes4X8uDrpc4X46hJKjejg,kHqq0RR6dHE,102,1,3,what-to-watch,5,0
20261008,UCSes4X8uDrpc4X46hJKjejg,kHqq0RR6dHE,102,4,3,what-to-watch,18,0
20261008,UCSes4X8uDrpc4X46hJKjejg,kHqq0RR6dHE,102,12,3,what-to-watch,9,0.1111111111111111
20261008,UCSes4X8uDrpc4X46hJKjejg,kHqq0RR6dHE,102,19,3,what-to-watch,14,0
20261008,UCSes4X8uDrpc4X46hJKjejg,kHqq0RR6dHE,102,26,3,what-to-watch,10,0
20261008,UCSes4X8uDrpc4X46hJKjejg,kHqq0RR6dHE,102,28,3,what-to-watch,1,0
20261008,UCSes4X8uDrpc4X46hJKjejg,kHqq0RR6dHE,102,29,3,what-to-watch,20,0
20261008,UCSes4X8uDrpc4X46hJKjejg,kHqq0RR6dHE,103,10,3,what-to-watch,14,0
20261008,UCSes4X8uDrpc4X46hJKjejg,kHqq0RR6dHE,103,17,3,what-to-watch,8,0.25
20261008,UCSes4X8uDrpc4X46hJKjejg,kHqq0RR6dHE,104,4,3,what-to-watch,24,0.16666666666666666
20261008,UCSes4X8uDrpc4X46hJKjejg,kHqq0RR6dHE,104,5,3,what-to-watch,28,0.035714285714285712
20261008,UCSes4X8uDrpc4X46hJKjejg,kHqq0RR6dHE,105,4,3,what-to-watch,2,0
20261008,UCSes4X8uDrpc4X46hJKjejg,kHqq0RR6dHE,105,5,3,what-to-watch,5,0
20261008,UCSes4X8uDrpc4X46hJKjejg,kHqq0RR6dHE,101,2,4,UCSes4X8uDrpc4X46hJKjejg,1,0
20261008,UCSes4X8uDrpc4X46hJKjejg,kHqq0RR6dHE,104,4,4,UCSes4X8uDrpc4X46hJKjejg,1,0
20261008,UCSes4X8uDrpc4X46hJKjejg,kHqq0RR6dHE,102,26,5,unknown,1,0
20261008,UCSes4X8uDrpc4X46hJKjejg,kHqq0RR6dHE,103,17,5,unknown,1,0
20261008,UCSes4X8uDrpc4X46hJKjejg,kHqq0RR6dHE,104,4,5,unknown,4,0
20261008,UCSes4X8uDrpc4X46hJKjejg,kHqq0RR6dHE,104,5,5,unknown,2,0
20261008,UCSes4X8uDrpc4X46hJKjejg,kHqq0RR6dHE,104,5,7,1Db1s85F46I,1,0
20261008,UCSes4X8uDrpc4X46hJKjejg,kHqq0RR6dHE,101,2,7,5__mS4IvJiQ,1,0
20261008,UCSes4X8uDrpc4X46hJKjejg,kHqq0RR6dHE,104,4,7,6qJqOrLxJik,1,0
20261008,UCSes4X8uDrpc4X46hJKjejg,kHqq0RR6dHE,104,4,7,F-CtAcTeHxI,1,0
20261008,UCSes4X8uDrpc4X46hJKjejg,kHqq0RR6dHE,104,4,7,IAzhbBjBHhk,1,0
20261008,UCSes4X8uDrpc4X46hJKjejg,kHqq0RR6dHE,101,2,7,Ku3wh0kJj_Y,1,0
20261008,UCSes4X8uDrpc4X46hJKjejg,kHqq0RR6dHE,104,5,7,Rl73WZoqKzE,1,0
20261008,UCSes4X8uDrpc4X46hJKjejg,kHqq0RR6dHE,104,4,7,UIfC3nyDUsw,1,0
20261008,UCSes4X8uDrpc4X46hJKjejg,kHqq0RR6dHE,104,5,7,XHkUWsgzmU8,1,0
20261008,UCSes4X8uDrpc4X46hJKjejg,kHqq0RR6dHE,101,2,7,XL7R4_udVIk,1,0
20261008,UCSes4X8uDrpc4X46hJKjejg,kHqq0RR6dHE,104,4,7,ani54d7BW0Y,1,0
20261008,UCSes4X8uDrpc4X46hJKjejg,kHqq0RR6dHE,101,2,7,e9oFJCAIqrI,1,0
20261008,UCSes4X8uDrpc4X46hJKjejg,kHqq0RR6dHE,104,5,7,e9oFJCAIqrI,1,0
20261008,UCSes4X8uDrpc4X46hJKjejg,kHqq0RR6dHE,104,5,7,ePdXtNfowRo,1,0
20261008,UCSes4X8uDrpc4X46hJKjejg,kHqq0RR6dHE,104,5,7,eazwVA1xnoQ,1,0
20261008,UCSes4X8uDrpc4X46hJKjejg,kHqq0RR6dHE,104,4,7,fBcVd8kYraU,1,0
20261008,UCSes4X8uDrpc4X46hJKjejg,kHqq0RR6dHE,104,5,7,fBcVd8kYraU,1,0
20261008,UCSes4X8uDrpc4X46hJKjejg,kHqq0RR6dHE,104,5,7,lSxmrNLzD6c,1,0
20261008,UCSes4X8uDrpc4X46hJKjejg,kHqq0RR6dHE,104,5,7,nldUrZDwOFI,1,0
20261008,UCSes4X8uDrpc4X46hJKjejg,kHqq0RR6dHE,104,4,7,oKMQjGjgA6c,1,0
20261008,UCSes4X8uDrpc4X46hJKjejg,kHqq0RR6dHE,101,2,7,qV8Si_Ql0uk,1,0
20261008,UCSes4X8uDrpc4X46hJKjejg,kHqq0RR6dHE,102,26,7,sIdjEw35PTU,1,0
20261008,UCSes4X8uDrpc4X46hJKjejg,kHqq0RR6dHE,105,5,7,tFNEmuvBSpg,1,0
20261008,UCSes4X8uDrpc4X46hJKjejg,kHqq0RR6dHE,105,5,7,y-Ljyq2y0ME,1,0
20261008,UCSes4X8uDrpc4X46hJKjejg,kHqq0RR6dHE,101,2,7,yIrStyzx-Ic,2,0
20261008,UCSes4X8uDrpc4X46hJKjejg,kHqq0RR6dHE,104,4,7,yIrStyzx-Ic,2,0
20261008,UCSes4X8uDrpc4X46hJKjejg,kHqq0RR6dHE,104,5,7,yIrStyzx-Ic,3,0.66666666666666663
20261008,UCSes4X8uDrpc4X46hJKjejg,kMF_iW_DqUk,101,9,5,unknown,1,0
20261008,UCSes4X8uDrpc4X46hJKjejg,kMF_iW_DqUk,101,9,14,PLX3ZLYz4-6vE2_ZNLW5AfzbHTd1jTskDl,2,0
20261008,UCSes4X8uDrpc4X46hJKjejg,kO2STGOr8g0,101,9,3,what-to-watch,1,0
20261008,UCSes4X8uDrpc4X46hJKjejg,kO2STGOr8g0,103,10,3,what-to-watch,2,0.5
20261008,UCSes4X8uDrpc4X46hJKjejg,kO2STGOr8g0,104,5,3,what-to-watch,2,0
20261008,UCSes4X8uDrpc4X46hJKjejg,kO2STGOr8g0,101,2,4,UCSes4X8uDrpc4X46hJKjejg,1,0
20261008,UCSes4X8uDrpc4X46hJKjejg,kO2STGOr8g0,104,4,5,unknown,1,0
20261008,UCSes4X8uDrpc4X46hJKjejg,kO2STGOr8g0,103,10,7,IbdENSMxZ9Y,1,0
20261008,UCSes4X8uDrpc4X46hJKjejg,kO2STGOr8g0,103,10,7,UQeQRtMw-58,1,0
20261008,UCSes4X8uDrpc4X46hJKjejg,kQHWCxNpkB8,104,5,4,UCSes4X8uDrpc4X46hJKjejg,2,0
20261008,UCSes4X8uDrpc4X46hJKjejg,kR4DhF7Jd7A,104,5,5,unknown,1,1
20261008,UCSes4X8uDrpc4X46hJKjejg,kSt0aGBMwFc,101,2,4,UCSes4X8uDrpc4X46hJKjejg,1,0
20261008,UCSes4X8uDrpc4X46hJKjejg,kUe_7zAIJLI,104,4,4,UCSes4X8uDrpc4X46hJKjejg,1,0
20261008,UCSes4X8uDrpc4X46hJKjejg,kUe_7zAIJLI,104,4,5,unknown,2,0
20261008,UCSes4X8uDrpc4X46hJKjejg,kUe_7zAIJLI,104,5,5,unknown,4,0
20261008,UCSes4X8uDrpc4X46hJKjejg,kVGNrF0YpU8,101,2,5,unknown,1,0
20261008,UCSes4X8uDrpc4X46hJKjejg,kVGNrF0YpU8,101,9,5,unknown,1,0
20261008,UCSes4X8uDrpc4X46hJKjejg,kVGNrF0YpU8,102,4,5,unknown,2,0
20261008,UCSes4X8uDrpc4X46hJKjejg,kVGNrF0YpU8,102,29,5,unknown,1,0
20261008,UCSes4X8uDrpc4X46hJKjejg,kVGNrF0YpU8,104,4,5,unknown,17,0.11764705882352941
20261008,UCSes4X8uDrpc4X46hJKjejg,kVGNrF0YpU8,104,5,5,unknown,3,0
20261008,UCSes4X8uDrpc4X46hJKjejg,kVGNrF0YpU8,105,5,5,unknown,2,0
20261008,UCSes4X8uDrpc4X46hJKjejg,kXFMUrAnk8Q,101,9,5,unknown,3,0
20261008,UCSes4X8uDrpc4X46hJKjejg,kXFMUrAnk8Q,101,9,14,PLX3ZLYz4-6vE2_ZNLW5AfzbHTd1jTskDl,2,0
20261008,UCSes4X8uDrpc4X46hJKjejg,kZjuwZ5YJH8,101,2,3,what-to-watch,1,0
20261008,UCSes4X8uDrpc4X46hJKjejg,kZjuwZ5YJH8,104,4,18,unknown,1,0
20261008,UCSes4X8uDrpc4X46hJKjejg,k_Qt4Ilp70c,101,9,3,what-to-watch,2,0
20261008,UCSes4X8uDrpc4X46hJKjejg,k_Qt4Ilp70c,102,4,3,what-to-watch,1,0
20261008,UCSes4X8uDrpc4X46hJKjejg,k_Qt4Ilp70c,102,19,3,what-to-watch,2,0
20261008,UCSes4X8uDrpc4X46hJKjejg,k_Qt4Ilp70c,103,10,3,what-to-watch,1,0
20261008,UCSes4X8uDrpc4X46hJKjejg,k_Qt4Ilp70c,104,4,3,what-to-watch,4,0.25
20261008,UCSes4X8uDrpc4X46hJKjejg,k_Qt4Ilp70c,104,5,3,what-to-watch,7,0.14285714285714285
20261008,UCSes4X8uDrpc4X46hJKjejg,k_Qt4Ilp70c,105,5,3,what-to-watch,4,0
20261008,UCSes4X8uDrpc4X46hJKjejg,k_Qt4Ilp70c,101,2,4,UCSes4X8uDrpc4X46hJKjejg,1,0
20261008,UCSes4X8uDrpc4X46hJKjejg,k_Qt4Ilp70c,104,5,4,UCSes4X8uDrpc4X46hJKjejg,4,0
20261008,UCSes4X8uDrpc4X46hJKjejg,k_Qt4Ilp70c,101,2,5,unknown,3,0
20261008,UCSes4X8uDrpc4X46hJKjejg,k_Qt4Ilp70c,101,2,7,oDfBSDc2n_k,1,0
20261008,UCSes4X8uDrpc4X46hJKjejg,k_Qt4Ilp70c,104,5,7,qMc2Kadj1PU,1,0
20261008,UCSes4X8uDrpc4X46hJKjejg,k_Qt4Ilp70c,104,5,18,unknown,2,0
20261008,UCSes4X8uDrpc4X46hJKjejg,kdn2dAuHkNU,101,2,4,UCSes4X8uDrpc4X46hJKjejg,2,0
20261008,UCSes4X8uDrpc4X46hJKjejg,kdn2dAuHkNU,104,5,4,UCSes4X8uDrpc4X46hJKjejg,1,0
20261008,UCSes4X8uDrpc4X46hJKjejg,kdn2dAuHkNU,103,10,5,unknown,1,0
20261008,UCSes4X8uDrpc4X46hJKjejg,kdn2dAuHkNU,104,4,5,unknown,1,0
20261008,UCSes4X8uDrpc4X46hJKjejg,kdn2dAuHkNU,105,5,5,unknown,2,0
20261008,UCSes4X8uDrpc4X46hJKjejg,kfONPrmb-xQ,104,5,4,UCSes4X8uDrpc4X46hJKjejg,2,0
20261008,UCSes4X8uDrpc4X46hJKjejg,kfONPrmb-xQ,101,2,5,unknown,1,0
20261008,UCSes4X8uDrpc4X46hJKjejg,kh7V0y9ZmAY,101,2,4,UCSes4X8uDrpc4X46hJKjejg,1,0
20261008,UCSes4X8uDrpc4X46hJKjejg,krXxQYG1ExM,104,5,18,unknown,1,0
20261008,UCSes4X8uDrpc4X46hJKjejg,ksJXns6KZJE,104,4,3,what-to-watch,5,0
20261008,UCSes4X8uDrpc4X46hJKjejg,ksJXns6KZJE,101,2,4,UCSes4X8uDrpc4X46hJKjejg,1,0
20261008,UCSes4X8uDrpc4X46hJKjejg,ksJXns6KZJE,101,9,4,UCSes4X8uDrpc4X46hJKjejg,1,0
20261008,UCSes4X8uDrpc4X46hJKjejg,ksJXns6KZJE,104,4,4,UCSes4X8uDrpc4X46hJKjejg,10,0
20261008,UCSes4X8uDrpc4X46hJKjejg,ksJXns6KZJE,104,5,4,UCSes4X8uDrpc4X46hJKjejg,3,0
20261008,UCSes4X8uDrpc4X46hJKjejg,ksJXns6KZJE,101,9,5,unknown,2,0.5
20261008,UCSes4X8uDrpc4X46hJKjejg,ksJXns6KZJE,104,5,18,unknown,1,0
20261008,UCSes4X8uDrpc4X46hJKjejg,kvPhqC5wxQE,101,2,4,UCSes4X8uDrpc4X46hJKjejg,1,0
20261008,UCSes4X8uDrpc4X46hJKjejg,kzzARP3sGzw,104,4,3,what-to-watch,1,0
20261008,UCSes4X8uDrpc4X46hJKjejg,kzzARP3sGzw,104,4,4,UCSes4X8uDrpc4X46hJKjejg,1,0
20261008,UCSes4X8uDrpc4X46hJKjejg,kzzARP3sGzw,101,2,5,unknown,12,0.083333333333333329
20261008,UCSes4X8uDrpc4X46hJKjejg,kzzARP3sGzw,101,9,5,unknown,4,0
20261008,UCSes4X8uDrpc4X46hJKjejg,kzzARP3sGzw,101,30,5,unknown,1,0
20261008,UCSes4X8uDrpc4X46hJKjejg,kzzARP3sGzw,102,1,5,unknown,8,0.25
20261008,UCSes4X8uDrpc4X46hJKjejg,kzzARP3sGzw,102,4,5,unknown,1,0
20261008,UCSes4X8uDrpc4X46hJKjejg,kzzARP3sGzw,102,12,5,unknown,2,0
20261008,UCSes4X8uDrpc4X46hJKjejg,kzzARP3sGzw,102,19,5,unknown,15,0.26666666666666666
20261008,UCSes4X8uDrpc4X46hJKjejg,kzzARP3sGzw,102,26,5,unknown,15,0.2
20261008,UCSes4X8uDrpc4X46hJKjejg,kzzARP3sGzw,102,29,5,unknown,2,0
20261008,UCSes4X8uDrpc4X46hJKjejg,kzzARP3sGzw,103,10,5,unknown,5,0.2
20261008,UCSes4X8uDrpc4X46hJKjejg,kzzARP3sGzw,103,17,5,unknown,7,0
20261008,UCSes4X8uDrpc4X46hJKjejg,kzzARP3sGzw,104,4,5,unknown,20,0.05
20261008,UCSes4X8uDrpc4X46hJKjejg,kzzARP3sGzw,104,5,5,unknown,39,0.02564102564102564
20261008,UCSes4X8uDrpc4X46hJKjejg,kzzARP3sGzw,105,5,5,unknown,3,0
20261008,UCSes4X8uDrpc4X46hJKjejg,l3LgiitYypw,102,1,3,what-to-watch,1,0
20261008,UCSes4X8uDrpc4X46hJKjejg,l3LgiitYypw,104,4,3,what-to-watch,1,0
20261008,UCSes4X8uDrpc4X46hJKjejg,l3LgiitYypw,101,2,5,unknown,1,0
20261008,UCSes4X8uDrpc4X46hJKjejg,l3LgiitYypw,104,5,5,unknown,1,0
20261008,UCSes4X8uDrpc4X46hJKjejg,l3LgiitYypw,101,2,7,IPRWUd9nZpo,1,0
20261008,UCSes4X8uDrpc4X46hJKjejg,l3LgiitYypw,101,2,7,a8YJfxOPTSU,1,0
20261008,UCSes4X8uDrpc4X46hJKjejg,l3LgiitYypw,101,2,7,m6cT39qALKA,1,0
20261008,UCSes4X8uDrpc4X46hJKjejg,l5FbS9x5arM,104,5,4,UCSes4X8uDrpc4X46hJKjejg,2,0
20261008,UCSes4X8uDrpc4X46hJKjejg,l5M2ICRhyEA,101,1,3,what-to-watch,3,0
20261008,UCSes4X8uDrpc4X46hJKjejg,l5M2ICRhyEA,101,2,3,what-to-watch,229,0.074235807860262015
20261008,UCSes4X8uDrpc4X46hJKjejg,l5M2ICRhyEA,101,9,3,what-to-watch,138,0.079710144927536225
20261008,UCSes4X8uDrpc4X46hJKjejg,l5M2ICRhyEA,101,30,3,what-to-watch,3,0
20261008,UCSes4X8uDrpc4X46hJKjejg,l5M2ICRhyEA,102,1,3,what-to-watch,3,0.33333333333333331
20261008,UCSes4X8uDrpc4X46hJKjejg,l5M2ICRhyEA,102,4,3,what-to-watch,14,0
20261008,UCSes4X8uDrpc4X46hJKjejg,l5M2ICRhyEA,102,12,3,what-to-watch,3,0.33333333333333331
20261008,UCSes4X8uDrpc4X46hJKjejg,l5M2ICRhyEA,102,19,3,what-to-watch,26,0.11538461538461539
20261008,UCSes4X8uDrpc4X46hJKjejg,l5M2ICRhyEA,102,26,3,what-to-watch,8,0.125
20261008,UCSes4X8uDrpc4X46hJKjejg,l5M2ICRhyEA,102,28,3,what-to-watch,9,0
20261008,UCSes4X8uDrpc4X46hJKjejg,l5M2ICRhyEA,102,29,3,what-to-watch,16,0.0625
20261008,UCSes4X8uDrpc4X46hJKjejg,l5M2ICRhyEA,103,10,3,what-to-watch,5,0
20261008,UCSes4X8uDrpc4X46hJKjejg,l5M2ICRhyEA,103,17,3,what-to-watch,7,0.14285714285714285
20261008,UCSes4X8uDrpc4X46hJKjejg,l5M2ICRhyEA,104,4,3,what-to-watch,260,0.076923076923076927
20261008,UCSes4X8uDrpc4X46hJKjejg,l5M2ICRhyEA,104,5,3,what-to-watch,430,0.086046511627906982
20261008,UCSes4X8uDrpc4X46hJKjejg,l5M2ICRhyEA,105,5,3,what-to-watch,89,0.011235955056179775
20261008,UCSes4X8uDrpc4X46hJKjejg,l5M2ICRhyEA,101,9,4,UCSes4X8uDrpc4X46hJKjejg,1,0
20261008,UCSes4X8uDrpc4X46hJKjejg,l5M2ICRhyEA,104,4,4,UCSes4X8uDrpc4X46hJKjejg,2,0
20261008,UCSes4X8uDrpc4X46hJKjejg,l5M2ICRhyEA,104,5,4,UCSes4X8uDrpc4X46hJKjejg,2,0
20261008,UCSes4X8uDrpc4X46hJKjejg,l5M2ICRhyEA,101,2,5,unknown,5,0
20261008,UCSes4X8uDrpc4X46hJKjejg,l5M2ICRhyEA,101,9,5,unknown,6,0
20261008,UCSes4X8uDrpc4X46hJKjejg,l5M2ICRhyEA,102,1,5,unknown,3,0.33333333333333331
20261008,UCSes4X8uDrpc4X46hJKjejg,l5M2ICRhyEA,102,4,5,unknown,2,0
20261008,UCSes4X8uDrpc4X46hJKjejg,l5M2ICRhyEA,102,19,5,unknown,6,0
20261008,UCSes4X8uDrpc4X46hJKjejg,l5M2ICRhyEA,102,26,5,unknown,5,0
20261008,UCSes4X8uDrpc4X46hJKjejg,l5M2ICRhyEA,102,29,5,unknown,3,0
20261008,UCSes4X8uDrpc4X46hJKjejg,l5M2ICRhyEA,103,10,5,unknown,1,0
20261008,UCSes4X8uDrpc4X46hJKjejg,l5M2ICRhyEA,104,4,5,unknown,10,0.1
20261008,UCSes4X8uDrpc4X46hJKjejg,l5M2ICRhyEA,104,5,5,unknown,17,0.17647058823529413
20261008,UCSes4X8uDrpc4X46hJKjejg,l5M2ICRhyEA,105,5,5,unknown,1,0
20261008,UCSes4X8uDrpc4X46hJKjejg,l5M2ICRhyEA,102,26,7,H71FAIC3ZN0,1,0
20261008,UCSes4X8uDrpc4X46hJKjejg,l5M2ICRhyEA,101,9,7,U-554rXVhd4,1,0
20261008,UCSes4X8uDrpc4X46hJKjejg,l5M2ICRhyEA,101,2,7,XGwdlfUerto,1,0
20261008,UCSes4X8uDrpc4X46hJKjejg,l5M2ICRhyEA,101,2,7,h2JPrWuhwTI,1,0
20261008,UCSes4X8uDrpc4X46hJKjejg,l5M2ICRhyEA,101,2,7,k0eMFe_CFYw,1,0
20261008,UCSes4X8uDrpc4X46hJKjejg,l5M2ICRhyEA,104,4,7,sJuRbaa3h_A,1,0
20261008,UCSes4X8uDrpc4X46hJKjejg,l5M2ICRhyEA,104,5,14,my-likes,6,0
20261008,UCSes4X8uDrpc4X46hJKjejg,l5M2ICRhyEA,101,30,18,unknown,2,0
20261008,UCSes4X8uDrpc4X46hJKjejg,l5M2ICRhyEA,104,5,18,unknown,1,0
20261008,UCSes4X8uDrpc4X46hJKjejg,l8a_zfm97eI,101,2,4,UCSes4X8uDrpc4X46hJKjejg,1,0
20261008,UCSes4X8uDrpc4X46hJKjejg,lCY3jhPfwkU,101,2,5,unknown,2,0
20261008,UCSes4X8uDrpc4X46hJKjejg,lCY3jhPfwkU,104,5,5,unknown,1,0
20261008,UCSes4X8uDrpc4X46hJKjejg,lJGV7X5oOg0,101,2,5,unknown,3,0
20261008,UCSes4X8uDrpc4X46hJKjejg,lJGV7X5oOg0,101,9,5,unknown,1,0
20261008,UCSes4X8uDrpc4X46hJKjejg,lJGV7X5oOg0,102,4,5,unknown,1,0
20261008,UCSes4X8uDrpc4X46hJKjejg,lJGV7X5oOg0,102,26,5,unknown,1,0
20261008,UCSes4X8uDrpc4X46hJKjejg,lJGV7X5oOg0,102,29,5,unknown,2,0
20261008,UCSes4X8uDrpc4X46hJKjejg,lJGV7X5oOg0,103,17,5,unknown,1,0
20261008,UCSes4X8uDrpc4X46hJKjejg,lJGV7X5oOg0,104,4,5,unknown,1,0
20261008,UCSes4X8uDrpc4X46hJKjejg,lJGV7X5oOg0,104,5,5,unknown,3,0.33333333333333331
20261008,UCSes4X8uDrpc4X46hJKjejg,lK4Z6SuZV-8,104,4,5,unknown,2,0
20261008,UCSes4X8uDrpc4X46hJKjejg,lPg2UluMW6s,101,9,5,unknown,1,0
20261008,UCSes4X8uDrpc4X46hJKjejg,lPg2UluMW6s,101,9,14,PLX3ZLYz4-6vE2_ZNLW5AfzbHTd1jTskDl,1,0
20261008,UCSes4X8uDrpc4X46hJKjejg,lVK8i2o6lzQ,104,4,3,what-to-watch,1,0
20261008,UCSes4X8uDrpc4X46hJKjejg,lVK8i2o6lzQ,104,5,3,what-to-watch,4,0
20261008,UCSes4X8uDrpc4X46hJKjejg,lVK8i2o6lzQ,101,9,4,UCSes4X8uDrpc4X46hJKjejg,1,0
20261008,UCSes4X8uDrpc4X46hJKjejg,lVK8i2o6lzQ,104,4,4,UCSes4X8uDrpc4X46hJKjejg,2,0
20261008,UCSes4X8uDrpc4X46hJKjejg,lVK8i2o6lzQ,104,5,4,UCSes4X8uDrpc4X46hJKjejg,2,0
20261008,UCSes4X8uDrpc4X46hJKjejg,lVK8i2o6lzQ,102,26,5,unknown,1,0
20261008,UCSes4X8uDrpc4X46hJKjejg,lVK8i2o6lzQ,104,5,5,unknown,1,0
20261008,UCSes4X8uDrpc4X46hJKjejg,lVK8i2o6lzQ,104,5,18,unknown,1,0
20261008,UCSes4X8uDrpc4X46hJKjejg,ldIBIZwjv48,101,9,5,unknown,3,0
20261008,UCSes4X8uDrpc4X46hJKjejg,ldIBIZwjv48,103,17,5,unknown,2,0
20261008,UCSes4X8uDrpc4X46hJKjejg,ldIBIZwjv48,104,5,5,unknown,4,0
20261008,UCSes4X8uDrpc4X46hJKjejg,lfu284C_8zk,104,5,5,unknown,1,0
20261008,UCSes4X8uDrpc4X46hJKjejg,llAjcdthT0Q,104,5,3,what-to-watch,2,0.5
20261008,UCSes4X8uDrpc4X46hJKjejg,llAjcdthT0Q,102,12,5,unknown,1,0
20261008,UCSes4X8uDrpc4X46hJKjejg,llAjcdthT0Q,102,26,18,unknown,1,0
20261008,UCSes4X8uDrpc4X46hJKjejg,lpoLklYnj5E,101,2,5,unknown,1,0
20261008,UCSes4X8uDrpc4X46hJKjejg,lpoLklYnj5E,104,5,5,unknown,2,0
20261008,UCSes4X8uDrpc4X46hJKjejg,m-b1-DYRJgs,105,5,5,unknown,1,0
20261008,UCSes4X8uDrpc4X46hJKjejg,m51RPlzYGnQ,102,4,5,unknown,2,0
20261008,UCSes4X8uDrpc4X46hJKjejg,m51RPlzYGnQ,102,26,5,unknown,1,0
20261008,UCSes4X8uDrpc4X46hJKjejg,m51RPlzYGnQ,104,4,5,unknown,1,0
20261008,UCSes4X8uDrpc4X46hJKjejg,m51RPlzYGnQ,104,5,5,unknown,8,0
20261008,UCSes4X8uDrpc4X46hJKjejg,m51RPlzYGnQ,105,5,5,unknown,1,0
20261008,UCSes4X8uDrpc4X46hJKjejg,m5D4N9fRrBE,104,5,3,what-to-watch,2,0
20261008,UCSes4X8uDrpc4X46hJKjejg,m5D4N9fRrBE,104,4,5,unknown,4,0
20261008,UCSes4X8uDrpc4X46hJKjejg,m5EYDzrQ5kg,102,26,7,JoHK3Z-nc9s,1,0
20261008,UCSes4X8uDrpc4X46hJKjejg,m82Je2fXm6g,104,4,5,unknown,1,0
20261008,UCSes4X8uDrpc4X46hJKjejg,m82Je2fXm6g,104,5,5,unknown,1,0
20261008,UCSes4X8uDrpc4X46hJKjejg,mUAP-9mAYUw,101,2,5,unknown,4,0.25
20261008,UCSes4X8uDrpc4X46hJKjejg,mUAP-9mAYUw,103,10,5,unknown,1,0
20261008,UCSes4X8uDrpc4X46hJKjejg,mUAP-9mAYUw,104,4,5,unknown,5,0.2
20261008,UCSes4X8uDrpc4X46hJKjejg,mUAP-9mAYUw,104,5,5,unknown,2,0
20261008,UCSes4X8uDrpc4X46hJKjejg,mgmmw1KQris,101,9,3,what-to-watch,1,0
20261008,UCSes4X8uDrpc4X46hJKjejg,mgmmw1KQris,101,9,4,UCSes4X8uDrpc4X46hJKjejg,2,0
20261008,UCSes4X8uDrpc4X46hJKjejg,mgmmw1KQris,102,4,4,UCSes4X8uDrpc4X46hJKjejg,2,0
20261008,UCSes4X8uDrpc4X46hJKjejg,mgmmw1KQris,102,12,4,UCSes4X8uDrpc4X46hJKjejg,1,0
20261008,UCSes4X8uDrpc4X46hJKjejg,mgmmw1KQris,102,26,4,UCSes4X8uDrpc4X46hJKjejg,2,0
20261008,UCSes4X8uDrpc4X46hJKjejg,mgmmw1KQris,104,4,4,UCSes4X8uDrpc4X46hJKjejg,1,0
20261008,UCSes4X8uDrpc4X46hJKjejg,mgmmw1KQris,104,5,4,UCSes4X8uDrpc4X46hJKjejg,5,0
20261008,UCSes4X8uDrpc4X46hJKjejg,mgmmw1KQris,104,4,5,unknown,1,0
20261008,UCSes4X8uDrpc4X46hJKjejg,mgmmw1KQris,104,5,5,unknown,1,0
20261008,UCSes4X8uDrpc4X46hJKjejg,muwMeVYa7wE,101,2,3,what-to-watch,1,0
20261008,UCSes4X8uDrpc4X46hJKjejg,muwMeVYa7wE,101,9,3,what-to-watch,1,0
20261008,UCSes4X8uDrpc4X46hJKjejg,muwMeVYa7wE,102,4,3,what-to-watch,1,0
20261008,UCSes4X8uDrpc4X46hJKjejg,muwMeVYa7wE,104,5,3,what-to-watch,1,0
20261008,UCSes4X8uDrpc4X46hJKjejg,muwMeVYa7wE,101,2,4,UCSes4X8uDrpc4X46hJKjejg,1,0
20261008,UCSes4X8uDrpc4X46hJKjejg,muwMeVYa7wE,104,5,4,UCSes4X8uDrpc4X46hJKjejg,2,0
20261008,UCSes4X8uDrpc4X46hJKjejg,muwMeVYa7wE,101,2,5,unknown,1,0
20261008,UCSes4X8uDrpc4X46hJKjejg,muwMeVYa7wE,101,9,5,unknown,1,0
20261008,UCSes4X8uDrpc4X46hJKjejg,muwMeVYa7wE,102,19,5,unknown,2,0
20261008,UCSes4X8uDrpc4X46hJKjejg,muwMeVYa7wE,102,21,5,unknown,1,0
20261008,UCSes4X8uDrpc4X46hJKjejg,muwMeVYa7wE,102,26,5,unknown,1,0
20261008,UCSes4X8uDrpc4X46hJKjejg,muwMeVYa7wE,103,10,5,unknown,3,0
20261008,UCSes4X8uDrpc4X46hJKjejg,muwMeVYa7wE,103,17,5,unknown,2,0
20261008,UCSes4X8uDrpc4X46hJKjejg,muwMeVYa7wE,104,5,5,unknown,2,0
20261008,UCSes4X8uDrpc4X46hJKjejg,muwMeVYa7wE,104,5,7,ePdXtNfowRo,1,0
20261008,UCSes4X8uDrpc4X46hJKjejg,mza6X5H4Mzs,102,26,4,UCLh4znMEEDzabMHw-Ob0Cpg,1,0
20261008,UCSes4X8uDrpc4X46hJKjejg,mza6X5H4Mzs,104,5,4,UCSes4X8uDrpc4X46hJKjejg,4,0
20261008,UCSes4X8uDrpc4X46hJKjejg,mza6X5H4Mzs,102,4,5,unknown,2,0
20261008,UCSes4X8uDrpc4X46hJKjejg,mza6X5H4Mzs,104,4,5,unknown,1,0
20261008,UCSes4X8uDrpc4X46hJKjejg,mza6X5H4Mzs,104,5,5,unknown,3,0
20261008,UCSes4X8uDrpc4X46hJKjejg,mza6X5H4Mzs,103,10,18,unknown,3,0.33333333333333331
20261008,UCSes4X8uDrpc4X46hJKjejg,n-1umLpYC-U,101,2,4,UCSes4X8uDrpc4X46hJKjejg,1,0
20261008,UCSes4X8uDrpc4X46hJKjejg,n4VCPuufQmc,102,26,3,what-to-watch,2,0
20261008,UCSes4X8uDrpc4X46hJKjejg,n7WVGfp8U8U,101,2,7,wfyvsws1F44,1,0
20261008,UCSes4X8uDrpc4X46hJKjejg,n8fMP2cKrBc,101,2,3,what-to-watch,45,0
20261008,UCSes4X8uDrpc4X46hJKjejg,n8fMP2cKrBc,101,9,3,what-to-watch,15,0
20261008,UCSes4X8uDrpc4X46hJKjejg,n8fMP2cKrBc,101,30,3,what-to-watch,4,0
20261008,UCSes4X8uDrpc4X46hJKjejg,n8fMP2cKrBc,102,1,3,what-to-watch,1,0
20261008,UCSes4X8uDrpc4X46hJKjejg,n8fMP2cKrBc,102,4,3,what-to-watch,5,0
20261008,UCSes4X8uDrpc4X46hJKjejg,n8fMP2cKrBc,102,12,3,what-to-watch,5,0
20261008,UCSes4X8uDrpc4X46hJKjejg,n8fMP2cKrBc,102,19,3,what-to-watch,10,0
20261008,UCSes4X8uDrpc4X46hJKjejg,n8fMP2cKrBc,102,26,3,what-to-watch,4,0
20261008,UCSes4X8uDrpc4X46hJKjejg,n8fMP2cKrBc,102,29,3,what-to-watch,1,0
20261008,UCSes4X8uDrpc4X46hJKjejg,n8fMP2cKrBc,103,10,3,what-to-watch,3,0
20261008,UCSes4X8uDrpc4X46hJKjejg,n8fMP2cKrBc,104,4,3,what-to-watch,22,0
20261008,UCSes4X8uDrpc4X46hJKjejg,n8fMP2cKrBc,104,5,3,what-to-watch,26,0
20261008,UCSes4X8uDrpc4X46hJKjejg,n8fMP2cKrBc,105,5,3,what-to-watch,9,0
20261008,UCSes4X8uDrpc4X46hJKjejg,nBCx5Ditov8,101,9,3,what-to-watch,1,0
20261008,UCSes4X8uDrpc4X46hJKjejg,nBCx5Ditov8,102,19,3,what-to-watch,1,0
20261008,UCSes4X8uDrpc4X46hJKjejg,nBCx5Ditov8,101,9,4,UCSes4X8uDrpc4X46hJKjejg,1,0
20261008,UCSes4X8uDrpc4X46hJKjejg,nC15yXF3Sck,101,9,3,what-to-watch,1,0
20261008,UCSes4X8uDrpc4X46hJKjejg,nC15yXF3Sck,101,9,4,UCSes4X8uDrpc4X46hJKjejg,2,0
20261008,UCSes4X8uDrpc4X46hJKjejg,nHtRBXysn9Q,104,4,4,UCSes4X8uDrpc4X46hJKjejg,1,0
20261008,UCSes4X8uDrpc4X46hJKjejg,nHtRBXysn9Q,105,5,5,unknown,2,0
20261008,UCSes4X8uDrpc4X46hJKjejg,nHtRBXysn9Q,104,5,14,my-likes,1,0
20261008,UCSes4X8uDrpc4X46hJKjejg,nL2NDzhZSx0,101,2,3,what-to-watch,1,0
20261008,UCSes4X8uDrpc4X46hJKjejg,nL2NDzhZSx0,104,4,3,what-to-watch,1,0
20261008,UCSes4X8uDrpc4X46hJKjejg,nL2NDzhZSx0,104,5,4,UCSes4X8uDrpc4X46hJKjejg,4,0
20261008,UCSes4X8uDrpc4X46hJKjejg,nL2NDzhZSx0,101,2,5,unknown,2,0
20261008,UCSes4X8uDrpc4X46hJKjejg,nL2NDzhZSx0,102,4,5,unknown,1,0
20261008,UCSes4X8uDrpc4X46hJKjejg,nL2NDzhZSx0,102,29,5,unknown,2,0
20261008,UCSes4X8uDrpc4X46hJKjejg,nL2NDzhZSx0,103,10,5,unknown,1,0
20261008,UCSes4X8uDrpc4X46hJKjejg,nL2NDzhZSx0,104,4,5,unknown,1,0
20261008,UCSes4X8uDrpc4X46hJKjejg,nL2NDzhZSx0,104,5,5,unknown,1,0
20261008,UCSes4X8uDrpc4X46hJKjejg,nL2NDzhZSx0,105,5,5,unknown,1,0
20261008,UCSes4X8uDrpc4X46hJKjejg,nL2NDzhZSx0,104,5,7,6Jvs_hSZFx0,1,0
20261008,UCSes4X8uDrpc4X46hJKjejg,nbPkjNPdK74,101,2,5,unknown,1,0
20261008,UCSes4X8uDrpc4X46hJKjejg,nbPkjNPdK74,102,28,5,unknown,2,0
20261008,UCSes4X8uDrpc4X46hJKjejg,nbPkjNPdK74,104,4,5,unknown,3,0
20261008,UCSes4X8uDrpc4X46hJKjejg,nbPkjNPdK74,104,5,5,unknown,5,0
20261008,UCSes4X8uDrpc4X46hJKjejg,ncc0PEKBAFY,101,9,5,unknown,1,0
20261008,UCSes4X8uDrpc4X46hJKjejg,ncc0PEKBAFY,101,30,5,unknown,1,0
20261008,UCSes4X8uDrpc4X46hJKjejg,ncc0PEKBAFY,102,19,5,unknown,1,0
20261008,UCSes4X8uDrpc4X46hJKjejg,ncc0PEKBAFY,104,4,5,unknown,8,0.125
20261008,UCSes4X8uDrpc4X46hJKjejg,ncc0PEKBAFY,104,5,5,unknown,5,0
20261008,UCSes4X8uDrpc4X46hJKjejg,ngiIU2PriJE,101,9,4,UCSes4X8uDrpc4X46hJKjejg,1,0
20261008,UCSes4X8uDrpc4X46hJKjejg,ngiIU2PriJE,104,4,4,UCSes4X8uDrpc4X46hJKjejg,2,0
20261008,UCSes4X8uDrpc4X46hJKjejg,ngiIU2PriJE,104,5,4,UCSes4X8uDrpc4X46hJKjejg,2,0.5
20261008,UCSes4X8uDrpc4X46hJKjejg,ngiIU2PriJE,104,4,5,unknown,1,0
20261008,UCSes4X8uDrpc4X46hJKjejg,nhsSC-6FfUM,101,9,5,unknown,1,0
20261008,UCSes4X8uDrpc4X46hJKjejg,nhsSC-6FfUM,104,5,5,unknown,3,0
20261008,UCSes4X8uDrpc4X46hJKjejg,nhsSC-6FfUM,105,5,5,unknown,1,0
20261008,UCSes4X8uDrpc4X46hJKjejg,nr2XQrdnjdQ,101,2,3,what-to-watch,8,0.25
20261008,UCSes4X8uDrpc4X46hJKjejg,nr2XQrdnjdQ,101,9,3,what-to-watch,5,0.2
20261008,UCSes4X8uDrpc4X46hJKjejg,nr2XQrdnjdQ,102,19,3,what-to-watch,2,0
20261008,UCSes4X8uDrpc4X46hJKjejg,nr2XQrdnjdQ,102,26,3,what-to-watch,1,1
20261008,UCSes4X8uDrpc4X46hJKjejg,nr2XQrdnjdQ,102,29,3,what-to-watch,1,0
20261008,UCSes4X8uDrpc4X46hJKjejg,nr2XQrdnjdQ,103,10,3,what-to-watch,3,0
20261008,UCSes4X8uDrpc4X46hJKjejg,nr2XQrdnjdQ,104,4,3,what-to-watch,4,0.25
20261008,UCSes4X8uDrpc4X46hJKjejg,nr2XQrdnjdQ,104,5,3,what-to-watch,14,0.21428571428571427
20261008,UCSes4X8uDrpc4X46hJKjejg,nr2XQrdnjdQ,105,5,3,what-to-watch,3,0
20261008,UCSes4X8uDrpc4X46hJKjejg,nr2XQrdnjdQ,101,2,4,UCSes4X8uDrpc4X46hJKjejg,1,0
20261008,UCSes4X8uDrpc4X46hJKjejg,nr2XQrdnjdQ,101,9,4,UCSes4X8uDrpc4X46hJKjejg,8,0
20261008,UCSes4X8uDrpc4X46hJKjejg,nr2XQrdnjdQ,102,4,4,UCSes4X8uDrpc4X46hJKjejg,1,0
20261008,UCSes4X8uDrpc4X46hJKjejg,nr2XQrdnjdQ,102,19,4,UCSes4X8uDrpc4X46hJKjejg,1,0
20261008,UCSes4X8uDrpc4X46hJKjejg,nr2XQrdnjdQ,104,5,4,UCSes4X8uDrpc4X46hJKjejg,5,0
20261008,UCSes4X8uDrpc4X46hJKjejg,nr2XQrdnjdQ,104,5,5,unknown,1,0
20261008,UCSes4X8uDrpc4X46hJKjejg,nr2XQrdnjdQ,101,2,7,oDfBSDc2n_k,1,0
20261008,UCSes4X8uDrpc4X46hJKjejg,nr2XQrdnjdQ,101,2,14,PLX3ZLYz4-6vFapW85GvTgNr-4rJjgkzqi,5,0.2
20261008,UCSes4X8uDrpc4X46hJKjejg,nwyY0MZ6ITs,101,9,14,PLX3ZLYz4-6vE2_ZNLW5AfzbHTd1jTskDl,2,0
20261008,UCSes4X8uDrpc4X46hJKjejg,nwyY0MZ6ITs,101,9,18,unknown,2,0
20261008,UCSes4X8uDrpc4X46hJKjejg,nwyY0MZ6ITs,104,4,18,unknown,2,0
20261008,UCSes4X8uDrpc4X46hJKjejg,o0cTm3npoeM,102,26,5,unknown,1,0
20261008,UCSes4X8uDrpc4X46hJKjejg,o0cTm3npoeM,104,4,5,unknown,1,0
20261008,UCSes4X8uDrpc4X46hJKjejg,o0cTm3npoeM,104,5,5,unknown,1,0
20261008,UCSes4X8uDrpc4X46hJKjejg,o6l1Qlm33_o,101,2,5,unknown,1,0
20261008,UCSes4X8uDrpc4X46hJKjejg,o6l1Qlm33_o,101,9,5,unknown,1,0
20261008,UCSes4X8uDrpc4X46hJKjejg,o6l1Qlm33_o,104,4,5,unknown,1,0
20261008,UCSes4X8uDrpc4X46hJKjejg,oBHWYBkGqU4,104,4,3,what-to-watch,5,0.2
20261008,UCSes4X8uDrpc4X46hJKjejg,oBHWYBkGqU4,104,5,3,what-to-watch,2,0
20261008,UCSes4X8uDrpc4X46hJKjejg,oBHWYBkGqU4,101,2,5,unknown,3,0
20261008,UCSes4X8uDrpc4X46hJKjejg,oBHWYBkGqU4,104,4,5,unknown,2,0
20261008,UCSes4X8uDrpc4X46hJKjejg,oBHWYBkGqU4,104,5,5,unknown,5,0
20261008,UCSes4X8uDrpc4X46hJKjejg,oBrkALnHiQ0,104,5,5,unknown,1,0
20261008,UCSes4X8uDrpc4X46hJKjejg,oDhJpXOEPaU,101,2,5,unknown,2,0
20261008,UCSes4X8uDrpc4X46hJKjejg,oEZl0uqKJro,104,4,5,unknown,1,0
20261008,UCSes4X8uDrpc4X46hJKjejg,oSgcVip17DY,104,5,3,what-to-watch,2,0
20261008,UCSes4X8uDrpc4X46hJKjejg,oSgcVip17DY,104,4,4,UCSes4X8uDrpc4X46hJKjejg,1,0
20261008,UCSes4X8uDrpc4X46hJKjejg,oSgcVip17DY,104,4,18,unknown,2,0
20261008,UCSes4X8uDrpc4X46hJKjejg,oTYEoEV6GLo,102,26,4,UCLh4znMEEDzabMHw-Ob0Cpg,1,0
20261008,UCSes4X8uDrpc4X46hJKjejg,oTYEoEV6GLo,104,5,4,UCSes4X8uDrpc4X46hJKjejg,4,0
20261008,UCSes4X8uDrpc4X46hJKjejg,oTYEoEV6GLo,104,5,5,unknown,1,0
20261008,UCSes4X8uDrpc4X46hJKjejg,oTYEoEV6GLo,104,4,18,unknown,2,0
20261008,UCSes4X8uDrpc4X46hJKjejg,oZBHRUyaP58,104,5,5,unknown,1,0
20261008,UCSes4X8uDrpc4X46hJKjejg,oZDejkyhjDY,101,2,3,what-to-watch,1,0
20261008,UCSes4X8uDrpc4X46hJKjejg,oZDejkyhjDY,104,5,3,what-to-watch,2,0
20261008,UCSes4X8uDrpc4X46hJKjejg,oZDejkyhjDY,104,5,5,unknown,5,0
20261008,UCSes4X8uDrpc4X46hJKjejg,oZDejkyhjDY,105,5,5,unknown,1,0
20261008,UCSes4X8uDrpc4X46hJKjejg,oZDejkyhjDY,101,2,7,asva1mc0908,1,0
20261008,UCSes4X8uDrpc4X46hJKjejg,oZDejkyhjDY,104,5,7,iYX-p8i9u9c,3,0
20261008,UCSes4X8uDrpc4X46hJKjejg,oZDejkyhjDY,104,5,7,uFcSNq3oRNw,2,0
20261008,UCSes4X8uDrpc4X46hJKjejg,ocQq7Qjwi38,101,2,4,UCSes4X8uDrpc4X46hJKjejg,1,0
20261008,UCSes4X8uDrpc4X46hJKjejg,ocQq7Qjwi38,101,9,5,unknown,1,0
20261008,UCSes4X8uDrpc4X46hJKjejg,ocQq7Qjwi38,101,9,14,PLX3ZLYz4-6vE2_ZNLW5AfzbHTd1jTskDl,2,0
20261008,UCSes4X8uDrpc4X46hJKjejg,oclZFI8L9Sw,102,4,3,what-to-watch,1,0
20261008,UCSes4X8uDrpc4X46hJKjejg,oclZFI8L9Sw,102,19,3,what-to-watch,1,0
20261008,UCSes4X8uDrpc4X46hJKjejg,oclZFI8L9Sw,104,4,3,what-to-watch,1,0
20261008,UCSes4X8uDrpc4X46hJKjejg,oclZFI8L9Sw,104,5,3,what-to-watch,7,0.14285714285714285
20261008,UCSes4X8uDrpc4X46hJKjejg,oclZFI8L9Sw,105,5,3,what-to-watch,1,0
20261008,UCSes4X8uDrpc4X46hJKjejg,oclZFI8L9Sw,104,4,4,UCSes4X8uDrpc4X46hJKjejg,1,0
20261008,UCSes4X8uDrpc4X46hJKjejg,oclZFI8L9Sw,101,2,5,unknown,2,0
20261008,UCSes4X8uDrpc4X46hJKjejg,oclZFI8L9Sw,102,26,5,unknown,2,0
20261008,UCSes4X8uDrpc4X46hJKjejg,oclZFI8L9Sw,102,29,5,unknown,3,0.33333333333333331
20261008,UCSes4X8uDrpc4X46hJKjejg,oclZFI8L9Sw,103,10,5,unknown,2,0
20261008,UCSes4X8uDrpc4X46hJKjejg,oclZFI8L9Sw,103,17,5,unknown,1,0
20261008,UCSes4X8uDrpc4X46hJKjejg,oclZFI8L9Sw,104,4,5,unknown,6,0
20261008,UCSes4X8uDrpc4X46hJKjejg,oclZFI8L9Sw,104,5,5,unknown,5,0.2
20261008,UCSes4X8uDrpc4X46hJKjejg,oclZFI8L9Sw,105,5,5,unknown,1,0
20261008,UCSes4X8uDrpc4X46hJKjejg,oclZFI8L9Sw,101,2,18,unknown,1,0
20261008,UCSes4X8uDrpc4X46hJKjejg,oclZFI8L9Sw,104,5,18,unknown,5,0
20261008,UCSes4X8uDrpc4X46hJKjejg,ohJrQCK-Cdo,101,9,5,unknown,1,0
20261008,UCSes4X8uDrpc4X46hJKjejg,ohJrQCK-Cdo,101,9,14,PLX3ZLYz4-6vE2_ZNLW5AfzbHTd1jTskDl,1,0
20261008,UCSes4X8uDrpc4X46hJKjejg,oiPvIGsOmUM,101,2,5,unknown,1,0
20261008,UCSes4X8uDrpc4X46hJKjejg,okI9tSpO29M,102,26,3,what-to-watch,5,0
20261008,UCSes4X8uDrpc4X46hJKjejg,olEw3mFV4HU,105,5,5,unknown,1,0
20261008,UCSes4X8uDrpc4X46hJKjejg,op6JvrFdWrY,101,2,3,what-to-watch,1,0
20261008,UCSes4X8uDrpc4X46hJKjejg,op6JvrFdWrY,101,2,4,UCSes4X8uDrpc4X46hJKjejg,2,0
20261008,UCSes4X8uDrpc4X46hJKjejg,op6JvrFdWrY,101,9,4,UCSes4X8uDrpc4X46hJKjejg,1,0
20261008,UCSes4X8uDrpc4X46hJKjejg,op6JvrFdWrY,102,26,4,UCSes4X8uDrpc4X46hJKjejg,1,0
20261008,UCSes4X8uDrpc4X46hJKjejg,op6JvrFdWrY,104,4,4,UCSes4X8uDrpc4X46hJKjejg,42,0
20261008,UCSes4X8uDrpc4X46hJKjejg,op6JvrFdWrY,104,5,4,UCSes4X8uDrpc4X46hJKjejg,12,0
20261008,UCSes4X8uDrpc4X46hJKjejg,op6JvrFdWrY,104,5,5,unknown,3,0
20261008,UCSes4X8uDrpc4X46hJKjejg,op6JvrFdWrY,105,5,5,unknown,2,0
20261008,UCSes4X8uDrpc4X46hJKjejg,oqop8HY9S0o,101,2,3,what-to-watch,2,0
20261008,UCSes4X8uDrpc4X46hJKjejg,oqop8HY9S0o,104,4,3,what-to-watch,1,0
20261008,UCSes4X8uDrpc4X46hJKjejg,oqop8HY9S0o,104,4,5,unknown,2,0
20261008,UCSes4X8uDrpc4X46hJKjejg,os11G6WeExI,101,2,5,unknown,1,0
20261008,UCSes4X8uDrpc4X46hJKjejg,os11G6WeExI,104,4,5,unknown,1,0
20261008,UCSes4X8uDrpc4X46hJKjejg,os11G6WeExI,104,5,5,unknown,1,0
20261008,UCSes4X8uDrpc4X46hJKjejg,os11G6WeExI,102,19,18,unknown,1,0
20261008,UCSes4X8uDrpc4X46hJKjejg,os11G6WeExI,104,5,18,unknown,1,0
20261008,UCSes4X8uDrpc4X46hJKjejg,ot6TYt270wI,101,9,3,what-to-watch,1,0
20261008,UCSes4X8uDrpc4X46hJKjejg,ot6TYt270wI,104,5,3,what-to-watch,1,0
20261008,UCSes4X8uDrpc4X46hJKjejg,ot6TYt270wI,101,9,4,UCSes4X8uDrpc4X46hJKjejg,2,0
20261008,UCSes4X8uDrpc4X46hJKjejg,ot6TYt270wI,102,4,4,UCSes4X8uDrpc4X46hJKjejg,1,0
20261008,UCSes4X8uDrpc4X46hJKjejg,ot6TYt270wI,102,26,4,UCSes4X8uDrpc4X46hJKjejg,1,0
20261008,UCSes4X8uDrpc4X46hJKjejg,ot6TYt270wI,104,4,4,UCSes4X8uDrpc4X46hJKjejg,1,0
20261008,UCSes4X8uDrpc4X46hJKjejg,ot6TYt270wI,102,4,5,unknown,1,0
20261008,UCSes4X8uDrpc4X46hJKjejg,ot6TYt270wI,104,5,7,MxqV2zPlG0U,1,0
20261008,UCSes4X8uDrpc4X46hJKjejg,ot6TYt270wI,104,5,7,VWp4Z1_s-fI,1,1
20261008,UCSes4X8uDrpc4X46hJKjejg,ot6TYt270wI,104,4,7,klLn_O80wjg,1,0
20261008,UCSes4X8uDrpc4X46hJKjejg,ot6TYt270wI,104,4,7,n4iHShwrDyg,1,0
20261008,UCSes4X8uDrpc4X46hJKjejg,oujDWGTay-Q,101,2,3,what-to-watch,7,0
20261008,UCSes4X8uDrpc4X46hJKjejg,oujDWGTay-Q,101,9,3,what-to-watch,3,0.66666666666666663
20261008,UCSes4X8uDrpc4X46hJKjejg,oujDWGTay-Q,102,12,3,what-to-watch,1,0
20261008,UCSes4X8uDrpc4X46hJKjejg,oujDWGTay-Q,102,29,3,what-to-watch,1,0
20261008,UCSes4X8uDrpc4X46hJKjejg,oujDWGTay-Q,103,17,3,what-to-watch,1,0
20261008,UCSes4X8uDrpc4X46hJKjejg,oujDWGTay-Q,104,4,3,what-to-watch,16,0.125
20261008,UCSes4X8uDrpc4X46hJKjejg,oujDWGTay-Q,104,5,3,what-to-watch,27,0.07407407407407407
20261008,UCSes4X8uDrpc4X46hJKjejg,oujDWGTay-Q,105,5,3,what-to-watch,4,0.25
20261008,UCSes4X8uDrpc4X46hJKjejg,oujDWGTay-Q,104,4,4,UCSes4X8uDrpc4X46hJKjejg,1,0
20261008,UCSes4X8uDrpc4X46hJKjejg,oujDWGTay-Q,101,2,5,unknown,4,0.5
20261008,UCSes4X8uDrpc4X46hJKjejg,oujDWGTay-Q,101,9,5,unknown,8,0
20261008,UCSes4X8uDrpc4X46hJKjejg,oujDWGTay-Q,102,4,5,unknown,9,0.22222222222222221
20261008,UCSes4X8uDrpc4X46hJKjejg,oujDWGTay-Q,102,29,5,unknown,1,0
20261008,UCSes4X8uDrpc4X46hJKjejg,oujDWGTay-Q,103,17,5,unknown,2,0.5
20261008,UCSes4X8uDrpc4X46hJKjejg,oujDWGTay-Q,103,27,5,unknown,1,0
20261008,UCSes4X8uDrpc4X46hJKjejg,oujDWGTay-Q,104,4,5,unknown,14,0.21428571428571427
20261008,UCSes4X8uDrpc4X46hJKjejg,oujDWGTay-Q,104,5,5,unknown,35,0.085714285714285715
20261008,UCSes4X8uDrpc4X46hJKjejg,oujDWGTay-Q,105,5,5,unknown,24,0
20261008,UCSes4X8uDrpc4X46hJKjejg,oujDWGTay-Q,104,5,14,my-likes,1,0
20261008,UCSes4X8uDrpc4X46hJKjejg,oujDWGTay-Q,104,4,18,unknown,3,0
20261008,UCSes4X8uDrpc4X46hJKjejg,oujDWGTay-Q,104,5,18,unknown,1,0
20261008,UCSes4X8uDrpc4X46hJKjejg,ovzuDBHcqyE,101,2,4,UCSes4X8uDrpc4X46hJKjejg,1,0
20261008,UCSes4X8uDrpc4X46hJKjejg,ovzuDBHcqyE,101,9,4,UCSes4X8uDrpc4X46hJKjejg,7,0
20261008,UCSes4X8uDrpc4X46hJKjejg,ovzuDBHcqyE,102,19,4,UCSes4X8uDrpc4X46hJKjejg,1,0
20261008,UCSes4X8uDrpc4X46hJKjejg,ovzuDBHcqyE,104,5,4,UCSes4X8uDrpc4X46hJKjejg,4,0
20261008,UCSes4X8uDrpc4X46hJKjejg,ovzuDBHcqyE,101,2,7,nr2XQrdnjdQ,1,0
20261008,UCSes4X8uDrpc4X46hJKjejg,ovzuDBHcqyE,101,2,14,PLX3ZLYz4-6vFapW85GvTgNr-4rJjgkzqi,5,0
20261008,UCSes4X8uDrpc4X46hJKjejg,p2CXIFYmwOI,101,2,3,what-to-watch,1,0
20261008,UCSes4X8uDrpc4X46hJKjejg,p5XiosuCXB8,101,2,3,what-to-watch,14,0
20261008,UCSes4X8uDrpc4X46hJKjejg,p5XiosuCXB8,101,9,3,what-to-watch,9,0
20261008,UCSes4X8uDrpc4X46hJKjejg,p5XiosuCXB8,102,1,3,what-to-watch,2,0
20261008,UCSes4X8uDrpc4X46hJKjejg,p5XiosuCXB8,102,4,3,what-to-watch,2,0
20261008,UCSes4X8uDrpc4X46hJKjejg,p5XiosuCXB8,102,19,3,what-to-watch,9,0
20261008,UCSes4X8uDrpc4X46hJKjejg,p5XiosuCXB8,102,26,3,what-to-watch,2,0
20261008,UCSes4X8uDrpc4X46hJKjejg,p5XiosuCXB8,102,29,3,what-to-watch,3,0
20261008,UCSes4X8uDrpc4X46hJKjejg,p5XiosuCXB8,103,10,3,what-to-watch,4,0.25
20261008,UCSes4X8uDrpc4X46hJKjejg,p5XiosuCXB8,104,4,3,what-to-watch,12,0
20261008,UCSes4X8uDrpc4X46hJKjejg,p5XiosuCXB8,104,5,3,what-to-watch,12,0
20261008,UCSes4X8uDrpc4X46hJKjejg,p5XiosuCXB8,105,5,3,what-to-watch,5,0
20261008,UCSes4X8uDrpc4X46hJKjejg,p5XiosuCXB8,104,4,4,UCSes4X8uDrpc4X46hJKjejg,2,0
20261008,UCSes4X8uDrpc4X46hJKjejg,p5XiosuCXB8,101,2,5,unknown,14,0.071428571428571425
20261008,UCSes4X8uDrpc4X46hJKjejg,p5XiosuCXB8,101,9,5,unknown,7,0
20261008,UCSes4X8uDrpc4X46hJKjejg,p5XiosuCXB8,101,30,5,unknown,1,1
20261008,UCSes4X8uDrpc4X46hJKjejg,p5XiosuCXB8,102,4,5,unknown,2,0
20261008,UCSes4X8uDrpc4X46hJKjejg,p5XiosuCXB8,102,12,5,unknown,3,0
20261008,UCSes4X8uDrpc4X46hJKjejg,p5XiosuCXB8,102,19,5,unknown,2,0
20261008,UCSes4X8uDrpc4X46hJKjejg,p5XiosuCXB8,102,26,5,unknown,11,0.090909090909090912
20261008,UCSes4X8uDrpc4X46hJKjejg,p5XiosuCXB8,103,10,5,unknown,2,0
20261008,UCSes4X8uDrpc4X46hJKjejg,p5XiosuCXB8,104,4,5,unknown,26,0
20261008,UCSes4X8uDrpc4X46hJKjejg,p5XiosuCXB8,104,5,5,unknown,54,0.037037037037037035
20261008,UCSes4X8uDrpc4X46hJKjejg,p5XiosuCXB8,105,5,5,unknown,18,0
20261008,UCSes4X8uDrpc4X46hJKjejg,p5XiosuCXB8,104,5,18,unknown,1,0
20261008,UCSes4X8uDrpc4X46hJKjejg,pFLCNy0d11M,101,2,5,unknown,4,0
20261008,UCSes4X8uDrpc4X46hJKjejg,pFLCNy0d11M,104,5,5,unknown,2,0
20261008,UCSes4X8uDrpc4X46hJKjejg,pFLCNy0d11M,104,4,7,4bHNwVWqJEs,1,0
20261008,UCSes4X8uDrpc4X46hJKjejg,pFLCNy0d11M,104,4,7,b6hJm2sdFvE,1,0
20261008,UCSes4X8uDrpc4X46hJKjejg,pFLCNy0d11M,101,9,7,fRy1z5NPp2U,1,0
20261008,UCSes4X8uDrpc4X46hJKjejg,pFLCNy0d11M,104,4,7,gU9yLauP12o,1,0
20261008,UCSes4X8uDrpc4X46hJKjejg,pFLCNy0d11M,104,4,7,h477D22TwZs,1,0
20261008,UCSes4X8uDrpc4X46hJKjejg,pJQp8cu_I9Y,104,5,5,unknown,1,0
20261008,UCSes4X8uDrpc4X46hJKjejg,pPj9SqEhXao,101,2,5,unknown,2,0
20261008,UCSes4X8uDrpc4X46hJKjejg,pPj9SqEhXao,101,9,5,unknown,1,0
20261008,UCSes4X8uDrpc4X46hJKjejg,pPj9SqEhXao,104,4,5,unknown,2,0.5
20261008,UCSes4X8uDrpc4X46hJKjejg,pPj9SqEhXao,104,5,5,unknown,1,0
20261008,UCSes4X8uDrpc4X46hJKjejg,pPj9SqEhXao,105,5,5,unknown,1,0
20261008,UCSes4X8uDrpc4X46hJKjejg,pPj9SqEhXao,104,5,18,unknown,2,0
20261008,UCSes4X8uDrpc4X46hJKjejg,pR0qhuBvOJs,104,4,5,unknown,1,0
20261008,UCSes4X8uDrpc4X46hJKjejg,pR0qhuBvOJs,104,5,5,unknown,2,0
20261008,UCSes4X8uDrpc4X46hJKjejg,pS2E6K434sk,104,4,5,unknown,1,0
20261008,UCSes4X8uDrpc4X46hJKjejg,pS2E6K434sk,104,5,5,unknown,1,0
20261008,UCSes4X8uDrpc4X46hJKjejg,pS2E6K434sk,105,5,5,unknown,2,0
20261008,UCSes4X8uDrpc4X46hJKjejg,pWCQrmx8beo,101,2,3,what-to-watch,45,0
20261008,UCSes4X8uDrpc4X46hJKjejg,pWCQrmx8beo,101,9,3,what-to-watch,21,0.14285714285714285
20261008,UCSes4X8uDrpc4X46hJKjejg,pWCQrmx8beo,101,30,3,what-to-watch,3,0
20261008,UCSes4X8uDrpc4X46hJKjejg,pWCQrmx8beo,102,1,3,what-to-watch,1,0
20261008,UCSes4X8uDrpc4X46hJKjejg,pWCQrmx8beo,102,4,3,what-to-watch,8,0
20261008,UCSes4X8uDrpc4X46hJKjejg,pWCQrmx8beo,102,12,3,what-to-watch,1,0
20261008,UCSes4X8uDrpc4X46hJKjejg,pWCQrmx8beo,102,19,3,what-to-watch,11,0
20261008,UCSes4X8uDrpc4X46hJKjejg,pWCQrmx8beo,102,26,3,what-to-watch,22,0
20261008,UCSes4X8uDrpc4X46hJKjejg,pWCQrmx8beo,102,28,3,what-to-watch,1,0
20261008,UCSes4X8uDrpc4X46hJKjejg,pWCQrmx8beo,102,29,3,what-to-watch,18,0.1111111111111111
20261008,UCSes4X8uDrpc4X46hJKjejg,pWCQrmx8beo,102,31,3,what-to-watch,1,0
20261008,UCSes4X8uDrpc4X46hJKjejg,pWCQrmx8beo,103,10,3,what-to-watch,9,0
20261008,UCSes4X8uDrpc4X46hJKjejg,pWCQrmx8beo,103,17,3,what-to-watch,3,0
20261008,UCSes4X8uDrpc4X46hJKjejg,pWCQrmx8beo,104,4,3,what-to-watch,50,0.06
20261008,UCSes4X8uDrpc4X46hJKjejg,pWCQrmx8beo,104,5,3,what-to-watch,117,0.059829059829059832
20261008,UCSes4X8uDrpc4X46hJKjejg,pWCQrmx8beo,105,5,3,what-to-watch,27,0
20261008,UCSes4X8uDrpc4X46hJKjejg,pWCQrmx8beo,101,2,4,UCSes4X8uDrpc4X46hJKjejg,1,0
20261008,UCSes4X8uDrpc4X46hJKjejg,pWCQrmx8beo,101,9,4,UCSes4X8uDrpc4X46hJKjejg,1,0
20261008,UCSes4X8uDrpc4X46hJKjejg,pWCQrmx8beo,102,12,4,UCSes4X8uDrpc4X46hJKjejg,1,0
20261008,UCSes4X8uDrpc4X46hJKjejg,pWCQrmx8beo,102,19,4,UCSes4X8uDrpc4X46hJKjejg,1,0
20261008,UCSes4X8uDrpc4X46hJKjejg,pWCQrmx8beo,104,5,4,UCSes4X8uDrpc4X46hJKjejg,5,0
20261008,UCSes4X8uDrpc4X46hJKjejg,pWCQrmx8beo,101,2,5,unknown,9,0.1111111111111111
20261008,UCSes4X8uDrpc4X46hJKjejg,pWCQrmx8beo,101,9,5,unknown,3,0.33333333333333331
20261008,UCSes4X8uDrpc4X46hJKjejg,pWCQrmx8beo,102,1,5,unknown,3,0
20261008,UCSes4X8uDrpc4X46hJKjejg,pWCQrmx8beo,102,4,5,unknown,7,0
20261008,UCSes4X8uDrpc4X46hJKjejg,pWCQrmx8beo,102,19,5,unknown,4,0
20261008,UCSes4X8uDrpc4X46hJKjejg,pWCQrmx8beo,102,26,5,unknown,4,0
20261008,UCSes4X8uDrpc4X46hJKjejg,pWCQrmx8beo,102,29,5,unknown,1,0
20261008,UCSes4X8uDrpc4X46hJKjejg,pWCQrmx8beo,102,31,5,unknown,1,0
20261008,UCSes4X8uDrpc4X46hJKjejg,pWCQrmx8beo,103,10,5,unknown,4,0
20261008,UCSes4X8uDrpc4X46hJKjejg,pWCQrmx8beo,103,17,5,unknown,2,0
20261008,UCSes4X8uDrpc4X46hJKjejg,pWCQrmx8beo,104,4,5,unknown,24,0.083333333333333329
20261008,UCSes4X8uDrpc4X46hJKjejg,pWCQrmx8beo,104,5,5,unknown,47,0.0425531914893617
20261008,UCSes4X8uDrpc4X46hJKjejg,pWCQrmx8beo,105,5,5,unknown,3,0
20261008,UCSes4X8uDrpc4X46hJKjejg,pWCQrmx8beo,105,5,7,-aYxx9NHPxQ,1,0
20261008,UCSes4X8uDrpc4X46hJKjejg,pWCQrmx8beo,104,5,7,-daouyeVR3w,1,0
20261008,UCSes4X8uDrpc4X46hJKjejg,pWCQrmx8beo,101,1,7,18mgN64R_FE,1,0
20261008,UCSes4X8uDrpc4X46hJKjejg,pWCQrmx8beo,104,5,7,1MEYo4pwJR0,3,0
20261008,UCSes4X8uDrpc4X46hJKjejg,pWCQrmx8beo,102,1,7,2eqNYzKYKVc,1,1
20261008,UCSes4X8uDrpc4X46hJKjejg,pWCQrmx8beo,101,2,7,2n5LJUyMtAk,1,0
20261008,UCSes4X8uDrpc4X46hJKjejg,pWCQrmx8beo,104,4,7,2n5LJUyMtAk,1,0
20261008,UCSes4X8uDrpc4X46hJKjejg,pWCQrmx8beo,104,5,7,2n5LJUyMtAk,1,0
20261008,UCSes4X8uDrpc4X46hJKjejg,pWCQrmx8beo,102,19,7,397EK9CM6n4,1,0
20261008,UCSes4X8uDrpc4X46hJKjejg,pWCQrmx8beo,101,9,7,3U9mS2Mo6sk,1,0
20261008,UCSes4X8uDrpc4X46hJKjejg,pWCQrmx8beo,104,5,7,3w63eqjMJac,1,0
20261008,UCSes4X8uDrpc4X46hJKjejg,pWCQrmx8beo,101,2,7,4_nm036IzHA,1,0
20261008,UCSes4X8uDrpc4X46hJKjejg,pWCQrmx8beo,102,1,7,5GYyKcjXNN0,1,0
20261008,UCSes4X8uDrpc4X46hJKjejg,pWCQrmx8beo,104,5,7,5lMXOczN828,1,0
20261008,UCSes4X8uDrpc4X46hJKjejg,pWCQrmx8beo,104,4,7,6TPdz_MzokM,1,0
20261008,UCSes4X8uDrpc4X46hJKjejg,pWCQrmx8beo,104,5,7,70lVGLkuEMs,1,0
20261008,UCSes4X8uDrpc4X46hJKjejg,pWCQrmx8beo,102,4,7,7R1ROu974Bw,1,0
20261008,UCSes4X8uDrpc4X46hJKjejg,pWCQrmx8beo,104,5,7,7qcIm8CQMeQ,1,0
20261008,UCSes4X8uDrpc4X46hJKjejg,pWCQrmx8beo,104,4,7,8N3PmjcvYtY,1,0
20261008,UCSes4X8uDrpc4X46hJKjejg,pWCQrmx8beo,101,2,7,9zaom3QbjYs,1,0
20261008,UCSes4X8uDrpc4X46hJKjejg,pWCQrmx8beo,101,1,7,Ala5zZj2Zpo,2,0
20261008,UCSes4X8uDrpc4X46hJKjejg,pWCQrmx8beo,101,2,7,BeZUS-lZ4qs,1,0
20261008,UCSes4X8uDrpc4X46hJKjejg,pWCQrmx8beo,101,9,7,BeZUS-lZ4qs,2,0
20261008,UCSes4X8uDrpc4X46hJKjejg,pWCQrmx8beo,102,19,7,BeZUS-lZ4qs,1,0
20261008,UCSes4X8uDrpc4X46hJKjejg,pWCQrmx8beo,104,4,7,BeZUS-lZ4qs,1,0
20261008,UCSes4X8uDrpc4X46hJKjejg,pWCQrmx8beo,104,5,7,BeZUS-lZ4qs,2,0
20261008,UCSes4X8uDrpc4X46hJKjejg,pWCQrmx8beo,105,5,7,BeZUS-lZ4qs,1,0
20261008,UCSes4X8uDrpc4X46hJKjejg,pWCQrmx8beo,101,1,7,BlP_AX68z6M,2,0
20261008,UCSes4X8uDrpc4X46hJKjejg,pWCQrmx8beo,104,4,7,Bm7cQuUX34A,1,0
20261008,UCSes4X8uDrpc4X46hJKjejg,pWCQrmx8beo,104,4,7,DenXA_3wdSk,1,0
20261008,UCSes4X8uDrpc4X46hJKjejg,pWCQrmx8beo,105,5,7,DnUZksV4LMI,1,1
20261008,UCSes4X8uDrpc4X46hJKjejg,pWCQrmx8beo,101,2,7,E0npRwdwZDg,1,0
20261008,UCSes4X8uDrpc4X46hJKjejg,pWCQrmx8beo,104,5,7,EhPUewg9Fvc,1,0
20261008,UCSes4X8uDrpc4X46hJKjejg,pWCQrmx8beo,104,5,7,FlhkxBVaBp8,1,0
20261008,UCSes4X8uDrpc4X46hJKjejg,pWCQrmx8beo,101,2,7,FszJliNcIW0,1,0
20261008,UCSes4X8uDrpc4X46hJKjejg,pWCQrmx8beo,104,5,7,GwH8fLXRjGg,2,0.5
20261008,UCSes4X8uDrpc4X46hJKjejg,pWCQrmx8beo,101,2,7,IijHaTsFlLY,1,0
20261008,UCSes4X8uDrpc4X46hJKjejg,pWCQrmx8beo,101,2,7,JcyIog7ksSA,1,0
20261008,UCSes4X8uDrpc4X46hJKjejg,pWCQrmx8beo,104,5,7,LEZV7c4onHA,1,0
20261008,UCSes4X8uDrpc4X46hJKjejg,pWCQrmx8beo,104,5,7,LXrsihz115w,1,0
20261008,UCSes4X8uDrpc4X46hJKjejg,pWCQrmx8beo,101,2,7,M7wDYT5T5n0,1,0
20261008,UCSes4X8uDrpc4X46hJKjejg,pWCQrmx8beo,101,9,7,MEHDJ9V-lIk,1,0
20261008,UCSes4X8uDrpc4X46hJKjejg,pWCQrmx8beo,105,5,7,MEHDJ9V-lIk,1,0
20261008,UCSes4X8uDrpc4X46hJKjejg,pWCQrmx8beo,101,9,7,OnAD43_XO4g,1,0
20261008,UCSes4X8uDrpc4X46hJKjejg,pWCQrmx8beo,101,9,7,Os8okjX62pE,1,0
20261008,UCSes4X8uDrpc4X46hJKjejg,pWCQrmx8beo,104,5,7,OuJGzEgLwjE,1,0
20261008,UCSes4X8uDrpc4X46hJKjejg,pWCQrmx8beo,104,5,7,Ov7NzH2wmFg,1,0
20261008,UCSes4X8uDrpc4X46hJKjejg,pWCQrmx8beo,104,5,7,PeMHxUwuByQ,1,0
20261008,UCSes4X8uDrpc4X46hJKjejg,pWCQrmx8beo,104,5,7,SRAqe40x1t8,1,0
20261008,UCSes4X8uDrpc4X46hJKjejg,pWCQrmx8beo,101,9,7,Sy_xFHvHJy0,1,0
20261008,UCSes4X8uDrpc4X46hJKjejg,pWCQrmx8beo,104,4,7,TM-pjAeJTxU,1,0
20261008,UCSes4X8uDrpc4X46hJKjejg,pWCQrmx8beo,101,2,7,ULS9tHsKCmI,1,0
20261008,UCSes4X8uDrpc4X46hJKjejg,pWCQrmx8beo,104,4,7,Voo03eeE9EM,1,0
20261008,UCSes4X8uDrpc4X46hJKjejg,pWCQrmx8beo,102,4,7,XpT03Fjkfc4,1,0
20261008,UCSes4X8uDrpc4X46hJKjejg,pWCQrmx8beo,104,4,7,XpT03Fjkfc4,1,0
20261008,UCSes4X8uDrpc4X46hJKjejg,pWCQrmx8beo,101,2,7,YHtB62qU1r8,10,0.2
20261008,UCSes4X8uDrpc4X46hJKjejg,pWCQrmx8beo,101,9,7,YHtB62qU1r8,1,0
20261008,UCSes4X8uDrpc4X46hJKjejg,pWCQrmx8beo,102,19,7,YHtB62qU1r8,1,0
20261008,UCSes4X8uDrpc4X46hJKjejg,pWCQrmx8beo,102,28,7,YHtB62qU1r8,1,0
20261008,UCSes4X8uDrpc4X46hJKjejg,pWCQrmx8beo,102,29,7,YHtB62qU1r8,1,0
20261008,UCSes4X8uDrpc4X46hJKjejg,pWCQrmx8beo,103,17,7,YHtB62qU1r8,1,0
20261008,UCSes4X8uDrpc4X46hJKjejg,pWCQrmx8beo,104,4,7,YHtB62qU1r8,3,0
20261008,UCSes4X8uDrpc4X46hJKjejg,pWCQrmx8beo,104,5,7,YHtB62qU1r8,10,0
20261008,UCSes4X8uDrpc4X46hJKjejg,pWCQrmx8beo,105,5,7,YHtB62qU1r8,4,0
20261008,UCSes4X8uDrpc4X46hJKjejg,pWCQrmx8beo,104,4,7,a4QxVUlkYpw,1,0
20261008,UCSes4X8uDrpc4X46hJKjejg,pWCQrmx8beo,104,5,7,a4QxVUlkYpw,1,0
20261008,UCSes4X8uDrpc4X46hJKjejg,pWCQrmx8beo,104,5,7,aDrPw877k7g,2,0
20261008,UCSes4X8uDrpc4X46hJKjejg,pWCQrmx8beo,101,9,7,djgdjer0jOw,1,0
20261008,UCSes4X8uDrpc4X46hJKjejg,pWCQrmx8beo,101,9,7,e7CxdG8sNlA,2,0
20261008,UCSes4X8uDrpc4X46hJKjejg,pWCQrmx8beo,104,4,7,e7CxdG8sNlA,2,0
20261008,UCSes4X8uDrpc4X46hJKjejg,pWCQrmx8beo,104,5,7,e7CxdG8sNlA,1,0
20261008,UCSes4X8uDrpc4X46hJKjejg,pWCQrmx8beo,101,2,7,eBaVUI-IC48,1,0
20261008,UCSes4X8uDrpc4X46hJKjejg,pWCQrmx8beo,104,5,7,ePdXtNfowRo,1,0
20261008,UCSes4X8uDrpc4X46hJKjejg,pWCQrmx8beo,101,2,7,f4MfVVTJ6pY,1,0
20261008,UCSes4X8uDrpc4X46hJKjejg,pWCQrmx8beo,104,5,7,f4MfVVTJ6pY,1,0
20261008,UCSes4X8uDrpc4X46hJKjejg,pWCQrmx8beo,104,4,7,f7RdZNrO21k,1,0
20261008,UCSes4X8uDrpc4X46hJKjejg,pWCQrmx8beo,101,9,7,fEQ6QKV5ezs,1,0
20261008,UCSes4X8uDrpc4X46hJKjejg,pWCQrmx8beo,104,5,7,foK-d0c2BAs,1,0
20261008,UCSes4X8uDrpc4X46hJKjejg,pWCQrmx8beo,105,5,7,gO--A5HteqY,1,1
20261008,UCSes4X8uDrpc4X46hJKjejg,pWCQrmx8beo,104,4,7,h301lB2_79A,1,0
20261008,UCSes4X8uDrpc4X46hJKjejg,pWCQrmx8beo,104,5,7,hpAPHvCWmks,1,0
20261008,UCSes4X8uDrpc4X46hJKjejg,pWCQrmx8beo,104,4,7,iHntyWvhki8,1,0
20261008,UCSes4X8uDrpc4X46hJKjejg,pWCQrmx8beo,104,4,7,klE6GxJCjLM,2,0
20261008,UCSes4X8uDrpc4X46hJKjejg,pWCQrmx8beo,104,5,7,l0QNcJZV2Io,1,0
20261008,UCSes4X8uDrpc4X46hJKjejg,pWCQrmx8beo,104,5,7,lpXSI7wRm-s,1,0
20261008,UCSes4X8uDrpc4X46hJKjejg,pWCQrmx8beo,101,2,7,n374VlZ5K-E,1,0
20261008,UCSes4X8uDrpc4X46hJKjejg,pWCQrmx8beo,104,4,7,qDzg-xvkeXw,1,0
20261008,UCSes4X8uDrpc4X46hJKjejg,pWCQrmx8beo,101,9,7,qqtVUFDDc9M,2,0.5
20261008,UCSes4X8uDrpc4X46hJKjejg,pWCQrmx8beo,105,5,7,qqtVUFDDc9M,1,0
20261008,UCSes4X8uDrpc4X46hJKjejg,pWCQrmx8beo,105,5,7,uNUV5MB7ASk,1,0
20261008,UCSes4X8uDrpc4X46hJKjejg,pWCQrmx8beo,104,5,7,u_N8LAJVWtc,1,0
20261008,UCSes4X8uDrpc4X46hJKjejg,pWCQrmx8beo,104,4,7,wML5LPp8bBU,1,0
20261008,UCSes4X8uDrpc4X46hJKjejg,pWCQrmx8beo,102,4,7,wmi00BXbF_k,1,0
20261008,UCSes4X8uDrpc4X46hJKjejg,pWCQrmx8beo,105,5,7,xRH4ydZ9-rg,1,0
20261008,UCSes4X8uDrpc4X46hJKjejg,pWCQrmx8beo,101,2,7,xdk2eQ-cszc,1,0
20261008,UCSes4X8uDrpc4X46hJKjejg,pWCQrmx8beo,104,4,7,yN_SwJq3jeE,2,0
20261008,UCSes4X8uDrpc4X46hJKjejg,pWCQrmx8beo,104,5,7,yjoFovZELTg,1,0
20261008,UCSes4X8uDrpc4X46hJKjejg,pWCQrmx8beo,101,2,14,PLX3ZLYz4-6vE2_ZNLW5AfzbHTd1jTskDl,1,0
20261008,UCSes4X8uDrpc4X46hJKjejg,pWCQrmx8beo,101,9,14,PLX3ZLYz4-6vE2_ZNLW5AfzbHTd1jTskDl,2,0
20261008,UCSes4X8uDrpc4X46hJKjejg,pWCQrmx8beo,104,4,14,PLX3ZLYz4-6vE2_ZNLW5AfzbHTd1jTskDl,7,0
20261008,UCSes4X8uDrpc4X46hJKjejg,pWCQrmx8beo,104,5,14,my-likes,1,0
20261008,UCSes4X8uDrpc4X46hJKjejg,pWCQrmx8beo,101,9,18,unknown,4,0
20261008,UCSes4X8uDrpc4X46hJKjejg,pWCQrmx8beo,103,10,18,unknown,1,0
20261008,UCSes4X8uDrpc4X46hJKjejg,pWCQrmx8beo,104,4,18,unknown,5,0
20261008,UCSes4X8uDrpc4X46hJKjejg,pWCQrmx8beo,104,5,18,unknown,13,0
20261008,UCSes4X8uDrpc4X46hJKjejg,pXVjLX2Hsb4,104,4,5,unknown,1,0
20261008,UCSes4X8uDrpc4X46hJKjejg,pZIt3dwGiyk,102,26,5,unknown,2,0
20261008,UCSes4X8uDrpc4X46hJKjejg,pdoS2UYTrkU,101,2,5,unknown,1,0
20261008,UCSes4X8uDrpc4X46hJKjejg,pdoS2UYTrkU,101,30,5,unknown,1,0
20261008,UCSes4X8uDrpc4X46hJKjejg,pdoS2UYTrkU,104,4,5,unknown,1,0
20261008,UCSes4X8uDrpc4X46hJKjejg,pf8GVQxG5vo,104,4,5,unknown,2,0
20261008,UCSes4X8uDrpc4X46hJKjejg,phqqJrq5Zk4,101,2,4,UCSes4X8uDrpc4X46hJKjejg,1,0
20261008,UCSes4X8uDrpc4X46hJKjejg,pjvmhvePLYM,101,9,14,PLX3ZLYz4-6vE2_ZNLW5AfzbHTd1jTskDl,1,0
20261008,UCSes4X8uDrpc4X46hJKjejg,pjvmhvePLYM,104,4,14,PLX3ZLYz4-6vE2_ZNLW5AfzbHTd1jTskDl,5,0
20261008,UCSes4X8uDrpc4X46hJKjejg,pjvmhvePLYM,101,9,18,unknown,1,0
20261008,UCSes4X8uDrpc4X46hJKjejg,pjvmhvePLYM,104,4,18,unknown,2,0
20261008,UCSes4X8uDrpc4X46hJKjejg,pnOoSEaBbLA,101,2,4,UCSes4X8uDrpc4X46hJKjejg,1,0
20261008,UCSes4X8uDrpc4X46hJKjejg,pnOoSEaBbLA,101,9,5,unknown,1,0
20261008,UCSes4X8uDrpc4X46hJKjejg,pnOoSEaBbLA,101,9,14,PLX3ZLYz4-6vE2_ZNLW5AfzbHTd1jTskDl,2,0
20261008,UCSes4X8uDrpc4X46hJKjejg,po8YrSQivoM,101,1,3,what-to-watch,2,0
20261008,UCSes4X8uDrpc4X46hJKjejg,po8YrSQivoM,101,2,3,what-to-watch,11,0
20261008,UCSes4X8uDrpc4X46hJKjejg,po8YrSQivoM,101,9,3,what-to-watch,1,0
20261008,UCSes4X8uDrpc4X46hJKjejg,po8YrSQivoM,101,30,3,what-to-watch,5,0.2
20261008,UCSes4X8uDrpc4X46hJKjejg,po8YrSQivoM,102,1,3,what-to-watch,1,0
20261008,UCSes4X8uDrpc4X46hJKjejg,po8YrSQivoM,102,4,3,what-to-watch,5,0
20261008,UCSes4X8uDrpc4X46hJKjejg,po8YrSQivoM,102,12,3,what-to-watch,1,0
20261008,UCSes4X8uDrpc4X46hJKjejg,po8YrSQivoM,102,19,3,what-to-watch,2,0
20261008,UCSes4X8uDrpc4X46hJKjejg,po8YrSQivoM,102,26,3,what-to-watch,5,0
20261008,UCSes4X8uDrpc4X46hJKjejg,po8YrSQivoM,102,29,3,what-to-watch,2,0
20261008,UCSes4X8uDrpc4X46hJKjejg,po8YrSQivoM,103,10,3,what-to-watch,2,0
20261008,UCSes4X8uDrpc4X46hJKjejg,po8YrSQivoM,104,4,3,what-to-watch,19,0
20261008,UCSes4X8uDrpc4X46hJKjejg,po8YrSQivoM,104,5,3,what-to-watch,19,0.052631578947368418
20261008,UCSes4X8uDrpc4X46hJKjejg,po8YrSQivoM,105,5,3,what-to-watch,5,0
20261008,UCSes4X8uDrpc4X46hJKjejg,po8YrSQivoM,101,2,4,UCSes4X8uDrpc4X46hJKjejg,1,0
20261008,UCSes4X8uDrpc4X46hJKjejg,po8YrSQivoM,102,19,4,UCSes4X8uDrpc4X46hJKjejg,1,0
20261008,UCSes4X8uDrpc4X46hJKjejg,po8YrSQivoM,104,5,4,UCSes4X8uDrpc4X46hJKjejg,4,0
20261008,UCSes4X8uDrpc4X46hJKjejg,po8YrSQivoM,101,2,5,unknown,5,0
20261008,UCSes4X8uDrpc4X46hJKjejg,po8YrSQivoM,101,9,5,unknown,4,0.25
20261008,UCSes4X8uDrpc4X46hJKjejg,po8YrSQivoM,102,4,5,unknown,1,0
20261008,UCSes4X8uDrpc4X46hJKjejg,po8YrSQivoM,102,12,5,unknown,2,0
20261008,UCSes4X8uDrpc4X46hJKjejg,po8YrSQivoM,102,19,5,unknown,1,0
20261008,UCSes4X8uDrpc4X46hJKjejg,po8YrSQivoM,102,21,5,unknown,1,0
20261008,UCSes4X8uDrpc4X46hJKjejg,po8YrSQivoM,102,26,5,unknown,2,0
20261008,UCSes4X8uDrpc4X46hJKjejg,po8YrSQivoM,102,28,5,unknown,4,0
20261008,UCSes4X8uDrpc4X46hJKjejg,po8YrSQivoM,102,29,5,unknown,3,0
20261008,UCSes4X8uDrpc4X46hJKjejg,po8YrSQivoM,103,10,5,unknown,3,0
20261008,UCSes4X8uDrpc4X46hJKjejg,po8YrSQivoM,104,4,5,unknown,2,0
20261008,UCSes4X8uDrpc4X46hJKjejg,po8YrSQivoM,104,5,5,unknown,20,0.05
20261008,UCSes4X8uDrpc4X46hJKjejg,po8YrSQivoM,105,5,5,unknown,5,0.2
20261008,UCSes4X8uDrpc4X46hJKjejg,po8YrSQivoM,104,4,7,-lYIfiyM_oE,1,0
20261008,UCSes4X8uDrpc4X46hJKjejg,po8YrSQivoM,102,29,7,0DvjvaMG8RQ,1,0
20261008,UCSes4X8uDrpc4X46hJKjejg,po8YrSQivoM,104,5,7,0KcaL_pVhqs,1,0
20261008,UCSes4X8uDrpc4X46hJKjejg,po8YrSQivoM,104,5,7,3sCjhxDzPpU,1,0
20261008,UCSes4X8uDrpc4X46hJKjejg,po8YrSQivoM,101,2,7,84XwX8zGUOk,2,0.5
20261008,UCSes4X8uDrpc4X46hJKjejg,po8YrSQivoM,104,5,7,8FqCMLxa7wU,1,0
20261008,UCSes4X8uDrpc4X46hJKjejg,po8YrSQivoM,104,5,7,8oPtiITYdH4,2,0
20261008,UCSes4X8uDrpc4X46hJKjejg,po8YrSQivoM,104,4,7,BeZUS-lZ4qs,2,0
20261008,UCSes4X8uDrpc4X46hJKjejg,po8YrSQivoM,105,5,7,BeZUS-lZ4qs,1,0
20261008,UCSes4X8uDrpc4X46hJKjejg,po8YrSQivoM,104,4,7,C6K1y_nlz1w,1,0
20261008,UCSes4X8uDrpc4X46hJKjejg,po8YrSQivoM,104,5,7,G_xH00aWk0c,1,0
20261008,UCSes4X8uDrpc4X46hJKjejg,po8YrSQivoM,102,4,7,Gm_Yqj42X3w,1,0
20261008,UCSes4X8uDrpc4X46hJKjejg,po8YrSQivoM,104,5,7,PeMHxUwuByQ,1,0
20261008,UCSes4X8uDrpc4X46hJKjejg,po8YrSQivoM,102,12,7,Q2CfW7NSVc4,1,0
20261008,UCSes4X8uDrpc4X46hJKjejg,po8YrSQivoM,104,5,7,RpZGluq8_uU,1,0
20261008,UCSes4X8uDrpc4X46hJKjejg,po8YrSQivoM,101,2,7,TRHfffUvvcQ,1,0
20261008,UCSes4X8uDrpc4X46hJKjejg,po8YrSQivoM,101,9,7,ePdXtNfowRo,1,0
20261008,UCSes4X8uDrpc4X46hJKjejg,po8YrSQivoM,104,4,7,ePdXtNfowRo,2,0
20261008,UCSes4X8uDrpc4X46hJKjejg,po8YrSQivoM,104,5,7,ePdXtNfowRo,3,0
20261008,UCSes4X8uDrpc4X46hJKjejg,po8YrSQivoM,105,5,7,ePdXtNfowRo,2,0
20261008,UCSes4X8uDrpc4X46hJKjejg,po8YrSQivoM,101,2,7,f4MfVVTJ6pY,2,0
20261008,UCSes4X8uDrpc4X46hJKjejg,po8YrSQivoM,104,5,7,f4MfVVTJ6pY,5,0
20261008,UCSes4X8uDrpc4X46hJKjejg,po8YrSQivoM,101,9,7,k46NG6_X-7o,1,0
20261008,UCSes4X8uDrpc4X46hJKjejg,po8YrSQivoM,101,2,7,mWi2ygAOJ9c,1,0
20261008,UCSes4X8uDrpc4X46hJKjejg,po8YrSQivoM,101,2,7,oDfBSDc2n_k,1,0
20261008,UCSes4X8uDrpc4X46hJKjejg,po8YrSQivoM,104,5,7,oDfBSDc2n_k,2,0
20261008,UCSes4X8uDrpc4X46hJKjejg,po8YrSQivoM,102,4,7,pWCQrmx8beo,1,0
20261008,UCSes4X8uDrpc4X46hJKjejg,po8YrSQivoM,102,29,7,pWCQrmx8beo,1,0
20261008,UCSes4X8uDrpc4X46hJKjejg,po8YrSQivoM,104,5,7,rvdwgqdZ6jI,2,0
20261008,UCSes4X8uDrpc4X46hJKjejg,po8YrSQivoM,101,2,7,ti8MBPT9aS0,1,1
20261008,UCSes4X8uDrpc4X46hJKjejg,po8YrSQivoM,101,2,7,tuknCozmCUw,1,0
20261008,UCSes4X8uDrpc4X46hJKjejg,po8YrSQivoM,101,30,7,tuknCozmCUw,1,0
20261008,UCSes4X8uDrpc4X46hJKjejg,po8YrSQivoM,102,4,7,u_N8LAJVWtc,1,0
20261008,UCSes4X8uDrpc4X46hJKjejg,po8YrSQivoM,104,4,7,vH0OetsEZ7A,1,1
20261008,UCSes4X8uDrpc4X46hJKjejg,po8YrSQivoM,101,9,7,xUa8Anx5Jfg,1,0
20261008,UCSes4X8uDrpc4X46hJKjejg,po8YrSQivoM,104,4,7,xyhYgxDhHP0,2,0
20261008,UCSes4X8uDrpc4X46hJKjejg,po8YrSQivoM,101,2,7,ykAp2hr6g-4,1,0
20261008,UCSes4X8uDrpc4X46hJKjejg,po8YrSQivoM,101,9,14,PLX3ZLYz4-6vE2_ZNLW5AfzbHTd1jTskDl,1,0
20261008,UCSes4X8uDrpc4X46hJKjejg,po8YrSQivoM,104,4,14,PLX3ZLYz4-6vE2_ZNLW5AfzbHTd1jTskDl,9,0
20261008,UCSes4X8uDrpc4X46hJKjejg,po8YrSQivoM,102,26,14,TL,1,1
20261008,UCSes4X8uDrpc4X46hJKjejg,po8YrSQivoM,101,9,18,unknown,2,0
20261008,UCSes4X8uDrpc4X46hJKjejg,po8YrSQivoM,102,26,18,unknown,1,0
20261008,UCSes4X8uDrpc4X46hJKjejg,po8YrSQivoM,102,29,18,unknown,1,0
20261008,UCSes4X8uDrpc4X46hJKjejg,po8YrSQivoM,103,10,18,unknown,3,0
20261008,UCSes4X8uDrpc4X46hJKjejg,po8YrSQivoM,104,4,18,unknown,4,0
20261008,UCSes4X8uDrpc4X46hJKjejg,po8YrSQivoM,104,5,18,unknown,2,0
20261008,UCSes4X8uDrpc4X46hJKjejg,pq73pmL-x4w,104,4,5,unknown,1,0
20261008,UCSes4X8uDrpc4X46hJKjejg,py5lQUziTsE,102,4,3,what-to-watch,1,0
20261008,UCSes4X8uDrpc4X46hJKjejg,py5lQUziTsE,102,29,3,what-to-watch,2,0
20261008,UCSes4X8uDrpc4X46hJKjejg,py5lQUziTsE,104,4,3,what-to-watch,2,0
20261008,UCSes4X8uDrpc4X46hJKjejg,py5lQUziTsE,104,5,3,what-to-watch,1,0
20261008,UCSes4X8uDrpc4X46hJKjejg,py5lQUziTsE,101,2,4,UCSes4X8uDrpc4X46hJKjejg,1,0
20261008,UCSes4X8uDrpc4X46hJKjejg,py5lQUziTsE,102,29,5,unknown,1,0
20261008,UCSes4X8uDrpc4X46hJKjejg,py5lQUziTsE,103,10,5,unknown,2,0
20261008,UCSes4X8uDrpc4X46hJKjejg,py5lQUziTsE,104,5,5,unknown,1,1
20261008,UCSes4X8uDrpc4X46hJKjejg,py5lQUziTsE,105,5,7,5a3yAOl8dkk,1,0
20261008,UCSes4X8uDrpc4X46hJKjejg,py5lQUziTsE,104,4,7,ED6FcORJB1k,1,0
20261008,UCSes4X8uDrpc4X46hJKjejg,py5lQUziTsE,104,5,18,unknown,1,0
20261008,UCSes4X8uDrpc4X46hJKjejg,pzuZMo82Trs,104,5,3,what-to-watch,2,0
20261008,UCSes4X8uDrpc4X46hJKjejg,pzuZMo82Trs,101,2,4,UCSes4X8uDrpc4X46hJKjejg,1,0
20261008,UCSes4X8uDrpc4X46hJKjejg,pzuZMo82Trs,103,10,5,unknown,4,0
20261008,UCSes4X8uDrpc4X46hJKjejg,pzuZMo82Trs,102,26,7,QTLxYcH3TuE,1,0
20261008,UCSes4X8uDrpc4X46hJKjejg,pzuZMo82Trs,104,4,7,etIUbc9KC20,1,0
20261008,UCSes4X8uDrpc4X46hJKjejg,pzuZMo82Trs,101,2,14,PLf31PtVJbAek6cA7ZZjxoUeCOg-a32Azr,2,0
20261008,UCSes4X8uDrpc4X46hJKjejg,pzuZMo82Trs,104,5,18,unknown,2,0
20261008,UCSes4X8uDrpc4X46hJKjejg,qBCOejKY7EY,101,9,5,unknown,1,0
20261008,UCSes4X8uDrpc4X46hJKjejg,qBCOejKY7EY,101,9,14,PLX3ZLYz4-6vE2_ZNLW5AfzbHTd1jTskDl,1,0
20261008,UCSes4X8uDrpc4X46hJKjejg,qEYXSnVKLO0,101,2,3,what-to-watch,2,0
20261008,UCSes4X8uDrpc4X46hJKjejg,qEYXSnVKLO0,102,12,3,what-to-watch,1,0
20261008,UCSes4X8uDrpc4X46hJKjejg,qEYXSnVKLO0,101,9,5,unknown,1,0
20261008,UCSes4X8uDrpc4X46hJKjejg,qEYXSnVKLO0,101,9,14,PLX3ZLYz4-6vE2_ZNLW5AfzbHTd1jTskDl,1,0
20261008,UCSes4X8uDrpc4X46hJKjejg,qGEA7Su_LmU,104,5,5,unknown,1,0
20261008,UCSes4X8uDrpc4X46hJKjejg,qKk3hH95Two,104,4,3,what-to-watch,2,0
20261008,UCSes4X8uDrpc4X46hJKjejg,qKk3hH95Two,101,2,5,unknown,1,0
20261008,UCSes4X8uDrpc4X46hJKjejg,qKk3hH95Two,104,5,5,unknown,4,0.25
20261008,UCSes4X8uDrpc4X46hJKjejg,qLuB3oHGsWU,104,5,4,UCSes4X8uDrpc4X46hJKjejg,2,0
20261008,UCSes4X8uDrpc4X46hJKjejg,qMc2Kadj1PU,101,9,3,what-to-watch,1,0
20261008,UCSes4X8uDrpc4X46hJKjejg,qMc2Kadj1PU,102,1,3,what-to-watch,1,0
20261008,UCSes4X8uDrpc4X46hJKjejg,qMc2Kadj1PU,102,29,3,what-to-watch,1,0
20261008,UCSes4X8uDrpc4X46hJKjejg,qMc2Kadj1PU,104,5,3,what-to-watch,1,0
20261008,UCSes4X8uDrpc4X46hJKjejg,qMc2Kadj1PU,101,2,4,UCSes4X8uDrpc4X46hJKjejg,1,0
20261008,UCSes4X8uDrpc4X46hJKjejg,qMc2Kadj1PU,104,5,4,UCSes4X8uDrpc4X46hJKjejg,4,0
20261008,UCSes4X8uDrpc4X46hJKjejg,qMc2Kadj1PU,101,2,7,84XwX8zGUOk,1,0
20261008,UCSes4X8uDrpc4X46hJKjejg,qMc2Kadj1PU,104,5,7,RVXbLLuqYNo,1,0
20261008,UCSes4X8uDrpc4X46hJKjejg,qMc2Kadj1PU,102,26,7,pAfR8e1rJlM,1,0
20261008,UCSes4X8uDrpc4X46hJKjejg,qMc2Kadj1PU,104,4,18,unknown,2,0
20261008,UCSes4X8uDrpc4X46hJKjejg,qO4SOD4DAtk,101,2,4,UCSes4X8uDrpc4X46hJKjejg,1,0
20261008,UCSes4X8uDrpc4X46hJKjejg,qTi5JqNn970,101,2,3,what-to-watch,1,0
20261008,UCSes4X8uDrpc4X46hJKjejg,qTi5JqNn970,105,5,3,what-to-watch,4,0.25
20261008,UCSes4X8uDrpc4X46hJKjejg,qTi5JqNn970,101,9,5,unknown,1,0
20261008,UCSes4X8uDrpc4X46hJKjejg,qTi5JqNn970,102,4,5,unknown,1,0
20261008,UCSes4X8uDrpc4X46hJKjejg,qTi5JqNn970,104,4,5,unknown,1,0
20261008,UCSes4X8uDrpc4X46hJKjejg,qTi5JqNn970,104,5,5,unknown,1,0
20261008,UCSes4X8uDrpc4X46hJKjejg,qU2oucQ5kf8,101,9,5,unknown,1,0
20261008,UCSes4X8uDrpc4X46hJKjejg,qU5JlWqVBbY,104,5,3,what-to-watch,1,0
20261008,UCSes4X8uDrpc4X46hJKjejg,qaIJnMSi3gw,103,10,5,unknown,1,0
20261008,UCSes4X8uDrpc4X46hJKjejg,qeLoqfOi20A,104,5,4,UCSes4X8uDrpc4X46hJKjejg,4,0
20261008,UCSes4X8uDrpc4X46hJKjejg,qeLoqfOi20A,102,1,5,unknown,1,0
20261008,UCSes4X8uDrpc4X46hJKjejg,qeLoqfOi20A,104,4,5,unknown,1,0
20261008,UCSes4X8uDrpc4X46hJKjejg,qlXb_AjHL8w,101,9,5,unknown,1,0
20261008,UCSes4X8uDrpc4X46hJKjejg,qlXb_AjHL8w,101,9,14,PLX3ZLYz4-6vE2_ZNLW5AfzbHTd1jTskDl,1,0
20261008,UCSes4X8uDrpc4X46hJKjejg,qoU25qO9CkM,101,9,5,unknown,1,0
20261008,UCSes4X8uDrpc4X46hJKjejg,qoU25qO9CkM,101,9,14,PLX3ZLYz4-6vE2_ZNLW5AfzbHTd1jTskDl,1,0
20261008,UCSes4X8uDrpc4X46hJKjejg,qoZysSE0INM,104,4,4,UCSes4X8uDrpc4X46hJKjejg,1,0
20261008,UCSes4X8uDrpc4X46hJKjejg,r-QLsX098EI,101,2,5,unknown,1,0
20261008,UCSes4X8uDrpc4X46hJKjejg,r-QLsX098EI,104,5,5,unknown,1,0
20261008,UCSes4X8uDrpc4X46hJKjejg,r3aGCknlzac,104,5,5,unknown,1,0
20261008,UCSes4X8uDrpc4X46hJKjejg,rJTnVQepfqI,104,4,4,UCSes4X8uDrpc4X46hJKjejg,2,0
20261008,UCSes4X8uDrpc4X46hJKjejg,rLcZogKIZI4,101,2,4,UCSes4X8uDrpc4X46hJKjejg,1,0
20261008,UCSes4X8uDrpc4X46hJKjejg,rLcZogKIZI4,104,4,4,UCSes4X8uDrpc4X46hJKjejg,1,0
20261008,UCSes4X8uDrpc4X46hJKjejg,rLcZogKIZI4,104,5,4,UCSes4X8uDrpc4X46hJKjejg,1,0
20261008,UCSes4X8uDrpc4X46hJKjejg,rLcZogKIZI4,104,4,7,JwDkO74iC-w,1,0
20261008,UCSes4X8uDrpc4X46hJKjejg,rLcZogKIZI4,101,9,14,PLX3ZLYz4-6vE2_ZNLW5AfzbHTd1jTskDl,1,0
20261008,UCSes4X8uDrpc4X46hJKjejg,rLcZogKIZI4,104,4,14,PLX3ZLYz4-6vE2_ZNLW5AfzbHTd1jTskDl,8,0
20261008,UCSes4X8uDrpc4X46hJKjejg,rLcZogKIZI4,101,9,18,unknown,1,0
20261008,UCSes4X8uDrpc4X46hJKjejg,rLcZogKIZI4,104,4,18,unknown,2,0
20261008,UCSes4X8uDrpc4X46hJKjejg,rP97ZTg5coI,101,2,5,unknown,1,0
20261008,UCSes4X8uDrpc4X46hJKjejg,rP97ZTg5coI,102,26,5,unknown,1,0
20261008,UCSes4X8uDrpc4X46hJKjejg,rP97ZTg5coI,104,4,5,unknown,2,0
20261008,UCSes4X8uDrpc4X46hJKjejg,rP97ZTg5coI,104,5,5,unknown,6,0.16666666666666666
20261008,UCSes4X8uDrpc4X46hJKjejg,rQF33gNucNg,101,2,3,what-to-watch,3,0
20261008,UCSes4X8uDrpc4X46hJKjejg,rRDPCZymj50,101,9,5,unknown,1,0
20261008,UCSes4X8uDrpc4X46hJKjejg,rRDPCZymj50,101,9,14,PLX3ZLYz4-6vE2_ZNLW5AfzbHTd1jTskDl,2,0
20261008,UCSes4X8uDrpc4X46hJKjejg,rScJj_0-t-o,101,2,3,what-to-watch,2,0.5
20261008,UCSes4X8uDrpc4X46hJKjejg,rScJj_0-t-o,102,1,3,what-to-watch,1,0
20261008,UCSes4X8uDrpc4X46hJKjejg,rScJj_0-t-o,103,10,3,what-to-watch,1,0
20261008,UCSes4X8uDrpc4X46hJKjejg,rScJj_0-t-o,104,4,3,what-to-watch,1,0
20261008,UCSes4X8uDrpc4X46hJKjejg,rScJj_0-t-o,104,5,3,what-to-watch,2,0
20261008,UCSes4X8uDrpc4X46hJKjejg,rScJj_0-t-o,101,2,5,unknown,15,0
20261008,UCSes4X8uDrpc4X46hJKjejg,rScJj_0-t-o,101,9,5,unknown,9,0.1111111111111111
20261008,UCSes4X8uDrpc4X46hJKjejg,rScJj_0-t-o,102,1,5,unknown,1,0
20261008,UCSes4X8uDrpc4X46hJKjejg,rScJj_0-t-o,102,4,5,unknown,1,0
20261008,UCSes4X8uDrpc4X46hJKjejg,rScJj_0-t-o,102,19,5,unknown,2,0
20261008,UCSes4X8uDrpc4X46hJKjejg,rScJj_0-t-o,102,26,5,unknown,3,0
20261008,UCSes4X8uDrpc4X46hJKjejg,rScJj_0-t-o,102,28,5,unknown,1,0
20261008,UCSes4X8uDrpc4X46hJKjejg,rScJj_0-t-o,102,29,5,unknown,4,0.25
20261008,UCSes4X8uDrpc4X46hJKjejg,rScJj_0-t-o,104,4,5,unknown,32,0.0625
20261008,UCSes4X8uDrpc4X46hJKjejg,rScJj_0-t-o,104,5,5,unknown,23,0.043478260869565216
20261008,UCSes4X8uDrpc4X46hJKjejg,rScJj_0-t-o,105,5,5,unknown,1,0
20261008,UCSes4X8uDrpc4X46hJKjejg,rVYtKaa8quU,101,9,5,unknown,1,0
20261008,UCSes4X8uDrpc4X46hJKjejg,rVYtKaa8quU,104,4,5,unknown,1,0
20261008,UCSes4X8uDrpc4X46hJKjejg,rVYtKaa8quU,104,5,18,unknown,1,0
20261008,UCSes4X8uDrpc4X46hJKjejg,rVyl3bzFBcQ,101,2,4,UCSes4X8uDrpc4X46hJKjejg,1,0
20261008,UCSes4X8uDrpc4X46hJKjejg,rVyl3bzFBcQ,101,2,5,unknown,3,0
20261008,UCSes4X8uDrpc4X46hJKjejg,rVyl3bzFBcQ,101,9,5,unknown,1,0
20261008,UCSes4X8uDrpc4X46hJKjejg,rVyl3bzFBcQ,102,29,5,unknown,1,0
20261008,UCSes4X8uDrpc4X46hJKjejg,rVyl3bzFBcQ,103,10,5,unknown,1,0
20261008,UCSes4X8uDrpc4X46hJKjejg,rVyl3bzFBcQ,104,4,5,unknown,2,0
20261008,UCSes4X8uDrpc4X46hJKjejg,rVyl3bzFBcQ,104,5,5,unknown,10,0
20261008,UCSes4X8uDrpc4X46hJKjejg,rVyl3bzFBcQ,101,2,7,whpEUOSUZ4U,1,1
20261008,UCSes4X8uDrpc4X46hJKjejg,rVyl3bzFBcQ,104,5,7,xOrHP41v1rg,1,0
20261008,UCSes4X8uDrpc4X46hJKjejg,rVyl3bzFBcQ,104,5,14,PL0ygjpJqTg97UnYikVUXLQyrSCWuh5uqp,2,0
20261008,UCSes4X8uDrpc4X46hJKjejg,rVyl3bzFBcQ,101,9,18,unknown,1,0
20261008,UCSes4X8uDrpc4X46hJKjejg,rVyl3bzFBcQ,104,5,18,unknown,4,0
20261008,UCSes4X8uDrpc4X46hJKjejg,rWg2Ep67tzA,104,5,5,unknown,1,0
20261008,UCSes4X8uDrpc4X46hJKjejg,rWk18Mi8ogE,101,9,5,unknown,1,0
20261008,UCSes4X8uDrpc4X46hJKjejg,raTPEA_Z12U,104,4,5,unknown,1,0
20261008,UCSes4X8uDrpc4X46hJKjejg,rq61MdGS0U4,101,2,3,what-to-watch,1,1
20261008,UCSes4X8uDrpc4X46hJKjejg,rq61MdGS0U4,101,30,3,what-to-watch,2,0
20261008,UCSes4X8uDrpc4X46hJKjejg,rq61MdGS0U4,102,1,3,what-to-watch,1,0
20261008,UCSes4X8uDrpc4X46hJKjejg,rq61MdGS0U4,102,4,3,what-to-watch,4,0
20261008,UCSes4X8uDrpc4X46hJKjejg,rq61MdGS0U4,102,19,3,what-to-watch,9,0
20261008,UCSes4X8uDrpc4X46hJKjejg,rq61MdGS0U4,102,26,3,what-to-watch,12,0.083333333333333329
20261008,UCSes4X8uDrpc4X46hJKjejg,rq61MdGS0U4,102,28,3,what-to-watch,1,0
20261008,UCSes4X8uDrpc4X46hJKjejg,rq61MdGS0U4,102,29,3,what-to-watch,3,0
20261008,UCSes4X8uDrpc4X46hJKjejg,rq61MdGS0U4,103,10,3,what-to-watch,8,0
20261008,UCSes4X8uDrpc4X46hJKjejg,rq61MdGS0U4,103,17,3,what-to-watch,1,0
20261008,UCSes4X8uDrpc4X46hJKjejg,rq61MdGS0U4,104,4,3,what-to-watch,13,0
20261008,UCSes4X8uDrpc4X46hJKjejg,rq61MdGS0U4,104,5,3,what-to-watch,40,0.075
20261008,UCSes4X8uDrpc4X46hJKjejg,rq61MdGS0U4,105,5,3,what-to-watch,2,0
20261008,UCSes4X8uDrpc4X46hJKjejg,rq61MdGS0U4,101,2,4,UCSes4X8uDrpc4X46hJKjejg,1,0
20261008,UCSes4X8uDrpc4X46hJKjejg,rq61MdGS0U4,102,4,4,UCSes4X8uDrpc4X46hJKjejg,1,0
20261008,UCSes4X8uDrpc4X46hJKjejg,rq61MdGS0U4,101,2,5,unknown,3,0
20261008,UCSes4X8uDrpc4X46hJKjejg,rq61MdGS0U4,101,9,5,unknown,1,0
20261008,UCSes4X8uDrpc4X46hJKjejg,rq61MdGS0U4,102,4,5,unknown,2,0
20261008,UCSes4X8uDrpc4X46hJKjejg,rq61MdGS0U4,104,4,5,unknown,2,0
20261008,UCSes4X8uDrpc4X46hJKjejg,rq61MdGS0U4,104,5,5,unknown,6,0.16666666666666666
20261008,UCSes4X8uDrpc4X46hJKjejg,rq61MdGS0U4,101,9,7,1tazFO8dcI0,1,0
20261008,UCSes4X8uDrpc4X46hJKjejg,rq61MdGS0U4,104,5,7,4QSG2VjGPbc,1,0
20261008,UCSes4X8uDrpc4X46hJKjejg,rq61MdGS0U4,101,9,7,51rnf73Q1lE,1,0
20261008,UCSes4X8uDrpc4X46hJKjejg,rq61MdGS0U4,104,5,7,8SRvf1n88Lw,1,0
20261008,UCSes4X8uDrpc4X46hJKjejg,rq61MdGS0U4,104,5,7,E6VNxEIQ2d0,1,0
20261008,UCSes4X8uDrpc4X46hJKjejg,rq61MdGS0U4,101,2,7,Kt9N79-VlFo,1,0
20261008,UCSes4X8uDrpc4X46hJKjejg,rq61MdGS0U4,101,2,7,PWW8ccFwDyQ,1,0
20261008,UCSes4X8uDrpc4X46hJKjejg,rq61MdGS0U4,102,28,7,PWW8ccFwDyQ,1,1
20261008,UCSes4X8uDrpc4X46hJKjejg,rq61MdGS0U4,101,9,7,mQwI0yotbzM,1,0
20261008,UCSes4X8uDrpc4X46hJKjejg,rq61MdGS0U4,104,5,7,pynHr_Qtd38,1,0
20261008,UCSes4X8uDrpc4X46hJKjejg,rq61MdGS0U4,104,5,7,qKKqGbNouS8,1,0
20261008,UCSes4X8uDrpc4X46hJKjejg,rq61MdGS0U4,104,5,7,uXZRPKTB9Hg,1,0
20261008,UCSes4X8uDrpc4X46hJKjejg,rq61MdGS0U4,101,2,7,vSPup03Ad2c,1,0
20261008,UCSes4X8uDrpc4X46hJKjejg,rtwh9zppR8I,101,9,5,unknown,1,0
20261008,UCSes4X8uDrpc4X46hJKjejg,rtwh9zppR8I,101,9,14,PLX3ZLYz4-6vE2_ZNLW5AfzbHTd1jTskDl,1,0
20261008,UCSes4X8uDrpc4X46hJKjejg,rwP3U3UUnkU,104,4,3,what-to-watch,1,0
20261008,UCSes4X8uDrpc4X46hJKjejg,rwP3U3UUnkU,104,4,5,unknown,1,0
20261008,UCSes4X8uDrpc4X46hJKjejg,ryNj2capkCk,101,2,4,UCSes4X8uDrpc4X46hJKjejg,1,0
20261008,UCSes4X8uDrpc4X46hJKjejg,s3Usg_KDke0,104,5,5,unknown,3,0
20261008,UCSes4X8uDrpc4X46hJKjejg,s5FwywrEozM,104,5,3,what-to-watch,2,0
20261008,UCSes4X8uDrpc4X46hJKjejg,s5FwywrEozM,104,4,4,UCSes4X8uDrpc4X46hJKjejg,1,0
20261008,UCSes4X8uDrpc4X46hJKjejg,s5FwywrEozM,101,2,5,unknown,2,0
20261008,UCSes4X8uDrpc4X46hJKjejg,s5FwywrEozM,101,9,5,unknown,2,0
20261008,UCSes4X8uDrpc4X46hJKjejg,s5FwywrEozM,104,4,5,unknown,2,0.5
20261008,UCSes4X8uDrpc4X46hJKjejg,s5FwywrEozM,104,5,5,unknown,18,0.1111111111111111
20261008,UCSes4X8uDrpc4X46hJKjejg,s5FwywrEozM,105,5,5,unknown,2,0
20261008,UCSes4X8uDrpc4X46hJKjejg,s6QHHmvedEc,104,5,4,UCSes4X8uDrpc4X46hJKjejg,4,0
20261008,UCSes4X8uDrpc4X46hJKjejg,s6QHHmvedEc,101,2,18,unknown,1,0
20261008,UCSes4X8uDrpc4X46hJKjejg,sGp0GTGccKY,102,26,3,what-to-watch,1,0
20261008,UCSes4X8uDrpc4X46hJKjejg,sGp0GTGccKY,104,4,3,what-to-watch,1,0
20261008,UCSes4X8uDrpc4X46hJKjejg,sGp0GTGccKY,101,2,5,unknown,1,0
20261008,UCSes4X8uDrpc4X46hJKjejg,sGp0GTGccKY,102,1,5,unknown,2,0
20261008,UCSes4X8uDrpc4X46hJKjejg,sGp0GTGccKY,102,19,5,unknown,1,0
20261008,UCSes4X8uDrpc4X46hJKjejg,sGp0GTGccKY,102,26,5,unknown,3,0
20261008,UCSes4X8uDrpc4X46hJKjejg,sGp0GTGccKY,103,10,5,unknown,3,0
20261008,UCSes4X8uDrpc4X46hJKjejg,sGp0GTGccKY,104,4,5,unknown,9,0.1111111111111111
20261008,UCSes4X8uDrpc4X46hJKjejg,sGp0GTGccKY,104,5,5,unknown,3,0
20261008,UCSes4X8uDrpc4X46hJKjejg,sGp0GTGccKY,105,5,5,unknown,9,0
20261008,UCSes4X8uDrpc4X46hJKjejg,sHJ8SS8Jb54,104,4,4,UCSes4X8uDrpc4X46hJKjejg,2,0
20261008,UCSes4X8uDrpc4X46hJKjejg,sI-IyTlbW3o,101,2,4,UCSes4X8uDrpc4X46hJKjejg,1,0
20261008,UCSes4X8uDrpc4X46hJKjejg,sK4DIJDdEbI,104,4,3,what-to-watch,2,0
20261008,UCSes4X8uDrpc4X46hJKjejg,sK4DIJDdEbI,101,2,4,UCSes4X8uDrpc4X46hJKjejg,1,0
20261008,UCSes4X8uDrpc4X46hJKjejg,sK4DIJDdEbI,104,4,7,lii39a0y8AA,1,0
20261008,UCSes4X8uDrpc4X46hJKjejg,sL08eaLaAW4,104,4,5,unknown,1,0
20261008,UCSes4X8uDrpc4X46hJKjejg,sQ9HaauBcco,101,9,5,unknown,1,0
20261008,UCSes4X8uDrpc4X46hJKjejg,sQ9HaauBcco,101,9,14,PLX3ZLYz4-6vE2_ZNLW5AfzbHTd1jTskDl,2,0
20261008,UCSes4X8uDrpc4X46hJKjejg,sR7R7MNsPW0,101,2,5,unknown,1,0
20261008,UCSes4X8uDrpc4X46hJKjejg,sRIO-T5dRjA,101,2,3,what-to-watch,8,0
20261008,UCSes4X8uDrpc4X46hJKjejg,sRIO-T5dRjA,101,9,3,what-to-watch,6,0
20261008,UCSes4X8uDrpc4X46hJKjejg,sRIO-T5dRjA,101,30,3,what-to-watch,1,0
20261008,UCSes4X8uDrpc4X46hJKjejg,sRIO-T5dRjA,102,26,3,what-to-watch,6,0.16666666666666666
20261008,UCSes4X8uDrpc4X46hJKjejg,sRIO-T5dRjA,102,28,3,what-to-watch,1,0
20261008,UCSes4X8uDrpc4X46hJKjejg,sRIO-T5dRjA,104,4,3,what-to-watch,6,0
20261008,UCSes4X8uDrpc4X46hJKjejg,sRIO-T5dRjA,104,5,3,what-to-watch,24,0.16666666666666666
20261008,UCSes4X8uDrpc4X46hJKjejg,sRIO-T5dRjA,105,5,3,what-to-watch,9,0
20261008,UCSes4X8uDrpc4X46hJKjejg,sRIO-T5dRjA,101,2,5,unknown,15,0
20261008,UCSes4X8uDrpc4X46hJKjejg,sRIO-T5dRjA,101,9,5,unknown,7,0
20261008,UCSes4X8uDrpc4X46hJKjejg,sRIO-T5dRjA,101,30,5,unknown,7,0
20261008,UCSes4X8uDrpc4X46hJKjejg,sRIO-T5dRjA,102,1,5,unknown,6,0.16666666666666666
20261008,UCSes4X8uDrpc4X46hJKjejg,sRIO-T5dRjA,102,12,5,unknown,7,0.14285714285714285
20261008,UCSes4X8uDrpc4X46hJKjejg,sRIO-T5dRjA,102,19,5,unknown,2,0
20261008,UCSes4X8uDrpc4X46hJKjejg,sRIO-T5dRjA,102,26,5,unknown,1,0
20261008,UCSes4X8uDrpc4X46hJKjejg,sRIO-T5dRjA,102,28,5,unknown,1,0
20261008,UCSes4X8uDrpc4X46hJKjejg,sRIO-T5dRjA,102,29,5,unknown,3,0
20261008,UCSes4X8uDrpc4X46hJKjejg,sRIO-T5dRjA,103,10,5,unknown,9,0.1111111111111111
20261008,UCSes4X8uDrpc4X46hJKjejg,sRIO-T5dRjA,104,4,5,unknown,52,0.076923076923076927
20261008,UCSes4X8uDrpc4X46hJKjejg,sRIO-T5dRjA,104,5,5,unknown,70,0.085714285714285715
20261008,UCSes4X8uDrpc4X46hJKjejg,sRIO-T5dRjA,105,5,5,unknown,12,0.083333333333333329
20261008,UCSes4X8uDrpc4X46hJKjejg,sSk8Wbq_85Q,102,29,3,what-to-watch,1,0
20261008,UCSes4X8uDrpc4X46hJKjejg,sSk8Wbq_85Q,104,5,3,what-to-watch,1,0
20261008,UCSes4X8uDrpc4X46hJKjejg,sSk8Wbq_85Q,101,2,4,UCSes4X8uDrpc4X46hJKjejg,1,0
20261008,UCSes4X8uDrpc4X46hJKjejg,sULhs9L9vRk,101,9,4,UCSes4X8uDrpc4X46hJKjejg,1,0
20261008,UCSes4X8uDrpc4X46hJKjejg,sULhs9L9vRk,104,4,4,UCSes4X8uDrpc4X46hJKjejg,1,0
20261008,UCSes4X8uDrpc4X46hJKjejg,sULhs9L9vRk,104,4,5,unknown,2,0
20261008,UCSes4X8uDrpc4X46hJKjejg,sc2QVbRxxV8,101,2,4,UCSes4X8uDrpc4X46hJKjejg,1,1
20261008,UCSes4X8uDrpc4X46hJKjejg,sc2QVbRxxV8,101,9,4,UCSes4X8uDrpc4X46hJKjejg,1,0
20261008,UCSes4X8uDrpc4X46hJKjejg,sc2QVbRxxV8,104,4,4,UCSes4X8uDrpc4X46hJKjejg,11,0.090909090909090912
20261008,UCSes4X8uDrpc4X46hJKjejg,sc2QVbRxxV8,104,5,4,UCSes4X8uDrpc4X46hJKjejg,3,0
20261008,UCSes4X8uDrpc4X46hJKjejg,sc2QVbRxxV8,101,2,5,unknown,1,0
20261008,UCSes4X8uDrpc4X46hJKjejg,sc2QVbRxxV8,101,9,5,unknown,1,0
20261008,UCSes4X8uDrpc4X46hJKjejg,sc2QVbRxxV8,102,19,5,unknown,3,0.33333333333333331
20261008,UCSes4X8uDrpc4X46hJKjejg,sc2QVbRxxV8,104,4,5,unknown,1,0
20261008,UCSes4X8uDrpc4X46hJKjejg,sc2QVbRxxV8,104,5,5,unknown,9,0
20261008,UCSes4X8uDrpc4X46hJKjejg,sfqmr0gTLuc,101,2,5,unknown,4,0
20261008,UCSes4X8uDrpc4X46hJKjejg,sfqmr0gTLuc,102,26,5,unknown,1,0
20261008,UCSes4X8uDrpc4X46hJKjejg,sfqmr0gTLuc,104,4,5,unknown,1,0
20261008,UCSes4X8uDrpc4X46hJKjejg,sfqmr0gTLuc,104,5,5,unknown,1,1
20261008,UCSes4X8uDrpc4X46hJKjejg,sggGghEhkSw,101,9,4,UCSes4X8uDrpc4X46hJKjejg,1,0
20261008,UCSes4X8uDrpc4X46hJKjejg,sggGghEhkSw,104,4,4,UCSes4X8uDrpc4X46hJKjejg,2,0
20261008,UCSes4X8uDrpc4X46hJKjejg,sggGghEhkSw,104,5,4,UCSes4X8uDrpc4X46hJKjejg,2,0
20261008,UCSes4X8uDrpc4X46hJKjejg,sggGghEhkSw,101,2,5,unknown,1,0
20261008,UCSes4X8uDrpc4X46hJKjejg,sggGghEhkSw,101,9,5,unknown,1,0
20261008,UCSes4X8uDrpc4X46hJKjejg,ssyJmaoH1SI,101,2,5,unknown,2,0
20261008,UCSes4X8uDrpc4X46hJKjejg,ssyJmaoH1SI,102,28,5,unknown,2,0
20261008,UCSes4X8uDrpc4X46hJKjejg,ssyJmaoH1SI,104,5,5,unknown,1,0
20261008,UCSes4X8uDrpc4X46hJKjejg,sw4NTTJpYCY,104,4,4,UCSes4X8uDrpc4X46hJKjejg,1,0
20261008,UCSes4X8uDrpc4X46hJKjejg,sw4NTTJpYCY,104,5,18,unknown,1,0
20261008,UCSes4X8uDrpc4X46hJKjejg,szFfkOGmtbQ,102,29,7,0DvjvaMG8RQ,1,0
20261008,UCSes4X8uDrpc4X46hJKjejg,szFfkOGmtbQ,101,9,14,PLX3ZLYz4-6vE2_ZNLW5AfzbHTd1jTskDl,1,0
20261008,UCSes4X8uDrpc4X46hJKjejg,szFfkOGmtbQ,104,4,14,PLX3ZLYz4-6vE2_ZNLW5AfzbHTd1jTskDl,3,0
20261008,UCSes4X8uDrpc4X46hJKjejg,szFfkOGmtbQ,101,9,18,unknown,1,0
20261008,UCSes4X8uDrpc4X46hJKjejg,szFfkOGmtbQ,104,4,18,unknown,2,0
20261008,UCSes4X8uDrpc4X46hJKjejg,t1CdkeoiPFE,101,2,4,UCSes4X8uDrpc4X46hJKjejg,1,0
20261008,UCSes4X8uDrpc4X46hJKjejg,t32SZxSfxx4,101,9,5,unknown,1,0
20261008,UCSes4X8uDrpc4X46hJKjejg,t32SZxSfxx4,101,9,14,PLX3ZLYz4-6vE2_ZNLW5AfzbHTd1jTskDl,1,0
20261008,UCSes4X8uDrpc4X46hJKjejg,t41Git-3nRA,104,4,4,UCSes4X8uDrpc4X46hJKjejg,2,0
20261008,UCSes4X8uDrpc4X46hJKjejg,tBjNM2mKPtg,104,5,3,what-to-watch,2,0
20261008,UCSes4X8uDrpc4X46hJKjejg,tBjNM2mKPtg,101,2,5,unknown,1,0
20261008,UCSes4X8uDrpc4X46hJKjejg,tBjNM2mKPtg,104,4,5,unknown,1,0
20261008,UCSes4X8uDrpc4X46hJKjejg,tBjNM2mKPtg,104,5,5,unknown,12,0.083333333333333329
20261008,UCSes4X8uDrpc4X46hJKjejg,tClKK73qgow,101,2,4,UCSes4X8uDrpc4X46hJKjejg,1,0
20261008,UCSes4X8uDrpc4X46hJKjejg,tClKK73qgow,105,5,18,unknown,1,0
20261008,UCSes4X8uDrpc4X46hJKjejg,tGMPKypvB1k,101,2,4,UCSes4X8uDrpc4X46hJKjejg,1,0
20261008,UCSes4X8uDrpc4X46hJKjejg,tGMPKypvB1k,101,9,5,unknown,1,0
20261008,UCSes4X8uDrpc4X46hJKjejg,tIFk16TQrU4,101,2,4,UCSes4X8uDrpc4X46hJKjejg,2,0
20261008,UCSes4X8uDrpc4X46hJKjejg,tIFk16TQrU4,101,9,4,UCSes4X8uDrpc4X46hJKjejg,1,0
20261008,UCSes4X8uDrpc4X46hJKjejg,tIFk16TQrU4,102,26,4,UCSes4X8uDrpc4X46hJKjejg,1,0
20261008,UCSes4X8uDrpc4X46hJKjejg,tIFk16TQrU4,104,4,4,UCSes4X8uDrpc4X46hJKjejg,24,0
20261008,UCSes4X8uDrpc4X46hJKjejg,tIFk16TQrU4,104,5,4,UCSes4X8uDrpc4X46hJKjejg,7,0
20261008,UCSes4X8uDrpc4X46hJKjejg,tIFk16TQrU4,105,5,5,unknown,1,0
20261008,UCSes4X8uDrpc4X46hJKjejg,tIFk16TQrU4,104,5,18,unknown,3,0
20261008,UCSes4X8uDrpc4X46hJKjejg,tK83GXDDr_0,104,4,5,unknown,2,0
20261008,UCSes4X8uDrpc4X46hJKjejg,tK83GXDDr_0,104,5,5,unknown,2,0
20261008,UCSes4X8uDrpc4X46hJKjejg,tVeFZEpG488,104,5,3,what-to-watch,2,0.5
20261008,UCSes4X8uDrpc4X46hJKjejg,tVeFZEpG488,101,2,5,unknown,1,0
20261008,UCSes4X8uDrpc4X46hJKjejg,tVeFZEpG488,104,4,5,unknown,3,0
20261008,UCSes4X8uDrpc4X46hJKjejg,tVeFZEpG488,104,5,5,unknown,5,0
20261008,UCSes4X8uDrpc4X46hJKjejg,tW5MU50qt0A,101,9,5,unknown,1,0
20261008,UCSes4X8uDrpc4X46hJKjejg,tW5MU50qt0A,104,4,5,unknown,2,0.5
20261008,UCSes4X8uDrpc4X46hJKjejg,tf84XapqIYo,101,2,4,UCSes4X8uDrpc4X46hJKjejg,1,0
20261008,UCSes4X8uDrpc4X46hJKjejg,tf84XapqIYo,104,5,4,UCSes4X8uDrpc4X46hJKjejg,1,0
20261008,UCSes4X8uDrpc4X46hJKjejg,tl_kEy-8WPA,102,4,3,what-to-watch,2,0.5
20261008,UCSes4X8uDrpc4X46hJKjejg,tl_kEy-8WPA,102,26,3,what-to-watch,3,0
20261008,UCSes4X8uDrpc4X46hJKjejg,tl_kEy-8WPA,104,4,3,what-to-watch,1,0
20261008,UCSes4X8uDrpc4X46hJKjejg,tl_kEy-8WPA,101,9,5,unknown,3,0.66666666666666663
20261008,UCSes4X8uDrpc4X46hJKjejg,tl_kEy-8WPA,104,5,5,unknown,1,0
20261008,UCSes4X8uDrpc4X46hJKjejg,tl_kEy-8WPA,104,5,7,r40heN0agxk,1,0
20261008,UCSes4X8uDrpc4X46hJKjejg,topEr53DzlQ,104,5,4,UCSes4X8uDrpc4X46hJKjejg,4,0
20261008,UCSes4X8uDrpc4X46hJKjejg,ttBqrtUC078,101,2,5,unknown,1,0
20261008,UCSes4X8uDrpc4X46hJKjejg,ttBqrtUC078,101,30,5,unknown,2,0
20261008,UCSes4X8uDrpc4X46hJKjejg,tvcu9WeDJD4,101,2,3,what-to-watch,10,0
20261008,UCSes4X8uDrpc4X46hJKjejg,tvcu9WeDJD4,101,9,3,what-to-watch,4,0
20261008,UCSes4X8uDrpc4X46hJKjejg,tvcu9WeDJD4,101,30,3,what-to-watch,3,0
20261008,UCSes4X8uDrpc4X46hJKjejg,tvcu9WeDJD4,102,1,3,what-to-watch,2,0
20261008,UCSes4X8uDrpc4X46hJKjejg,tvcu9WeDJD4,102,4,3,what-to-watch,3,0
20261008,UCSes4X8uDrpc4X46hJKjejg,tvcu9WeDJD4,102,12,3,what-to-watch,1,0
20261008,UCSes4X8uDrpc4X46hJKjejg,tvcu9WeDJD4,102,19,3,what-to-watch,1,0
20261008,UCSes4X8uDrpc4X46hJKjejg,tvcu9WeDJD4,102,28,3,what-to-watch,2,0
20261008,UCSes4X8uDrpc4X46hJKjejg,tvcu9WeDJD4,102,29,3,what-to-watch,1,0
20261008,UCSes4X8uDrpc4X46hJKjejg,tvcu9WeDJD4,102,31,3,what-to-watch,1,0
20261008,UCSes4X8uDrpc4X46hJKjejg,tvcu9WeDJD4,104,4,3,what-to-watch,10,0
20261008,UCSes4X8uDrpc4X46hJKjejg,tvcu9WeDJD4,104,5,3,what-to-watch,6,0
20261008,UCSes4X8uDrpc4X46hJKjejg,tvcu9WeDJD4,105,5,3,what-to-watch,8,0
20261008,UCSes4X8uDrpc4X46hJKjejg,tvcu9WeDJD4,104,4,5,unknown,1,0
20261008,UCSes4X8uDrpc4X46hJKjejg,tvcu9WeDJD4,104,5,5,unknown,1,0
20261008,UCSes4X8uDrpc4X46hJKjejg,tvcu9WeDJD4,104,4,7,HtyvdjYvtwg,1,1
20261008,UCSes4X8uDrpc4X46hJKjejg,tvcu9WeDJD4,101,2,7,KctwaaZZZaQ,1,0
20261008,UCSes4X8uDrpc4X46hJKjejg,tvcu9WeDJD4,101,2,7,Lr9KS4BwoOI,1,0
20261008,UCSes4X8uDrpc4X46hJKjejg,tvcu9WeDJD4,101,2,7,NYDGA3sVQrA,1,0
20261008,UCSes4X8uDrpc4X46hJKjejg,tvcu9WeDJD4,101,2,7,YRTnITTc6qA,1,0
20261008,UCSes4X8uDrpc4X46hJKjejg,tvcu9WeDJD4,104,4,7,YRTnITTc6qA,1,0
20261008,UCSes4X8uDrpc4X46hJKjejg,tvcu9WeDJD4,101,2,7,gJKtxTdeatg,1,0
20261008,UCSes4X8uDrpc4X46hJKjejg,tvcu9WeDJD4,101,9,7,k4-t8XMp-wg,1,0
20261008,UCSes4X8uDrpc4X46hJKjejg,tvcu9WeDJD4,101,2,7,r_4sSyW-t2U,1,0
20261008,UCSes4X8uDrpc4X46hJKjejg,tvcuHq0BURI,104,5,3,what-to-watch,1,0
20261008,UCSes4X8uDrpc4X46hJKjejg,tvcuHq0BURI,101,9,5,unknown,1,0
20261008,UCSes4X8uDrpc4X46hJKjejg,tvcuHq0BURI,101,9,14,PLX3ZLYz4-6vE2_ZNLW5AfzbHTd1jTskDl,1,0
20261008,UCSes4X8uDrpc4X46hJKjejg,u2btQrTAuAo,104,4,3,what-to-watch,2,0
20261008,UCSes4X8uDrpc4X46hJKjejg,u2btQrTAuAo,101,2,5,unknown,5,0
20261008,UCSes4X8uDrpc4X46hJKjejg,u2btQrTAuAo,102,29,5,unknown,1,0
20261008,UCSes4X8uDrpc4X46hJKjejg,u2btQrTAuAo,103,17,5,unknown,1,0
20261008,UCSes4X8uDrpc4X46hJKjejg,u2btQrTAuAo,104,4,5,unknown,18,0.055555555555555552
20261008,UCSes4X8uDrpc4X46hJKjejg,u2btQrTAuAo,104,5,5,unknown,12,0
20261008,UCSes4X8uDrpc4X46hJKjejg,u2btQrTAuAo,105,5,5,unknown,1,0
20261008,UCSes4X8uDrpc4X46hJKjejg,u9yo-7_Ly7M,102,4,3,what-to-watch,1,0
20261008,UCSes4X8uDrpc4X46hJKjejg,u9yo-7_Ly7M,104,4,3,what-to-watch,1,1
20261008,UCSes4X8uDrpc4X46hJKjejg,u9yo-7_Ly7M,104,5,3,what-to-watch,1,0
20261008,UCSes4X8uDrpc4X46hJKjejg,u9yo-7_Ly7M,101,2,4,UCSes4X8uDrpc4X46hJKjejg,3,0
20261008,UCSes4X8uDrpc4X46hJKjejg,u9yo-7_Ly7M,101,9,4,UCSes4X8uDrpc4X46hJKjejg,2,0
20261008,UCSes4X8uDrpc4X46hJKjejg,u9yo-7_Ly7M,101,30,4,UCSes4X8uDrpc4X46hJKjejg,1,0
20261008,UCSes4X8uDrpc4X46hJKjejg,u9yo-7_Ly7M,104,4,4,UCSes4X8uDrpc4X46hJKjejg,8,0
20261008,UCSes4X8uDrpc4X46hJKjejg,u9yo-7_Ly7M,104,5,4,UCSes4X8uDrpc4X46hJKjejg,9,0
20261008,UCSes4X8uDrpc4X46hJKjejg,u9yo-7_Ly7M,101,2,5,unknown,2,0
20261008,UCSes4X8uDrpc4X46hJKjejg,u9yo-7_Ly7M,102,1,5,unknown,2,0
20261008,UCSes4X8uDrpc4X46hJKjejg,u9yo-7_Ly7M,102,12,5,unknown,2,0
20261008,UCSes4X8uDrpc4X46hJKjejg,u9yo-7_Ly7M,102,19,5,unknown,2,0
20261008,UCSes4X8uDrpc4X46hJKjejg,u9yo-7_Ly7M,102,26,5,unknown,4,0.25
20261008,UCSes4X8uDrpc4X46hJKjejg,u9yo-7_Ly7M,102,29,5,unknown,1,0
20261008,UCSes4X8uDrpc4X46hJKjejg,u9yo-7_Ly7M,104,4,5,unknown,8,0.125
20261008,UCSes4X8uDrpc4X46hJKjejg,u9yo-7_Ly7M,104,5,5,unknown,17,0
20261008,UCSes4X8uDrpc4X46hJKjejg,u9yo-7_Ly7M,102,26,18,unknown,1,0
20261008,UCSes4X8uDrpc4X46hJKjejg,u9yo-7_Ly7M,104,5,18,unknown,1,0
20261008,UCSes4X8uDrpc4X46hJKjejg,uFRBm6GmkwU,105,5,3,what-to-watch,1,0
20261008,UCSes4X8uDrpc4X46hJKjejg,uFRBm6GmkwU,101,2,4,UCSes4X8uDrpc4X46hJKjejg,1,0
20261008,UCSes4X8uDrpc4X46hJKjejg,uIsZIymUeV8,101,9,5,unknown,1,0
20261008,UCSes4X8uDrpc4X46hJKjejg,uIsZIymUeV8,101,9,14,PLX3ZLYz4-6vE2_ZNLW5AfzbHTd1jTskDl,2,0
20261008,UCSes4X8uDrpc4X46hJKjejg,uLvBNTqQyzc,104,4,5,unknown,1,0
20261008,UCSes4X8uDrpc4X46hJKjejg,uVwhhOZH0kg,104,4,4,UCSes4X8uDrpc4X46hJKjejg,1,0
20261008,UCSes4X8uDrpc4X46hJKjejg,uVwhhOZH0kg,102,26,5,unknown,2,0.5
20261008,UCSes4X8uDrpc4X46hJKjejg,uXCHsBjtupk,101,2,3,what-to-watch,1,0
20261008,UCSes4X8uDrpc4X46hJKjejg,ucRjrdfhIx0,101,2,4,UCSes4X8uDrpc4X46hJKjejg,1,0
20261008,UCSes4X8uDrpc4X46hJKjejg,ucRjrdfhIx0,101,9,5,unknown,1,0
20261008,UCSes4X8uDrpc4X46hJKjejg,ucRjrdfhIx0,101,9,14,PLX3ZLYz4-6vE2_ZNLW5AfzbHTd1jTskDl,1,0
20261008,UCSes4X8uDrpc4X46hJKjejg,uhWHUsFf2pM,101,2,5,unknown,1,0
20261008,UCSes4X8uDrpc4X46hJKjejg,uhWHUsFf2pM,104,4,5,unknown,3,0
20261008,UCSes4X8uDrpc4X46hJKjejg,uhWHUsFf2pM,104,5,5,unknown,1,0
20261008,UCSes4X8uDrpc4X46hJKjejg,ujBjVS1BU4E,102,1,3,what-to-watch,1,0
20261008,UCSes4X8uDrpc4X46hJKjejg,ujBjVS1BU4E,102,4,3,what-to-watch,1,0
20261008,UCSes4X8uDrpc4X46hJKjejg,ujBjVS1BU4E,102,19,3,what-to-watch,1,0
20261008,UCSes4X8uDrpc4X46hJKjejg,ujBjVS1BU4E,102,26,3,what-to-watch,1,0
20261008,UCSes4X8uDrpc4X46hJKjejg,ujBjVS1BU4E,102,29,3,what-to-watch,1,0
20261008,UCSes4X8uDrpc4X46hJKjejg,ujBjVS1BU4E,103,17,3,what-to-watch,1,0
20261008,UCSes4X8uDrpc4X46hJKjejg,ujBjVS1BU4E,104,5,3,what-to-watch,2,0
20261008,UCSes4X8uDrpc4X46hJKjejg,unXcLd0tsDU,101,2,4,UCSes4X8uDrpc4X46hJKjejg,1,0
20261008,UCSes4X8uDrpc4X46hJKjejg,unXcLd0tsDU,101,9,5,unknown,1,0
20261008,UCSes4X8uDrpc4X46hJKjejg,unXcLd0tsDU,101,9,14,PLX3ZLYz4-6vE2_ZNLW5AfzbHTd1jTskDl,1,0
20261008,UCSes4X8uDrpc4X46hJKjejg,unimgWGUpHM,104,5,3,/my_subscriptions,1,0
20261008,UCSes4X8uDrpc4X46hJKjejg,unimgWGUpHM,101,2,4,UCSes4X8uDrpc4X46hJKjejg,2,0
20261008,UCSes4X8uDrpc4X46hJKjejg,unimgWGUpHM,101,9,4,UCSes4X8uDrpc4X46hJKjejg,1,0
20261008,UCSes4X8uDrpc4X46hJKjejg,unimgWGUpHM,102,26,4,UCSes4X8uDrpc4X46hJKjejg,1,0
20261008,UCSes4X8uDrpc4X46hJKjejg,unimgWGUpHM,104,4,4,UCSes4X8uDrpc4X46hJKjejg,50,0.02
20261008,UCSes4X8uDrpc4X46hJKjejg,unimgWGUpHM,104,5,4,UCSes4X8uDrpc4X46hJKjejg,16,0
20261008,UCSes4X8uDrpc4X46hJKjejg,unimgWGUpHM,105,5,4,UCSes4X8uDrpc4X46hJKjejg,1,0
20261008,UCSes4X8uDrpc4X46hJKjejg,unimgWGUpHM,101,2,5,unknown,1,0
20261008,UCSes4X8uDrpc4X46hJKjejg,unimgWGUpHM,104,5,5,unknown,1,0
20261008,UCSes4X8uDrpc4X46hJKjejg,unimgWGUpHM,104,4,18,unknown,5,0
20261008,UCSes4X8uDrpc4X46hJKjejg,uuiJRIzZ7xA,104,4,4,UCSes4X8uDrpc4X46hJKjejg,2,0
20261008,UCSes4X8uDrpc4X46hJKjejg,uuiJRIzZ7xA,101,2,5,unknown,1,0
20261008,UCSes4X8uDrpc4X46hJKjejg,uuiJRIzZ7xA,101,9,5,unknown,1,0
20261008,UCSes4X8uDrpc4X46hJKjejg,uuiJRIzZ7xA,104,5,14,my-likes,1,0
20261008,UCSes4X8uDrpc4X46hJKjejg,uzUBO8cpUC0,104,4,3,what-to-watch,2,0
20261008,UCSes4X8uDrpc4X46hJKjejg,uzUBO8cpUC0,101,2,5,unknown,2,0
20261008,UCSes4X8uDrpc4X46hJKjejg,uzUBO8cpUC0,101,9,5,unknown,3,0
20261008,UCSes4X8uDrpc4X46hJKjejg,uzUBO8cpUC0,102,4,5,unknown,4,0.25
20261008,UCSes4X8uDrpc4X46hJKjejg,uzUBO8cpUC0,102,29,5,unknown,2,0
20261008,UCSes4X8uDrpc4X46hJKjejg,uzUBO8cpUC0,103,10,5,unknown,2,0
20261008,UCSes4X8uDrpc4X46hJKjejg,uzUBO8cpUC0,103,17,5,unknown,3,0.33333333333333331
20261008,UCSes4X8uDrpc4X46hJKjejg,uzUBO8cpUC0,104,4,5,unknown,3,0
20261008,UCSes4X8uDrpc4X46hJKjejg,uzUBO8cpUC0,104,5,5,unknown,3,0
20261008,UCSes4X8uDrpc4X46hJKjejg,uzUBO8cpUC0,105,5,5,unknown,2,0
20261008,UCSes4X8uDrpc4X46hJKjejg,vHkzOUBKVKM,104,4,5,unknown,1,0
20261008,UCSes4X8uDrpc4X46hJKjejg,vI8X-ubqhfI,104,5,5,unknown,1,0
20261008,UCSes4X8uDrpc4X46hJKjejg,vLeq505vG28,101,9,4,UCSes4X8uDrpc4X46hJKjejg,1,0
20261008,UCSes4X8uDrpc4X46hJKjejg,vLeq505vG28,104,4,4,UCSes4X8uDrpc4X46hJKjejg,1,0
20261008,UCSes4X8uDrpc4X46hJKjejg,vLeq505vG28,101,2,5,unknown,1,0
20261008,UCSes4X8uDrpc4X46hJKjejg,vTUyXDWCdks,104,5,5,unknown,1,0
20261008,UCSes4X8uDrpc4X46hJKjejg,vTUyXDWCdks,105,5,5,unknown,1,0
20261008,UCSes4X8uDrpc4X46hJKjejg,vW8o5Ub0qRA,101,2,4,UCSes4X8uDrpc4X46hJKjejg,1,0
20261008,UCSes4X8uDrpc4X46hJKjejg,vWnZq_E055A,101,9,5,unknown,1,0
20261008,UCSes4X8uDrpc4X46hJKjejg,vYHpYbDk4Tg,104,4,4,UCSes4X8uDrpc4X46hJKjejg,1,0
20261008,UCSes4X8uDrpc4X46hJKjejg,vYHpYbDk4Tg,101,2,5,unknown,2,0
20261008,UCSes4X8uDrpc4X46hJKjejg,vYHpYbDk4Tg,102,19,5,unknown,2,0
20261008,UCSes4X8uDrpc4X46hJKjejg,vYHpYbDk4Tg,102,28,5,unknown,3,0
20261008,UCSes4X8uDrpc4X46hJKjejg,vYHpYbDk4Tg,102,29,5,unknown,1,0
20261008,UCSes4X8uDrpc4X46hJKjejg,vYHpYbDk4Tg,103,17,5,unknown,1,0
20261008,UCSes4X8uDrpc4X46hJKjejg,vYHpYbDk4Tg,104,5,5,unknown,17,0.058823529411764705
20261008,UCSes4X8uDrpc4X46hJKjejg,vYHpYbDk4Tg,105,5,5,unknown,2,0
20261008,UCSes4X8uDrpc4X46hJKjejg,vZiLgAOkJ08,101,30,3,what-to-watch,1,0
20261008,UCSes4X8uDrpc4X46hJKjejg,vZiLgAOkJ08,102,4,3,what-to-watch,1,0
20261008,UCSes4X8uDrpc4X46hJKjejg,vZiLgAOkJ08,105,5,3,what-to-watch,1,0
20261008,UCSes4X8uDrpc4X46hJKjejg,vZiLgAOkJ08,101,9,5,unknown,1,0
20261008,UCSes4X8uDrpc4X46hJKjejg,vZiLgAOkJ08,101,9,14,PLX3ZLYz4-6vE2_ZNLW5AfzbHTd1jTskDl,1,0
20261008,UCSes4X8uDrpc4X46hJKjejg,vdToKs_OW3M,101,9,14,PLX3ZLYz4-6vE2_ZNLW5AfzbHTd1jTskDl,2,0
20261008,UCSes4X8uDrpc4X46hJKjejg,vdToKs_OW3M,101,9,18,unknown,2,0
20261008,UCSes4X8uDrpc4X46hJKjejg,vdToKs_OW3M,104,4,18,unknown,1,0
20261008,UCSes4X8uDrpc4X46hJKjejg,vgg8-8HkNsM,104,5,5,unknown,2,0
20261008,UCSes4X8uDrpc4X46hJKjejg,vi8iKo2yzxA,102,28,5,unknown,1,0
20261008,UCSes4X8uDrpc4X46hJKjejg,vi8iKo2yzxA,104,4,5,unknown,9,0.22222222222222221
20261008,UCSes4X8uDrpc4X46hJKjejg,vi8iKo2yzxA,104,5,5,unknown,3,0.33333333333333331
20261008,UCSes4X8uDrpc4X46hJKjejg,vie8zbHHt-s,104,5,4,UCSes4X8uDrpc4X46hJKjejg,2,0
20261008,UCSes4X8uDrpc4X46hJKjejg,vie8zbHHt-s,102,26,5,unknown,2,0
20261008,UCSes4X8uDrpc4X46hJKjejg,vie8zbHHt-s,104,5,5,unknown,1,0
20261008,UCSes4X8uDrpc4X46hJKjejg,vj-zD3xWILM,101,2,3,what-to-watch,1,0
20261008,UCSes4X8uDrpc4X46hJKjejg,vj-zD3xWILM,104,4,3,what-to-watch,2,0
20261008,UCSes4X8uDrpc4X46hJKjejg,vj-zD3xWILM,104,5,7,YCpr7xpmnJg,1,0
20261008,UCSes4X8uDrpc4X46hJKjejg,vjaPix9JaOk,101,2,5,unknown,6,0
20261008,UCSes4X8uDrpc4X46hJKjejg,vjaPix9JaOk,104,4,5,unknown,1,0
20261008,UCSes4X8uDrpc4X46hJKjejg,vjaPix9JaOk,104,5,5,unknown,5,0
20261008,UCSes4X8uDrpc4X46hJKjejg,vn7Tpqs4HIk,103,10,5,unknown,1,0
20261008,UCSes4X8uDrpc4X46hJKjejg,vn7Tpqs4HIk,104,4,5,unknown,1,0
20261008,UCSes4X8uDrpc4X46hJKjejg,vuDd5XpvqVA,104,4,3,what-to-watch,1,0
20261008,UCSes4X8uDrpc4X46hJKjejg,vuDd5XpvqVA,104,4,5,unknown,1,0
20261008,UCSes4X8uDrpc4X46hJKjejg,vuDd5XpvqVA,104,5,5,unknown,1,0
20261008,UCSes4X8uDrpc4X46hJKjejg,vw9rWx5Wp2A,101,2,4,UCSes4X8uDrpc4X46hJKjejg,1,0
20261008,UCSes4X8uDrpc4X46hJKjejg,vw9rWx5Wp2A,102,26,18,unknown,1,0
20261008,UCSes4X8uDrpc4X46hJKjejg,w-ADzrijIv4,104,5,18,unknown,1,0
20261008,UCSes4X8uDrpc4X46hJKjejg,w2hlp4NLzTs,104,5,5,unknown,4,0
20261008,UCSes4X8uDrpc4X46hJKjejg,w6FpsC8PtTg,101,9,4,UCSes4X8uDrpc4X46hJKjejg,1,0
20261008,UCSes4X8uDrpc4X46hJKjejg,w6FpsC8PtTg,104,4,4,UCSes4X8uDrpc4X46hJKjejg,2,0
20261008,UCSes4X8uDrpc4X46hJKjejg,w6FpsC8PtTg,104,5,4,UCSes4X8uDrpc4X46hJKjejg,2,0
20261008,UCSes4X8uDrpc4X46hJKjejg,w7zDbaUyytM,101,2,4,UCSes4X8uDrpc4X46hJKjejg,1,0
20261008,UCSes4X8uDrpc4X46hJKjejg,w7zDbaUyytM,101,9,5,unknown,2,0
20261008,UCSes4X8uDrpc4X46hJKjejg,w7zDbaUyytM,101,9,14,PLX3ZLYz4-6vE2_ZNLW5AfzbHTd1jTskDl,2,0
20261008,UCSes4X8uDrpc4X46hJKjejg,wG7RXWoJcys,104,4,3,what-to-watch,1,0
20261008,UCSes4X8uDrpc4X46hJKjejg,wG7RXWoJcys,104,5,4,UCSes4X8uDrpc4X46hJKjejg,2,0
20261008,UCSes4X8uDrpc4X46hJKjejg,wG7RXWoJcys,103,10,5,unknown,1,0
20261008,UCSes4X8uDrpc4X46hJKjejg,wG7RXWoJcys,105,5,5,unknown,2,0.5
20261008,UCSes4X8uDrpc4X46hJKjejg,wG7RXWoJcys,104,5,7,biqGWVz1Eu8,1,0
20261008,UCSes4X8uDrpc4X46hJKjejg,wH5J0g50n3A,101,2,5,unknown,1,0
20261008,UCSes4X8uDrpc4X46hJKjejg,wH5J0g50n3A,104,5,5,unknown,5,0
20261008,UCSes4X8uDrpc4X46hJKjejg,wLJcRS0NJX0,104,5,4,UCSes4X8uDrpc4X46hJKjejg,6,0
20261008,UCSes4X8uDrpc4X46hJKjejg,wLJcRS0NJX0,101,2,5,unknown,2,0
20261008,UCSes4X8uDrpc4X46hJKjejg,wLJcRS0NJX0,102,19,5,unknown,1,0
20261008,UCSes4X8uDrpc4X46hJKjejg,wLJcRS0NJX0,105,5,5,unknown,1,0
20261008,UCSes4X8uDrpc4X46hJKjejg,wO2uMX8-8BE,101,9,5,unknown,1,0
20261008,UCSes4X8uDrpc4X46hJKjejg,wO2uMX8-8BE,104,5,5,unknown,1,0
20261008,UCSes4X8uDrpc4X46hJKjejg,wOaRvEfoA1Q,101,2,4,UCSes4X8uDrpc4X46hJKjejg,1,0
20261008,UCSes4X8uDrpc4X46hJKjejg,wOaRvEfoA1Q,101,9,5,unknown,1,0
20261008,UCSes4X8uDrpc4X46hJKjejg,wOaRvEfoA1Q,104,4,7,p0Q3_h8Fq2w,1,0
20261008,UCSes4X8uDrpc4X46hJKjejg,wOaRvEfoA1Q,101,9,14,PLX3ZLYz4-6vE2_ZNLW5AfzbHTd1jTskDl,1,0
20261008,UCSes4X8uDrpc4X46hJKjejg,wPiF9-iLzdQ,101,2,3,what-to-watch,4,0
20261008,UCSes4X8uDrpc4X46hJKjejg,wPiF9-iLzdQ,103,17,3,what-to-watch,1,0
20261008,UCSes4X8uDrpc4X46hJKjejg,wPiF9-iLzdQ,104,4,3,what-to-watch,1,0
20261008,UCSes4X8uDrpc4X46hJKjejg,wPiF9-iLzdQ,104,5,3,what-to-watch,5,0.2
20261008,UCSes4X8uDrpc4X46hJKjejg,wPiF9-iLzdQ,104,4,4,UCSes4X8uDrpc4X46hJKjejg,1,0
20261008,UCSes4X8uDrpc4X46hJKjejg,wPiF9-iLzdQ,101,2,5,unknown,5,0
20261008,UCSes4X8uDrpc4X46hJKjejg,wPiF9-iLzdQ,101,9,5,unknown,1,0
20261008,UCSes4X8uDrpc4X46hJKjejg,wPiF9-iLzdQ,102,4,5,unknown,6,0.16666666666666666
20261008,UCSes4X8uDrpc4X46hJKjejg,wPiF9-iLzdQ,102,12,5,unknown,2,0.5
20261008,UCSes4X8uDrpc4X46hJKjejg,wPiF9-iLzdQ,102,29,5,unknown,1,0
20261008,UCSes4X8uDrpc4X46hJKjejg,wPiF9-iLzdQ,103,10,5,unknown,3,0
20261008,UCSes4X8uDrpc4X46hJKjejg,wPiF9-iLzdQ,104,4,5,unknown,8,0
20261008,UCSes4X8uDrpc4X46hJKjejg,wPiF9-iLzdQ,104,5,5,unknown,34,0.17647058823529413
20261008,UCSes4X8uDrpc4X46hJKjejg,wPiF9-iLzdQ,105,5,5,unknown,8,0
20261008,UCSes4X8uDrpc4X46hJKjejg,waTJhYVUel8,104,5,4,UCSes4X8uDrpc4X46hJKjejg,2,0
20261008,UCSes4X8uDrpc4X46hJKjejg,wb2ebOkk2gE,101,1,3,what-to-watch,1,0
20261008,UCSes4X8uDrpc4X46hJKjejg,wb2ebOkk2gE,101,2,3,what-to-watch,9,0
20261008,UCSes4X8uDrpc4X46hJKjejg,wb2ebOkk2gE,101,9,3,what-to-watch,2,0
20261008,UCSes4X8uDrpc4X46hJKjejg,wb2ebOkk2gE,102,4,3,what-to-watch,2,0
20261008,UCSes4X8uDrpc4X46hJKjejg,wb2ebOkk2gE,102,12,3,what-to-watch,1,0
20261008,UCSes4X8uDrpc4X46hJKjejg,wb2ebOkk2gE,102,19,3,what-to-watch,3,0
20261008,UCSes4X8uDrpc4X46hJKjejg,wb2ebOkk2gE,102,26,3,what-to-watch,2,0
20261008,UCSes4X8uDrpc4X46hJKjejg,wb2ebOkk2gE,102,29,3,what-to-watch,3,0
20261008,UCSes4X8uDrpc4X46hJKjejg,wb2ebOkk2gE,103,10,3,what-to-watch,1,0
20261008,UCSes4X8uDrpc4X46hJKjejg,wb2ebOkk2gE,104,4,3,what-to-watch,9,0
20261008,UCSes4X8uDrpc4X46hJKjejg,wb2ebOkk2gE,104,5,3,what-to-watch,14,0
20261008,UCSes4X8uDrpc4X46hJKjejg,wb2ebOkk2gE,105,5,3,what-to-watch,3,0
20261008,UCSes4X8uDrpc4X46hJKjejg,wb2ebOkk2gE,102,4,7,rbbCXYgteEI,1,0
20261008,UCSes4X8uDrpc4X46hJKjejg,wn0A-U0UlDQ,101,9,5,unknown,1,0
20261008,UCSes4X8uDrpc4X46hJKjejg,wnXJj8tvDJ8,101,9,5,unknown,1,0
20261008,UCSes4X8uDrpc4X46hJKjejg,wnXJj8tvDJ8,101,9,14,PLX3ZLYz4-6vE2_ZNLW5AfzbHTd1jTskDl,2,0
20261008,UCSes4X8uDrpc4X46hJKjejg,wset9vTjdMs,102,4,4,UCSes4X8uDrpc4X46hJKjejg,2,0
20261008,UCSes4X8uDrpc4X46hJKjejg,wset9vTjdMs,102,12,4,UCSes4X8uDrpc4X46hJKjejg,1,0
20261008,UCSes4X8uDrpc4X46hJKjejg,wset9vTjdMs,102,19,4,UCSes4X8uDrpc4X46hJKjejg,1,0
20261008,UCSes4X8uDrpc4X46hJKjejg,wset9vTjdMs,102,26,4,UCSes4X8uDrpc4X46hJKjejg,3,0
20261008,UCSes4X8uDrpc4X46hJKjejg,wt0fDe3hO0Y,102,26,4,UCLh4znMEEDzabMHw-Ob0Cpg,1,0
20261008,UCSes4X8uDrpc4X46hJKjejg,wt0fDe3hO0Y,104,5,4,UCSes4X8uDrpc4X46hJKjejg,4,0
20261008,UCSes4X8uDrpc4X46hJKjejg,wt0fDe3hO0Y,102,29,5,unknown,2,0.5
20261008,UCSes4X8uDrpc4X46hJKjejg,wt0fDe3hO0Y,103,10,5,unknown,1,0
20261008,UCSes4X8uDrpc4X46hJKjejg,wt0fDe3hO0Y,104,4,5,unknown,1,0
20261008,UCSes4X8uDrpc4X46hJKjejg,wt0fDe3hO0Y,104,5,5,unknown,1,0
20261008,UCSes4X8uDrpc4X46hJKjejg,wt0q9dz6TKw,103,10,3,what-to-watch,1,0
20261008,UCSes4X8uDrpc4X46hJKjejg,wt0q9dz6TKw,104,4,3,what-to-watch,1,0
20261008,UCSes4X8uDrpc4X46hJKjejg,wt0q9dz6TKw,104,5,3,what-to-watch,2,0
20261008,UCSes4X8uDrpc4X46hJKjejg,wt0q9dz6TKw,101,2,4,UCSes4X8uDrpc4X46hJKjejg,2,0
20261008,UCSes4X8uDrpc4X46hJKjejg,wt0q9dz6TKw,101,9,4,UCSes4X8uDrpc4X46hJKjejg,8,0
20261008,UCSes4X8uDrpc4X46hJKjejg,wt0q9dz6TKw,102,4,4,UCSes4X8uDrpc4X46hJKjejg,1,0
20261008,UCSes4X8uDrpc4X46hJKjejg,wt0q9dz6TKw,102,19,4,UCSes4X8uDrpc4X46hJKjejg,1,0
20261008,UCSes4X8uDrpc4X46hJKjejg,wt0q9dz6TKw,104,5,4,UCSes4X8uDrpc4X46hJKjejg,5,0
20261008,UCSes4X8uDrpc4X46hJKjejg,wt0q9dz6TKw,104,4,7,ZTDb9gMUvBY,1,0
20261008,UCSes4X8uDrpc4X46hJKjejg,wt0q9dz6TKw,101,2,14,PLX3ZLYz4-6vFapW85GvTgNr-4rJjgkzqi,6,0
20261008,UCSes4X8uDrpc4X46hJKjejg,wuS1Bh92usk,101,9,5,unknown,1,0
20261008,UCSes4X8uDrpc4X46hJKjejg,wumwGDI6Ez0,105,5,5,unknown,2,0
20261008,UCSes4X8uDrpc4X46hJKjejg,ww0UOp7rP0k,101,9,5,unknown,1,0
20261008,UCSes4X8uDrpc4X46hJKjejg,ww0UOp7rP0k,104,5,5,unknown,2,0
20261008,UCSes4X8uDrpc4X46hJKjejg,x4Mt041xK8o,101,2,4,UCSes4X8uDrpc4X46hJKjejg,1,0
20261008,UCSes4X8uDrpc4X46hJKjejg,x4NHj0cFfKw,102,1,5,unknown,1,0
20261008,UCSes4X8uDrpc4X46hJKjejg,x4NHj0cFfKw,102,26,5,unknown,2,0
20261008,UCSes4X8uDrpc4X46hJKjejg,x4NHj0cFfKw,102,29,5,unknown,1,0
20261008,UCSes4X8uDrpc4X46hJKjejg,x4NHj0cFfKw,103,10,5,unknown,4,0
20261008,UCSes4X8uDrpc4X46hJKjejg,x4NHj0cFfKw,104,4,5,unknown,5,0
20261008,UCSes4X8uDrpc4X46hJKjejg,x4ZWAgOcGF0,101,2,5,unknown,2,0
20261008,UCSes4X8uDrpc4X46hJKjejg,x7W2O03bvkk,104,4,5,unknown,1,0
20261008,UCSes4X8uDrpc4X46hJKjejg,x9aP35H3Wlc,101,2,3,what-to-watch,4,0.25
20261008,UCSes4X8uDrpc4X46hJKjejg,x9aP35H3Wlc,102,19,3,what-to-watch,1,0
20261008,UCSes4X8uDrpc4X46hJKjejg,x9aP35H3Wlc,102,29,3,what-to-watch,1,1
20261008,UCSes4X8uDrpc4X46hJKjejg,x9aP35H3Wlc,104,4,3,what-to-watch,2,0
20261008,UCSes4X8uDrpc4X46hJKjejg,x9aP35H3Wlc,104,5,3,what-to-watch,2,0
20261008,UCSes4X8uDrpc4X46hJKjejg,x9aP35H3Wlc,101,2,4,UCSes4X8uDrpc4X46hJKjejg,1,0
20261008,UCSes4X8uDrpc4X46hJKjejg,x9aP35H3Wlc,101,9,4,UCSes4X8uDrpc4X46hJKjejg,1,0
20261008,UCSes4X8uDrpc4X46hJKjejg,x9aP35H3Wlc,104,4,4,UCSes4X8uDrpc4X46hJKjejg,11,0.090909090909090912
20261008,UCSes4X8uDrpc4X46hJKjejg,x9aP35H3Wlc,104,5,4,UCSes4X8uDrpc4X46hJKjejg,3,0
20261008,UCSes4X8uDrpc4X46hJKjejg,x9aP35H3Wlc,101,2,5,unknown,1,0
20261008,UCSes4X8uDrpc4X46hJKjejg,x9aP35H3Wlc,101,9,5,unknown,1,0
20261008,UCSes4X8uDrpc4X46hJKjejg,x9aP35H3Wlc,102,1,5,unknown,3,0.66666666666666663
20261008,UCSes4X8uDrpc4X46hJKjejg,x9aP35H3Wlc,102,4,5,unknown,1,0
20261008,UCSes4X8uDrpc4X46hJKjejg,x9aP35H3Wlc,104,4,5,unknown,2,0
20261008,UCSes4X8uDrpc4X46hJKjejg,x9aP35H3Wlc,104,5,5,unknown,9,0.22222222222222221
20261008,UCSes4X8uDrpc4X46hJKjejg,xFqH7baZiVQ,104,4,5,unknown,2,0
20261008,UCSes4X8uDrpc4X46hJKjejg,xFqH7baZiVQ,104,5,5,unknown,8,0
20261008,UCSes4X8uDrpc4X46hJKjejg,xNmcb9TCNK8,102,12,5,unknown,1,0
20261008,UCSes4X8uDrpc4X46hJKjejg,xPwrhaAV5VM,101,2,3,what-to-watch,2,0
20261008,UCSes4X8uDrpc4X46hJKjejg,xPwrhaAV5VM,104,4,5,unknown,1,0
20261008,UCSes4X8uDrpc4X46hJKjejg,xPwrhaAV5VM,104,5,5,unknown,1,0
20261008,UCSes4X8uDrpc4X46hJKjejg,xRE9H7wpboA,101,2,3,what-to-watch,2,0
20261008,UCSes4X8uDrpc4X46hJKjejg,xRE9H7wpboA,102,19,3,what-to-watch,1,0
20261008,UCSes4X8uDrpc4X46hJKjejg,xRE9H7wpboA,102,26,3,what-to-watch,2,0.5
20261008,UCSes4X8uDrpc4X46hJKjejg,xRE9H7wpboA,104,5,3,what-to-watch,1,0
20261008,UCSes4X8uDrpc4X46hJKjejg,xRE9H7wpboA,101,2,5,unknown,3,0
20261008,UCSes4X8uDrpc4X46hJKjejg,xRE9H7wpboA,102,28,5,unknown,1,0
20261008,UCSes4X8uDrpc4X46hJKjejg,xRE9H7wpboA,103,10,5,unknown,1,0
20261008,UCSes4X8uDrpc4X46hJKjejg,xRE9H7wpboA,104,4,5,unknown,1,0
20261008,UCSes4X8uDrpc4X46hJKjejg,xRE9H7wpboA,104,5,5,unknown,7,0.2857142857142857
20261008,UCSes4X8uDrpc4X46hJKjejg,xRE9H7wpboA,101,2,7,E87XtaxM6mc,1,0
20261008,UCSes4X8uDrpc4X46hJKjejg,xRE9H7wpboA,101,2,7,Npk0jhMk4Dw,2,0
20261008,UCSes4X8uDrpc4X46hJKjejg,xRE9H7wpboA,101,2,7,Q5kNSzblayk,1,0
20261008,UCSes4X8uDrpc4X46hJKjejg,xRE9H7wpboA,101,2,7,kytTcL8oWWI,1,1
20261008,UCSes4X8uDrpc4X46hJKjejg,xTLTvTrEHDo,102,4,3,what-to-watch,1,0
20261008,UCSes4X8uDrpc4X46hJKjejg,xTLTvTrEHDo,102,26,3,what-to-watch,1,0
20261008,UCSes4X8uDrpc4X46hJKjejg,xTLTvTrEHDo,102,29,3,what-to-watch,1,0
20261008,UCSes4X8uDrpc4X46hJKjejg,xTLTvTrEHDo,104,4,3,what-to-watch,2,0
20261008,UCSes4X8uDrpc4X46hJKjejg,xTLTvTrEHDo,104,5,3,what-to-watch,2,0
20261008,UCSes4X8uDrpc4X46hJKjejg,xTLTvTrEHDo,102,26,4,UCLh4znMEEDzabMHw-Ob0Cpg,1,0
20261008,UCSes4X8uDrpc4X46hJKjejg,xTLTvTrEHDo,104,5,4,UCSes4X8uDrpc4X46hJKjejg,2,0
20261008,UCSes4X8uDrpc4X46hJKjejg,xTLTvTrEHDo,102,26,5,unknown,2,0
20261008,UCSes4X8uDrpc4X46hJKjejg,xTLTvTrEHDo,103,10,5,unknown,1,0
20261008,UCSes4X8uDrpc4X46hJKjejg,xTLTvTrEHDo,104,4,5,unknown,1,0
20261008,UCSes4X8uDrpc4X46hJKjejg,xTLTvTrEHDo,104,5,5,unknown,4,0
20261008,UCSes4X8uDrpc4X46hJKjejg,xTLTvTrEHDo,104,4,7,AB9TBiEUL50,1,0
20261008,UCSes4X8uDrpc4X46hJKjejg,xTLTvTrEHDo,104,5,14,PLRXscFepIvz_BECJkVYxBf5rXd5-IbiEm,1,0
20261008,UCSes4X8uDrpc4X46hJKjejg,xTLTvTrEHDo,104,5,18,unknown,5,0
20261008,UCSes4X8uDrpc4X46hJKjejg,xWMlKb6Tde8,101,2,4,UCSes4X8uDrpc4X46hJKjejg,1,0
20261008,UCSes4X8uDrpc4X46hJKjejg,xWMlKb6Tde8,101,9,5,unknown,1,0
20261008,UCSes4X8uDrpc4X46hJKjejg,xWMlKb6Tde8,101,9,14,PLX3ZLYz4-6vE2_ZNLW5AfzbHTd1jTskDl,1,0
20261008,UCSes4X8uDrpc4X46hJKjejg,xWMlKb6Tde8,104,4,18,unknown,1,0
20261008,UCSes4X8uDrpc4X46hJKjejg,xiYxKcHCRw0,101,9,3,what-to-watch,1,0
20261008,UCSes4X8uDrpc4X46hJKjejg,xiYxKcHCRw0,102,19,3,what-to-watch,2,0
20261008,UCSes4X8uDrpc4X46hJKjejg,xiYxKcHCRw0,104,4,3,what-to-watch,2,0
20261008,UCSes4X8uDrpc4X46hJKjejg,xiYxKcHCRw0,104,5,3,what-to-watch,1,0
20261008,UCSes4X8uDrpc4X46hJKjejg,xiYxKcHCRw0,101,9,4,UCSes4X8uDrpc4X46hJKjejg,2,0
20261008,UCSes4X8uDrpc4X46hJKjejg,xiYxKcHCRw0,102,4,4,UCSes4X8uDrpc4X46hJKjejg,2,0
20261008,UCSes4X8uDrpc4X46hJKjejg,xiYxKcHCRw0,102,12,4,UCSes4X8uDrpc4X46hJKjejg,1,0
20261008,UCSes4X8uDrpc4X46hJKjejg,xiYxKcHCRw0,102,26,4,UCSes4X8uDrpc4X46hJKjejg,2,0
20261008,UCSes4X8uDrpc4X46hJKjejg,xiYxKcHCRw0,104,4,4,UCSes4X8uDrpc4X46hJKjejg,1,0
20261008,UCSes4X8uDrpc4X46hJKjejg,xiYxKcHCRw0,104,5,4,UCSes4X8uDrpc4X46hJKjejg,5,0
20261008,UCSes4X8uDrpc4X46hJKjejg,xr_xZbfc3s4,101,9,5,unknown,1,0
20261008,UCSes4X8uDrpc4X46hJKjejg,xr_xZbfc3s4,101,9,14,PLX3ZLYz4-6vE2_ZNLW5AfzbHTd1jTskDl,1,0
20261008,UCSes4X8uDrpc4X46hJKjejg,xraArULjCJU,104,5,5,unknown,1,0
20261008,UCSes4X8uDrpc4X46hJKjejg,y7az-HoH3YU,101,9,7,FHEr2eQEoLc,1,0
20261008,UCSes4X8uDrpc4X46hJKjejg,yLaHIgUjz6w,102,19,3,what-to-watch,2,0
20261008,UCSes4X8uDrpc4X46hJKjejg,yLaHIgUjz6w,104,5,3,what-to-watch,1,1
20261008,UCSes4X8uDrpc4X46hJKjejg,yLaHIgUjz6w,101,2,4,UCSes4X8uDrpc4X46hJKjejg,1,0
20261008,UCSes4X8uDrpc4X46hJKjejg,yPppbvdaO98,104,5,3,what-to-watch,1,0
20261008,UCSes4X8uDrpc4X46hJKjejg,yPppbvdaO98,101,2,5,unknown,1,0
20261008,UCSes4X8uDrpc4X46hJKjejg,yPppbvdaO98,102,4,5,unknown,2,0
20261008,UCSes4X8uDrpc4X46hJKjejg,yPppbvdaO98,104,4,5,unknown,14,0.071428571428571425
20261008,UCSes4X8uDrpc4X46hJKjejg,yPppbvdaO98,104,5,5,unknown,1,0
20261008,UCSes4X8uDrpc4X46hJKjejg,yQSlECVQpPU,101,2,4,UCSes4X8uDrpc4X46hJKjejg,1,0
20261008,UCSes4X8uDrpc4X46hJKjejg,yQSlECVQpPU,104,5,18,unknown,1,0
20261008,UCSes4X8uDrpc4X46hJKjejg,yTQv3l6WIPk,101,2,3,what-to-watch,1,0
20261008,UCSes4X8uDrpc4X46hJKjejg,yTQv3l6WIPk,102,19,3,what-to-watch,1,0
20261008,UCSes4X8uDrpc4X46hJKjejg,yTQv3l6WIPk,103,10,3,what-to-watch,1,0
20261008,UCSes4X8uDrpc4X46hJKjejg,yTQv3l6WIPk,104,4,3,what-to-watch,5,0
20261008,UCSes4X8uDrpc4X46hJKjejg,yTQv3l6WIPk,104,5,3,what-to-watch,3,0
20261008,UCSes4X8uDrpc4X46hJKjejg,yTQv3l6WIPk,101,2,4,UCSes4X8uDrpc4X46hJKjejg,1,0
20261008,UCSes4X8uDrpc4X46hJKjejg,yTQv3l6WIPk,104,5,4,UCSes4X8uDrpc4X46hJKjejg,2,0
20261008,UCSes4X8uDrpc4X46hJKjejg,yTQv3l6WIPk,101,2,5,unknown,1,0
20261008,UCSes4X8uDrpc4X46hJKjejg,yTQv3l6WIPk,102,19,5,unknown,1,0
20261008,UCSes4X8uDrpc4X46hJKjejg,yTQv3l6WIPk,104,5,5,unknown,2,0
20261008,UCSes4X8uDrpc4X46hJKjejg,yTQv3l6WIPk,101,2,7,_dGOq9EgYxA,1,0
20261008,UCSes4X8uDrpc4X46hJKjejg,yXI5JzLdcwk,101,2,3,what-to-watch,17,0
20261008,UCSes4X8uDrpc4X46hJKjejg,yXI5JzLdcwk,101,9,3,what-to-watch,6,0
20261008,UCSes4X8uDrpc4X46hJKjejg,yXI5JzLdcwk,101,30,3,what-to-watch,2,0
20261008,UCSes4X8uDrpc4X46hJKjejg,yXI5JzLdcwk,102,1,3,what-to-watch,3,0
20261008,UCSes4X8uDrpc4X46hJKjejg,yXI5JzLdcwk,102,4,3,what-to-watch,1,0
20261008,UCSes4X8uDrpc4X46hJKjejg,yXI5JzLdcwk,102,19,3,what-to-watch,3,0
20261008,UCSes4X8uDrpc4X46hJKjejg,yXI5JzLdcwk,102,26,3,what-to-watch,1,0
20261008,UCSes4X8uDrpc4X46hJKjejg,yXI5JzLdcwk,102,29,3,what-to-watch,1,0
20261008,UCSes4X8uDrpc4X46hJKjejg,yXI5JzLdcwk,103,10,3,what-to-watch,1,0
20261008,UCSes4X8uDrpc4X46hJKjejg,yXI5JzLdcwk,104,4,3,what-to-watch,34,0.029411764705882353
20261008,UCSes4X8uDrpc4X46hJKjejg,yXI5JzLdcwk,104,5,3,what-to-watch,63,0.079365079365079361
20261008,UCSes4X8uDrpc4X46hJKjejg,yXI5JzLdcwk,105,5,3,what-to-watch,12,0.083333333333333329
20261008,UCSes4X8uDrpc4X46hJKjejg,yXI5JzLdcwk,101,2,5,unknown,11,0
20261008,UCSes4X8uDrpc4X46hJKjejg,yXI5JzLdcwk,101,9,5,unknown,3,0
20261008,UCSes4X8uDrpc4X46hJKjejg,yXI5JzLdcwk,104,4,5,unknown,24,0
20261008,UCSes4X8uDrpc4X46hJKjejg,yXI5JzLdcwk,104,5,5,unknown,26,0
20261008,UCSes4X8uDrpc4X46hJKjejg,yXI5JzLdcwk,104,5,18,unknown,1,0
20261008,UCSes4X8uDrpc4X46hJKjejg,yXubNa6-FxU,104,4,5,unknown,1,0
20261008,UCSes4X8uDrpc4X46hJKjejg,yY-zO3CIwTM,104,4,7,WSmkcWoV0vY,1,0
20261008,UCSes4X8uDrpc4X46hJKjejg,yY-zO3CIwTM,104,5,7,WSmkcWoV0vY,1,0
20261008,UCSes4X8uDrpc4X46hJKjejg,y_8KKtpTf3w,101,2,3,what-to-watch,1,0
20261008,UCSes4X8uDrpc4X46hJKjejg,y_8KKtpTf3w,101,9,5,unknown,1,0
20261008,UCSes4X8uDrpc4X46hJKjejg,yapU4SQQ39c,101,2,3,what-to-watch,2,0
20261008,UCSes4X8uDrpc4X46hJKjejg,yapU4SQQ39c,102,4,3,what-to-watch,2,0
20261008,UCSes4X8uDrpc4X46hJKjejg,yapU4SQQ39c,102,26,3,what-to-watch,1,0
20261008,UCSes4X8uDrpc4X46hJKjejg,yapU4SQQ39c,104,4,3,what-to-watch,1,0
20261008,UCSes4X8uDrpc4X46hJKjejg,yapU4SQQ39c,104,5,3,what-to-watch,4,0.25
20261008,UCSes4X8uDrpc4X46hJKjejg,yapU4SQQ39c,101,2,4,UCSes4X8uDrpc4X46hJKjejg,2,0
20261008,UCSes4X8uDrpc4X46hJKjejg,yapU4SQQ39c,104,4,4,UCSes4X8uDrpc4X46hJKjejg,3,0
20261008,UCSes4X8uDrpc4X46hJKjejg,yapU4SQQ39c,104,5,4,UCSes4X8uDrpc4X46hJKjejg,3,0
20261008,UCSes4X8uDrpc4X46hJKjejg,yapU4SQQ39c,104,5,5,unknown,4,0
20261008,UCSes4X8uDrpc4X46hJKjejg,yapU4SQQ39c,105,5,5,unknown,1,0
20261008,UCSes4X8uDrpc4X46hJKjejg,yapU4SQQ39c,101,9,7,FC36sHokYnk,1,0
20261008,UCSes4X8uDrpc4X46hJKjejg,yapU4SQQ39c,104,5,7,tuknCozmCUw,1,0
20261008,UCSes4X8uDrpc4X46hJKjejg,yapU4SQQ39c,104,5,7,yQ5oVj3DrUc,1,0
20261008,UCSes4X8uDrpc4X46hJKjejg,yapU4SQQ39c,102,26,14,TL,1,0
20261008,UCSes4X8uDrpc4X46hJKjejg,yapU4SQQ39c,102,26,18,unknown,1,0
20261008,UCSes4X8uDrpc4X46hJKjejg,yapU4SQQ39c,102,29,18,unknown,1,0
20261008,UCSes4X8uDrpc4X46hJKjejg,yapU4SQQ39c,104,4,18,unknown,2,0
20261008,UCSes4X8uDrpc4X46hJKjejg,yapU4SQQ39c,104,5,18,unknown,1,0
20261008,UCSes4X8uDrpc4X46hJKjejg,ybbL24ktLlw,101,9,3,what-to-watch,2,0
20261008,UCSes4X8uDrpc4X46hJKjejg,ybbL24ktLlw,101,2,5,unknown,5,0
20261008,UCSes4X8uDrpc4X46hJKjejg,ybbL24ktLlw,102,4,5,unknown,1,0
20261008,UCSes4X8uDrpc4X46hJKjejg,ybbL24ktLlw,102,12,5,unknown,1,0
20261008,UCSes4X8uDrpc4X46hJKjejg,ybbL24ktLlw,102,19,5,unknown,1,0
20261008,UCSes4X8uDrpc4X46hJKjejg,ybbL24ktLlw,102,29,5,unknown,2,0
20261008,UCSes4X8uDrpc4X46hJKjejg,ybbL24ktLlw,103,17,5,unknown,7,0.14285714285714285
20261008,UCSes4X8uDrpc4X46hJKjejg,ybbL24ktLlw,104,4,5,unknown,8,0
20261008,UCSes4X8uDrpc4X46hJKjejg,ybbL24ktLlw,104,5,5,unknown,8,0
20261008,UCSes4X8uDrpc4X46hJKjejg,ybbL24ktLlw,105,5,5,unknown,3,0
20261008,UCSes4X8uDrpc4X46hJKjejg,ydvwTyiRIrw,102,19,3,what-to-watch,1,0
20261008,UCSes4X8uDrpc4X46hJKjejg,ydvwTyiRIrw,101,2,4,UCSes4X8uDrpc4X46hJKjejg,1,0
20261008,UCSes4X8uDrpc4X46hJKjejg,ydvwTyiRIrw,103,10,5,unknown,1,0
20261008,UCSes4X8uDrpc4X46hJKjejg,yeZ2HjbP66Q,101,2,4,UCSes4X8uDrpc4X46hJKjejg,1,0
20261008,UCSes4X8uDrpc4X46hJKjejg,yk9q7i3NcHQ,101,2,4,UCSes4X8uDrpc4X46hJKjejg,1,0
20261008,UCSes4X8uDrpc4X46hJKjejg,yk9q7i3NcHQ,101,30,4,UCSes4X8uDrpc4X46hJKjejg,1,0
20261008,UCSes4X8uDrpc4X46hJKjejg,yk9q7i3NcHQ,104,4,4,UCSes4X8uDrpc4X46hJKjejg,4,0
20261008,UCSes4X8uDrpc4X46hJKjejg,yk9q7i3NcHQ,104,5,4,UCSes4X8uDrpc4X46hJKjejg,7,0
20261008,UCSes4X8uDrpc4X46hJKjejg,yk9q7i3NcHQ,101,2,5,unknown,1,0
20261008,UCSes4X8uDrpc4X46hJKjejg,ylj7phhxda8,102,19,5,unknown,3,0.33333333333333331
20261008,UCSes4X8uDrpc4X46hJKjejg,ylj7phhxda8,104,4,5,unknown,1,0
20261008,UCSes4X8uDrpc4X46hJKjejg,ylj7phhxda8,104,5,5,unknown,1,0
20261008,UCSes4X8uDrpc4X46hJKjejg,ylkL2lJvlto,101,2,5,unknown,1,0
20261008,UCSes4X8uDrpc4X46hJKjejg,ylkL2lJvlto,102,4,5,unknown,1,0
20261008,UCSes4X8uDrpc4X46hJKjejg,ylkL2lJvlto,104,4,5,unknown,3,0
20261008,UCSes4X8uDrpc4X46hJKjejg,ylkL2lJvlto,104,5,5,unknown,3,0
20261008,UCSes4X8uDrpc4X46hJKjejg,ylkL2lJvlto,105,5,5,unknown,1,0
20261008,UCSes4X8uDrpc4X46hJKjejg,ymP9jAJsi7Y,101,2,4,UCSes4X8uDrpc4X46hJKjejg,1,0
20261008,UCSes4X8uDrpc4X46hJKjejg,ymfIczLSXfI,104,4,3,what-to-watch,2,0
20261008,UCSes4X8uDrpc4X46hJKjejg,ymfIczLSXfI,104,5,3,what-to-watch,1,0
20261008,UCSes4X8uDrpc4X46hJKjejg,ymfIczLSXfI,101,2,5,unknown,10,0
20261008,UCSes4X8uDrpc4X46hJKjejg,ymfIczLSXfI,101,9,5,unknown,2,0
20261008,UCSes4X8uDrpc4X46hJKjejg,ymfIczLSXfI,101,30,5,unknown,1,0
20261008,UCSes4X8uDrpc4X46hJKjejg,ymfIczLSXfI,102,26,5,unknown,1,0
20261008,UCSes4X8uDrpc4X46hJKjejg,ymfIczLSXfI,103,10,5,unknown,1,0
20261008,UCSes4X8uDrpc4X46hJKjejg,ymfIczLSXfI,104,4,5,unknown,5,0
20261008,UCSes4X8uDrpc4X46hJKjejg,ymfIczLSXfI,104,5,5,unknown,10,0
20261008,UCSes4X8uDrpc4X46hJKjejg,ymfIczLSXfI,105,5,5,unknown,3,0
20261008,UCSes4X8uDrpc4X46hJKjejg,ymfIczLSXfI,104,5,18,unknown,1,0
20261008,UCSes4X8uDrpc4X46hJKjejg,yofbyko5E3w,104,5,3,what-to-watch,3,0
20261008,UCSes4X8uDrpc4X46hJKjejg,yofbyko5E3w,101,2,5,unknown,2,0
20261008,UCSes4X8uDrpc4X46hJKjejg,yofbyko5E3w,101,9,5,unknown,1,0
20261008,UCSes4X8uDrpc4X46hJKjejg,yofbyko5E3w,104,4,5,unknown,1,0
20261008,UCSes4X8uDrpc4X46hJKjejg,yofbyko5E3w,104,5,5,unknown,5,0
20261008,UCSes4X8uDrpc4X46hJKjejg,yqQ_QnY4_XU,102,19,3,/my_subscriptions,2,0
20261008,UCSes4X8uDrpc4X46hJKjejg,yqQ_QnY4_XU,102,29,3,/my_subscriptions,1,0
20261008,UCSes4X8uDrpc4X46hJKjejg,yqQ_QnY4_XU,104,4,3,/my_subscriptions,3,0
20261008,UCSes4X8uDrpc4X46hJKjejg,yqQ_QnY4_XU,104,5,3,/my_subscriptions,4,0
20261008,UCSes4X8uDrpc4X46hJKjejg,yqQ_QnY4_XU,105,5,3,/my_subscriptions,2,0
20261008,UCSes4X8uDrpc4X46hJKjejg,yqQ_QnY4_XU,101,2,4,UCSes4X8uDrpc4X46hJKjejg,4,0
20261008,UCSes4X8uDrpc4X46hJKjejg,yqQ_QnY4_XU,101,9,4,UCSes4X8uDrpc4X46hJKjejg,12,0
20261008,UCSes4X8uDrpc4X46hJKjejg,yqQ_QnY4_XU,102,4,4,UCSes4X8uDrpc4X46hJKjejg,2,0
20261008,UCSes4X8uDrpc4X46hJKjejg,yqQ_QnY4_XU,102,12,4,UCSes4X8uDrpc4X46hJKjejg,1,0
20261008,UCSes4X8uDrpc4X46hJKjejg,yqQ_QnY4_XU,102,19,4,UCSes4X8uDrpc4X46hJKjejg,1,0
20261008,UCSes4X8uDrpc4X46hJKjejg,yqQ_QnY4_XU,102,26,4,UCSes4X8uDrpc4X46hJKjejg,3,0
20261008,UCSes4X8uDrpc4X46hJKjejg,yqQ_QnY4_XU,104,4,4,UCSes4X8uDrpc4X46hJKjejg,53,0.075471698113207544
20261008,UCSes4X8uDrpc4X46hJKjejg,yqQ_QnY4_XU,104,5,4,UCSes4X8uDrpc4X46hJKjejg,32,0
20261008,UCSes4X8uDrpc4X46hJKjejg,yqQ_QnY4_XU,105,5,4,UCSes4X8uDrpc4X46hJKjejg,1,0
20261008,UCSes4X8uDrpc4X46hJKjejg,yqQ_QnY4_XU,101,2,5,unknown,8,0
20261008,UCSes4X8uDrpc4X46hJKjejg,yqQ_QnY4_XU,101,9,5,unknown,3,0
20261008,UCSes4X8uDrpc4X46hJKjejg,yqQ_QnY4_XU,102,29,5,unknown,1,0
20261008,UCSes4X8uDrpc4X46hJKjejg,yqQ_QnY4_XU,104,4,5,unknown,5,0.2
20261008,UCSes4X8uDrpc4X46hJKjejg,yqQ_QnY4_XU,104,5,5,unknown,2,0
20261008,UCSes4X8uDrpc4X46hJKjejg,yqQ_QnY4_XU,105,5,5,unknown,2,0
20261008,UCSes4X8uDrpc4X46hJKjejg,yqQ_QnY4_XU,104,4,7,6ljakZEWb0o,1,0
20261008,UCSes4X8uDrpc4X46hJKjejg,yqQ_QnY4_XU,104,4,18,unknown,5,0
20261008,UCSes4X8uDrpc4X46hJKjejg,ysawHL01peE,101,9,5,unknown,1,0
20261008,UCSes4X8uDrpc4X46hJKjejg,ysawHL01peE,104,5,5,unknown,2,0
20261008,UCSes4X8uDrpc4X46hJKjejg,z2Y1iSKyVDw,104,5,4,UCSes4X8uDrpc4X46hJKjejg,2,0
20261008,UCSes4X8uDrpc4X46hJKjejg,z48PQQQ6Ic0,102,12,3,what-to-watch,1,0
20261008,UCSes4X8uDrpc4X46hJKjejg,z48PQQQ6Ic0,102,26,3,what-to-watch,1,0
20261008,UCSes4X8uDrpc4X46hJKjejg,z48PQQQ6Ic0,104,5,3,what-to-watch,2,0
20261008,UCSes4X8uDrpc4X46hJKjejg,z5ejEBmHiiw,101,2,5,unknown,2,0
20261008,UCSes4X8uDrpc4X46hJKjejg,z9qgtt-4IXQ,101,2,4,UCSes4X8uDrpc4X46hJKjejg,1,0
20261008,UCSes4X8uDrpc4X46hJKjejg,z9qgtt-4IXQ,104,5,5,unknown,2,0
20261008,UCSes4X8uDrpc4X46hJKjejg,z9qgtt-4IXQ,104,5,18,unknown,1,0
20261008,UCSes4X8uDrpc4X46hJKjejg,z9y1rLrYt6g,101,2,5,unknown,3,0
20261008,UCSes4X8uDrpc4X46hJKjejg,z9y1rLrYt6g,101,9,5,unknown,2,0
20261008,UCSes4X8uDrpc4X46hJKjejg,z9y1rLrYt6g,104,4,5,unknown,10,0.1
20261008,UCSes4X8uDrpc4X46hJKjejg,z9y1rLrYt6g,104,5,5,unknown,2,0
20261008,UCSes4X8uDrpc4X46hJKjejg,z9y1rLrYt6g,105,5,5,unknown,2,0
20261008,UCSes4X8uDrpc4X46hJKjejg,zFr6YvBC5h0,104,4,3,what-to-watch,1,0
20261008,UCSes4X8uDrpc4X46hJKjejg,zFr6YvBC5h0,105,5,3,what-to-watch,2,0
20261008,UCSes4X8uDrpc4X46hJKjejg,zFr6YvBC5h0,101,2,4,UCSes4X8uDrpc4X46hJKjejg,2,0
20261008,UCSes4X8uDrpc4X46hJKjejg,zFr6YvBC5h0,104,5,14,my-likes,1,0
20261008,UCSes4X8uDrpc4X46hJKjejg,zFvGvk6eZKs,104,4,4,UCSes4X8uDrpc4X46hJKjejg,2,0
20261008,UCSes4X8uDrpc4X46hJKjejg,zNDrNHE1aDk,101,2,3,what-to-watch,1,0
20261008,UCSes4X8uDrpc4X46hJKjejg,zNDrNHE1aDk,101,9,3,what-to-watch,1,0
20261008,UCSes4X8uDrpc4X46hJKjejg,zNDrNHE1aDk,102,1,3,what-to-watch,1,0
20261008,UCSes4X8uDrpc4X46hJKjejg,zNDrNHE1aDk,102,28,3,what-to-watch,1,0
20261008,UCSes4X8uDrpc4X46hJKjejg,zNDrNHE1aDk,104,4,3,what-to-watch,4,0
20261008,UCSes4X8uDrpc4X46hJKjejg,zNDrNHE1aDk,104,5,3,what-to-watch,5,0
20261008,UCSes4X8uDrpc4X46hJKjejg,zNDrNHE1aDk,105,5,3,what-to-watch,1,0
20261008,UCSes4X8uDrpc4X46hJKjejg,zNbEMd6SyDI,102,19,3,what-to-watch,1,0
20261008,UCSes4X8uDrpc4X46hJKjejg,zNbEMd6SyDI,104,4,3,what-to-watch,2,0
20261008,UCSes4X8uDrpc4X46hJKjejg,zNbEMd6SyDI,102,19,7,DAXumaoUPQ0,1,0
20261008,UCSes4X8uDrpc4X46hJKjejg,zS69CFjoay8,101,9,3,what-to-watch,2,0
20261008,UCSes4X8uDrpc4X46hJKjejg,zS69CFjoay8,104,4,3,what-to-watch,4,0.25
20261008,UCSes4X8uDrpc4X46hJKjejg,zS69CFjoay8,104,5,3,what-to-watch,4,0
20261008,UCSes4X8uDrpc4X46hJKjejg,zS69CFjoay8,101,9,4,UCSes4X8uDrpc4X46hJKjejg,1,0
20261008,UCSes4X8uDrpc4X46hJKjejg,zS69CFjoay8,104,4,4,UCSes4X8uDrpc4X46hJKjejg,2,0
20261008,UCSes4X8uDrpc4X46hJKjejg,zS69CFjoay8,104,5,4,UCSes4X8uDrpc4X46hJKjejg,1,0
20261008,UCSes4X8uDrpc4X46hJKjejg,zS69CFjoay8,101,2,5,unknown,5,0.2
20261008,UCSes4X8uDrpc4X46hJKjejg,zS69CFjoay8,101,9,5,unknown,7,0.14285714285714285
20261008,UCSes4X8uDrpc4X46hJKjejg,zS69CFjoay8,102,12,5,unknown,2,0
20261008,UCSes4X8uDrpc4X46hJKjejg,zS69CFjoay8,102,19,5,unknown,5,0
20261008,UCSes4X8uDrpc4X46hJKjejg,zS69CFjoay8,104,4,5,unknown,15,0
20261008,UCSes4X8uDrpc4X46hJKjejg,zS69CFjoay8,104,5,5,unknown,25,0.24
20261008,UCSes4X8uDrpc4X46hJKjejg,zS69CFjoay8,105,5,5,unknown,3,0.33333333333333331
20261008,UCSes4X8uDrpc4X46hJKjejg,z_muXd0mV1g,102,26,3,what-to-watch,2,0
20261008,UCSes4X8uDrpc4X46hJKjejg,z_muXd0mV1g,101,9,5,unknown,1,0
20261008,UCSes4X8uDrpc4X46hJKjejg,z_muXd0mV1g,104,4,5,unknown,1,0
20261008,UCSes4X8uDrpc4X46hJKjejg,z_muXd0mV1g,104,5,5,unknown,1,1
20261008,UCSes4X8uDrpc4X46hJKjejg,zaI8RVJ3IyQ,101,2,4,UCSes4X8uDrpc4X46hJKjejg,1,0
20261008,UCSes4X8uDrpc4X46hJKjejg,zaI8RVJ3IyQ,101,9,5,unknown,1,0
20261008,UCSes4X8uDrpc4X46hJKjejg,zaI8RVJ3IyQ,101,9,14,PLX3ZLYz4-6vE2_ZNLW5AfzbHTd1jTskDl,2,0
20261008,UCSes4X8uDrpc4X46hJKjejg,ze7OyP5UN9w,101,2,3,what-to-watch,1,0
20261008,UCSes4X8uDrpc4X46hJKjejg,ze7OyP5UN9w,104,4,3,what-to-watch,1,0
20261008,UCSes4X8uDrpc4X46hJKjejg,ze7OyP5UN9w,101,2,4,UCSes4X8uDrpc4X46hJKjejg,1,0
20261008,UCSes4X8uDrpc4X46hJKjejg,ze7OyP5UN9w,101,9,4,UCSes4X8uDrpc4X46hJKjejg,1,0
20261008,UCSes4X8uDrpc4X46hJKjejg,ze7OyP5UN9w,104,4,4,UCSes4X8uDrpc4X46hJKjejg,13,0
20261008,UCSes4X8uDrpc4X46hJKjejg,ze7OyP5UN9w,104,5,4,UCSes4X8uDrpc4X46hJKjejg,4,0
20261008,UCSes4X8uDrpc4X46hJKjejg,ze7OyP5UN9w,102,29,5,unknown,1,0
20261008,UCSes4X8uDrpc4X46hJKjejg,ze7OyP5UN9w,104,4,5,unknown,4,0
20261008,UCSes4X8uDrpc4X46hJKjejg,ze7OyP5UN9w,104,5,5,unknown,7,0
20261008,UCSes4X8uDrpc4X46hJKjejg,ze7OyP5UN9w,105,5,5,unknown,2,0
20261008,UCSes4X8uDrpc4X46hJKjejg,zhM2P5HB2F8,101,2,4,UCSes4X8uDrpc4X46hJKjejg,1,0
20261008,UCSes4X8uDrpc4X46hJKjejg,ziCh3vNf0ik,104,5,3,what-to-watch,1,0
20261008,UCSes4X8uDrpc4X46hJKjejg,ziCh3vNf0ik,104,4,4,UCSes4X8uDrpc4X46hJKjejg,1,0
20261008,UCSes4X8uDrpc4X46hJKjejg,ziCh3vNf0ik,101,2,5,unknown,1,0
20261008,UCSes4X8uDrpc4X46hJKjejg,ziCh3vNf0ik,101,9,5,unknown,2,0
20261008,UCSes4X8uDrpc4X46hJKjejg,ziCh3vNf0ik,104,4,5,unknown,2,0
20261008,UCSes4X8uDrpc4X46hJKjejg,ziCh3vNf0ik,104,5,5,unknown,2,0
20261008,UCSes4X8uDrpc4X46hJKjejg,ziCh3vNf0ik,104,4,18,unknown,1,0
20261008,UCSes4X8uDrpc4X46hJKjejg,ziCh3vNf0ik,104,5,18,unknown,1,0
20261008,UCSes4X8uDrpc4X46hJKjejg,zjZOQG9f04Q,101,2,5,unknown,1,0
20261008,UCSes4X8uDrpc4X46hJKjejg,zsyeYATFc4c,101,9,5,unknown,1,0
20261008,UCSes4X8uDrpc4X46hJKjejg,zsyeYATFc4c,103,17,5,unknown,1,0
20261008,UCSes4X8uDrpc4X46hJKjejg,zu2nhGUsJxw,101,2,4,UCSes4X8uDrpc4X46hJKjejg,1,0
20261008,UCSes4X8uDrpc4X46hJKjejg,zu2nhGUsJxw,101,9,5,unknown,1,0
20261008,UCSes4X8uDrpc4X46hJKjejg,zu2nhGUsJxw,101,9,14,PLX3ZLYz4-6vE2_ZNLW5AfzbHTd1jTskDl,2,0
20261008,UCSes4X8uDrpc4X46hJKjejg,zww01QJ2RyQ,104,4,5,unknown,1,0
20261008,UCSes4X8uDrpc4X46hJKjejg,zxka0rRvmaU,102,4,3,what-to-watch,1,0
20261008,UCSes4X8uDrpc4X46hJKjejg,zxka0rRvmaU,104,5,3,what-to-watch,1,0
20261008,UCSes4X8uDrpc4X46hJKjejg,zxka0rRvmaU,101,2,5,unknown,9,0
20261008,UCSes4X8uDrpc4X46hJKjejg,zxka0rRvmaU,101,9,5,unknown,1,0
20261008,UCSes4X8uDrpc4X46hJKjejg,zxka0rRvmaU,104,4,5,unknown,21,0.047619047619047616
20261008,UCSes4X8uDrpc4X46hJKjejg,zxka0rRvmaU,104,5,5,unknown,32,0.09375
20261008,UCSes4X8uDrpc4X46hJKjejg,zxka0rRvmaU,105,5,5,unknown,6,0
