date,channel_id,video_id,live_or_on_demand,subscribed_status,country_code,device_type,operating_system,views,engaged_views,watch_time_minutes,average_view_duration_seconds,average_view_duration_percentage,red_views,red_watch_time_minutes
20260928,UCSes4X8uDrpc4X46hJKjejg,sc2QVbRxxV8,on_demand,not_subscribed,ZA,104,4,1,1,0.425,25.5,68.918918918918919,0,0
20260928,UCSes4X8uDrpc4X46hJKjejg,ZpuhxsgE-7M,on_demand,not_subscribed,NG,104,5,3,1,0.70333333333333337,41.77,109.92105263157895,2,0.69616666666666671
20260928,UCSes4X8uDrpc4X46hJKjejg,c24CDRG2J1Q,on_demand,not_subscribed,US,101,2,2,1,1.6825333333333334,100.952,101.97171717171717,0,0
20260928,UCSes4X8uDrpc4X46hJKjejg,2n5LJUyMtAk,on_demand,not_subscribed,US,102,1,42,33,94.588583333333332,171.43924242424242,33.948364836483648,3,5.88125
20260928,UCSes4X8uDrpc4X46hJKjejg,5xA-FaYOc_0,on_demand,not_subscribed,GH,104,5,1,1,0.16833333333333333,10.1,22.954545454545453,0,0
20260928,UCSes4X8uDrpc4X46hJKjejg,dKoSQ-63gP4,on_demand,not_subscribed,BS,102,4,2,2,10.1359,304.077,49.930541871921186,0,0
20260928,UCSes4X8uDrpc4X46hJKjejg,unimgWGUpHM,on_demand,not_subscribed,US,105,5,19,7,7.42,62.751428571428569,149.40816326530611,4,0.80166666666666664
20260928,UCSes4X8uDrpc4X46hJKjejg,2gYc9vascu8,on_demand,not_subscribed,US,104,4,1,0,0,0,0,0,0
20260928,UCSes4X8uDrpc4X46hJKjejg,2n5LJUyMtAk,on_demand,subscribed,US,101,9,5,2,2.9965333333333333,87.766,17.379405940594058,0,0
20260928,UCSes4X8uDrpc4X46hJKjejg,-CjQjOd2JEA,on_demand,not_subscribed,ZA,105,5,1,1,3.7808333333333333,226.85,80.159010600706708,1,3.7808333333333333
20260928,UCSes4X8uDrpc4X46hJKjejg,iOURk-GhPG0,on_demand,not_subscribed,ID,105,4,2,1,0.4,22.4,77.241379310344826,0,0
20260928,UCSes4X8uDrpc4X46hJKjejg,Z2aOtGIhWdM,on_demand,not_subscribed,US,104,5,3,1,3.0528,182.989,28.771855345911948,0,0
20260928,UCSes4X8uDrpc4X46hJKjejg,gTMjT4y5LHE,on_demand,not_subscribed,ES,101,9,2,1,2.6497166666666665,155.391,31.455668016194331,0,0
20260928,UCSes4X8uDrpc4X46hJKjejg,yqQ_QnY4_XU,on_demand,subscribed,PR,104,5,3,1,1.1126666666666667,66.12,140.68085106382978,3,1.1126666666666667
20260928,UCSes4X8uDrpc4X46hJKjejg,-CjQjOd2JEA,on_demand,not_subscribed,CA,101,1,1,1,4.1311166666666663,247.867,87.585512367491162,0,0
20260928,UCSes4X8uDrpc4X46hJKjejg,n8fMP2cKrBc,on_demand,not_subscribed,CA,102,26,1,1,0.27138333333333331,16.283,3.7175799086757992,0,0
20260928,UCSes4X8uDrpc4X46hJKjejg,0JUVBPIGUg8,on_demand,not_subscribed,AE,105,4,1,1,0,0,0,1,0
20260928,UCSes4X8uDrpc4X46hJKjejg,DjhN1oAGTYA,on_demand,not_subscribed,BS,102,19,1,1,4.3503833333333333,261.023,90.007931034482752,0,0
20260928,UCSes4X8uDrpc4X46hJKjejg,-CjQjOd2JEA,on_demand,not_subscribed,NZ,104,5,3,1,4.8438333333333334,282.05,99.664310954063609,0,0
20260928,UCSes4X8uDrpc4X46hJKjejg,-CjQjOd2JEA,on_demand,not_subscribed,BG,104,4,1,0,0.0033333333333333335,0,0,0,0
20260928,UCSes4X8uDrpc4X46hJKjejg,iOURk-GhPG0,on_demand,not_subscribed,QA,104,4,3,3,0.9434,18.868,65.062068965517241,0,0
20260928,UCSes4X8uDrpc4X46hJKjejg,YHtB62qU1r8,on_demand,not_subscribed,NZ,104,5,1,1,6.3295,379.77,80.802127659574467,0,0
20260928,UCSes4X8uDrpc4X46hJKjejg,YHtB62qU1r8,on_demand,not_subscribed,BG,104,4,2,0,0.115,0,0,0,0
20260928,UCSes4X8uDrpc4X46hJKjejg,HvKhfNcNPiM,on_demand,not_subscribed,US,104,5,3,1,1.1125,64.64,99.446153846153848,0,0
20260928,UCSes4X8uDrpc4X46hJKjejg,dKoSQ-63gP4,on_demand,subscribed,US,103,10,2,0,0.022966666666666666,0,0,0,0
20260928,UCSes4X8uDrpc4X46hJKjejg,Cz8fYLAz-Uo,on_demand,not_subscribed,US,104,5,4,3,1.2316666666666667,24.633333333333336,36.766169154228855,0,0
20260928,UCSes4X8uDrpc4X46hJKjejg,gmPsKXt4foY,on_demand,not_subscribed,US,102,4,2,1,0.68091666666666661,39.737,88.304444444444442,0,0
20260928,UCSes4X8uDrpc4X46hJKjejg,-CjQjOd2JEA,on_demand,not_subscribed,DE,103,10,2,1,4.206,247.085,87.309187279151942,0,0
20260928,UCSes4X8uDrpc4X46hJKjejg,Uo7rmLN6ANk,on_demand,not_subscribed,MZ,104,4,2,2,6.8233333333333333,204.7,7.8579654510556622,0,0
20260928,UCSes4X8uDrpc4X46hJKjejg,KWIVBbqRwZ8,on_demand,subscribed,US,104,4,11,5,1.8166666666666667,19.96,55.444444444444443,0,0
20260928,UCSes4X8uDrpc4X46hJKjejg,2gYc9vascu8,on_demand,not_subscribed,MX,104,5,1,0,0.038,0,0,0,0
20260928,UCSes4X8uDrpc4X46hJKjejg,op6JvrFdWrY,on_demand,not_subscribed,AU,104,5,3,2,0.534,16.02,66.75,1,0.073333333333333334
20260928,UCSes4X8uDrpc4X46hJKjejg,iOURk-GhPG0,on_demand,not_subscribed,PH,104,4,19,10,5.5967,33.580200000000005,115.79379310344828,0,0
20260928,UCSes4X8uDrpc4X46hJKjejg,gmPsKXt4foY,on_demand,subscribed,NZ,104,4,4,1,2.2633333333333332,135.8,301.77777777777777,0,0
20260928,UCSes4X8uDrpc4X46hJKjejg,unimgWGUpHM,on_demand,not_subscribed,GB,101,9,1,1,0.12786666666666666,7.672,18.266666666666666,0,0
20260928,UCSes4X8uDrpc4X46hJKjejg,op6JvrFdWrY,on_demand,subscribed,PR,104,5,3,1,0.814,48.84,203.5,3,0.814
20260928,UCSes4X8uDrpc4X46hJKjejg,6ljakZEWb0o,on_demand,not_subscribed,CL,104,5,1,0,0.0105,0,0,0,0
20260928,UCSes4X8uDrpc4X46hJKjejg,dKoSQ-63gP4,on_demand,not_subscribed,CA,102,31,1,1,0.41705,25.023,4.1088669950738916,0,0
20260928,UCSes4X8uDrpc4X46hJKjejg,op6JvrFdWrY,on_demand,subscribed,NI,104,4,1,1,0.13666666666666666,8.2,34.166666666666664,1,0.13666666666666666
20260928,UCSes4X8uDrpc4X46hJKjejg,M-M22Ac4CRE,on_demand,not_subscribed,US,101,9,34,11,7.8690666666666669,41.295272727272724,125.13719008264462,3,0.72631666666666672
20260928,UCSes4X8uDrpc4X46hJKjejg,2N7Gi7Fed5c,on_demand,subscribed,US,101,2,1,0,0.00115,0,0,0,0
20260928,UCSes4X8uDrpc4X46hJKjejg,qlXb_AjHL8w,on_demand,not_subscribed,US,101,2,1,0,0.09495,0,0,0,0
20260928,UCSes4X8uDrpc4X46hJKjejg,BeZUS-lZ4qs,on_demand,not_subscribed,MK,102,19,1,1,31.524983333333335,1891.499,61.055487411233052,0,0
20260928,UCSes4X8uDrpc4X46hJKjejg,2n5LJUyMtAk,on_demand,not_subscribed,PH,104,4,1,1,2.4666666666666668,148,29.306930693069308,1,2.4666666666666668
20260928,UCSes4X8uDrpc4X46hJKjejg,6ljakZEWb0o,on_demand,not_subscribed,PH,104,5,5,0,0.27865,0,0,0,0
20260928,UCSes4X8uDrpc4X46hJKjejg,-CjQjOd2JEA,on_demand,not_subscribed,GB,101,2,11,2,5.0380333333333329,143.351,50.654063604240285,0,0
20260928,UCSes4X8uDrpc4X46hJKjejg,gmPsKXt4foY,on_demand,not_subscribed,KE,104,4,1,0,0.016666666666666666,0,0,0,0
20260928,UCSes4X8uDrpc4X46hJKjejg,LsgUx97iCI0,on_demand,not_subscribed,US,101,2,1,0,0.12128333333333334,0,0,0,0
20260928,UCSes4X8uDrpc4X46hJKjejg,dKoSQ-63gP4,on_demand,not_subscribed,NL,102,4,1,0,0.0044166666666666668,0,0,0,0
20260928,UCSes4X8uDrpc4X46hJKjejg,gmPsKXt4foY,on_demand,not_subscribed,PH,101,9,1,1,0.67718333333333336,40.631,90.2911111111111,0,0
20260928,UCSes4X8uDrpc4X46hJKjejg,YHtB62qU1r8,on_demand,not_subscribed,GB,101,2,6,2,8.373266666666666,249.804,53.149787234042556,1,4.1951666666666663
20260928,UCSes4X8uDrpc4X46hJKjejg,OG1-VxzclcA,on_demand,not_subscribed,US,101,9,1,1,0.58326666666666671,34.996,81.38604651162791,0,0
20260928,UCSes4X8uDrpc4X46hJKjejg,cVAuJN9z3xw,on_demand,not_subscribed,US,104,5,2,1,0.95016666666666671,57.01,103.65454545454546,0,0
20260928,UCSes4X8uDrpc4X46hJKjejg,JZgusHsQ0l4,on_demand,not_subscribed,NG,104,4,1,1,0.78666666666666663,47.2,90.769230769230774,0,0
20260928,UCSes4X8uDrpc4X46hJKjejg,dgP0I7rPTlU,on_demand,not_subscribed,IL,102,31,1,1,0.1766,10.596,36.53793103448276,0,0
20260928,UCSes4X8uDrpc4X46hJKjejg,PVOl1jy_sPs,on_demand,not_subscribed,US,102,1,1,1,5.709316666666667,342.559,96.495492957746478,0,0
20260928,UCSes4X8uDrpc4X46hJKjejg,ziCh3vNf0ik,on_demand,not_subscribed,IL,102,4,1,1,0.3505,21.03,45.717391304347828,0,0
20260928,UCSes4X8uDrpc4X46hJKjejg,6ljakZEWb0o,on_demand,not_subscribed,VN,101,2,1,0,0.030266666666666667,0,0,0,0
20260928,UCSes4X8uDrpc4X46hJKjejg,0b8eta7f8mY,on_demand,not_subscribed,AU,101,2,2,1,0.21938333333333335,12.066,2.2895635673624288,0,0
20260928,UCSes4X8uDrpc4X46hJKjejg,itfxfmA1F64,on_demand,not_subscribed,RS,104,4,1,0,0.03,0,0,0,0
20260928,UCSes4X8uDrpc4X46hJKjejg,dgP0I7rPTlU,on_demand,not_subscribed,SI,105,4,1,1,0.078333333333333338,4.7,16.206896551724139,0,0
20260928,UCSes4X8uDrpc4X46hJKjejg,fAZy3HtHBzA,on_demand,not_subscribed,IT,104,4,3,1,1.0733333333333333,64.4,201.25,0,0
20260928,UCSes4X8uDrpc4X46hJKjejg,9zaom3QbjYs,on_demand,not_subscribed,PH,102,12,1,1,0.58721666666666672,35.233,4.6420289855072463,0,0
20260928,UCSes4X8uDrpc4X46hJKjejg,gL7l_L8da7c,on_demand,not_subscribed,JP,104,5,2,1,0.71183333333333332,42.71,104.17073170731707,2,0.71183333333333332
20260928,UCSes4X8uDrpc4X46hJKjejg,ldIBIZwjv48,on_demand,not_subscribed,PH,104,5,2,1,0.579,34.74,99.257142857142853,2,0.579
20260928,UCSes4X8uDrpc4X46hJKjejg,HtZ8tDkeGJY,on_demand,not_subscribed,HK,104,5,2,1,0.95533333333333337,57.32,97.152542372881356,0,0
20260928,UCSes4X8uDrpc4X46hJKjejg,unimgWGUpHM,on_demand,not_subscribed,FI,101,2,1,0,0.018416666666666668,0,0,0,0
20260928,UCSes4X8uDrpc4X46hJKjejg,unimgWGUpHM,on_demand,not_subscribed,CA,104,4,5,3,2.2233333333333332,44.466666666666669,105.87301587301587,0,0
20260928,UCSes4X8uDrpc4X46hJKjejg,HwWx5nhjCx8,on_demand,not_subscribed,US,101,9,11,0,0.29315,0,0,0,0
20260928,UCSes4X8uDrpc4X46hJKjejg,P1iVp2SjFm0,on_demand,not_subscribed,US,104,5,6,2,18.909233333333333,562.606,16.260289017341041,0,0
20260928,UCSes4X8uDrpc4X46hJKjejg,RNnuUOuuVfo,on_demand,subscribed,ZA,104,4,5,0,0.5,0,0,0,0
20260928,UCSes4X8uDrpc4X46hJKjejg,BeZUS-lZ4qs,on_demand,not_subscribed,JP,104,5,4,2,21.310433333333332,637.85,20.589089735313106,0,0
20260928,UCSes4X8uDrpc4X46hJKjejg,unimgWGUpHM,on_demand,not_subscribed,IN,104,4,2,1,0.74,44.4,105.71428571428571,0,0
20260928,UCSes4X8uDrpc4X46hJKjejg,iOURk-GhPG0,on_demand,not_subscribed,GT,104,4,1,1,0.01035,0.621,2.1413793103448278,0,0
20260928,UCSes4X8uDrpc4X46hJKjejg,gmPsKXt4foY,on_demand,not_subscribed,SE,104,5,2,1,0.7785,46.71,103.8,0,0
20260928,UCSes4X8uDrpc4X46hJKjejg,SLA_Ef-Zdmg,on_demand,not_subscribed,GB,104,5,1,1,0.313,18.78,40.826086956521742,0,0
20260928,UCSes4X8uDrpc4X46hJKjejg,BvHw3ddSlms,on_demand,not_subscribed,US,105,5,4,4,8.5466666666666669,128.2,2.6848167539267016,0,0
20260928,UCSes4X8uDrpc4X46hJKjejg,kVGNrF0YpU8,on_demand,not_subscribed,PH,104,5,2,2,0.2975,8.925,26.25,0,0
20260928,UCSes4X8uDrpc4X46hJKjejg,MsGmqkcp0Gc,on_demand,not_subscribed,US,104,5,1,1,0.27816666666666667,16.69,23.180555555555557,0,0
20260928,UCSes4X8uDrpc4X46hJKjejg,pWCQrmx8beo,on_demand,not_subscribed,KE,104,5,1,1,1.165,69.9,2.3238031914893615,0,0
20260928,UCSes4X8uDrpc4X46hJKjejg,6ljakZEWb0o,on_demand,not_subscribed,HK,101,2,1,0,0,0,0,0,0
20260928,UCSes4X8uDrpc4X46hJKjejg,po8YrSQivoM,on_demand,subscribed,AU,101,2,1,1,4.89085,293.451,8.5504370629370623,1,4.89085
20260928,UCSes4X8uDrpc4X46hJKjejg,yXI5JzLdcwk,on_demand,not_subscribed,PH,104,4,4,2,0.635,18.35,22.9375,0,0
20260928,UCSes4X8uDrpc4X46hJKjejg,6ljakZEWb0o,on_demand,not_subscribed,LU,104,5,1,0,0.0105,0,0,0,0
20260928,UCSes4X8uDrpc4X46hJKjejg,gTMjT4y5LHE,on_demand,not_subscribed,BR,101,9,1,0,0.049733333333333331,0,0,0,0
20260928,UCSes4X8uDrpc4X46hJKjejg,5GYyKcjXNN0,on_demand,not_subscribed,US,104,4,204,120,225.19978333333333,111.57405833333334,137.74575102880658,50,19.768333333333334
20260928,UCSes4X8uDrpc4X46hJKjejg,iOURk-GhPG0,on_demand,not_subscribed,AU,104,4,4,3,1.1343666666666667,21.087333333333333,72.714942528735634,0,0
20260928,UCSes4X8uDrpc4X46hJKjejg,gmPsKXt4foY,on_demand,not_subscribed,GT,101,9,1,1,0.355,21.3,47.333333333333336,0,0
20260928,UCSes4X8uDrpc4X46hJKjejg,Ox7Rrh40O2o,on_demand,not_subscribed,US,104,5,10,6,3.7725833333333334,36.360833333333332,45.451041666666669,2,1.1991666666666667
20260928,UCSes4X8uDrpc4X46hJKjejg,9zaom3QbjYs,on_demand,not_subscribed,CA,102,4,1,0,0.05325,0,0,1,0.05325
20260928,UCSes4X8uDrpc4X46hJKjejg,8ajxcRVL7g4,on_demand,not_subscribed,BR,104,5,5,2,0.9926666666666667,27.67,26.10377358490566,0,0
20260928,UCSes4X8uDrpc4X46hJKjejg,JsEe4qzWT40,on_demand,not_subscribed,US,104,4,3,1,2.0816666666666666,124.9,198.25396825396825,0,0
20260928,UCSes4X8uDrpc4X46hJKjejg,6ljakZEWb0o,on_demand,not_subscribed,AU,104,5,11,2,0.73275,13.755,0.497828447339848,1,0.25483333333333336
20260928,UCSes4X8uDrpc4X46hJKjejg,unimgWGUpHM,on_demand,subscribed,US,104,5,302,156,108.89808333333333,41.399262820512817,98.569673382173377,49,16.100666666666669
20260928,UCSes4X8uDrpc4X46hJKjejg,gTMjT4y5LHE,on_demand,not_subscribed,ZA,104,5,3,0,0.085283333333333336,0,0,0,0
20260928,UCSes4X8uDrpc4X46hJKjejg,EZ7WjfAU1MI,on_demand,not_subscribed,US,102,26,1,0,0.010666666666666666,0,0,0,0
20260928,UCSes4X8uDrpc4X46hJKjejg,BIdUjN5_mdA,on_demand,not_subscribed,ZA,102,19,1,1,0.39703333333333335,23.822,4.238790035587189,0,0
20260928,UCSes4X8uDrpc4X46hJKjejg,yXI5JzLdcwk,on_demand,not_subscribed,BG,102,19,2,1,1.3516166666666667,81.097,101.37125,0,0
20260928,UCSes4X8uDrpc4X46hJKjejg,JZgusHsQ0l4,on_demand,not_subscribed,US,103,10,4,3,1.79325,35.865,68.97115384615384,0,0
20260928,UCSes4X8uDrpc4X46hJKjejg,HwWx5nhjCx8,on_demand,not_subscribed,JM,101,9,1,0,0.020483333333333333,0,0,0,0
20260928,UCSes4X8uDrpc4X46hJKjejg,JwDkO74iC-w,on_demand,not_subscribed,US,105,5,1,1,1.0938333333333334,65.63,1.2536771728748806,1,1.0938333333333334
20260928,UCSes4X8uDrpc4X46hJKjejg,5GYyKcjXNN0,on_demand,not_subscribed,MX,104,5,1,0,0,0,0,0,0
20260928,UCSes4X8uDrpc4X46hJKjejg,JZgusHsQ0l4,on_demand,not_subscribed,KE,101,2,2,0,0.11168333333333333,0,0,0,0
20260928,UCSes4X8uDrpc4X46hJKjejg,BeZUS-lZ4qs,on_demand,not_subscribed,FI,103,10,1,1,1.8192,109.152,3.5233053582956746,0,0
20260928,UCSes4X8uDrpc4X46hJKjejg,2n5LJUyMtAk,on_demand,not_subscribed,TH,104,5,1,0,0.031333333333333331,0,0,0,0
20260928,UCSes4X8uDrpc4X46hJKjejg,EZ7WjfAU1MI,on_demand,not_subscribed,US,102,12,2,2,8.6978666666666662,260.936,8.22363693665301,0,0
20260928,UCSes4X8uDrpc4X46hJKjejg,-CjQjOd2JEA,on_demand,not_subscribed,PH,102,12,1,1,4.47225,268.335,94.81802120141343,0,0
20260928,UCSes4X8uDrpc4X46hJKjejg,HCZIc9OVy1o,on_demand,subscribed,PH,102,4,1,1,25.26435,1515.861,52.127269601100416,1,25.26435
20260928,UCSes4X8uDrpc4X46hJKjejg,7DD0KNPPL1c,on_demand,not_subscribed,CA,101,2,1,0,0.006966666666666667,0,0,0,0
20260928,UCSes4X8uDrpc4X46hJKjejg,jwsLklARRTI,on_demand,not_subscribed,US,105,5,1,1,0.0245,1.47,0.19066147859922178,1,0.0245
20260928,UCSes4X8uDrpc4X46hJKjejg,-CjQjOd2JEA,on_demand,not_subscribed,JP,104,5,5,1,4.8921166666666664,282.23,99.7279151943463,1,4.7038333333333338
20260928,UCSes4X8uDrpc4X46hJKjejg,BeZUS-lZ4qs,on_demand,subscribed,AT,101,2,1,0,0.030933333333333334,0,0,0,0
20260928,UCSes4X8uDrpc4X46hJKjejg,WAYYE5BMG6c,on_demand,not_subscribed,NZ,101,2,1,1,4.88375,293.025,15.438619599578503,1,4.88375
20260928,UCSes4X8uDrpc4X46hJKjejg,dKoSQ-63gP4,on_demand,subscribed,US,101,2,2,0,0.0259,0,0,0,0
20260928,UCSes4X8uDrpc4X46hJKjejg,l5M2ICRhyEA,on_demand,not_subscribed,MN,104,4,1,0,0.0033333333333333335,0,0,0,0
20260928,UCSes4X8uDrpc4X46hJKjejg,YHtB62qU1r8,on_demand,not_subscribed,CI,101,2,1,1,2.4954166666666668,149.725,31.856382978723403,0,0
20260928,UCSes4X8uDrpc4X46hJKjejg,5UEhfpivkPo,on_demand,subscribed,LC,104,4,1,1,0.078333333333333338,4.7,16.785714285714285,0,0
20260928,UCSes4X8uDrpc4X46hJKjejg,p5XiosuCXB8,on_demand,not_subscribed,AU,104,5,1,0,0.0033333333333333335,0,0,0,0
20260928,UCSes4X8uDrpc4X46hJKjejg,-CjQjOd2JEA,on_demand,not_subscribed,DE,101,2,1,0,0.053266666666666664,0,0,0,0
20260928,UCSes4X8uDrpc4X46hJKjejg,yXI5JzLdcwk,on_demand,not_subscribed,AU,104,4,2,1,1.1833333333333333,68.5,85.625,0,0
20260928,UCSes4X8uDrpc4X46hJKjejg,YHtB62qU1r8,on_demand,not_subscribed,DE,101,2,1,0,0.032833333333333332,0,0,1,0.032833333333333332
20260928,UCSes4X8uDrpc4X46hJKjejg,yXI5JzLdcwk,on_demand,subscribed,PR,104,4,1,0,0.02,0,0,0,0
20260928,UCSes4X8uDrpc4X46hJKjejg,BeZUS-lZ4qs,on_demand,not_subscribed,CN,104,5,1,0,0.063,0,0,0,0
20260928,UCSes4X8uDrpc4X46hJKjejg,BeZUS-lZ4qs,on_demand,not_subscribed,RS,101,2,1,0,0.0229,0,0,0,0
20260928,UCSes4X8uDrpc4X46hJKjejg,l5M2ICRhyEA,on_demand,not_subscribed,CA,104,5,18,7,5.3008333333333333,45.220000000000006,137.03030303030303,3,1.08
20260928,UCSes4X8uDrpc4X46hJKjejg,V9NkcCuZZys,on_demand,not_subscribed,US,105,4,1,1,3.4075,204.45,22.222826086956523,0,0
20260928,UCSes4X8uDrpc4X46hJKjejg,0JHD_pApR7w,on_demand,not_subscribed,PK,104,4,1,0,0.011666666666666667,0,0,0,0
20260928,UCSes4X8uDrpc4X46hJKjejg,YHtB62qU1r8,on_demand,not_subscribed,AU,102,28,1,1,0.93046666666666666,55.828,11.878297872340426,0,0
20260928,UCSes4X8uDrpc4X46hJKjejg,dgP0I7rPTlU,on_demand,subscribed,SI,104,4,1,0,0.016666666666666666,0,0,0,0
20260928,UCSes4X8uDrpc4X46hJKjejg,PnFBmHRQrFc,on_demand,not_subscribed,US,104,5,1,1,0.19366666666666665,11.62,3.3487031700288186,0,0
20260928,UCSes4X8uDrpc4X46hJKjejg,-CjQjOd2JEA,on_demand,not_subscribed,CA,102,4,4,3,5.66495,112.419,39.724028268551237,2,0.29341666666666666
20260928,UCSes4X8uDrpc4X46hJKjejg,gmPsKXt4foY,on_demand,not_subscribed,US,104,4,206,117,73.247566666666671,37.189350427350433,82.643000949667609,28,10.901666666666667
20260928,UCSes4X8uDrpc4X46hJKjejg,gTMjT4y5LHE,on_demand,not_subscribed,ET,104,5,1,0,0.15233333333333332,0,0,0,0
20260928,UCSes4X8uDrpc4X46hJKjejg,l5M2ICRhyEA,on_demand,not_subscribed,IN,104,5,2,1,0.57283333333333331,34.37,104.15151515151516,2,0.57283333333333331
20260928,UCSes4X8uDrpc4X46hJKjejg,op6JvrFdWrY,on_demand,not_subscribed,AT,104,4,1,1,0.093333333333333338,5.6,23.333333333333332,1,0.093333333333333338
20260928,UCSes4X8uDrpc4X46hJKjejg,YHtB62qU1r8,on_demand,not_subscribed,CA,102,4,6,4,2.1153833333333334,30.95525,6.5862234042553194,4,0.86631666666666662
20260928,UCSes4X8uDrpc4X46hJKjejg,JOMMjWncBzA,on_demand,not_subscribed,GB,104,5,1,0,0.04,0,0,0,0
20260928,UCSes4X8uDrpc4X46hJKjejg,MEHDJ9V-lIk,on_demand,not_subscribed,SG,101,2,3,0,0.098866666666666672,0,0,0,0
20260928,UCSes4X8uDrpc4X46hJKjejg,5GYyKcjXNN0,on_demand,not_subscribed,DK,102,19,1,1,1.16605,69.963,86.374074074074073,0,0
20260928,UCSes4X8uDrpc4X46hJKjejg,9zaom3QbjYs,on_demand,not_subscribed,US,105,5,1,1,9.2023333333333337,552.14,72.745718050065875,0,0
20260928,UCSes4X8uDrpc4X46hJKjejg,6rnCipDf-0M,on_demand,not_subscribed,US,105,5,1,1,0.95,57,82.6086956521739,0,0
20260928,UCSes4X8uDrpc4X46hJKjejg,0JHD_pApR7w,on_demand,not_subscribed,MY,104,4,2,1,1.1566666666666667,69.4,100.57971014492753,2,1.1566666666666667
20260928,UCSes4X8uDrpc4X46hJKjejg,WAYYE5BMG6c,on_demand,subscribed,KW,104,4,1,0,0.023333333333333334,0,0,0,0
20260928,UCSes4X8uDrpc4X46hJKjejg,BeZUS-lZ4qs,on_demand,not_subscribed,US,105,5,15,15,209.26933333333332,837.07733333333329,27.019926834516891,3,51.799
20260928,UCSes4X8uDrpc4X46hJKjejg,YHtB62qU1r8,on_demand,not_subscribed,LT,101,2,1,0,0.01375,0,0,0,0
20260928,UCSes4X8uDrpc4X46hJKjejg,AGfuhk7ttr0,on_demand,not_subscribed,US,104,4,1,1,0.05655,3.393,3.2625,0,0
20260928,UCSes4X8uDrpc4X46hJKjejg,UvWPXkksqmM,on_demand,not_subscribed,US,101,9,4,2,5.0617333333333336,150.9035,22.795090634441088,2,5.0301166666666663
20260928,UCSes4X8uDrpc4X46hJKjejg,DbNsygUVZUQ,on_demand,not_subscribed,ZA,104,4,3,2,0.9,24.45,39.435483870967744,0,0
20260928,UCSes4X8uDrpc4X46hJKjejg,dKoSQ-63gP4,on_demand,not_subscribed,US,102,19,63,39,123.28215,187.57335897435897,30.800223148499011,12,21.468633333333333
20260928,UCSes4X8uDrpc4X46hJKjejg,MEHDJ9V-lIk,on_demand,not_subscribed,GB,104,5,1,0,0.087833333333333333,0,0,0,0
20260928,UCSes4X8uDrpc4X46hJKjejg,ymfIczLSXfI,on_demand,not_subscribed,US,101,2,2,1,0.94236666666666669,56.542,148.79473684210527,0,0
20260928,UCSes4X8uDrpc4X46hJKjejg,5GYyKcjXNN0,on_demand,subscribed,US,105,4,4,2,3.0016666666666665,90.05,111.17283950617283,2,1.645
20260928,UCSes4X8uDrpc4X46hJKjejg,yqQ_QnY4_XU,on_demand,subscribed,GB,104,4,4,2,1.6716666666666666,50.15,106.70212765957447,2,0.885
20260928,UCSes4X8uDrpc4X46hJKjejg,E_QIN76-3cY,on_demand,not_subscribed,US,104,4,1,0,0.013333333333333334,0,0,0,0
20260928,UCSes4X8uDrpc4X46hJKjejg,dKoSQ-63gP4,on_demand,not_subscribed,CW,104,4,1,0,0.025,0,0,0,0
20260928,UCSes4X8uDrpc4X46hJKjejg,HtZ8tDkeGJY,on_demand,subscribed,NZ,102,19,2,1,1.0099833333333332,60.599,102.71016949152542,2,1.0099833333333332
20260928,UCSes4X8uDrpc4X46hJKjejg,0b8eta7f8mY,on_demand,not_subscribed,US,102,4,4,1,8.7313166666666664,511.628,97.0831119544592,1,0.13311666666666666
20260928,UCSes4X8uDrpc4X46hJKjejg,dgP0I7rPTlU,on_demand,not_subscribed,FI,104,4,1,0,0.01315,0,0,0,0
20260928,UCSes4X8uDrpc4X46hJKjejg,pWCQrmx8beo,on_demand,not_subscribed,US,104,5,61,23,196.69915,508.97804347826093,16.920812615633672,3,55.737666666666662
20260928,UCSes4X8uDrpc4X46hJKjejg,dgP0I7rPTlU,on_demand,not_subscribed,AU,103,17,2,1,0.55121666666666669,33.073,114.04482758620689,0,0
20260928,UCSes4X8uDrpc4X46hJKjejg,gTMjT4y5LHE,on_demand,not_subscribed,AT,101,2,3,0,0.10706666666666667,0,0,0,0
20260928,UCSes4X8uDrpc4X46hJKjejg,gmPsKXt4foY,on_demand,not_subscribed,JM,104,4,4,2,1.3583333333333334,40.55,90.111111111111114,1,0.73833333333333329
20260928,UCSes4X8uDrpc4X46hJKjejg,6ljakZEWb0o,on_demand,subscribed,AU,105,5,1,1,45.7645,2745.87,99.3800217155266,0,0
20260928,UCSes4X8uDrpc4X46hJKjejg,5WC7gUC932A,on_demand,not_subscribed,GR,104,4,2,1,0.16333333333333333,4.7,3.1756756756756759,0,0
20260928,UCSes4X8uDrpc4X46hJKjejg,QxkwRERjZgA,on_demand,not_subscribed,ZA,104,4,2,1,1.06,63.6,109.65517241379311,2,1.06
20260928,UCSes4X8uDrpc4X46hJKjejg,UvWPXkksqmM,on_demand,subscribed,US,102,19,1,1,1.6469333333333334,98.816,14.926888217522659,0,0
20260928,UCSes4X8uDrpc4X46hJKjejg,2n5LJUyMtAk,on_demand,not_subscribed,US,101,30,22,9,38.831766666666667,257.90144444444445,51.069592959295932,0,0
20260928,UCSes4X8uDrpc4X46hJKjejg,BeZUS-lZ4qs,on_demand,not_subscribed,GB,101,9,1,0,0.0048666666666666667,0,0,0,0
20260928,UCSes4X8uDrpc4X46hJKjejg,-CjQjOd2JEA,on_demand,not_subscribed,RS,101,2,2,0,0.10758333333333334,0,0,0,0
20260928,UCSes4X8uDrpc4X46hJKjejg,N_aQbCPtRUs,on_demand,not_subscribed,US,104,5,1,1,4.0509333333333331,243.056,90.020740740740735,0,0
20260928,UCSes4X8uDrpc4X46hJKjejg,bf0XSusrN3g,on_demand,not_subscribed,TC,104,4,1,1,0.53333333333333333,32,86.486486486486484,0,0
20260928,UCSes4X8uDrpc4X46hJKjejg,cJVrzjm7YPs,on_demand,subscribed,US,104,5,1,0,0.017333333333333333,0,0,0,0
20260928,UCSes4X8uDrpc4X46hJKjejg,op6JvrFdWrY,on_demand,subscribed,GB,104,4,1,1,0.28333333333333333,17,70.833333333333329,0,0
20260928,UCSes4X8uDrpc4X46hJKjejg,kHqq0RR6dHE,on_demand,not_subscribed,GB,102,31,1,0,0.017066666666666667,0,0,0,0
20260928,UCSes4X8uDrpc4X46hJKjejg,-TauZcQxKUU,on_demand,not_subscribed,GB,104,5,1,1,0.074333333333333335,4.46,0.210576015108593,0,0
20260928,UCSes4X8uDrpc4X46hJKjejg,pWCQrmx8beo,on_demand,subscribed,CA,102,4,1,1,50.12535,3007.521,99.984075797872336,0,0
20260928,UCSes4X8uDrpc4X46hJKjejg,IkDS7ZhVkA4,on_demand,not_subscribed,US,103,10,3,1,23.031016666666666,1375.855,59.612435008665514,0,0
20260928,UCSes4X8uDrpc4X46hJKjejg,sc2QVbRxxV8,on_demand,not_subscribed,US,104,4,2,1,0.6054,36.324,98.172972972972971,0,0
20260928,UCSes4X8uDrpc4X46hJKjejg,JZgusHsQ0l4,on_demand,not_subscribed,ZA,101,9,2,1,0.36386666666666667,20.956,40.3,0,0
20260928,UCSes4X8uDrpc4X46hJKjejg,JZgusHsQ0l4,on_demand,subscribed,HK,104,5,3,2,1.745,52.35,100.67307692307692,1,0.83816666666666662
20260928,UCSes4X8uDrpc4X46hJKjejg,gTMjT4y5LHE,on_demand,not_subscribed,KE,104,5,1,0,0.014333333333333333,0,0,0,0
20260928,UCSes4X8uDrpc4X46hJKjejg,C9dspBDxMJ8,on_demand,not_subscribed,US,104,5,1,1,1.1071666666666666,66.43,118.625,0,0
20260928,UCSes4X8uDrpc4X46hJKjejg,k_Qt4Ilp70c,on_demand,not_subscribed,AU,101,9,1,1,9.7596833333333333,585.581,99.928498293515361,0,0
20260928,UCSes4X8uDrpc4X46hJKjejg,OGOmzWG_ThE,on_demand,not_subscribed,US,104,5,3,0,0.074666666666666673,0,0,0,0
20260928,UCSes4X8uDrpc4X46hJKjejg,JZgusHsQ0l4,on_demand,not_subscribed,US,101,2,50,11,9.43035,47.871818181818185,92.061188811188813,4,2.0634833333333336
20260928,UCSes4X8uDrpc4X46hJKjejg,Rl73WZoqKzE,on_demand,subscribed,VC,102,4,2,0,0.15846666666666667,0,0,0,0
20260928,UCSes4X8uDrpc4X46hJKjejg,0b8eta7f8mY,on_demand,not_subscribed,JM,102,4,1,1,0.80461666666666665,48.277,9.1607210626185953,0,0
20260928,UCSes4X8uDrpc4X46hJKjejg,pWCQrmx8beo,on_demand,not_subscribed,JM,104,5,1,1,0.25766666666666665,15.46,0.51396276595744683,0,0
20260928,UCSes4X8uDrpc4X46hJKjejg,9LFMqUAyB_U,on_demand,not_subscribed,PH,101,2,1,0,0.052683333333333332,0,0,0,0
20260928,UCSes4X8uDrpc4X46hJKjejg,A9dCA5I9Pes,on_demand,not_subscribed,CA,104,4,1,0,0.025,0,0,0,0
20260928,UCSes4X8uDrpc4X46hJKjejg,J6rzMuvuMuo,on_demand,not_subscribed,RE,103,17,2,1,1.2674833333333333,76.049,105.62361111111112,0,0
20260928,UCSes4X8uDrpc4X46hJKjejg,-CjQjOd2JEA,on_demand,not_subscribed,US,105,5,19,19,51.64825,163.09973684210527,57.632415845266877,3,6.3098333333333336
20260928,UCSes4X8uDrpc4X46hJKjejg,N4FSFFIyyhU,on_demand,not_subscribed,JP,104,5,1,1,0.26533333333333331,15.92,3.5377777777777779,0,0
20260928,UCSes4X8uDrpc4X46hJKjejg,9zaom3QbjYs,on_demand,not_subscribed,CA,104,4,1,0,0.035,0,0,0,0
20260928,UCSes4X8uDrpc4X46hJKjejg,wb2ebOkk2gE,on_demand,not_subscribed,FR,104,4,1,0,0.0016666666666666668,0,0,0,0
20260928,UCSes4X8uDrpc4X46hJKjejg,HVLl_aTeQTE,on_demand,not_subscribed,US,101,2,4,1,0.90483333333333338,51.681,114.84666666666666,0,0
20260928,UCSes4X8uDrpc4X46hJKjejg,BeZUS-lZ4qs,on_demand,not_subscribed,CA,104,4,7,2,17.7874,528.1,17.046481601032923,1,17.351666666666667
20260928,UCSes4X8uDrpc4X46hJKjejg,YHtB62qU1r8,on_demand,not_subscribed,US,105,5,21,21,100.17315,286.209,60.895531914893617,5,12.861666666666668
20260928,UCSes4X8uDrpc4X46hJKjejg,-CjQjOd2JEA,on_demand,not_subscribed,AT,102,19,1,1,1.6743166666666667,100.459,35.497879858657242,0,0
20260928,UCSes4X8uDrpc4X46hJKjejg,MfjNVJmMMqA,on_demand,not_subscribed,US,102,4,1,0,0.03361666666666667,0,0,0,0
20260928,UCSes4X8uDrpc4X46hJKjejg,PVOl1jy_sPs,on_demand,not_subscribed,TW,104,5,1,0,0.045333333333333337,0,0,0,0
20260928,UCSes4X8uDrpc4X46hJKjejg,gTMjT4y5LHE,on_demand,subscribed,GB,101,2,1,1,7.800416666666667,468.025,94.7419028340081,0,0
20260928,UCSes4X8uDrpc4X46hJKjejg,BeZUS-lZ4qs,on_demand,not_subscribed,IN,104,4,5,1,14.243333333333334,849.8,27.430600387346676,1,14.163333333333334
20260928,UCSes4X8uDrpc4X46hJKjejg,6ljakZEWb0o,on_demand,subscribed,FR,104,5,1,0,0.017833333333333333,0,0,0,0
20260928,UCSes4X8uDrpc4X46hJKjejg,0b8eta7f8mY,on_demand,not_subscribed,FR,102,19,1,1,2.7438166666666666,164.629,31.238899430740037,0,0
20260928,UCSes4X8uDrpc4X46hJKjejg,Rl73WZoqKzE,on_demand,not_subscribed,HR,101,2,1,0,0.0089833333333333328,0,0,0,0
20260928,UCSes4X8uDrpc4X46hJKjejg,6mYXcUQHtfA,on_demand,not_subscribed,US,104,4,1,0,0.015,0,0,0,0
20260928,UCSes4X8uDrpc4X46hJKjejg,gmPsKXt4foY,on_demand,subscribed,US,105,4,1,1,0.45833333333333331,27.5,61.111111111111114,0,0
20260928,UCSes4X8uDrpc4X46hJKjejg,gTMjT4y5LHE,on_demand,not_subscribed,SI,101,2,1,0,0.0046,0,0,0,0
20260928,UCSes4X8uDrpc4X46hJKjejg,eUT33UJWgMs,on_demand,not_subscribed,US,104,5,1,0,0.025,0,0,0,0
20260928,UCSes4X8uDrpc4X46hJKjejg,0b8eta7f8mY,on_demand,not_subscribed,PA,105,5,1,1,0.08033333333333334,4.82,0.91461100569259957,0,0
20260928,UCSes4X8uDrpc4X46hJKjejg,-CjQjOd2JEA,on_demand,not_subscribed,GB,101,9,2,0,0.043666666666666666,0,0,0,0
20260928,UCSes4X8uDrpc4X46hJKjejg,HtZ8tDkeGJY,on_demand,subscribed,US,101,2,1,0,0.084116666666666673,0,0,0,0
20260928,UCSes4X8uDrpc4X46hJKjejg,f0Agz2fWwFY,on_demand,not_subscribed,CA,105,5,1,1,1.3381666666666667,80.29,77.951456310679617,0,0
20260928,UCSes4X8uDrpc4X46hJKjejg,HCZIc9OVy1o,on_demand,not_subscribed,FR,104,4,1,1,0.02,1.2,0.041265474552957357,0,0
20260928,UCSes4X8uDrpc4X46hJKjejg,18S1GBfKaIo,on_demand,not_subscribed,US,101,30,1,0,0.0938,0,0,0,0
20260928,UCSes4X8uDrpc4X46hJKjejg,rVyl3bzFBcQ,on_demand,not_subscribed,CH,104,5,2,0,0.13416666666666666,0,0,0,0
20260928,UCSes4X8uDrpc4X46hJKjejg,l5M2ICRhyEA,on_demand,not_subscribed,SE,101,9,1,0,0.033933333333333336,0,0,0,0
20260928,UCSes4X8uDrpc4X46hJKjejg,YHtB62qU1r8,on_demand,not_subscribed,GB,101,9,1,0,0.02155,0,0,0,0
20260928,UCSes4X8uDrpc4X46hJKjejg,2gYc9vascu8,on_demand,not_subscribed,GB,101,2,2,1,3.5978166666666667,215.869,91.469915254237293,0,0
20260928,UCSes4X8uDrpc4X46hJKjejg,BeZUS-lZ4qs,on_demand,subscribed,US,104,5,41,27,320.28933333333333,710.63407407407408,22.938478827439447,10,72.37
20260928,UCSes4X8uDrpc4X46hJKjejg,KWIVBbqRwZ8,on_demand,not_subscribed,KE,104,5,1,0,0.010666666666666666,0,0,0,0
20260928,UCSes4X8uDrpc4X46hJKjejg,0b8eta7f8mY,on_demand,not_subscribed,AU,101,9,1,1,0.87888333333333335,52.733,10.006261859582542,0,0
20260928,UCSes4X8uDrpc4X46hJKjejg,muwMeVYa7wE,on_demand,not_subscribed,FR,104,5,1,1,0.91416666666666668,54.85,20.6203007518797,0,0
20260928,UCSes4X8uDrpc4X46hJKjejg,9LFMqUAyB_U,on_demand,not_subscribed,US,101,1,1,0,0.0116,0,0,0,0
20260928,UCSes4X8uDrpc4X46hJKjejg,op6JvrFdWrY,on_demand,subscribed,SO,101,2,1,0,0.0662,0,0,0,0
20260928,UCSes4X8uDrpc4X46hJKjejg,k_Qt4Ilp70c,on_demand,not_subscribed,US,104,4,1,0,0.0033333333333333335,0,0,0,0
20260928,UCSes4X8uDrpc4X46hJKjejg,Rl73WZoqKzE,on_demand,not_subscribed,ZA,102,19,1,1,9.32225,559.335,93.848154362416111,0,0
20260928,UCSes4X8uDrpc4X46hJKjejg,6ljakZEWb0o,on_demand,subscribed,GB,104,4,1,1,20.163333333333334,1209.8,43.785740137531668,1,20.163333333333334
20260928,UCSes4X8uDrpc4X46hJKjejg,yqQ_QnY4_XU,on_demand,subscribed,ES,104,5,1,0,0.017666666666666667,0,0,0,0
20260928,UCSes4X8uDrpc4X46hJKjejg,HtZ8tDkeGJY,on_demand,not_subscribed,JP,101,9,1,1,0.59501666666666664,35.701,60.510169491525424,0,0
20260928,UCSes4X8uDrpc4X46hJKjejg,kzzARP3sGzw,on_demand,subscribed,US,104,5,1,1,0.24233333333333335,14.54,19.131578947368421,0,0
20260928,UCSes4X8uDrpc4X46hJKjejg,9LFMqUAyB_U,on_demand,not_subscribed,AU,101,2,1,0,0.0154,0,0,0,0
20260928,UCSes4X8uDrpc4X46hJKjejg,ID5K-VWCXew,on_demand,subscribed,US,101,2,4,2,1.00345,30.1035,100.345,2,0.4968
20260928,UCSes4X8uDrpc4X46hJKjejg,gTMjT4y5LHE,on_demand,not_subscribed,GB,102,19,1,0,0.0045833333333333334,0,0,0,0
20260928,UCSes4X8uDrpc4X46hJKjejg,-CjQjOd2JEA,on_demand,not_subscribed,FI,101,2,2,0,0.06685,0,0,0,0
20260928,UCSes4X8uDrpc4X46hJKjejg,QxkwRERjZgA,on_demand,not_subscribed,US,102,4,1,1,0.26916666666666667,16.15,27.844827586206897,0,0
20260928,UCSes4X8uDrpc4X46hJKjejg,oujDWGTay-Q,on_demand,not_subscribed,PH,101,2,3,1,1.67075,100.05,133.4,0,0
20260928,UCSes4X8uDrpc4X46hJKjejg,-CjQjOd2JEA,on_demand,not_subscribed,CA,104,4,43,13,26.824383333333333,119.65353846153847,42.280402283229137,2,5.7283333333333335
20260928,UCSes4X8uDrpc4X46hJKjejg,JZgusHsQ0l4,on_demand,not_subscribed,AE,101,2,2,1,1.2537166666666666,75.223,144.65961538461539,0,0
20260928,UCSes4X8uDrpc4X46hJKjejg,5xA-FaYOc_0,on_demand,not_subscribed,CA,104,4,2,1,0.70333333333333337,41.3,93.86363636363636,0,0
20260928,UCSes4X8uDrpc4X46hJKjejg,YHtB62qU1r8,on_demand,not_subscribed,CA,104,4,12,7,33.396666666666668,284.2714285714286,60.483282674772035,1,7.785
20260928,UCSes4X8uDrpc4X46hJKjejg,M6PvfZYH31E,on_demand,not_subscribed,US,104,4,1,0,0.0016666666666666668,0,0,0,0
20260928,UCSes4X8uDrpc4X46hJKjejg,6ljakZEWb0o,on_demand,not_subscribed,HK,101,9,2,1,0.88908333333333334,51.615,1.8680781758957654,1,0.86025
20260928,UCSes4X8uDrpc4X46hJKjejg,2n5LJUyMtAk,on_demand,subscribed,CA,101,2,1,0,0.0577,0,0,0,0
20260928,UCSes4X8uDrpc4X46hJKjejg,BeZUS-lZ4qs,on_demand,not_subscribed,DE,101,9,1,0,0.0492,0,0,0,0
20260928,UCSes4X8uDrpc4X46hJKjejg,ilSPJeVLgYk,on_demand,not_subscribed,GB,104,5,1,1,0.1195,7.17,9.56,0,0
20260928,UCSes4X8uDrpc4X46hJKjejg,-CjQjOd2JEA,on_demand,not_subscribed,IN,104,4,1,1,2.5766666666666667,154.6,54.628975265017665,1,2.5766666666666667
20260928,UCSes4X8uDrpc4X46hJKjejg,fAZy3HtHBzA,on_demand,subscribed,GB,104,5,2,2,0.19383333333333333,5.815,18.171875,0,0
20260928,UCSes4X8uDrpc4X46hJKjejg,9vjrcOuBdYY,on_demand,not_subscribed,US,104,4,1,1,14.386666666666667,863.2,99.676674364896073,0,0
20260928,UCSes4X8uDrpc4X46hJKjejg,op6JvrFdWrY,on_demand,subscribed,DE,104,4,2,1,0.77166666666666661,46.3,192.91666666666666,0,0
20260928,UCSes4X8uDrpc4X46hJKjejg,YHtB62qU1r8,on_demand,not_subscribed,IN,104,4,2,0,0.053333333333333337,0,0,0,0
20260928,UCSes4X8uDrpc4X46hJKjejg,KoxnHEXhTNQ,on_demand,subscribed,US,104,4,6,3,0.80666666666666664,15.733333333333334,78.666666666666671,0,0
20260928,UCSes4X8uDrpc4X46hJKjejg,op6JvrFdWrY,on_demand,subscribed,ES,104,5,2,1,0.38766666666666666,23.26,96.916666666666671,2,0.38766666666666666
20260928,UCSes4X8uDrpc4X46hJKjejg,iOURk-GhPG0,on_demand,not_subscribed,MM,105,4,1,1,0.19248333333333334,11.549,39.824137931034485,0,0
20260928,UCSes4X8uDrpc4X46hJKjejg,HzmMTvN__ec,on_demand,not_subscribed,CA,102,1,1,1,4.11235,246.741,51.085093167701864,0,0
20260928,UCSes4X8uDrpc4X46hJKjejg,yqQ_QnY4_XU,on_demand,not_subscribed,CR,104,5,1,1,0.0965,5.79,12.319148936170214,0,0
20260928,UCSes4X8uDrpc4X46hJKjejg,R09S9nSIyEk,on_demand,subscribed,US,103,10,1,1,64.276116666666667,3856.567,98.181440936863538,0,0
20260928,UCSes4X8uDrpc4X46hJKjejg,HwWx5nhjCx8,on_demand,not_subscribed,FR,104,4,1,0,0.04,0,0,0,0
20260928,UCSes4X8uDrpc4X46hJKjejg,BeZUS-lZ4qs,on_demand,not_subscribed,GR,101,2,1,0,0.05055,0,0,0,0
20260928,UCSes4X8uDrpc4X46hJKjejg,5GYyKcjXNN0,on_demand,not_subscribed,NZ,104,5,1,0,0.0145,0,0,0,0
20260928,UCSes4X8uDrpc4X46hJKjejg,yqQ_QnY4_XU,on_demand,subscribed,CH,104,5,2,1,0.83483333333333332,50.09,106.57446808510639,0,0
20260928,UCSes4X8uDrpc4X46hJKjejg,0b8eta7f8mY,on_demand,not_subscribed,US,104,4,17,11,30.979133333333333,167.59527272727271,31.801759530791788,5,16.854166666666668
20260928,UCSes4X8uDrpc4X46hJKjejg,gTMjT4y5LHE,on_demand,not_subscribed,FR,102,12,2,2,7.6665666666666663,229.997,46.5580971659919,0,0
20260928,UCSes4X8uDrpc4X46hJKjejg,-CjQjOd2JEA,on_demand,subscribed,US,104,5,54,26,72.925466666666665,166.04192307692307,58.672057624354444,7,23.338833333333334
20260928,UCSes4X8uDrpc4X46hJKjejg,5xA-FaYOc_0,on_demand,subscribed,US,104,5,2,1,0.25716666666666665,14.4,32.727272727272727,0,0
20260928,UCSes4X8uDrpc4X46hJKjejg,IkDS7ZhVkA4,on_demand,not_subscribed,US,101,2,7,4,91.782316666666674,1375.861,59.612694974003468,0,0
20260928,UCSes4X8uDrpc4X46hJKjejg,JsEe4qzWT40,on_demand,not_subscribed,VG,104,4,2,1,1.1166666666666667,67,106.34920634920636,0,0
20260928,UCSes4X8uDrpc4X46hJKjejg,JsEe4qzWT40,on_demand,not_subscribed,NZ,104,5,1,0,0.0071666666666666667,0,0,0,0
20260928,UCSes4X8uDrpc4X46hJKjejg,gTMjT4y5LHE,on_demand,not_subscribed,US,104,5,1929,694,2148.4581,181.4252795389049,36.725765088847147,108,416.20099999999996
20260928,UCSes4X8uDrpc4X46hJKjejg,DiQL1Q4_4VM,on_demand,not_subscribed,US,104,5,2,2,0.57616666666666672,17.285,39.284090909090907,0,0
20260928,UCSes4X8uDrpc4X46hJKjejg,YHtB62qU1r8,on_demand,subscribed,US,104,5,17,12,22.789333333333332,112.76833333333333,23.993262411347519,4,4.1126666666666667
20260928,UCSes4X8uDrpc4X46hJKjejg,QgeCWQjxuLA,on_demand,not_subscribed,FR,104,5,2,1,0.85428333333333328,51.257,125.01707317073171,0,0
20260928,UCSes4X8uDrpc4X46hJKjejg,unimgWGUpHM,on_demand,not_subscribed,US,103,17,2,1,0.7446666666666667,44.68,106.38095238095238,0,0
20260928,UCSes4X8uDrpc4X46hJKjejg,UOsqGlestSU,on_demand,subscribed,US,104,5,1,1,0.54433333333333334,32.66,39.349397590361448,0,0
20260928,UCSes4X8uDrpc4X46hJKjejg,gTMjT4y5LHE,on_demand,subscribed,DE,101,2,1,0,0.013066666666666667,0,0,0,0
20260928,UCSes4X8uDrpc4X46hJKjejg,PoyUkRaWZiM,on_demand,not_subscribed,CA,102,4,1,1,0.32035,19.221,3.1509836065573769,0,0
20260928,UCSes4X8uDrpc4X46hJKjejg,Rl73WZoqKzE,on_demand,subscribed,US,103,10,5,0,0.20548333333333332,0,0,0,0
20260928,UCSes4X8uDrpc4X46hJKjejg,eu62r4NZQ3Q,on_demand,not_subscribed,SI,101,2,1,0,0.070416666666666669,0,0,0,0
20260928,UCSes4X8uDrpc4X46hJKjejg,WAYYE5BMG6c,on_demand,subscribed,BE,104,4,1,1,0.34751666666666664,20.851,1.0985774499473129,0,0
20260928,UCSes4X8uDrpc4X46hJKjejg,dKoSQ-63gP4,on_demand,not_subscribed,US,102,1,14,9,59.99646666666667,398.26177777777781,65.396022623608829,2,18.948083333333333
20260928,UCSes4X8uDrpc4X46hJKjejg,xiYxKcHCRw0,on_demand,not_subscribed,US,104,5,1,1,18.795666666666666,1127.74,25.172767857142858,0,0
20260928,UCSes4X8uDrpc4X46hJKjejg,2n5LJUyMtAk,on_demand,not_subscribed,CA,102,19,4,2,2.6924833333333331,80.4885,15.938316831683169,1,0.0049833333333333335
20260928,UCSes4X8uDrpc4X46hJKjejg,6ljakZEWb0o,on_demand,subscribed,MT,104,5,1,0,0.021333333333333333,0,0,0,0
20260928,UCSes4X8uDrpc4X46hJKjejg,Y8VmQ0NuFhs,on_demand,not_subscribed,TW,104,4,2,0,0.033333333333333333,0,0,0,0
20260928,UCSes4X8uDrpc4X46hJKjejg,-CjQjOd2JEA,on_demand,not_subscribed,IT,101,2,1,0,0.0046666666666666671,0,0,0,0
20260928,UCSes4X8uDrpc4X46hJKjejg,tIFk16TQrU4,on_demand,not_subscribed,AU,105,5,1,0,0.029666666666666668,0,0,0,0
20260928,UCSes4X8uDrpc4X46hJKjejg,YHtB62qU1r8,on_demand,not_subscribed,SN,104,4,1,1,1.795,107.7,22.914893617021278,0,0
20260928,UCSes4X8uDrpc4X46hJKjejg,dKoSQ-63gP4,on_demand,subscribed,US,101,9,4,1,0.36138333333333333,19.957,3.2770114942528736,0,0
20260928,UCSes4X8uDrpc4X46hJKjejg,FC36sHokYnk,on_demand,not_subscribed,CA,104,4,1,1,9.2316666666666674,553.9,99.981949458483754,1,9.2316666666666674
20260928,UCSes4X8uDrpc4X46hJKjejg,0TDhWq6S65A,on_demand,not_subscribed,US,104,4,2,1,6.458333333333333,383,100,0,0
20260928,UCSes4X8uDrpc4X46hJKjejg,NPDEMZ90B1M,on_demand,not_subscribed,GB,104,5,1,0,0.041666666666666664,0,0,0,0
20260928,UCSes4X8uDrpc4X46hJKjejg,YHtB62qU1r8,on_demand,not_subscribed,IT,101,2,1,0,0.075033333333333327,0,0,0,0
20260928,UCSes4X8uDrpc4X46hJKjejg,gTMjT4y5LHE,on_demand,subscribed,CA,102,4,2,1,0.2947,14.606,2.9566801619433196,1,0.24343333333333333
20260928,UCSes4X8uDrpc4X46hJKjejg,-CjQjOd2JEA,on_demand,not_subscribed,DE,101,9,1,1,0.49338333333333334,29.603,10.460424028268552,1,0.49338333333333334
20260928,UCSes4X8uDrpc4X46hJKjejg,3oF068CdTYo,on_demand,not_subscribed,US,105,5,1,0,0.036,0,0,0,0
20260928,UCSes4X8uDrpc4X46hJKjejg,iI6JAiouTXA,on_demand,not_subscribed,US,101,2,1,0,0.0018666666666666666,0,0,0,0
20260928,UCSes4X8uDrpc4X46hJKjejg,YHtB62qU1r8,on_demand,not_subscribed,MC,102,4,1,1,0.34818333333333334,20.891,4.4448936170212763,0,0
20260928,UCSes4X8uDrpc4X46hJKjejg,YHtB62qU1r8,on_demand,not_subscribed,DE,101,9,3,2,7.2983666666666664,216.8525,46.138829787234044,0,0
20260928,UCSes4X8uDrpc4X46hJKjejg,nL2NDzhZSx0,on_demand,not_subscribed,US,102,29,1,1,0.54318333333333335,32.591,8.2508860759493672,0,0
20260928,UCSes4X8uDrpc4X46hJKjejg,6ljakZEWb0o,on_demand,subscribed,CA,101,30,2,0,0.090383333333333329,0,0,0,0
20260928,UCSes4X8uDrpc4X46hJKjejg,UvWPXkksqmM,on_demand,subscribed,US,102,1,1,0,0.05686666666666667,0,0,0,0
20260928,UCSes4X8uDrpc4X46hJKjejg,HwWx5nhjCx8,on_demand,not_subscribed,CA,101,2,2,1,11.649466666666667,697.87,67.038424591738718,0,0
20260928,UCSes4X8uDrpc4X46hJKjejg,YWmM-Tkjmvo,on_demand,subscribed,US,101,2,1,0,0.092466666666666669,0,0,0,0
20260928,UCSes4X8uDrpc4X46hJKjejg,PeMHxUwuByQ,on_demand,not_subscribed,CA,104,5,1,1,0.024333333333333332,1.46,0.039236764310669178,0,0
20260928,UCSes4X8uDrpc4X46hJKjejg,XxNpGT_I6mk,on_demand,subscribed,US,101,2,3,1,0.64516666666666667,36.69,111.18181818181819,2,0.6115
20260928,UCSes4X8uDrpc4X46hJKjejg,op6JvrFdWrY,on_demand,subscribed,RS,104,4,1,1,0.11666666666666667,7,29.166666666666668,1,0.11666666666666667
20260928,UCSes4X8uDrpc4X46hJKjejg,-CjQjOd2JEA,on_demand,not_subscribed,GR,101,2,2,0,0.0017666666666666666,0,0,0,0
20260928,UCSes4X8uDrpc4X46hJKjejg,OxH6ANsFM9Y,on_demand,not_subscribed,US,104,5,2,2,6.7076666666666664,201.23,51.0736040609137,0,0
20260928,UCSes4X8uDrpc4X46hJKjejg,SkSLumMmvbc,on_demand,not_subscribed,PH,102,19,2,1,0.65068333333333328,39.041,102.73947368421052,0,0
20260928,UCSes4X8uDrpc4X46hJKjejg,i8nHff5PKGU,on_demand,not_subscribed,IN,104,5,1,1,0.8656666666666667,51.94,89.551724137931032,0,0
20260928,UCSes4X8uDrpc4X46hJKjejg,KWIVBbqRwZ8,on_demand,not_subscribed,US,104,5,71,29,75.407116666666667,154.423,428.95277777777778,7,1.3808333333333334
20260928,UCSes4X8uDrpc4X46hJKjejg,apguqLi-hhk,on_demand,not_subscribed,US,104,5,1,0,0.15883333333333333,0,0,0,0
20260928,UCSes4X8uDrpc4X46hJKjejg,2n5LJUyMtAk,on_demand,subscribed,NL,104,5,1,0,0.055833333333333332,0,0,0,0
20260928,UCSes4X8uDrpc4X46hJKjejg,gTMjT4y5LHE,on_demand,not_subscribed,DE,102,19,1,1,8.2336833333333335,494.021,100.00425101214574,0,0
20260928,UCSes4X8uDrpc4X46hJKjejg,-9jvIbYHhag,on_demand,not_subscribed,US,101,2,1,1,0.097133333333333335,5.828,3.6654088050314466,0,0
20260928,UCSes4X8uDrpc4X46hJKjejg,gmPsKXt4foY,on_demand,not_subscribed,NZ,104,5,1,1,0.70416666666666672,42.25,93.888888888888886,0,0
20260928,UCSes4X8uDrpc4X46hJKjejg,dKoSQ-63gP4,on_demand,not_subscribed,PH,104,4,1,1,0.21,12.6,2.0689655172413794,0,0
20260928,UCSes4X8uDrpc4X46hJKjejg,gTMjT4y5LHE,on_demand,not_subscribed,CA,105,4,2,2,6.7233333333333336,201.7,40.829959514170042,1,2.9566666666666666
20260928,UCSes4X8uDrpc4X46hJKjejg,LysO6uGiUa0,on_demand,not_subscribed,US,104,5,1,1,0.15666666666666668,9.4,18.8,0,0
20260928,UCSes4X8uDrpc4X46hJKjejg,5WC7gUC932A,on_demand,not_subscribed,IE,104,4,1,0,0.048333333333333332,0,0,0,0
20260928,UCSes4X8uDrpc4X46hJKjejg,0JUVBPIGUg8,on_demand,not_subscribed,US,104,5,22,10,6.8408333333333333,40.316,103.37435897435897,1,0.6343333333333333
20260928,UCSes4X8uDrpc4X46hJKjejg,IkDS7ZhVkA4,on_demand,not_subscribed,AE,101,2,1,0,0.0006333333333333333,0,0,0,0
20260928,UCSes4X8uDrpc4X46hJKjejg,gTMjT4y5LHE,on_demand,not_subscribed,AE,104,5,7,1,0.28483333333333333,0.63,0.12753036437246965,1,0.0105
20260928,UCSes4X8uDrpc4X46hJKjejg,fzzrdnfjmpA,on_demand,not_subscribed,KR,104,4,1,0,0.01785,0,0,0,0
20260928,UCSes4X8uDrpc4X46hJKjejg,tIFk16TQrU4,on_demand,not_subscribed,FR,104,5,1,0,0.045166666666666667,0,0,0,0
20260928,UCSes4X8uDrpc4X46hJKjejg,0JHD_pApR7w,on_demand,not_subscribed,US,102,19,1,1,1.1383666666666667,68.302,98.98840579710145,0,0
20260928,UCSes4X8uDrpc4X46hJKjejg,6ljakZEWb0o,on_demand,subscribed,DK,104,5,1,0,0.031833333333333332,0,0,0,0
20260928,UCSes4X8uDrpc4X46hJKjejg,DbNsygUVZUQ,on_demand,not_subscribed,US,104,4,3,1,2.1133333333333333,126.8,204.51612903225808,0,0
20260928,UCSes4X8uDrpc4X46hJKjejg,DiQL1Q4_4VM,on_demand,not_subscribed,PL,104,4,1,1,0.145,8.7,19.772727272727273,0,0
20260928,UCSes4X8uDrpc4X46hJKjejg,6oGL_hVMNjM,on_demand,not_subscribed,IN,104,4,1,0,0.12,0,0,0,0
20260928,UCSes4X8uDrpc4X46hJKjejg,7Iwn2vTy66E,on_demand,not_subscribed,US,104,5,5,2,1.6647,48.711,81.185,3,0.187
20260928,UCSes4X8uDrpc4X46hJKjejg,gTMjT4y5LHE,on_demand,not_subscribed,RO,101,2,1,0,0.015133333333333334,0,0,0,0
20260928,UCSes4X8uDrpc4X46hJKjejg,eu62r4NZQ3Q,on_demand,not_subscribed,US,104,5,2,2,3.7870833333333334,113.6125,56.523631840796021,0,0
20260928,UCSes4X8uDrpc4X46hJKjejg,EbhQDO2KckU,on_demand,not_subscribed,US,102,29,2,2,3.9745666666666666,119.237,49.889958158995817,0,0
20260928,UCSes4X8uDrpc4X46hJKjejg,7HuaEHVdk6c,on_demand,not_subscribed,US,102,19,2,1,3.189,191.34,185.76699029126215,0,0
20260928,UCSes4X8uDrpc4X46hJKjejg,YWmM-Tkjmvo,on_demand,not_subscribed,US,102,19,4,2,2.3947166666666666,68.11,23.649305555555557,1,0.0573
20260928,UCSes4X8uDrpc4X46hJKjejg,9LFMqUAyB_U,on_demand,not_subscribed,US,102,4,2,2,1.1145166666666666,33.4355,3.9289659224441835,0,0
20260928,UCSes4X8uDrpc4X46hJKjejg,XxNpGT_I6mk,on_demand,not_subscribed,US,102,19,4,2,1.4509,43.527,131.9,3,1.23445
20260928,UCSes4X8uDrpc4X46hJKjejg,LRn1yY1ZB7k,on_demand,not_subscribed,IM,104,4,1,1,0.595,35.7,67.35849056603773,0,0
20260928,UCSes4X8uDrpc4X46hJKjejg,34SgPBo7SBw,on_demand,not_subscribed,US,104,4,4,2,2.2483333333333335,64,10.24,0,0
20260928,UCSes4X8uDrpc4X46hJKjejg,gTMjT4y5LHE,on_demand,not_subscribed,CA,102,29,7,5,8.1176166666666667,96.086199999999991,19.450647773279353,0,0
20260928,UCSes4X8uDrpc4X46hJKjejg,2n5LJUyMtAk,on_demand,subscribed,US,102,28,3,2,1.0905166666666666,30.47,6.0336633663366337,2,0.71918333333333329
20260928,UCSes4X8uDrpc4X46hJKjejg,gmPsKXt4foY,on_demand,subscribed,CH,101,9,3,1,1.5691,94.146,209.21333333333334,0,0
20260928,UCSes4X8uDrpc4X46hJKjejg,gTMjT4y5LHE,on_demand,subscribed,US,105,5,1,1,7.129,427.74,86.587044534412954,1,7.129
20260928,UCSes4X8uDrpc4X46hJKjejg,5IEMHu7Fxr4,on_demand,not_subscribed,US,102,29,2,1,12.8949,770.641,99.953437094682229,0,0
20260928,UCSes4X8uDrpc4X46hJKjejg,QxkwRERjZgA,on_demand,not_subscribed,US,104,4,5,2,2.0816666666666666,62.4,107.58620689655173,2,1.09
20260928,UCSes4X8uDrpc4X46hJKjejg,6ljakZEWb0o,on_demand,not_subscribed,FI,105,4,1,1,33.063333333333333,1983.8,71.798769453492582,0,0
20260928,UCSes4X8uDrpc4X46hJKjejg,kXFMUrAnk8Q,on_demand,not_subscribed,US,101,2,1,1,61.169683333333332,3670.181,99.97769000272406,0,0
20260928,UCSes4X8uDrpc4X46hJKjejg,6oGL_hVMNjM,on_demand,subscribed,US,104,5,1,1,0.38583333333333331,23.15,19.132231404958677,0,0
20260928,UCSes4X8uDrpc4X46hJKjejg,2n5LJUyMtAk,on_demand,subscribed,US,102,26,5,1,0.45163333333333333,25.459,5.041386138613861,1,0.0011166666666666666
20260928,UCSes4X8uDrpc4X46hJKjejg,itfxfmA1F64,on_demand,not_subscribed,EG,104,5,1,1,0.8475,50.85,65.1923076923077,0,0
20260928,UCSes4X8uDrpc4X46hJKjejg,fyi6d0AButQ,on_demand,not_subscribed,AU,101,2,1,1,3.4436166666666668,206.617,67.966118421052627,0,0
20260928,UCSes4X8uDrpc4X46hJKjejg,2n5LJUyMtAk,on_demand,subscribed,TT,104,4,1,1,8.4116666666666671,504.7,99.940594059405939,0,0
20260928,UCSes4X8uDrpc4X46hJKjejg,JZgusHsQ0l4,on_demand,not_subscribed,US,101,9,37,8,7.6432833333333337,51.59225,99.215865384615384,2,1.0264333333333333
20260928,UCSes4X8uDrpc4X46hJKjejg,oclZFI8L9Sw,on_demand,not_subscribed,US,101,2,3,2,1.6978166666666668,50.9345,59.922941176470587,0,0
20260928,UCSes4X8uDrpc4X46hJKjejg,6ljakZEWb0o,on_demand,subscribed,RS,104,4,1,0,0.045,0,0,0,0
20260928,UCSes4X8uDrpc4X46hJKjejg,9LFMqUAyB_U,on_demand,not_subscribed,PH,101,9,1,0,0.030166666666666668,0,0,0,0
20260928,UCSes4X8uDrpc4X46hJKjejg,ksJXns6KZJE,on_demand,subscribed,US,104,5,2,1,1.247,74.82,99.76,0,0
20260928,UCSes4X8uDrpc4X46hJKjejg,dKoSQ-63gP4,on_demand,not_subscribed,AU,104,4,3,2,4.8666666666666663,144.8,23.776683087027916,1,0.21166666666666667
20260928,UCSes4X8uDrpc4X46hJKjejg,6ljakZEWb0o,on_demand,not_subscribed,RO,104,4,1,0,0.005,0,0,0,0
20260928,UCSes4X8uDrpc4X46hJKjejg,fAZy3HtHBzA,on_demand,subscribed,SE,104,4,1,0,0.018333333333333333,0,0,0,0
20260928,UCSes4X8uDrpc4X46hJKjejg,M-M22Ac4CRE,on_demand,not_subscribed,UG,104,4,2,2,1.0399833333333333,31.1995,94.5439393939394,0,0
20260928,UCSes4X8uDrpc4X46hJKjejg,WAYYE5BMG6c,on_demand,subscribed,US,101,2,2,1,6.669716666666667,399.87,21.067966280295046,0,0
20260928,UCSes4X8uDrpc4X46hJKjejg,e7CxdG8sNlA,on_demand,subscribed,US,102,4,1,0,0.028233333333333333,0,0,0,0
20260928,UCSes4X8uDrpc4X46hJKjejg,gTMjT4y5LHE,on_demand,not_subscribed,GB,102,1,2,2,8.8584666666666667,265.754,53.796356275303644,0,0
20260928,UCSes4X8uDrpc4X46hJKjejg,HVLl_aTeQTE,on_demand,not_subscribed,US,101,9,1,0,0.013666666666666667,0,0,0,0
20260928,UCSes4X8uDrpc4X46hJKjejg,0b8eta7f8mY,on_demand,subscribed,US,102,29,1,1,7.68885,461.331,87.539089184060728,0,0
20260928,UCSes4X8uDrpc4X46hJKjejg,2n5LJUyMtAk,on_demand,subscribed,US,102,12,4,3,10.968233333333334,218.269,43.221584158415844,1,0.66176666666666661
20260928,UCSes4X8uDrpc4X46hJKjejg,k2rjwlyjahc,on_demand,not_subscribed,IN,104,4,1,1,0.076666666666666661,4.6,8.518518518518519,0,0
20260928,UCSes4X8uDrpc4X46hJKjejg,Rl73WZoqKzE,on_demand,subscribed,US,101,2,10,2,10.384566666666666,302.919,50.8253355704698,0,0
20260928,UCSes4X8uDrpc4X46hJKjejg,MEHDJ9V-lIk,on_demand,not_subscribed,GP,103,10,1,1,0.61425,36.855,1.7890776699029127,0,0
20260928,UCSes4X8uDrpc4X46hJKjejg,GwFhRVZ1yac,on_demand,not_subscribed,GB,104,4,1,0,0.015,0,0,0,0
20260928,UCSes4X8uDrpc4X46hJKjejg,JjbXhl4su3U,on_demand,not_subscribed,US,104,5,2,1,0.99816666666666665,59.89,101.50847457627118,0,0
20260928,UCSes4X8uDrpc4X46hJKjejg,3oF068CdTYo,on_demand,subscribed,US,104,5,22,10,9.4045,55.283,162.59705882352941,1,0.31433333333333335
20260928,UCSes4X8uDrpc4X46hJKjejg,gTMjT4y5LHE,on_demand,not_subscribed,ES,102,12,2,1,1.8068166666666667,102.553,20.759716599190284,0,0
20260928,UCSes4X8uDrpc4X46hJKjejg,5GYyKcjXNN0,on_demand,not_subscribed,CA,102,4,1,1,1.2473833333333333,74.843,92.39876543209877,1,1.2473833333333333
20260928,UCSes4X8uDrpc4X46hJKjejg,dKoSQ-63gP4,on_demand,not_subscribed,SG,104,5,1,0,0.013833333333333333,0,0,0,0
20260928,UCSes4X8uDrpc4X46hJKjejg,M-M22Ac4CRE,on_demand,not_subscribed,US,102,26,2,2,0.6831,20.493,62.1,0,0
20260928,UCSes4X8uDrpc4X46hJKjejg,R1PGLsRyKDw,on_demand,not_subscribed,CA,104,5,1,0,0.020166666666666666,0,0,0,0
20260928,UCSes4X8uDrpc4X46hJKjejg,0JHD_pApR7w,on_demand,not_subscribed,PH,102,4,2,1,1.1383666666666667,68.302,98.98840579710145,0,0
20260928,UCSes4X8uDrpc4X46hJKjejg,yofbyko5E3w,on_demand,not_subscribed,US,101,9,1,1,0.12633333333333333,7.58,8.91764705882353,0,0
20260928,UCSes4X8uDrpc4X46hJKjejg,7DD0KNPPL1c,on_demand,not_subscribed,AU,104,5,1,0,0.0105,0,0,0,0
20260928,UCSes4X8uDrpc4X46hJKjejg,BeZUS-lZ4qs,on_demand,subscribed,BR,102,12,1,1,18.11505,1086.903,35.084021949644935,1,18.11505
20260928,UCSes4X8uDrpc4X46hJKjejg,YsozfBAU5nI,on_demand,not_subscribed,US,104,4,24,8,3.7833333333333332,26,104,1,0.20166666666666666
20260928,UCSes4X8uDrpc4X46hJKjejg,YHtB62qU1r8,on_demand,not_subscribed,PH,102,21,1,0,0.02035,0,0,0,0
20260928,UCSes4X8uDrpc4X46hJKjejg,DjhN1oAGTYA,on_demand,not_subscribed,US,102,29,4,2,4.3949666666666669,122.8215,42.352241379310342,1,3.8661333333333334
20260928,UCSes4X8uDrpc4X46hJKjejg,uzUBO8cpUC0,on_demand,not_subscribed,GB,104,4,1,1,1.05,63,80.769230769230774,0,0
20260928,UCSes4X8uDrpc4X46hJKjejg,WAYYE5BMG6c,on_demand,subscribed,IL,102,4,1,1,0.30848333333333333,18.509,0.97518440463645939,0,0
20260928,UCSes4X8uDrpc4X46hJKjejg,R1PGLsRyKDw,on_demand,not_subscribed,IN,104,5,1,0,0.011333333333333334,0,0,0,0
20260928,UCSes4X8uDrpc4X46hJKjejg,e7CxdG8sNlA,on_demand,not_subscribed,US,105,4,1,1,7.905,474.3,99.852631578947367,1,7.905
20260928,UCSes4X8uDrpc4X46hJKjejg,-CjQjOd2JEA,on_demand,not_subscribed,HK,102,4,1,1,3.6455666666666668,218.734,77.291166077738509,1,3.6455666666666668
20260928,UCSes4X8uDrpc4X46hJKjejg,M-M22Ac4CRE,on_demand,not_subscribed,US,102,12,1,1,1.05115,63.069,191.11818181818182,0,0
20260928,UCSes4X8uDrpc4X46hJKjejg,gTMjT4y5LHE,on_demand,subscribed,CA,104,4,1,1,8.23,493.8,99.959514170040492,0,0
20260928,UCSes4X8uDrpc4X46hJKjejg,kHqq0RR6dHE,on_demand,not_subscribed,US,102,29,1,0,0.02225,0,0,1,0.02225
20260928,UCSes4X8uDrpc4X46hJKjejg,YHtB62qU1r8,on_demand,not_subscribed,HK,102,4,2,2,7.70885,231.2655,49.205425531914891,2,7.70885
20260928,UCSes4X8uDrpc4X46hJKjejg,dgP0I7rPTlU,on_demand,subscribed,GB,104,5,1,1,0.11683333333333333,7.01,24.172413793103448,0,0
20260928,UCSes4X8uDrpc4X46hJKjejg,M-M22Ac4CRE,on_demand,not_subscribed,BR,104,4,1,1,0.49166666666666664,29.5,89.393939393939391,0,0
20260928,UCSes4X8uDrpc4X46hJKjejg,HwWx5nhjCx8,on_demand,not_subscribed,US,102,28,2,2,33.716466666666669,1011.494,97.165609990393847,1,17.222033333333332
20260928,UCSes4X8uDrpc4X46hJKjejg,zxka0rRvmaU,on_demand,not_subscribed,ZA,104,4,1,1,0.69,41.4,88.085106382978722,0,0
20260928,UCSes4X8uDrpc4X46hJKjejg,ID5K-VWCXew,on_demand,not_subscribed,US,102,1,1,1,0.20045,12.027,40.09,0,0
20260928,UCSes4X8uDrpc4X46hJKjejg,WAYYE5BMG6c,on_demand,not_subscribed,US,102,19,1,1,14.251666666666667,855.1,45.05268703898841,1,14.251666666666667
20260928,UCSes4X8uDrpc4X46hJKjejg,wb2ebOkk2gE,on_demand,not_subscribed,CA,101,9,2,0,0.05465,0,0,2,0.05465
20260928,UCSes4X8uDrpc4X46hJKjejg,9zaom3QbjYs,on_demand,not_subscribed,US,103,17,3,3,15.807716666666666,316.15433333333334,41.654062362758012,2,10.37445
20260928,UCSes4X8uDrpc4X46hJKjejg,Rl73WZoqKzE,on_demand,not_subscribed,US,102,19,20,12,32.889516666666665,163.07241666666667,27.361143736017898,3,0.045716666666666669
20260928,UCSes4X8uDrpc4X46hJKjejg,gw79jVAmrx0,on_demand,not_subscribed,US,102,4,1,0,0.026583333333333334,0,0,0,0
20260928,UCSes4X8uDrpc4X46hJKjejg,Rl73WZoqKzE,on_demand,not_subscribed,NL,104,4,1,1,9.925,595.5,99.916107382550337,0,0
20260928,UCSes4X8uDrpc4X46hJKjejg,BeZUS-lZ4qs,on_demand,not_subscribed,US,103,17,5,2,58.88366666666667,1760.2995,56.820513234344737,0,0
20260928,UCSes4X8uDrpc4X46hJKjejg,2n5LJUyMtAk,on_demand,not_subscribed,CA,102,1,3,3,2.31105,46.221000000000004,9.1526732673267333,2,1.6457000000000002
20260928,UCSes4X8uDrpc4X46hJKjejg,Rl73WZoqKzE,on_demand,not_subscribed,ZW,104,5,1,0,0.045166666666666667,0,0,0,0
20260928,UCSes4X8uDrpc4X46hJKjejg,HwWx5nhjCx8,on_demand,not_subscribed,US,102,26,9,3,18.174783333333334,355.14766666666668,34.1160102465578,1,17.341683333333332
20260928,UCSes4X8uDrpc4X46hJKjejg,dgP0I7rPTlU,on_demand,not_subscribed,SI,104,5,1,1,0.1315,7.89,27.206896551724139,0,0
20260928,UCSes4X8uDrpc4X46hJKjejg,6ljakZEWb0o,on_demand,not_subscribed,CD,104,4,1,0,0,0,0,0,0
20260928,UCSes4X8uDrpc4X46hJKjejg,PoyUkRaWZiM,on_demand,subscribed,US,104,5,1,1,6.4826666666666668,388.96,63.763934426229511,1,6.4826666666666668
20260928,UCSes4X8uDrpc4X46hJKjejg,MEHDJ9V-lIk,on_demand,not_subscribed,ID,101,2,5,2,15.09475,450.1,21.849514563106798,0,0
20260928,UCSes4X8uDrpc4X46hJKjejg,x9aP35H3Wlc,on_demand,not_subscribed,US,103,10,2,1,0.8972,53.832,105.55294117647058,0,0
20260928,UCSes4X8uDrpc4X46hJKjejg,J6rzMuvuMuo,on_demand,not_subscribed,AT,104,4,1,0,0.0066666666666666671,0,0,1,0.0066666666666666671
20260928,UCSes4X8uDrpc4X46hJKjejg,2n5LJUyMtAk,on_demand,subscribed,CA,101,9,1,0,0.02615,0,0,0,0
20260928,UCSes4X8uDrpc4X46hJKjejg,6C69Z_OCe4c,on_demand,not_subscribed,US,104,5,3,1,1.072,59.64,99.4,1,0.994
20260928,UCSes4X8uDrpc4X46hJKjejg,HtZ8tDkeGJY,on_demand,not_subscribed,PH,104,4,16,9,7.4483333333333333,49.655555555555551,84.161958568738228,0,0
20260928,UCSes4X8uDrpc4X46hJKjejg,e7CxdG8sNlA,on_demand,not_subscribed,US,102,29,4,1,2.9799333333333333,173.318,36.488,1,0.033283333333333331
20260928,UCSes4X8uDrpc4X46hJKjejg,HwWx5nhjCx8,on_demand,not_subscribed,US,102,12,1,0,0.086483333333333329,0,0,0,0
20260928,UCSes4X8uDrpc4X46hJKjejg,Y8VmQ0NuFhs,on_demand,not_subscribed,US,101,9,1,0,0.051416666666666666,0,0,0,0
20260928,UCSes4X8uDrpc4X46hJKjejg,fAZy3HtHBzA,on_demand,not_subscribed,ZA,102,4,1,1,0.16193333333333335,9.716,30.3625,0,0
20260928,UCSes4X8uDrpc4X46hJKjejg,NN_PzDZuw9g,on_demand,not_subscribed,US,102,4,1,1,1.2707333333333333,76.244,71.256074766355141,0,0
20260928,UCSes4X8uDrpc4X46hJKjejg,Aa5QDN6HCy0,on_demand,not_subscribed,PH,104,4,2,1,1.015,60.9,106.84210526315789,0,0
20260928,UCSes4X8uDrpc4X46hJKjejg,tIFk16TQrU4,on_demand,not_subscribed,DE,104,4,1,0,0.033333333333333333,0,0,0,0
20260928,UCSes4X8uDrpc4X46hJKjejg,-k1Ng7TE63Q,on_demand,not_subscribed,NZ,104,4,3,1,1.015,60.9,203,0,0
20260928,UCSes4X8uDrpc4X46hJKjejg,JoHK3Z-nc9s,on_demand,not_subscribed,US,102,26,2,2,16.421933333333332,492.658,52.078012684989432,1,15.75435
20260928,UCSes4X8uDrpc4X46hJKjejg,LguyQAIoKlA,on_demand,not_subscribed,CA,101,2,1,1,6.7210333333333336,403.262,9.1256392849060877,0,0
20260928,UCSes4X8uDrpc4X46hJKjejg,YHtB62qU1r8,on_demand,not_subscribed,AU,102,21,1,0,0.095533333333333331,0,0,0,0
20260928,UCSes4X8uDrpc4X46hJKjejg,5GYyKcjXNN0,on_demand,not_subscribed,US,105,5,18,12,5.8823333333333334,28.768333333333334,35.516460905349795,6,0.6815
20260928,UCSes4X8uDrpc4X46hJKjejg,yqQ_QnY4_XU,on_demand,not_subscribed,GB,104,5,1,0,0.024333333333333332,0,0,0,0
20260928,UCSes4X8uDrpc4X46hJKjejg,iOURk-GhPG0,on_demand,not_subscribed,AU,105,5,2,1,0.11243333333333333,4.286,14.779310344827586,0,0
20260928,UCSes4X8uDrpc4X46hJKjejg,op6JvrFdWrY,on_demand,subscribed,GR,104,4,1,1,0.28166666666666668,16.9,70.416666666666671,0,0
20260928,UCSes4X8uDrpc4X46hJKjejg,dgP0I7rPTlU,on_demand,not_subscribed,NL,101,2,1,0,0.0018166666666666667,0,0,0,0
20260928,UCSes4X8uDrpc4X46hJKjejg,JZgusHsQ0l4,on_demand,not_subscribed,PR,104,4,2,1,0.91666666666666663,55,105.76923076923077,0,0
20260928,UCSes4X8uDrpc4X46hJKjejg,1vlcjLtd_AM,on_demand,not_subscribed,US,101,9,1,1,0.7912,47.472,96.881632653061232,0,0
20260928,UCSes4X8uDrpc4X46hJKjejg,WATJsSNezuM,on_demand,not_subscribed,IL,104,5,1,1,0.15683333333333332,9.41,15.949152542372881,0,0
20260928,UCSes4X8uDrpc4X46hJKjejg,unimgWGUpHM,on_demand,not_subscribed,NO,101,2,2,1,0.72085,43.251,102.97857142857143,0,0
20260928,UCSes4X8uDrpc4X46hJKjejg,op6JvrFdWrY,on_demand,not_subscribed,SG,101,2,2,1,0.40951666666666664,24.571,102.37916666666666,0,0
20260928,UCSes4X8uDrpc4X46hJKjejg,IkDS7ZhVkA4,on_demand,not_subscribed,US,101,9,3,1,0.12413333333333333,5.314,0.2302426343154246,0,0
20260928,UCSes4X8uDrpc4X46hJKjejg,KWIVBbqRwZ8,on_demand,subscribed,IN,104,4,2,1,0.99333333333333329,59.6,165.55555555555554,0,0
20260928,UCSes4X8uDrpc4X46hJKjejg,M-M22Ac4CRE,on_demand,not_subscribed,CA,101,9,4,1,1.1267166666666666,58.951,178.63939393939393,2,0.9825166666666667
20260928,UCSes4X8uDrpc4X46hJKjejg,dKoSQ-63gP4,on_demand,not_subscribed,US,101,30,4,2,1.0664833333333332,31.9495,5.2462233169129719,0,0
20260928,UCSes4X8uDrpc4X46hJKjejg,2gYc9vascu8,on_demand,subscribed,US,104,5,1,0,0.0068333333333333336,0,0,0,0
20260928,UCSes4X8uDrpc4X46hJKjejg,JZgusHsQ0l4,on_demand,not_subscribed,ID,104,4,1,1,0,0,0,0,0
20260928,UCSes4X8uDrpc4X46hJKjejg,0b8eta7f8mY,on_demand,not_subscribed,CA,101,1,1,1,2.0512666666666668,123.076,23.354079696394688,0,0
20260928,UCSes4X8uDrpc4X46hJKjejg,gTMjT4y5LHE,on_demand,subscribed,DE,101,9,2,0,0.012666666666666666,0,0,0,0
20260928,UCSes4X8uDrpc4X46hJKjejg,9LFMqUAyB_U,on_demand,not_subscribed,US,104,4,6,1,0.14,4.6,0.54054054054054057,0,0
20260928,UCSes4X8uDrpc4X46hJKjejg,UvWPXkksqmM,on_demand,not_subscribed,NL,104,5,1,0,0.011,0,0,0,0
20260928,UCSes4X8uDrpc4X46hJKjejg,0b8eta7f8mY,on_demand,not_subscribed,KZ,104,4,1,0,0.03833333333333333,0,0,0,0
20260928,UCSes4X8uDrpc4X46hJKjejg,9zaom3QbjYs,on_demand,not_subscribed,HK,104,4,1,0,0.025,0,0,0,0
20260928,UCSes4X8uDrpc4X46hJKjejg,-CjQjOd2JEA,on_demand,not_subscribed,US,103,17,68,50,81.255266666666671,95.86624,33.874996466431092,7,11.021333333333335
20260928,UCSes4X8uDrpc4X46hJKjejg,J6rzMuvuMuo,on_demand,subscribed,GB,104,4,1,1,0.34166666666666667,20.5,28.472222222222221,0,0
20260928,UCSes4X8uDrpc4X46hJKjejg,gTMjT4y5LHE,on_demand,not_subscribed,BG,104,5,1,0,0.066666666666666666,0,0,0,0
20260928,UCSes4X8uDrpc4X46hJKjejg,BeZUS-lZ4qs,on_demand,not_subscribed,HK,104,4,2,1,2.575,152.5,4.9225306649451257,1,2.5416666666666665
20260928,UCSes4X8uDrpc4X46hJKjejg,op6JvrFdWrY,on_demand,not_subscribed,GB,104,5,2,1,0.39716666666666667,23.83,99.291666666666671,0,0
20260928,UCSes4X8uDrpc4X46hJKjejg,YHtB62qU1r8,on_demand,not_subscribed,US,103,17,20,14,26.428666666666668,111.77978571428571,23.782933130699089,6,14.283166666666666
20260928,UCSes4X8uDrpc4X46hJKjejg,-CjQjOd2JEA,on_demand,not_subscribed,IE,101,2,2,1,4.7127,282.241,99.731802120141339,0,0
20260928,UCSes4X8uDrpc4X46hJKjejg,YHtB62qU1r8,on_demand,not_subscribed,IT,101,9,1,0,0.0164,0,0,0,0
20260928,UCSes4X8uDrpc4X46hJKjejg,BeZUS-lZ4qs,on_demand,not_subscribed,JE,104,5,1,1,1.296,77.76,2.5100064557779214,0,0
20260928,UCSes4X8uDrpc4X46hJKjejg,5GYyKcjXNN0,on_demand,not_subscribed,GB,101,9,1,1,0.093133333333333332,5.588,6.8987654320987657,0,0
20260928,UCSes4X8uDrpc4X46hJKjejg,gd99bVTXeFE,on_demand,not_subscribed,US,102,26,2,2,31.109566666666666,933.287,59.482919056724029,0,0
20260928,UCSes4X8uDrpc4X46hJKjejg,V9NkcCuZZys,on_demand,not_subscribed,FR,102,28,1,0,0.0016333333333333334,0,0,1,0.0016333333333333334
20260928,UCSes4X8uDrpc4X46hJKjejg,M66gbDu5x1g,on_demand,not_subscribed,US,104,4,1,0,0.018333333333333333,0,0,0,0
20260928,UCSes4X8uDrpc4X46hJKjejg,BeZUS-lZ4qs,on_demand,not_subscribed,HN,101,9,2,1,0.60653333333333337,35.545,1.1473531310522918,1,0.5924166666666667
20260928,UCSes4X8uDrpc4X46hJKjejg,iOURk-GhPG0,on_demand,not_subscribed,LA,104,4,6,2,2.3576333333333332,70.729,243.89310344827587,0,0
20260928,UCSes4X8uDrpc4X46hJKjejg,XxNpGT_I6mk,on_demand,not_subscribed,US,102,1,1,1,0.50216666666666665,30.13,91.3030303030303,0,0
20260928,UCSes4X8uDrpc4X46hJKjejg,e7CxdG8sNlA,on_demand,subscribed,US,104,4,2,2,13.2,396,83.368421052631575,0,0
20260928,UCSes4X8uDrpc4X46hJKjejg,JZgusHsQ0l4,on_demand,not_subscribed,MY,104,5,1,0,0.010666666666666666,0,0,0,0
20260928,UCSes4X8uDrpc4X46hJKjejg,t41Git-3nRA,on_demand,not_subscribed,US,104,5,1,0,0.031,0,0,0,0
20260928,UCSes4X8uDrpc4X46hJKjejg,BeZUS-lZ4qs,on_demand,not_subscribed,DO,102,4,1,1,29.8742,1792.452,57.858360232408,1,29.8742
20260928,UCSes4X8uDrpc4X46hJKjejg,iOURk-GhPG0,on_demand,not_subscribed,FR,104,5,2,1,0.479,28.74,99.103448275862064,0,0
20260928,UCSes4X8uDrpc4X46hJKjejg,x4NHj0cFfKw,on_demand,not_subscribed,US,104,5,2,1,0.96333333333333337,57.8,103.21428571428571,0,0
20260928,UCSes4X8uDrpc4X46hJKjejg,HtZ8tDkeGJY,on_demand,subscribed,ID,104,4,1,1,0.083333333333333329,5,8.4745762711864412,0,0
20260928,UCSes4X8uDrpc4X46hJKjejg,-CjQjOd2JEA,on_demand,not_subscribed,VN,104,4,2,1,1.4933333333333334,88.9,31.413427561837455,0,0
20260928,UCSes4X8uDrpc4X46hJKjejg,gTMjT4y5LHE,on_demand,not_subscribed,BB,104,4,1,0,0.01,0,0,0,0
20260928,UCSes4X8uDrpc4X46hJKjejg,HtZ8tDkeGJY,on_demand,not_subscribed,SG,104,5,2,1,0.88725,53.235,90.228813559322035,0,0
20260928,UCSes4X8uDrpc4X46hJKjejg,UvWPXkksqmM,on_demand,not_subscribed,US,102,28,1,1,11.02035,661.221,99.882326283987922,0,0
20260928,UCSes4X8uDrpc4X46hJKjejg,sGp0GTGccKY,on_demand,not_subscribed,US,101,9,48,0,4.0032,0,0,0,0
20260928,UCSes4X8uDrpc4X46hJKjejg,5GYyKcjXNN0,on_demand,not_subscribed,CA,104,4,2,2,2.33,69.9,86.296296296296291,0,0
20260928,UCSes4X8uDrpc4X46hJKjejg,2n5LJUyMtAk,on_demand,not_subscribed,FR,104,5,2,0,0.03216666666666667,0,0,0,0
20260928,UCSes4X8uDrpc4X46hJKjejg,ID5K-VWCXew,on_demand,not_subscribed,AU,104,4,1,1,0.46666666666666667,28,93.333333333333329,0,0
20260928,UCSes4X8uDrpc4X46hJKjejg,Ox7Rrh40O2o,on_demand,not_subscribed,CA,104,5,1,1,0.73008333333333331,43.805,54.75625,1,0.73008333333333331
20260928,UCSes4X8uDrpc4X46hJKjejg,V9NkcCuZZys,on_demand,not_subscribed,US,104,5,1,0,0.049166666666666664,0,0,0,0
20260928,UCSes4X8uDrpc4X46hJKjejg,A7YpyzGt_6c,on_demand,not_subscribed,US,101,2,1,1,0.27123333333333333,16.274,0.29970534069981586,0,0
20260928,UCSes4X8uDrpc4X46hJKjejg,-9jvIbYHhag,on_demand,not_subscribed,US,101,9,2,2,1.1708666666666667,35.126,22.091823899371068,0,0
20260928,UCSes4X8uDrpc4X46hJKjejg,gmPsKXt4foY,on_demand,not_subscribed,US,105,5,20,9,8.7071666666666658,57.596666666666664,127.99259259259259,6,2.7331666666666665
20260928,UCSes4X8uDrpc4X46hJKjejg,JZgusHsQ0l4,on_demand,not_subscribed,MA,102,4,2,1,0.86281666666666668,51.769,99.555769230769229,0,0
20260928,UCSes4X8uDrpc4X46hJKjejg,5GYyKcjXNN0,on_demand,not_subscribed,IN,104,4,3,2,0.22666666666666666,6.8,8.3950617283950617,1,0.13833333333333334
20260928,UCSes4X8uDrpc4X46hJKjejg,0JHD_pApR7w,on_demand,not_subscribed,PH,104,4,3,1,0.415,20.9,30.289855072463769,0,0
20260928,UCSes4X8uDrpc4X46hJKjejg,7_wBOZQYuhU,on_demand,not_subscribed,US,104,5,1,1,0.10183333333333333,6.11,10.35593220338983,0,0
20260928,UCSes4X8uDrpc4X46hJKjejg,unimgWGUpHM,on_demand,subscribed,CA,104,5,11,5,3.2916833333333333,38.1802,90.90523809523809,4,1.945
20260928,UCSes4X8uDrpc4X46hJKjejg,UvWPXkksqmM,on_demand,not_subscribed,US,102,26,7,5,21.960616666666667,262.4112,39.639154078549851,3,10.4027
20260928,UCSes4X8uDrpc4X46hJKjejg,pWCQrmx8beo,on_demand,subscribed,US,103,17,1,1,4.158266666666667,249.496,8.2944148936170219,0,0
20260928,UCSes4X8uDrpc4X46hJKjejg,dKoSQ-63gP4,on_demand,not_subscribed,CR,102,4,1,1,10.068433333333333,604.106,99.196387520525448,0,0
20260928,UCSes4X8uDrpc4X46hJKjejg,oujDWGTay-Q,on_demand,not_subscribed,US,104,4,7,2,1.8183333333333334,51.75,69,0,0
20260928,UCSes4X8uDrpc4X46hJKjejg,Rl73WZoqKzE,on_demand,subscribed,IL,104,4,1,0,0.14333333333333334,0,0,0,0
20260928,UCSes4X8uDrpc4X46hJKjejg,-CjQjOd2JEA,on_demand,not_subscribed,HK,104,4,1,0,0.051666666666666666,0,0,0,0
20260928,UCSes4X8uDrpc4X46hJKjejg,YWmM-Tkjmvo,on_demand,not_subscribed,PR,102,29,1,1,4.34865,260.919,90.596875,0,0
20260928,UCSes4X8uDrpc4X46hJKjejg,iOURk-GhPG0,on_demand,not_subscribed,GB,104,4,4,4,0.61833333333333329,9.275,31.982758620689655,0,0
20260928,UCSes4X8uDrpc4X46hJKjejg,M-M22Ac4CRE,on_demand,not_subscribed,PH,104,5,7,3,2.9341666666666666,58.683333333333337,177.82828282828282,7,2.9341666666666666
20260928,UCSes4X8uDrpc4X46hJKjejg,XxNpGT_I6mk,on_demand,not_subscribed,PH,104,4,3,1,1.1519166666666667,69.115,209.43939393939394,0,0
20260928,UCSes4X8uDrpc4X46hJKjejg,MEHDJ9V-lIk,on_demand,subscribed,PH,101,2,2,2,4.8929833333333335,146.7895,7.1257038834951461,2,4.8929833333333335
20260928,UCSes4X8uDrpc4X46hJKjejg,yqQ_QnY4_XU,on_demand,not_subscribed,DE,104,5,2,1,1.0561666666666667,63.37,134.82978723404256,0,0
20260928,UCSes4X8uDrpc4X46hJKjejg,2n5LJUyMtAk,on_demand,not_subscribed,GB,104,4,2,0,0.115,0,0,0,0
20260928,UCSes4X8uDrpc4X46hJKjejg,6ljakZEWb0o,on_demand,not_subscribed,GB,104,5,6,3,50.8857,1016.9233333333333,36.805042827844133,0,0
20260928,UCSes4X8uDrpc4X46hJKjejg,5GYyKcjXNN0,on_demand,subscribed,US,104,5,78,50,42.677516666666669,50.55622,62.415086419753088,16,7.0596666666666676
20260928,UCSes4X8uDrpc4X46hJKjejg,KTTR2wpQKDw,on_demand,not_subscribed,US,104,4,1,1,1.3336833333333333,80.021,100.02625,0,0
20260928,UCSes4X8uDrpc4X46hJKjejg,MEHDJ9V-lIk,on_demand,not_subscribed,FR,101,2,5,2,15.840916666666667,473.2195,22.971820388349514,0,0
20260928,UCSes4X8uDrpc4X46hJKjejg,ymfIczLSXfI,on_demand,not_subscribed,FR,104,4,2,1,0.63833333333333331,38.3,100.78947368421052,0,0
20260928,UCSes4X8uDrpc4X46hJKjejg,9zaom3QbjYs,on_demand,not_subscribed,KY,104,5,1,1,2.054,123.24,16.237154150197629,0,0
20260928,UCSes4X8uDrpc4X46hJKjejg,Axk5Cd1W1JU,on_demand,not_subscribed,US,104,5,1,1,1.3956666666666666,83.74,93.044444444444451,0,0
20260928,UCSes4X8uDrpc4X46hJKjejg,JsEe4qzWT40,on_demand,subscribed,US,104,5,1,1,0.87333333333333329,52.4,83.174603174603178,0,0
20260928,UCSes4X8uDrpc4X46hJKjejg,jCAYf9Ha0xY,on_demand,not_subscribed,IN,104,4,1,1,0.081666666666666665,4.9,6.4473684210526319,0,0
20260928,UCSes4X8uDrpc4X46hJKjejg,RNnuUOuuVfo,on_demand,not_subscribed,US,104,5,1,1,1.1248333333333334,67.49,49.625,0,0
20260928,UCSes4X8uDrpc4X46hJKjejg,gTMjT4y5LHE,on_demand,not_subscribed,PT,104,4,3,0,0.088333333333333333,0,0,0,0
20260928,UCSes4X8uDrpc4X46hJKjejg,2dTehcFnpis,on_demand,not_subscribed,US,104,5,6,2,0.964,26.905,92.775862068965523,1,0.47083333333333333
20260928,UCSes4X8uDrpc4X46hJKjejg,WAYYE5BMG6c,on_demand,not_subscribed,US,102,1,1,1,3.0420333333333334,182.522,9.61654373024236,1,3.0420333333333334
20260928,UCSes4X8uDrpc4X46hJKjejg,HtZ8tDkeGJY,on_demand,not_subscribed,TW,104,5,1,1,0.17966666666666667,10.78,18.271186440677965,0,0
20260928,UCSes4X8uDrpc4X46hJKjejg,fyi6d0AButQ,on_demand,not_subscribed,AU,101,9,2,1,2.8302166666666668,168.955,55.577302631578945,0,0
20260928,UCSes4X8uDrpc4X46hJKjejg,op6JvrFdWrY,on_demand,not_subscribed,DE,104,5,2,1,0.216,10.18,42.416666666666664,1,0.16966666666666666
20260928,UCSes4X8uDrpc4X46hJKjejg,fAZy3HtHBzA,on_demand,not_subscribed,ZA,104,4,1,1,0.07166666666666667,4.3,13.4375,0,0
20260928,UCSes4X8uDrpc4X46hJKjejg,FCAC9ZyPn_4,on_demand,not_subscribed,US,101,2,1,0,0.0039,0,0,0,0
20260928,UCSes4X8uDrpc4X46hJKjejg,Rl73WZoqKzE,on_demand,not_subscribed,US,102,1,2,2,0.48723333333333335,14.617,2.45251677852349,0,0
20260928,UCSes4X8uDrpc4X46hJKjejg,KoxnHEXhTNQ,on_demand,not_subscribed,US,104,5,4,2,0.66811666666666669,20.0435,100.2175,0,0
20260928,UCSes4X8uDrpc4X46hJKjejg,NN_PzDZuw9g,on_demand,not_subscribed,US,104,4,3,1,3.4333333333333331,206,192.52336448598132,0,0
20260928,UCSes4X8uDrpc4X46hJKjejg,WAYYE5BMG6c,on_demand,subscribed,US,101,9,5,0,0.096383333333333335,0,0,0,0
20260928,UCSes4X8uDrpc4X46hJKjejg,gmPsKXt4foY,on_demand,not_subscribed,FI,101,2,2,1,0.7973,47.838,106.30666666666667,0,0
20260928,UCSes4X8uDrpc4X46hJKjejg,gmPsKXt4foY,on_demand,not_subscribed,CA,104,4,20,9,9.305,61.666666666666664,137.03703703703704,3,0.91666666666666663
20260928,UCSes4X8uDrpc4X46hJKjejg,Rl73WZoqKzE,on_demand,subscribed,US,101,9,7,2,10.703516666666667,315.1215,52.872734899328862,1,9.9212333333333333
20260928,UCSes4X8uDrpc4X46hJKjejg,l5M2ICRhyEA,on_demand,not_subscribed,LR,104,4,1,1,0.55,33,100,0,0
20260928,UCSes4X8uDrpc4X46hJKjejg,QyNJt23xOvk,on_demand,not_subscribed,US,104,5,1,0,0.021166666666666667,0,0,0,0
20260928,UCSes4X8uDrpc4X46hJKjejg,JZgusHsQ0l4,on_demand,subscribed,PH,104,4,1,0,0.055,0,0,0,0
20260928,UCSes4X8uDrpc4X46hJKjejg,LguyQAIoKlA,on_demand,not_subscribed,US,102,26,2,2,0.8390333333333333,25.171,0.56960850871237834,0,0
20260928,UCSes4X8uDrpc4X46hJKjejg,yXI5JzLdcwk,on_demand,not_subscribed,GB,104,4,3,1,1.34,79.6,99.5,0,0
20260928,UCSes4X8uDrpc4X46hJKjejg,MEHDJ9V-lIk,on_demand,not_subscribed,PH,102,19,1,1,2.1958666666666669,131.752,6.395728155339806,1,2.1958666666666669
20260928,UCSes4X8uDrpc4X46hJKjejg,l5M2ICRhyEA,on_demand,subscribed,US,101,2,4,1,0.35138333333333333,14.535,44.045454545454547,1,0.24225
20260928,UCSes4X8uDrpc4X46hJKjejg,7HuaEHVdk6c,on_demand,not_subscribed,AU,104,4,1,0,0.075,0,0,0,0
20260928,UCSes4X8uDrpc4X46hJKjejg,u9yo-7_Ly7M,on_demand,not_subscribed,US,101,2,1,1,7.4211333333333336,445.268,80.957818181818183,0,0
20260928,UCSes4X8uDrpc4X46hJKjejg,6wZwOsYD9rQ,on_demand,not_subscribed,RS,104,4,1,0,0.0066666666666666671,0,0,0,0
20260928,UCSes4X8uDrpc4X46hJKjejg,Ppxt7uU9PRA,on_demand,subscribed,US,104,4,1,0,0.016666666666666666,0,0,0,0
20260928,UCSes4X8uDrpc4X46hJKjejg,XTGlwLovDD0,on_demand,not_subscribed,US,104,4,1,0,0.0083333333333333332,0,0,0,0
20260928,UCSes4X8uDrpc4X46hJKjejg,l5M2ICRhyEA,on_demand,not_subscribed,BS,104,4,2,1,0.55333333333333334,33.2,100.60606060606061,0,0
20260928,UCSes4X8uDrpc4X46hJKjejg,XxNpGT_I6mk,on_demand,not_subscribed,AU,104,4,4,0,0.20666666666666667,0,0,0,0
20260928,UCSes4X8uDrpc4X46hJKjejg,HtZ8tDkeGJY,on_demand,not_subscribed,PL,101,2,1,1,0.3531,21.186,35.908474576271189,1,0.3531
20260928,UCSes4X8uDrpc4X46hJKjejg,2zGgUw4SUCA,on_demand,not_subscribed,US,101,9,1,0,0.00078333333333333336,0,0,0,0
20260928,UCSes4X8uDrpc4X46hJKjejg,gTMjT4y5LHE,on_demand,not_subscribed,KN,101,9,1,0,0.066616666666666671,0,0,0,0
20260928,UCSes4X8uDrpc4X46hJKjejg,0JHD_pApR7w,on_demand,not_subscribed,SG,104,5,1,1,0.94066666666666665,56.44,81.79710144927536,0,0
20260928,UCSes4X8uDrpc4X46hJKjejg,dKoSQ-63gP4,on_demand,not_subscribed,CA,102,19,2,2,9.3075833333333335,279.2275,45.850164203612479,0,0
20260928,UCSes4X8uDrpc4X46hJKjejg,WAYYE5BMG6c,on_demand,not_subscribed,BE,104,5,1,0,0.074,0,0,0,0
20260928,UCSes4X8uDrpc4X46hJKjejg,gTMjT4y5LHE,on_demand,not_subscribed,BZ,102,4,2,2,1.9644833333333334,58.9345,11.930060728744939,0,0
20260928,UCSes4X8uDrpc4X46hJKjejg,zS69CFjoay8,on_demand,not_subscribed,HK,104,5,1,1,0.091833333333333336,5.51,10.39622641509434,1,0.091833333333333336
20260928,UCSes4X8uDrpc4X46hJKjejg,BeZUS-lZ4qs,on_demand,not_subscribed,PL,104,5,1,1,0.12216666666666667,7.33,0.23660426081342803,0,0
20260928,UCSes4X8uDrpc4X46hJKjejg,LXgH2eBmrF8,on_demand,not_subscribed,IE,104,4,1,1,0.215,12.9,41.612903225806448,0,0
20260928,UCSes4X8uDrpc4X46hJKjejg,XlT3SmO6YYs,on_demand,not_subscribed,US,104,5,9,5,6.17445,73.1914,64.771150442477875,1,0.04583333333333333
20260928,UCSes4X8uDrpc4X46hJKjejg,glMYlkjTPJA,on_demand,not_subscribed,PK,101,2,2,1,1.155,69.3,135.88235294117646,0,0
20260928,UCSes4X8uDrpc4X46hJKjejg,0b8eta7f8mY,on_demand,not_subscribed,CA,102,4,3,2,3.2372333333333332,93.1485,17.675237191650854,0,0
20260928,UCSes4X8uDrpc4X46hJKjejg,pWCQrmx8beo,on_demand,not_subscribed,CA,104,5,2,2,58.00183333333333,1740.055,57.847573138297875,0,0
20260928,UCSes4X8uDrpc4X46hJKjejg,WAYYE5BMG6c,on_demand,not_subscribed,PH,104,4,6,6,47.525,475.25,25.039515279241307,1,23.368333333333332
20260928,UCSes4X8uDrpc4X46hJKjejg,gmPsKXt4foY,on_demand,subscribed,US,104,5,189,93,66.647166666666664,42.41193548387097,94.248745519713268,35,13.271833333333333
20260928,UCSes4X8uDrpc4X46hJKjejg,po8YrSQivoM,on_demand,not_subscribed,US,104,5,7,6,69.317166666666665,692.1149999999999,20.16652097902098,0,0
20260928,UCSes4X8uDrpc4X46hJKjejg,Rl73WZoqKzE,on_demand,not_subscribed,PH,104,4,5,4,16.127016666666666,241.65525,40.546182885906042,0,0
20260928,UCSes4X8uDrpc4X46hJKjejg,-CjQjOd2JEA,on_demand,not_subscribed,GB,102,12,2,2,1.2901833333333332,38.7055,13.676855123674912,0,0
20260928,UCSes4X8uDrpc4X46hJKjejg,2Q710LlwPG4,on_demand,not_subscribed,US,101,2,3,0,0.16031666666666666,0,0,0,0
20260928,UCSes4X8uDrpc4X46hJKjejg,5WC7gUC932A,on_demand,not_subscribed,KR,104,5,4,1,3.5335,211.81,143.11486486486487,0,0
20260928,UCSes4X8uDrpc4X46hJKjejg,BeZUS-lZ4qs,on_demand,not_subscribed,NO,101,2,2,0,0.040016666666666666,0,0,0,0
20260928,UCSes4X8uDrpc4X46hJKjejg,iOURk-GhPG0,on_demand,not_subscribed,DE,104,4,4,2,0.61,17.4,60,0,0
20260928,UCSes4X8uDrpc4X46hJKjejg,zxka0rRvmaU,on_demand,not_subscribed,US,104,4,1,0,0,0,0,0,0
20260928,UCSes4X8uDrpc4X46hJKjejg,8tbSej4GRRM,on_demand,not_subscribed,GB,104,5,1,0,0.0955,0,0,0,0
20260928,UCSes4X8uDrpc4X46hJKjejg,k_Qt4Ilp70c,on_demand,not_subscribed,US,105,5,1,1,1.5333333333333334,92,15.699658703071673,0,0
20260928,UCSes4X8uDrpc4X46hJKjejg,op6JvrFdWrY,on_demand,not_subscribed,RS,104,5,1,1,0.32583333333333331,19.55,81.458333333333329,0,0
20260928,UCSes4X8uDrpc4X46hJKjejg,l5M2ICRhyEA,on_demand,not_subscribed,US,102,19,7,3,2.9736166666666666,59.472333333333331,180.21919191919193,1,0.33616666666666667
20260928,UCSes4X8uDrpc4X46hJKjejg,7Ef_mmNaT5o,on_demand,not_subscribed,US,101,9,2,1,0.62551666666666672,37.078,80.604347826086951,0,0
20260928,UCSes4X8uDrpc4X46hJKjejg,sc2QVbRxxV8,on_demand,not_subscribed,CA,104,4,1,0,0.015,0,0,0,0
20260928,UCSes4X8uDrpc4X46hJKjejg,QLFDB2t734A,on_demand,subscribed,US,104,4,2,1,1.2733,76.398,117.53538461538461,0,0
20260928,UCSes4X8uDrpc4X46hJKjejg,2n5LJUyMtAk,on_demand,not_subscribed,DE,104,4,1,0,0.0066666666666666671,0,0,0,0
20260928,UCSes4X8uDrpc4X46hJKjejg,6ljakZEWb0o,on_demand,not_subscribed,DE,104,5,4,1,6.7806666666666668,404.34,14.634093376764387,0,0
20260928,UCSes4X8uDrpc4X46hJKjejg,WATJsSNezuM,on_demand,not_subscribed,PH,105,5,2,1,0.98666666666666669,59.2,100.33898305084746,0,0
20260928,UCSes4X8uDrpc4X46hJKjejg,IkDS7ZhVkA4,on_demand,subscribed,US,102,1,1,1,0.17173333333333332,10.304,0.44644714038128247,0,0
20260928,UCSes4X8uDrpc4X46hJKjejg,OGOmzWG_ThE,on_demand,not_subscribed,CA,104,5,1,0,0.13016666666666668,0,0,0,0
20260928,UCSes4X8uDrpc4X46hJKjejg,MEHDJ9V-lIk,on_demand,not_subscribed,AU,102,19,1,1,0.65761666666666663,39.457,1.9153883495145632,0,0
20260928,UCSes4X8uDrpc4X46hJKjejg,MEHDJ9V-lIk,on_demand,not_subscribed,BR,103,10,1,0,0.013516666666666666,0,0,0,0
20260928,UCSes4X8uDrpc4X46hJKjejg,sc2QVbRxxV8,on_demand,not_subscribed,IN,104,4,1,1,0.093333333333333338,5.6,15.135135135135135,1,0.093333333333333338
20260928,UCSes4X8uDrpc4X46hJKjejg,JZgusHsQ0l4,on_demand,not_subscribed,CA,101,2,4,1,0.9539333333333333,53.099,102.11346153846154,1,0.0018833333333333334
20260928,UCSes4X8uDrpc4X46hJKjejg,1Vs6b9DRFto,on_demand,not_subscribed,US,104,4,1,0,0.015,0,0,0,0
20260928,UCSes4X8uDrpc4X46hJKjejg,gTMjT4y5LHE,on_demand,not_subscribed,SE,101,2,2,1,1.3061,75.396,15.262348178137652,0,0
20260928,UCSes4X8uDrpc4X46hJKjejg,HtZ8tDkeGJY,on_demand,not_subscribed,SY,104,4,1,1,0.12833333333333333,7.7,13.050847457627119,0,0
20260928,UCSes4X8uDrpc4X46hJKjejg,JZgusHsQ0l4,on_demand,not_subscribed,IN,101,2,1,0,0.0533,0,0,0,0
20260928,UCSes4X8uDrpc4X46hJKjejg,nr2XQrdnjdQ,on_demand,not_subscribed,US,104,4,3,0,0.065,0,0,0,0
20260928,UCSes4X8uDrpc4X46hJKjejg,dgP0I7rPTlU,on_demand,not_subscribed,PH,101,2,2,0,0.083533333333333334,0,0,0,0
20260928,UCSes4X8uDrpc4X46hJKjejg,fAZy3HtHBzA,on_demand,subscribed,GH,104,4,1,0,0.051666666666666666,0,0,0,0
20260928,UCSes4X8uDrpc4X46hJKjejg,fAZy3HtHBzA,on_demand,not_subscribed,US,102,4,3,2,0.80396666666666672,24.119,75.371875,0,0
20260928,UCSes4X8uDrpc4X46hJKjejg,ePdXtNfowRo,on_demand,not_subscribed,PH,101,1,1,0,0.014816666666666667,0,0,0,0
20260928,UCSes4X8uDrpc4X46hJKjejg,222EkE1XZs0,on_demand,not_subscribed,US,104,5,4,1,2.054,119.51,265.57777777777778,0,0
20260928,UCSes4X8uDrpc4X46hJKjejg,-CjQjOd2JEA,on_demand,not_subscribed,PL,104,5,2,2,4.8595,145.785,51.514134275618375,0,0
20260928,UCSes4X8uDrpc4X46hJKjejg,op6JvrFdWrY,on_demand,subscribed,EG,104,5,1,0,0.045166666666666667,0,0,0,0
20260928,UCSes4X8uDrpc4X46hJKjejg,gTMjT4y5LHE,on_demand,subscribed,US,103,17,6,5,16.304816666666667,194.4862,39.36967611336032,3,8.2402
20260928,UCSes4X8uDrpc4X46hJKjejg,MEHDJ9V-lIk,on_demand,not_subscribed,JP,104,4,2,0,0.083333333333333329,0,0,0,0
20260928,UCSes4X8uDrpc4X46hJKjejg,-8W7PIiwRYo,on_demand,not_subscribed,PH,104,4,1,0,0.02,0,0,0,0
20260928,UCSes4X8uDrpc4X46hJKjejg,fAZy3HtHBzA,on_demand,subscribed,NZ,104,4,1,0,0.026,0,0,0,0
20260928,UCSes4X8uDrpc4X46hJKjejg,WAYYE5BMG6c,on_demand,not_subscribed,AU,104,4,2,0,0.07166666666666667,0,0,0,0
20260928,UCSes4X8uDrpc4X46hJKjejg,fAZy3HtHBzA,on_demand,subscribed,FR,101,2,3,1,0.56966666666666665,32.666,102.08125,3,0.56966666666666665
20260928,UCSes4X8uDrpc4X46hJKjejg,sc2QVbRxxV8,on_demand,subscribed,US,104,5,1,1,0.13333333333333333,8,21.621621621621621,1,0.13333333333333333
20260928,UCSes4X8uDrpc4X46hJKjejg,BKajt53aHGo,on_demand,subscribed,US,104,4,4,1,0.17666666666666667,5,11.627906976744185,0,0
20260928,UCSes4X8uDrpc4X46hJKjejg,gmPsKXt4foY,on_demand,subscribed,CA,105,4,1,1,0.23166666666666666,13.9,30.888888888888889,0,0
20260928,UCSes4X8uDrpc4X46hJKjejg,UvWPXkksqmM,on_demand,not_subscribed,PH,104,5,1,0,0.023666666666666666,0,0,0,0
20260928,UCSes4X8uDrpc4X46hJKjejg,MaurflLy1CQ,on_demand,not_subscribed,US,104,4,2,2,15.04,451.2,71.16719242902208,0,0
20260928,UCSes4X8uDrpc4X46hJKjejg,Rl73WZoqKzE,on_demand,not_subscribed,AU,104,4,2,1,0.028333333333333332,1.4,0.2348993288590604,1,0.023333333333333334
20260928,UCSes4X8uDrpc4X46hJKjejg,hYGxcG9hdEE,on_demand,not_subscribed,US,104,5,1,0,0.0061666666666666667,0,0,0,0
20260928,UCSes4X8uDrpc4X46hJKjejg,QUD-7qlFQUs,on_demand,not_subscribed,KE,104,5,1,1,0.4995,29.97,54.490909090909092,0,0
20260928,UCSes4X8uDrpc4X46hJKjejg,0b8eta7f8mY,on_demand,not_subscribed,US,105,5,3,3,3.1021666666666667,62.043333333333329,11.77292852624921,0,0
20260928,UCSes4X8uDrpc4X46hJKjejg,Rl73WZoqKzE,on_demand,subscribed,PR,104,4,2,1,5.8833333333333337,353,59.228187919463089,0,0
20260928,UCSes4X8uDrpc4X46hJKjejg,fAZy3HtHBzA,on_demand,not_subscribed,KE,104,4,1,0,0.033333333333333333,0,0,0,0
20260928,UCSes4X8uDrpc4X46hJKjejg,HAYtxUru2wQ,on_demand,not_subscribed,US,104,4,5,4,3.2983333333333333,49.475,62.62658227848101,0,0
20260928,UCSes4X8uDrpc4X46hJKjejg,unimgWGUpHM,on_demand,not_subscribed,NG,104,4,1,1,0.21833333333333332,13.1,31.19047619047619,0,0
20260928,UCSes4X8uDrpc4X46hJKjejg,ePdXtNfowRo,on_demand,subscribed,US,101,2,1,0,0.025966666666666666,0,0,0,0
20260928,UCSes4X8uDrpc4X46hJKjejg,unimgWGUpHM,on_demand,not_subscribed,PT,104,5,2,1,0.96733333333333338,58.04,138.1904761904762,0,0
20260928,UCSes4X8uDrpc4X46hJKjejg,ybbL24ktLlw,on_demand,not_subscribed,CL,104,4,2,1,0.74833333333333329,44.9,118.15789473684211,2,0.74833333333333329
20260928,UCSes4X8uDrpc4X46hJKjejg,gmPsKXt4foY,on_demand,subscribed,PL,104,4,1,0,0.033333333333333333,0,0,1,0.033333333333333333
20260928,UCSes4X8uDrpc4X46hJKjejg,YHtB62qU1r8,on_demand,not_subscribed,BI,104,4,1,1,1.39,83.4,17.74468085106383,0,0
20260928,UCSes4X8uDrpc4X46hJKjejg,gTMjT4y5LHE,on_demand,not_subscribed,LV,101,2,1,0,0.0060166666666666667,0,0,0,0
20260928,UCSes4X8uDrpc4X46hJKjejg,nL2NDzhZSx0,on_demand,not_subscribed,US,104,5,1,0,0.15266666666666667,0,0,0,0
20260928,UCSes4X8uDrpc4X46hJKjejg,vjaPix9JaOk,on_demand,not_subscribed,US,104,5,1,0,0.0036666666666666666,0,0,0,0
20260928,UCSes4X8uDrpc4X46hJKjejg,-CjQjOd2JEA,on_demand,not_subscribed,DO,104,4,2,1,0.37666666666666665,21.1,7.4558303886925792,0,0
20260928,UCSes4X8uDrpc4X46hJKjejg,zxka0rRvmaU,on_demand,not_subscribed,AE,104,4,2,1,0.8132166666666667,48.793,103.81489361702128,0,0
20260928,UCSes4X8uDrpc4X46hJKjejg,dKoSQ-63gP4,on_demand,subscribed,US,102,26,3,1,0.6720666666666667,36.27,5.9556650246305418,1,0.052
20260928,UCSes4X8uDrpc4X46hJKjejg,l5M2ICRhyEA,on_demand,not_subscribed,RU,104,5,1,1,0.29266666666666669,17.56,53.212121212121211,1,0.29266666666666669
20260928,UCSes4X8uDrpc4X46hJKjejg,dKoSQ-63gP4,on_demand,not_subscribed,VI,101,9,2,1,9.49505,564.641,92.716091954022986,0,0
20260928,UCSes4X8uDrpc4X46hJKjejg,XxNpGT_I6mk,on_demand,not_subscribed,US,101,30,1,1,0.082983333333333339,4.979,15.087878787878788,0,0
20260928,UCSes4X8uDrpc4X46hJKjejg,1vlcjLtd_AM,on_demand,not_subscribed,FR,104,4,1,1,0.69833333333333336,41.9,85.510204081632651,0,0
20260928,UCSes4X8uDrpc4X46hJKjejg,Rl73WZoqKzE,on_demand,not_subscribed,SG,104,5,1,1,3.7346666666666666,224.08,37.597315436241608,0,0
20260928,UCSes4X8uDrpc4X46hJKjejg,BeZUS-lZ4qs,on_demand,subscribed,IN,104,5,1,1,51.6275,3097.65,99.988702388637833,1,51.6275
20260928,UCSes4X8uDrpc4X46hJKjejg,1r9wOlGPH28,on_demand,not_subscribed,IT,104,4,1,0,0.01,0,0,0,0
20260928,UCSes4X8uDrpc4X46hJKjejg,nr2XQrdnjdQ,on_demand,subscribed,CH,101,2,1,0,0.017166666666666667,0,0,1,0.017166666666666667
20260928,UCSes4X8uDrpc4X46hJKjejg,dKoSQ-63gP4,on_demand,subscribed,US,102,12,1,0,0.05868333333333333,0,0,1,0.05868333333333333
20260928,UCSes4X8uDrpc4X46hJKjejg,rq61MdGS0U4,on_demand,not_subscribed,US,102,4,1,0,0.0088833333333333334,0,0,0,0
20260928,UCSes4X8uDrpc4X46hJKjejg,0b8eta7f8mY,on_demand,not_subscribed,GB,101,9,4,2,9.1554166666666674,273.887,51.970967741935482,2,9.1295666666666673
20260928,UCSes4X8uDrpc4X46hJKjejg,XTGlwLovDD0,on_demand,subscribed,US,102,29,1,1,40.405166666666666,2424.31,99.971546391752582,1,40.405166666666666
20260928,UCSes4X8uDrpc4X46hJKjejg,MEHDJ9V-lIk,on_demand,not_subscribed,CH,101,2,1,0,0.0037166666666666667,0,0,0,0
20260928,UCSes4X8uDrpc4X46hJKjejg,JZgusHsQ0l4,on_demand,not_subscribed,ES,104,4,1,1,0.105,6.3,12.115384615384615,0,0
20260928,UCSes4X8uDrpc4X46hJKjejg,JZgusHsQ0l4,on_demand,not_subscribed,NL,104,5,4,2,1.0506666666666666,31.01,59.634615384615387,0,0
20260928,UCSes4X8uDrpc4X46hJKjejg,UvWPXkksqmM,on_demand,not_subscribed,AU,104,5,1,0,0.017333333333333333,0,0,0,0
20260928,UCSes4X8uDrpc4X46hJKjejg,ePdXtNfowRo,on_demand,not_subscribed,US,102,19,2,2,8.38945,251.6835,49.06111111111111,0,0
20260928,UCSes4X8uDrpc4X46hJKjejg,A7YpyzGt_6c,on_demand,not_subscribed,US,101,9,2,2,2.6910166666666666,80.7305,1.4867495395948436,0,0
20260928,UCSes4X8uDrpc4X46hJKjejg,MEHDJ9V-lIk,on_demand,subscribed,US,102,4,4,2,3.8851166666666668,113.4785,5.50866504854369,3,3.7992166666666662
20260928,UCSes4X8uDrpc4X46hJKjejg,-CjQjOd2JEA,on_demand,not_subscribed,CM,104,5,1,1,0.044866666666666666,2.692,0.95123674911660783,0,0
20260928,UCSes4X8uDrpc4X46hJKjejg,fAZy3HtHBzA,on_demand,not_subscribed,AU,101,9,2,1,0.77381666666666671,46.429,145.090625,0,0
20260928,UCSes4X8uDrpc4X46hJKjejg,unimgWGUpHM,on_demand,not_subscribed,US,103,10,2,1,0.73333333333333328,44,104.76190476190476,0,0
20260928,UCSes4X8uDrpc4X46hJKjejg,-CjQjOd2JEA,on_demand,not_subscribed,ZA,103,10,1,1,1.7815833333333333,106.895,37.772084805653712,0,0
20260928,UCSes4X8uDrpc4X46hJKjejg,6ljakZEWb0o,on_demand,not_subscribed,SG,101,9,1,0,0,0,0,0,0
20260928,UCSes4X8uDrpc4X46hJKjejg,0b8eta7f8mY,on_demand,not_subscribed,CA,104,4,2,2,2.4535666666666667,73.607,13.967172675521821,1,1.6716666666666666
20260928,UCSes4X8uDrpc4X46hJKjejg,unimgWGUpHM,on_demand,not_subscribed,BE,104,4,1,1,0.096666666666666665,5.8,13.80952380952381,0,0
20260928,UCSes4X8uDrpc4X46hJKjejg,-CjQjOd2JEA,on_demand,subscribed,CA,104,5,2,2,1.8763333333333334,56.29,19.890459363957596,0,0
20260928,UCSes4X8uDrpc4X46hJKjejg,IkDS7ZhVkA4,on_demand,not_subscribed,CA,101,2,1,0,0.0054166666666666669,0,0,0,0
20260928,UCSes4X8uDrpc4X46hJKjejg,gTMjT4y5LHE,on_demand,not_subscribed,CA,104,5,128,43,140.68205,191.85427906976744,38.836898597118918,10,37.490666666666669
20260928,UCSes4X8uDrpc4X46hJKjejg,5UEhfpivkPo,on_demand,not_subscribed,US,104,4,4,1,0.5083333333333333,30.5,108.92857142857143,2,0.5083333333333333
20260928,UCSes4X8uDrpc4X46hJKjejg,YHtB62qU1r8,on_demand,subscribed,CA,104,5,1,1,7.8226666666666667,469.36,99.863829787234039,0,0
20260928,UCSes4X8uDrpc4X46hJKjejg,0b8eta7f8mY,on_demand,not_subscribed,SI,102,19,1,1,7.4785666666666666,448.714,85.1449715370019,0,0
20260928,UCSes4X8uDrpc4X46hJKjejg,HCZIc9OVy1o,on_demand,subscribed,GB,104,4,1,0,0.066666666666666666,0,0,0,0
20260928,UCSes4X8uDrpc4X46hJKjejg,A7YpyzGt_6c,on_demand,subscribed,US,102,19,1,1,14.3461,860.766,15.852044198895028,0,0
20260928,UCSes4X8uDrpc4X46hJKjejg,gTMjT4y5LHE,on_demand,not_subscribed,IN,104,5,1,1,0.36036666666666667,21.622,4.3769230769230774,0,0
20260928,UCSes4X8uDrpc4X46hJKjejg,MEHDJ9V-lIk,on_demand,not_subscribed,BR,101,2,3,0,0.2438,0,0,0,0
20260928,UCSes4X8uDrpc4X46hJKjejg,dKoSQ-63gP4,on_demand,not_subscribed,CA,102,1,1,0,0.032016666666666665,0,0,0,0
20260928,UCSes4X8uDrpc4X46hJKjejg,w-ADzrijIv4,on_demand,not_subscribed,US,101,2,1,0,0.060966666666666669,0,0,0,0
20260928,UCSes4X8uDrpc4X46hJKjejg,MEHDJ9V-lIk,on_demand,not_subscribed,FR,101,9,2,0,0.094716666666666671,0,0,0,0
20260928,UCSes4X8uDrpc4X46hJKjejg,MEHDJ9V-lIk,on_demand,not_subscribed,US,105,4,1,1,0.23333333333333334,14,0.67961165048543692,0,0
20260928,UCSes4X8uDrpc4X46hJKjejg,YHtB62qU1r8,on_demand,not_subscribed,NA,102,4,1,1,0.92866666666666664,55.72,11.85531914893617,0,0
20260928,UCSes4X8uDrpc4X46hJKjejg,WAYYE5BMG6c,on_demand,not_subscribed,US,101,30,1,0,0.11643333333333333,0,0,0,0
20260928,UCSes4X8uDrpc4X46hJKjejg,op6JvrFdWrY,on_demand,not_subscribed,IT,104,5,1,1,0.16866666666666666,10.12,42.166666666666664,0,0
20260928,UCSes4X8uDrpc4X46hJKjejg,o0cTm3npoeM,on_demand,not_subscribed,US,104,5,1,1,0.12311666666666667,7.387,7.6947916666666663,0,0
20260928,UCSes4X8uDrpc4X46hJKjejg,5GYyKcjXNN0,on_demand,not_subscribed,US,103,17,3,2,0.274,7.5425,9.3117283950617278,2,0.1235
20260928,UCSes4X8uDrpc4X46hJKjejg,Rl73WZoqKzE,on_demand,not_subscribed,US,101,30,1,0,0.014183333333333333,0,0,0,0
20260928,UCSes4X8uDrpc4X46hJKjejg,s5FwywrEozM,on_demand,not_subscribed,US,104,5,7,4,2.0013333333333332,29.9675,73.091463414634148,3,0.8355
20260928,UCSes4X8uDrpc4X46hJKjejg,fAZy3HtHBzA,on_demand,subscribed,HR,104,4,3,1,0.56333333333333335,32.8,102.5,0,0
20260928,UCSes4X8uDrpc4X46hJKjejg,-CjQjOd2JEA,on_demand,not_subscribed,ZW,104,4,4,1,1.7716666666666667,104,36.74911660777385,0,0
20260928,UCSes4X8uDrpc4X46hJKjejg,51IWPtaGV0A,on_demand,subscribed,AU,104,5,1,1,10.380333333333333,622.82,90.526162790697668,1,10.380333333333333
20260928,UCSes4X8uDrpc4X46hJKjejg,3oF068CdTYo,on_demand,not_subscribed,CY,104,5,1,1,0.53983333333333339,32.39,95.264705882352942,0,0
20260928,UCSes4X8uDrpc4X46hJKjejg,JZgusHsQ0l4,on_demand,not_subscribed,US,102,26,6,3,3.4121,68.242,131.23461538461538,0,0
20260928,UCSes4X8uDrpc4X46hJKjejg,FCAC9ZyPn_4,on_demand,not_subscribed,US,101,9,2,0,0.070333333333333331,0,0,0,0
20260928,UCSes4X8uDrpc4X46hJKjejg,4rZ8j7jxsMI,on_demand,not_subscribed,MY,101,2,1,1,0.18501666666666666,11.101,15.858571428571429,1,0.18501666666666666
20260928,UCSes4X8uDrpc4X46hJKjejg,9vjrcOuBdYY,on_demand,not_subscribed,DE,101,9,2,0,0.04885,0,0,0,0
20260928,UCSes4X8uDrpc4X46hJKjejg,6ljakZEWb0o,on_demand,not_subscribed,FI,104,5,1,0,0.034666666666666665,0,0,0,0
20260928,UCSes4X8uDrpc4X46hJKjejg,Rl73WZoqKzE,on_demand,not_subscribed,PL,101,2,1,0,0.0071333333333333335,0,0,0,0
20260928,UCSes4X8uDrpc4X46hJKjejg,QUD-7qlFQUs,on_demand,not_subscribed,US,104,5,3,2,1.29,38.5,70,0,0
20260928,UCSes4X8uDrpc4X46hJKjejg,fAZy3HtHBzA,on_demand,not_subscribed,US,104,4,543,251,217.0285,50.8882828685259,159.02588396414342,95,44.449999999999996
20260928,UCSes4X8uDrpc4X46hJKjejg,Quf1VxVcRX4,on_demand,not_subscribed,US,104,4,1,0,0.012283333333333334,0,0,0,0
20260928,UCSes4X8uDrpc4X46hJKjejg,BeZUS-lZ4qs,on_demand,not_subscribed,BB,104,5,1,1,51.362833333333334,3081.77,99.476113621691411,0,0
20260928,UCSes4X8uDrpc4X46hJKjejg,6Cb-PtdJy98,on_demand,not_subscribed,TW,101,9,2,0,0.040583333333333332,0,0,0,0
20260928,UCSes4X8uDrpc4X46hJKjejg,MEHDJ9V-lIk,on_demand,not_subscribed,US,102,29,8,5,53.7784,644.7728,31.299650485436892,3,27.46875
20260928,UCSes4X8uDrpc4X46hJKjejg,KWIVBbqRwZ8,on_demand,not_subscribed,CA,104,5,3,1,0.53516666666666668,30.42,84.5,0,0
20260928,UCSes4X8uDrpc4X46hJKjejg,HtZ8tDkeGJY,on_demand,subscribed,CH,104,4,1,1,0.98,58.8,99.66101694915254,1,0.98
20260928,UCSes4X8uDrpc4X46hJKjejg,JZgusHsQ0l4,on_demand,not_subscribed,BR,104,4,9,2,6.583333333333333,194.9,374.80769230769232,0,0
20260928,UCSes4X8uDrpc4X46hJKjejg,eWSQp0g8llA,on_demand,not_subscribed,US,104,4,3,1,0.18333333333333332,10,3.1055900621118013,0,0
20260928,UCSes4X8uDrpc4X46hJKjejg,WAYYE5BMG6c,on_demand,not_subscribed,AO,104,4,3,3,38.605,772.1,40.679662802950475,0,0
20260928,UCSes4X8uDrpc4X46hJKjejg,ePdXtNfowRo,on_demand,not_subscribed,PH,102,4,1,0,0.0057666666666666665,0,0,1,0.0057666666666666665
20260928,UCSes4X8uDrpc4X46hJKjejg,DjhN1oAGTYA,on_demand,not_subscribed,US,104,5,8,4,7.93095,117.90175,40.655775862068964,0,0
20260928,UCSes4X8uDrpc4X46hJKjejg,u9yo-7_Ly7M,on_demand,not_subscribed,US,101,9,1,1,2.3188333333333335,139.13,25.296363636363637,0,0
20260928,UCSes4X8uDrpc4X46hJKjejg,NKWK0WtZalw,on_demand,not_subscribed,US,104,5,3,1,0.23716666666666666,12.17,11.063636363636364,0,0
20260928,UCSes4X8uDrpc4X46hJKjejg,Mrjky6bXwm4,on_demand,not_subscribed,MX,104,5,1,1,0.45233333333333331,27.14,24.899082568807341,0,0
20260928,UCSes4X8uDrpc4X46hJKjejg,HwWx5nhjCx8,on_demand,subscribed,BZ,101,2,1,0,0.052016666666666669,0,0,0,0
20260928,UCSes4X8uDrpc4X46hJKjejg,M1HloftCFBM,on_demand,not_subscribed,MN,104,4,1,0,0.033333333333333333,0,0,0,0
20260928,UCSes4X8uDrpc4X46hJKjejg,9LFMqUAyB_U,on_demand,not_subscribed,JP,104,5,1,1,3.3006666666666669,198.04,23.271445358401881,0,0
20260928,UCSes4X8uDrpc4X46hJKjejg,JZgusHsQ0l4,on_demand,not_subscribed,TC,104,5,2,1,1.2273833333333333,73.643,141.62115384615385,0,0
20260928,UCSes4X8uDrpc4X46hJKjejg,kHqq0RR6dHE,on_demand,not_subscribed,US,104,5,4,2,15.025166666666667,447.06,44.8855421686747,0,0
20260928,UCSes4X8uDrpc4X46hJKjejg,WAYYE5BMG6c,on_demand,subscribed,FR,104,4,1,1,11.14,668.4,35.216016859852473,0,0
20260928,UCSes4X8uDrpc4X46hJKjejg,46H7mR8PVaU,on_demand,not_subscribed,GH,104,4,1,1,0.056666666666666664,3.4,0.68686868686868685,0,0
20260928,UCSes4X8uDrpc4X46hJKjejg,9LFMqUAyB_U,on_demand,not_subscribed,DE,101,2,1,0,0.0017166666666666667,0,0,0,0
20260928,UCSes4X8uDrpc4X46hJKjejg,HVLl_aTeQTE,on_demand,not_subscribed,TC,104,5,2,1,0.82855,49.713,110.47333333333333,0,0
20260928,UCSes4X8uDrpc4X46hJKjejg,Rl73WZoqKzE,on_demand,subscribed,FR,104,4,1,1,0.355,21.3,3.5738255033557045,1,0.355
20260928,UCSes4X8uDrpc4X46hJKjejg,J6rzMuvuMuo,on_demand,not_subscribed,GB,104,5,2,1,0.048666666666666664,1.7,2.3611111111111112,0,0
20260928,UCSes4X8uDrpc4X46hJKjejg,HtZ8tDkeGJY,on_demand,subscribed,US,102,26,2,1,1.2208666666666668,73.252,124.15593220338982,0,0
20260928,UCSes4X8uDrpc4X46hJKjejg,YHtB62qU1r8,on_demand,subscribed,DO,102,29,1,0,0.021683333333333332,0,0,0,0
20260928,UCSes4X8uDrpc4X46hJKjejg,IkDS7ZhVkA4,on_demand,subscribed,TW,104,5,1,1,0.0705,4.23,0.18327556325823224,0,0
20260928,UCSes4X8uDrpc4X46hJKjejg,-8W7PIiwRYo,on_demand,not_subscribed,US,101,30,1,1,0.075683333333333339,4.541,7.6966101694915254,0,0
20260928,UCSes4X8uDrpc4X46hJKjejg,u9yo-7_Ly7M,on_demand,subscribed,US,102,19,1,1,9.167016666666667,550.021,100.00381818181818,0,0
20260928,UCSes4X8uDrpc4X46hJKjejg,l5M2ICRhyEA,on_demand,not_subscribed,BE,104,5,1,0,0.042833333333333334,0,0,0,0
20260928,UCSes4X8uDrpc4X46hJKjejg,iOURk-GhPG0,on_demand,not_subscribed,IT,104,4,1,1,0.44166666666666665,26.5,91.379310344827587,0,0
20260928,UCSes4X8uDrpc4X46hJKjejg,JZgusHsQ0l4,on_demand,not_subscribed,TR,104,5,3,2,1.6716666666666666,50.15,96.4423076923077,1,0.2445
20260928,UCSes4X8uDrpc4X46hJKjejg,IkDS7ZhVkA4,on_demand,not_subscribed,NL,104,5,1,0,0.056,0,0,0,0
20260928,UCSes4X8uDrpc4X46hJKjejg,-CjQjOd2JEA,on_demand,not_subscribed,RU,104,4,2,1,1.2725,76.35,26.978798586572438,0,0
20260928,UCSes4X8uDrpc4X46hJKjejg,BeZUS-lZ4qs,on_demand,not_subscribed,NO,101,9,1,0,0.00835,0,0,0,0
20260928,UCSes4X8uDrpc4X46hJKjejg,YHtB62qU1r8,on_demand,not_subscribed,RU,104,4,1,1,4.035,242.1,51.51063829787234,0,0
20260928,UCSes4X8uDrpc4X46hJKjejg,l5M2ICRhyEA,on_demand,not_subscribed,PH,104,4,19,8,3.8866666666666667,27.3625,82.916666666666671,1,0.36166666666666669
20260928,UCSes4X8uDrpc4X46hJKjejg,6ljakZEWb0o,on_demand,not_subscribed,IT,104,5,2,0,0.0448,0,0,0,0
20260928,UCSes4X8uDrpc4X46hJKjejg,e7CxdG8sNlA,on_demand,not_subscribed,US,104,5,31,15,69.6041,276.6273333333333,58.237333333333332,4,14.615
20260928,UCSes4X8uDrpc4X46hJKjejg,UvWPXkksqmM,on_demand,not_subscribed,GB,102,29,1,1,0.66235,39.741,6.0031722054380667,0,0
20260928,UCSes4X8uDrpc4X46hJKjejg,rq61MdGS0U4,on_demand,not_subscribed,US,104,4,5,3,13.828333333333333,275,48.41549295774648,1,9.46
20260928,UCSes4X8uDrpc4X46hJKjejg,9zaom3QbjYs,on_demand,not_subscribed,NG,104,4,1,1,0.135,8.1,1.0671936758893281,0,0
20260928,UCSes4X8uDrpc4X46hJKjejg,gmPsKXt4foY,on_demand,not_subscribed,IT,101,9,3,1,0.62955,30.49,67.75555555555556,0,0
20260928,UCSes4X8uDrpc4X46hJKjejg,unimgWGUpHM,on_demand,subscribed,HK,104,5,1,0,0.0185,0,0,1,0.0185
20260928,UCSes4X8uDrpc4X46hJKjejg,OkzI_U0uKes,on_demand,not_subscribed,US,102,26,1,1,17.160683333333335,1029.641,99.965145631067955,0,0
20260928,UCSes4X8uDrpc4X46hJKjejg,ABlbRTTk1ek,on_demand,not_subscribed,NO,101,2,1,1,0.30721666666666669,18.433,49.818918918918918,1,0.30721666666666669
20260928,UCSes4X8uDrpc4X46hJKjejg,tvcu9WeDJD4,on_demand,not_subscribed,IL,104,5,1,1,0.45125,27.075,6.9423076923076925,0,0
20260928,UCSes4X8uDrpc4X46hJKjejg,BeZUS-lZ4qs,on_demand,not_subscribed,NG,104,4,4,2,84.618333333333339,2536.1,81.8624919302776,2,84.536666666666662
20260928,UCSes4X8uDrpc4X46hJKjejg,-CjQjOd2JEA,on_demand,not_subscribed,VC,102,4,1,1,0.66633333333333333,39.98,14.12720848056537,0,0
20260928,UCSes4X8uDrpc4X46hJKjejg,i8nHff5PKGU,on_demand,not_subscribed,US,102,19,2,1,1.3674,82.044,141.45517241379309,0,0
20260928,UCSes4X8uDrpc4X46hJKjejg,unimgWGUpHM,on_demand,not_subscribed,US,101,2,49,25,15.841133333333334,37.353719999999996,88.937428571428569,8,2.5383666666666667
20260928,UCSes4X8uDrpc4X46hJKjejg,JZgusHsQ0l4,on_demand,not_subscribed,UY,104,4,1,0,0.013333333333333334,0,0,0,0
20260928,UCSes4X8uDrpc4X46hJKjejg,Mk4k01iePP8,on_demand,not_subscribed,US,104,4,1,0,0.011666666666666667,0,0,0,0
20260928,UCSes4X8uDrpc4X46hJKjejg,-CjQjOd2JEA,on_demand,not_subscribed,ZA,101,2,3,2,6.0083166666666665,179.133,63.297879858657247,0,0
20260928,UCSes4X8uDrpc4X46hJKjejg,QxkwRERjZgA,on_demand,not_subscribed,UZ,104,4,1,1,0.56666666666666665,34,58.620689655172413,0,0
20260928,UCSes4X8uDrpc4X46hJKjejg,JZgusHsQ0l4,on_demand,not_subscribed,CA,101,9,2,1,0.8683,49.842,95.85,1,0.0376
20260928,UCSes4X8uDrpc4X46hJKjejg,MEHDJ9V-lIk,on_demand,subscribed,US,104,4,2,1,0.13666666666666666,7.6,0.36893203883495146,1,0.12666666666666668
20260928,UCSes4X8uDrpc4X46hJKjejg,gTMjT4y5LHE,on_demand,not_subscribed,SE,101,9,1,1,6.5514833333333335,393.089,79.572672064777322,0,0
20260928,UCSes4X8uDrpc4X46hJKjejg,WAYYE5BMG6c,on_demand,subscribed,CA,101,2,1,0,0.02915,0,0,0,0
20260928,UCSes4X8uDrpc4X46hJKjejg,JZgusHsQ0l4,on_demand,not_subscribed,IN,101,9,1,0,0.038766666666666665,0,0,0,0
20260928,UCSes4X8uDrpc4X46hJKjejg,2n5LJUyMtAk,on_demand,not_subscribed,GR,104,4,1,0,0.013333333333333334,0,0,0,0
20260928,UCSes4X8uDrpc4X46hJKjejg,dgP0I7rPTlU,on_demand,not_subscribed,KE,104,4,1,0,0.05,0,0,0,0
20260928,UCSes4X8uDrpc4X46hJKjejg,6ljakZEWb0o,on_demand,not_subscribed,GR,104,5,1,1,7.8938333333333333,473.63,17.141874773796598,0,0
20260928,UCSes4X8uDrpc4X46hJKjejg,gX5Aks5a3eE,on_demand,not_subscribed,US,104,4,1,0,0.11833333333333333,0,0,0,0
20260928,UCSes4X8uDrpc4X46hJKjejg,BeZUS-lZ4qs,on_demand,not_subscribed,SG,102,4,2,1,0.1309,7.639,0.24657843770174306,0,0
20260928,UCSes4X8uDrpc4X46hJKjejg,8ajxcRVL7g4,on_demand,not_subscribed,SE,104,5,1,0,0.013666666666666667,0,0,0,0
20260928,UCSes4X8uDrpc4X46hJKjejg,3oF068CdTYo,on_demand,subscribed,CA,104,5,3,1,0.73433333333333328,42.12,123.88235294117646,0,0
20260928,UCSes4X8uDrpc4X46hJKjejg,gTMjT4y5LHE,on_demand,subscribed,NO,101,2,1,1,2.86325,171.795,34.776315789473685,0,0
20260928,UCSes4X8uDrpc4X46hJKjejg,gmPsKXt4foY,on_demand,not_subscribed,VN,104,4,1,1,0.30833333333333335,18.5,41.111111111111114,0,0
20260928,UCSes4X8uDrpc4X46hJKjejg,QxkwRERjZgA,on_demand,subscribed,US,104,5,2,1,1.074,64.44,111.10344827586206,0,0
20260928,UCSes4X8uDrpc4X46hJKjejg,eu62r4NZQ3Q,on_demand,not_subscribed,SN,104,5,1,0,0.0035,0,0,0,0
20260928,UCSes4X8uDrpc4X46hJKjejg,7qt1wBW-P6A,on_demand,not_subscribed,US,104,4,1,1,1.05,63,81.818181818181813,0,0
20260928,UCSes4X8uDrpc4X46hJKjejg,fAZy3HtHBzA,on_demand,subscribed,US,105,4,2,1,0.55333333333333334,30.9,96.5625,0,0
20260928,UCSes4X8uDrpc4X46hJKjejg,kHqq0RR6dHE,on_demand,not_subscribed,PL,104,4,1,0,0.075,0,0,0,0
20260928,UCSes4X8uDrpc4X46hJKjejg,Mh9vmih_Sro,on_demand,not_subscribed,US,101,9,1,0,0.080133333333333334,0,0,0,0
20260928,UCSes4X8uDrpc4X46hJKjejg,dKoSQ-63gP4,on_demand,not_subscribed,GB,104,4,1,1,0.41333333333333333,24.8,4.0722495894909692,1,0.41333333333333333
20260928,UCSes4X8uDrpc4X46hJKjejg,JCJN0n3wG88,on_demand,subscribed,PH,101,2,1,1,6.8788166666666664,412.729,73.17890070921986,1,6.8788166666666664
20260928,UCSes4X8uDrpc4X46hJKjejg,bPORsh6K6ec,on_demand,not_subscribed,US,104,4,4,0,0.14166666666666666,0,0,1,0.016666666666666666
20260928,UCSes4X8uDrpc4X46hJKjejg,IkDS7ZhVkA4,on_demand,not_subscribed,US,102,26,4,4,21.488216666666666,322.32325,13.9654787694974,1,20.040016666666666
20260928,UCSes4X8uDrpc4X46hJKjejg,2vf4qDJNyOw,on_demand,not_subscribed,US,101,9,1,1,9.21135,552.681,99.942314647377941,1,9.21135
20260928,UCSes4X8uDrpc4X46hJKjejg,YsozfBAU5nI,on_demand,not_subscribed,CA,104,4,1,0,0.03,0,0,0,0
20260928,UCSes4X8uDrpc4X46hJKjejg,unimgWGUpHM,on_demand,not_subscribed,HU,104,4,1,0,0.036666666666666667,0,0,0,0
20260928,UCSes4X8uDrpc4X46hJKjejg,-TauZcQxKUU,on_demand,subscribed,US,104,4,1,1,0.021,1.26,0.059490084985835696,0,0
20260928,UCSes4X8uDrpc4X46hJKjejg,l5M2ICRhyEA,on_demand,not_subscribed,AU,104,4,2,1,0.58,34.8,105.45454545454545,0,0
20260928,UCSes4X8uDrpc4X46hJKjejg,iOURk-GhPG0,on_demand,not_subscribed,HN,104,4,1,1,0.19246666666666667,11.548,39.820689655172416,0,0
20260928,UCSes4X8uDrpc4X46hJKjejg,B4aYi06AO4g,on_demand,not_subscribed,US,101,2,1,0,0.038133333333333332,0,0,0,0
20260928,UCSes4X8uDrpc4X46hJKjejg,yqQ_QnY4_XU,on_demand,not_subscribed,NZ,104,4,4,2,0.97166666666666668,27.65,58.829787234042556,2,0.05
20260928,UCSes4X8uDrpc4X46hJKjejg,8utXvbmZfqk,on_demand,not_subscribed,AU,101,2,1,1,0.4583,27.498,21.65196850393701,0,0
20260928,UCSes4X8uDrpc4X46hJKjejg,5WC7gUC932A,on_demand,not_subscribed,US,104,4,5,1,2.5916666666666668,150.1,101.41891891891892,1,0.03833333333333333
20260928,UCSes4X8uDrpc4X46hJKjejg,BeZUS-lZ4qs,on_demand,not_subscribed,US,103,10,10,8,153.56723333333332,1150.374625,37.1328155261459,2,51.780816666666666
20260928,UCSes4X8uDrpc4X46hJKjejg,-CjQjOd2JEA,on_demand,not_subscribed,NG,104,4,2,1,4.6566666666666663,279,98.586572438162548,0,0
20260928,UCSes4X8uDrpc4X46hJKjejg,jB_in2f-k-M,on_demand,subscribed,PH,101,2,3,0,0.04775,0,0,0,0
20260928,UCSes4X8uDrpc4X46hJKjejg,-CjQjOd2JEA,on_demand,not_subscribed,PT,104,5,1,0,0.03833333333333333,0,0,0,0
20260928,UCSes4X8uDrpc4X46hJKjejg,l5M2ICRhyEA,on_demand,not_subscribed,DM,104,4,1,0,0.0083333333333333332,0,0,0,0
20260928,UCSes4X8uDrpc4X46hJKjejg,J39ahAPa8Ng,on_demand,not_subscribed,US,104,4,11,6,2.8216666666666668,27.266666666666666,54.533333333333331,1,0.55
20260928,UCSes4X8uDrpc4X46hJKjejg,BeZUS-lZ4qs,on_demand,not_subscribed,KE,101,2,1,0,0.085233333333333328,0,0,0,0
20260928,UCSes4X8uDrpc4X46hJKjejg,BeZUS-lZ4qs,on_demand,not_subscribed,BE,104,4,1,0,0.07,0,0,0,0
20260928,UCSes4X8uDrpc4X46hJKjejg,SkSLumMmvbc,on_demand,not_subscribed,US,104,5,4,2,0.53016666666666667,14.555,38.30263157894737,0,0
20260928,UCSes4X8uDrpc4X46hJKjejg,fzzrdnfjmpA,on_demand,subscribed,ZA,104,4,1,0,0.011666666666666667,0,0,0,0
20260928,UCSes4X8uDrpc4X46hJKjejg,fAZy3HtHBzA,on_demand,subscribed,US,102,29,9,3,2.199,43.401999999999994,135.63125,4,1.0939666666666668
20260928,UCSes4X8uDrpc4X46hJKjejg,YHtB62qU1r8,on_demand,not_subscribed,IT,102,12,1,0,0.020866666666666665,0,0,1,0.020866666666666665
20260928,UCSes4X8uDrpc4X46hJKjejg,JwDkO74iC-w,on_demand,subscribed,GY,101,2,1,1,1.3339333333333334,80.036,1.5288634192932187,0,0
20260928,UCSes4X8uDrpc4X46hJKjejg,YWmM-Tkjmvo,on_demand,subscribed,US,102,26,1,0,0.034333333333333334,0,0,0,0
20260928,UCSes4X8uDrpc4X46hJKjejg,J6rzMuvuMuo,on_demand,not_subscribed,BE,101,9,2,1,1.2236,73.416,101.96666666666667,0,0
20260928,UCSes4X8uDrpc4X46hJKjejg,-CjQjOd2JEA,on_demand,not_subscribed,SG,102,4,1,1,0.5628,33.768,11.932155477031802,0,0
20260928,UCSes4X8uDrpc4X46hJKjejg,qGEA7Su_LmU,on_demand,not_subscribed,US,104,4,2,0,0.023333333333333334,0,0,0,0
20260928,UCSes4X8uDrpc4X46hJKjejg,op6JvrFdWrY,on_demand,not_subscribed,NZ,104,4,2,1,0.45,27,112.5,2,0.45
20260928,UCSes4X8uDrpc4X46hJKjejg,0JHD_pApR7w,on_demand,not_subscribed,PR,104,5,2,1,1.143,68.58,99.3913043478261,0,0
20260928,UCSes4X8uDrpc4X46hJKjejg,bf0XSusrN3g,on_demand,not_subscribed,GD,104,4,2,1,0.95,57,154.05405405405406,0,0
20260928,UCSes4X8uDrpc4X46hJKjejg,JZgusHsQ0l4,on_demand,not_subscribed,PH,104,5,27,14,10.6368,44.790428571428571,86.135439560439565,10,5.7909999999999995
20260928,UCSes4X8uDrpc4X46hJKjejg,pWCQrmx8beo,on_demand,not_subscribed,PK,104,4,2,2,8.52,255.6,8.4973404255319149,0,0
20260928,UCSes4X8uDrpc4X46hJKjejg,Ppxt7uU9PRA,on_demand,not_subscribed,US,104,5,7,5,5.2395333333333332,62.8744,89.820571428571427,1,0.96916666666666662
20260928,UCSes4X8uDrpc4X46hJKjejg,50MHq47IaLU,on_demand,not_subscribed,NL,104,4,1,1,0.125,7.5,6.5217391304347823,0,0
20260928,UCSes4X8uDrpc4X46hJKjejg,-CjQjOd2JEA,on_demand,not_subscribed,BM,104,4,1,0,0.018366666666666667,0,0,0,0
20260928,UCSes4X8uDrpc4X46hJKjejg,gTMjT4y5LHE,on_demand,not_subscribed,GH,101,2,1,0,0.047733333333333336,0,0,0,0
20260928,UCSes4X8uDrpc4X46hJKjejg,ymfIczLSXfI,on_demand,not_subscribed,AU,104,5,2,1,0.648,38.88,102.31578947368421,0,0
20260928,UCSes4X8uDrpc4X46hJKjejg,WAYYE5BMG6c,on_demand,subscribed,NL,104,5,1,1,14.962,897.72,47.298208640674396,0,0
20260928,UCSes4X8uDrpc4X46hJKjejg,yqQ_QnY4_XU,on_demand,subscribed,AU,101,2,1,0,0.054733333333333335,0,0,1,0.054733333333333335
20260928,UCSes4X8uDrpc4X46hJKjejg,6ljakZEWb0o,on_demand,subscribed,ZA,102,4,1,1,46.047016666666664,2762.821,99.993521534563882,0,0
20260928,UCSes4X8uDrpc4X46hJKjejg,2n5LJUyMtAk,on_demand,not_subscribed,IS,104,5,2,0,0.020833333333333332,0,0,0,0
20260928,UCSes4X8uDrpc4X46hJKjejg,8ajxcRVL7g4,on_demand,not_subscribed,US,104,4,3,1,1.8833333333333333,109.3,103.11320754716981,2,1.8216666666666668
20260928,UCSes4X8uDrpc4X46hJKjejg,i8nHff5PKGU,on_demand,not_subscribed,TR,104,4,1,0,0,0,0,0,0
20260928,UCSes4X8uDrpc4X46hJKjejg,JwDkO74iC-w,on_demand,not_subscribed,US,101,2,1,1,52.772733333333335,3166.364,60.484508118433617,0,0
20260928,UCSes4X8uDrpc4X46hJKjejg,e7CxdG8sNlA,on_demand,not_subscribed,GB,102,1,1,0,0.025033333333333335,0,0,0,0
20260928,UCSes4X8uDrpc4X46hJKjejg,gTMjT4y5LHE,on_demand,not_subscribed,NZ,101,2,1,0,0.012583333333333334,0,0,0,0
20260928,UCSes4X8uDrpc4X46hJKjejg,cJVrzjm7YPs,on_demand,not_subscribed,US,101,2,2,1,0.94821666666666671,56.893,118.52708333333334,0,0
20260928,UCSes4X8uDrpc4X46hJKjejg,zxka0rRvmaU,on_demand,not_subscribed,PH,102,12,1,1,1.0179333333333334,61.076,129.94893617021276,1,1.0179333333333334
20260928,UCSes4X8uDrpc4X46hJKjejg,-CjQjOd2JEA,on_demand,not_subscribed,US,103,10,106,71,118.99195,99.22942253521127,35.063400189120593,13,8.4003666666666668
20260928,UCSes4X8uDrpc4X46hJKjejg,FC36sHokYnk,on_demand,not_subscribed,NG,104,4,1,0,0.0066666666666666671,0,0,0,0
20260928,UCSes4X8uDrpc4X46hJKjejg,5xA-FaYOc_0,on_demand,not_subscribed,US,103,10,1,1,0.1894,11.364,25.827272727272728,1,0.1894
20260928,UCSes4X8uDrpc4X46hJKjejg,-CjQjOd2JEA,on_demand,not_subscribed,KE,101,2,5,2,4.8792,140.085,49.5,0,0
20260928,UCSes4X8uDrpc4X46hJKjejg,YHtB62qU1r8,on_demand,not_subscribed,US,103,10,56,34,49.6798,86.079941176470584,18.31488110137672,6,0.9403999999999999
20260928,UCSes4X8uDrpc4X46hJKjejg,-CjQjOd2JEA,on_demand,not_subscribed,BE,104,4,2,0,0.09166666666666666,0,0,0,0
20260928,UCSes4X8uDrpc4X46hJKjejg,gTMjT4y5LHE,on_demand,not_subscribed,MX,101,9,2,0,0.0181,0,0,0,0
20260928,UCSes4X8uDrpc4X46hJKjejg,xTLTvTrEHDo,on_demand,not_subscribed,US,101,9,1,0,0.012983333333333333,0,0,0,0
20260928,UCSes4X8uDrpc4X46hJKjejg,rq61MdGS0U4,on_demand,subscribed,US,102,29,1,0,0.010866666666666667,0,0,0,0
20260928,UCSes4X8uDrpc4X46hJKjejg,n8fMP2cKrBc,on_demand,not_subscribed,DK,101,9,1,0,0.0134,0,0,0,0
20260928,UCSes4X8uDrpc4X46hJKjejg,-CjQjOd2JEA,on_demand,not_subscribed,CA,103,17,4,3,2.722,52.551333333333332,18.56937573616019,2,2.0210833333333333
20260928,UCSes4X8uDrpc4X46hJKjejg,l5M2ICRhyEA,on_demand,not_subscribed,TW,104,5,1,0,0.0175,0,0,0,0
20260928,UCSes4X8uDrpc4X46hJKjejg,dgP0I7rPTlU,on_demand,not_subscribed,US,104,4,26,9,5.5147666666666666,36.177777777777777,124.75095785440612,4,1.045
20260928,UCSes4X8uDrpc4X46hJKjejg,HwWx5nhjCx8,on_demand,not_subscribed,DO,101,9,1,1,1.07575,64.545,6.20028818443804,0,0
20260928,UCSes4X8uDrpc4X46hJKjejg,PeMHxUwuByQ,on_demand,not_subscribed,AU,102,4,1,1,2.4476,146.856,3.9466809997312549,0,0
20260928,UCSes4X8uDrpc4X46hJKjejg,-CjQjOd2JEA,on_demand,not_subscribed,TW,102,4,1,0,0.0145,0,0,0,0
20260928,UCSes4X8uDrpc4X46hJKjejg,QLFDB2t734A,on_demand,not_subscribed,US,104,5,2,1,1.3615,81.69,125.67692307692307,0,0
20260928,UCSes4X8uDrpc4X46hJKjejg,6ljakZEWb0o,on_demand,not_subscribed,GH,104,4,2,0,0.028333333333333332,0,0,0,0
20260928,UCSes4X8uDrpc4X46hJKjejg,R09S9nSIyEk,on_demand,subscribed,US,102,26,3,3,80.70555,1614.1109999999999,41.092438900203668,1,10.7605
20260928,UCSes4X8uDrpc4X46hJKjejg,6ljakZEWb0o,on_demand,subscribed,PH,101,2,3,0,0.072916666666666671,0,0,0,0
20260928,UCSes4X8uDrpc4X46hJKjejg,JZgusHsQ0l4,on_demand,not_subscribed,AU,104,5,9,5,3.7368333333333332,44.714,85.988461538461536,1,0.042166666666666665
20260928,UCSes4X8uDrpc4X46hJKjejg,-CjQjOd2JEA,on_demand,not_subscribed,GH,102,19,1,1,0.34406666666666669,20.644,7.2946996466431093,0,0
20260928,UCSes4X8uDrpc4X46hJKjejg,-k1Ng7TE63Q,on_demand,not_subscribed,KE,104,5,1,1,0.060166666666666667,3.61,12.033333333333333,0,0
20260928,UCSes4X8uDrpc4X46hJKjejg,YHtB62qU1r8,on_demand,not_subscribed,MY,105,4,1,1,0.056666666666666664,3.4,0.723404255319149,0,0
20260928,UCSes4X8uDrpc4X46hJKjejg,Rl73WZoqKzE,on_demand,subscribed,US,102,28,1,1,4.16905,250.143,41.970302013422817,0,0
20260928,UCSes4X8uDrpc4X46hJKjejg,ID5K-VWCXew,on_demand,subscribed,PH,104,5,2,1,0.55216666666666669,33.13,110.43333333333334,0,0
20260928,UCSes4X8uDrpc4X46hJKjejg,4RAyrGoRjfM,on_demand,not_subscribed,GB,104,5,1,0,0.04583333333333333,0,0,0,0
20260928,UCSes4X8uDrpc4X46hJKjejg,6ljakZEWb0o,on_demand,not_subscribed,FR,101,2,3,0,0.15446666666666667,0,0,0,0
20260928,UCSes4X8uDrpc4X46hJKjejg,l5M2ICRhyEA,on_demand,not_subscribed,US,101,30,2,1,0.61793333333333333,37.076,112.35151515151514,0,0
20260928,UCSes4X8uDrpc4X46hJKjejg,UvWPXkksqmM,on_demand,subscribed,DE,104,4,1,0,0.016666666666666666,0,0,0,0
20260928,UCSes4X8uDrpc4X46hJKjejg,PnFBmHRQrFc,on_demand,not_subscribed,NZ,101,9,2,2,3.5342833333333332,106.0285,30.555763688760806,0,0
20260928,UCSes4X8uDrpc4X46hJKjejg,BeZUS-lZ4qs,on_demand,not_subscribed,SG,104,4,2,0,0.005,0,0,0,0
20260928,UCSes4X8uDrpc4X46hJKjejg,WAYYE5BMG6c,on_demand,subscribed,US,102,26,1,1,5.3683833333333331,322.103,16.970653319283457,0,0
20260928,UCSes4X8uDrpc4X46hJKjejg,JsEe4qzWT40,on_demand,not_subscribed,DO,104,4,2,1,0.6908333333333333,41.45,65.7936507936508,0,0
20260928,UCSes4X8uDrpc4X46hJKjejg,ID5K-VWCXew,on_demand,not_subscribed,FR,104,5,2,1,0.491,29.46,98.2,0,0
20260928,UCSes4X8uDrpc4X46hJKjejg,MEHDJ9V-lIk,on_demand,not_subscribed,PL,101,1,1,1,13.362283333333334,801.737,38.919271844660194,0,0
20260928,UCSes4X8uDrpc4X46hJKjejg,0b8eta7f8mY,on_demand,not_subscribed,US,103,17,1,1,5.3227166666666665,319.363,60.600189753320684,0,0
20260928,UCSes4X8uDrpc4X46hJKjejg,7DD0KNPPL1c,on_demand,not_subscribed,DE,104,5,1,1,0.53083333333333338,31.85,91,0,0
20260928,UCSes4X8uDrpc4X46hJKjejg,YHtB62qU1r8,on_demand,not_subscribed,NZ,102,19,2,2,8.4267833333333328,252.8035,53.787978723404258,0,0
20260928,UCSes4X8uDrpc4X46hJKjejg,a_ZUFHh_nJA,on_demand,not_subscribed,DK,104,4,1,0,0.021666666666666667,0,0,0,0
20260928,UCSes4X8uDrpc4X46hJKjejg,Rl73WZoqKzE,on_demand,subscribed,US,102,26,4,3,9.398,187.84366666666665,31.517393736017898,1,0.84306666666666663
20260928,UCSes4X8uDrpc4X46hJKjejg,p5XiosuCXB8,on_demand,not_subscribed,FJ,104,4,1,1,0.26,15.6,25.57377049180328,0,0
20260928,UCSes4X8uDrpc4X46hJKjejg,PeMHxUwuByQ,on_demand,not_subscribed,US,102,1,3,2,1.0504666666666667,29.458,0.79166890620800856,1,0.068533333333333335
20260928,UCSes4X8uDrpc4X46hJKjejg,ePdXtNfowRo,on_demand,not_subscribed,TH,104,5,3,3,4.6831333333333331,93.662666666666667,18.257829759584144,0,0
20260928,UCSes4X8uDrpc4X46hJKjejg,Rl73WZoqKzE,on_demand,subscribed,TT,104,4,2,2,20.206666666666667,606.2,101.71140939597315,0,0
20260928,UCSes4X8uDrpc4X46hJKjejg,sRIO-T5dRjA,on_demand,not_subscribed,SE,104,5,3,2,0.57266666666666666,17.18,61.357142857142854,3,0.57266666666666666
20260928,UCSes4X8uDrpc4X46hJKjejg,HtZ8tDkeGJY,on_demand,not_subscribed,GB,104,4,2,1,0.89833333333333332,51.3,86.949152542372886,1,0.043333333333333335
20260928,UCSes4X8uDrpc4X46hJKjejg,BeZUS-lZ4qs,on_demand,subscribed,HK,104,5,1,0,0.038666666666666669,0,0,0,0
20260928,UCSes4X8uDrpc4X46hJKjejg,oqop8HY9S0o,on_demand,not_subscribed,DE,104,4,1,1,0.185,11.1,6.7272727272727275,0,0
20260928,UCSes4X8uDrpc4X46hJKjejg,oujDWGTay-Q,on_demand,not_subscribed,GE,101,2,1,1,1.1282166666666666,67.693,90.257333333333335,0,0
20260928,UCSes4X8uDrpc4X46hJKjejg,op6JvrFdWrY,on_demand,not_subscribed,GY,104,4,1,1,0.335,20.1,83.75,0,0
20260928,UCSes4X8uDrpc4X46hJKjejg,9zaom3QbjYs,on_demand,not_subscribed,US,101,2,8,3,12.966,256.38033333333334,33.778700043917432,0,0
20260928,UCSes4X8uDrpc4X46hJKjejg,fAZy3HtHBzA,on_demand,not_subscribed,NZ,104,5,1,1,0.1535,9.21,28.78125,0,0
20260928,UCSes4X8uDrpc4X46hJKjejg,pWCQrmx8beo,on_demand,subscribed,US,103,10,1,1,50.12535,3007.521,99.984075797872336,0,0
20260928,UCSes4X8uDrpc4X46hJKjejg,op6JvrFdWrY,on_demand,subscribed,ZA,104,4,1,1,0.07166666666666667,4.3,17.916666666666668,0,0
20260928,UCSes4X8uDrpc4X46hJKjejg,yqQ_QnY4_XU,on_demand,not_subscribed,JP,104,4,1,0,0.048333333333333332,0,0,0,0
20260928,UCSes4X8uDrpc4X46hJKjejg,BeZUS-lZ4qs,on_demand,not_subscribed,US,101,2,82,22,220.05968333333334,596.60113636363633,19.257622219613825,4,53.986999999999995
20260928,UCSes4X8uDrpc4X46hJKjejg,Rl73WZoqKzE,on_demand,subscribed,US,102,12,8,1,0.9398333333333333,39.656,6.6536912751677848,1,0.043383333333333336
20260928,UCSes4X8uDrpc4X46hJKjejg,2n5LJUyMtAk,on_demand,subscribed,KR,104,4,1,0,0.015,0,0,0,0
20260928,UCSes4X8uDrpc4X46hJKjejg,WAYYE5BMG6c,on_demand,not_subscribed,PR,104,5,2,2,18.382833333333334,551.485,29.056111696522656,2,18.382833333333334
20260928,UCSes4X8uDrpc4X46hJKjejg,BeZUS-lZ4qs,on_demand,not_subscribed,MN,104,5,1,1,0.083833333333333329,5.03,0.16236281471917366,0,0
20260928,UCSes4X8uDrpc4X46hJKjejg,8Epj87FQZAY,on_demand,not_subscribed,ID,104,4,1,1,0.275,16.5,7.2687224669603525,0,0
20260928,UCSes4X8uDrpc4X46hJKjejg,Rl73WZoqKzE,on_demand,not_subscribed,PR,104,5,1,0,0.01105,0,0,0,0
20260928,UCSes4X8uDrpc4X46hJKjejg,BeZUS-lZ4qs,on_demand,subscribed,MY,104,4,1,1,2.8116666666666665,168.7,5.4454486765655261,0,0
20260928,UCSes4X8uDrpc4X46hJKjejg,6ljakZEWb0o,on_demand,subscribed,GT,101,2,1,1,46.047016666666664,2762.821,99.993521534563882,0,0
20260928,UCSes4X8uDrpc4X46hJKjejg,fAZy3HtHBzA,on_demand,subscribed,SA,104,5,2,1,0.75116666666666665,45.07,140.84375,2,0.75116666666666665
20260928,UCSes4X8uDrpc4X46hJKjejg,UvWPXkksqmM,on_demand,not_subscribed,CR,104,5,1,0,0.081833333333333327,0,0,0,0
20260928,UCSes4X8uDrpc4X46hJKjejg,Rl73WZoqKzE,on_demand,not_subscribed,PT,101,2,1,0,0.02135,0,0,0,0
20260928,UCSes4X8uDrpc4X46hJKjejg,KFRZzHxUoDs,on_demand,not_subscribed,US,104,5,1,1,7.8728333333333333,472.37,10.634173795587573,0,0
20260928,UCSes4X8uDrpc4X46hJKjejg,6DF37rM0hQ4,on_demand,not_subscribed,DE,102,29,1,1,0.55423333333333336,33.254,35.376595744680849,0,0
20260928,UCSes4X8uDrpc4X46hJKjejg,kzzARP3sGzw,on_demand,not_subscribed,US,101,2,2,0,0.0756,0,0,0,0
20260928,UCSes4X8uDrpc4X46hJKjejg,0TDhWq6S65A,on_demand,not_subscribed,US,103,17,1,1,0.21331666666666665,12.799,3.34177545691906,0,0
20260928,UCSes4X8uDrpc4X46hJKjejg,fAZy3HtHBzA,on_demand,subscribed,EE,104,4,1,0,0.035,0,0,1,0.035
20260928,UCSes4X8uDrpc4X46hJKjejg,_KzBjYnaoSQ,on_demand,not_subscribed,US,102,29,1,0,0.013866666666666666,0,0,0,0
20260928,UCSes4X8uDrpc4X46hJKjejg,k4-t8XMp-wg,on_demand,subscribed,US,102,4,1,0,0.017216666666666668,0,0,0,0
20260928,UCSes4X8uDrpc4X46hJKjejg,ID5K-VWCXew,on_demand,not_subscribed,GB,104,4,2,1,0.6333333333333333,38,126.66666666666667,0,0
20260928,UCSes4X8uDrpc4X46hJKjejg,op6JvrFdWrY,on_demand,not_subscribed,HR,104,4,1,1,0.27,16.2,67.5,0,0
20260928,UCSes4X8uDrpc4X46hJKjejg,Fg65-8qGtiU,on_demand,not_subscribed,CL,101,2,1,1,0.028866666666666665,1.732,3.5346938775510206,0,0
20260928,UCSes4X8uDrpc4X46hJKjejg,oujDWGTay-Q,on_demand,not_subscribed,IN,104,4,1,0,0.025,0,0,0,0
20260928,UCSes4X8uDrpc4X46hJKjejg,UvWPXkksqmM,on_demand,not_subscribed,CA,102,12,1,0,0.036433333333333331,0,0,1,0.036433333333333331
20260928,UCSes4X8uDrpc4X46hJKjejg,WAYYE5BMG6c,on_demand,not_subscribed,AR,104,4,1,0,0.045,0,0,0,0
20260928,UCSes4X8uDrpc4X46hJKjejg,6ljakZEWb0o,on_demand,subscribed,AU,101,2,1,1,4.1943166666666665,251.659,9.1081795150199056,0,0
20260928,UCSes4X8uDrpc4X46hJKjejg,iOURk-GhPG0,on_demand,not_subscribed,IE,104,4,1,0,0.05,0,0,0,0
20260928,UCSes4X8uDrpc4X46hJKjejg,5GYyKcjXNN0,on_demand,subscribed,CA,104,5,11,8,2.5295,18.6175,22.984567901234566,5,2.0938333333333334
20260928,UCSes4X8uDrpc4X46hJKjejg,3vvJggGtHLg,on_demand,not_subscribed,FR,104,4,1,0,0.051666666666666666,0,0,0,0
20260928,UCSes4X8uDrpc4X46hJKjejg,zS69CFjoay8,on_demand,not_subscribed,PH,104,4,5,1,0.25666666666666665,12,22.641509433962263,0,0
20260928,UCSes4X8uDrpc4X46hJKjejg,-CjQjOd2JEA,on_demand,not_subscribed,TH,104,4,1,1,3.2524833333333332,195.149,68.957243816254419,0,0
20260928,UCSes4X8uDrpc4X46hJKjejg,-CjQjOd2JEA,on_demand,not_subscribed,SX,102,4,1,1,0.29506666666666664,17.704,6.25583038869258,0,0
20260928,UCSes4X8uDrpc4X46hJKjejg,dKoSQ-63gP4,on_demand,not_subscribed,BR,104,5,1,1,10.135833333333334,608.15,99.860426929392446,0,0
20260928,UCSes4X8uDrpc4X46hJKjejg,-CjQjOd2JEA,on_demand,not_subscribed,SG,104,4,2,0,0.03755,0,0,0,0
20260928,UCSes4X8uDrpc4X46hJKjejg,k4-t8XMp-wg,on_demand,subscribed,KE,104,4,1,1,0.23,13.8,4.825174825174825,0,0
20260928,UCSes4X8uDrpc4X46hJKjejg,YHtB62qU1r8,on_demand,not_subscribed,SG,104,4,5,1,4.6461166666666669,273.667,58.227021276595742,0,0
20260928,UCSes4X8uDrpc4X46hJKjejg,wb2ebOkk2gE,on_demand,not_subscribed,GB,104,5,2,0,0.036933333333333332,0,0,0,0
20260928,UCSes4X8uDrpc4X46hJKjejg,unimgWGUpHM,on_demand,not_subscribed,US,101,9,20,12,9.9096666666666664,49.192083333333329,117.12400793650794,0,0
20260928,UCSes4X8uDrpc4X46hJKjejg,oujDWGTay-Q,on_demand,subscribed,US,104,5,4,3,2.758,55.16,73.546666666666667,3,2.5696666666666665
20260928,UCSes4X8uDrpc4X46hJKjejg,-CjQjOd2JEA,on_demand,not_subscribed,ZA,101,9,2,0,0.069466666666666663,0,0,0,0
20260928,UCSes4X8uDrpc4X46hJKjejg,zxka0rRvmaU,on_demand,not_subscribed,US,105,5,1,1,0.16433333333333333,9.86,20.978723404255319,0,0
20260928,UCSes4X8uDrpc4X46hJKjejg,gTMjT4y5LHE,on_demand,not_subscribed,HR,101,2,2,0,0.043216666666666667,0,0,0,0
20260928,UCSes4X8uDrpc4X46hJKjejg,0JHD_pApR7w,on_demand,not_subscribed,FR,104,5,2,1,1.1466166666666666,68.797,99.705797101449278,0,0
20260928,UCSes4X8uDrpc4X46hJKjejg,-CjQjOd2JEA,on_demand,subscribed,HK,104,5,1,1,0.22166666666666668,13.3,4.69964664310954,0,0
20260928,UCSes4X8uDrpc4X46hJKjejg,YHtB62qU1r8,on_demand,subscribed,HR,101,2,6,2,1.2235333333333334,29.6375,6.3058510638297873,0,0
20260928,UCSes4X8uDrpc4X46hJKjejg,QgeCWQjxuLA,on_demand,not_subscribed,PH,101,2,1,1,0.073666666666666672,4.42,10.780487804878049,0,0
20260928,UCSes4X8uDrpc4X46hJKjejg,5xA-FaYOc_0,on_demand,subscribed,HK,104,5,1,1,0.40466666666666667,24.28,55.18181818181818,1,0.40466666666666667
20260928,UCSes4X8uDrpc4X46hJKjejg,Rl73WZoqKzE,on_demand,not_subscribed,CA,102,1,1,1,0.66535,39.921,6.6981543624161075,0,0
20260928,UCSes4X8uDrpc4X46hJKjejg,BeZUS-lZ4qs,on_demand,not_subscribed,DO,105,5,1,1,0.1675,10.05,0.32440284054228535,1,0.1675
20260928,UCSes4X8uDrpc4X46hJKjejg,gTMjT4y5LHE,on_demand,not_subscribed,JP,101,2,2,1,1.7358666666666667,103.306,20.912145748987854,1,1.7217666666666667
20260928,UCSes4X8uDrpc4X46hJKjejg,-CjQjOd2JEA,on_demand,not_subscribed,US,101,2,195,59,149.98541666666668,149.13538983050847,52.698017607953524,15,27.860416666666666
20260928,UCSes4X8uDrpc4X46hJKjejg,5xA-FaYOc_0,on_demand,not_subscribed,US,101,2,1,1,0.61986666666666668,37.192,84.527272727272731,1,0.61986666666666668
20260928,UCSes4X8uDrpc4X46hJKjejg,-CjQjOd2JEA,on_demand,not_subscribed,MN,104,5,1,0,0.007,0,0,0,0
20260928,UCSes4X8uDrpc4X46hJKjejg,YHtB62qU1r8,on_demand,not_subscribed,US,101,2,107,32,122.90108333333333,226.51196875,48.194035904255323,3,18.079983333333335
20260928,UCSes4X8uDrpc4X46hJKjejg,HzmMTvN__ec,on_demand,subscribed,TH,101,9,1,0,0.010933333333333333,0,0,0,0
20260928,UCSes4X8uDrpc4X46hJKjejg,5GYyKcjXNN0,on_demand,not_subscribed,ZW,104,4,1,1,0.88833333333333331,53.3,65.802469135802468,0,0
20260928,UCSes4X8uDrpc4X46hJKjejg,6ljakZEWb0o,on_demand,subscribed,ZA,104,4,1,1,8.84,530.4,19.196525515743758,1,8.84
20260928,UCSes4X8uDrpc4X46hJKjejg,gTMjT4y5LHE,on_demand,not_subscribed,MY,104,4,1,0,0.026666666666666668,0,0,0,0
20260928,UCSes4X8uDrpc4X46hJKjejg,3oF068CdTYo,on_demand,not_subscribed,US,103,10,1,1,0.13136666666666666,7.882,23.182352941176472,1,0.13136666666666666
20260928,UCSes4X8uDrpc4X46hJKjejg,sRIO-T5dRjA,on_demand,not_subscribed,US,104,4,8,2,1.1316666666666666,28.9,103.21428571428571,2,0.515
20260928,UCSes4X8uDrpc4X46hJKjejg,-CjQjOd2JEA,on_demand,subscribed,ZA,102,19,1,1,4.5416333333333334,272.498,96.289045936395766,0,0
20260928,UCSes4X8uDrpc4X46hJKjejg,ePdXtNfowRo,on_demand,not_subscribed,US,101,30,1,1,1.0879666666666667,65.278,12.724756335282651,0,0
20260928,UCSes4X8uDrpc4X46hJKjejg,MaurflLy1CQ,on_demand,not_subscribed,RS,101,2,1,0,0.03493333333333333,0,0,0,0
20260928,UCSes4X8uDrpc4X46hJKjejg,unimgWGUpHM,on_demand,subscribed,ZW,104,5,1,0,0.021,0,0,1,0.021
20260928,UCSes4X8uDrpc4X46hJKjejg,a_Q8pF1c6ds,on_demand,not_subscribed,US,104,4,1,1,1.6616666666666666,99.7,36.789667896678964,0,0
20260928,UCSes4X8uDrpc4X46hJKjejg,-k1Ng7TE63Q,on_demand,not_subscribed,US,104,5,6,4,1.46275,21.94125,73.1375,2,0.50716666666666665
20260928,UCSes4X8uDrpc4X46hJKjejg,l5M2ICRhyEA,on_demand,not_subscribed,IL,104,5,2,1,0.5658333333333333,33.95,102.87878787878788,0,0
20260928,UCSes4X8uDrpc4X46hJKjejg,fAZy3HtHBzA,on_demand,not_subscribed,GY,104,5,1,0,0.013166666666666667,0,0,0,0
20260928,UCSes4X8uDrpc4X46hJKjejg,6ljakZEWb0o,on_demand,not_subscribed,MQ,104,4,1,0,0.013333333333333334,0,0,0,0
20260928,UCSes4X8uDrpc4X46hJKjejg,HtZ8tDkeGJY,on_demand,not_subscribed,DE,104,4,2,2,0.79166666666666663,23.75,40.254237288135592,2,0.79166666666666663
20260928,UCSes4X8uDrpc4X46hJKjejg,k4-t8XMp-wg,on_demand,not_subscribed,US,102,29,1,1,0.20658333333333334,12.395,4.3339160839160842,0,0
20260928,UCSes4X8uDrpc4X46hJKjejg,1eStVxHXVaM,on_demand,not_subscribed,US,102,26,1,1,0.8259,49.554,56.95862068965517,0,0
20260928,UCSes4X8uDrpc4X46hJKjejg,MEHDJ9V-lIk,on_demand,not_subscribed,JP,105,5,1,1,0.8843333333333333,53.06,2.5757281553398057,0,0
20260928,UCSes4X8uDrpc4X46hJKjejg,NN_PzDZuw9g,on_demand,subscribed,US,104,5,2,1,0.0455,1.26,1.1775700934579438,0,0
20260928,UCSes4X8uDrpc4X46hJKjejg,f0Agz2fWwFY,on_demand,not_subscribed,CA,101,2,3,2,0.95675,28.1545,27.334466019417476,0,0
20260928,UCSes4X8uDrpc4X46hJKjejg,c_Sh-TJzVjU,on_demand,not_subscribed,US,102,26,1,1,4.5266,271.596,32.565467625899281,0,0
20260928,UCSes4X8uDrpc4X46hJKjejg,ybbL24ktLlw,on_demand,not_subscribed,ID,104,5,3,2,0.8885,26.655,70.14473684210526,3,0.8885
20260928,UCSes4X8uDrpc4X46hJKjejg,XlT3SmO6YYs,on_demand,not_subscribed,CA,104,5,2,1,1.9033333333333333,114.2,101.06194690265487,2,1.9033333333333333
20260928,UCSes4X8uDrpc4X46hJKjejg,-CjQjOd2JEA,on_demand,not_subscribed,HR,102,19,1,1,4.53605,272.163,96.170671378091868,0,0
20260928,UCSes4X8uDrpc4X46hJKjejg,BeZUS-lZ4qs,on_demand,subscribed,NZ,101,9,3,3,54.635683333333333,1092.7136666666668,35.271583817516678,3,54.63568333333334
20260928,UCSes4X8uDrpc4X46hJKjejg,-CjQjOd2JEA,on_demand,not_subscribed,JM,101,2,1,0,0,0,0,0,0
20260928,UCSes4X8uDrpc4X46hJKjejg,fAZy3HtHBzA,on_demand,subscribed,IS,101,2,1,0,0.022416666666666668,0,0,1,0.022416666666666668
20260928,UCSes4X8uDrpc4X46hJKjejg,yqQ_QnY4_XU,on_demand,not_subscribed,US,105,4,3,1,1.6266666666666667,97.6,207.65957446808511,0,0
20260928,UCSes4X8uDrpc4X46hJKjejg,yqQ_QnY4_XU,on_demand,not_subscribed,FR,101,9,1,0,0.0245,0,0,0,0
20260928,UCSes4X8uDrpc4X46hJKjejg,JZgusHsQ0l4,on_demand,not_subscribed,AT,104,4,1,0,0.005,0,0,0,0
20260928,UCSes4X8uDrpc4X46hJKjejg,M-M22Ac4CRE,on_demand,not_subscribed,GB,104,5,10,4,3.6105,53.7875,162.99242424242425,1,0.51966666666666672
20260928,UCSes4X8uDrpc4X46hJKjejg,gmPsKXt4foY,on_demand,subscribed,CA,104,5,11,7,3.5463,30.222571428571428,67.161269841269842,1,0.020333333333333332
20260928,UCSes4X8uDrpc4X46hJKjejg,iOURk-GhPG0,on_demand,not_subscribed,NL,101,2,1,0,0.027783333333333333,0,0,0,0
20260928,UCSes4X8uDrpc4X46hJKjejg,YHtB62qU1r8,on_demand,not_subscribed,TW,104,4,1,0,0.098333333333333328,0,0,0,0
20260928,UCSes4X8uDrpc4X46hJKjejg,6ljakZEWb0o,on_demand,not_subscribed,ES,101,2,1,0,0.0223,0,0,0,0
20260928,UCSes4X8uDrpc4X46hJKjejg,bkGNuDS6ibU,on_demand,subscribed,US,104,4,1,0,0.063333333333333339,0,0,0,0
20260928,UCSes4X8uDrpc4X46hJKjejg,ID5K-VWCXew,on_demand,not_subscribed,DE,104,4,2,1,0.53498333333333337,32.099,106.99666666666667,0,0
20260928,UCSes4X8uDrpc4X46hJKjejg,XTGlwLovDD0,on_demand,subscribed,US,104,5,2,2,4.1953333333333331,125.86,5.190103092783505,0,0
20260928,UCSes4X8uDrpc4X46hJKjejg,-CjQjOd2JEA,on_demand,not_subscribed,DO,105,5,1,1,4.5335,272.01,96.116607773851584,1,4.5335
20260928,UCSes4X8uDrpc4X46hJKjejg,KC4-NmPr0aI,on_demand,not_subscribed,TT,104,5,1,0,0.011,0,0,0,0
20260928,UCSes4X8uDrpc4X46hJKjejg,topEr53DzlQ,on_demand,subscribed,MY,104,5,1,0,0.073666666666666672,0,0,0,0
20260928,UCSes4X8uDrpc4X46hJKjejg,QLokxg_tvSU,on_demand,not_subscribed,US,100,1,1,1,0.21251666666666666,12.751,18.479710144927537,0,0
20260928,UCSes4X8uDrpc4X46hJKjejg,zxka0rRvmaU,on_demand,not_subscribed,IN,104,4,2,2,1.055,31.65,67.340425531914889,0,0
20260928,UCSes4X8uDrpc4X46hJKjejg,iOURk-GhPG0,on_demand,not_subscribed,PA,104,4,2,1,0.5487,32.922,113.52413793103449,0,0
20260928,UCSes4X8uDrpc4X46hJKjejg,op6JvrFdWrY,on_demand,not_subscribed,US,105,4,2,1,0.24833333333333332,14.9,62.083333333333336,0,0
20260928,UCSes4X8uDrpc4X46hJKjejg,l5M2ICRhyEA,on_demand,not_subscribed,GB,101,1,1,0,0.0306,0,0,0,0
20260928,UCSes4X8uDrpc4X46hJKjejg,HtZ8tDkeGJY,on_demand,not_subscribed,CH,104,5,1,1,0.16333333333333333,9.8,16.610169491525422,0,0
20260928,UCSes4X8uDrpc4X46hJKjejg,6ljakZEWb0o,on_demand,not_subscribed,DK,101,2,1,0,0.025983333333333334,0,0,0,0
20260928,UCSes4X8uDrpc4X46hJKjejg,yqQ_QnY4_XU,on_demand,not_subscribed,US,102,29,3,2,1.0619666666666667,31.859,67.785106382978725,0,0
20260928,UCSes4X8uDrpc4X46hJKjejg,BeZUS-lZ4qs,on_demand,not_subscribed,BS,102,29,2,2,103.25568333333334,3097.6705,99.989364105874756,0,0
20260928,UCSes4X8uDrpc4X46hJKjejg,gTMjT4y5LHE,on_demand,not_subscribed,CN,101,2,2,0,0.0234,0,0,0,0
20260928,UCSes4X8uDrpc4X46hJKjejg,PY_VRF7d7kc,on_demand,not_subscribed,GB,104,4,1,1,5.395,323.7,77.8125,1,5.395
20260928,UCSes4X8uDrpc4X46hJKjejg,l5M2ICRhyEA,on_demand,not_subscribed,BR,105,4,1,0,0.03833333333333333,0,0,1,0.03833333333333333
20260928,UCSes4X8uDrpc4X46hJKjejg,WAYYE5BMG6c,on_demand,subscribed,PH,104,5,1,0,0.0175,0,0,0,0
20260928,UCSes4X8uDrpc4X46hJKjejg,gTMjT4y5LHE,on_demand,subscribed,US,103,10,6,5,12.772866666666667,153.0008,30.971821862348179,2,0.5820333333333334
20260928,UCSes4X8uDrpc4X46hJKjejg,Rl73WZoqKzE,on_demand,subscribed,PH,104,5,3,2,5.6891666666666669,167.72,28.140939597315437,1,1.0323333333333333
20260928,UCSes4X8uDrpc4X46hJKjejg,A7YpyzGt_6c,on_demand,not_subscribed,US,102,26,1,1,15.355,921.3,16.966850828729282,1,15.355
20260928,UCSes4X8uDrpc4X46hJKjejg,DjhN1oAGTYA,on_demand,not_subscribed,BZ,102,4,1,0,0.1452,0,0,0,0
20260928,UCSes4X8uDrpc4X46hJKjejg,f4MfVVTJ6pY,on_demand,subscribed,US,104,4,1,0,0,0,0,0,0
20260928,UCSes4X8uDrpc4X46hJKjejg,ylkL2lJvlto,on_demand,not_subscribed,PH,101,2,1,1,1.0330833333333334,61.985,8.56146408839779,0,0
20260928,UCSes4X8uDrpc4X46hJKjejg,6ljakZEWb0o,on_demand,not_subscribed,UA,101,2,1,0,0.030966666666666667,0,0,0,0
20260928,UCSes4X8uDrpc4X46hJKjejg,jB_in2f-k-M,on_demand,not_subscribed,US,102,29,1,1,0.53078333333333338,31.847,1.30093954248366,0,0
20260928,UCSes4X8uDrpc4X46hJKjejg,JZgusHsQ0l4,on_demand,not_subscribed,ES,105,5,2,1,0.85916666666666663,51.55,99.134615384615387,0,0
20260928,UCSes4X8uDrpc4X46hJKjejg,Rl73WZoqKzE,on_demand,not_subscribed,FR,104,5,2,1,1.436,81.72,13.711409395973154,0,0
20260928,UCSes4X8uDrpc4X46hJKjejg,SACCq5Em2is,on_demand,not_subscribed,US,104,5,1,1,0.39533333333333331,23.72,45.615384615384613,0,0
20260928,UCSes4X8uDrpc4X46hJKjejg,k4-t8XMp-wg,on_demand,subscribed,US,104,4,8,2,0.685,9.95,3.4790209790209792,0,0
20260928,UCSes4X8uDrpc4X46hJKjejg,gTMjT4y5LHE,on_demand,not_subscribed,NZ,101,9,1,1,1.78465,107.079,21.675910931174091,1,1.78465
20260928,UCSes4X8uDrpc4X46hJKjejg,-CjQjOd2JEA,on_demand,subscribed,CA,102,31,1,0,0.1093,0,0,1,0.1093
20260928,UCSes4X8uDrpc4X46hJKjejg,cJVrzjm7YPs,on_demand,not_subscribed,US,101,9,6,1,1.0511833333333334,48.071,100.14791666666666,2,0.80118333333333336
20260928,UCSes4X8uDrpc4X46hJKjejg,6ljakZEWb0o,on_demand,subscribed,US,102,4,4,2,68.404883333333331,2047.5815,74.107184220050669,1,46.047016666666664
20260928,UCSes4X8uDrpc4X46hJKjejg,_JUn-uRTUZA,on_demand,subscribed,US,104,4,1,0,0,0,0,0,0
20260928,UCSes4X8uDrpc4X46hJKjejg,pWCQrmx8beo,on_demand,not_subscribed,US,102,19,5,4,51.935433333333336,778.82425,25.891763630319147,1,0.4632
20260928,UCSes4X8uDrpc4X46hJKjejg,YHtB62qU1r8,on_demand,not_subscribed,BS,105,4,1,1,6.1766666666666667,370.6,78.851063829787236,0,0
20260928,UCSes4X8uDrpc4X46hJKjejg,6oGL_hVMNjM,on_demand,not_subscribed,US,101,2,1,1,0.52308333333333334,31.385,25.938016528925619,1,0.52308333333333334
20260928,UCSes4X8uDrpc4X46hJKjejg,EEz09HgF63M,on_demand,subscribed,US,104,4,1,1,0.075,4.5,12.162162162162161,0,0
20260928,UCSes4X8uDrpc4X46hJKjejg,9zaom3QbjYs,on_demand,not_subscribed,IL,104,4,5,2,4.8166666666666664,141.55,18.649538866930172,0,0
20260928,UCSes4X8uDrpc4X46hJKjejg,BeZUS-lZ4qs,on_demand,not_subscribed,IL,104,4,2,0,0.055,0,0,0,0
20260928,UCSes4X8uDrpc4X46hJKjejg,gTMjT4y5LHE,on_demand,not_subscribed,HR,100,1,1,1,0.46906666666666669,28.144,5.6971659919028337,0,0
20260928,UCSes4X8uDrpc4X46hJKjejg,-CjQjOd2JEA,on_demand,not_subscribed,SX,104,4,1,0,0.1,0,0,0,0
20260928,UCSes4X8uDrpc4X46hJKjejg,JOMMjWncBzA,on_demand,not_subscribed,US,104,5,1,1,0.5895,35.37,47.16,0,0
20260928,UCSes4X8uDrpc4X46hJKjejg,qTi5JqNn970,on_demand,not_subscribed,US,101,30,1,0,0.0034833333333333335,0,0,0,0
20260928,UCSes4X8uDrpc4X46hJKjejg,gX09UAQyD-U,on_demand,not_subscribed,GB,104,5,2,1,0.24,11.87,12.112244897959183,0,0
20260928,UCSes4X8uDrpc4X46hJKjejg,BeZUS-lZ4qs,on_demand,not_subscribed,FR,101,1,1,0,0.1143,0,0,0,0
20260928,UCSes4X8uDrpc4X46hJKjejg,-CjQjOd2JEA,on_demand,not_subscribed,US,100,1,1,1,1.2283333333333333,73.7,26.042402826855124,0,0
20260928,UCSes4X8uDrpc4X46hJKjejg,Nl1v5VLkmmE,on_demand,not_subscribed,US,104,5,1,1,0.73616666666666664,44.17,77.491228070175438,1,0.73616666666666664
20260928,UCSes4X8uDrpc4X46hJKjejg,Rl73WZoqKzE,on_demand,not_subscribed,GB,104,4,4,1,5.6625,329.65,55.310402684563755,0,0
20260928,UCSes4X8uDrpc4X46hJKjejg,WOQL9qnbLuM,on_demand,not_subscribed,US,104,5,3,2,0.91716666666666669,27.515,50.9537037037037,0,0
20260928,UCSes4X8uDrpc4X46hJKjejg,3oF068CdTYo,on_demand,not_subscribed,US,101,2,4,0,0.048633333333333334,0,0,0,0
20260928,UCSes4X8uDrpc4X46hJKjejg,dgP0I7rPTlU,on_demand,not_subscribed,NZ,104,5,1,0,0.0033333333333333335,0,0,0,0
20260928,UCSes4X8uDrpc4X46hJKjejg,fAZy3HtHBzA,on_demand,subscribed,AL,104,5,2,1,0.54116666666666668,32.47,101.46875,0,0
20260928,UCSes4X8uDrpc4X46hJKjejg,LXgH2eBmrF8,on_demand,not_subscribed,US,104,4,6,3,1.2885333333333333,24.637333333333334,79.4752688172043,0,0
20260928,UCSes4X8uDrpc4X46hJKjejg,MEHDJ9V-lIk,on_demand,not_subscribed,FR,102,12,1,1,0.6038,36.228,1.7586407766990291,1,0.6038
20260928,UCSes4X8uDrpc4X46hJKjejg,-CjQjOd2JEA,on_demand,not_subscribed,BS,102,29,4,3,6.75335,134.662,47.583745583038869,1,4.41995
20260928,UCSes4X8uDrpc4X46hJKjejg,gTMjT4y5LHE,on_demand,not_subscribed,KE,102,19,1,1,0.57551666666666668,34.531,6.9900809716599186,0,0
20260928,UCSes4X8uDrpc4X46hJKjejg,7HuaEHVdk6c,on_demand,not_subscribed,DE,104,4,2,2,1.0683333333333334,32.05,31.116504854368934,2,1.0683333333333334
20260928,UCSes4X8uDrpc4X46hJKjejg,WAYYE5BMG6c,on_demand,subscribed,AU,104,5,1,0,0.031666666666666669,0,0,0,0
20260928,UCSes4X8uDrpc4X46hJKjejg,M-M22Ac4CRE,on_demand,not_subscribed,DE,104,5,1,0,0.015166666666666667,0,0,0,0
20260928,UCSes4X8uDrpc4X46hJKjejg,MEHDJ9V-lIk,on_demand,not_subscribed,US,104,5,56,35,339.1837,580.09177142857141,28.159794729542302,8,64.667833333333334
20260928,UCSes4X8uDrpc4X46hJKjejg,VEf3EBKuaZw,on_demand,not_subscribed,US,104,4,1,0,0.025,0,0,0,0
20260928,UCSes4X8uDrpc4X46hJKjejg,6ljakZEWb0o,on_demand,not_subscribed,FR,101,9,8,0,0.24165,0,0,0,0
20260928,UCSes4X8uDrpc4X46hJKjejg,84XwX8zGUOk,on_demand,not_subscribed,US,104,4,3,1,8.5533333333333328,505.1,97.509652509652511,0,0
20260928,UCSes4X8uDrpc4X46hJKjejg,YHtB62qU1r8,on_demand,not_subscribed,BS,102,29,1,0,0.056083333333333332,0,0,0,0
20260928,UCSes4X8uDrpc4X46hJKjejg,yqQ_QnY4_XU,on_demand,subscribed,US,104,4,73,40,24.853333333333332,36.63,77.936170212765958,23,9.1316666666666659
20260928,UCSes4X8uDrpc4X46hJKjejg,Rl73WZoqKzE,on_demand,subscribed,AU,104,5,1,1,9.1345,548.07,91.958053691275168,0,0
20260928,UCSes4X8uDrpc4X46hJKjejg,XCtyiiCSRAk,on_demand,not_subscribed,US,101,9,1,0,0.084633333333333338,0,0,0,0
20260928,UCSes4X8uDrpc4X46hJKjejg,iOURk-GhPG0,on_demand,not_subscribed,FI,105,5,1,0,0.0305,0,0,0,0
20260928,UCSes4X8uDrpc4X46hJKjejg,iOURk-GhPG0,on_demand,not_subscribed,MX,105,4,2,1,0.514,30.84,106.34482758620689,0,0
20260928,UCSes4X8uDrpc4X46hJKjejg,gmPsKXt4foY,on_demand,not_subscribed,ZA,101,2,1,1,0.56878333333333331,34.127,75.837777777777774,0,0
20260928,UCSes4X8uDrpc4X46hJKjejg,9zaom3QbjYs,on_demand,not_subscribed,US,101,9,5,2,20.0416,599.5515,78.992292490118572,1,12.64055
20260928,UCSes4X8uDrpc4X46hJKjejg,fAZy3HtHBzA,on_demand,not_subscribed,US,105,5,24,12,4.8561666666666667,23.156666666666666,72.364583333333329,2,0.20283333333333334
20260928,UCSes4X8uDrpc4X46hJKjejg,gTMjT4y5LHE,on_demand,not_subscribed,DO,104,5,3,0,0.1665,0,0,0,0
20260928,UCSes4X8uDrpc4X46hJKjejg,u9yo-7_Ly7M,on_demand,not_subscribed,US,102,26,2,1,0.18628333333333333,1.201,0.21836363636363637,0,0
20260928,UCSes4X8uDrpc4X46hJKjejg,BeZUS-lZ4qs,on_demand,not_subscribed,US,101,9,52,18,358.36975,1192.0947777777776,38.479495732013483,7,121.04068333333333
20260928,UCSes4X8uDrpc4X46hJKjejg,T3ZT60HH0Mk,on_demand,not_subscribed,US,101,2,2,2,65.726983333333337,1971.8095,53.134182161142547,0,0
20260928,UCSes4X8uDrpc4X46hJKjejg,AjdYGVgSX_k,on_demand,not_subscribed,US,104,4,2,1,1.06,63.6,96.36363636363636,0,0
20260928,UCSes4X8uDrpc4X46hJKjejg,do4cUugrzEw,on_demand,not_subscribed,US,104,5,5,3,3.8253333333333335,76.506666666666675,129.67231638418079,0,0
20260928,UCSes4X8uDrpc4X46hJKjejg,fTXwOlPruv0,on_demand,subscribed,US,104,4,3,1,0.22,12.3,20.5,0,0
20260928,UCSes4X8uDrpc4X46hJKjejg,tIFk16TQrU4,on_demand,not_subscribed,ZA,104,4,2,0,0.055,0,0,1,0.03833333333333333
20260928,UCSes4X8uDrpc4X46hJKjejg,op6JvrFdWrY,on_demand,subscribed,US,104,4,51,27,14.954983333333333,32.455518518518517,135.23132716049383,12,8.4883333333333333
20260928,UCSes4X8uDrpc4X46hJKjejg,-CjQjOd2JEA,on_demand,not_subscribed,IL,104,4,1,1,0.645,38.7,13.674911660777385,0,0
20260928,UCSes4X8uDrpc4X46hJKjejg,dKoSQ-63gP4,on_demand,not_subscribed,MY,101,2,1,0,0.0049166666666666664,0,0,0,0
20260928,UCSes4X8uDrpc4X46hJKjejg,1t3OClu0AG8,on_demand,not_subscribed,US,102,29,1,0,0.0030166666666666666,0,0,0,0
20260928,UCSes4X8uDrpc4X46hJKjejg,ABlbRTTk1ek,on_demand,not_subscribed,US,101,2,3,0,0.07735,0,0,0,0
20260928,UCSes4X8uDrpc4X46hJKjejg,6ljakZEWb0o,on_demand,not_subscribed,US,102,29,6,5,2.5391,30.2414,1.0945132102786825,2,0.74776666666666669
20260928,UCSes4X8uDrpc4X46hJKjejg,6ljakZEWb0o,on_demand,subscribed,LY,104,5,1,1,0.1435,8.61,0.31161780673181327,0,0
20260928,UCSes4X8uDrpc4X46hJKjejg,YHtB62qU1r8,on_demand,not_subscribed,IL,104,4,1,0,0.0033333333333333335,0,0,0,0
20260928,UCSes4X8uDrpc4X46hJKjejg,unimgWGUpHM,on_demand,subscribed,US,102,1,2,1,0.70896666666666663,42.538,101.28095238095239,0,0
20260928,UCSes4X8uDrpc4X46hJKjejg,pWCQrmx8beo,on_demand,not_subscribed,PH,102,4,1,0,0.055883333333333333,0,0,1,0.055883333333333333
20260928,UCSes4X8uDrpc4X46hJKjejg,PoyUkRaWZiM,on_demand,not_subscribed,US,101,2,1,0,0.10853333333333333,0,0,0,0
20260928,UCSes4X8uDrpc4X46hJKjejg,HkjnCLrXfDY,on_demand,not_subscribed,CA,104,4,1,1,0.099383333333333337,5.963,1.6029569892473119,0,0
20260928,UCSes4X8uDrpc4X46hJKjejg,BeZUS-lZ4qs,on_demand,subscribed,US,102,19,11,8,227.0338,1702.361125,54.950326823757266,3,52.013016666666665
20260928,UCSes4X8uDrpc4X46hJKjejg,l5M2ICRhyEA,on_demand,not_subscribed,ID,104,5,3,1,0.6175,34.77,105.36363636363636,0,0
20260928,UCSes4X8uDrpc4X46hJKjejg,WwMIt3eNtGU,on_demand,not_subscribed,US,102,26,1,1,7.8884333333333334,473.306,12.547879109225875,0,0
20260928,UCSes4X8uDrpc4X46hJKjejg,YHtB62qU1r8,on_demand,not_subscribed,PR,102,4,1,1,0.48636666666666667,29.182,6.2089361702127661,0,0
20260928,UCSes4X8uDrpc4X46hJKjejg,ePdXtNfowRo,on_demand,not_subscribed,TT,102,29,1,1,8.54835,512.901,99.980701754385962,0,0
20260928,UCSes4X8uDrpc4X46hJKjejg,op6JvrFdWrY,on_demand,subscribed,MX,104,5,2,1,0.39633333333333332,23.78,99.083333333333329,0,0
20260928,UCSes4X8uDrpc4X46hJKjejg,5GYyKcjXNN0,on_demand,not_subscribed,US,103,10,3,2,1.5316166666666666,45.1555,55.747530864197529,0,0
20260928,UCSes4X8uDrpc4X46hJKjejg,k3pJGiIh1RE,on_demand,not_subscribed,US,101,2,1,0,0.00405,0,0,0,0
20260928,UCSes4X8uDrpc4X46hJKjejg,l5M2ICRhyEA,on_demand,not_subscribed,AR,104,4,1,0,0.035,0,0,0,0
20260928,UCSes4X8uDrpc4X46hJKjejg,gTMjT4y5LHE,on_demand,subscribed,US,101,2,20,0,0.45715,0,0,0,0
20260928,UCSes4X8uDrpc4X46hJKjejg,PY_VRF7d7kc,on_demand,not_subscribed,LT,104,4,1,0,0.013333333333333334,0,0,0,0
20260928,UCSes4X8uDrpc4X46hJKjejg,JZgusHsQ0l4,on_demand,not_subscribed,RU,101,2,2,1,0.83908333333333329,50.259,96.651923076923083,0,0
20260928,UCSes4X8uDrpc4X46hJKjejg,gmPsKXt4foY,on_demand,not_subscribed,NG,104,4,2,1,0.74833333333333329,44.9,99.777777777777771,0,0
20260928,UCSes4X8uDrpc4X46hJKjejg,eUY8wO-yTHQ,on_demand,not_subscribed,US,104,5,1,1,0.64316666666666666,38.59,83.8913043478261,0,0
20260928,UCSes4X8uDrpc4X46hJKjejg,l5M2ICRhyEA,on_demand,not_subscribed,MH,104,4,1,0,0.013333333333333334,0,0,0,0
20260928,UCSes4X8uDrpc4X46hJKjejg,MEHDJ9V-lIk,on_demand,not_subscribed,PL,104,4,1,1,7.6533333333333333,459.2,22.291262135922331,0,0
20260928,UCSes4X8uDrpc4X46hJKjejg,jd9rjcm7Opg,on_demand,not_subscribed,US,104,5,2,1,1.1488333333333334,68.93,123.08928571428571,0,0
20260928,UCSes4X8uDrpc4X46hJKjejg,Ox7Rrh40O2o,on_demand,not_subscribed,PH,104,4,5,3,2.6233333333333335,51.699999999999996,64.625,0,0
20260928,UCSes4X8uDrpc4X46hJKjejg,gTMjT4y5LHE,on_demand,not_subscribed,JP,101,9,1,1,0.8201,49.206,9.96072874493927,0,0
20260928,UCSes4X8uDrpc4X46hJKjejg,-CjQjOd2JEA,on_demand,not_subscribed,US,101,9,100,34,92.4875,160.0805294117647,56.565558096029932,4,6.1956
20260928,UCSes4X8uDrpc4X46hJKjejg,5UEhfpivkPo,on_demand,subscribed,US,104,5,1,1,0.12133333333333333,7.28,26,0,0
20260928,UCSes4X8uDrpc4X46hJKjejg,5xA-FaYOc_0,on_demand,not_subscribed,US,101,9,1,0,0.00073333333333333334,0,0,0,0
20260928,UCSes4X8uDrpc4X46hJKjejg,Rl73WZoqKzE,on_demand,not_subscribed,DE,104,4,1,0,0.02,0,0,0,0
20260928,UCSes4X8uDrpc4X46hJKjejg,fAZy3HtHBzA,on_demand,not_subscribed,CA,104,4,10,5,5.6933333333333334,68.320000000000007,213.5,1,0.205
20260928,UCSes4X8uDrpc4X46hJKjejg,Rl73WZoqKzE,on_demand,subscribed,GB,105,4,1,1,3.4183333333333334,205.1,34.412751677852349,0,0
20260928,UCSes4X8uDrpc4X46hJKjejg,YHtB62qU1r8,on_demand,not_subscribed,US,101,9,78,25,68.197916666666671,161.2364,34.305617021276596,5,15.174883333333334
20260928,UCSes4X8uDrpc4X46hJKjejg,JVtMpIpnwl0,on_demand,not_subscribed,US,104,5,1,1,7.216,432.96,10.919546027742749,1,7.216
20260928,UCSes4X8uDrpc4X46hJKjejg,Rl73WZoqKzE,on_demand,not_subscribed,ES,104,5,3,1,9.7293333333333329,575.71,96.595637583892611,0,0
20260928,UCSes4X8uDrpc4X46hJKjejg,unimgWGUpHM,on_demand,subscribed,PH,104,4,4,2,2.0416666666666665,61.25,145.83333333333334,0,0
20260928,UCSes4X8uDrpc4X46hJKjejg,uFRBm6GmkwU,on_demand,subscribed,US,104,4,1,0,0.11333333333333333,0,0,0,0
20260928,UCSes4X8uDrpc4X46hJKjejg,8ajxcRVL7g4,on_demand,not_subscribed,JP,104,5,1,1,0.60366666666666668,36.22,34.169811320754718,0,0
20260928,UCSes4X8uDrpc4X46hJKjejg,fAZy3HtHBzA,on_demand,not_subscribed,IN,104,4,1,0,0.0066666666666666671,0,0,0,0
20260928,UCSes4X8uDrpc4X46hJKjejg,vie8zbHHt-s,on_demand,subscribed,US,104,5,1,0,0.018466666666666666,0,0,0,0
20260928,UCSes4X8uDrpc4X46hJKjejg,2vf4qDJNyOw,on_demand,not_subscribed,US,102,28,1,1,3.09635,185.781,33.595117540687163,1,3.09635
20260928,UCSes4X8uDrpc4X46hJKjejg,-CjQjOd2JEA,on_demand,not_subscribed,BG,101,2,1,0,0.061083333333333337,0,0,0,0
20260928,UCSes4X8uDrpc4X46hJKjejg,DYgYafn4Two,on_demand,not_subscribed,US,104,4,1,0,0.021666666666666667,0,0,0,0
20260928,UCSes4X8uDrpc4X46hJKjejg,gTMjT4y5LHE,on_demand,not_subscribed,SE,102,12,1,1,1.7815,106.89,21.637651821862349,0,0
20260928,UCSes4X8uDrpc4X46hJKjejg,l5M2ICRhyEA,on_demand,not_subscribed,GU,104,5,2,1,0.69916666666666671,41.95,127.12121212121212,0,0
20260928,UCSes4X8uDrpc4X46hJKjejg,unimgWGUpHM,on_demand,not_subscribed,FR,104,4,2,1,0.70666666666666667,42.4,100.95238095238095,2,0.70666666666666667
20260928,UCSes4X8uDrpc4X46hJKjejg,u9yo-7_Ly7M,on_demand,not_subscribed,CA,101,9,1,0,0.0035,0,0,0,0
20260928,UCSes4X8uDrpc4X46hJKjejg,6ljakZEWb0o,on_demand,not_subscribed,MT,101,9,1,1,33.846783333333335,2030.807,73.500072385088671,1,33.846783333333335
20260928,UCSes4X8uDrpc4X46hJKjejg,NKWK0WtZalw,on_demand,not_subscribed,CA,104,5,1,1,1.4466666666666668,86.8,78.9090909090909,0,0
20260928,UCSes4X8uDrpc4X46hJKjejg,6ljakZEWb0o,on_demand,subscribed,US,104,4,48,26,281.07018333333332,647.40042307692306,23.431068515270471,10,101.89333333333335
20260928,UCSes4X8uDrpc4X46hJKjejg,-CjQjOd2JEA,on_demand,not_subscribed,KZ,101,2,1,1,3.60125,216.075,76.351590106007066,0,0
20260928,UCSes4X8uDrpc4X46hJKjejg,9SP2xoGRkF0,on_demand,not_subscribed,US,101,9,1,0,0.027816666666666667,0,0,0,0
20260928,UCSes4X8uDrpc4X46hJKjejg,-CjQjOd2JEA,on_demand,subscribed,US,102,19,7,4,5.774116666666667,85.78875,30.314045936395761,1,0.61045
20260928,UCSes4X8uDrpc4X46hJKjejg,Mh9vmih_Sro,on_demand,not_subscribed,US,102,26,2,1,0.029733333333333334,1.317,0.049679366276876649,1,0.02195
20260928,UCSes4X8uDrpc4X46hJKjejg,gTMjT4y5LHE,on_demand,not_subscribed,US,102,19,95,61,150.7154,146.74504918032787,29.70547554257649,17,23.061083333333332
20260928,UCSes4X8uDrpc4X46hJKjejg,PeMHxUwuByQ,on_demand,subscribed,IN,101,2,1,0,0.01455,0,0,0,0
20260928,UCSes4X8uDrpc4X46hJKjejg,YHtB62qU1r8,on_demand,subscribed,US,102,19,4,1,4.5595166666666671,266.431,56.687446808510636,2,0.05818333333333333
20260928,UCSes4X8uDrpc4X46hJKjejg,gTMjT4y5LHE,on_demand,not_subscribed,NL,104,4,2,1,2.99,178,36.032388663967609,0,0
20260928,UCSes4X8uDrpc4X46hJKjejg,lJGV7X5oOg0,on_demand,not_subscribed,IN,104,5,2,1,0.53516666666666668,32.11,100.34375,2,0.53516666666666668
20260928,UCSes4X8uDrpc4X46hJKjejg,BeZUS-lZ4qs,on_demand,subscribed,AE,102,19,1,1,0.59455,35.673,1.1514848289218851,1,0.59455
20260928,UCSes4X8uDrpc4X46hJKjejg,f0Agz2fWwFY,on_demand,not_subscribed,CA,101,9,2,0,0.037733333333333334,0,0,0,0
20260928,UCSes4X8uDrpc4X46hJKjejg,3oF068CdTYo,on_demand,not_subscribed,US,100,1,2,1,0.70883333333333332,42.53,125.08823529411765,0,0
20260928,UCSes4X8uDrpc4X46hJKjejg,dKoSQ-63gP4,on_demand,not_subscribed,GB,105,5,1,1,9.493666666666666,569.62,93.533661740558287,0,0
20260928,UCSes4X8uDrpc4X46hJKjejg,fAZy3HtHBzA,on_demand,subscribed,US,104,5,323,148,81.921183333333332,32.221837837837839,100.69324324324324,72,17.523833333333336
20260928,UCSes4X8uDrpc4X46hJKjejg,BeZUS-lZ4qs,on_demand,subscribed,PH,102,4,2,0,0.063216666666666671,0,0,1,0.024533333333333334
20260928,UCSes4X8uDrpc4X46hJKjejg,dgP0I7rPTlU,on_demand,not_subscribed,DE,101,2,3,0,0.11018333333333333,0,0,0,0
20260928,UCSes4X8uDrpc4X46hJKjejg,ssyJmaoH1SI,on_demand,not_subscribed,US,105,5,2,1,1.5803333333333334,94.82,141.52238805970148,0,0
20260928,UCSes4X8uDrpc4X46hJKjejg,gmPsKXt4foY,on_demand,not_subscribed,US,103,10,3,2,0.93463333333333332,28.039,62.308888888888887,0,0
20260928,UCSes4X8uDrpc4X46hJKjejg,BeZUS-lZ4qs,on_demand,not_subscribed,PR,104,4,1,1,10.44,626.4,20.219496449322143,0,0
20260928,UCSes4X8uDrpc4X46hJKjejg,iOURk-GhPG0,on_demand,not_subscribed,NL,101,9,1,0,0.02485,0,0,0,0
20260928,UCSes4X8uDrpc4X46hJKjejg,pWCQrmx8beo,on_demand,not_subscribed,US,102,1,1,1,0.6412,38.472,1.2789893617021277,0,0
20260928,UCSes4X8uDrpc4X46hJKjejg,-CjQjOd2JEA,on_demand,not_subscribed,NO,102,12,1,0,0.047833333333333332,0,0,0,0
20260928,UCSes4X8uDrpc4X46hJKjejg,gTMjT4y5LHE,on_demand,subscribed,AE,101,2,1,0,0.01185,0,0,0,0
20260928,UCSes4X8uDrpc4X46hJKjejg,gjplpVq_woo,on_demand,not_subscribed,US,102,26,2,1,1.2593,75.558,111.11470588235294,0,0
20260928,UCSes4X8uDrpc4X46hJKjejg,BeZUS-lZ4qs,on_demand,not_subscribed,ID,104,4,1,0,0.028333333333333332,0,0,0,0
20260928,UCSes4X8uDrpc4X46hJKjejg,gTMjT4y5LHE,on_demand,not_subscribed,LV,102,12,1,1,2.9132,174.792,35.382995951417,0,0
20260928,UCSes4X8uDrpc4X46hJKjejg,0JHD_pApR7w,on_demand,not_subscribed,FI,104,4,1,0,0,0,0,0,0
20260928,UCSes4X8uDrpc4X46hJKjejg,-9jvIbYHhag,on_demand,not_subscribed,SI,104,4,1,0,0.021666666666666667,0,0,0,0
20260928,UCSes4X8uDrpc4X46hJKjejg,QngqvwK8eW0,on_demand,not_subscribed,FR,104,4,1,1,0.11,6.6,13.469387755102041,0,0
20260928,UCSes4X8uDrpc4X46hJKjejg,pWCQrmx8beo,on_demand,subscribed,US,101,9,1,1,0.19508333333333333,11.705,0.38912898936170215,0,0
20260928,UCSes4X8uDrpc4X46hJKjejg,iOURk-GhPG0,on_demand,not_subscribed,SA,104,4,1,0,0.00031666666666666665,0,0,0,0
20260928,UCSes4X8uDrpc4X46hJKjejg,-CjQjOd2JEA,on_demand,not_subscribed,NG,105,5,1,1,0.91466666666666663,54.88,19.392226148409893,1,0.91466666666666663
20260928,UCSes4X8uDrpc4X46hJKjejg,FC36sHokYnk,on_demand,not_subscribed,US,101,9,1,1,8.1700333333333326,490.202,88.4841155234657,0,0
20260928,UCSes4X8uDrpc4X46hJKjejg,-CjQjOd2JEA,on_demand,not_subscribed,AZ,104,5,1,0,0.04583333333333333,0,0,0,0
20260928,UCSes4X8uDrpc4X46hJKjejg,gmPsKXt4foY,on_demand,subscribed,DZ,101,2,2,1,0.74546666666666672,44.728,99.395555555555561,0,0
20260928,UCSes4X8uDrpc4X46hJKjejg,sRIO-T5dRjA,on_demand,not_subscribed,GB,101,2,2,1,0.35018333333333335,21.011,75.039285714285711,0,0
20260928,UCSes4X8uDrpc4X46hJKjejg,unimgWGUpHM,on_demand,subscribed,AU,104,4,6,3,2.1306,42.612,101.45714285714286,2,0.71666666666666667
20260928,UCSes4X8uDrpc4X46hJKjejg,fAZy3HtHBzA,on_demand,subscribed,BD,104,4,2,0,0.08,0,0,0,0
20260928,UCSes4X8uDrpc4X46hJKjejg,K84n1uSn2bU,on_demand,subscribed,GE,101,2,2,1,2.0811833333333332,124.462,45.258909090909093,1,2.0743666666666667
20260928,UCSes4X8uDrpc4X46hJKjejg,op6JvrFdWrY,on_demand,subscribed,LK,101,9,2,1,0.4682,28.092,117.05,0,0
20260928,UCSes4X8uDrpc4X46hJKjejg,Fg65-8qGtiU,on_demand,not_subscribed,US,104,4,2,0,0.17166666666666666,0,0,0,0
20260928,UCSes4X8uDrpc4X46hJKjejg,BeZUS-lZ4qs,on_demand,not_subscribed,PH,105,4,1,1,4.8,288,9.2963202065848929,0,0
20260928,UCSes4X8uDrpc4X46hJKjejg,op6JvrFdWrY,on_demand,not_subscribed,ZA,104,5,1,1,0.1505,9.03,37.625,0,0
20260928,UCSes4X8uDrpc4X46hJKjejg,KWIVBbqRwZ8,on_demand,not_subscribed,US,102,19,1,1,1.2111833333333333,72.671,201.86388888888888,0,0
20260928,UCSes4X8uDrpc4X46hJKjejg,Rl73WZoqKzE,on_demand,subscribed,US,102,21,1,1,9.92535,595.521,99.919630872483225,0,0
20260928,UCSes4X8uDrpc4X46hJKjejg,2n5LJUyMtAk,on_demand,not_subscribed,KR,104,5,2,1,1.7736666666666667,104.97,20.786138613861386,0,0
20260928,UCSes4X8uDrpc4X46hJKjejg,gTMjT4y5LHE,on_demand,not_subscribed,QA,102,4,1,0,0.13273333333333334,0,0,0,0
20260928,UCSes4X8uDrpc4X46hJKjejg,gX5Aks5a3eE,on_demand,not_subscribed,CA,104,4,3,2,1.5266666666666666,45.6,13.652694610778443,0,0
20260928,UCSes4X8uDrpc4X46hJKjejg,vYHpYbDk4Tg,on_demand,not_subscribed,US,104,5,3,2,1.9896666666666667,59.07,79.824324324324323,1,0.020666666666666667
20260928,UCSes4X8uDrpc4X46hJKjejg,gTMjT4y5LHE,on_demand,not_subscribed,RU,104,5,1,1,3.5585,213.51,43.220647773279353,0,0
20260928,UCSes4X8uDrpc4X46hJKjejg,BeZUS-lZ4qs,on_demand,not_subscribed,MY,104,5,1,0,0.014,0,0,0,0
20260928,UCSes4X8uDrpc4X46hJKjejg,yXI5JzLdcwk,on_demand,not_subscribed,PH,101,2,2,1,0.16373333333333334,8.666,10.8325,0,0
20260928,UCSes4X8uDrpc4X46hJKjejg,2n5LJUyMtAk,on_demand,not_subscribed,US,101,1,3,1,0.59943333333333337,29.304,5.8027722772277226,0,0
20260928,UCSes4X8uDrpc4X46hJKjejg,5WC7gUC932A,on_demand,not_subscribed,GB,101,9,1,1,0.14403333333333335,8.642,5.8391891891891889,0,0
20260928,UCSes4X8uDrpc4X46hJKjejg,5GYyKcjXNN0,on_demand,not_subscribed,US,101,2,23,9,3.8491333333333335,23.004,28.4,2,0.62278333333333336
20260928,UCSes4X8uDrpc4X46hJKjejg,6ljakZEWb0o,on_demand,not_subscribed,CH,101,9,1,0,0.027633333333333333,0,0,0,0
20260928,UCSes4X8uDrpc4X46hJKjejg,3oF068CdTYo,on_demand,not_subscribed,FR,101,1,1,1,0.38143333333333335,22.886,67.311764705882354,0,0
20260928,UCSes4X8uDrpc4X46hJKjejg,rq61MdGS0U4,on_demand,subscribed,US,104,5,2,2,1.1693166666666666,35.0795,6.1759683098591553,0,0
20260928,UCSes4X8uDrpc4X46hJKjejg,7qt1wBW-P6A,on_demand,not_subscribed,CA,104,4,1,1,0.16666666666666666,10,12.987012987012987,0,0
20260928,UCSes4X8uDrpc4X46hJKjejg,gTMjT4y5LHE,on_demand,not_subscribed,PH,102,4,2,2,8.974966666666667,269.249,54.503846153846155,2,8.974966666666667
20260928,UCSes4X8uDrpc4X46hJKjejg,Rl73WZoqKzE,on_demand,subscribed,ES,105,5,1,1,5.5911666666666671,335.47,56.286912751677853,0,0
20260928,UCSes4X8uDrpc4X46hJKjejg,-CjQjOd2JEA,on_demand,not_subscribed,PR,104,4,3,1,0.045,0,0,0,0
20260928,UCSes4X8uDrpc4X46hJKjejg,l5M2ICRhyEA,on_demand,not_subscribed,FR,104,5,3,2,1.09465,32.8395,99.513636363636365,0,0
20260928,UCSes4X8uDrpc4X46hJKjejg,HwWx5nhjCx8,on_demand,not_subscribed,FI,104,5,1,1,4.8821666666666665,292.93,28.139289145052835,0,0
20260928,UCSes4X8uDrpc4X46hJKjejg,DiQL1Q4_4VM,on_demand,not_subscribed,PH,102,4,1,0,0.060216666666666668,0,0,0,0
20260928,UCSes4X8uDrpc4X46hJKjejg,JsEe4qzWT40,on_demand,not_subscribed,US,101,2,2,1,1.15355,69.213,109.86190476190477,0,0
20260928,UCSes4X8uDrpc4X46hJKjejg,9rupIwl9lFY,on_demand,not_subscribed,US,104,4,2,1,0.91,54.6,109.2,0,0
20260928,UCSes4X8uDrpc4X46hJKjejg,VabbVbaoc3U,on_demand,not_subscribed,SN,104,5,2,1,1.1925833333333333,71.555,54.622137404580151,0,0
20260928,UCSes4X8uDrpc4X46hJKjejg,eu62r4NZQ3Q,on_demand,not_subscribed,US,102,19,1,1,3.1357166666666667,188.143,93.603482587064676,0,0
20260928,UCSes4X8uDrpc4X46hJKjejg,fAZy3HtHBzA,on_demand,subscribed,AE,104,5,1,1,0.11533333333333333,6.92,21.625,0,0
20260928,UCSes4X8uDrpc4X46hJKjejg,YHtB62qU1r8,on_demand,not_subscribed,PR,104,4,1,1,5.31,318.6,67.7872340425532,0,0
20260928,UCSes4X8uDrpc4X46hJKjejg,dgP0I7rPTlU,on_demand,not_subscribed,CN,104,5,1,0,0.013716666666666667,0,0,0,0
20260928,UCSes4X8uDrpc4X46hJKjejg,-CjQjOd2JEA,on_demand,not_subscribed,FR,102,4,3,2,4.4915,133.15,47.049469964664311,1,0.053166666666666668
20260928,UCSes4X8uDrpc4X46hJKjejg,rScJj_0-t-o,on_demand,not_subscribed,AU,101,9,1,0,0.0186,0,0,0,0
20260928,UCSes4X8uDrpc4X46hJKjejg,-CjQjOd2JEA,on_demand,not_subscribed,ID,104,4,4,0,0.063333333333333339,0,0,0,0
20260928,UCSes4X8uDrpc4X46hJKjejg,YHtB62qU1r8,on_demand,not_subscribed,FR,102,4,5,3,15.729233333333333,314.06366666666668,66.822056737588653,0,0
20260928,UCSes4X8uDrpc4X46hJKjejg,J6rzMuvuMuo,on_demand,not_subscribed,ES,101,2,1,0,0.075833333333333336,0,0,0,0
20260928,UCSes4X8uDrpc4X46hJKjejg,FPS5TgQX95c,on_demand,not_subscribed,PH,104,5,1,1,0.806,48.36,56.232558139534881,0,0
20260928,UCSes4X8uDrpc4X46hJKjejg,YHtB62qU1r8,on_demand,not_subscribed,ID,104,4,2,0,0.028333333333333332,0,0,0,0
20260928,UCSes4X8uDrpc4X46hJKjejg,ncc0PEKBAFY,on_demand,not_subscribed,FR,104,5,2,1,1.5101666666666667,90.61,102.96590909090909,0,0
20260928,UCSes4X8uDrpc4X46hJKjejg,18S1GBfKaIo,on_demand,not_subscribed,NL,101,9,1,0,0.041116666666666669,0,0,0,0
20260928,UCSes4X8uDrpc4X46hJKjejg,YTJd5XYZ-DM,on_demand,not_subscribed,RS,101,2,1,1,0.87096666666666667,52.258,1.2730328867235079,0,0
20260928,UCSes4X8uDrpc4X46hJKjejg,Rl73WZoqKzE,on_demand,subscribed,SI,104,4,1,1,0.19666666666666666,11.8,1.9798657718120805,0,0
20260928,UCSes4X8uDrpc4X46hJKjejg,5WC7gUC932A,on_demand,not_subscribed,CA,104,4,1,0,0.01,0,0,0,0
20260928,UCSes4X8uDrpc4X46hJKjejg,MEHDJ9V-lIk,on_demand,not_subscribed,KR,101,2,1,0,0,0,0,1,0
20260928,UCSes4X8uDrpc4X46hJKjejg,BeZUS-lZ4qs,on_demand,subscribed,US,102,1,5,5,211.31306666666666,2535.7568,81.851413815364751,0,0
20260928,UCSes4X8uDrpc4X46hJKjejg,glMYlkjTPJA,on_demand,not_subscribed,CR,101,2,2,1,0.77595,46.557,91.288235294117641,0,0
20260928,UCSes4X8uDrpc4X46hJKjejg,OGOmzWG_ThE,on_demand,not_subscribed,PH,104,4,1,0,0.0083333333333333332,0,0,0,0
20260928,UCSes4X8uDrpc4X46hJKjejg,FCAC9ZyPn_4,on_demand,not_subscribed,AU,104,5,1,1,2.4178333333333333,145.07,32.970454545454544,0,0
20260928,UCSes4X8uDrpc4X46hJKjejg,3oF068CdTYo,on_demand,not_subscribed,US,101,9,1,0,0.06435,0,0,0,0
20260928,UCSes4X8uDrpc4X46hJKjejg,18S1GBfKaIo,on_demand,not_subscribed,SA,104,4,1,0,0.01,0,0,0,0
20260928,UCSes4X8uDrpc4X46hJKjejg,AlriaK-mgWQ,on_demand,not_subscribed,US,104,4,1,0,0,0,0,0,0
20260928,UCSes4X8uDrpc4X46hJKjejg,YHtB62qU1r8,on_demand,not_subscribed,PH,105,4,1,1,2.1833333333333331,131,27.872340425531913,0,0
20260928,UCSes4X8uDrpc4X46hJKjejg,0b8eta7f8mY,on_demand,not_subscribed,NO,101,9,1,1,0.25838333333333335,15.503,2.9417457305502848,0,0
20260928,UCSes4X8uDrpc4X46hJKjejg,gmPsKXt4foY,on_demand,not_subscribed,SG,104,4,3,2,1.235,37.05,82.333333333333329,0,0
20260928,UCSes4X8uDrpc4X46hJKjejg,yXI5JzLdcwk,on_demand,not_subscribed,AU,101,2,3,2,1.7184333333333333,51.553,64.44125,2,1.54745
20260928,UCSes4X8uDrpc4X46hJKjejg,2n5LJUyMtAk,on_demand,not_subscribed,ZA,104,4,1,1,0.46333333333333332,27.8,5.5049504950495045,0,0
20260928,UCSes4X8uDrpc4X46hJKjejg,HwWx5nhjCx8,on_demand,not_subscribed,NL,102,19,1,1,0.66441666666666666,39.865,3.829490874159462,0,0
20260928,UCSes4X8uDrpc4X46hJKjejg,l5M2ICRhyEA,on_demand,subscribed,AU,104,5,3,2,0.62248333333333339,18.6745,56.589393939393936,0,0
20260928,UCSes4X8uDrpc4X46hJKjejg,YHtB62qU1r8,on_demand,not_subscribed,MY,104,5,1,1,0.88366666666666671,53.02,11.280851063829788,0,0
20260928,UCSes4X8uDrpc4X46hJKjejg,gmPsKXt4foY,on_demand,subscribed,HK,104,5,1,1,0.10916666666666666,6.55,14.555555555555555,0,0
20260928,UCSes4X8uDrpc4X46hJKjejg,phqqJrq5Zk4,on_demand,not_subscribed,RS,104,4,2,1,1.9583333333333333,112.6,30.934065934065934,0,0
20260928,UCSes4X8uDrpc4X46hJKjejg,-CjQjOd2JEA,on_demand,subscribed,NG,104,5,1,1,0.26683333333333331,16.01,5.6572438162544172,0,0
20260928,UCSes4X8uDrpc4X46hJKjejg,-CjQjOd2JEA,on_demand,not_subscribed,GU,104,4,1,0,0.02,0,0,0,0
20260928,UCSes4X8uDrpc4X46hJKjejg,6DF37rM0hQ4,on_demand,not_subscribed,DE,104,5,2,1,0.0033333333333333335,0,0,0,0
20260928,UCSes4X8uDrpc4X46hJKjejg,gTMjT4y5LHE,on_demand,not_subscribed,AU,102,4,4,4,13.108366666666667,196.6255,39.802732793522267,2,9.0141333333333336
20260928,UCSes4X8uDrpc4X46hJKjejg,e4awgyk_Ypk,on_demand,not_subscribed,ES,104,5,2,1,1.0415,62.49,113.61818181818182,0,0
20260928,UCSes4X8uDrpc4X46hJKjejg,gTMjT4y5LHE,on_demand,not_subscribed,NG,104,5,2,1,2.0592333333333332,122.46,24.789473684210527,0,0
20260928,UCSes4X8uDrpc4X46hJKjejg,gTMjT4y5LHE,on_demand,not_subscribed,RW,104,5,1,0,0.0925,0,0,0,0
20260928,UCSes4X8uDrpc4X46hJKjejg,gmPsKXt4foY,on_demand,not_subscribed,US,101,2,35,17,16.288333333333334,56.734882352941177,126.07751633986928,9,2.0335
20260928,UCSes4X8uDrpc4X46hJKjejg,rScJj_0-t-o,on_demand,not_subscribed,US,104,4,3,2,3.0516666666666667,91.55,79.6086956521739,1,1.115
20260928,UCSes4X8uDrpc4X46hJKjejg,ID5K-VWCXew,on_demand,subscribed,LC,104,4,1,1,0.095,5.7,19,0,0
20260928,UCSes4X8uDrpc4X46hJKjejg,EZ7WjfAU1MI,on_demand,not_subscribed,US,102,29,1,1,0.30306666666666665,18.184,0.5730854081311062,0,0
20260928,UCSes4X8uDrpc4X46hJKjejg,dKoSQ-63gP4,on_demand,not_subscribed,MY,101,9,3,1,10.2836,608.301,99.885221674876846,0,0
20260928,UCSes4X8uDrpc4X46hJKjejg,os11G6WeExI,on_demand,not_subscribed,US,104,4,1,0,0,0,0,0,0
20260928,UCSes4X8uDrpc4X46hJKjejg,tIFk16TQrU4,on_demand,not_subscribed,US,104,4,18,11,2.955,15.236363636363636,44.81283422459893,7,1.195
20260928,UCSes4X8uDrpc4X46hJKjejg,pWCQrmx8beo,on_demand,not_subscribed,SG,104,5,1,0,0.014166666666666666,0,0,0,0
20260928,UCSes4X8uDrpc4X46hJKjejg,BeZUS-lZ4qs,on_demand,subscribed,PH,104,4,1,1,0.77333333333333332,46.4,1.4977404777275662,0,0
20260928,UCSes4X8uDrpc4X46hJKjejg,unimgWGUpHM,on_demand,subscribed,PL,101,2,2,0,0.06051666666666667,0,0,0,0
20260928,UCSes4X8uDrpc4X46hJKjejg,vw5DliIEW9E,on_demand,not_subscribed,GB,104,5,1,1,0.4035,24.21,75.65625,0,0
20260928,UCSes4X8uDrpc4X46hJKjejg,-CjQjOd2JEA,on_demand,not_subscribed,CA,103,10,9,5,8.5249833333333331,99.803599999999989,35.266289752650174,0,0
20260928,UCSes4X8uDrpc4X46hJKjejg,op6JvrFdWrY,on_demand,subscribed,CA,101,1,3,1,0.43965,24.264,101.1,0,0
20260928,UCSes4X8uDrpc4X46hJKjejg,18S1GBfKaIo,on_demand,subscribed,ID,101,2,1,0,0.0329,0,0,0,0
20260928,UCSes4X8uDrpc4X46hJKjejg,PoyUkRaWZiM,on_demand,not_subscribed,US,101,9,2,0,0.1282,0,0,0,0
20260928,UCSes4X8uDrpc4X46hJKjejg,eu62r4NZQ3Q,on_demand,not_subscribed,PH,102,4,1,0,0.01855,0,0,0,0
20260928,UCSes4X8uDrpc4X46hJKjejg,9zaom3QbjYs,on_demand,not_subscribed,FR,104,4,1,0,0.018333333333333333,0,0,0,0
20260928,UCSes4X8uDrpc4X46hJKjejg,YHtB62qU1r8,on_demand,not_subscribed,CA,103,10,2,1,0.27181666666666665,13.697,2.914255319148936,0,0
20260928,UCSes4X8uDrpc4X46hJKjejg,-CjQjOd2JEA,on_demand,subscribed,US,102,1,2,0,0.098633333333333337,0,0,0,0
20260928,UCSes4X8uDrpc4X46hJKjejg,BeZUS-lZ4qs,on_demand,not_subscribed,FR,104,4,3,2,10.341666666666667,309,9.9741768883150428,0,0
20260928,UCSes4X8uDrpc4X46hJKjejg,gTMjT4y5LHE,on_demand,not_subscribed,US,102,1,18,16,28.61115,106.9751875,21.654896255060727,1,3.5613333333333332
20260928,UCSes4X8uDrpc4X46hJKjejg,yqQ_QnY4_XU,on_demand,subscribed,GB,101,2,1,1,0.22753333333333334,13.652,29.046808510638296,0,0
20260928,UCSes4X8uDrpc4X46hJKjejg,iOURk-GhPG0,on_demand,not_subscribed,ET,104,4,1,1,0.03295,1.977,6.817241379310345,0,0
20260928,UCSes4X8uDrpc4X46hJKjejg,bkGNuDS6ibU,on_demand,not_subscribed,US,104,5,2,2,0.23616666666666666,7.085,8.43452380952381,0,0
20260928,UCSes4X8uDrpc4X46hJKjejg,YHtB62qU1r8,on_demand,subscribed,US,102,1,1,1,0.20841666666666667,12.505,2.6606382978723406,1,0.20841666666666667
20260928,UCSes4X8uDrpc4X46hJKjejg,VMf9pJANqkw,on_demand,not_subscribed,US,101,2,3,1,1.47435,84.247,24.139541547277936,0,0
20260928,UCSes4X8uDrpc4X46hJKjejg,op6JvrFdWrY,on_demand,not_subscribed,KE,104,5,1,1,0.084666666666666668,5.08,21.166666666666668,0,0
20260928,UCSes4X8uDrpc4X46hJKjejg,z_muXd0mV1g,on_demand,not_subscribed,HK,104,5,1,1,0.078666666666666663,4.72,5.6190476190476186,1,0.078666666666666663
20260928,UCSes4X8uDrpc4X46hJKjejg,tIFk16TQrU4,on_demand,not_subscribed,MX,104,5,1,1,0.401,24.06,70.764705882352942,0,0
20260928,UCSes4X8uDrpc4X46hJKjejg,YHtB62qU1r8,on_demand,not_subscribed,AU,105,4,1,1,4.045,242.7,51.638297872340424,1,4.045
20260928,UCSes4X8uDrpc4X46hJKjejg,gTMjT4y5LHE,on_demand,subscribed,US,101,9,16,8,15.3641,114.314625,23.140612348178138,3,6.8265333333333329
20260928,UCSes4X8uDrpc4X46hJKjejg,T3CaKKAOWLg,on_demand,not_subscribed,CA,104,4,1,0,0.0083333333333333332,0,0,0,0
20260928,UCSes4X8uDrpc4X46hJKjejg,gTMjT4y5LHE,on_demand,not_subscribed,BM,104,5,1,0,0.0885,0,0,0,0
20260928,UCSes4X8uDrpc4X46hJKjejg,fzzrdnfjmpA,on_demand,not_subscribed,US,104,5,3,2,0.8039,24.117,52.428260869565214,0,0
20260928,UCSes4X8uDrpc4X46hJKjejg,JVb22_ZEVlc,on_demand,not_subscribed,IN,104,4,1,0,0.0033333333333333335,0,0,0,0
20260928,UCSes4X8uDrpc4X46hJKjejg,gmPsKXt4foY,on_demand,not_subscribed,TW,104,4,1,1,0.7416666666666667,44.5,98.888888888888886,0,0
20260928,UCSes4X8uDrpc4X46hJKjejg,YHtB62qU1r8,on_demand,not_subscribed,JP,101,30,1,1,1.4813,88.878,18.910212765957446,0,0
20260928,UCSes4X8uDrpc4X46hJKjejg,dgP0I7rPTlU,on_demand,not_subscribed,IN,104,4,12,6,1.91255,18.533333333333335,63.9080459770115,1,0.14
20260928,UCSes4X8uDrpc4X46hJKjejg,Rl73WZoqKzE,on_demand,subscribed,BO,104,4,1,1,4.71,282.6,47.416107382550337,0,0
20260928,UCSes4X8uDrpc4X46hJKjejg,6wZwOsYD9rQ,on_demand,not_subscribed,AU,101,9,1,1,6.0073166666666671,360.439,69.315192307692314,0,0
20260928,UCSes4X8uDrpc4X46hJKjejg,pFLCNy0d11M,on_demand,not_subscribed,US,104,5,3,2,1.717,51.51,87.305084745762713,0,0
20260928,UCSes4X8uDrpc4X46hJKjejg,unimgWGUpHM,on_demand,not_subscribed,US,102,26,3,3,0.63075,12.615,30.035714285714285,0,0
20260928,UCSes4X8uDrpc4X46hJKjejg,0b8eta7f8mY,on_demand,not_subscribed,US,103,10,4,3,3.0083,59.799,11.347058823529412,2,2.4893833333333335
20260928,UCSes4X8uDrpc4X46hJKjejg,unimgWGUpHM,on_demand,not_subscribed,TT,104,4,4,2,1.6733333333333333,50.2,119.52380952380952,0,0
20260928,UCSes4X8uDrpc4X46hJKjejg,N4FSFFIyyhU,on_demand,not_subscribed,ID,104,4,2,1,0.96666666666666667,51.9,11.533333333333333,0,0
20260928,UCSes4X8uDrpc4X46hJKjejg,Rl73WZoqKzE,on_demand,not_subscribed,IT,104,4,1,0,0.02,0,0,0,0
20260928,UCSes4X8uDrpc4X46hJKjejg,BeZUS-lZ4qs,on_demand,not_subscribed,TW,105,5,1,1,30.775566666666666,1846.534,59.604067140090379,0,0
20260928,UCSes4X8uDrpc4X46hJKjejg,YHtB62qU1r8,on_demand,not_subscribed,TH,105,5,1,1,6.8111666666666668,408.67,86.95106382978723,1,6.8111666666666668
20260928,UCSes4X8uDrpc4X46hJKjejg,UvWPXkksqmM,on_demand,not_subscribed,MX,104,4,1,0,0.028333333333333332,0,0,0,0
20260928,UCSes4X8uDrpc4X46hJKjejg,XCtyiiCSRAk,on_demand,not_subscribed,CA,101,2,1,0,0.046,0,0,0,0
20260928,UCSes4X8uDrpc4X46hJKjejg,unimgWGUpHM,on_demand,not_subscribed,US,102,12,2,1,0.82653333333333334,49.592,118.07619047619048,0,0
20260928,UCSes4X8uDrpc4X46hJKjejg,f4MfVVTJ6pY,on_demand,not_subscribed,US,104,5,8,2,1.6012166666666667,42.3315,2.5749087591240878,0,0
20260928,UCSes4X8uDrpc4X46hJKjejg,gTMjT4y5LHE,on_demand,not_subscribed,BE,104,5,5,1,3.0958333333333332,169.42,34.295546558704451,0,0
20260928,UCSes4X8uDrpc4X46hJKjejg,JZgusHsQ0l4,on_demand,not_subscribed,GB,104,5,8,6,3.6635,36.598333333333336,70.381410256410263,0,0
20260928,UCSes4X8uDrpc4X46hJKjejg,dgP0I7rPTlU,on_demand,subscribed,US,104,5,5,1,0.99983333333333335,58.52,201.79310344827587,0,0
20260928,UCSes4X8uDrpc4X46hJKjejg,l5M2ICRhyEA,on_demand,not_subscribed,DE,104,4,1,0,0.056666666666666664,0,0,0,0
20260928,UCSes4X8uDrpc4X46hJKjejg,k4-t8XMp-wg,on_demand,not_subscribed,US,104,5,10,4,10.789666666666667,157.5675,55.093531468531467,1,4.4243333333333332
20260928,UCSes4X8uDrpc4X46hJKjejg,BeZUS-lZ4qs,on_demand,subscribed,AU,104,4,4,0,0.14166666666666666,0,0,0,0
20260928,UCSes4X8uDrpc4X46hJKjejg,-CjQjOd2JEA,on_demand,subscribed,PH,104,4,2,0,0.09,0,0,0,0
20260928,UCSes4X8uDrpc4X46hJKjejg,T3CaKKAOWLg,on_demand,subscribed,US,104,5,2,2,9.739,292.17,10.022984562607204,0,0
20260928,UCSes4X8uDrpc4X46hJKjejg,iWguCTdoyMs,on_demand,not_subscribed,US,104,4,1,0,0.046666666666666669,0,0,0,0
20260928,UCSes4X8uDrpc4X46hJKjejg,gTMjT4y5LHE,on_demand,not_subscribed,PH,104,4,1,0,0.016666666666666666,0,0,0,0
20260928,UCSes4X8uDrpc4X46hJKjejg,2n5LJUyMtAk,on_demand,not_subscribed,US,102,4,100,62,117.8085,112.41585483870968,22.260565314595976,17,19.86031666666667
20260928,UCSes4X8uDrpc4X46hJKjejg,BeZUS-lZ4qs,on_demand,not_subscribed,CA,101,2,7,1,51.881133333333331,3097.661,99.9890574564235,0,0
20260928,UCSes4X8uDrpc4X46hJKjejg,YHtB62qU1r8,on_demand,subscribed,PH,104,4,1,1,7.825,469.5,99.8936170212766,0,0
20260928,UCSes4X8uDrpc4X46hJKjejg,Rl73WZoqKzE,on_demand,subscribed,CA,102,12,1,0,0.0091833333333333333,0,0,0,0
20260928,UCSes4X8uDrpc4X46hJKjejg,-CjQjOd2JEA,on_demand,not_subscribed,FR,104,4,10,1,0.79136666666666666,24.4,8.6219081272084814,0,0
20260928,UCSes4X8uDrpc4X46hJKjejg,BeZUS-lZ4qs,on_demand,not_subscribed,IN,101,2,1,0,0.084166666666666667,0,0,0,0
20260928,UCSes4X8uDrpc4X46hJKjejg,YHtB62qU1r8,on_demand,not_subscribed,FR,104,4,1,0,0.0083333333333333332,0,0,0,0
20260928,UCSes4X8uDrpc4X46hJKjejg,6ljakZEWb0o,on_demand,subscribed,BG,104,4,1,0,0.033333333333333333,0,0,0,0
20260928,UCSes4X8uDrpc4X46hJKjejg,4rZ8j7jxsMI,on_demand,not_subscribed,US,104,4,2,1,2.1,126,180,0,0
20260928,UCSes4X8uDrpc4X46hJKjejg,B4aYi06AO4g,on_demand,not_subscribed,US,102,26,1,0,0.0754,0,0,0,0
20260928,UCSes4X8uDrpc4X46hJKjejg,6wZwOsYD9rQ,on_demand,not_subscribed,US,104,4,1,1,0.31,18.6,3.5769230769230771,0,0
20260928,UCSes4X8uDrpc4X46hJKjejg,HCZIc9OVy1o,on_demand,subscribed,PH,101,2,3,2,49.35355,1479.3125,50.870443603851442,0,0
20260928,UCSes4X8uDrpc4X46hJKjejg,5GYyKcjXNN0,on_demand,not_subscribed,IL,104,4,2,1,0.13166666666666665,6.9,8.518518518518519,0,0
20260928,UCSes4X8uDrpc4X46hJKjejg,gmPsKXt4foY,on_demand,not_subscribed,BS,105,4,1,0,0.016666666666666666,0,0,0,0
20260928,UCSes4X8uDrpc4X46hJKjejg,gmPsKXt4foY,on_demand,not_subscribed,LB,104,4,1,1,0.295,17.7,39.333333333333336,1,0.295
20260928,UCSes4X8uDrpc4X46hJKjejg,XTGlwLovDD0,on_demand,not_subscribed,PL,104,5,1,0,0.053166666666666668,0,0,0,0
20260928,UCSes4X8uDrpc4X46hJKjejg,HtZ8tDkeGJY,on_demand,subscribed,GB,104,5,2,1,0.77266666666666661,44.03,74.627118644067792,0,0
20260928,UCSes4X8uDrpc4X46hJKjejg,R1PGLsRyKDw,on_demand,subscribed,TT,104,4,1,1,0.07166666666666667,4.3,26.875,0,0
20260928,UCSes4X8uDrpc4X46hJKjejg,Rl73WZoqKzE,on_demand,subscribed,RO,104,4,1,0,0.063333333333333339,0,0,0,0
20260928,UCSes4X8uDrpc4X46hJKjejg,JCJN0n3wG88,on_demand,not_subscribed,US,104,5,1,0,0.0033333333333333335,0,0,0,0
20260928,UCSes4X8uDrpc4X46hJKjejg,LSwj_klZHr8,on_demand,not_subscribed,US,104,5,2,1,8.1211666666666673,486.84,109.89616252821671,0,0
20260928,UCSes4X8uDrpc4X46hJKjejg,84XwX8zGUOk,on_demand,not_subscribed,JP,104,5,1,1,1.5823333333333334,94.94,18.328185328185327,0,0
20260928,UCSes4X8uDrpc4X46hJKjejg,Rl73WZoqKzE,on_demand,not_subscribed,MZ,104,4,1,0,0,0,0,0,0
20260928,UCSes4X8uDrpc4X46hJKjejg,yqQ_QnY4_XU,on_demand,not_subscribed,US,104,5,508,273,221.90873333333334,48.376864468864468,102.9294988699244,85,40.419000000000004
20260928,UCSes4X8uDrpc4X46hJKjejg,JMTK6_3HNJM,on_demand,subscribed,US,104,5,1,0,0.03833333333333333,0,0,0,0
20260928,UCSes4X8uDrpc4X46hJKjejg,k_Qt4Ilp70c,on_demand,not_subscribed,MN,104,5,1,0,0.0036666666666666666,0,0,0,0
20260928,UCSes4X8uDrpc4X46hJKjejg,0tTaW40NrKM,on_demand,not_subscribed,US,102,29,1,1,0.10991666666666666,6.595,6.4029126213592233,0,0
20260928,UCSes4X8uDrpc4X46hJKjejg,mza6X5H4Mzs,on_demand,not_subscribed,US,104,4,1,0,0.0033333333333333335,0,0,0,0
20260928,UCSes4X8uDrpc4X46hJKjejg,BvHw3ddSlms,on_demand,not_subscribed,US,102,26,2,1,0.68606666666666671,39.872,0.83501570680628268,0,0
20260928,UCSes4X8uDrpc4X46hJKjejg,M-M22Ac4CRE,on_demand,not_subscribed,FR,101,2,2,0,0.0923,0,0,0,0
20260928,UCSes4X8uDrpc4X46hJKjejg,uNtFHT3QU6w,on_demand,not_subscribed,US,104,4,2,1,1.7033333333333334,102.2,107.57894736842105,0,0
20260928,UCSes4X8uDrpc4X46hJKjejg,zxka0rRvmaU,on_demand,not_subscribed,CA,105,5,3,2,1.3863333333333334,41.59,88.489361702127653,0,0
20260928,UCSes4X8uDrpc4X46hJKjejg,KWIVBbqRwZ8,on_demand,not_subscribed,PH,104,4,4,3,0.205,3.9666666666666668,11.018518518518519,0,0
20260928,UCSes4X8uDrpc4X46hJKjejg,gTMjT4y5LHE,on_demand,not_subscribed,PL,103,10,1,0,0.03535,0,0,0,0
20260928,UCSes4X8uDrpc4X46hJKjejg,-CjQjOd2JEA,on_demand,subscribed,AU,104,4,2,0,0.025,0,0,0,0
20260928,UCSes4X8uDrpc4X46hJKjejg,yqQ_QnY4_XU,on_demand,not_subscribed,ZM,104,4,1,1,0.27833333333333332,16.7,35.531914893617021,0,0
20260928,UCSes4X8uDrpc4X46hJKjejg,gTMjT4y5LHE,on_demand,not_subscribed,AU,104,4,9,5,18.280866666666668,218.8304,44.297651821862345,1,2.39
20260928,UCSes4X8uDrpc4X46hJKjejg,-CjQjOd2JEA,on_demand,not_subscribed,CA,101,2,29,7,21.817966666666667,180.91728571428573,63.928369510348311,3,11.806133333333333
20260928,UCSes4X8uDrpc4X46hJKjejg,PVOl1jy_sPs,on_demand,not_subscribed,US,102,4,2,0,0.12041666666666667,0,0,0,0
20260928,UCSes4X8uDrpc4X46hJKjejg,YHtB62qU1r8,on_demand,not_subscribed,CA,101,2,15,7,16.22155,136.81842857142857,29.110303951367783,2,6.1170333333333335
20260928,UCSes4X8uDrpc4X46hJKjejg,0JUVBPIGUg8,on_demand,not_subscribed,PH,104,4,2,1,0.39833333333333332,23.6,60.512820512820511,0,0
20260928,UCSes4X8uDrpc4X46hJKjejg,op6JvrFdWrY,on_demand,not_subscribed,US,104,5,246,138,98.563916666666671,42.658152173913045,177.74230072463769,37,8.90995
20260928,UCSes4X8uDrpc4X46hJKjejg,unimgWGUpHM,on_demand,subscribed,BH,104,4,2,1,0.81333333333333335,48.8,116.19047619047619,0,0
20260928,UCSes4X8uDrpc4X46hJKjejg,op6JvrFdWrY,on_demand,subscribed,DE,101,2,1,1,0.09045,5.427,22.6125,0,0
20260928,UCSes4X8uDrpc4X46hJKjejg,5GYyKcjXNN0,on_demand,not_subscribed,US,101,9,6,3,3.1716666666666669,62.245000000000005,76.845679012345684,0,0
20260928,UCSes4X8uDrpc4X46hJKjejg,YHtB62qU1r8,on_demand,not_subscribed,IN,101,2,2,0,0.03165,0,0,0,0
20260928,UCSes4X8uDrpc4X46hJKjejg,w7zDbaUyytM,on_demand,not_subscribed,US,101,2,1,1,76.76235,4605.741,99.99437689969605,0,0
20260928,UCSes4X8uDrpc4X46hJKjejg,k4-t8XMp-wg,on_demand,not_subscribed,AT,101,9,1,0,0.07765,0,0,0,0
20260928,UCSes4X8uDrpc4X46hJKjejg,FCAC9ZyPn_4,on_demand,subscribed,GB,104,4,2,0,0.005,0,0,0,0
20260928,UCSes4X8uDrpc4X46hJKjejg,UvWPXkksqmM,on_demand,subscribed,TR,101,2,1,0,0.06585,0,0,1,0.06585
20260928,UCSes4X8uDrpc4X46hJKjejg,desjJiqXjVw,on_demand,not_subscribed,US,102,26,1,1,16.058466666666668,963.508,31.580072107505735,0,0
20260928,UCSes4X8uDrpc4X46hJKjejg,a_ZUFHh_nJA,on_demand,not_subscribed,BQ,104,4,1,0,0.15166666666666667,0,0,0,0
20260928,UCSes4X8uDrpc4X46hJKjejg,gTMjT4y5LHE,on_demand,not_subscribed,SG,104,5,2,0,0.114,0,0,0,0
20260928,UCSes4X8uDrpc4X46hJKjejg,BeZUS-lZ4qs,on_demand,not_subscribed,ES,104,4,1,0,0.061666666666666668,0,0,0,0
20260928,UCSes4X8uDrpc4X46hJKjejg,eda5b-pIz_w,on_demand,not_subscribed,SE,104,5,1,0,0.045333333333333337,0,0,0,0
20260928,UCSes4X8uDrpc4X46hJKjejg,-k1Ng7TE63Q,on_demand,not_subscribed,CA,104,5,2,1,0.96283333333333332,57.77,192.56666666666666,0,0
20260928,UCSes4X8uDrpc4X46hJKjejg,9zaom3QbjYs,on_demand,not_subscribed,NL,104,5,1,0,0.0425,0,0,0,0
20260928,UCSes4X8uDrpc4X46hJKjejg,pWCQrmx8beo,on_demand,not_subscribed,SY,104,4,1,0,0.096666666666666665,0,0,0,0
20260928,UCSes4X8uDrpc4X46hJKjejg,JsEe4qzWT40,on_demand,not_subscribed,US,101,9,1,0,0.020266666666666665,0,0,0,0
20260928,UCSes4X8uDrpc4X46hJKjejg,2n5LJUyMtAk,on_demand,not_subscribed,AU,101,9,1,0,0.0032666666666666669,0,0,0,0
20260928,UCSes4X8uDrpc4X46hJKjejg,JZgusHsQ0l4,on_demand,not_subscribed,DE,104,5,7,4,2.3641166666666669,34.84175,67.003365384615378,4,1.72195
20260928,UCSes4X8uDrpc4X46hJKjejg,BeZUS-lZ4qs,on_demand,not_subscribed,NL,104,5,1,0,0.09116666666666666,0,0,0,0
20260928,UCSes4X8uDrpc4X46hJKjejg,YHtB62qU1r8,on_demand,not_subscribed,BR,102,4,1,1,7.82435,469.461,99.885319148936176,0,0
20260928,UCSes4X8uDrpc4X46hJKjejg,6ljakZEWb0o,on_demand,not_subscribed,AM,101,9,1,1,46.13035,2767.821,100.17448425624322,0,0
20260928,UCSes4X8uDrpc4X46hJKjejg,0b8eta7f8mY,on_demand,not_subscribed,US,101,2,14,9,41.2947,274.40544444444441,52.069344296858532,1,8.7716833333333337
20260928,UCSes4X8uDrpc4X46hJKjejg,k4-t8XMp-wg,on_demand,subscribed,US,105,5,1,0,0.017833333333333333,0,0,0,0
20260928,UCSes4X8uDrpc4X46hJKjejg,gmPsKXt4foY,on_demand,not_subscribed,IL,104,4,8,1,0.37146666666666667,8.803,19.562222222222221,0,0
20260928,UCSes4X8uDrpc4X46hJKjejg,rq61MdGS0U4,on_demand,not_subscribed,US,103,17,2,2,5.2306833333333334,156.9205,27.626848591549297,0,0
20260928,UCSes4X8uDrpc4X46hJKjejg,5GYyKcjXNN0,on_demand,subscribed,US,102,19,1,1,0.24791666666666667,14.875,18.364197530864196,0,0
20260928,UCSes4X8uDrpc4X46hJKjejg,-CjQjOd2JEA,on_demand,not_subscribed,BS,104,5,1,1,4.4411666666666667,266.47,94.159010600706708,0,0
20260928,UCSes4X8uDrpc4X46hJKjejg,BeZUS-lZ4qs,on_demand,subscribed,US,101,30,1,1,3.8008333333333333,228.05,7.3612007746933505,0,0
20260928,UCSes4X8uDrpc4X46hJKjejg,AvEYDZkiKKo,on_demand,not_subscribed,CA,104,5,1,1,0.3305,19.83,3.1576433121019107,1,0.3305
20260928,UCSes4X8uDrpc4X46hJKjejg,4IuhosARZAM,on_demand,not_subscribed,CZ,101,2,1,1,0.075366666666666665,4.522,8.6961538461538463,1,0.075366666666666665
20260928,UCSes4X8uDrpc4X46hJKjejg,KWIVBbqRwZ8,on_demand,not_subscribed,AU,104,4,1,0,0,0,0,0,0
20260928,UCSes4X8uDrpc4X46hJKjejg,sRIO-T5dRjA,on_demand,subscribed,US,104,5,2,1,0.1825,10.54,37.642857142857146,1,0.17566666666666667
20260928,UCSes4X8uDrpc4X46hJKjejg,MEHDJ9V-lIk,on_demand,subscribed,US,103,17,2,2,13.513,405.39,19.679126213592234,2,13.513
20260928,UCSes4X8uDrpc4X46hJKjejg,gTMjT4y5LHE,on_demand,not_subscribed,ZM,101,2,1,0,0.042633333333333336,0,0,0,0
20260928,UCSes4X8uDrpc4X46hJKjejg,J6rzMuvuMuo,on_demand,not_subscribed,SA,104,5,3,1,1.2648333333333333,73.95,102.70833333333333,3,1.2648333333333333
20260928,UCSes4X8uDrpc4X46hJKjejg,dKoSQ-63gP4,on_demand,not_subscribed,IL,102,19,2,2,10.0171,300.513,49.345320197044337,0,0
20260928,UCSes4X8uDrpc4X46hJKjejg,3oF068CdTYo,on_demand,subscribed,BE,104,5,2,1,0.60733333333333328,36.44,107.17647058823529,0,0
20260928,UCSes4X8uDrpc4X46hJKjejg,a_Q8pF1c6ds,on_demand,subscribed,US,104,5,2,0,0.13733333333333334,0,0,0,0
20260928,UCSes4X8uDrpc4X46hJKjejg,FC36sHokYnk,on_demand,not_subscribed,CA,101,2,1,0,0.03,0,0,0,0
20260928,UCSes4X8uDrpc4X46hJKjejg,f4MfVVTJ6pY,on_demand,subscribed,SL,104,4,1,1,0.34166666666666667,20.5,1.2469586374695865,0,0
20260928,UCSes4X8uDrpc4X46hJKjejg,po8YrSQivoM,on_demand,subscribed,US,101,2,1,0,0.0178,0,0,0,0
20260928,UCSes4X8uDrpc4X46hJKjejg,BeZUS-lZ4qs,on_demand,not_subscribed,CH,104,4,1,1,50.776666666666664,3046.6,98.340865074241449,0,0
20260928,UCSes4X8uDrpc4X46hJKjejg,0JUVBPIGUg8,on_demand,not_subscribed,AU,104,4,1,0,0,0,0,0,0
20260928,UCSes4X8uDrpc4X46hJKjejg,tvcu9WeDJD4,on_demand,not_subscribed,ME,102,19,1,0,0.0045833333333333334,0,0,0,0
20260928,UCSes4X8uDrpc4X46hJKjejg,unimgWGUpHM,on_demand,not_subscribed,PH,104,5,9,5,3.49,41.88,99.714285714285708,2,0.7705
20260928,UCSes4X8uDrpc4X46hJKjejg,yqQ_QnY4_XU,on_demand,not_subscribed,VI,104,4,1,1,0.51166666666666671,30.7,65.319148936170208,0,0
20260928,UCSes4X8uDrpc4X46hJKjejg,iOURk-GhPG0,on_demand,not_subscribed,US,104,4,29,18,6.9697,22.826777777777778,78.713026819923371,3,0.195
20260928,UCSes4X8uDrpc4X46hJKjejg,XWHK1h3FHIA,on_demand,not_subscribed,US,102,26,1,1,0.030216666666666666,1.813,0.062581981360027614,0,0
20260928,UCSes4X8uDrpc4X46hJKjejg,yXI5JzLdcwk,on_demand,not_subscribed,AU,101,9,3,1,1.3586833333333332,81.267,101.58375,0,0
20260928,UCSes4X8uDrpc4X46hJKjejg,BeZUS-lZ4qs,on_demand,not_subscribed,US,102,28,7,7,157.57496666666665,1350.6425714285713,43.597242460573639,3,84.16276666666667
20260928,UCSes4X8uDrpc4X46hJKjejg,LXgH2eBmrF8,on_demand,not_subscribed,US,105,5,4,2,0.93583333333333329,27.275,87.983870967741936,2,0.56616666666666671
20260928,UCSes4X8uDrpc4X46hJKjejg,_88BKGbZUdE,on_demand,not_subscribed,CA,104,5,1,1,0.17033333333333334,10.22,1.9392789373814041,0,0
20260928,UCSes4X8uDrpc4X46hJKjejg,i-9mS8nWVRQ,on_demand,not_subscribed,US,104,5,5,1,1.3778333333333332,76.34,101.78666666666666,0,0
20260928,UCSes4X8uDrpc4X46hJKjejg,QgeCWQjxuLA,on_demand,not_subscribed,GB,101,2,1,1,0.35185,21.111,51.490243902439026,0,0
20260928,UCSes4X8uDrpc4X46hJKjejg,yqQ_QnY4_XU,on_demand,subscribed,US,105,5,6,5,1.9366666666666668,23.240000000000002,49.4468085106383,1,0.090333333333333335
20260928,UCSes4X8uDrpc4X46hJKjejg,2n5LJUyMtAk,on_demand,not_subscribed,US,104,4,679,182,766.63581666666664,246.82073626373628,48.875393319551733,34,166.59831666666665
20260928,UCSes4X8uDrpc4X46hJKjejg,6ljakZEWb0o,on_demand,not_subscribed,US,104,5,240,65,551.29885,502.01786153846155,18.169303711127814,14,219.2535
20260928,UCSes4X8uDrpc4X46hJKjejg,6Cb-PtdJy98,on_demand,not_subscribed,US,104,5,3,1,2.2165,126.74,37.276470588235291,0,0
20260928,UCSes4X8uDrpc4X46hJKjejg,XCtyiiCSRAk,on_demand,not_subscribed,US,102,12,1,1,0.83256666666666668,49.954,104.07083333333334,0,0
20260928,UCSes4X8uDrpc4X46hJKjejg,gTMjT4y5LHE,on_demand,not_subscribed,HU,104,5,4,0,0.1965,0,0,0,0
20260928,UCSes4X8uDrpc4X46hJKjejg,9zaom3QbjYs,on_demand,not_subscribed,US,102,26,6,3,13.366783333333334,266.29133333333334,35.084497145366711,1,0.03833333333333333
20260928,UCSes4X8uDrpc4X46hJKjejg,-CjQjOd2JEA,on_demand,not_subscribed,ES,104,4,4,1,4.281883333333333,255.893,90.421554770318025,0,0
20260928,UCSes4X8uDrpc4X46hJKjejg,gmPsKXt4foY,on_demand,not_subscribed,US,101,9,13,7,4.6791666666666663,39.79457142857143,88.432380952380953,0,0
20260928,UCSes4X8uDrpc4X46hJKjejg,BeZUS-lZ4qs,on_demand,not_subscribed,US,102,26,51,48,1398.7280666666666,1748.2755625,56.432393883150418,9,248.93765
20260928,UCSes4X8uDrpc4X46hJKjejg,-CjQjOd2JEA,on_demand,not_subscribed,NL,104,5,3,2,5.0888333333333335,152.235,53.793286219081274,1,2.5026666666666668
20260928,UCSes4X8uDrpc4X46hJKjejg,Ighg-kbn1AM,on_demand,not_subscribed,US,104,5,3,2,1.6743333333333332,50.23,88.122807017543863,0,0
20260928,UCSes4X8uDrpc4X46hJKjejg,0JUVBPIGUg8,on_demand,not_subscribed,SG,104,5,1,0,0.0035,0,0,0,0
20260928,UCSes4X8uDrpc4X46hJKjejg,gTMjT4y5LHE,on_demand,not_subscribed,BW,104,4,2,0,0.11833333333333333,0,0,0,0
20260928,UCSes4X8uDrpc4X46hJKjejg,YHtB62qU1r8,on_demand,not_subscribed,NL,104,5,1,1,0.1875,11.25,2.3936170212765959,0,0
20260928,UCSes4X8uDrpc4X46hJKjejg,po8YrSQivoM,on_demand,subscribed,IL,102,4,1,0,0.0045,0,0,0,0
20260928,UCSes4X8uDrpc4X46hJKjejg,BeZUS-lZ4qs,on_demand,not_subscribed,US,102,12,17,14,406.80398333333335,1743.0729285714285,56.264458636908607,3,103.26176666666666
20260928,UCSes4X8uDrpc4X46hJKjejg,wPiF9-iLzdQ,on_demand,not_subscribed,US,104,5,21,12,5.8328333333333333,28.55,71.375,0,0
20260928,UCSes4X8uDrpc4X46hJKjejg,8utXvbmZfqk,on_demand,not_subscribed,AE,105,5,2,1,0.092166666666666661,5.12,4.0314960629921259,0,0
20260928,UCSes4X8uDrpc4X46hJKjejg,dKoSQ-63gP4,on_demand,not_subscribed,PH,101,2,1,0,0.02045,0,0,0,0
20260928,UCSes4X8uDrpc4X46hJKjejg,HwWx5nhjCx8,on_demand,not_subscribed,PR,101,9,2,0,0.096016666666666667,0,0,0,0
20260928,UCSes4X8uDrpc4X46hJKjejg,7DD0KNPPL1c,on_demand,subscribed,US,104,4,3,1,0.82,49.1,140.28571428571428,0,0
20260928,UCSes4X8uDrpc4X46hJKjejg,Rl73WZoqKzE,on_demand,subscribed,KR,104,4,4,1,0.48,26.6,4.4630872483221475,1,0.44333333333333336
20260928,UCSes4X8uDrpc4X46hJKjejg,BeZUS-lZ4qs,on_demand,not_subscribed,BR,104,4,2,0,0.026666666666666668,0,0,0,0
20260928,UCSes4X8uDrpc4X46hJKjejg,ZpuhxsgE-7M,on_demand,not_subscribed,US,104,4,5,2,1.0616666666666668,29.95,78.8157894736842,2,0.64833333333333332
20260928,UCSes4X8uDrpc4X46hJKjejg,2n5LJUyMtAk,on_demand,not_subscribed,MX,104,5,1,0,0.15766666666666668,0,0,0,0
20260928,UCSes4X8uDrpc4X46hJKjejg,XlT3SmO6YYs,on_demand,not_subscribed,NL,104,4,1,1,1.8601166666666666,111.607,98.767256637168146,0,0
20260928,UCSes4X8uDrpc4X46hJKjejg,gTMjT4y5LHE,on_demand,not_subscribed,US,101,30,6,1,8.4229666666666674,494.021,100.00425101214574,1,8.2336833333333335
20260928,UCSes4X8uDrpc4X46hJKjejg,op6JvrFdWrY,on_demand,subscribed,US,105,5,8,5,1.762,21.144,88.1,4,0.96183333333333332
20260928,UCSes4X8uDrpc4X46hJKjejg,YHtB62qU1r8,on_demand,not_subscribed,DK,104,4,1,0,0,0,0,0,0
20260928,UCSes4X8uDrpc4X46hJKjejg,po8YrSQivoM,on_demand,not_subscribed,US,102,19,2,2,14.675066666666666,440.252,12.827855477855477,1,14.01185
20260928,UCSes4X8uDrpc4X46hJKjejg,po8YrSQivoM,on_demand,not_subscribed,NL,104,4,1,1,0.21,12.6,0.36713286713286714,0,0
20260928,UCSes4X8uDrpc4X46hJKjejg,unimgWGUpHM,on_demand,not_subscribed,LU,104,5,3,1,1.4538333333333333,87.23,207.6904761904762,0,0
20260928,UCSes4X8uDrpc4X46hJKjejg,gTMjT4y5LHE,on_demand,not_subscribed,PL,101,2,2,1,0.77541666666666664,46.049,9.32165991902834,0,0
20260928,UCSes4X8uDrpc4X46hJKjejg,GIyOLmqcvMY,on_demand,not_subscribed,ZW,104,4,1,0,0.015,0,0,0,0
20260928,UCSes4X8uDrpc4X46hJKjejg,VMf9pJANqkw,on_demand,not_subscribed,US,101,9,1,0,0.052166666666666667,0,0,0,0
20260928,UCSes4X8uDrpc4X46hJKjejg,kVGNrF0YpU8,on_demand,not_subscribed,US,104,5,7,3,2.5501666666666667,51.00333333333333,150.00980392156862,0,0
20260928,UCSes4X8uDrpc4X46hJKjejg,2n5LJUyMtAk,on_demand,not_subscribed,JM,104,4,1,0,0,0,0,0,0
20260928,UCSes4X8uDrpc4X46hJKjejg,-CjQjOd2JEA,on_demand,not_subscribed,UG,104,4,1,1,4.3,258,91.1660777385159,0,0
20260928,UCSes4X8uDrpc4X46hJKjejg,YHtB62qU1r8,on_demand,not_subscribed,BA,102,19,1,1,0.6424333333333333,38.546,8.20127659574468,0,0
20260928,UCSes4X8uDrpc4X46hJKjejg,p5XiosuCXB8,on_demand,not_subscribed,US,104,5,7,4,3.3710333333333335,50.5655,82.894262295081973,0,0
20260928,UCSes4X8uDrpc4X46hJKjejg,EXmEyigb8hI,on_demand,not_subscribed,DE,101,2,1,1,0.24945,14.967,3.3785553047404062,0,0
20260928,UCSes4X8uDrpc4X46hJKjejg,yXI5JzLdcwk,on_demand,not_subscribed,US,104,4,6,1,1.1516666666666666,67.9,84.875,1,1.1316666666666666
20260928,UCSes4X8uDrpc4X46hJKjejg,-CjQjOd2JEA,on_demand,not_subscribed,CH,104,4,1,1,4.705,282.3,99.752650176678443,1,4.705
20260928,UCSes4X8uDrpc4X46hJKjejg,M-M22Ac4CRE,on_demand,not_subscribed,ES,101,2,2,0,0.022466666666666666,0,0,0,0
20260928,UCSes4X8uDrpc4X46hJKjejg,unimgWGUpHM,on_demand,not_subscribed,AU,104,5,9,5,3.2675,38.756,92.276190476190479,2,0.707
20260928,UCSes4X8uDrpc4X46hJKjejg,5GYyKcjXNN0,on_demand,not_subscribed,ID,104,4,3,3,1.6933333333333334,33.866666666666667,41.81069958847737,0,0
20260928,UCSes4X8uDrpc4X46hJKjejg,-CjQjOd2JEA,on_demand,not_subscribed,US,102,28,5,5,14.54285,174.51420000000002,61.665795053003535,2,4.4571166666666668
20260928,UCSes4X8uDrpc4X46hJKjejg,5xA-FaYOc_0,on_demand,not_subscribed,US,102,28,1,1,0.49945,29.967,68.106818181818184,0,0
20260928,UCSes4X8uDrpc4X46hJKjejg,BeZUS-lZ4qs,on_demand,not_subscribed,TR,104,5,1,1,2.7846666666666668,167.08,5.393156875403486,1,2.7846666666666668
20260928,UCSes4X8uDrpc4X46hJKjejg,34SgPBo7SBw,on_demand,not_subscribed,US,101,2,3,2,9.24865,276.101,44.17616,0,0
20260928,UCSes4X8uDrpc4X46hJKjejg,YHtB62qU1r8,on_demand,not_subscribed,US,102,28,7,7,32.790966666666669,281.06542857142858,59.801155015197565,3,19.422666666666665
20260928,UCSes4X8uDrpc4X46hJKjejg,QxkwRERjZgA,on_demand,not_subscribed,US,101,2,1,0,0.12821666666666667,0,0,0,0
20260928,UCSes4X8uDrpc4X46hJKjejg,pzuZMo82Trs,on_demand,not_subscribed,SE,101,2,1,0,0.0033666666666666667,0,0,0,0
20260928,UCSes4X8uDrpc4X46hJKjejg,MEHDJ9V-lIk,on_demand,not_subscribed,CA,104,5,6,2,27.707316666666667,826.83,40.137378640776696,1,2.023
20260928,UCSes4X8uDrpc4X46hJKjejg,PVOl1jy_sPs,on_demand,not_subscribed,US,104,4,4,1,0.5,25.4,7.154929577464789,0,0
20260928,UCSes4X8uDrpc4X46hJKjejg,HtZ8tDkeGJY,on_demand,not_subscribed,RO,104,5,1,1,0.85333333333333339,51.2,86.779661016949149,1,0.85333333333333339
20260928,UCSes4X8uDrpc4X46hJKjejg,yqQ_QnY4_XU,on_demand,subscribed,CA,104,4,3,1,0.8933,50,106.38297872340425,2,0.83333333333333337
20260928,UCSes4X8uDrpc4X46hJKjejg,18S1GBfKaIo,on_demand,not_subscribed,US,104,4,2,1,1.4116666666666666,74.9,2.3289800995024876,0,0
20260928,UCSes4X8uDrpc4X46hJKjejg,-CjQjOd2JEA,on_demand,not_subscribed,US,102,26,136,99,166.50971666666666,99.692545454545453,35.227047863796983,23,31.186183333333332
20260928,UCSes4X8uDrpc4X46hJKjejg,YHtB62qU1r8,on_demand,subscribed,LB,104,5,1,1,0.0315,1.89,0.40212765957446811,1,0.0315
20260928,UCSes4X8uDrpc4X46hJKjejg,-CjQjOd2JEA,on_demand,not_subscribed,TT,104,4,2,2,8.68,260.4,92.014134275618375,0,0
20260928,UCSes4X8uDrpc4X46hJKjejg,l5M2ICRhyEA,on_demand,not_subscribed,IT,104,4,1,0,0.0033333333333333335,0,0,0,0
20260928,UCSes4X8uDrpc4X46hJKjejg,h4AmaMyYTTY,on_demand,not_subscribed,US,102,26,2,2,0.065266666666666667,1.958,0.069383416017009217,0,0
20260928,UCSes4X8uDrpc4X46hJKjejg,dKoSQ-63gP4,on_demand,not_subscribed,US,101,1,1,0,0.048583333333333333,0,0,0,0
20260928,UCSes4X8uDrpc4X46hJKjejg,6ljakZEWb0o,on_demand,not_subscribed,CY,104,4,1,0,0,0,0,0,0
20260928,UCSes4X8uDrpc4X46hJKjejg,2n5LJUyMtAk,on_demand,not_subscribed,AE,104,4,1,0,0.048333333333333332,0,0,0,0
20260928,UCSes4X8uDrpc4X46hJKjejg,MEHDJ9V-lIk,on_demand,not_subscribed,IN,104,5,1,1,27.036,1622.16,78.74563106796117,1,27.036
20260928,UCSes4X8uDrpc4X46hJKjejg,6ljakZEWb0o,on_demand,not_subscribed,AE,104,5,1,0,0.094333333333333338,0,0,0,0
20260928,UCSes4X8uDrpc4X46hJKjejg,unimgWGUpHM,on_demand,subscribed,AR,104,4,1,0,0.021666666666666667,0,0,1,0.021666666666666667
20260928,UCSes4X8uDrpc4X46hJKjejg,tK83GXDDr_0,on_demand,not_subscribed,CA,104,4,1,0,0.03833333333333333,0,0,0,0
20260928,UCSes4X8uDrpc4X46hJKjejg,9LFMqUAyB_U,on_demand,not_subscribed,US,103,10,1,0,0.059816666666666664,0,0,0,0
20260928,UCSes4X8uDrpc4X46hJKjejg,YHtB62qU1r8,on_demand,not_subscribed,US,102,26,126,77,200.65276666666668,154.01125974025973,32.768353136225478,14,17.732150000000004
20260928,UCSes4X8uDrpc4X46hJKjejg,o9pYgKxvCTs,on_demand,not_subscribed,US,104,5,1,0,0.066166666666666665,0,0,0,0
20260928,UCSes4X8uDrpc4X46hJKjejg,YHtB62qU1r8,on_demand,not_subscribed,TT,104,4,1,1,0.475,28.5,6.0638297872340425,0,0
20260928,UCSes4X8uDrpc4X46hJKjejg,yqQ_QnY4_XU,on_demand,subscribed,IN,104,4,2,1,0.715,41.9,89.148936170212764,0,0
20260928,UCSes4X8uDrpc4X46hJKjejg,50MHq47IaLU,on_demand,not_subscribed,GB,104,4,2,0,0.0033333333333333335,0,0,0,0
20260928,UCSes4X8uDrpc4X46hJKjejg,3oF068CdTYo,on_demand,subscribed,SG,104,5,1,1,0.24933333333333332,14.96,44,0,0
20260928,UCSes4X8uDrpc4X46hJKjejg,Rl73WZoqKzE,on_demand,subscribed,BW,102,31,1,1,0.35213333333333335,21.128,3.54496644295302,0,0
20260928,UCSes4X8uDrpc4X46hJKjejg,-CjQjOd2JEA,on_demand,not_subscribed,US,102,12,32,19,36.102883333333331,112.30647368421052,39.684266319509021,8,3.5069
20260928,UCSes4X8uDrpc4X46hJKjejg,HCZIc9OVy1o,on_demand,subscribed,US,102,4,2,2,84.228166666666667,2526.845,86.89288170563961,1,43.69595
20260928,UCSes4X8uDrpc4X46hJKjejg,dKoSQ-63gP4,on_demand,not_subscribed,AU,101,2,1,0,0.022466666666666666,0,0,0,0
20260928,UCSes4X8uDrpc4X46hJKjejg,6ljakZEWb0o,on_demand,not_subscribed,AT,101,9,1,0,0.10703333333333333,0,0,0,0
20260928,UCSes4X8uDrpc4X46hJKjejg,fAZy3HtHBzA,on_demand,not_subscribed,CA,105,5,1,0,0.041833333333333333,0,0,0,0
20260928,UCSes4X8uDrpc4X46hJKjejg,-CjQjOd2JEA,on_demand,not_subscribed,BR,104,4,6,2,0.48231666666666667,12.6695,4.4768551236749117,0,0
20260928,UCSes4X8uDrpc4X46hJKjejg,BeZUS-lZ4qs,on_demand,not_subscribed,CA,101,9,3,2,2.6426333333333334,79.183,2.5559393156875405,0,0
20260928,UCSes4X8uDrpc4X46hJKjejg,YHtB62qU1r8,on_demand,not_subscribed,US,102,12,33,18,40.89275,133.6118888888889,28.42806146572104,7,0.32451666666666668
20260928,UCSes4X8uDrpc4X46hJKjejg,unimgWGUpHM,on_demand,subscribed,PH,105,5,1,0,0.037666666666666668,0,0,1,0.037666666666666668
20260928,UCSes4X8uDrpc4X46hJKjejg,Rl73WZoqKzE,on_demand,subscribed,GB,104,5,3,2,3.1058333333333334,90.47,15.179530201342281,0,0
20260928,UCSes4X8uDrpc4X46hJKjejg,YHtB62qU1r8,on_demand,not_subscribed,BR,104,4,1,0,0.07166666666666667,0,0,0,0
20260928,UCSes4X8uDrpc4X46hJKjejg,op6JvrFdWrY,on_demand,subscribed,CA,104,4,9,4,2.3966666666666665,35.95,149.79166666666666,4,1.015
20260928,UCSes4X8uDrpc4X46hJKjejg,LXgH2eBmrF8,on_demand,subscribed,US,104,5,3,1,1.256,75.36,243.09677419354838,0,0
20260928,UCSes4X8uDrpc4X46hJKjejg,dgP0I7rPTlU,on_demand,not_subscribed,US,103,17,2,1,0.49645,29.787,102.71379310344828,0,0
20260928,UCSes4X8uDrpc4X46hJKjejg,-CjQjOd2JEA,on_demand,subscribed,ZW,102,31,1,1,4.4339166666666667,266.035,94.005300353356887,1,4.4339166666666667
20260928,UCSes4X8uDrpc4X46hJKjejg,2n5LJUyMtAk,on_demand,subscribed,US,105,4,1,1,4.42,265.2,52.514851485148512,1,4.42
20260928,UCSes4X8uDrpc4X46hJKjejg,YHtB62qU1r8,on_demand,not_subscribed,VI,102,19,1,1,4.0763833333333332,244.583,52.038936170212764,1,4.0763833333333332
20260928,UCSes4X8uDrpc4X46hJKjejg,6ljakZEWb0o,on_demand,subscribed,US,105,5,6,5,69.376766666666668,831.4612,30.092696344553023,3,52.8021
20260928,UCSes4X8uDrpc4X46hJKjejg,op6JvrFdWrY,on_demand,subscribed,IN,104,4,6,1,1.9783333333333333,118.1,492.08333333333331,0,0
20260928,UCSes4X8uDrpc4X46hJKjejg,cJVrzjm7YPs,on_demand,not_subscribed,PH,104,5,1,0,0.035166666666666666,0,0,0,0
20260928,UCSes4X8uDrpc4X46hJKjejg,Rl73WZoqKzE,on_demand,not_subscribed,SI,104,5,1,0,0.0925,0,0,0,0
20260928,UCSes4X8uDrpc4X46hJKjejg,C4i7wcaa3YU,on_demand,not_subscribed,US,104,5,1,1,0.11583333333333333,6.95,11.39344262295082,0,0
20260928,UCSes4X8uDrpc4X46hJKjejg,PoyUkRaWZiM,on_demand,not_subscribed,CA,101,2,1,0,0.0095,0,0,0,0
20260928,UCSes4X8uDrpc4X46hJKjejg,WATJsSNezuM,on_demand,not_subscribed,US,102,4,1,1,0.0642,3.852,6.5288135593220336,0,0
20260928,UCSes4X8uDrpc4X46hJKjejg,fAZy3HtHBzA,on_demand,not_subscribed,VI,104,5,2,1,0.56265,33.759,105.496875,0,0
20260928,UCSes4X8uDrpc4X46hJKjejg,BeZUS-lZ4qs,on_demand,subscribed,CA,102,19,1,0,0.12633333333333333,0,0,0,0
20260928,UCSes4X8uDrpc4X46hJKjejg,YHtB62qU1r8,on_demand,not_subscribed,JM,102,26,1,1,0.31476666666666664,18.886,4.0182978723404252,0,0
20260928,UCSes4X8uDrpc4X46hJKjejg,YsozfBAU5nI,on_demand,not_subscribed,US,101,2,2,1,0.23938333333333334,13.172,52.688,2,0.23938333333333334
20260928,UCSes4X8uDrpc4X46hJKjejg,0lbad9fh3KM,on_demand,not_subscribed,US,104,4,3,0,0.051666666666666666,0,0,0,0
20260928,UCSes4X8uDrpc4X46hJKjejg,5GYyKcjXNN0,on_demand,not_subscribed,CA,103,10,2,1,0.06215,0.617,0.7617283950617284,0,0
20260928,UCSes4X8uDrpc4X46hJKjejg,gmPsKXt4foY,on_demand,not_subscribed,ID,104,4,1,1,0.7416666666666667,44.5,98.888888888888886,0,0
20260928,UCSes4X8uDrpc4X46hJKjejg,gTMjT4y5LHE,on_demand,subscribed,CA,101,2,3,0,0.15455,0,0,0,0
20260928,UCSes4X8uDrpc4X46hJKjejg,yqQ_QnY4_XU,on_demand,subscribed,NP,101,2,2,0,0.085983333333333328,0,0,0,0
20260928,UCSes4X8uDrpc4X46hJKjejg,pWCQrmx8beo,on_demand,subscribed,US,102,26,1,1,50.12535,3007.521,99.984075797872336,0,0
20260928,UCSes4X8uDrpc4X46hJKjejg,0b8eta7f8mY,on_demand,not_subscribed,IL,104,4,1,0,0.036666666666666667,0,0,0,0
20260928,UCSes4X8uDrpc4X46hJKjejg,FC36sHokYnk,on_demand,not_subscribed,US,102,26,2,2,7.91735,237.5205,42.873736462093866,0,0
20260928,UCSes4X8uDrpc4X46hJKjejg,M-M22Ac4CRE,on_demand,not_subscribed,BR,101,2,4,1,0.73991666666666667,34.325,104.01515151515152,0,0
20260928,UCSes4X8uDrpc4X46hJKjejg,WAYYE5BMG6c,on_demand,not_subscribed,NL,101,2,2,1,4.7358833333333337,280.576,14.782718651211802,0,0
20260928,UCSes4X8uDrpc4X46hJKjejg,gTMjT4y5LHE,on_demand,not_subscribed,IL,104,5,1,0,0.046166666666666668,0,0,0,0
20260928,UCSes4X8uDrpc4X46hJKjejg,2n5LJUyMtAk,on_demand,subscribed,US,102,29,7,3,17.261066666666668,338.84,67.0970297029703,1,0.13846666666666665
20260928,UCSes4X8uDrpc4X46hJKjejg,M-M22Ac4CRE,on_demand,not_subscribed,US,105,4,1,0,0.083616666666666672,0,0,0,0
20260928,UCSes4X8uDrpc4X46hJKjejg,JSUMbKKWVqE,on_demand,subscribed,SG,104,4,1,1,0.31,18.6,28.181818181818183,0,0
20260928,UCSes4X8uDrpc4X46hJKjejg,-CjQjOd2JEA,on_demand,not_subscribed,MK,102,4,1,0,0.016083333333333335,0,0,1,0.016083333333333335
20260928,UCSes4X8uDrpc4X46hJKjejg,1Wth6gVDv0s,on_demand,not_subscribed,CA,102,29,2,0,0.11521666666666666,0,0,0,0
20260928,UCSes4X8uDrpc4X46hJKjejg,-CjQjOd2JEA,on_demand,not_subscribed,CA,101,9,6,2,6.8646166666666666,199.9205,70.643286219081276,0,0
20260928,UCSes4X8uDrpc4X46hJKjejg,5UEhfpivkPo,on_demand,subscribed,CA,104,5,2,1,0.50016666666666665,30.01,107.17857142857143,0,0
20260928,UCSes4X8uDrpc4X46hJKjejg,UvWPXkksqmM,on_demand,subscribed,ZA,104,4,1,0,0.005,0,0,0,0
20260928,UCSes4X8uDrpc4X46hJKjejg,YHtB62qU1r8,on_demand,not_subscribed,CA,101,9,9,2,7.49575,221.3975,47.105851063829789,0,0
20260928,UCSes4X8uDrpc4X46hJKjejg,J6rzMuvuMuo,on_demand,subscribed,GH,104,5,1,1,1.1531666666666667,69.19,96.097222222222229,0,0
20260928,UCSes4X8uDrpc4X46hJKjejg,ByxS7FLwdx0,on_demand,not_subscribed,BB,104,4,1,1,4.705,282.3,95.371621621621628,0,0
20260928,UCSes4X8uDrpc4X46hJKjejg,HtZ8tDkeGJY,on_demand,not_subscribed,PH,101,2,2,2,1.1223833333333333,33.6715,57.070338983050846,0,0
20260928,UCSes4X8uDrpc4X46hJKjejg,9zaom3QbjYs,on_demand,not_subscribed,PH,104,5,2,1,3.9363333333333332,232.78,30.669301712779973,1,3.8796666666666666
20260928,UCSes4X8uDrpc4X46hJKjejg,EbhQDO2KckU,on_demand,not_subscribed,US,102,19,1,0,0.0405,0,0,0,0
20260928,UCSes4X8uDrpc4X46hJKjejg,BeZUS-lZ4qs,on_demand,not_subscribed,PH,104,5,1,1,19.539166666666667,1172.35,37.8421562298257,1,19.539166666666667
20260928,UCSes4X8uDrpc4X46hJKjejg,JZgusHsQ0l4,on_demand,not_subscribed,IT,104,5,1,0,0.081533333333333333,0,0,0,0
20260928,UCSes4X8uDrpc4X46hJKjejg,6ljakZEWb0o,on_demand,subscribed,CA,104,4,3,1,0.34833333333333333,20.4,0.738327904451683,0,0
20260928,UCSes4X8uDrpc4X46hJKjejg,gX5Aks5a3eE,on_demand,not_subscribed,CA,105,5,1,1,0.458,27.48,8.22754491017964,0,0
20260928,UCSes4X8uDrpc4X46hJKjejg,qKk3hH95Two,on_demand,not_subscribed,TR,101,1,1,1,0.36276666666666668,21.766,31.094285714285714,1,0.36276666666666668
20260928,UCSes4X8uDrpc4X46hJKjejg,M-M22Ac4CRE,on_demand,not_subscribed,US,102,29,2,1,0.7255166666666667,43.531,131.91212121212121,0,0
20260928,UCSes4X8uDrpc4X46hJKjejg,8bxXug7LPYM,on_demand,not_subscribed,US,104,5,1,1,0.071833333333333332,4.31,4.9540229885057467,0,0
20260928,UCSes4X8uDrpc4X46hJKjejg,gTMjT4y5LHE,on_demand,not_subscribed,CA,102,19,3,2,4.2029333333333332,125.194,25.342914979757087,0,0
20260928,UCSes4X8uDrpc4X46hJKjejg,gTMjT4y5LHE,on_demand,not_subscribed,PT,103,10,1,1,7.8714666666666666,472.288,95.604858299595136,0,0
20260928,UCSes4X8uDrpc4X46hJKjejg,glMYlkjTPJA,on_demand,not_subscribed,US,105,5,1,1,0.42216666666666669,25.33,49.666666666666664,0,0
20260928,UCSes4X8uDrpc4X46hJKjejg,6ljakZEWb0o,on_demand,subscribed,IN,104,4,1,1,0.8,48,1.7372421281216071,0,0
20260928,UCSes4X8uDrpc4X46hJKjejg,5GYyKcjXNN0,on_demand,subscribed,PH,104,4,3,3,2.61,52.199999999999996,64.444444444444443,1,1.265
20260928,UCSes4X8uDrpc4X46hJKjejg,0b8eta7f8mY,on_demand,not_subscribed,US,101,9,14,9,22.904366666666668,151.69422222222224,28.784482395108579,2,6.3595166666666669
20260928,UCSes4X8uDrpc4X46hJKjejg,aF44OdK2B_o,on_demand,not_subscribed,US,104,5,2,1,0.16083333333333333,9.22,8.0173913043478269,1,0.15366666666666667
20260928,UCSes4X8uDrpc4X46hJKjejg,E2YsFlwkbwg,on_demand,not_subscribed,US,104,5,1,1,0.076666666666666661,4.6,7.7966101694915251,0,0
20260928,UCSes4X8uDrpc4X46hJKjejg,gTMjT4y5LHE,on_demand,not_subscribed,GB,101,1,1,1,0.13163333333333332,7.898,1.5987854251012146,0,0
20260928,UCSes4X8uDrpc4X46hJKjejg,wb2ebOkk2gE,on_demand,subscribed,US,104,4,2,0,0.12166666666666667,0,0,0,0
20260928,UCSes4X8uDrpc4X46hJKjejg,kUe_7zAIJLI,on_demand,not_subscribed,US,104,5,1,1,0.0033333333333333335,0.2,0.86956521739130432,0,0
20260928,UCSes4X8uDrpc4X46hJKjejg,Rl73WZoqKzE,on_demand,subscribed,DE,104,5,1,0,0.031666666666666669,0,0,0,0
20260928,UCSes4X8uDrpc4X46hJKjejg,fAZy3HtHBzA,on_demand,subscribed,CA,104,5,38,17,8.709833333333334,30.041176470588233,93.878676470588232,8,1.477
20260928,UCSes4X8uDrpc4X46hJKjejg,5GYyKcjXNN0,on_demand,not_subscribed,FR,104,4,1,1,0.11166666666666666,6.7,8.2716049382716044,0,0
20260928,UCSes4X8uDrpc4X46hJKjejg,JZgusHsQ0l4,on_demand,not_subscribed,NZ,102,4,2,1,0.86128333333333329,51.677,99.378846153846155,0,0
20260928,UCSes4X8uDrpc4X46hJKjejg,eqlwdgYN1FU,on_demand,not_subscribed,US,104,5,2,1,0.98683333333333334,59.21,100.35593220338983,2,0.98683333333333334
20260928,UCSes4X8uDrpc4X46hJKjejg,JZgusHsQ0l4,on_demand,not_subscribed,ID,101,2,2,0,0.078366666666666668,0,0,0,0
20260928,UCSes4X8uDrpc4X46hJKjejg,YHtB62qU1r8,on_demand,not_subscribed,PR,105,5,1,1,7.8208333333333337,469.25,99.840425531914889,0,0
20260928,UCSes4X8uDrpc4X46hJKjejg,JZgusHsQ0l4,on_demand,not_subscribed,GR,104,5,1,1,0.26748333333333335,16.049,30.863461538461539,0,0
20260928,UCSes4X8uDrpc4X46hJKjejg,9LFMqUAyB_U,on_demand,not_subscribed,US,101,2,7,5,18.312016666666668,218.89360000000002,25.72192714453584,0,0
20260928,UCSes4X8uDrpc4X46hJKjejg,unimgWGUpHM,on_demand,subscribed,DE,102,4,1,1,0.34593333333333331,20.756,49.419047619047618,0,0
20260928,UCSes4X8uDrpc4X46hJKjejg,USEjpTmiSjE,on_demand,not_subscribed,US,104,4,1,1,0.23166666666666666,13.9,44.838709677419352,0,0
20260928,UCSes4X8uDrpc4X46hJKjejg,po8YrSQivoM,on_demand,not_subscribed,US,102,1,1,0,0.082366666666666671,0,0,1,0.082366666666666671
20260928,UCSes4X8uDrpc4X46hJKjejg,758kz6ojvfE,on_demand,not_subscribed,US,104,5,1,1,3.0817333333333332,184.904,66.273835125448031,0,0
20260928,UCSes4X8uDrpc4X46hJKjejg,unimgWGUpHM,on_demand,subscribed,FR,104,5,1,0,0.026333333333333334,0,0,0,0
20260928,UCSes4X8uDrpc4X46hJKjejg,0b8eta7f8mY,on_demand,subscribed,US,102,19,1,1,0.479,28.74,5.4535104364326372,0,0
20260928,UCSes4X8uDrpc4X46hJKjejg,HwWx5nhjCx8,on_demand,not_subscribed,US,102,29,16,10,34.39385,203.7395,19.571517771373678,1,0.09205
20260928,UCSes4X8uDrpc4X46hJKjejg,po8YrSQivoM,on_demand,subscribed,US,101,9,4,0,0.0182,0,0,0,0
20260928,UCSes4X8uDrpc4X46hJKjejg,YHtB62qU1r8,on_demand,not_subscribed,QA,104,5,1,1,2.5196666666666667,151.18,32.165957446808513,0,0
20260928,UCSes4X8uDrpc4X46hJKjejg,cgwKmhg8f_A,on_demand,not_subscribed,US,104,5,1,1,0.32116666666666666,19.27,22.94047619047619,0,0
20260928,UCSes4X8uDrpc4X46hJKjejg,gTMjT4y5LHE,on_demand,subscribed,NL,104,5,1,0,0.028,0,0,0,0
20260928,UCSes4X8uDrpc4X46hJKjejg,iOURk-GhPG0,on_demand,not_subscribed,GH,104,5,2,1,0.5835,35.01,120.72413793103448,0,0
20260928,UCSes4X8uDrpc4X46hJKjejg,YHtB62qU1r8,on_demand,not_subscribed,SR,104,4,1,0,0.04,0,0,0,0
20260928,UCSes4X8uDrpc4X46hJKjejg,BeZUS-lZ4qs,on_demand,not_subscribed,MK,104,4,1,0,0.023333333333333334,0,0,0,0
20260928,UCSes4X8uDrpc4X46hJKjejg,dKoSQ-63gP4,on_demand,not_subscribed,US,102,4,47,25,90.868133333333333,215.62256000000002,35.406003284072249,8,10.682966666666667
20260928,UCSes4X8uDrpc4X46hJKjejg,HCZIc9OVy1o,on_demand,subscribed,US,104,4,2,1,0.34166666666666667,19.6,0.67400275103163687,0,0
20260928,UCSes4X8uDrpc4X46hJKjejg,BeZUS-lZ4qs,on_demand,not_subscribed,AU,104,5,8,5,10.380833333333333,123.376,3.9824402840542286,4,9.4505
20260928,UCSes4X8uDrpc4X46hJKjejg,e7CxdG8sNlA,on_demand,subscribed,US,101,2,4,2,6.6368166666666664,198.4205,41.77273684210526,0,0
20260928,UCSes4X8uDrpc4X46hJKjejg,-CjQjOd2JEA,on_demand,not_subscribed,PH,104,5,5,1,4.4061666666666666,258.5,91.342756183745578,0,0
20260928,UCSes4X8uDrpc4X46hJKjejg,5xA-FaYOc_0,on_demand,not_subscribed,PH,104,5,2,1,0.73716666666666664,44.23,100.52272727272727,2,0.73716666666666664
20260928,UCSes4X8uDrpc4X46hJKjejg,a_ZUFHh_nJA,on_demand,not_subscribed,DE,104,5,1,1,0.10233333333333333,6.14,1.1391465677179964,0,0
20260928,UCSes4X8uDrpc4X46hJKjejg,YHtB62qU1r8,on_demand,not_subscribed,PH,104,5,5,4,9.4195,141.08,30.017021276595745,0,0
20260928,UCSes4X8uDrpc4X46hJKjejg,JoHK3Z-nc9s,on_demand,not_subscribed,US,102,29,1,0,0.022716666666666666,0,0,0,0
20260928,UCSes4X8uDrpc4X46hJKjejg,YHtB62qU1r8,on_demand,not_subscribed,CZ,104,4,1,1,1.9916666666666667,119.5,25.425531914893618,1,1.9916666666666667
20260928,UCSes4X8uDrpc4X46hJKjejg,4JWDNnVMjXc,on_demand,subscribed,US,104,5,1,1,35.077666666666666,2104.66,48.371868535968744,0,0
20260928,UCSes4X8uDrpc4X46hJKjejg,iOURk-GhPG0,on_demand,not_subscribed,KZ,104,4,2,2,0.13,3.9,13.448275862068966,0,0
20260928,UCSes4X8uDrpc4X46hJKjejg,unimgWGUpHM,on_demand,subscribed,GB,104,4,6,3,2.0516666666666667,40.733333333333334,96.984126984126988,1,0.015
20260928,UCSes4X8uDrpc4X46hJKjejg,5GYyKcjXNN0,on_demand,subscribed,AU,104,4,1,1,1.2816666666666667,76.9,94.938271604938265,0,0
20260928,UCSes4X8uDrpc4X46hJKjejg,M-M22Ac4CRE,on_demand,subscribed,US,104,4,4,2,1.16,34.45,104.39393939393939,0,0
20260928,UCSes4X8uDrpc4X46hJKjejg,unimgWGUpHM,on_demand,subscribed,BZ,101,2,1,1,0.10748333333333333,6.449,15.354761904761904,0,0
20260928,UCSes4X8uDrpc4X46hJKjejg,Rl73WZoqKzE,on_demand,subscribed,SE,104,4,1,0,0.051666666666666666,0,0,0,0
20260928,UCSes4X8uDrpc4X46hJKjejg,2n5LJUyMtAk,on_demand,not_subscribed,NZ,104,5,1,0,0,0,0,0,0
20260928,UCSes4X8uDrpc4X46hJKjejg,5GYyKcjXNN0,on_demand,not_subscribed,CA,101,2,1,1,0.1754,10.524,12.992592592592592,0,0
20260928,UCSes4X8uDrpc4X46hJKjejg,XlT3SmO6YYs,on_demand,not_subscribed,PH,104,4,1,1,0.88,52.8,46.725663716814161,0,0
20260928,UCSes4X8uDrpc4X46hJKjejg,k4-t8XMp-wg,on_demand,subscribed,FI,101,9,1,0,0.01875,0,0,0,0
20260928,UCSes4X8uDrpc4X46hJKjejg,BeZUS-lZ4qs,on_demand,not_subscribed,VG,102,26,1,1,13.631383333333334,817.883,26.400355067785668,0,0
20260928,UCSes4X8uDrpc4X46hJKjejg,dKoSQ-63gP4,on_demand,not_subscribed,PH,101,9,2,0,0.04268333333333333,0,0,0,0
20260928,UCSes4X8uDrpc4X46hJKjejg,glMYlkjTPJA,on_demand,not_subscribed,IN,104,4,7,1,0.64166666666666672,29.8,58.431372549019606,1,0.49666666666666665
20260928,UCSes4X8uDrpc4X46hJKjejg,0b8eta7f8mY,on_demand,not_subscribed,AE,101,9,2,0,0.019,0,0,0,0
20260928,UCSes4X8uDrpc4X46hJKjejg,Hufo1ZVItio,on_demand,not_subscribed,US,102,1,2,0,0.0676,0,0,2,0.0676
20260928,UCSes4X8uDrpc4X46hJKjejg,gmPsKXt4foY,on_demand,subscribed,PH,104,4,10,5,4.64,55.679999999999993,123.73333333333333,5,2.25
20260928,UCSes4X8uDrpc4X46hJKjejg,JZgusHsQ0l4,on_demand,not_subscribed,IL,101,9,1,1,0.28836666666666666,17.302,33.273076923076921,0,0
20260928,UCSes4X8uDrpc4X46hJKjejg,OG1-VxzclcA,on_demand,subscribed,US,104,4,2,0,0.028333333333333332,0,0,0,0
20260928,UCSes4X8uDrpc4X46hJKjejg,2n5LJUyMtAk,on_demand,not_subscribed,DE,103,10,1,0,0.04845,0,0,0,0
20260928,UCSes4X8uDrpc4X46hJKjejg,yXI5JzLdcwk,on_demand,not_subscribed,FJ,104,5,2,1,1.3896666666666666,83.38,104.225,0,0
20260928,UCSes4X8uDrpc4X46hJKjejg,tIFk16TQrU4,on_demand,not_subscribed,US,105,5,1,1,0.39466666666666667,23.68,69.6470588235294,0,0
20260928,UCSes4X8uDrpc4X46hJKjejg,oujDWGTay-Q,on_demand,not_subscribed,US,101,2,1,0,0.020466666666666668,0,0,0,0
20260928,UCSes4X8uDrpc4X46hJKjejg,gmPsKXt4foY,on_demand,not_subscribed,FR,104,4,5,2,3.1116666666666668,93.35,207.44444444444446,0,0
20260928,UCSes4X8uDrpc4X46hJKjejg,5GYyKcjXNN0,on_demand,subscribed,SG,104,5,1,1,0.1185,7.11,8.7777777777777786,0,0
20260928,UCSes4X8uDrpc4X46hJKjejg,Rl73WZoqKzE,on_demand,not_subscribed,RO,104,5,1,1,9.925,595.5,99.916107382550337,0,0
20260928,UCSes4X8uDrpc4X46hJKjejg,HtZ8tDkeGJY,on_demand,not_subscribed,ZA,104,4,1,1,0.93166666666666664,55.9,94.7457627118644,0,0
20260928,UCSes4X8uDrpc4X46hJKjejg,-CjQjOd2JEA,on_demand,not_subscribed,HK,101,2,1,0,0.021433333333333332,0,0,0,0
20260928,UCSes4X8uDrpc4X46hJKjejg,YHtB62qU1r8,on_demand,not_subscribed,HK,101,2,9,2,1.8346666666666667,48.8325,10.389893617021277,0,0
20260928,UCSes4X8uDrpc4X46hJKjejg,Aa5QDN6HCy0,on_demand,not_subscribed,ZA,104,4,1,1,0.49833333333333335,29.9,52.456140350877192,0,0
20260928,UCSes4X8uDrpc4X46hJKjejg,gTMjT4y5LHE,on_demand,subscribed,US,102,26,12,6,14.579116666666666,143.86716666666666,29.122908232118757,4,0.14125
20260928,UCSes4X8uDrpc4X46hJKjejg,e7CxdG8sNlA,on_demand,not_subscribed,US,102,19,4,3,17.302816666666665,345.099,72.652421052631581,2,9.3499333333333325
20260928,UCSes4X8uDrpc4X46hJKjejg,HwWx5nhjCx8,on_demand,subscribed,US,104,4,2,1,1.3016666666666667,76.6,7.3583093179634966,0,0
20260928,UCSes4X8uDrpc4X46hJKjejg,gTMjT4y5LHE,on_demand,subscribed,TT,104,4,1,0,0.018333333333333333,0,0,0,0
20260928,UCSes4X8uDrpc4X46hJKjejg,wLJcRS0NJX0,on_demand,not_subscribed,KR,104,4,2,0,0.076666666666666661,0,0,0,0
20260928,UCSes4X8uDrpc4X46hJKjejg,2n5LJUyMtAk,on_demand,not_subscribed,GB,101,2,2,1,8.2324833333333327,493.866,97.795247524752469,0,0
20260928,UCSes4X8uDrpc4X46hJKjejg,Rl73WZoqKzE,on_demand,not_subscribed,NO,104,4,1,0,0.088333333333333333,0,0,0,0
20260928,UCSes4X8uDrpc4X46hJKjejg,6ljakZEWb0o,on_demand,not_subscribed,BB,104,4,1,0,0,0,0,0,0
20260928,UCSes4X8uDrpc4X46hJKjejg,BvHw3ddSlms,on_demand,subscribed,FR,104,5,1,0,0.057333333333333333,0,0,0,0
20260928,UCSes4X8uDrpc4X46hJKjejg,UvWPXkksqmM,on_demand,not_subscribed,FR,101,9,1,1,1.0076666666666667,60.46,9.1329305135951664,0,0
20260928,UCSes4X8uDrpc4X46hJKjejg,UvWPXkksqmM,on_demand,not_subscribed,US,105,4,1,1,0.12,7.2,1.0876132930513596,0,0
20260928,UCSes4X8uDrpc4X46hJKjejg,k4-t8XMp-wg,on_demand,not_subscribed,SE,101,2,1,0,0.0063166666666666666,0,0,0,0
20260928,UCSes4X8uDrpc4X46hJKjejg,34SgPBo7SBw,on_demand,not_subscribed,US,101,9,1,0,0.024983333333333333,0,0,0,0
20260928,UCSes4X8uDrpc4X46hJKjejg,qMc2Kadj1PU,on_demand,not_subscribed,US,104,5,1,0,0.10116666666666667,0,0,0,0
20260928,UCSes4X8uDrpc4X46hJKjejg,-CjQjOd2JEA,on_demand,not_subscribed,AU,104,5,3,1,4.8021666666666665,280.95,99.2756183745583,0,0
20260928,UCSes4X8uDrpc4X46hJKjejg,-CjQjOd2JEA,on_demand,not_subscribed,BB,102,19,1,1,0.25135,15.081,5.3289752650176681,0,0
20260928,UCSes4X8uDrpc4X46hJKjejg,jCAYf9Ha0xY,on_demand,not_subscribed,CA,101,2,1,1,0.19943333333333332,11.966,15.744736842105263,0,0
20260928,UCSes4X8uDrpc4X46hJKjejg,pZIt3dwGiyk,on_demand,not_subscribed,CA,104,4,1,1,3.1166666666666667,187,51.373626373626372,0,0
20260928,UCSes4X8uDrpc4X46hJKjejg,gTMjT4y5LHE,on_demand,subscribed,US,102,12,1,0,0.0278,0,0,0,0
20260928,UCSes4X8uDrpc4X46hJKjejg,FCAC9ZyPn_4,on_demand,not_subscribed,SG,101,2,1,0,0.13401666666666667,0,0,0,0
20260928,UCSes4X8uDrpc4X46hJKjejg,CxaOeEyfWXQ,on_demand,not_subscribed,US,105,4,1,1,0.285,17.1,43.846153846153847,0,0
20260928,UCSes4X8uDrpc4X46hJKjejg,5xA-FaYOc_0,on_demand,not_subscribed,AU,104,5,3,2,1.218,36.325,82.556818181818187,0,0
20260928,UCSes4X8uDrpc4X46hJKjejg,yXI5JzLdcwk,on_demand,not_subscribed,NZ,104,5,2,2,1.1873333333333334,35.62,44.525,2,1.1873333333333334
20260928,UCSes4X8uDrpc4X46hJKjejg,FcONMZjlvq4,on_demand,not_subscribed,HK,101,2,2,0,0.0044666666666666665,0,0,0,0
20260928,UCSes4X8uDrpc4X46hJKjejg,DFY-sVJGeDI,on_demand,not_subscribed,US,102,1,1,0,0.045483333333333334,0,0,1,0.045483333333333334
20260928,UCSes4X8uDrpc4X46hJKjejg,YHtB62qU1r8,on_demand,not_subscribed,AU,104,5,10,3,13.394983333333334,263.20666666666665,56.001418439716311,1,7.823833333333333
20260928,UCSes4X8uDrpc4X46hJKjejg,-CjQjOd2JEA,on_demand,subscribed,PR,104,5,1,1,0.56266666666666665,33.76,11.929328621908127,0,0
20260928,UCSes4X8uDrpc4X46hJKjejg,gTMjT4y5LHE,on_demand,subscribed,BR,104,4,1,0,0.1,0,0,0,0
20260928,UCSes4X8uDrpc4X46hJKjejg,UgRtYy2X5oI,on_demand,not_subscribed,US,104,5,1,1,0.3871,23.226,5.6787286063569686,0,0
20260928,UCSes4X8uDrpc4X46hJKjejg,QngqvwK8eW0,on_demand,not_subscribed,SI,104,4,2,1,0.82833333333333337,49.7,101.42857142857143,0,0
20260928,UCSes4X8uDrpc4X46hJKjejg,gTMjT4y5LHE,on_demand,not_subscribed,PR,104,5,5,3,4.5528333333333331,89.523333333333326,18.1221322537112,0,0
20260928,UCSes4X8uDrpc4X46hJKjejg,J6rzMuvuMuo,on_demand,not_subscribed,US,104,5,13,9,7.0893333333333333,47.262222222222221,65.641975308641975,6,3.2676666666666665
20260928,UCSes4X8uDrpc4X46hJKjejg,FIPueBGagWs,on_demand,not_subscribed,US,102,4,1,0,0.0771,0,0,0,0
20260928,UCSes4X8uDrpc4X46hJKjejg,0JHD_pApR7w,on_demand,not_subscribed,US,101,1,1,1,0.84716666666666662,50.83,73.666666666666671,0,0
20260928,UCSes4X8uDrpc4X46hJKjejg,HAYtxUru2wQ,on_demand,not_subscribed,US,103,10,1,1,0.27783333333333332,16.67,21.101265822784811,0,0
20260928,UCSes4X8uDrpc4X46hJKjejg,bf0XSusrN3g,on_demand,not_subscribed,US,104,4,12,5,2.105,24.82,67.081081081081081,0,0
20260928,UCSes4X8uDrpc4X46hJKjejg,gTMjT4y5LHE,on_demand,not_subscribed,ID,104,5,4,2,11.646333333333333,344.205,69.677125506072869,1,8.3841666666666672
20260928,UCSes4X8uDrpc4X46hJKjejg,NN_PzDZuw9g,on_demand,not_subscribed,US,101,2,2,0,0.04476666666666667,0,0,0,0
20260928,UCSes4X8uDrpc4X46hJKjejg,BONi_YgZuRI,on_demand,subscribed,US,104,4,1,1,0.24833333333333332,14.9,53.214285714285715,0,0
20260928,UCSes4X8uDrpc4X46hJKjejg,gmPsKXt4foY,on_demand,subscribed,AU,104,4,8,4,3.6181833333333335,54.04775,120.1061111111111,1,0.23166666666666666
20260928,UCSes4X8uDrpc4X46hJKjejg,po8YrSQivoM,on_demand,not_subscribed,AU,104,4,1,0,0.04,0,0,0,0
20260928,UCSes4X8uDrpc4X46hJKjejg,gmPsKXt4foY,on_demand,not_subscribed,CA,101,2,4,3,1.1787833333333333,23.304666666666666,51.788148148148146,0,0
20260928,UCSes4X8uDrpc4X46hJKjejg,rScJj_0-t-o,on_demand,not_subscribed,CA,104,4,1,0,0.00175,0,0,0,0
20260928,UCSes4X8uDrpc4X46hJKjejg,UvWPXkksqmM,on_demand,not_subscribed,US,102,29,8,6,14.3701,142.41283333333334,21.512512588116817,1,1.3047166666666667
20260928,UCSes4X8uDrpc4X46hJKjejg,JZgusHsQ0l4,on_demand,subscribed,PH,101,2,1,0,0.00335,0,0,0,0
20260928,UCSes4X8uDrpc4X46hJKjejg,Rl73WZoqKzE,on_demand,not_subscribed,ZA,102,4,3,0,0.1415,0,0,0,0
20260928,UCSes4X8uDrpc4X46hJKjejg,gTMjT4y5LHE,on_demand,subscribed,TR,104,5,1,0,0.014,0,0,0,0
20260928,UCSes4X8uDrpc4X46hJKjejg,7HuaEHVdk6c,on_demand,not_subscribed,AU,101,2,2,1,0.74633333333333329,41.397,40.191262135922329,1,0.68995
20260928,UCSes4X8uDrpc4X46hJKjejg,u9yo-7_Ly7M,on_demand,not_subscribed,GB,104,5,1,1,5.841,350.46,63.72,0,0
20260928,UCSes4X8uDrpc4X46hJKjejg,gTMjT4y5LHE,on_demand,not_subscribed,PH,105,5,2,2,3.8075,114.225,23.122469635627532,0,0
20260928,UCSes4X8uDrpc4X46hJKjejg,XTGlwLovDD0,on_demand,not_subscribed,US,101,2,3,1,11.656766666666666,692.95,28.575257731958764,0,0
20260928,UCSes4X8uDrpc4X46hJKjejg,HzmMTvN__ec,on_demand,not_subscribed,CA,104,4,1,0,0.10166666666666667,0,0,0,0
20260928,UCSes4X8uDrpc4X46hJKjejg,5GYyKcjXNN0,on_demand,not_subscribed,NL,104,5,1,0,0.0345,0,0,0,0
20260928,UCSes4X8uDrpc4X46hJKjejg,gmPsKXt4foY,on_demand,subscribed,SG,104,5,1,1,0.7406666666666667,44.44,98.75555555555556,1,0.7406666666666667
20260928,UCSes4X8uDrpc4X46hJKjejg,3vvJggGtHLg,on_demand,not_subscribed,GB,104,5,3,2,0.85133333333333339,25.54,62.292682926829265,0,0
20260928,UCSes4X8uDrpc4X46hJKjejg,0nYtXNTW54c,on_demand,subscribed,US,104,4,2,1,0.145,4.7,12.051282051282051,0,0
20260928,UCSes4X8uDrpc4X46hJKjejg,YsozfBAU5nI,on_demand,not_subscribed,US,101,9,4,2,0.8765,25.073,100.292,0,0
20260928,UCSes4X8uDrpc4X46hJKjejg,bkGNuDS6ibU,on_demand,not_subscribed,CA,104,5,1,0,0.035,0,0,0,0
20260928,UCSes4X8uDrpc4X46hJKjejg,pWCQrmx8beo,on_demand,subscribed,AU,104,5,1,1,50.125166666666665,3007.51,99.983710106382972,1,50.125166666666665
20260928,UCSes4X8uDrpc4X46hJKjejg,6ljakZEWb0o,on_demand,not_subscribed,GB,101,30,1,0,0.044716666666666668,0,0,0,0
20260928,UCSes4X8uDrpc4X46hJKjejg,FCAC9ZyPn_4,on_demand,not_subscribed,TW,101,2,1,0,0.01655,0,0,0,0
20260928,UCSes4X8uDrpc4X46hJKjejg,LguyQAIoKlA,on_demand,not_subscribed,US,105,4,1,1,1.2966666666666666,77.8,1.7605793165874632,0,0
20260928,UCSes4X8uDrpc4X46hJKjejg,Yw9jmAwzBKM,on_demand,not_subscribed,US,104,4,1,1,0.32833333333333331,19.7,31.774193548387096,1,0.32833333333333331
20260928,UCSes4X8uDrpc4X46hJKjejg,ylkL2lJvlto,on_demand,not_subscribed,CA,104,4,1,0,0.0033333333333333335,0,0,0,0
20260928,UCSes4X8uDrpc4X46hJKjejg,gTMjT4y5LHE,on_demand,not_subscribed,GU,104,5,2,0,0.031166666666666665,0,0,0,0
20260928,UCSes4X8uDrpc4X46hJKjejg,gTMjT4y5LHE,on_demand,subscribed,CA,101,9,7,2,4.1864,121.322,24.55910931174089,0,0
20260928,UCSes4X8uDrpc4X46hJKjejg,rScJj_0-t-o,on_demand,subscribed,US,104,5,2,1,1.6096666666666666,92.66,80.573913043478257,1,1.5443333333333333
20260928,UCSes4X8uDrpc4X46hJKjejg,YHtB62qU1r8,on_demand,not_subscribed,SI,102,4,1,1,0.31111666666666665,18.667,3.9717021276595745,1,0.31111666666666665
20260928,UCSes4X8uDrpc4X46hJKjejg,Rl73WZoqKzE,on_demand,not_subscribed,PH,101,2,1,0,0.072916666666666671,0,0,0,0
20260928,UCSes4X8uDrpc4X46hJKjejg,fAZy3HtHBzA,on_demand,not_subscribed,RW,104,4,2,1,0.59166666666666667,35.5,110.9375,0,0
20260928,UCSes4X8uDrpc4X46hJKjejg,2n5LJUyMtAk,on_demand,not_subscribed,HR,104,5,1,0,0.0035,0,0,0,0
20260928,UCSes4X8uDrpc4X46hJKjejg,3oF068CdTYo,on_demand,not_subscribed,PH,104,5,1,1,0.4565,27.39,80.558823529411768,1,0.4565
20260928,UCSes4X8uDrpc4X46hJKjejg,BeZUS-lZ4qs,on_demand,not_subscribed,AT,104,4,1,0,0.0033333333333333335,0,0,0,0
20260928,UCSes4X8uDrpc4X46hJKjejg,unimgWGUpHM,on_demand,subscribed,DK,104,5,1,0,0.032333333333333332,0,0,0,0
20260928,UCSes4X8uDrpc4X46hJKjejg,dKoSQ-63gP4,on_demand,not_subscribed,US,104,4,69,24,115.66246666666666,283.97283333333331,46.62936507936508,6,28.505000000000003
20260928,UCSes4X8uDrpc4X46hJKjejg,tIFk16TQrU4,on_demand,subscribed,US,104,5,4,1,0.82816666666666672,47.3,139.11764705882354,0,0
20260928,UCSes4X8uDrpc4X46hJKjejg,ABlbRTTk1ek,on_demand,not_subscribed,PR,105,5,1,1,0.03216666666666667,1.93,5.2162162162162158,0,0
20260928,UCSes4X8uDrpc4X46hJKjejg,zxka0rRvmaU,on_demand,not_subscribed,US,101,2,2,1,0.15905,7.951,16.917021276595744,0,0
20260928,UCSes4X8uDrpc4X46hJKjejg,1Vs6b9DRFto,on_demand,not_subscribed,SG,104,4,1,0,0.016666666666666666,0,0,0,0
20260928,UCSes4X8uDrpc4X46hJKjejg,-CjQjOd2JEA,on_demand,not_subscribed,GB,105,4,2,2,5.1083333333333334,153.25,54.151943462897528,0,0
20260928,UCSes4X8uDrpc4X46hJKjejg,l5M2ICRhyEA,on_demand,not_subscribed,NL,101,2,2,0,0.08375,0,0,0,0
20260928,UCSes4X8uDrpc4X46hJKjejg,s6QHHmvedEc,on_demand,not_subscribed,US,102,19,1,0,0.03115,0,0,0,0
20260928,UCSes4X8uDrpc4X46hJKjejg,f4MfVVTJ6pY,on_demand,not_subscribed,CA,104,5,3,3,11.824266666666666,236.48533333333333,14.384752635847526,1,0.41133333333333333
20260928,UCSes4X8uDrpc4X46hJKjejg,0JUVBPIGUg8,on_demand,not_subscribed,AR,104,4,1,0,0.036666666666666667,0,0,0,0
20260928,UCSes4X8uDrpc4X46hJKjejg,LguyQAIoKlA,on_demand,not_subscribed,US,102,29,2,2,1.2028166666666666,36.0845,0.81657614844987558,0,0
20260928,UCSes4X8uDrpc4X46hJKjejg,QyNJt23xOvk,on_demand,not_subscribed,US,101,30,2,0,0.013566666666666666,0,0,0,0
20260928,UCSes4X8uDrpc4X46hJKjejg,UvWPXkksqmM,on_demand,subscribed,US,104,4,14,5,17.220933333333335,202.6,30.604229607250755,2,13.156666666666666
20260928,UCSes4X8uDrpc4X46hJKjejg,XxNpGT_I6mk,on_demand,not_subscribed,PR,102,19,1,1,0.19281666666666666,11.569,35.057575757575755,0,0
20260928,UCSes4X8uDrpc4X46hJKjejg,gTMjT4y5LHE,on_demand,not_subscribed,AU,105,5,2,2,5.6445833333333333,169.3375,34.278846153846153,0,0
20260928,UCSes4X8uDrpc4X46hJKjejg,k4-t8XMp-wg,on_demand,not_subscribed,CA,104,5,1,1,1.716,102.96,36,1,1.716
20260928,UCSes4X8uDrpc4X46hJKjejg,5GYyKcjXNN0,on_demand,not_subscribed,US,102,26,8,3,4.6066,90.088000000000008,111.21975308641976,0,0
20260928,UCSes4X8uDrpc4X46hJKjejg,50MHq47IaLU,on_demand,not_subscribed,IT,104,4,1,1,1.9083333333333334,114.5,99.565217391304344,0,0
20260928,UCSes4X8uDrpc4X46hJKjejg,6ljakZEWb0o,on_demand,subscribed,FI,101,9,1,0,0.06958333333333333,0,0,0,0
20260928,UCSes4X8uDrpc4X46hJKjejg,7DD0KNPPL1c,on_demand,not_subscribed,US,104,5,36,18,8.8869,29.259388888888889,83.598253968253971,5,1.3823333333333332
20260928,UCSes4X8uDrpc4X46hJKjejg,2n5LJUyMtAk,on_demand,not_subscribed,CA,102,4,3,3,8.4782166666666665,169.56433333333334,33.577095709570955,0,0
20260928,UCSes4X8uDrpc4X46hJKjejg,JZgusHsQ0l4,on_demand,not_subscribed,IE,104,5,2,1,0.8706666666666667,52.24,100.46153846153847,2,0.8706666666666667
20260928,UCSes4X8uDrpc4X46hJKjejg,I002l8Z2C3c,on_demand,not_subscribed,TH,104,5,1,0,0.101,0,0,0,0
20260928,UCSes4X8uDrpc4X46hJKjejg,Rl73WZoqKzE,on_demand,not_subscribed,KR,104,5,1,1,0.085833333333333331,5.15,0.86409395973154357,1,0.085833333333333331
20260928,UCSes4X8uDrpc4X46hJKjejg,DjhN1oAGTYA,on_demand,not_subscribed,US,102,1,1,0,0.06618333333333333,0,0,0,0
20260928,UCSes4X8uDrpc4X46hJKjejg,tl_kEy-8WPA,on_demand,not_subscribed,US,101,9,1,0,0.00285,0,0,0,0
20260928,UCSes4X8uDrpc4X46hJKjejg,0b8eta7f8mY,on_demand,not_subscribed,TH,105,5,1,1,0.1555,9.33,1.7703984819734346,0,0
20260928,UCSes4X8uDrpc4X46hJKjejg,eUT33UJWgMs,on_demand,not_subscribed,GB,104,4,1,1,8.8466666666666658,530.8,91.517241379310349,0,0
20260928,UCSes4X8uDrpc4X46hJKjejg,5GYyKcjXNN0,on_demand,not_subscribed,US,102,12,1,1,1.4457333333333333,86.744,107.09135802469136,0,0
20260928,UCSes4X8uDrpc4X46hJKjejg,gmPsKXt4foY,on_demand,not_subscribed,NL,104,5,2,2,1.0051666666666668,30.155,67.0111111111111,0,0
20260928,UCSes4X8uDrpc4X46hJKjejg,0b8eta7f8mY,on_demand,not_subscribed,SG,105,5,1,1,8.5623333333333331,513.74,97.483870967741936,0,0
20260928,UCSes4X8uDrpc4X46hJKjejg,-CjQjOd2JEA,on_demand,not_subscribed,GB,102,29,1,1,0.50596666666666668,30.358,10.727208480565372,0,0
20260928,UCSes4X8uDrpc4X46hJKjejg,fAZy3HtHBzA,on_demand,subscribed,MY,102,4,2,1,0.68835,41.301,129.065625,0,0
20260928,UCSes4X8uDrpc4X46hJKjejg,MEHDJ9V-lIk,on_demand,not_subscribed,JP,101,2,1,0,0.0090166666666666659,0,0,0,0
20260928,UCSes4X8uDrpc4X46hJKjejg,kHqq0RR6dHE,on_demand,not_subscribed,US,102,1,1,0,0.0237,0,0,1,0.0237
20260928,UCSes4X8uDrpc4X46hJKjejg,fAZy3HtHBzA,on_demand,subscribed,NZ,101,2,1,0,0.08426666666666667,0,0,0,0
20260928,UCSes4X8uDrpc4X46hJKjejg,HtZ8tDkeGJY,on_demand,not_subscribed,SE,104,5,1,1,0.72483333333333333,43.49,73.711864406779668,0,0
20260928,UCSes4X8uDrpc4X46hJKjejg,uzUBO8cpUC0,on_demand,subscribed,US,104,5,1,1,0.14866666666666667,8.92,11.435897435897436,0,0
20260928,UCSes4X8uDrpc4X46hJKjejg,BeZUS-lZ4qs,on_demand,not_subscribed,ES,105,5,1,0,0.059233333333333332,0,0,0,0
20260928,UCSes4X8uDrpc4X46hJKjejg,0b8eta7f8mY,on_demand,not_subscribed,AU,102,29,1,1,2.2866666666666666,137.2,26.034155597722961,0,0
20260928,UCSes4X8uDrpc4X46hJKjejg,2n5LJUyMtAk,on_demand,not_subscribed,AU,102,12,1,1,7.9895333333333332,479.372,94.925148514851486,0,0
20260928,UCSes4X8uDrpc4X46hJKjejg,MaurflLy1CQ,on_demand,not_subscribed,US,101,2,1,1,10.553016666666666,633.181,99.870820189274454,0,0
20260928,UCSes4X8uDrpc4X46hJKjejg,Rl73WZoqKzE,on_demand,not_subscribed,AU,101,2,2,1,3.64335,216.199,36.275,0,0
20260928,UCSes4X8uDrpc4X46hJKjejg,fAZy3HtHBzA,on_demand,not_subscribed,US,103,10,8,5,1.89045,22.6854,70.891875,0,0
20260928,UCSes4X8uDrpc4X46hJKjejg,gmPsKXt4foY,on_demand,subscribed,US,101,30,1,0,0.0453,0,0,0,0
20260928,UCSes4X8uDrpc4X46hJKjejg,UvWPXkksqmM,on_demand,not_subscribed,ES,101,9,1,1,0.59323333333333328,35.594,5.3767371601208458,0,0
20260928,UCSes4X8uDrpc4X46hJKjejg,JZgusHsQ0l4,on_demand,not_subscribed,ID,101,9,2,0,0.090933333333333338,0,0,0,0
20260928,UCSes4X8uDrpc4X46hJKjejg,9LFMqUAyB_U,on_demand,not_subscribed,US,101,9,2,0,0.048533333333333331,0,0,0,0
20260928,UCSes4X8uDrpc4X46hJKjejg,po8YrSQivoM,on_demand,not_subscribed,CY,101,2,1,1,16.213983333333335,972.839,28.346124708624707,0,0
20260928,UCSes4X8uDrpc4X46hJKjejg,-CjQjOd2JEA,on_demand,not_subscribed,AT,104,4,1,0,0,0,0,0,0
20260928,UCSes4X8uDrpc4X46hJKjejg,yXI5JzLdcwk,on_demand,not_subscribed,DE,101,2,1,1,0.9851,59.106,73.8825,0,0
20260928,UCSes4X8uDrpc4X46hJKjejg,unimgWGUpHM,on_demand,not_subscribed,DO,101,9,1,1,0.50696666666666668,30.418,72.423809523809524,1,0.50696666666666668
20260928,UCSes4X8uDrpc4X46hJKjejg,1r9wOlGPH28,on_demand,subscribed,US,104,5,1,0,0.021333333333333333,0,0,0,0
20260928,UCSes4X8uDrpc4X46hJKjejg,fAZy3HtHBzA,on_demand,not_subscribed,BE,104,4,1,1,0.15333333333333332,9.2,28.75,0,0
20260928,UCSes4X8uDrpc4X46hJKjejg,BeZUS-lZ4qs,on_demand,not_subscribed,HK,101,9,1,0,0.079683333333333328,0,0,0,0
20260928,UCSes4X8uDrpc4X46hJKjejg,6ljakZEWb0o,on_demand,not_subscribed,SE,101,2,1,0,0.047633333333333333,0,0,0,0
20260928,UCSes4X8uDrpc4X46hJKjejg,pWCQrmx8beo,on_demand,not_subscribed,ES,104,5,1,0,0.052833333333333336,0,0,0,0
20260928,UCSes4X8uDrpc4X46hJKjejg,76C3tiEILWw,on_demand,not_subscribed,US,104,4,2,1,2.24,134.4,102.59541984732824,0,0
20260928,UCSes4X8uDrpc4X46hJKjejg,-CjQjOd2JEA,on_demand,not_subscribed,DO,101,2,3,0,0.10611666666666666,0,0,0,0
20260928,UCSes4X8uDrpc4X46hJKjejg,gmPsKXt4foY,on_demand,not_subscribed,UG,104,4,1,0,0.04,0,0,0,0
20260928,UCSes4X8uDrpc4X46hJKjejg,yqQ_QnY4_XU,on_demand,not_subscribed,CA,104,5,28,19,12.913483333333334,40.717315789473687,86.632586786114217,7,3.3673333333333333
20260928,UCSes4X8uDrpc4X46hJKjejg,gmPsKXt4foY,on_demand,not_subscribed,UA,104,4,1,1,0.59,35.4,78.666666666666671,0,0
20260928,UCSes4X8uDrpc4X46hJKjejg,FIPueBGagWs,on_demand,not_subscribed,US,104,4,6,1,0.485,10.5,0.2824858757062147,0,0
20260928,UCSes4X8uDrpc4X46hJKjejg,U16slPfq10o,on_demand,not_subscribed,TR,105,4,1,1,0.61166666666666669,36.7,54.776119402985074,1,0.61166666666666669
20260928,UCSes4X8uDrpc4X46hJKjejg,KWIVBbqRwZ8,on_demand,not_subscribed,AU,105,5,1,1,0.26833333333333331,16.1,44.722222222222221,0,0
20260928,UCSes4X8uDrpc4X46hJKjejg,6ljakZEWb0o,on_demand,not_subscribed,KR,101,9,1,0,0.048833333333333333,0,0,1,0.048833333333333333
20260928,UCSes4X8uDrpc4X46hJKjejg,Uo7rmLN6ANk,on_demand,not_subscribed,US,101,2,1,0,0.013533333333333333,0,0,0,0
20260928,UCSes4X8uDrpc4X46hJKjejg,e7CxdG8sNlA,on_demand,not_subscribed,US,102,1,1,0,0.016783333333333334,0,0,0,0
20260928,UCSes4X8uDrpc4X46hJKjejg,18S1GBfKaIo,on_demand,not_subscribed,DE,101,2,1,1,16.850733333333334,1011.044,31.437935323383083,0,0
20260928,UCSes4X8uDrpc4X46hJKjejg,59M8g_I818w,on_demand,not_subscribed,US,104,5,2,1,0.97566666666666668,54.1,96.607142857142861,0,0
20260928,UCSes4X8uDrpc4X46hJKjejg,gTMjT4y5LHE,on_demand,not_subscribed,FR,104,5,8,4,2.2179666666666669,30.9975,6.2747975708502022,0,0
20260928,UCSes4X8uDrpc4X46hJKjejg,yqQ_QnY4_XU,on_demand,not_subscribed,IN,104,5,1,0,0.05566666666666667,0,0,0,0
20260928,UCSes4X8uDrpc4X46hJKjejg,6ljakZEWb0o,on_demand,subscribed,US,103,17,2,2,30.218233333333334,906.547,32.810242490047052,0,0
20260928,UCSes4X8uDrpc4X46hJKjejg,-CjQjOd2JEA,on_demand,not_subscribed,US,102,21,1,1,4.704016666666667,282.241,99.731802120141339,0,0
20260928,UCSes4X8uDrpc4X46hJKjejg,6ljakZEWb0o,on_demand,subscribed,IT,101,9,1,0,0.062033333333333336,0,0,0,0
20260928,UCSes4X8uDrpc4X46hJKjejg,0JHD_pApR7w,on_demand,not_subscribed,US,102,4,2,1,1.2384833333333334,74.309,107.69420289855073,0,0
20260928,UCSes4X8uDrpc4X46hJKjejg,lJGV7X5oOg0,on_demand,not_subscribed,PH,104,4,3,1,1.035,61.1,190.9375,0,0
20260928,UCSes4X8uDrpc4X46hJKjejg,iOURk-GhPG0,on_demand,not_subscribed,US,105,5,5,2,1.0971666666666666,32.235,111.15517241379311,0,0
20260928,UCSes4X8uDrpc4X46hJKjejg,gmPsKXt4foY,on_demand,not_subscribed,US,102,26,7,3,1.8409,35.858333333333334,79.68518518518519,0,0
20260928,UCSes4X8uDrpc4X46hJKjejg,op6JvrFdWrY,on_demand,not_subscribed,CA,104,5,17,7,3.6938333333333335,31.165714285714284,129.85714285714286,5,1.5733333333333333
20260928,UCSes4X8uDrpc4X46hJKjejg,Rl73WZoqKzE,on_demand,not_subscribed,ZA,104,4,1,1,0.013333333333333334,0.8,0.13422818791946309,0,0
20260928,UCSes4X8uDrpc4X46hJKjejg,OGOmzWG_ThE,on_demand,not_subscribed,ES,104,5,1,0,0.0105,0,0,0,0
20260928,UCSes4X8uDrpc4X46hJKjejg,YWmM-Tkjmvo,on_demand,not_subscribed,US,102,4,3,3,10.036316666666666,200.72633333333332,69.696643518518513,1,4.79135
20260928,UCSes4X8uDrpc4X46hJKjejg,2n5LJUyMtAk,on_demand,not_subscribed,US,105,5,24,22,90.93298333333334,247.93977272727273,49.096984698469846,6,22.844666666666665
20260928,UCSes4X8uDrpc4X46hJKjejg,-CjQjOd2JEA,on_demand,subscribed,GB,104,4,2,1,2.7302666666666666,159.316,56.295406360424032,0,0
20260928,UCSes4X8uDrpc4X46hJKjejg,gmPsKXt4foY,on_demand,not_subscribed,US,102,12,3,3,2.1649,43.298,96.217777777777783,2,1.4489
20260928,UCSes4X8uDrpc4X46hJKjejg,rq61MdGS0U4,on_demand,not_subscribed,US,103,10,3,0,0.25971666666666665,0,0,0,0
20260928,UCSes4X8uDrpc4X46hJKjejg,gTMjT4y5LHE,on_demand,not_subscribed,GB,104,4,16,6,12.44225,122.08916666666666,24.71440620782726,1,0.030583333333333334
20260928,UCSes4X8uDrpc4X46hJKjejg,YWmM-Tkjmvo,on_demand,not_subscribed,AL,104,4,2,1,4.3866666666666667,263.2,91.388888888888886,0,0
20260928,UCSes4X8uDrpc4X46hJKjejg,FCAC9ZyPn_4,on_demand,not_subscribed,IL,101,2,1,0,0.044333333333333336,0,0,0,0
20260928,UCSes4X8uDrpc4X46hJKjejg,gTMjT4y5LHE,on_demand,subscribed,MK,104,4,1,0,0.0016666666666666668,0,0,0,0
20260928,UCSes4X8uDrpc4X46hJKjejg,oujDWGTay-Q,on_demand,not_subscribed,US,101,9,6,3,5.37185,107.437,143.24933333333334,0,0
20260928,UCSes4X8uDrpc4X46hJKjejg,0b8eta7f8mY,on_demand,not_subscribed,CA,101,2,1,1,0.61365,36.819,6.9865275142314989,0,0
20260928,UCSes4X8uDrpc4X46hJKjejg,MpDNI6Cv1nw,on_demand,not_subscribed,PH,101,2,1,0,0.0387,0,0,0,0
20260928,UCSes4X8uDrpc4X46hJKjejg,5UEhfpivkPo,on_demand,subscribed,HK,104,5,2,1,0.4795,28.77,102.75,2,0.4795
20260928,UCSes4X8uDrpc4X46hJKjejg,gTMjT4y5LHE,on_demand,subscribed,AU,104,5,2,0,0.049833333333333334,0,0,0,0
20260928,UCSes4X8uDrpc4X46hJKjejg,KWIVBbqRwZ8,on_demand,not_subscribed,FR,104,5,2,1,0.59483333333333333,35.69,99.138888888888886,0,0
20260928,UCSes4X8uDrpc4X46hJKjejg,0b8eta7f8mY,on_demand,not_subscribed,IN,101,2,1,1,0.3029,18.174,3.4485768500948768,0,0
20260928,UCSes4X8uDrpc4X46hJKjejg,YHtB62qU1r8,on_demand,not_subscribed,HK,101,9,3,1,8.3383666666666674,498.429,106.04872340425531,0,0
20260928,UCSes4X8uDrpc4X46hJKjejg,YHtB62qU1r8,on_demand,not_subscribed,SI,104,4,1,1,2.5416666666666665,152.5,32.4468085106383,0,0
20260928,UCSes4X8uDrpc4X46hJKjejg,HtZ8tDkeGJY,on_demand,not_subscribed,US,104,4,52,25,16.716583333333332,38.9118,65.952203389830515,6,1.8699999999999997
20260928,UCSes4X8uDrpc4X46hJKjejg,dKoSQ-63gP4,on_demand,subscribed,US,102,29,3,2,3.4518666666666666,101.193,16.616256157635469,0,0
20260928,UCSes4X8uDrpc4X46hJKjejg,-CjQjOd2JEA,on_demand,not_subscribed,CO,104,5,1,0,0.0105,0,0,0,0
20260928,UCSes4X8uDrpc4X46hJKjejg,2n5LJUyMtAk,on_demand,not_subscribed,GB,101,9,1,0,0.040533333333333331,0,0,0,0
20260928,UCSes4X8uDrpc4X46hJKjejg,dKoSQ-63gP4,on_demand,not_subscribed,BR,102,19,1,1,0.3673,22.038,3.6187192118226603,1,0.3673
20260928,UCSes4X8uDrpc4X46hJKjejg,JZgusHsQ0l4,on_demand,not_subscribed,UG,101,2,1,1,0.090916666666666673,5.455,10.490384615384615,0,0
20260928,UCSes4X8uDrpc4X46hJKjejg,-CjQjOd2JEA,on_demand,not_subscribed,DE,102,29,1,1,0.66608333333333336,39.965,14.121908127208481,1,0.66608333333333336
20260928,UCSes4X8uDrpc4X46hJKjejg,JZgusHsQ0l4,on_demand,not_subscribed,UA,101,2,3,1,0.8858166666666667,52.805,101.54807692307692,0,0
20260928,UCSes4X8uDrpc4X46hJKjejg,-CjQjOd2JEA,on_demand,not_subscribed,UA,105,5,1,1,3.6043333333333334,216.26,76.416961130742052,1,3.6043333333333334
20260928,UCSes4X8uDrpc4X46hJKjejg,gmPsKXt4foY,on_demand,not_subscribed,TR,104,5,1,0,0.030166666666666668,0,0,1,0.030166666666666668
20260928,UCSes4X8uDrpc4X46hJKjejg,BeZUS-lZ4qs,on_demand,subscribed,DE,104,4,1,0,0.0016666666666666668,0,0,0,0
20260928,UCSes4X8uDrpc4X46hJKjejg,yXI5JzLdcwk,on_demand,not_subscribed,US,105,5,5,2,2.8548333333333331,85.2,106.5,0,0
20260928,UCSes4X8uDrpc4X46hJKjejg,BIdUjN5_mdA,on_demand,not_subscribed,US,104,4,1,0,0.0033333333333333335,0,0,0,0
20260928,UCSes4X8uDrpc4X46hJKjejg,gTMjT4y5LHE,on_demand,not_subscribed,PT,101,9,3,2,10.0019,299.838,60.695951417004046,3,10.001900000000001
20260928,UCSes4X8uDrpc4X46hJKjejg,JZgusHsQ0l4,on_demand,not_subscribed,TH,102,12,1,1,0.3847,23.082,44.388461538461542,1,0.3847
20260928,UCSes4X8uDrpc4X46hJKjejg,PuCvi4AuYdo,on_demand,not_subscribed,US,104,5,1,1,0.19716666666666666,11.83,23.196078431372548,0,0
20260928,UCSes4X8uDrpc4X46hJKjejg,iOURk-GhPG0,on_demand,not_subscribed,CA,104,4,1,1,0.1,6,20.689655172413794,0,0
20260928,UCSes4X8uDrpc4X46hJKjejg,ID5K-VWCXew,on_demand,not_subscribed,US,104,4,22,10,6.2927333333333335,36.934,123.11333333333333,0,0
20260928,UCSes4X8uDrpc4X46hJKjejg,-5W-IHpVhiI,on_demand,not_subscribed,US,104,4,1,1,0.065,3.9,3.12,0,0
20260928,UCSes4X8uDrpc4X46hJKjejg,Mrjky6bXwm4,on_demand,not_subscribed,US,101,2,3,2,0.35586666666666666,9.224,8.4623853211009177,0,0
20260928,UCSes4X8uDrpc4X46hJKjejg,iOURk-GhPG0,on_demand,not_subscribed,AE,105,5,2,1,0.57366666666666666,34.42,118.68965517241379,0,0
20260928,UCSes4X8uDrpc4X46hJKjejg,0b8eta7f8mY,on_demand,not_subscribed,BS,104,5,2,2,7.6261666666666663,228.785,43.41271347248577,0,0
20260928,UCSes4X8uDrpc4X46hJKjejg,KWIVBbqRwZ8,on_demand,not_subscribed,GB,104,4,3,1,0.615,36.4,101.11111111111111,0,0
20260928,UCSes4X8uDrpc4X46hJKjejg,iOURk-GhPG0,on_demand,not_subscribed,IN,104,4,1,1,0.34778333333333333,20.867,71.955172413793107,0,0
20260928,UCSes4X8uDrpc4X46hJKjejg,YHtB62qU1r8,on_demand,not_subscribed,ZW,101,2,2,0,0.0047,0,0,0,0
20260928,UCSes4X8uDrpc4X46hJKjejg,2n5LJUyMtAk,on_demand,not_subscribed,CA,104,4,13,1,5.0135666666666667,274.9,54.435643564356432,0,0
20260928,UCSes4X8uDrpc4X46hJKjejg,6ljakZEWb0o,on_demand,not_subscribed,CA,104,5,17,5,7.6181166666666664,86.2514,3.1216576185305827,1,0.090333333333333335
20260928,UCSes4X8uDrpc4X46hJKjejg,dKoSQ-63gP4,on_demand,subscribed,JM,102,29,1,1,1.6209833333333334,97.259,15.970279146141214,0,0
20260928,UCSes4X8uDrpc4X46hJKjejg,fAZy3HtHBzA,on_demand,not_subscribed,US,101,2,52,25,13.3426,31.05144,97.03575,5,0.83235
20260928,UCSes4X8uDrpc4X46hJKjejg,iOURk-GhPG0,on_demand,not_subscribed,UZ,104,4,5,2,1.8463333333333334,55.39,191,0,0
20260928,UCSes4X8uDrpc4X46hJKjejg,gmPsKXt4foY,on_demand,not_subscribed,CA,101,9,3,2,1.662,49.86,110.8,0,0
20260928,UCSes4X8uDrpc4X46hJKjejg,iOURk-GhPG0,on_demand,not_subscribed,MD,105,4,1,0,0.016666666666666666,0,0,0,0
20260928,UCSes4X8uDrpc4X46hJKjejg,do4cUugrzEw,on_demand,not_subscribed,CA,102,31,1,1,0.96226666666666671,57.736,97.857627118644061,0,0
20260928,UCSes4X8uDrpc4X46hJKjejg,2n5LJUyMtAk,on_demand,not_subscribed,IN,104,4,1,0,0.043333333333333335,0,0,0,0
20260928,UCSes4X8uDrpc4X46hJKjejg,KWIVBbqRwZ8,on_demand,subscribed,AU,104,5,1,0,0.032833333333333332,0,0,0,0
20260928,UCSes4X8uDrpc4X46hJKjejg,ze7OyP5UN9w,on_demand,subscribed,US,104,4,3,2,0.16,4.2,6.1764705882352944,0,0
20260928,UCSes4X8uDrpc4X46hJKjejg,5GYyKcjXNN0,on_demand,not_subscribed,PH,104,5,1,1,0.43833333333333335,26.3,32.469135802469133,1,0.43833333333333335
20260928,UCSes4X8uDrpc4X46hJKjejg,0ipk1CRDgH0,on_demand,not_subscribed,CA,104,5,1,0,0.10466666666666667,0,0,0,0
20260928,UCSes4X8uDrpc4X46hJKjejg,JZgusHsQ0l4,on_demand,not_subscribed,BR,101,2,4,1,0.97725,58.053,111.64038461538462,2,0.96755
20260928,UCSes4X8uDrpc4X46hJKjejg,WAYYE5BMG6c,on_demand,not_subscribed,US,102,4,2,2,3.0589166666666667,91.7675,4.8349578503688093,1,2.5832166666666665
20260928,UCSes4X8uDrpc4X46hJKjejg,wb2ebOkk2gE,on_demand,not_subscribed,US,104,5,1,0,0.0175,0,0,0,0
20260928,UCSes4X8uDrpc4X46hJKjejg,Rl73WZoqKzE,on_demand,not_subscribed,US,102,4,11,9,14.5282,95.110111111111109,15.958072334079045,2,4.64245
20260928,UCSes4X8uDrpc4X46hJKjejg,iOURk-GhPG0,on_demand,subscribed,US,104,5,15,9,4.011166666666667,26.197777777777777,90.337164750957854,1,0.44666666666666666
20260928,UCSes4X8uDrpc4X46hJKjejg,op6JvrFdWrY,on_demand,subscribed,CA,105,5,6,2,1.8453166666666667,55.3595,230.66458333333333,0,0
20260928,UCSes4X8uDrpc4X46hJKjejg,QLFDB2t734A,on_demand,not_subscribed,NG,104,5,1,0,0.056166666666666663,0,0,0,0
20260928,UCSes4X8uDrpc4X46hJKjejg,gTMjT4y5LHE,on_demand,not_subscribed,CI,104,4,1,1,1.8183333333333334,109.1,22.085020242914979,0,0
20260928,UCSes4X8uDrpc4X46hJKjejg,Rl73WZoqKzE,on_demand,subscribed,NZ,104,4,1,0,0.063333333333333339,0,0,0,0
20260928,UCSes4X8uDrpc4X46hJKjejg,2n5LJUyMtAk,on_demand,subscribed,US,104,5,78,33,191.14581666666666,344.58139393939393,68.2339393939394,10,63.102666666666664
20260928,UCSes4X8uDrpc4X46hJKjejg,gTMjT4y5LHE,on_demand,not_subscribed,DE,104,4,2,0,0.048333333333333332,0,0,0,0
20260928,UCSes4X8uDrpc4X46hJKjejg,p5XiosuCXB8,on_demand,not_subscribed,CA,104,5,1,0,0.019166666666666665,0,0,0,0
20260928,UCSes4X8uDrpc4X46hJKjejg,QUD-7qlFQUs,on_demand,not_subscribed,TW,104,5,2,1,0.38533333333333336,22.91,41.654545454545456,0,0
20260928,UCSes4X8uDrpc4X46hJKjejg,WAYYE5BMG6c,on_demand,not_subscribed,PH,101,9,1,0,0.019916666666666666,0,0,0,0
20260928,UCSes4X8uDrpc4X46hJKjejg,gTMjT4y5LHE,on_demand,not_subscribed,ES,104,5,2,0,0.1809,0,0,0,0
20260928,UCSes4X8uDrpc4X46hJKjejg,-CjQjOd2JEA,on_demand,not_subscribed,CA,102,28,1,1,0.9034,54.204,19.153356890459364,1,0.9034
20260928,UCSes4X8uDrpc4X46hJKjejg,BeZUS-lZ4qs,on_demand,not_subscribed,RO,104,4,1,0,0.05,0,0,0,0
20260928,UCSes4X8uDrpc4X46hJKjejg,sggGghEhkSw,on_demand,not_subscribed,US,104,4,2,1,0.445,24.5,37.121212121212125,0,0
20260928,UCSes4X8uDrpc4X46hJKjejg,MEHDJ9V-lIk,on_demand,not_subscribed,PH,101,1,2,0,0.021666666666666667,0,0,0,0
20260928,UCSes4X8uDrpc4X46hJKjejg,HCZIc9OVy1o,on_demand,not_subscribed,US,104,5,3,2,2.1655,62.775,2.1587001375515817,2,2.0925
20260928,UCSes4X8uDrpc4X46hJKjejg,zxka0rRvmaU,on_demand,not_subscribed,US,101,9,1,0,0.00365,0,0,0,0
20260928,UCSes4X8uDrpc4X46hJKjejg,l5M2ICRhyEA,on_demand,not_subscribed,PH,101,2,11,2,1.0258666666666667,21.7705,65.971212121212119,2,0.121
20260928,UCSes4X8uDrpc4X46hJKjejg,JZgusHsQ0l4,on_demand,not_subscribed,US,102,29,4,3,0.9710833333333333,19.421666666666667,37.349358974358971,0,0
20260928,UCSes4X8uDrpc4X46hJKjejg,0JHD_pApR7w,on_demand,not_subscribed,US,104,4,15,7,6,49,71.014492753623188,4,2.6399999999999997
20260928,UCSes4X8uDrpc4X46hJKjejg,rq61MdGS0U4,on_demand,not_subscribed,US,101,2,4,2,0.9794,26.2345,4.61875,0,0
20260928,UCSes4X8uDrpc4X46hJKjejg,po8YrSQivoM,on_demand,not_subscribed,TT,102,29,1,1,24.012033333333335,1440.722,41.979079254079252,0,0
20260928,UCSes4X8uDrpc4X46hJKjejg,eda5b-pIz_w,on_demand,subscribed,US,104,5,1,1,0.0105,0.63,0.84,0,0
20260928,UCSes4X8uDrpc4X46hJKjejg,HwOvrm15VKI,on_demand,not_subscribed,US,104,4,1,1,0.69833333333333336,41.9,74.821428571428569,0,0
20260928,UCSes4X8uDrpc4X46hJKjejg,-CjQjOd2JEA,on_demand,not_subscribed,CA,102,26,2,0,0.18858333333333333,0,0,1,0.097883333333333336
20260928,UCSes4X8uDrpc4X46hJKjejg,k_Qt4Ilp70c,on_demand,not_subscribed,BR,104,4,2,0,0.063333333333333339,0,0,0,0
20260928,UCSes4X8uDrpc4X46hJKjejg,gTMjT4y5LHE,on_demand,not_subscribed,LT,104,4,2,0,0.021666666666666667,0,0,0,0
20260928,UCSes4X8uDrpc4X46hJKjejg,unimgWGUpHM,on_demand,not_subscribed,GB,104,5,4,2,1.6576666666666666,49.73,118.4047619047619,0,0
20260928,UCSes4X8uDrpc4X46hJKjejg,7HuaEHVdk6c,on_demand,not_subscribed,US,104,4,3,3,4.49655,89.931,87.3116504854369,0,0
20260928,UCSes4X8uDrpc4X46hJKjejg,5GYyKcjXNN0,on_demand,not_subscribed,AU,104,5,5,4,3.232,48.48,59.851851851851855,0,0
20260928,UCSes4X8uDrpc4X46hJKjejg,Ox7Rrh40O2o,on_demand,not_subscribed,MY,101,2,1,1,0.086,5.16,6.45,1,0.086
20260928,UCSes4X8uDrpc4X46hJKjejg,YHtB62qU1r8,on_demand,not_subscribed,CA,102,26,3,3,6.9480166666666667,138.96033333333332,29.566028368794328,1,0.20385
20260928,UCSes4X8uDrpc4X46hJKjejg,JZgusHsQ0l4,on_demand,not_subscribed,IR,104,5,3,1,0.87866666666666671,51.62,99.269230769230774,0,0
20260928,UCSes4X8uDrpc4X46hJKjejg,M-M22Ac4CRE,on_demand,not_subscribed,US,104,5,105,36,27.458,43.757805555555557,132.59941077441079,16,6.1738333333333335
20260928,UCSes4X8uDrpc4X46hJKjejg,1Vs6b9DRFto,on_demand,not_subscribed,US,101,9,1,1,0.075016666666666662,4.501,1.3199413489736069,0,0
20260928,UCSes4X8uDrpc4X46hJKjejg,XxNpGT_I6mk,on_demand,not_subscribed,US,104,4,25,9,3.7516666666666665,23.422222222222224,70.976430976430976,3,0.55333333333333334
20260928,UCSes4X8uDrpc4X46hJKjejg,-CjQjOd2JEA,on_demand,not_subscribed,CA,102,12,1,1,4.704366666666667,282.262,99.739222614840983,0,0
20260928,UCSes4X8uDrpc4X46hJKjejg,MEHDJ9V-lIk,on_demand,subscribed,US,101,2,4,1,23.60975,1415.847,68.730436893203887,0,0
20260928,UCSes4X8uDrpc4X46hJKjejg,yXI5JzLdcwk,on_demand,subscribed,US,104,5,2,1,2.188,131.28,164.1,0,0
20260928,UCSes4X8uDrpc4X46hJKjejg,gmPsKXt4foY,on_demand,not_subscribed,PH,104,5,1,1,0.40833333333333333,24.5,54.444444444444443,1,0.40833333333333333
20260928,UCSes4X8uDrpc4X46hJKjejg,yPppbvdaO98,on_demand,not_subscribed,US,104,5,3,1,0.8695,51.49,111.93478260869566,3,0.8695
20260928,UCSes4X8uDrpc4X46hJKjejg,LzBT_ftAo90,on_demand,not_subscribed,US,104,4,3,1,1.7033333333333334,100.1,110,0,0
20260928,UCSes4X8uDrpc4X46hJKjejg,YHtB62qU1r8,on_demand,not_subscribed,CA,102,12,1,1,0.66731666666666667,40.039,8.5189361702127666,0,0
20260928,UCSes4X8uDrpc4X46hJKjejg,gTMjT4y5LHE,on_demand,not_subscribed,CH,104,5,4,0,0.094966666666666671,0,0,0,0
20260928,UCSes4X8uDrpc4X46hJKjejg,OG1-VxzclcA,on_demand,not_subscribed,US,104,5,3,1,0.97566666666666668,57.74,134.27906976744185,0,0
20260928,UCSes4X8uDrpc4X46hJKjejg,iOURk-GhPG0,on_demand,subscribed,CA,105,4,2,1,0.51,30.6,105.51724137931035,0,0
20260928,UCSes4X8uDrpc4X46hJKjejg,zxka0rRvmaU,on_demand,not_subscribed,TR,105,4,1,1,0.69166666666666665,41.5,88.297872340425528,1,0.69166666666666665
20260928,UCSes4X8uDrpc4X46hJKjejg,dgP0I7rPTlU,on_demand,not_subscribed,HK,105,5,2,1,0.49816666666666665,29.89,103.06896551724138,0,0
20260928,UCSes4X8uDrpc4X46hJKjejg,WAYYE5BMG6c,on_demand,subscribed,IE,104,5,1,0,0.060166666666666667,0,0,0,0
20260928,UCSes4X8uDrpc4X46hJKjejg,KWIVBbqRwZ8,on_demand,not_subscribed,DE,104,4,2,1,0.59833333333333338,35.9,99.722222222222229,0,0
20260928,UCSes4X8uDrpc4X46hJKjejg,kHqq0RR6dHE,on_demand,not_subscribed,US,101,30,1,1,12.19605,731.763,73.47018072289157,0,0
20260928,UCSes4X8uDrpc4X46hJKjejg,apguqLi-hhk,on_demand,not_subscribed,DE,104,4,1,1,10.206683333333334,612.401,99.902283849918433,0,0
20260928,UCSes4X8uDrpc4X46hJKjejg,gTMjT4y5LHE,on_demand,subscribed,AO,104,5,1,1,8.2336666666666662,494.02,100.00404858299595,0,0
20260928,UCSes4X8uDrpc4X46hJKjejg,KWIVBbqRwZ8,on_demand,not_subscribed,ES,104,5,1,1,0.162,9.72,27,0,0
20260928,UCSes4X8uDrpc4X46hJKjejg,0b8eta7f8mY,on_demand,not_subscribed,US,102,26,4,2,9.2525666666666666,275.3915,52.256451612903227,1,0.048933333333333336
20260928,UCSes4X8uDrpc4X46hJKjejg,6ljakZEWb0o,on_demand,subscribed,CA,105,5,1,1,0.572,34.32,1.2421281216069491,0,0
20260928,UCSes4X8uDrpc4X46hJKjejg,R1PGLsRyKDw,on_demand,not_subscribed,IE,104,4,1,0,0.055,0,0,0,0
20260928,UCSes4X8uDrpc4X46hJKjejg,dKoSQ-63gP4,on_demand,not_subscribed,GB,101,2,2,0,0.054283333333333336,0,0,0,0
20260928,UCSes4X8uDrpc4X46hJKjejg,l5M2ICRhyEA,on_demand,not_subscribed,US,101,1,1,0,0.02015,0,0,0,0
20260928,UCSes4X8uDrpc4X46hJKjejg,MaurflLy1CQ,on_demand,not_subscribed,US,101,9,1,0,0.11106666666666666,0,0,0,0
20260928,UCSes4X8uDrpc4X46hJKjejg,unimgWGUpHM,on_demand,subscribed,KR,105,4,1,1,0.7,42,100,0,0
20260928,UCSes4X8uDrpc4X46hJKjejg,HwWx5nhjCx8,on_demand,not_subscribed,US,104,5,18,6,43.803,431.366,41.43765609990394,1,5.6641666666666666
20260928,UCSes4X8uDrpc4X46hJKjejg,gTMjT4y5LHE,on_demand,not_subscribed,RS,104,4,4,1,8.1833333333333336,489.2,99.02834008097166,1,8.1533333333333342
20260928,UCSes4X8uDrpc4X46hJKjejg,FCAC9ZyPn_4,on_demand,not_subscribed,ID,101,2,1,1,0.90766666666666662,54.46,12.377272727272727,0,0
20260928,UCSes4X8uDrpc4X46hJKjejg,0b8eta7f8mY,on_demand,not_subscribed,US,102,12,4,2,1.0249333333333333,25.5255,4.8435483870967744,2,0.17408333333333334
20260928,UCSes4X8uDrpc4X46hJKjejg,l5M2ICRhyEA,on_demand,not_subscribed,AU,101,2,4,1,0.14236666666666667,1.968,5.9636363636363638,1,0.0328
20260928,UCSes4X8uDrpc4X46hJKjejg,0b8eta7f8mY,on_demand,not_subscribed,BR,104,4,1,1,0.24833333333333332,14.9,2.827324478178368,0,0
20260928,UCSes4X8uDrpc4X46hJKjejg,6ljakZEWb0o,on_demand,not_subscribed,SE,101,9,1,1,0.27138333333333331,16.283,0.58932319942091926,0,0
20260928,UCSes4X8uDrpc4X46hJKjejg,-CjQjOd2JEA,on_demand,subscribed,BR,104,5,1,1,4.7038333333333338,282.23,99.7279151943463,1,4.7038333333333338
20260928,UCSes4X8uDrpc4X46hJKjejg,eu62r4NZQ3Q,on_demand,not_subscribed,DE,104,4,4,1,3.015,174.1,86.616915422885569,0,0
20260928,UCSes4X8uDrpc4X46hJKjejg,TTR49BKResM,on_demand,not_subscribed,US,104,5,1,1,0.21033333333333334,12.62,31.55,0,0
20260928,UCSes4X8uDrpc4X46hJKjejg,e7CxdG8sNlA,on_demand,not_subscribed,US,101,30,1,0,0.0035166666666666666,0,0,0,0
20260928,UCSes4X8uDrpc4X46hJKjejg,JZgusHsQ0l4,on_demand,subscribed,US,104,4,8,2,1.125,32.75,62.980769230769234,1,0.19
20260928,UCSes4X8uDrpc4X46hJKjejg,5WC7gUC932A,on_demand,not_subscribed,US,101,2,3,2,2.6093666666666668,78.281,52.892567567567568,1,0.12135
20260928,UCSes4X8uDrpc4X46hJKjejg,gTMjT4y5LHE,on_demand,not_subscribed,BR,104,5,1,0,0.0525,0,0,0,0
20260928,UCSes4X8uDrpc4X46hJKjejg,-CjQjOd2JEA,on_demand,not_subscribed,RW,101,2,3,1,4.9750833333333331,297.05,104.96466431095406,0,0
20260928,UCSes4X8uDrpc4X46hJKjejg,Rl73WZoqKzE,on_demand,subscribed,GY,104,4,1,1,6.2666666666666666,376,63.087248322147651,0,0
20260928,UCSes4X8uDrpc4X46hJKjejg,k_Qt4Ilp70c,on_demand,not_subscribed,CA,101,9,2,2,9.9687666666666672,299.063,51.034641638225253,0,0
20260928,UCSes4X8uDrpc4X46hJKjejg,FC36sHokYnk,on_demand,not_subscribed,CA,102,26,1,1,1.69935,101.961,18.40451263537906,1,1.69935
20260928,UCSes4X8uDrpc4X46hJKjejg,0TDhWq6S65A,on_demand,not_subscribed,US,102,26,2,1,0.6716,38.338,10.009921671018276,0,0
20260928,UCSes4X8uDrpc4X46hJKjejg,MEHDJ9V-lIk,on_demand,not_subscribed,US,102,19,16,9,95.7695,636.99311111111115,30.921995685005395,3,26.110899999999997
20260928,UCSes4X8uDrpc4X46hJKjejg,J39ahAPa8Ng,on_demand,not_subscribed,US,101,2,8,5,2.4598166666666668,28.5896,57.1792,0,0
20260928,UCSes4X8uDrpc4X46hJKjejg,tvcu9WeDJD4,on_demand,not_subscribed,US,104,4,3,0,0.045266666666666663,0,0,0,0
20260928,UCSes4X8uDrpc4X46hJKjejg,BeZUS-lZ4qs,on_demand,not_subscribed,BE,101,2,1,1,46.274933333333337,2776.496,89.62220787604906,0,0
20260928,UCSes4X8uDrpc4X46hJKjejg,ABlbRTTk1ek,on_demand,not_subscribed,SI,104,4,2,0,0.02,0,0,0,0
20260928,UCSes4X8uDrpc4X46hJKjejg,HVLl_aTeQTE,on_demand,subscribed,US,104,4,2,0,0.036666666666666667,0,0,0,0
20260928,UCSes4X8uDrpc4X46hJKjejg,2n5LJUyMtAk,on_demand,subscribed,CA,102,29,1,1,4.594033333333333,275.642,54.58257425742574,0,0
20260928,UCSes4X8uDrpc4X46hJKjejg,JoHK3Z-nc9s,on_demand,not_subscribed,US,104,5,1,1,0.58116666666666672,34.87,3.6860465116279069,0,0
20260928,UCSes4X8uDrpc4X46hJKjejg,6C69Z_OCe4c,on_demand,not_subscribed,GB,104,4,1,1,0.99833333333333329,59.9,99.833333333333329,0,0
20260928,UCSes4X8uDrpc4X46hJKjejg,pWCQrmx8beo,on_demand,not_subscribed,GR,104,4,2,2,45.206666666666663,1356.2,45.086436170212764,2,45.206666666666663
20260928,UCSes4X8uDrpc4X46hJKjejg,gmPsKXt4foY,on_demand,not_subscribed,MK,104,4,4,2,1.665,49.95,111,0,0
20260928,UCSes4X8uDrpc4X46hJKjejg,KWIVBbqRwZ8,on_demand,not_subscribed,CH,104,5,1,1,0.37266666666666665,22.36,62.111111111111114,0,0
20260928,UCSes4X8uDrpc4X46hJKjejg,0TDhWq6S65A,on_demand,not_subscribed,US,102,12,1,0,0.0482,0,0,0,0
20260928,UCSes4X8uDrpc4X46hJKjejg,A7YpyzGt_6c,on_demand,not_subscribed,GY,102,4,1,1,0.08876666666666666,5.326,0.098084714548802951,0,0
20260928,UCSes4X8uDrpc4X46hJKjejg,Y8VmQ0NuFhs,on_demand,not_subscribed,US,102,29,2,2,4.8778333333333332,146.335,40.761838440111418,1,4.7837333333333332
20260928,UCSes4X8uDrpc4X46hJKjejg,gmPsKXt4foY,on_demand,not_subscribed,AU,104,5,11,6,4.335,42.711666666666666,94.914814814814818,5,2.0928333333333335
20260928,UCSes4X8uDrpc4X46hJKjejg,OGOmzWG_ThE,on_demand,not_subscribed,IT,104,4,1,0,0.03,0,0,0,0
20260928,UCSes4X8uDrpc4X46hJKjejg,itfxfmA1F64,on_demand,not_subscribed,US,101,2,1,1,0.84943333333333337,50.966,65.341025641025638,1,0.84943333333333337
20260928,UCSes4X8uDrpc4X46hJKjejg,HyxaS1l0qrg,on_demand,not_subscribed,US,104,5,1,0,0.013166666666666667,0,0,0,0
20260928,UCSes4X8uDrpc4X46hJKjejg,DbNsygUVZUQ,on_demand,not_subscribed,UG,104,4,1,1,0.17166666666666666,10.3,16.612903225806452,0,0
20260928,UCSes4X8uDrpc4X46hJKjejg,WAYYE5BMG6c,on_demand,not_subscribed,US,104,4,25,9,69.958433333333332,461.65555555555551,24.323264254771104,1,11.23
20260928,UCSes4X8uDrpc4X46hJKjejg,ePdXtNfowRo,on_demand,not_subscribed,PH,101,2,1,1,8.39955,503.973,98.240350877192981,0,0
20260928,UCSes4X8uDrpc4X46hJKjejg,Fg65-8qGtiU,on_demand,not_subscribed,CA,105,5,1,1,0.1785,10.71,21.857142857142858,1,0.1785
20260928,UCSes4X8uDrpc4X46hJKjejg,dKoSQ-63gP4,on_demand,not_subscribed,GY,104,5,2,2,9.2316666666666674,276.95,45.476190476190474,0,0
20260928,UCSes4X8uDrpc4X46hJKjejg,Rl73WZoqKzE,on_demand,not_subscribed,US,104,4,65,25,104.8975,248.00072,41.610859060402682,5,22.209999999999997
20260928,UCSes4X8uDrpc4X46hJKjejg,l5M2ICRhyEA,on_demand,not_subscribed,ZA,104,4,3,2,0.625,18.75,56.81818181818182,0,0
20260928,UCSes4X8uDrpc4X46hJKjejg,-CjQjOd2JEA,on_demand,not_subscribed,TH,103,10,1,1,4.704016666666667,282.241,99.731802120141339,0,0
20260928,UCSes4X8uDrpc4X46hJKjejg,MfjNVJmMMqA,on_demand,not_subscribed,US,102,12,2,2,5.3899,161.697,49.906481481481478,2,5.3899
20260928,UCSes4X8uDrpc4X46hJKjejg,M-M22Ac4CRE,on_demand,not_subscribed,EC,101,2,1,0,0.008483333333333334,0,0,0,0
20260928,UCSes4X8uDrpc4X46hJKjejg,HCoVR49oGyM,on_demand,not_subscribed,AU,104,4,2,2,0.26156666666666667,7.847,2.1381471389645776,2,0.26156666666666667
20260928,UCSes4X8uDrpc4X46hJKjejg,IkDS7ZhVkA4,on_demand,not_subscribed,US,102,29,1,0,0.11968333333333334,0,0,0,0
20260928,UCSes4X8uDrpc4X46hJKjejg,gmPsKXt4foY,on_demand,subscribed,AR,104,4,2,1,1.095,65.7,146,2,1.095
20260928,UCSes4X8uDrpc4X46hJKjejg,unimgWGUpHM,on_demand,not_subscribed,DE,104,5,2,1,0.72983333333333333,43.79,104.26190476190476,2,0.72983333333333333
20260928,UCSes4X8uDrpc4X46hJKjejg,51IWPtaGV0A,on_demand,not_subscribed,US,105,5,1,1,6.8923666666666668,413.542,60.1078488372093,0,0
20260928,UCSes4X8uDrpc4X46hJKjejg,zxka0rRvmaU,on_demand,not_subscribed,ID,104,4,1,1,0.7,42,89.361702127659569,0,0
20260928,UCSes4X8uDrpc4X46hJKjejg,OV__mS_6Hbg,on_demand,not_subscribed,US,101,2,1,1,6.5096833333333333,390.581,99.892838874680308,0,0
20260928,UCSes4X8uDrpc4X46hJKjejg,8ajxcRVL7g4,on_demand,not_subscribed,US,101,2,2,0,0.0215,0,0,0,0
20260928,UCSes4X8uDrpc4X46hJKjejg,0b8eta7f8mY,on_demand,not_subscribed,CA,101,9,5,4,7.6030333333333333,113.39125,21.516366223908918,3,7.39025
20260928,UCSes4X8uDrpc4X46hJKjejg,MEHDJ9V-lIk,on_demand,not_subscribed,CN,101,9,1,0,0.0019,0,0,0,0
20260928,UCSes4X8uDrpc4X46hJKjejg,IkDS7ZhVkA4,on_demand,not_subscribed,UY,101,2,1,1,0.61125,36.675,1.5890381282495667,0,0
20260928,UCSes4X8uDrpc4X46hJKjejg,BeZUS-lZ4qs,on_demand,not_subscribed,KR,104,4,1,1,0.29706666666666665,17.824,0.57533892834086509,0,0
20260928,UCSes4X8uDrpc4X46hJKjejg,gmPsKXt4foY,on_demand,subscribed,PH,105,5,2,1,0.76066666666666671,45.64,101.42222222222222,2,0.76066666666666671
20260928,UCSes4X8uDrpc4X46hJKjejg,HwWx5nhjCx8,on_demand,not_subscribed,PL,104,4,1,0,0.15666666666666668,0,0,0,0
20260928,UCSes4X8uDrpc4X46hJKjejg,-CjQjOd2JEA,on_demand,not_subscribed,BE,101,2,4,3,8.9703,179.36233333333334,63.378916372202589,0,0
20260928,UCSes4X8uDrpc4X46hJKjejg,dKoSQ-63gP4,on_demand,not_subscribed,JP,104,5,1,1,7.372,442.32,72.630541871921181,0,0
20260928,UCSes4X8uDrpc4X46hJKjejg,n8fMP2cKrBc,on_demand,not_subscribed,NL,104,4,2,0,0.0346,0,0,0,0
20260928,UCSes4X8uDrpc4X46hJKjejg,gTMjT4y5LHE,on_demand,not_subscribed,AU,103,17,5,5,13.4398,161.2776,32.647287449392714,0,0
20260928,UCSes4X8uDrpc4X46hJKjejg,rq61MdGS0U4,on_demand,not_subscribed,BS,102,29,1,1,0.40368333333333334,24.221,4.2642605633802813,0,0
20260928,UCSes4X8uDrpc4X46hJKjejg,Rl73WZoqKzE,on_demand,not_subscribed,JM,104,4,1,0,0.005,0,0,0,0
20260928,UCSes4X8uDrpc4X46hJKjejg,dgP0I7rPTlU,on_demand,not_subscribed,US,101,2,14,4,2.1256,28.7225,99.043103448275858,2,0.54466666666666663
20260928,UCSes4X8uDrpc4X46hJKjejg,9KTImkryZKQ,on_demand,subscribed,CA,104,5,2,1,2.0781666666666667,124.69,141.69318181818181,0,0
20260928,UCSes4X8uDrpc4X46hJKjejg,sRIO-T5dRjA,on_demand,not_subscribed,US,103,10,2,2,0.40161666666666668,12.0485,43.030357142857142,0,0
20260928,UCSes4X8uDrpc4X46hJKjejg,HtZ8tDkeGJY,on_demand,not_subscribed,CA,101,1,1,0,0.019816666666666666,0,0,0,0
20260928,UCSes4X8uDrpc4X46hJKjejg,UgRtYy2X5oI,on_demand,subscribed,US,103,17,1,1,0.13328333333333334,7.997,1.9552567237163814,0,0
20260928,UCSes4X8uDrpc4X46hJKjejg,MEHDJ9V-lIk,on_demand,not_subscribed,PH,102,4,3,2,7.6611,229.7845,11.154587378640777,1,7.4452333333333334
20260928,UCSes4X8uDrpc4X46hJKjejg,QxkwRERjZgA,on_demand,not_subscribed,US,102,26,2,1,1.3151333333333333,78.908,136.04827586206898,0,0
20260928,UCSes4X8uDrpc4X46hJKjejg,YHtB62qU1r8,on_demand,not_subscribed,AU,102,31,1,0,0.064733333333333337,0,0,1,0.064733333333333337
20260928,UCSes4X8uDrpc4X46hJKjejg,fAZy3HtHBzA,on_demand,subscribed,BS,104,4,1,0,0,0,0,0,0
20260928,UCSes4X8uDrpc4X46hJKjejg,-8W7PIiwRYo,on_demand,not_subscribed,US,104,4,1,1,0.17,10.2,17.288135593220339,1,0.17
20260928,UCSes4X8uDrpc4X46hJKjejg,UvWPXkksqmM,on_demand,subscribed,JP,104,5,1,0,0.073,0,0,0,0
20260928,UCSes4X8uDrpc4X46hJKjejg,UvWPXkksqmM,on_demand,not_subscribed,US,104,5,76,28,161.82201666666666,342.85053571428574,51.790111135088473,7,50.474166666666669
20260928,UCSes4X8uDrpc4X46hJKjejg,6ljakZEWb0o,on_demand,not_subscribed,NZ,101,2,8,0,0.11858333333333333,0,0,0,0
20260928,UCSes4X8uDrpc4X46hJKjejg,EZ7WjfAU1MI,on_demand,not_subscribed,CA,104,5,1,0,0.014666666666666666,0,0,0,0
20260928,UCSes4X8uDrpc4X46hJKjejg,CxaOeEyfWXQ,on_demand,not_subscribed,US,104,5,3,2,0.29323333333333335,8.387,21.505128205128205,0,0
20260928,UCSes4X8uDrpc4X46hJKjejg,BeZUS-lZ4qs,on_demand,not_subscribed,TH,101,2,1,1,51.62768333333333,3097.661,99.9890574564235,0,0
20260928,UCSes4X8uDrpc4X46hJKjejg,Ppxt7uU9PRA,on_demand,not_subscribed,US,101,30,1,1,0.76816666666666666,46.09,65.842857142857142,0,0
20260928,UCSes4X8uDrpc4X46hJKjejg,tIFk16TQrU4,on_demand,not_subscribed,BD,104,5,1,1,0.5125,30.75,90.441176470588232,0,0
20260928,UCSes4X8uDrpc4X46hJKjejg,BeZUS-lZ4qs,on_demand,not_subscribed,SG,101,2,4,0,0.0044833333333333331,0,0,0,0
20260928,UCSes4X8uDrpc4X46hJKjejg,fAZy3HtHBzA,on_demand,not_subscribed,US,101,9,19,10,2.94745,16.6771,52.1159375,0,0
20260928,UCSes4X8uDrpc4X46hJKjejg,gL7l_L8da7c,on_demand,not_subscribed,GB,104,5,2,1,0.73233333333333328,43.94,107.17073170731707,0,0
20260928,UCSes4X8uDrpc4X46hJKjejg,5GYyKcjXNN0,on_demand,not_subscribed,US,102,21,1,1,0.30695,18.417,22.737037037037037,0,0
20260928,UCSes4X8uDrpc4X46hJKjejg,BeZUS-lZ4qs,on_demand,not_subscribed,GB,104,5,4,2,29.864516666666667,895.1005,28.892850225952227,0,0
20260928,UCSes4X8uDrpc4X46hJKjejg,M-M22Ac4CRE,on_demand,subscribed,IN,104,4,1,1,0.13333333333333333,8,24.242424242424242,1,0.13333333333333333
20260928,UCSes4X8uDrpc4X46hJKjejg,YHtB62qU1r8,on_demand,not_subscribed,KR,104,4,3,2,2.0849833333333332,62.1495,13.223297872340426,1,1.8
20260928,UCSes4X8uDrpc4X46hJKjejg,fAZy3HtHBzA,on_demand,subscribed,US,102,19,9,6,2.482,24.455166666666667,76.42239583333334,6,1.7330833333333333
20260928,UCSes4X8uDrpc4X46hJKjejg,WAYYE5BMG6c,on_demand,subscribed,FR,101,9,1,0,0.14515,0,0,0,0
20260928,UCSes4X8uDrpc4X46hJKjejg,gTMjT4y5LHE,on_demand,not_subscribed,IT,104,4,1,1,2.0666666666666669,124,25.101214574898787,0,0
20260928,UCSes4X8uDrpc4X46hJKjejg,fAZy3HtHBzA,on_demand,subscribed,NL,104,4,1,1,0.13333333333333333,8,25,0,0
20260928,UCSes4X8uDrpc4X46hJKjejg,l5M2ICRhyEA,on_demand,not_subscribed,US,102,4,5,3,1.6672833333333332,32.542666666666669,98.614141414141415,2,0.57095
20260928,UCSes4X8uDrpc4X46hJKjejg,gTMjT4y5LHE,on_demand,not_subscribed,NP,104,4,1,0,0.01,0,0,0,0
20260928,UCSes4X8uDrpc4X46hJKjejg,JZgusHsQ0l4,on_demand,not_subscribed,ZA,104,5,2,1,0.911,54.66,105.11538461538461,0,0
20260928,UCSes4X8uDrpc4X46hJKjejg,Rl73WZoqKzE,on_demand,subscribed,FR,101,9,1,0,0.0269,0,0,0,0
20260928,UCSes4X8uDrpc4X46hJKjejg,Rl73WZoqKzE,on_demand,subscribed,US,105,4,3,3,12.958333333333334,259.16666666666669,43.48434004474273,2,10.31
20260928,UCSes4X8uDrpc4X46hJKjejg,ZYxC81zpCi0,on_demand,not_subscribed,US,104,5,1,0,0.0068333333333333336,0,0,0,0
20260928,UCSes4X8uDrpc4X46hJKjejg,iI6JAiouTXA,on_demand,subscribed,US,104,4,1,0,0.0033333333333333335,0,0,0,0
20260928,UCSes4X8uDrpc4X46hJKjejg,0b8eta7f8mY,on_demand,not_subscribed,VN,101,2,2,0,0.03835,0,0,0,0
20260928,UCSes4X8uDrpc4X46hJKjejg,gTMjT4y5LHE,on_demand,subscribed,CA,102,26,1,0,0.0278,0,0,0,0
20260928,UCSes4X8uDrpc4X46hJKjejg,unimgWGUpHM,on_demand,not_subscribed,SG,101,9,1,0,0.01065,0,0,0,0
20260928,UCSes4X8uDrpc4X46hJKjejg,2n5LJUyMtAk,on_demand,not_subscribed,US,103,17,20,13,31.479066666666668,142.43623076923078,28.205194211728866,5,1.8750333333333333
20260928,UCSes4X8uDrpc4X46hJKjejg,l5M2ICRhyEA,on_demand,not_subscribed,KE,104,4,2,1,0.555,33.3,100.90909090909091,0,0
20260928,UCSes4X8uDrpc4X46hJKjejg,LguyQAIoKlA,on_demand,not_subscribed,US,104,5,7,2,0.6697,10.521,0.23808553971486762,0,0
20260928,UCSes4X8uDrpc4X46hJKjejg,l5M2ICRhyEA,on_demand,not_subscribed,PH,101,9,1,0,0,0,0,0,0
20260928,UCSes4X8uDrpc4X46hJKjejg,k4-t8XMp-wg,on_demand,subscribed,US,103,10,1,0,0.1247,0,0,0,0
20260928,UCSes4X8uDrpc4X46hJKjejg,rq61MdGS0U4,on_demand,not_subscribed,US,101,9,6,1,9.5334833333333329,567.521,99.9156690140845,0,0
20260928,UCSes4X8uDrpc4X46hJKjejg,-CjQjOd2JEA,on_demand,not_subscribed,SG,101,2,2,0,0.027466666666666667,0,0,0,0
20260928,UCSes4X8uDrpc4X46hJKjejg,WAYYE5BMG6c,on_demand,subscribed,US,102,29,1,1,31.622016666666667,1897.321,99.964225500526865,0,0
20260928,UCSes4X8uDrpc4X46hJKjejg,J6rzMuvuMuo,on_demand,not_subscribed,CA,104,5,2,1,1.4381666666666666,86.29,119.84722222222223,0,0
20260928,UCSes4X8uDrpc4X46hJKjejg,YHtB62qU1r8,on_demand,not_subscribed,SG,101,2,4,2,1.86205,55.147,11.733404255319149,1,0.10861666666666667
20260928,UCSes4X8uDrpc4X46hJKjejg,0b8eta7f8mY,on_demand,not_subscribed,HK,101,2,1,0,0.013633333333333334,0,0,0,0
20260928,UCSes4X8uDrpc4X46hJKjejg,dKoSQ-63gP4,on_demand,not_subscribed,US,105,5,5,5,31.352833333333333,376.23400000000004,61.77898193760263,1,3.7265
20260928,UCSes4X8uDrpc4X46hJKjejg,Rl73WZoqKzE,on_demand,subscribed,US,102,29,5,2,3.6126833333333335,105.1555,17.643540268456377,3,0.68701666666666672
20260928,UCSes4X8uDrpc4X46hJKjejg,HtZ8tDkeGJY,on_demand,subscribed,ZA,104,5,2,1,1.0453333333333332,62.72,106.30508474576271,0,0
20260928,UCSes4X8uDrpc4X46hJKjejg,Rl73WZoqKzE,on_demand,subscribed,AU,102,1,1,0,0.01755,0,0,0,0
20260928,UCSes4X8uDrpc4X46hJKjejg,198kcwoCgIY,on_demand,not_subscribed,US,104,5,4,1,0.5805,29.06,107.62962962962963,0,0
20260928,UCSes4X8uDrpc4X46hJKjejg,-CjQjOd2JEA,on_demand,not_subscribed,GB,104,5,29,12,31.7508,156.12924999999998,55.169346289752653,2,8.915166666666666
20260928,UCSes4X8uDrpc4X46hJKjejg,LsgUx97iCI0,on_demand,not_subscribed,US,104,5,1,1,2.3361666666666667,140.17,41.717261904761905,0,0
20260928,UCSes4X8uDrpc4X46hJKjejg,5xA-FaYOc_0,on_demand,not_subscribed,GB,104,5,2,2,0.52083333333333337,15.625,35.511363636363633,2,0.52083333333333337
20260928,UCSes4X8uDrpc4X46hJKjejg,eUY8wO-yTHQ,on_demand,not_subscribed,TR,104,4,1,1,0.081666666666666665,4.9,10.652173913043478,1,0.081666666666666665
20260928,UCSes4X8uDrpc4X46hJKjejg,IkDS7ZhVkA4,on_demand,not_subscribed,CH,101,9,1,1,40.480266666666665,2428.816,105.23466204506066,0,0
20260928,UCSes4X8uDrpc4X46hJKjejg,YHtB62qU1r8,on_demand,not_subscribed,GB,104,5,6,3,13.234316666666667,260.42666666666668,55.409929078014187,0,0
20260928,UCSes4X8uDrpc4X46hJKjejg,rq61MdGS0U4,on_demand,subscribed,US,102,19,1,1,9.4588666666666672,567.532,99.917605633802822,0,0
20260928,UCSes4X8uDrpc4X46hJKjejg,6ljakZEWb0o,on_demand,not_subscribed,VN,104,5,1,0,0.013833333333333333,0,0,0,0
20260928,UCSes4X8uDrpc4X46hJKjejg,0b8eta7f8mY,on_demand,not_subscribed,AU,104,5,4,4,4.5708333333333337,68.5625,13.009962049335863,1,0.77716666666666667
20260928,UCSes4X8uDrpc4X46hJKjejg,Rl73WZoqKzE,on_demand,not_subscribed,GB,103,10,2,1,2.5,144.358,24.221140939597316,1,0.09403333333333333
20260928,UCSes4X8uDrpc4X46hJKjejg,UvWPXkksqmM,on_demand,subscribed,US,105,5,1,0,0.01,0,0,0,0
20260928,UCSes4X8uDrpc4X46hJKjejg,gTMjT4y5LHE,on_demand,not_subscribed,MY,101,2,1,0,0.053266666666666664,0,0,0,0
20260928,UCSes4X8uDrpc4X46hJKjejg,6DF37rM0hQ4,on_demand,not_subscribed,US,104,5,6,2,1.9663333333333333,52.825,56.1968085106383,0,0
20260928,UCSes4X8uDrpc4X46hJKjejg,sRIO-T5dRjA,on_demand,not_subscribed,US,101,2,12,1,5.9763333333333337,351.838,1256.5642857142857,0,0
20260928,UCSes4X8uDrpc4X46hJKjejg,LXgH2eBmrF8,on_demand,not_subscribed,US,103,10,2,1,0.5455,32.73,105.58064516129032,0,0
20260928,UCSes4X8uDrpc4X46hJKjejg,HtZ8tDkeGJY,on_demand,not_subscribed,JP,104,5,1,1,0.34541666666666665,20.725,35.1271186440678,0,0
20260928,UCSes4X8uDrpc4X46hJKjejg,JOMMjWncBzA,on_demand,not_subscribed,PH,104,4,1,0,0.033333333333333333,0,0,0,0
20260928,UCSes4X8uDrpc4X46hJKjejg,HwWx5nhjCx8,on_demand,not_subscribed,MS,102,4,1,0,0.12248333333333333,0,0,0,0
20260928,UCSes4X8uDrpc4X46hJKjejg,WAYYE5BMG6c,on_demand,subscribed,JM,102,29,1,0,0.044933333333333332,0,0,0,0
20260928,UCSes4X8uDrpc4X46hJKjejg,gmPsKXt4foY,on_demand,not_subscribed,ES,105,5,1,0,0.0315,0,0,0,0
20260928,UCSes4X8uDrpc4X46hJKjejg,gmPsKXt4foY,on_demand,not_subscribed,EG,104,4,1,1,0.096666666666666665,5.8,12.888888888888889,0,0
20260928,UCSes4X8uDrpc4X46hJKjejg,yqQ_QnY4_XU,on_demand,subscribed,US,103,10,1,1,0.16206666666666666,9.724,20.689361702127659,0,0
20260928,UCSes4X8uDrpc4X46hJKjejg,gmPsKXt4foY,on_demand,subscribed,GB,104,4,2,0,0.016666666666666666,0,0,1,0.016666666666666666
20260928,UCSes4X8uDrpc4X46hJKjejg,iOURk-GhPG0,on_demand,not_subscribed,HK,104,4,1,1,0.028883333333333334,1.733,5.9758620689655171,0,0
20260928,UCSes4X8uDrpc4X46hJKjejg,Mrjky6bXwm4,on_demand,not_subscribed,ID,104,4,2,2,1.915,57.45,52.706422018348626,0,0
20260928,UCSes4X8uDrpc4X46hJKjejg,QxkwRERjZgA,on_demand,not_subscribed,ID,105,5,2,1,1.3836666666666666,83.02,143.13793103448276,2,1.3836666666666666
20260928,UCSes4X8uDrpc4X46hJKjejg,QLokxg_tvSU,on_demand,not_subscribed,DE,104,5,2,1,1.4941666666666666,89.65,129.92753623188406,2,1.4941666666666666
20260928,UCSes4X8uDrpc4X46hJKjejg,PoyUkRaWZiM,on_demand,not_subscribed,IT,105,4,1,1,5.3348666666666666,320.092,52.474098360655738,0,0
20260928,UCSes4X8uDrpc4X46hJKjejg,kHqq0RR6dHE,on_demand,subscribed,US,102,26,1,0,0.025833333333333333,0,0,1,0.025833333333333333
20260928,UCSes4X8uDrpc4X46hJKjejg,DbNsygUVZUQ,on_demand,not_subscribed,PH,104,5,1,1,0.21083333333333334,12.65,20.403225806451612,0,0
20260928,UCSes4X8uDrpc4X46hJKjejg,fAZy3HtHBzA,on_demand,not_subscribed,FR,102,4,1,1,0.56023333333333336,33.614,105.04375,0,0
20260928,UCSes4X8uDrpc4X46hJKjejg,l5M2ICRhyEA,on_demand,not_subscribed,AU,101,9,6,2,3.4477,101.184,306.61818181818182,0,0
20260928,UCSes4X8uDrpc4X46hJKjejg,6ljakZEWb0o,on_demand,not_subscribed,HK,104,5,1,0,0.0105,0,0,0,0
20260928,UCSes4X8uDrpc4X46hJKjejg,fAZy3HtHBzA,on_demand,not_subscribed,ID,104,4,2,1,1.0816666666666668,64.9,202.8125,0,0
20260928,UCSes4X8uDrpc4X46hJKjejg,po8YrSQivoM,on_demand,subscribed,AU,104,5,1,1,0.027,1.62,0.0472027972027972,1,0.027
20260928,UCSes4X8uDrpc4X46hJKjejg,6ljakZEWb0o,on_demand,not_subscribed,JP,101,2,1,0,0.033133333333333334,0,0,0,0
20260928,UCSes4X8uDrpc4X46hJKjejg,MEHDJ9V-lIk,on_demand,not_subscribed,PH,104,4,6,2,0.54675,14.55,0.7063106796116505,0,0
20260928,UCSes4X8uDrpc4X46hJKjejg,JZgusHsQ0l4,on_demand,not_subscribed,AT,101,2,1,0,0.013383333333333334,0,0,0,0
20260928,UCSes4X8uDrpc4X46hJKjejg,5WC7gUC932A,on_demand,not_subscribed,US,101,9,1,0,0.00375,0,0,0,0
20260928,UCSes4X8uDrpc4X46hJKjejg,YHtB62qU1r8,on_demand,not_subscribed,TW,101,2,1,0,0.02015,0,0,0,0
20260928,UCSes4X8uDrpc4X46hJKjejg,J39ahAPa8Ng,on_demand,not_subscribed,US,101,9,4,1,0.4073,16.689,33.378,0,0
20260928,UCSes4X8uDrpc4X46hJKjejg,dKoSQ-63gP4,on_demand,not_subscribed,CA,104,4,1,0,0.0016666666666666668,0,0,0,0
20260928,UCSes4X8uDrpc4X46hJKjejg,e7CxdG8sNlA,on_demand,subscribed,US,102,26,1,0,0.014466666666666666,0,0,0,0
20260928,UCSes4X8uDrpc4X46hJKjejg,e7CxdG8sNlA,on_demand,subscribed,TT,104,4,1,1,4.3549833333333332,261.299,55.010315789473687,0,0
20260928,UCSes4X8uDrpc4X46hJKjejg,itfxfmA1F64,on_demand,not_subscribed,US,101,9,1,0,0.0011666666666666668,0,0,0,0
20260928,UCSes4X8uDrpc4X46hJKjejg,ze7OyP5UN9w,on_demand,not_subscribed,US,104,5,2,1,1.1803333333333332,70.82,104.14705882352941,0,0
20260928,UCSes4X8uDrpc4X46hJKjejg,JZgusHsQ0l4,on_demand,not_subscribed,KE,104,5,3,1,1.0256666666666667,61.1,117.5,2,1.0183333333333333
20260928,UCSes4X8uDrpc4X46hJKjejg,LguyQAIoKlA,on_demand,not_subscribed,CA,102,29,2,0,0.24248333333333333,0,0,0,0
20260928,UCSes4X8uDrpc4X46hJKjejg,A7YpyzGt_6c,on_demand,subscribed,US,102,4,1,1,90.50035,5430.021,100.00038674033149,0,0
20260928,UCSes4X8uDrpc4X46hJKjejg,JZgusHsQ0l4,on_demand,not_subscribed,CZ,101,9,4,0,0.080933333333333329,0,0,0,0
20260928,UCSes4X8uDrpc4X46hJKjejg,UvWPXkksqmM,on_demand,subscribed,CA,104,4,3,2,13.423683333333333,402.35,60.777945619335348,1,2.39
20260928,UCSes4X8uDrpc4X46hJKjejg,KoxnHEXhTNQ,on_demand,not_subscribed,DE,104,4,2,1,0.32333333333333331,19.4,97,0,0
20260928,UCSes4X8uDrpc4X46hJKjejg,JVtMpIpnwl0,on_demand,not_subscribed,US,102,1,1,0,0.024666666666666667,0,0,1,0.024666666666666667
20260928,UCSes4X8uDrpc4X46hJKjejg,HwWx5nhjCx8,on_demand,not_subscribed,BB,104,4,1,0,0.025,0,0,0,0
20260928,UCSes4X8uDrpc4X46hJKjejg,zS69CFjoay8,on_demand,not_subscribed,ZA,104,4,2,1,0.59333333333333338,34.9,65.84905660377359,0,0
20260928,UCSes4X8uDrpc4X46hJKjejg,-CjQjOd2JEA,on_demand,not_subscribed,BM,101,9,1,1,0.17486666666666667,10.492,3.7074204946996465,0,0
20260928,UCSes4X8uDrpc4X46hJKjejg,rVyl3bzFBcQ,on_demand,not_subscribed,US,101,2,1,0,0.039433333333333334,0,0,0,0
20260928,UCSes4X8uDrpc4X46hJKjejg,f4MfVVTJ6pY,on_demand,subscribed,US,101,2,3,1,13.5852,808.826,49.198661800486619,0,0
20260928,UCSes4X8uDrpc4X46hJKjejg,-CjQjOd2JEA,on_demand,not_subscribed,CI,104,5,1,0,0.0035,0,0,0,0
20260928,UCSes4X8uDrpc4X46hJKjejg,l5M2ICRhyEA,on_demand,not_subscribed,US,104,4,134,52,28.890816666666666,32.06825,97.176515151515147,16,5.3608166666666666
20260928,UCSes4X8uDrpc4X46hJKjejg,dKoSQ-63gP4,on_demand,subscribed,US,104,5,9,7,40.659233333333333,347.3005714285714,57.028008444757212,2,19.305500000000002
20260928,UCSes4X8uDrpc4X46hJKjejg,Rl73WZoqKzE,on_demand,not_subscribed,NZ,104,5,1,0,0.067,0,0,0,0
20260928,UCSes4X8uDrpc4X46hJKjejg,8utXvbmZfqk,on_demand,not_subscribed,US,101,2,1,1,0.086566666666666667,5.194,4.0897637795275594,0,0
20260928,UCSes4X8uDrpc4X46hJKjejg,8ajxcRVL7g4,on_demand,not_subscribed,US,101,9,1,0,0.019466666666666667,0,0,0,0
20260928,UCSes4X8uDrpc4X46hJKjejg,-CjQjOd2JEA,on_demand,not_subscribed,DE,104,5,7,4,2.91835,42.76525,15.111395759717315,0,0
20260928,UCSes4X8uDrpc4X46hJKjejg,k4-t8XMp-wg,on_demand,subscribed,US,101,2,3,0,0.0307,0,0,0,0
20260928,UCSes4X8uDrpc4X46hJKjejg,_dE10MN31TE,on_demand,not_subscribed,US,104,5,1,1,1.1465,68.79,31.410958904109588,0,0
20260928,UCSes4X8uDrpc4X46hJKjejg,oujDWGTay-Q,on_demand,not_subscribed,US,102,26,4,2,2.48635,74.5905,99.454,0,0
20260928,UCSes4X8uDrpc4X46hJKjejg,MEHDJ9V-lIk,on_demand,not_subscribed,AU,104,4,1,0,0,0,0,0,0
20260928,UCSes4X8uDrpc4X46hJKjejg,gTMjT4y5LHE,on_demand,not_subscribed,GB,105,5,2,2,10.024416666666667,300.7325,60.877024291497975,0,0
20260928,UCSes4X8uDrpc4X46hJKjejg,WAYYE5BMG6c,on_demand,subscribed,SA,104,5,1,1,0.64833333333333332,38.9,2.0495258166491044,1,0.64833333333333332
20260928,UCSes4X8uDrpc4X46hJKjejg,YHtB62qU1r8,on_demand,not_subscribed,DE,104,5,5,0,0.2148,0,0,0,0
20260928,UCSes4X8uDrpc4X46hJKjejg,ncc0PEKBAFY,on_demand,not_subscribed,US,104,4,1,1,0.20666666666666667,12.4,14.090909090909092,0,0
20260928,UCSes4X8uDrpc4X46hJKjejg,MaurflLy1CQ,on_demand,not_subscribed,CA,101,2,3,1,8.518933333333333,506.55,79.897476340694013,1,8.4425
20260928,UCSes4X8uDrpc4X46hJKjejg,Rl73WZoqKzE,on_demand,subscribed,SA,104,5,1,0,0.0068333333333333336,0,0,0,0
20260928,UCSes4X8uDrpc4X46hJKjejg,fAZy3HtHBzA,on_demand,not_subscribed,CA,103,10,1,0,0.066616666666666671,0,0,1,0.066616666666666671
20260928,UCSes4X8uDrpc4X46hJKjejg,9zaom3QbjYs,on_demand,not_subscribed,IL,101,2,3,2,1.1235166666666667,31.848,4.1960474308300393,0,0
20260928,UCSes4X8uDrpc4X46hJKjejg,H0b9PIbRa9A,on_demand,not_subscribed,US,104,4,1,0,0.0016666666666666668,0,0,0,0
20260928,UCSes4X8uDrpc4X46hJKjejg,JZgusHsQ0l4,on_demand,not_subscribed,SI,101,2,1,1,0.39143333333333336,23.486,45.165384615384617,0,0
20260928,UCSes4X8uDrpc4X46hJKjejg,BeZUS-lZ4qs,on_demand,not_subscribed,IL,101,2,1,1,0.41488333333333333,24.893,0.80351839896707555,0,0
20260928,UCSes4X8uDrpc4X46hJKjejg,dgP0I7rPTlU,on_demand,not_subscribed,US,101,9,5,0,0.15171666666666667,0,0,0,0
20260928,UCSes4X8uDrpc4X46hJKjejg,YHtB62qU1r8,on_demand,not_subscribed,HK,102,12,1,1,5.0144666666666664,300.868,64.014468085106387,1,5.0144666666666664
20260928,UCSes4X8uDrpc4X46hJKjejg,yqQ_QnY4_XU,on_demand,subscribed,TH,104,4,2,1,0.83833333333333337,50.3,107.02127659574468,0,0
20260928,UCSes4X8uDrpc4X46hJKjejg,HtZ8tDkeGJY,on_demand,not_subscribed,US,105,5,3,2,2.1026666666666665,63.08,106.91525423728814,0,0
20260928,UCSes4X8uDrpc4X46hJKjejg,MEHDJ9V-lIk,on_demand,not_subscribed,SG,104,5,1,1,18.805916666666668,1128.355,54.7745145631068,1,18.805916666666668
20260928,UCSes4X8uDrpc4X46hJKjejg,6ljakZEWb0o,on_demand,subscribed,US,103,10,2,0,0.10361666666666666,0,0,0,0
20260928,UCSes4X8uDrpc4X46hJKjejg,0JHD_pApR7w,on_demand,not_subscribed,DE,101,2,2,1,2.1022666666666665,126.136,182.80579710144929,0,0
20260928,UCSes4X8uDrpc4X46hJKjejg,gmPsKXt4foY,on_demand,subscribed,ES,104,5,1,1,0.39216666666666666,23.53,52.288888888888891,1,0.39216666666666666
20260928,UCSes4X8uDrpc4X46hJKjejg,ID5K-VWCXew,on_demand,not_subscribed,CN,104,5,1,1,0.066666666666666666,4,13.333333333333334,0,0
20260928,UCSes4X8uDrpc4X46hJKjejg,-CjQjOd2JEA,on_demand,not_subscribed,LT,104,5,1,0,0.0105,0,0,0,0
20260928,UCSes4X8uDrpc4X46hJKjejg,YHtB62qU1r8,on_demand,not_subscribed,MX,102,4,1,1,3.9975666666666667,239.854,51.032765957446806,0,0
20260928,UCSes4X8uDrpc4X46hJKjejg,8ajxcRVL7g4,on_demand,not_subscribed,TR,105,4,1,1,0.078333333333333338,4.7,4.4339622641509431,1,0.078333333333333338
20260928,UCSes4X8uDrpc4X46hJKjejg,Rl73WZoqKzE,on_demand,not_subscribed,GB,101,2,1,1,0.57726666666666671,34.636,5.8114093959731541,0,0
20260928,UCSes4X8uDrpc4X46hJKjejg,IkDS7ZhVkA4,on_demand,not_subscribed,PR,102,26,1,1,8.35,501,21.707105719237436,0,0
20260928,UCSes4X8uDrpc4X46hJKjejg,Uo7rmLN6ANk,on_demand,not_subscribed,CA,101,2,1,0,0.057683333333333336,0,0,0,0
20260928,UCSes4X8uDrpc4X46hJKjejg,gTMjT4y5LHE,on_demand,not_subscribed,NL,103,10,1,1,0.4413,26.478,5.359919028340081,0,0
20260928,UCSes4X8uDrpc4X46hJKjejg,f4MfVVTJ6pY,on_demand,not_subscribed,US,102,19,1,1,17.441716666666668,1046.503,63.655900243309006,0,0
20260928,UCSes4X8uDrpc4X46hJKjejg,iOURk-GhPG0,on_demand,not_subscribed,BN,104,4,1,1,0.14166666666666666,8.5,29.310344827586206,0,0
20260928,UCSes4X8uDrpc4X46hJKjejg,yapU4SQQ39c,on_demand,not_subscribed,FI,104,4,1,0,0.028333333333333332,0,0,0,0
20260928,UCSes4X8uDrpc4X46hJKjejg,gTMjT4y5LHE,on_demand,subscribed,KR,104,4,1,0,0,0,0,0,0
20260928,UCSes4X8uDrpc4X46hJKjejg,ymfIczLSXfI,on_demand,not_subscribed,US,104,5,11,5,2.1643333333333334,24.958000000000002,65.678947368421049,0,0
20260928,UCSes4X8uDrpc4X46hJKjejg,yqQ_QnY4_XU,on_demand,subscribed,US,101,2,7,2,1.5854333333333333,47.049,100.10425531914893,1,0.0077333333333333334
20260928,UCSes4X8uDrpc4X46hJKjejg,0b8eta7f8mY,on_demand,not_subscribed,AT,104,4,1,0,0.0016666666666666668,0,0,0,0
20260928,UCSes4X8uDrpc4X46hJKjejg,k4-t8XMp-wg,on_demand,not_subscribed,US,102,19,1,0,0.053283333333333335,0,0,0,0
20260928,UCSes4X8uDrpc4X46hJKjejg,BeZUS-lZ4qs,on_demand,not_subscribed,SG,101,9,1,1,0.58418333333333339,35.051,1.1314073595868301,0,0
20260928,UCSes4X8uDrpc4X46hJKjejg,A7YpyzGt_6c,on_demand,not_subscribed,US,102,29,1,1,26.40155,1584.093,29.172983425414365,0,0
20260928,UCSes4X8uDrpc4X46hJKjejg,HtZ8tDkeGJY,on_demand,subscribed,SI,101,2,2,1,1.0221333333333333,61.328,103.9457627118644,2,1.0221333333333333
20260928,UCSes4X8uDrpc4X46hJKjejg,a_Q8pF1c6ds,on_demand,not_subscribed,US,100,1,1,1,0.17186666666666667,10.312,3.8051660516605166,0,0
20260928,UCSes4X8uDrpc4X46hJKjejg,fAZy3HtHBzA,on_demand,subscribed,BE,104,5,1,0,0.040833333333333333,0,0,0,0
20260928,UCSes4X8uDrpc4X46hJKjejg,3-756im2_CM,on_demand,not_subscribed,GB,104,5,1,0,0.015083333333333334,0,0,0,0
20260928,UCSes4X8uDrpc4X46hJKjejg,YHtB62qU1r8,on_demand,not_subscribed,SE,104,4,1,0,0.02,0,0,0,0
20260928,UCSes4X8uDrpc4X46hJKjejg,YWmM-Tkjmvo,on_demand,not_subscribed,CA,102,4,3,3,9.25495,185.09900000000002,64.270486111111111,1,4.5436333333333332
20260928,UCSes4X8uDrpc4X46hJKjejg,9AG9_tvWrB4,on_demand,subscribed,ZA,104,4,2,1,1.4966666666666666,89.8,25.36723163841808,0,0
20260928,UCSes4X8uDrpc4X46hJKjejg,fAZy3HtHBzA,on_demand,subscribed,PH,104,4,4,2,0.98166666666666669,29.05,90.78125,2,0.54
20260928,UCSes4X8uDrpc4X46hJKjejg,Mrjky6bXwm4,on_demand,not_subscribed,FR,104,4,1,0,0,0,0,0,0
20260928,UCSes4X8uDrpc4X46hJKjejg,-CjQjOd2JEA,on_demand,not_subscribed,RS,104,5,1,1,4.4588333333333336,267.53,94.533568904593636,0,0
20260928,UCSes4X8uDrpc4X46hJKjejg,op6JvrFdWrY,on_demand,subscribed,US,101,2,5,4,0.92116666666666669,13.8175,57.572916666666664,2,0.26235
20260928,UCSes4X8uDrpc4X46hJKjejg,uuiJRIzZ7xA,on_demand,not_subscribed,GB,104,4,2,1,0.5,30,100,0,0
20260928,UCSes4X8uDrpc4X46hJKjejg,2n5LJUyMtAk,on_demand,not_subscribed,PL,104,5,1,0,0.0035,0,0,0,0
20260928,UCSes4X8uDrpc4X46hJKjejg,gTMjT4y5LHE,on_demand,not_subscribed,IE,104,4,1,0,0.02,0,0,0,0
20260928,UCSes4X8uDrpc4X46hJKjejg,YHtB62qU1r8,on_demand,not_subscribed,IL,101,2,1,1,0.00175,0.105,0.022340425531914895,0,0
20260928,UCSes4X8uDrpc4X46hJKjejg,RivhYbILNsY,on_demand,not_subscribed,US,104,5,3,2,0.74283333333333335,20.38,18.527272727272727,0,0
20260928,UCSes4X8uDrpc4X46hJKjejg,MEHDJ9V-lIk,on_demand,not_subscribed,TW,104,5,1,1,6.5763333333333334,394.58,19.154368932038835,0,0
20260928,UCSes4X8uDrpc4X46hJKjejg,JZgusHsQ0l4,on_demand,not_subscribed,US,104,5,196,80,58.059516666666667,42.222187500000004,81.19651442307692,5,2.7248333333333332
20260928,UCSes4X8uDrpc4X46hJKjejg,2n5LJUyMtAk,on_demand,not_subscribed,VI,104,5,1,1,0.36723333333333336,22.034,4.3631683168316835,0,0
20260928,UCSes4X8uDrpc4X46hJKjejg,Rl73WZoqKzE,on_demand,not_subscribed,GY,104,5,1,1,0.531,31.86,5.3456375838926178,0,0
20260928,UCSes4X8uDrpc4X46hJKjejg,HtZ8tDkeGJY,on_demand,not_subscribed,CA,104,4,7,2,3.7307333333333332,111.35,188.72881355932202,3,2.555
20260928,UCSes4X8uDrpc4X46hJKjejg,kVGNrF0YpU8,on_demand,subscribed,MY,105,4,1,1,0.11666666666666667,7,20.588235294117649,0,0
20260928,UCSes4X8uDrpc4X46hJKjejg,ePdXtNfowRo,on_demand,not_subscribed,US,104,4,1,0,0.005,0,0,0,0
20260928,UCSes4X8uDrpc4X46hJKjejg,9LFMqUAyB_U,on_demand,not_subscribed,PH,104,5,1,0,0.024833333333333332,0,0,0,0
20260928,UCSes4X8uDrpc4X46hJKjejg,yqQ_QnY4_XU,on_demand,not_subscribed,US,102,19,1,1,0.27645,16.587,35.291489361702126,0,0
20260928,UCSes4X8uDrpc4X46hJKjejg,HCZIc9OVy1o,on_demand,subscribed,US,103,17,1,1,23.88505,1433.103,49.281396148555707,0,0
20260928,UCSes4X8uDrpc4X46hJKjejg,2n5LJUyMtAk,on_demand,not_subscribed,NO,101,2,1,1,8.2025666666666659,492.154,97.456237623762377,1,8.2025666666666659
20260928,UCSes4X8uDrpc4X46hJKjejg,Rl73WZoqKzE,on_demand,subscribed,BE,102,21,1,0,0.14763333333333334,0,0,0,0
20260928,UCSes4X8uDrpc4X46hJKjejg,HVLl_aTeQTE,on_demand,not_subscribed,US,104,5,10,4,2.3886666666666665,33.735,74.966666666666669,0,0
20260928,UCSes4X8uDrpc4X46hJKjejg,yqQ_QnY4_XU,on_demand,not_subscribed,NL,104,4,1,1,0.26333333333333331,15.8,33.617021276595743,0,0
20260928,UCSes4X8uDrpc4X46hJKjejg,6ljakZEWb0o,on_demand,not_subscribed,BI,104,5,1,0,0.081666666666666665,0,0,0,0
20260928,UCSes4X8uDrpc4X46hJKjejg,gmPsKXt4foY,on_demand,not_subscribed,RO,104,4,1,0,0.048333333333333332,0,0,1,0.048333333333333332
20260928,UCSes4X8uDrpc4X46hJKjejg,gTMjT4y5LHE,on_demand,not_subscribed,DE,105,5,1,1,6.6938333333333331,401.63,81.301619433198383,0,0
20260928,UCSes4X8uDrpc4X46hJKjejg,2n5LJUyMtAk,on_demand,not_subscribed,DO,104,4,1,0,0.023333333333333334,0,0,0,0
20260928,UCSes4X8uDrpc4X46hJKjejg,6ljakZEWb0o,on_demand,not_subscribed,DO,104,5,1,0,0.0066666666666666671,0,0,0,0
20260928,UCSes4X8uDrpc4X46hJKjejg,gTMjT4y5LHE,on_demand,subscribed,GB,104,5,3,1,6.573,388.01,78.544534412955471,0,0
20260928,UCSes4X8uDrpc4X46hJKjejg,MEHDJ9V-lIk,on_demand,not_subscribed,US,101,30,1,1,1.9898166666666666,119.389,5.7955825242718451,0,0
20260928,UCSes4X8uDrpc4X46hJKjejg,QUD-7qlFQUs,on_demand,not_subscribed,GB,104,4,2,2,0,0,0,0,0
20260928,UCSes4X8uDrpc4X46hJKjejg,gTMjT4y5LHE,on_demand,not_subscribed,BS,101,2,1,0,0.0087333333333333325,0,0,0,0
20260928,UCSes4X8uDrpc4X46hJKjejg,gmPsKXt4foY,on_demand,not_subscribed,DO,101,9,2,2,1.1875166666666668,35.6255,79.167777777777772,1,0.75993333333333335
20260928,UCSes4X8uDrpc4X46hJKjejg,YWmM-Tkjmvo,on_demand,not_subscribed,RS,101,2,1,1,3.8070833333333334,228.425,79.314236111111114,0,0
20260928,UCSes4X8uDrpc4X46hJKjejg,gmPsKXt4foY,on_demand,not_subscribed,NG,101,2,1,1,0.4798,28.788,63.973333333333336,0,0
20260928,UCSes4X8uDrpc4X46hJKjejg,YHtB62qU1r8,on_demand,not_subscribed,SG,101,9,1,1,7.82435,469.461,99.885319148936176,1,7.82435
20260928,UCSes4X8uDrpc4X46hJKjejg,BIdUjN5_mdA,on_demand,not_subscribed,CA,104,4,1,1,0.2,12,2.1352313167259784,0,0
20260928,UCSes4X8uDrpc4X46hJKjejg,ID5K-VWCXew,on_demand,not_subscribed,CA,104,4,3,2,0.98166666666666669,29.45,98.166666666666671,0,0
20260928,UCSes4X8uDrpc4X46hJKjejg,ymfIczLSXfI,on_demand,not_subscribed,PL,104,4,1,0,0.11666666666666667,0,0,0,0
20260928,UCSes4X8uDrpc4X46hJKjejg,0JHD_pApR7w,on_demand,not_subscribed,US,105,5,1,1,0.154,9.24,13.391304347826088,0,0
20260928,UCSes4X8uDrpc4X46hJKjejg,zS69CFjoay8,on_demand,not_subscribed,LK,101,2,1,0,0.0089333333333333331,0,0,0,0
20260928,UCSes4X8uDrpc4X46hJKjejg,Rl73WZoqKzE,on_demand,not_subscribed,JP,104,5,1,1,9.6125,576.75,96.770134228187914,0,0
20260928,UCSes4X8uDrpc4X46hJKjejg,Xgpvl1WcTqs,on_demand,subscribed,US,104,5,1,1,11.518833333333333,691.13,13.149353120243532,0,0
20260928,UCSes4X8uDrpc4X46hJKjejg,ID5K-VWCXew,on_demand,not_subscribed,IN,104,4,2,0,0.066666666666666666,0,0,0,0
20260928,UCSes4X8uDrpc4X46hJKjejg,fAZy3HtHBzA,on_demand,subscribed,AU,104,4,5,2,0.9,25.45,79.53125,2,0.32833333333333331
20260928,UCSes4X8uDrpc4X46hJKjejg,l5M2ICRhyEA,on_demand,subscribed,US,102,29,2,1,0.56096666666666661,33.658,101.9939393939394,0,0
20260928,UCSes4X8uDrpc4X46hJKjejg,HtZ8tDkeGJY,on_demand,subscribed,US,104,5,24,8,6.43645,44.58775,75.572457627118638,3,1.0116666666666667
20260928,UCSes4X8uDrpc4X46hJKjejg,9LFMqUAyB_U,on_demand,not_subscribed,HK,101,2,1,0,0.008266666666666667,0,0,0,0
20260928,UCSes4X8uDrpc4X46hJKjejg,fAZy3HtHBzA,on_demand,not_subscribed,CA,101,2,8,4,1.9953,28.27225,88.35078125,2,0.33428333333333332
20260928,UCSes4X8uDrpc4X46hJKjejg,gTMjT4y5LHE,on_demand,not_subscribed,TH,102,19,1,1,0.41283333333333333,24.77,5.01417004048583,1,0.41283333333333333
20260928,UCSes4X8uDrpc4X46hJKjejg,unimgWGUpHM,on_demand,subscribed,PH,101,2,2,1,0.62321666666666664,34.952,83.219047619047615,0,0
20260928,UCSes4X8uDrpc4X46hJKjejg,3oF068CdTYo,on_demand,not_subscribed,DE,104,5,1,1,0.014,0.84,2.4705882352941178,0,0
20260928,UCSes4X8uDrpc4X46hJKjejg,U16slPfq10o,on_demand,not_subscribed,AU,104,5,2,1,1.9065,114.39,170.73134328358208,0,0
20260928,UCSes4X8uDrpc4X46hJKjejg,XxNpGT_I6mk,on_demand,not_subscribed,US,105,5,1,1,0.52816666666666667,31.69,96.030303030303031,0,0
20260928,UCSes4X8uDrpc4X46hJKjejg,x9aP35H3Wlc,on_demand,subscribed,US,104,4,2,1,0.23333333333333334,11,21.568627450980394,0,0
20260928,UCSes4X8uDrpc4X46hJKjejg,MEHDJ9V-lIk,on_demand,not_subscribed,AO,104,4,1,1,0.62666666666666671,37.6,1.825242718446602,0,0
20260928,UCSes4X8uDrpc4X46hJKjejg,sRIO-T5dRjA,on_demand,not_subscribed,US,101,9,1,0,0.071766666666666673,0,0,0,0
20260928,UCSes4X8uDrpc4X46hJKjejg,6ljakZEWb0o,on_demand,subscribed,US,101,2,26,5,24.5038,174.2628,6.3070141150922909,0,0
20260928,UCSes4X8uDrpc4X46hJKjejg,fAZy3HtHBzA,on_demand,subscribed,SG,104,5,2,1,0.62616666666666665,37.57,117.40625,0,0
20260928,UCSes4X8uDrpc4X46hJKjejg,8ajxcRVL7g4,on_demand,not_subscribed,MY,104,5,1,1,0.10416666666666667,6.25,5.89622641509434,0,0
20260928,UCSes4X8uDrpc4X46hJKjejg,6ljakZEWb0o,on_demand,not_subscribed,BS,104,4,2,0,0.18333333333333332,0,0,0,0
20260928,UCSes4X8uDrpc4X46hJKjejg,iOURk-GhPG0,on_demand,subscribed,CA,104,5,4,2,0.52383333333333337,14.86,51.241379310344826,0,0
20260928,UCSes4X8uDrpc4X46hJKjejg,ID5K-VWCXew,on_demand,subscribed,US,104,5,21,8,5.5205,40.3,134.33333333333334,5,1.0519999999999998
20260928,UCSes4X8uDrpc4X46hJKjejg,gTMjT4y5LHE,on_demand,not_subscribed,NO,102,4,1,0,0.13613333333333333,0,0,1,0.13613333333333333
20260928,UCSes4X8uDrpc4X46hJKjejg,-CjQjOd2JEA,on_demand,subscribed,NL,101,2,2,0,0.0012,0,0,0,0
20260928,UCSes4X8uDrpc4X46hJKjejg,wb2ebOkk2gE,on_demand,not_subscribed,MX,101,2,1,0,0.0078666666666666659,0,0,0,0
20260928,UCSes4X8uDrpc4X46hJKjejg,zNDrNHE1aDk,on_demand,not_subscribed,US,104,5,1,0,0.098166666666666666,0,0,0,0
20260928,UCSes4X8uDrpc4X46hJKjejg,OkzI_U0uKes,on_demand,not_subscribed,US,104,5,1,1,0.050333333333333334,3.02,0.29320388349514565,0,0
20260928,UCSes4X8uDrpc4X46hJKjejg,BeZUS-lZ4qs,on_demand,subscribed,BZ,102,26,1,1,41.8924,2513.544,81.1344092963202,0,0
20260928,UCSes4X8uDrpc4X46hJKjejg,gTMjT4y5LHE,on_demand,not_subscribed,NL,101,2,1,0,0.00065,0,0,0,0
20260928,UCSes4X8uDrpc4X46hJKjejg,oujDWGTay-Q,on_demand,not_subscribed,PH,104,5,5,1,5.438,326.28,435.04,0,0
20260928,UCSes4X8uDrpc4X46hJKjejg,JZgusHsQ0l4,on_demand,not_subscribed,AE,104,5,1,1,0.083666666666666667,5.02,9.6538461538461533,0,0
20260928,UCSes4X8uDrpc4X46hJKjejg,5GYyKcjXNN0,on_demand,not_subscribed,KR,104,4,1,1,0.18833333333333332,11.3,13.950617283950617,0,0
20260928,UCSes4X8uDrpc4X46hJKjejg,KWIVBbqRwZ8,on_demand,subscribed,GB,104,5,1,0,0.032,0,0,0,0
20260928,UCSes4X8uDrpc4X46hJKjejg,YHtB62qU1r8,on_demand,not_subscribed,BS,102,19,1,1,0.66381666666666672,39.829,8.474255319148936,0,0
20260928,UCSes4X8uDrpc4X46hJKjejg,eu62r4NZQ3Q,on_demand,not_subscribed,IE,104,4,1,0,0.033333333333333333,0,0,0,0
20260928,UCSes4X8uDrpc4X46hJKjejg,f4MfVVTJ6pY,on_demand,not_subscribed,LU,102,4,1,1,0.0023,0.138,0.0083941605839416063,0,0
20260928,UCSes4X8uDrpc4X46hJKjejg,2n5LJUyMtAk,on_demand,subscribed,CA,104,5,1,1,1.7653333333333334,105.92,20.974257425742575,0,0
20260928,UCSes4X8uDrpc4X46hJKjejg,5WC7gUC932A,on_demand,not_subscribed,TH,105,5,1,0,0.031,0,0,0,0
20260928,UCSes4X8uDrpc4X46hJKjejg,MEHDJ9V-lIk,on_demand,not_subscribed,AD,101,9,1,0,0.0511,0,0,0,0
20260928,UCSes4X8uDrpc4X46hJKjejg,6ljakZEWb0o,on_demand,not_subscribed,JP,101,9,1,1,3.6346,218.076,7.89272529858849,0,0
20260928,UCSes4X8uDrpc4X46hJKjejg,e7CxdG8sNlA,on_demand,not_subscribed,GB,104,4,1,1,0.47666666666666668,28.6,6.0210526315789474,0,0
20260928,UCSes4X8uDrpc4X46hJKjejg,-CjQjOd2JEA,on_demand,not_subscribed,TW,101,9,1,0,0,0,0,0,0
20260928,UCSes4X8uDrpc4X46hJKjejg,50MHq47IaLU,on_demand,not_subscribed,US,102,4,3,2,3.6235166666666667,108.7055,94.52652173913043,0,0
20260928,UCSes4X8uDrpc4X46hJKjejg,dVOt2PRoaRE,on_demand,not_subscribed,US,101,2,1,1,3.6908,221.448,95.864935064935068,0,0
20260928,UCSes4X8uDrpc4X46hJKjejg,Y8VmQ0NuFhs,on_demand,not_subscribed,US,104,5,4,2,7.21275,215.7625,60.100974930362113,0,0
20260928,UCSes4X8uDrpc4X46hJKjejg,YHtB62qU1r8,on_demand,not_subscribed,TW,101,9,1,0,0.038783333333333336,0,0,0,0
20260928,UCSes4X8uDrpc4X46hJKjejg,tBjNM2mKPtg,on_demand,not_subscribed,GE,104,5,1,0,0.032,0,0,1,0.032
20260928,UCSes4X8uDrpc4X46hJKjejg,rScJj_0-t-o,on_demand,not_subscribed,US,103,10,2,2,0.61883333333333335,18.565,16.143478260869564,0,0
20260928,UCSes4X8uDrpc4X46hJKjejg,u2btQrTAuAo,on_demand,not_subscribed,US,104,4,3,1,1.7333333333333334,104,216.66666666666666,0,0
20260928,UCSes4X8uDrpc4X46hJKjejg,JZgusHsQ0l4,on_demand,not_subscribed,EC,101,2,1,0,0.0012333333333333332,0,0,0,0
20260928,UCSes4X8uDrpc4X46hJKjejg,9zaom3QbjYs,on_demand,not_subscribed,GR,104,5,1,0,0.0105,0,0,0,0
20260928,UCSes4X8uDrpc4X46hJKjejg,nbPkjNPdK74,on_demand,not_subscribed,ID,104,4,1,0,0.063333333333333339,0,0,0,0
20260928,UCSes4X8uDrpc4X46hJKjejg,BeZUS-lZ4qs,on_demand,not_subscribed,ID,101,2,1,0,0.0194,0,0,0,0
20260928,UCSes4X8uDrpc4X46hJKjejg,BeZUS-lZ4qs,on_demand,not_subscribed,GR,104,5,1,1,2.3533333333333335,141.2,4.5577792123950935,0,0
20260928,UCSes4X8uDrpc4X46hJKjejg,HCZIc9OVy1o,on_demand,not_subscribed,CA,104,5,2,2,11.238333333333333,337.15,11.593878954607979,2,11.238333333333333
20260928,UCSes4X8uDrpc4X46hJKjejg,YHtB62qU1r8,on_demand,not_subscribed,FM,105,4,1,1,2.3033333333333332,138.2,29.404255319148938,0,0
20260928,UCSes4X8uDrpc4X46hJKjejg,rq61MdGS0U4,on_demand,not_subscribed,CA,101,2,1,1,0.34111666666666668,20.467,3.6033450704225354,0,0
20260928,UCSes4X8uDrpc4X46hJKjejg,dKoSQ-63gP4,on_demand,not_subscribed,KN,102,19,1,0,0.066083333333333327,0,0,0,0
20260928,UCSes4X8uDrpc4X46hJKjejg,dKoSQ-63gP4,on_demand,not_subscribed,LC,102,19,1,0,0.00525,0,0,0,0
20260928,UCSes4X8uDrpc4X46hJKjejg,f_e5haTt3sI,on_demand,not_subscribed,US,104,5,2,1,0.8455,50.73,123.73170731707317,2,0.8455
20260928,UCSes4X8uDrpc4X46hJKjejg,unimgWGUpHM,on_demand,subscribed,AU,101,2,2,0,0.0854,0,0,1,0.024716666666666668
20260928,UCSes4X8uDrpc4X46hJKjejg,0JHD_pApR7w,on_demand,not_subscribed,IN,104,4,2,1,1.1521,69.126,100.18260869565218,0,0
20260928,UCSes4X8uDrpc4X46hJKjejg,6ljakZEWb0o,on_demand,not_subscribed,US,102,19,10,5,32.524366666666666,386.9058,14.003105320304018,1,0.12558333333333332
20260928,UCSes4X8uDrpc4X46hJKjejg,1vlcjLtd_AM,on_demand,not_subscribed,US,104,5,3,2,3.3038166666666666,99.1145,202.27448979591836,0,0
20260928,UCSes4X8uDrpc4X46hJKjejg,IkDS7ZhVkA4,on_demand,not_subscribed,US,104,5,16,9,130.44705,867.53944444444437,37.588364144040057,3,24.225
20260928,UCSes4X8uDrpc4X46hJKjejg,6ljakZEWb0o,on_demand,not_subscribed,NL,104,4,4,0,0.13666666666666666,0,0,0,0
20260928,UCSes4X8uDrpc4X46hJKjejg,Uo7rmLN6ANk,on_demand,not_subscribed,BR,104,4,1,0,0.055,0,0,0,0
20260928,UCSes4X8uDrpc4X46hJKjejg,duUbOIZDS7s,on_demand,not_subscribed,SE,101,30,1,0,0.0027666666666666668,0,0,0,0
20260928,UCSes4X8uDrpc4X46hJKjejg,M-M22Ac4CRE,on_demand,not_subscribed,CA,104,5,9,3,1.71045,30.63,92.818181818181813,0,0
20260928,UCSes4X8uDrpc4X46hJKjejg,pWCQrmx8beo,on_demand,not_subscribed,GB,103,17,1,1,27.44015,1646.409,54.73434175531915,0,0
20260928,UCSes4X8uDrpc4X46hJKjejg,XxNpGT_I6mk,on_demand,not_subscribed,CA,104,4,2,1,0.55166666666666664,33.1,100.3030303030303,0,0
20260928,UCSes4X8uDrpc4X46hJKjejg,f4MfVVTJ6pY,on_demand,not_subscribed,US,102,1,1,0,0.047133333333333333,0,0,1,0.047133333333333333
20260928,UCSes4X8uDrpc4X46hJKjejg,Fg65-8qGtiU,on_demand,not_subscribed,US,101,2,2,2,0.59713333333333329,17.914,36.559183673469384,0,0
20260928,UCSes4X8uDrpc4X46hJKjejg,unimgWGUpHM,on_demand,not_subscribed,IE,104,5,2,1,0.731,43.86,104.42857142857143,0,0
20260928,UCSes4X8uDrpc4X46hJKjejg,HtZ8tDkeGJY,on_demand,subscribed,RO,101,2,1,1,0.47535,28.521,48.340677966101694,0,0
20260928,UCSes4X8uDrpc4X46hJKjejg,YHtB62qU1r8,on_demand,not_subscribed,NL,102,19,1,0,0.029833333333333333,0,0,0,0
20260928,UCSes4X8uDrpc4X46hJKjejg,DG0eILXywt8,on_demand,not_subscribed,US,104,5,1,1,0.53733333333333333,32.24,82.666666666666671,0,0
20260928,UCSes4X8uDrpc4X46hJKjejg,fAZy3HtHBzA,on_demand,not_subscribed,ES,104,4,1,0,0.043833333333333335,0,0,0,0
20260928,UCSes4X8uDrpc4X46hJKjejg,OG1-VxzclcA,on_demand,not_subscribed,CA,104,5,2,0,0.0395,0,0,0,0
20260928,UCSes4X8uDrpc4X46hJKjejg,zS69CFjoay8,on_demand,not_subscribed,US,104,4,10,3,3.8733333333333335,75.8,143.01886792452831,5,2.7583333333333333
20260928,UCSes4X8uDrpc4X46hJKjejg,-CjQjOd2JEA,on_demand,not_subscribed,IT,104,5,3,0,0.15633333333333332,0,0,0,0
20260928,UCSes4X8uDrpc4X46hJKjejg,6ljakZEWb0o,on_demand,subscribed,AE,101,2,5,3,93.988066666666668,1878.1656666666668,67.975594160936183,0,0
20260928,UCSes4X8uDrpc4X46hJKjejg,oujDWGTay-Q,on_demand,not_subscribed,AU,104,5,4,2,2.5461666666666667,76.385,101.84666666666666,0,0
20260928,UCSes4X8uDrpc4X46hJKjejg,yqQ_QnY4_XU,on_demand,subscribed,IL,104,4,1,1,0.6,36,76.59574468085107,0,0
20260928,UCSes4X8uDrpc4X46hJKjejg,PeMHxUwuByQ,on_demand,not_subscribed,US,104,4,2,0,0.013333333333333334,0,0,0,0
20260928,UCSes4X8uDrpc4X46hJKjejg,i8nHff5PKGU,on_demand,not_subscribed,US,104,4,1,1,0.95166666666666666,57.1,98.448275862068968,1,0.95166666666666666
20260928,UCSes4X8uDrpc4X46hJKjejg,YHtB62qU1r8,on_demand,not_subscribed,IT,104,5,2,2,4.7512833333333333,142.5385,30.327340425531915,0,0
20260928,UCSes4X8uDrpc4X46hJKjejg,5GYyKcjXNN0,on_demand,not_subscribed,GB,104,5,3,1,1.2668333333333333,70.48,87.012345679012341,1,0.0645
20260928,UCSes4X8uDrpc4X46hJKjejg,0JHD_pApR7w,on_demand,subscribed,US,104,5,3,1,1.164,69.2,100.28985507246377,0,0
20260928,UCSes4X8uDrpc4X46hJKjejg,Rl73WZoqKzE,on_demand,not_subscribed,US,105,5,3,3,16.746333333333332,334.92666666666668,56.195749440715886,2,6.9901666666666671
20260928,UCSes4X8uDrpc4X46hJKjejg,k4-t8XMp-wg,on_demand,subscribed,US,101,9,1,1,0.47203333333333336,28.322,9.9027972027972027,1,0.47203333333333336
20260928,UCSes4X8uDrpc4X46hJKjejg,pWCQrmx8beo,on_demand,not_subscribed,PH,101,2,2,2,53.323166666666665,1599.695,53.181349734042556,0,0
20260928,UCSes4X8uDrpc4X46hJKjejg,iI6JAiouTXA,on_demand,not_subscribed,US,104,5,9,6,37.344333333333331,372.95166666666665,8.9094999203694858,1,0.035
20260928,UCSes4X8uDrpc4X46hJKjejg,gmPsKXt4foY,on_demand,not_subscribed,KR,104,4,1,1,0.17421666666666666,10.453,23.228888888888889,0,0
20260928,UCSes4X8uDrpc4X46hJKjejg,7DD0KNPPL1c,on_demand,not_subscribed,DZ,101,2,1,1,0.29528333333333334,17.717,50.62,0,0
20260928,UCSes4X8uDrpc4X46hJKjejg,-CjQjOd2JEA,on_demand,not_subscribed,PR,101,2,6,0,0.10468333333333334,0,0,0,0
20260928,UCSes4X8uDrpc4X46hJKjejg,yqQ_QnY4_XU,on_demand,not_subscribed,NG,104,5,3,1,0.8135,48.17,102.48936170212765,0,0
20260928,UCSes4X8uDrpc4X46hJKjejg,fAZy3HtHBzA,on_demand,subscribed,US,101,30,4,2,0.73063333333333336,21.548,67.3375,0,0
20260928,UCSes4X8uDrpc4X46hJKjejg,kHqq0RR6dHE,on_demand,not_subscribed,DE,104,4,2,1,0.081666666666666665,3.7,0.37148594377510041,1,0.061666666666666668
20260928,UCSes4X8uDrpc4X46hJKjejg,HwWx5nhjCx8,on_demand,not_subscribed,CA,104,5,3,1,9.4962333333333326,559.02,53.700288184438037,0,0
20260928,UCSes4X8uDrpc4X46hJKjejg,dKoSQ-63gP4,on_demand,not_subscribed,US,103,17,10,7,22.58215,192.51142857142855,31.6110720150129,2,10.131549999999999
20260928,UCSes4X8uDrpc4X46hJKjejg,BTqBJsphQTc,on_demand,not_subscribed,US,104,5,1,0,0.021,0,0,0,0
20260928,UCSes4X8uDrpc4X46hJKjejg,YWmM-Tkjmvo,on_demand,subscribed,US,104,5,2,1,0.45233333333333331,26.31,9.1354166666666661,0,0
20260928,UCSes4X8uDrpc4X46hJKjejg,1Wth6gVDv0s,on_demand,not_subscribed,US,102,19,1,0,0.0032833333333333334,0,0,0,0
20260928,UCSes4X8uDrpc4X46hJKjejg,gmPsKXt4foY,on_demand,subscribed,IT,104,4,1,1,0.72333333333333338,43.4,96.444444444444443,1,0.72333333333333338
20260928,UCSes4X8uDrpc4X46hJKjejg,XxNpGT_I6mk,on_demand,subscribed,US,104,5,1,0,0.0705,0,0,0,0
20260928,UCSes4X8uDrpc4X46hJKjejg,-CjQjOd2JEA,on_demand,not_subscribed,ID,101,2,2,0,0.10406666666666667,0,0,0,0
20260928,UCSes4X8uDrpc4X46hJKjejg,SkSLumMmvbc,on_demand,not_subscribed,GB,104,4,2,1,0.66833333333333333,37.5,98.6842105263158,0,0
20260928,UCSes4X8uDrpc4X46hJKjejg,YHtB62qU1r8,on_demand,not_subscribed,NZ,102,4,2,2,12.060283333333333,361.8085,76.980531914893618,1,7.70465
20260928,UCSes4X8uDrpc4X46hJKjejg,YHtB62qU1r8,on_demand,not_subscribed,ID,101,2,1,0,0.0067333333333333334,0,0,0,0
20260928,UCSes4X8uDrpc4X46hJKjejg,LzBT_ftAo90,on_demand,subscribed,US,104,5,3,1,1.6433333333333333,95.67,105.13186813186813,0,0
20260928,UCSes4X8uDrpc4X46hJKjejg,NtvrlkDkUWY,on_demand,not_subscribed,PH,104,5,1,1,0.38533333333333336,23.12,39.862068965517238,1,0.38533333333333336
20260928,UCSes4X8uDrpc4X46hJKjejg,sGp0GTGccKY,on_demand,not_subscribed,US,104,5,4,3,0.45166666666666666,7.3933333333333335,10.561904761904762,0,0
20260928,UCSes4X8uDrpc4X46hJKjejg,JZgusHsQ0l4,on_demand,subscribed,CA,104,4,1,1,0.25666666666666665,15.4,29.615384615384617,1,0.25666666666666665
20260928,UCSes4X8uDrpc4X46hJKjejg,7HuaEHVdk6c,on_demand,not_subscribed,SN,104,4,1,1,0.66166666666666663,39.7,38.543689320388353,0,0
20260928,UCSes4X8uDrpc4X46hJKjejg,JCJN0n3wG88,on_demand,not_subscribed,US,102,1,1,0,0.01555,0,0,0,0
20260928,UCSes4X8uDrpc4X46hJKjejg,f4MfVVTJ6pY,on_demand,not_subscribed,PH,104,4,1,1,0.35666666666666669,21.4,1.3017031630170317,0,0
20260928,UCSes4X8uDrpc4X46hJKjejg,Rl73WZoqKzE,on_demand,not_subscribed,GB,101,9,1,0,0.1547,0,0,0,0
20260928,UCSes4X8uDrpc4X46hJKjejg,-9jvIbYHhag,on_demand,not_subscribed,US,104,5,2,2,2.4913333333333334,74.74,47.0062893081761,0,0
20260928,UCSes4X8uDrpc4X46hJKjejg,op6JvrFdWrY,on_demand,not_subscribed,NG,104,5,2,1,0.70233333333333337,42.14,175.58333333333334,0,0
20260928,UCSes4X8uDrpc4X46hJKjejg,yqQ_QnY4_XU,on_demand,not_subscribed,US,102,1,1,1,0.2733,16.398,34.889361702127658,0,0
20260928,UCSes4X8uDrpc4X46hJKjejg,jCAYf9Ha0xY,on_demand,not_subscribed,GB,104,5,2,1,0.906,54.15,71.25,0,0
20260928,UCSes4X8uDrpc4X46hJKjejg,5WC7gUC932A,on_demand,subscribed,TH,104,5,1,1,0.0745,4.47,3.02027027027027,1,0.0745
20260928,UCSes4X8uDrpc4X46hJKjejg,l5M2ICRhyEA,on_demand,not_subscribed,GB,101,2,2,1,0.6373833333333333,38.243,115.88787878787879,0,0
20260928,UCSes4X8uDrpc4X46hJKjejg,gmPsKXt4foY,on_demand,subscribed,GR,104,4,1,1,0.08,4.8,10.666666666666666,0,0
20260928,UCSes4X8uDrpc4X46hJKjejg,BeZUS-lZ4qs,on_demand,subscribed,ZA,102,4,1,1,35.641416666666665,2138.485,69.027921239509368,0,0
20260928,UCSes4X8uDrpc4X46hJKjejg,fAZy3HtHBzA,on_demand,not_subscribed,US,102,26,9,6,2.1109833333333334,20.918333333333333,65.369791666666671,1,0.1129
20260928,UCSes4X8uDrpc4X46hJKjejg,gTMjT4y5LHE,on_demand,not_subscribed,RO,104,5,1,0,0.020833333333333332,0,0,0,0
20260928,UCSes4X8uDrpc4X46hJKjejg,hEO-PuZ2_5c,on_demand,not_subscribed,AU,101,2,1,1,0.12626666666666667,7.576,13.291228070175439,0,0
20260928,UCSes4X8uDrpc4X46hJKjejg,0nYtXNTW54c,on_demand,not_subscribed,MN,104,4,1,0,0.018333333333333333,0,0,0,0
20260928,UCSes4X8uDrpc4X46hJKjejg,ZojqfXQwdX8,on_demand,not_subscribed,US,104,5,1,1,0.74916666666666665,44.95,14.17981072555205,0,0
20260928,UCSes4X8uDrpc4X46hJKjejg,pWCQrmx8beo,on_demand,not_subscribed,AU,101,2,1,0,0.073616666666666664,0,0,0,0
20260928,UCSes4X8uDrpc4X46hJKjejg,jBfaq_xSLUs,on_demand,not_subscribed,US,104,4,1,0,0,0,0,0,0
20260928,UCSes4X8uDrpc4X46hJKjejg,Rl73WZoqKzE,on_demand,not_subscribed,CA,104,4,4,0,0.14,0,0,0,0
20260928,UCSes4X8uDrpc4X46hJKjejg,gTMjT4y5LHE,on_demand,not_subscribed,MR,104,5,1,1,8.2173333333333325,493.04,99.805668016194332,0,0
20260928,UCSes4X8uDrpc4X46hJKjejg,op6JvrFdWrY,on_demand,not_subscribed,US,102,1,1,1,0.16801666666666668,10.081,42.00416666666667,0,0
20260928,UCSes4X8uDrpc4X46hJKjejg,fAZy3HtHBzA,on_demand,not_subscribed,US,102,12,1,1,0.29641666666666666,17.785,55.578125,1,0.29641666666666666
20260928,UCSes4X8uDrpc4X46hJKjejg,gmPsKXt4foY,on_demand,not_subscribed,GB,104,5,6,4,2.8708333333333331,43.0625,95.694444444444443,0,0
20260928,UCSes4X8uDrpc4X46hJKjejg,Rl73WZoqKzE,on_demand,not_subscribed,IN,104,4,2,0,0.036666666666666667,0,0,0,0
20260928,UCSes4X8uDrpc4X46hJKjejg,dKoSQ-63gP4,on_demand,not_subscribed,HK,104,4,2,0,0.025,0,0,0,0
20260928,UCSes4X8uDrpc4X46hJKjejg,op6JvrFdWrY,on_demand,subscribed,US,101,9,6,1,1.47805,47.509,197.95416666666668,1,0.044216666666666668
20260928,UCSes4X8uDrpc4X46hJKjejg,R09S9nSIyEk,on_demand,subscribed,US,104,5,2,2,12.056,361.68,9.2077393075356415,0,0
20260928,UCSes4X8uDrpc4X46hJKjejg,e7CxdG8sNlA,on_demand,not_subscribed,UG,104,5,1,0,0.010666666666666666,0,0,0,0
20260928,UCSes4X8uDrpc4X46hJKjejg,tIFk16TQrU4,on_demand,not_subscribed,US,101,2,2,0,0.08245,0,0,0,0
20260928,UCSes4X8uDrpc4X46hJKjejg,unimgWGUpHM,on_demand,subscribed,IE,105,5,3,1,1.6763333333333332,100.58,239.47619047619048,3,1.6763333333333332
20260928,UCSes4X8uDrpc4X46hJKjejg,50MHq47IaLU,on_demand,not_subscribed,US,104,4,12,6,8.6095,84.76166666666667,73.705797101449278,0,0
20260928,UCSes4X8uDrpc4X46hJKjejg,gTMjT4y5LHE,on_demand,not_subscribed,AU,103,10,7,5,13.406316666666667,159.6738,32.322631578947366,3,5.4022499999999996
20260928,UCSes4X8uDrpc4X46hJKjejg,J6rzMuvuMuo,on_demand,not_subscribed,CN,101,2,2,1,1.23665,74.199,103.05416666666666,0,0
20260928,UCSes4X8uDrpc4X46hJKjejg,oclZFI8L9Sw,on_demand,not_subscribed,US,104,5,4,1,1.4338333333333333,85.39,100.45882352941176,0,0
20260928,UCSes4X8uDrpc4X46hJKjejg,9zaom3QbjYs,on_demand,not_subscribed,FR,101,2,2,0,0.12206666666666667,0,0,0,0
20260928,UCSes4X8uDrpc4X46hJKjejg,5GYyKcjXNN0,on_demand,not_subscribed,DE,104,5,2,1,0.18033333333333335,9.11,11.246913580246913,0,0
20260928,UCSes4X8uDrpc4X46hJKjejg,OkzI_U0uKes,on_demand,subscribed,CA,104,4,1,1,9.2433333333333341,554.6,53.844660194174757,0,0
20260928,UCSes4X8uDrpc4X46hJKjejg,BeZUS-lZ4qs,on_demand,not_subscribed,FR,101,2,1,0,0.00068333333333333332,0,0,0,0
20260928,UCSes4X8uDrpc4X46hJKjejg,WAYYE5BMG6c,on_demand,subscribed,US,104,5,11,4,20.4235,300.4375,15.829162276080083,1,0.2765
20260928,UCSes4X8uDrpc4X46hJKjejg,zxka0rRvmaU,on_demand,not_subscribed,AU,104,5,1,1,0.15833333333333333,9.5,20.212765957446809,1,0.15833333333333333
20260928,UCSes4X8uDrpc4X46hJKjejg,iOURk-GhPG0,on_demand,not_subscribed,NG,104,4,2,2,0.15385,4.6155,15.915517241379311,0,0
20260928,UCSes4X8uDrpc4X46hJKjejg,KoxnHEXhTNQ,on_demand,subscribed,LC,104,4,1,1,0.28166666666666668,16.9,84.5,0,0
20260928,UCSes4X8uDrpc4X46hJKjejg,Rl73WZoqKzE,on_demand,subscribed,US,104,5,73,26,148.66183333333333,337.80076923076922,56.677981414558595,7,43.397333333333329
20260928,UCSes4X8uDrpc4X46hJKjejg,JZgusHsQ0l4,on_demand,not_subscribed,BG,104,5,4,1,0.31766666666666665,11.83,22.75,1,0.19716666666666666
20260928,UCSes4X8uDrpc4X46hJKjejg,R1PGLsRyKDw,on_demand,not_subscribed,US,104,4,11,0,0.20833333333333334,0,0,0,0
20260928,UCSes4X8uDrpc4X46hJKjejg,ylkL2lJvlto,on_demand,not_subscribed,US,101,2,2,1,1.7277833333333332,103.068,14.235911602209944,0,0
20260928,UCSes4X8uDrpc4X46hJKjejg,ePdXtNfowRo,on_demand,not_subscribed,NZ,104,5,1,0,0.017666666666666667,0,0,0,0
20260928,UCSes4X8uDrpc4X46hJKjejg,pWCQrmx8beo,on_demand,not_subscribed,ZA,104,4,1,0,0.0016666666666666668,0,0,0,0
20260928,UCSes4X8uDrpc4X46hJKjejg,rq61MdGS0U4,on_demand,not_subscribed,US,102,26,6,2,1.1542666666666668,26.147,4.6033450704225354,0,0
20260928,UCSes4X8uDrpc4X46hJKjejg,dgP0I7rPTlU,on_demand,not_subscribed,IN,101,2,1,1,0.4755,28.53,98.379310344827587,0,0
20260928,UCSes4X8uDrpc4X46hJKjejg,0b8eta7f8mY,on_demand,not_subscribed,GR,105,4,1,1,5.2333333333333334,314,59.582542694497157,0,0
20260928,UCSes4X8uDrpc4X46hJKjejg,op6JvrFdWrY,on_demand,not_subscribed,PH,104,4,7,0,0.28833333333333333,0,0,0,0
20260928,UCSes4X8uDrpc4X46hJKjejg,XKuQeJ6fyeA,on_demand,not_subscribed,US,104,4,6,3,1.1583333333333334,23.166666666666668,70.202020202020208,0,0
20260928,UCSes4X8uDrpc4X46hJKjejg,-8W7PIiwRYo,on_demand,not_subscribed,CA,104,4,1,0,0.0083333333333333332,0,0,0,0
20260928,UCSes4X8uDrpc4X46hJKjejg,dKoSQ-63gP4,on_demand,not_subscribed,PA,101,2,2,0,0.053766666666666664,0,0,0,0
20260928,UCSes4X8uDrpc4X46hJKjejg,gTMjT4y5LHE,on_demand,not_subscribed,KN,104,5,1,0,0.021166666666666667,0,0,0,0
20260928,UCSes4X8uDrpc4X46hJKjejg,UvWPXkksqmM,on_demand,not_subscribed,CA,104,5,4,1,11.11745,656.03,99.098187311178251,0,0
20260928,UCSes4X8uDrpc4X46hJKjejg,BvHw3ddSlms,on_demand,not_subscribed,JP,104,4,1,1,73.063333333333333,4383.8,91.807329842931935,0,0
20260928,UCSes4X8uDrpc4X46hJKjejg,rq61MdGS0U4,on_demand,not_subscribed,US,102,12,3,2,6.4003,188.4305,33.1743838028169,0,0
20260928,UCSes4X8uDrpc4X46hJKjejg,-CjQjOd2JEA,on_demand,not_subscribed,GB,102,31,1,1,0.6660166666666667,39.961,14.120494699646644,0,0
20260928,UCSes4X8uDrpc4X46hJKjejg,MEHDJ9V-lIk,on_demand,subscribed,US,102,26,2,1,34.355333333333334,2059.641,99.982572815533985,1,34.32735
20260928,UCSes4X8uDrpc4X46hJKjejg,Rl73WZoqKzE,on_demand,not_subscribed,DE,101,9,1,1,6.6371833333333337,398.231,66.817281879194624,1,6.6371833333333337
20260928,UCSes4X8uDrpc4X46hJKjejg,-9jvIbYHhag,on_demand,subscribed,US,105,5,2,1,2.6516666666666668,159.1,100.062893081761,0,0
20260928,UCSes4X8uDrpc4X46hJKjejg,6ljakZEWb0o,on_demand,not_subscribed,US,102,1,1,0,0.0734,0,0,0,0
20260928,UCSes4X8uDrpc4X46hJKjejg,-CjQjOd2JEA,on_demand,not_subscribed,GH,104,4,1,0,0.068333333333333329,0,0,0,0
20260928,UCSes4X8uDrpc4X46hJKjejg,ksJXns6KZJE,on_demand,not_subscribed,GR,104,5,1,0,0.0035,0,0,0,0
20260928,UCSes4X8uDrpc4X46hJKjejg,MEHDJ9V-lIk,on_demand,subscribed,US,102,12,1,0,0,0,0,0,0
20260928,UCSes4X8uDrpc4X46hJKjejg,PhM-zuCW28M,on_demand,not_subscribed,US,104,5,4,2,0.82475,24.0075,31.178571428571427,3,0.74275
20260928,UCSes4X8uDrpc4X46hJKjejg,YHtB62qU1r8,on_demand,not_subscribed,JP,102,4,1,0,0.023566666666666666,0,0,0,0
20260928,UCSes4X8uDrpc4X46hJKjejg,HtZ8tDkeGJY,on_demand,not_subscribed,US,103,17,2,2,0.91866666666666663,27.56,46.711864406779661,0,0
20260928,UCSes4X8uDrpc4X46hJKjejg,unimgWGUpHM,on_demand,not_subscribed,US,105,4,8,5,2.9616666666666664,35.54,84.61904761904762,0,0
20260928,UCSes4X8uDrpc4X46hJKjejg,yqQ_QnY4_XU,on_demand,not_subscribed,AU,104,4,1,1,0.43166666666666664,25.9,55.1063829787234,1,0.43166666666666664
20260928,UCSes4X8uDrpc4X46hJKjejg,6ljakZEWb0o,on_demand,subscribed,US,101,9,12,3,60.950616666666669,1214.2893333333334,43.948220533236821,1,36.680766666666663
20260928,UCSes4X8uDrpc4X46hJKjejg,4kM5P08h3q4,on_demand,not_subscribed,US,101,2,4,2,4.6742,138.0925,37.3222972972973,0,0
20260928,UCSes4X8uDrpc4X46hJKjejg,gTMjT4y5LHE,on_demand,not_subscribed,PH,101,2,15,5,14.886133333333333,176.574,35.743724696356274,3,5.7273666666666667
20260928,UCSes4X8uDrpc4X46hJKjejg,Z2aOtGIhWdM,on_demand,not_subscribed,US,104,4,3,3,10.613333333333333,212.26666666666665,33.375262054507338,0,0
20260928,UCSes4X8uDrpc4X46hJKjejg,k4-t8XMp-wg,on_demand,subscribed,MY,104,5,1,1,0.22616666666666665,13.57,4.744755244755245,0,0
20260928,UCSes4X8uDrpc4X46hJKjejg,yqQ_QnY4_XU,on_demand,subscribed,PR,104,4,2,1,0.82833333333333337,49.7,105.74468085106383,0,0
20260928,UCSes4X8uDrpc4X46hJKjejg,-CjQjOd2JEA,on_demand,not_subscribed,NZ,104,4,1,0,0,0,0,0,0
20260928,UCSes4X8uDrpc4X46hJKjejg,-CjQjOd2JEA,on_demand,not_subscribed,FR,101,2,7,3,11.91925,237.37533333333332,83.878209658421667,0,0
20260928,UCSes4X8uDrpc4X46hJKjejg,xPwrhaAV5VM,on_demand,not_subscribed,US,104,4,1,0,0.0083333333333333332,0,0,0,0
20260928,UCSes4X8uDrpc4X46hJKjejg,fAZy3HtHBzA,on_demand,subscribed,CA,102,19,2,1,0.5548,33.288,104.025,0,0
20260928,UCSes4X8uDrpc4X46hJKjejg,gTMjT4y5LHE,on_demand,not_subscribed,NL,101,9,1,1,2.9575,177.45,35.921052631578945,0,0
20260928,UCSes4X8uDrpc4X46hJKjejg,YHtB62qU1r8,on_demand,not_subscribed,NZ,104,4,2,1,2.155,129.3,27.51063829787234,1,2.155
20260928,UCSes4X8uDrpc4X46hJKjejg,YHtB62qU1r8,on_demand,not_subscribed,FR,101,2,1,1,0.047516666666666665,2.851,0.60659574468085109,0,0
20260928,UCSes4X8uDrpc4X46hJKjejg,4rZ8j7jxsMI,on_demand,not_subscribed,US,101,2,1,1,1.1535666666666666,69.214,98.877142857142857,0,0
20260928,UCSes4X8uDrpc4X46hJKjejg,dKoSQ-63gP4,on_demand,not_subscribed,GB,102,12,1,1,0.22383333333333333,13.43,2.2052545155993433,0,0
20260928,UCSes4X8uDrpc4X46hJKjejg,2n5LJUyMtAk,on_demand,not_subscribed,US,103,10,27,15,24.23245,96.214199999999991,19.052316831683168,7,4.56935
20260928,UCSes4X8uDrpc4X46hJKjejg,eu62r4NZQ3Q,on_demand,not_subscribed,AU,103,10,1,1,1.90815,114.489,56.959701492537313,0,0
20260928,UCSes4X8uDrpc4X46hJKjejg,6wZwOsYD9rQ,on_demand,not_subscribed,US,101,2,1,0,0.062233333333333335,0,0,0,0
20260928,UCSes4X8uDrpc4X46hJKjejg,j1UEQziUeqw,on_demand,not_subscribed,US,104,4,2,2,0.56746666666666667,17.024,36.221276595744683,0,0
20260928,UCSes4X8uDrpc4X46hJKjejg,BeZUS-lZ4qs,on_demand,not_subscribed,PR,101,9,1,0,0.075083333333333335,0,0,0,0
20260928,UCSes4X8uDrpc4X46hJKjejg,op6JvrFdWrY,on_demand,not_subscribed,AU,104,4,1,1,0.38833333333333331,23.3,97.083333333333329,0,0
20260928,UCSes4X8uDrpc4X46hJKjejg,6ljakZEWb0o,on_demand,not_subscribed,BE,104,5,1,0,0.066666666666666666,0,0,0,0
20260928,UCSes4X8uDrpc4X46hJKjejg,bf0XSusrN3g,on_demand,not_subscribed,DE,102,28,1,1,0.44006666666666666,26.404,71.362162162162164,0,0
20260928,UCSes4X8uDrpc4X46hJKjejg,uFRBm6GmkwU,on_demand,not_subscribed,PH,104,4,1,1,0.325,19.5,0.65195586760280844,0,0
20260928,UCSes4X8uDrpc4X46hJKjejg,J39ahAPa8Ng,on_demand,not_subscribed,US,102,26,1,1,0.083183333333333331,4.991,9.982,0,0
20260928,UCSes4X8uDrpc4X46hJKjejg,VzpX0fNoaDo,on_demand,subscribed,US,101,2,2,1,0.42011666666666669,24.505,21.6858407079646,0,0
20260928,UCSes4X8uDrpc4X46hJKjejg,op6JvrFdWrY,on_demand,subscribed,PR,104,4,1,0,0.063333333333333339,0,0,0,0
20260928,UCSes4X8uDrpc4X46hJKjejg,unimgWGUpHM,on_demand,not_subscribed,US,102,29,5,4,2.5234833333333335,37.85225,90.124404761904756,0,0
20260928,UCSes4X8uDrpc4X46hJKjejg,IkDS7ZhVkA4,on_demand,not_subscribed,KR,101,2,1,1,0.57228333333333337,34.337,1.487738301559792,0,0
20260928,UCSes4X8uDrpc4X46hJKjejg,LguyQAIoKlA,on_demand,not_subscribed,CA,104,5,1,0,0.11933333333333333,0,0,0,0
20260928,UCSes4X8uDrpc4X46hJKjejg,84XwX8zGUOk,on_demand,not_subscribed,PH,105,4,2,2,4.165,124.95,24.121621621621621,0,0
20260928,UCSes4X8uDrpc4X46hJKjejg,gTMjT4y5LHE,on_demand,not_subscribed,KR,104,5,1,0,0.025,0,0,0,0
20260928,UCSes4X8uDrpc4X46hJKjejg,BeZUS-lZ4qs,on_demand,not_subscribed,GY,104,4,1,1,11.144183333333334,668.651,21.583311814073596,0,0
20260928,UCSes4X8uDrpc4X46hJKjejg,6ljakZEWb0o,on_demand,not_subscribed,PH,104,4,16,2,3.995,111.85,4.0481360839667024,0,0
20260928,UCSes4X8uDrpc4X46hJKjejg,dgP0I7rPTlU,on_demand,not_subscribed,NL,104,5,3,1,0.94766666666666666,55.62,191.79310344827587,0,0
20260928,UCSes4X8uDrpc4X46hJKjejg,EZ7WjfAU1MI,on_demand,not_subscribed,US,102,19,1,0,0.11571666666666666,0,0,0,0
20260928,UCSes4X8uDrpc4X46hJKjejg,BeZUS-lZ4qs,on_demand,not_subscribed,AU,102,19,1,1,0.19736666666666666,11.842,0.38224661071659133,0,0
20260928,UCSes4X8uDrpc4X46hJKjejg,-CjQjOd2JEA,on_demand,not_subscribed,PH,102,19,2,1,4.7060666666666666,282.261,99.738869257950526,1,0.0017166666666666667
20260928,UCSes4X8uDrpc4X46hJKjejg,gTMjT4y5LHE,on_demand,not_subscribed,US,101,1,1,0,0.0036333333333333335,0,0,0,0
20260928,UCSes4X8uDrpc4X46hJKjejg,MEHDJ9V-lIk,on_demand,not_subscribed,CA,102,1,1,1,0.67235,40.341,1.9583009708737864,0,0
20260928,UCSes4X8uDrpc4X46hJKjejg,YHtB62qU1r8,on_demand,not_subscribed,PH,102,19,4,3,2.2745833333333332,45.205000000000005,9.61808510638298,1,1.2654333333333334
20260928,UCSes4X8uDrpc4X46hJKjejg,pWCQrmx8beo,on_demand,not_subscribed,US,102,4,2,1,0.27263333333333334,16.195,0.53839760638297873,0,0
20260928,UCSes4X8uDrpc4X46hJKjejg,1eStVxHXVaM,on_demand,not_subscribed,US,104,5,3,1,1.4753333333333334,84.3,96.896551724137936,0,0
20260928,UCSes4X8uDrpc4X46hJKjejg,198kcwoCgIY,on_demand,not_subscribed,CA,104,5,1,1,0.35366666666666668,21.22,78.5925925925926,0,0
20260928,UCSes4X8uDrpc4X46hJKjejg,-CjQjOd2JEA,on_demand,not_subscribed,UG,103,10,1,1,4.4126166666666666,264.757,93.553710247349827,0,0
20260928,UCSes4X8uDrpc4X46hJKjejg,gTMjT4y5LHE,on_demand,not_subscribed,AU,101,2,25,8,23.447683333333334,171.843,34.786032388663969,1,0.6257
20260928,UCSes4X8uDrpc4X46hJKjejg,HtZ8tDkeGJY,on_demand,not_subscribed,HK,104,4,2,1,0.995,59.7,101.1864406779661,0,0
20260928,UCSes4X8uDrpc4X46hJKjejg,YHtB62qU1r8,on_demand,subscribed,AU,101,2,1,1,0.76236666666666664,45.742,9.7323404255319144,1,0.76236666666666664
20260928,UCSes4X8uDrpc4X46hJKjejg,8ajxcRVL7g4,on_demand,not_subscribed,US,102,28,1,1,0.11198333333333334,6.719,6.3386792452830187,1,0.11198333333333334
20260928,UCSes4X8uDrpc4X46hJKjejg,yXI5JzLdcwk,on_demand,not_subscribed,US,103,10,2,1,1.42865,85.719,107.14875,0,0
20260928,UCSes4X8uDrpc4X46hJKjejg,-k1Ng7TE63Q,on_demand,not_subscribed,GB,104,4,2,1,0.6283333333333333,37.7,125.66666666666667,0,0
20260928,UCSes4X8uDrpc4X46hJKjejg,MEHDJ9V-lIk,on_demand,not_subscribed,BZ,103,10,1,1,34.32735,2059.641,99.982572815533985,0,0
20260928,UCSes4X8uDrpc4X46hJKjejg,MEHDJ9V-lIk,on_demand,subscribed,IN,101,9,1,1,1.0612833333333334,63.677,3.091116504854369,0,0
20260928,UCSes4X8uDrpc4X46hJKjejg,yqQ_QnY4_XU,on_demand,not_subscribed,BA,101,2,1,1,0.0722,4.332,9.2170212765957444,0,0
20260928,UCSes4X8uDrpc4X46hJKjejg,BeZUS-lZ4qs,on_demand,not_subscribed,JP,104,4,1,0,0.053333333333333337,0,0,0,0
20260928,UCSes4X8uDrpc4X46hJKjejg,gmPsKXt4foY,on_demand,subscribed,AT,104,5,2,2,0.203,6.09,13.533333333333333,0,0
20260928,UCSes4X8uDrpc4X46hJKjejg,raTPEA_Z12U,on_demand,not_subscribed,MX,104,4,1,0,0.015,0,0,0,0
20260928,UCSes4X8uDrpc4X46hJKjejg,gmPsKXt4foY,on_demand,not_subscribed,SE,104,4,1,0,0.045,0,0,0,0
20260928,UCSes4X8uDrpc4X46hJKjejg,gTMjT4y5LHE,on_demand,not_subscribed,DE,103,17,1,1,0.16866666666666666,10.12,2.048582995951417,0,0
20260928,UCSes4X8uDrpc4X46hJKjejg,dKoSQ-63gP4,on_demand,not_subscribed,VI,104,5,1,0,0.052666666666666667,0,0,0,0
20260928,UCSes4X8uDrpc4X46hJKjejg,op6JvrFdWrY,on_demand,subscribed,MY,104,5,1,1,0.11183333333333334,6.71,27.958333333333332,1,0.11183333333333334
20260928,UCSes4X8uDrpc4X46hJKjejg,-CjQjOd2JEA,on_demand,not_subscribed,DE,102,31,2,2,1.87265,56.1795,19.851413427561837,0,0
20260928,UCSes4X8uDrpc4X46hJKjejg,pWCQrmx8beo,on_demand,not_subscribed,PH,101,9,2,0,0.12756666666666666,0,0,0,0
20260928,UCSes4X8uDrpc4X46hJKjejg,BKajt53aHGo,on_demand,not_subscribed,DE,104,4,2,1,0.71333333333333337,42.8,99.534883720930239,0,0
20260928,UCSes4X8uDrpc4X46hJKjejg,-CjQjOd2JEA,on_demand,not_subscribed,PR,101,9,2,0,0.063483333333333336,0,0,0,0
20260928,UCSes4X8uDrpc4X46hJKjejg,l5M2ICRhyEA,on_demand,not_subscribed,US,105,5,9,6,0.598,5.2316666666666665,15.853535353535353,0,0
20260928,UCSes4X8uDrpc4X46hJKjejg,-CjQjOd2JEA,on_demand,not_subscribed,TT,103,10,1,0,0.0055666666666666668,0,0,0,0
20260928,UCSes4X8uDrpc4X46hJKjejg,QgeCWQjxuLA,on_demand,not_subscribed,US,101,9,3,1,1.0033333333333334,52.487,128.01707317073172,0,0
20260928,UCSes4X8uDrpc4X46hJKjejg,YHtB62qU1r8,on_demand,not_subscribed,PR,101,9,1,0,0.00285,0,0,0,0
20260928,UCSes4X8uDrpc4X46hJKjejg,Ox7Rrh40O2o,on_demand,not_subscribed,US,104,4,3,3,3.1733333333333333,63.466666666666669,79.333333333333329,0,0
20260928,UCSes4X8uDrpc4X46hJKjejg,WAYYE5BMG6c,on_demand,subscribed,CD,101,2,4,1,0.22608333333333333,11.672,0.61496311907270806,0,0
20260928,UCSes4X8uDrpc4X46hJKjejg,j1UEQziUeqw,on_demand,not_subscribed,AE,104,4,1,1,0.07,4.2,8.9361702127659566,0,0
20260928,UCSes4X8uDrpc4X46hJKjejg,0b8eta7f8mY,on_demand,not_subscribed,GB,104,5,3,1,0.28116666666666668,12.04,2.284629981024668,1,0.20066666666666666
20260928,UCSes4X8uDrpc4X46hJKjejg,fAZy3HtHBzA,on_demand,not_subscribed,VI,102,1,3,1,1.1045166666666666,66.271,207.096875,0,0
20260928,UCSes4X8uDrpc4X46hJKjejg,6ljakZEWb0o,on_demand,not_subscribed,AU,104,4,9,3,1.3766666666666667,27,0.9771986970684039,2,1.17
20260928,UCSes4X8uDrpc4X46hJKjejg,unimgWGUpHM,on_demand,subscribed,US,104,4,90,47,29.000366666666668,36.395893617021279,86.656889564336367,22,7.74
20260928,UCSes4X8uDrpc4X46hJKjejg,5xA-FaYOc_0,on_demand,not_subscribed,GY,104,4,1,1,0.18333333333333332,11,25,0,0
20260928,UCSes4X8uDrpc4X46hJKjejg,YHtB62qU1r8,on_demand,not_subscribed,ID,101,9,1,0,0,0,0,0,0
20260928,UCSes4X8uDrpc4X46hJKjejg,91WKuG0roa4,on_demand,not_subscribed,RU,104,5,1,1,0.207,12.42,18.264705882352942,0,0
20260928,UCSes4X8uDrpc4X46hJKjejg,dgP0I7rPTlU,on_demand,not_subscribed,US,102,26,2,2,0.60748333333333338,18.2245,62.843103448275862,0,0
20260928,UCSes4X8uDrpc4X46hJKjejg,-CjQjOd2JEA,on_demand,subscribed,ZA,104,4,2,1,4.73,282.3,99.752650176678443,0,0
20260928,UCSes4X8uDrpc4X46hJKjejg,-CjQjOd2JEA,on_demand,not_subscribed,AU,102,19,4,2,1.9144833333333333,54.5165,19.263780918727914,1,0.28581666666666666
20260928,UCSes4X8uDrpc4X46hJKjejg,gTMjT4y5LHE,on_demand,not_subscribed,ZA,104,4,7,1,0.53333333333333333,20.6,4.17004048582996,0,0
20260928,UCSes4X8uDrpc4X46hJKjejg,tIFk16TQrU4,on_demand,not_subscribed,IL,104,4,1,1,0.26666666666666666,16,47.058823529411768,0,0
20260928,UCSes4X8uDrpc4X46hJKjejg,JwDkO74iC-w,on_demand,not_subscribed,US,105,4,1,1,4.4327,265.962,5.0804584527220626,0,0
20260928,UCSes4X8uDrpc4X46hJKjejg,J39ahAPa8Ng,on_demand,not_subscribed,CA,101,9,1,0,0.02075,0,0,0,0
20260928,UCSes4X8uDrpc4X46hJKjejg,YHtB62qU1r8,on_demand,not_subscribed,AU,102,19,3,3,8.1981333333333328,163.96266666666665,34.885673758865245,0,0
20260928,UCSes4X8uDrpc4X46hJKjejg,YHtB62qU1r8,on_demand,not_subscribed,BR,103,10,1,1,0.16696666666666668,10.018,2.1314893617021275,0,0
20260928,UCSes4X8uDrpc4X46hJKjejg,A7YpyzGt_6c,on_demand,not_subscribed,US,104,5,1,0,0.013666666666666667,0,0,0,0
20260928,UCSes4X8uDrpc4X46hJKjejg,BvHw3ddSlms,on_demand,not_subscribed,US,102,29,1,1,0.26421666666666666,15.853,0.332,0,0
20260928,UCSes4X8uDrpc4X46hJKjejg,5GYyKcjXNN0,on_demand,not_subscribed,MX,104,4,1,0,0.065,0,0,0,0
20260928,UCSes4X8uDrpc4X46hJKjejg,UvWPXkksqmM,on_demand,subscribed,DO,104,4,1,1,9,540,81.570996978851966,0,0
20260928,UCSes4X8uDrpc4X46hJKjejg,XB6TixLR2cg,on_demand,subscribed,IL,104,4,3,2,0.52166666666666661,15.55,42.027027027027025,0,0
20260928,UCSes4X8uDrpc4X46hJKjejg,Rl73WZoqKzE,on_demand,not_subscribed,HK,102,4,1,1,0.5997,35.982,6.0372483221476507,0,0
20260928,UCSes4X8uDrpc4X46hJKjejg,gmPsKXt4foY,on_demand,subscribed,DE,105,5,1,0,0.014166666666666666,0,0,0,0
20260928,UCSes4X8uDrpc4X46hJKjejg,6ljakZEWb0o,on_demand,not_subscribed,TH,104,5,2,0,0.06,0,0,0,0
20260928,UCSes4X8uDrpc4X46hJKjejg,BeZUS-lZ4qs,on_demand,not_subscribed,UG,101,2,1,1,27.5434,1652.604,53.344222078760488,0,0
20260928,UCSes4X8uDrpc4X46hJKjejg,l5M2ICRhyEA,on_demand,not_subscribed,GB,101,9,1,0,0.00093333333333333332,0,0,0,0
20260928,UCSes4X8uDrpc4X46hJKjejg,fAZy3HtHBzA,on_demand,not_subscribed,AU,104,5,1,0,0.0098333333333333328,0,0,1,0.0098333333333333328
20260928,UCSes4X8uDrpc4X46hJKjejg,-CjQjOd2JEA,on_demand,not_subscribed,HR,104,4,2,0,0.005,0,0,0,0
20260928,UCSes4X8uDrpc4X46hJKjejg,6ljakZEWb0o,on_demand,not_subscribed,SG,104,5,1,1,0.94366666666666665,56.62,2.0492218602967789,0,0
20260928,UCSes4X8uDrpc4X46hJKjejg,0JHD_pApR7w,on_demand,not_subscribed,VN,104,4,1,0,0.005,0,0,0,0
20260928,UCSes4X8uDrpc4X46hJKjejg,fAZy3HtHBzA,on_demand,subscribed,PR,104,5,1,0,0.023166666666666665,0,0,0,0
20260928,UCSes4X8uDrpc4X46hJKjejg,gmPsKXt4foY,on_demand,not_subscribed,SG,101,9,1,0,0.0067666666666666665,0,0,0,0
20260928,UCSes4X8uDrpc4X46hJKjejg,iOURk-GhPG0,on_demand,not_subscribed,US,101,2,1,0,0.0041333333333333335,0,0,0,0
20260928,UCSes4X8uDrpc4X46hJKjejg,-CjQjOd2JEA,on_demand,not_subscribed,JP,104,4,1,0,0.075,0,0,0,0
20260928,UCSes4X8uDrpc4X46hJKjejg,MEHDJ9V-lIk,on_demand,not_subscribed,CI,102,4,2,0,0.032733333333333337,0,0,0,0
20260928,UCSes4X8uDrpc4X46hJKjejg,gTMjT4y5LHE,on_demand,not_subscribed,AT,102,31,2,2,8.11095,243.3285,49.256781376518219,0,0
20260928,UCSes4X8uDrpc4X46hJKjejg,x9aP35H3Wlc,on_demand,not_subscribed,US,104,5,3,2,0.84491666666666665,24.6525,48.338235294117645,1,0.66683333333333328
20260928,UCSes4X8uDrpc4X46hJKjejg,BeZUS-lZ4qs,on_demand,subscribed,US,102,4,12,9,258.2055,1719.4805555555556,55.502923032781005,3,24.847749999999998
20260928,UCSes4X8uDrpc4X46hJKjejg,YHtB62qU1r8,on_demand,not_subscribed,JP,104,4,1,1,4.20385,252.231,53.666170212765955,0,0
20260928,UCSes4X8uDrpc4X46hJKjejg,QxkwRERjZgA,on_demand,not_subscribed,KR,104,4,3,1,0.25166666666666665,14.8,25.517241379310345,0,0
20260928,UCSes4X8uDrpc4X46hJKjejg,MEHDJ9V-lIk,on_demand,subscribed,PH,104,5,1,1,8.0786666666666669,484.72,23.530097087378639,1,8.0786666666666669
20260928,UCSes4X8uDrpc4X46hJKjejg,QngqvwK8eW0,on_demand,subscribed,US,104,4,1,1,0.083333333333333329,5,10.204081632653061,0,0
20260928,UCSes4X8uDrpc4X46hJKjejg,2n5LJUyMtAk,on_demand,not_subscribed,US,101,2,276,78,288.83946666666668,217.26151282051282,43.0220817466362,10,39.530483333333336
20260928,UCSes4X8uDrpc4X46hJKjejg,JwDkO74iC-w,on_demand,not_subscribed,US,102,29,2,2,0.8595666666666667,25.787,0.49258834765998089,0,0
20260928,UCSes4X8uDrpc4X46hJKjejg,PY_VRF7d7kc,on_demand,not_subscribed,US,103,17,1,0,0.09285,0,0,0,0
20260928,UCSes4X8uDrpc4X46hJKjejg,CCN0lPiw7Lc,on_demand,not_subscribed,HR,104,4,2,1,1.4666666666666666,88,118.91891891891892,0,0
20260928,UCSes4X8uDrpc4X46hJKjejg,-CjQjOd2JEA,on_demand,not_subscribed,SE,105,5,2,2,5.3661666666666665,160.985,56.885159010600709,1,0.69533333333333336
20260928,UCSes4X8uDrpc4X46hJKjejg,rScJj_0-t-o,on_demand,not_subscribed,US,101,9,1,0,0,0,0,0,0
20260928,UCSes4X8uDrpc4X46hJKjejg,6wZwOsYD9rQ,on_demand,not_subscribed,US,100,1,1,1,5.4961333333333338,329.768,63.416923076923077,0,0
20260928,UCSes4X8uDrpc4X46hJKjejg,9zaom3QbjYs,on_demand,not_subscribed,NL,101,30,2,2,12.704766666666666,381.143,50.216469038208167,0,0
20260928,UCSes4X8uDrpc4X46hJKjejg,l5M2ICRhyEA,on_demand,not_subscribed,CA,104,4,12,6,4.9172166666666666,48.333333333333336,146.46464646464648,2,0.60833333333333339
20260928,UCSes4X8uDrpc4X46hJKjejg,6ljakZEWb0o,on_demand,subscribed,MY,104,5,1,1,0.174,10.44,0.37785016286644951,0,0
20260928,UCSes4X8uDrpc4X46hJKjejg,BeZUS-lZ4qs,on_demand,not_subscribed,PH,102,1,1,0,0.033416666666666664,0,0,0,0
20260928,UCSes4X8uDrpc4X46hJKjejg,yqQ_QnY4_XU,on_demand,subscribed,FR,104,4,1,1,0.60333333333333339,36.2,77.021276595744681,0,0
20260928,UCSes4X8uDrpc4X46hJKjejg,gTMjT4y5LHE,on_demand,not_subscribed,BW,101,2,1,1,7.0258833333333337,421.553,85.33461538461539,0,0
20260928,UCSes4X8uDrpc4X46hJKjejg,VEECY3LVcsA,on_demand,not_subscribed,US,103,10,1,1,0.13353333333333334,8.012,23.564705882352943,0,0
20260928,UCSes4X8uDrpc4X46hJKjejg,PnFBmHRQrFc,on_demand,not_subscribed,US,104,4,1,1,5.65305,339.183,97.74726224783862,0,0
20260928,UCSes4X8uDrpc4X46hJKjejg,KWIVBbqRwZ8,on_demand,not_subscribed,ZA,104,4,1,1,0.11666666666666667,7,19.444444444444443,0,0
20260928,UCSes4X8uDrpc4X46hJKjejg,tIFk16TQrU4,on_demand,not_subscribed,US,101,9,2,1,0.67196666666666671,40.318,118.58235294117647,0,0
20260928,UCSes4X8uDrpc4X46hJKjejg,k4-t8XMp-wg,on_demand,subscribed,CA,101,2,1,0,0.02505,0,0,0,0
20260928,UCSes4X8uDrpc4X46hJKjejg,l5M2ICRhyEA,on_demand,not_subscribed,IN,104,4,2,1,0.54333333333333333,29.8,90.3030303030303,1,0.49666666666666665
20260928,UCSes4X8uDrpc4X46hJKjejg,fAZy3HtHBzA,on_demand,subscribed,PH,105,5,1,1,0.27066666666666667,16.24,50.75,1,0.27066666666666667
20260928,UCSes4X8uDrpc4X46hJKjejg,BeZUS-lZ4qs,on_demand,subscribed,PH,101,9,1,1,19.706416666666666,1182.385,38.166074887023889,0,0
20260928,UCSes4X8uDrpc4X46hJKjejg,M-M22Ac4CRE,on_demand,not_subscribed,MQ,101,2,1,0,0,0,0,0,0
20260928,UCSes4X8uDrpc4X46hJKjejg,JOMMjWncBzA,on_demand,not_subscribed,GB,104,4,1,1,1.03215,61.929,82.572,0,0
20260928,UCSes4X8uDrpc4X46hJKjejg,FCAC9ZyPn_4,on_demand,not_subscribed,US,104,5,3,1,0.3515,20.01,4.5477272727272728,0,0
20260928,UCSes4X8uDrpc4X46hJKjejg,9zaom3QbjYs,on_demand,not_subscribed,US,105,4,1,1,5.7133333333333329,342.8,45.164690382081687,0,0
20260928,UCSes4X8uDrpc4X46hJKjejg,iOURk-GhPG0,on_demand,not_subscribed,TW,104,4,1,1,0.028416666666666666,1.705,5.8793103448275863,0,0
20260928,UCSes4X8uDrpc4X46hJKjejg,gTMjT4y5LHE,on_demand,not_subscribed,IE,105,5,1,1,1.5534333333333334,93.206,18.86761133603239,0,0
20260928,UCSes4X8uDrpc4X46hJKjejg,BeZUS-lZ4qs,on_demand,not_subscribed,US,105,4,5,5,132.42966666666666,1589.156,51.296191091026472,0,0
20260928,UCSes4X8uDrpc4X46hJKjejg,F0PO_64UfwU,on_demand,not_subscribed,US,102,4,1,1,10.309433333333333,618.566,101.57077175697866,0,0
20260928,UCSes4X8uDrpc4X46hJKjejg,-CjQjOd2JEA,on_demand,not_subscribed,UA,101,2,1,0,0.0035166666666666666,0,0,0,0
20260928,UCSes4X8uDrpc4X46hJKjejg,HtZ8tDkeGJY,on_demand,not_subscribed,CA,105,5,1,1,0.067333333333333328,4.04,6.8474576271186445,1,0.067333333333333328
20260928,UCSes4X8uDrpc4X46hJKjejg,yXI5JzLdcwk,on_demand,not_subscribed,US,101,2,3,0,0.14461666666666667,0,0,0,0
20260928,UCSes4X8uDrpc4X46hJKjejg,-CjQjOd2JEA,on_demand,not_subscribed,CH,101,2,2,0,0.10283333333333333,0,0,0,0
20260928,UCSes4X8uDrpc4X46hJKjejg,l5M2ICRhyEA,on_demand,subscribed,US,104,5,28,8,7.32145,52.367625,158.68977272727273,3,0.1215
20260928,UCSes4X8uDrpc4X46hJKjejg,u9yo-7_Ly7M,on_demand,not_subscribed,US,104,5,4,2,4.1835,124.455,22.628181818181819,2,4.1485
20260928,UCSes4X8uDrpc4X46hJKjejg,5GYyKcjXNN0,on_demand,not_subscribed,GR,104,5,2,1,1.0865,65.19,80.481481481481481,0,0
20260928,UCSes4X8uDrpc4X46hJKjejg,0b8eta7f8mY,on_demand,not_subscribed,DE,104,5,1,1,12.8642,771.852,146.46148007590133,0,0
20260928,UCSes4X8uDrpc4X46hJKjejg,YHtB62qU1r8,on_demand,not_subscribed,CH,101,2,1,1,7.57025,454.215,96.641489361702128,0,0
20260928,UCSes4X8uDrpc4X46hJKjejg,pWCQrmx8beo,on_demand,not_subscribed,US,104,4,21,8,59.173716666666664,440.25325,14.636078789893617,1,28.268333333333334
20260928,UCSes4X8uDrpc4X46hJKjejg,ksJXns6KZJE,on_demand,not_subscribed,IE,104,5,1,1,0.51583333333333337,30.95,41.266666666666666,0,0
20260928,UCSes4X8uDrpc4X46hJKjejg,-CjQjOd2JEA,on_demand,subscribed,US,102,4,6,3,2.2773,42.342,14.961837455830389,4,2.1604833333333335
20260928,UCSes4X8uDrpc4X46hJKjejg,Rl73WZoqKzE,on_demand,not_subscribed,US,103,17,11,7,9.0696166666666667,74.979571428571418,12.580465004793863,1,0.1076
20260928,UCSes4X8uDrpc4X46hJKjejg,I171VNwMlEo,on_demand,not_subscribed,US,102,26,1,1,23.645166666666668,1418.71,53.0160687593423,0,0
20260928,UCSes4X8uDrpc4X46hJKjejg,MEHDJ9V-lIk,on_demand,subscribed,AU,104,5,1,1,7.2891666666666666,437.35,21.230582524271846,1,7.2891666666666666
20260928,UCSes4X8uDrpc4X46hJKjejg,gTMjT4y5LHE,on_demand,not_subscribed,US,102,4,47,32,57.12233333333333,104.367625,21.1270495951417,8,3.6251333333333338
20260928,UCSes4X8uDrpc4X46hJKjejg,YHtB62qU1r8,on_demand,subscribed,US,102,4,2,2,0.65093333333333336,19.528,4.1548936170212762,2,0.65093333333333336
20260928,UCSes4X8uDrpc4X46hJKjejg,PVOl1jy_sPs,on_demand,not_subscribed,US,101,2,2,1,0.19173333333333334,11.379,3.2053521126760565,0,0
20260928,UCSes4X8uDrpc4X46hJKjejg,wLJcRS0NJX0,on_demand,not_subscribed,US,104,5,3,1,3.7838333333333334,216.03,118.04918032786885,0,0
20260928,UCSes4X8uDrpc4X46hJKjejg,ncc0PEKBAFY,on_demand,subscribed,US,104,5,1,1,0.9305,55.83,63.44318181818182,0,0
20260928,UCSes4X8uDrpc4X46hJKjejg,9zaom3QbjYs,on_demand,not_subscribed,US,102,29,4,4,14.4334,216.501,28.524505928853756,0,0
20260928,UCSes4X8uDrpc4X46hJKjejg,HwWx5nhjCx8,on_demand,not_subscribed,HK,104,5,1,1,1.89,113.4,10.893371757925072,0,0
20260928,UCSes4X8uDrpc4X46hJKjejg,yqQ_QnY4_XU,on_demand,subscribed,CA,101,2,5,0,0.0346,0,0,0,0
20260928,UCSes4X8uDrpc4X46hJKjejg,18S1GBfKaIo,on_demand,not_subscribed,US,101,2,1,0,0,0,0,0,0
20260928,UCSes4X8uDrpc4X46hJKjejg,6ljakZEWb0o,on_demand,not_subscribed,US,101,30,3,0,0.24403333333333332,0,0,0,0
20260928,UCSes4X8uDrpc4X46hJKjejg,sRIO-T5dRjA,on_demand,not_subscribed,US,102,28,1,1,0.48563333333333331,29.138,104.06428571428572,0,0
20260928,UCSes4X8uDrpc4X46hJKjejg,glMYlkjTPJA,on_demand,not_subscribed,PK,104,5,1,0,0.021166666666666667,0,0,0,0
20260928,UCSes4X8uDrpc4X46hJKjejg,BeZUS-lZ4qs,on_demand,not_subscribed,US,102,29,66,60,1159.7997166666667,1159.67875,37.433142349903164,7,53.066500000000005
20260928,UCSes4X8uDrpc4X46hJKjejg,-CjQjOd2JEA,on_demand,not_subscribed,TT,101,2,1,0,0.094416666666666663,0,0,0,0
20260928,UCSes4X8uDrpc4X46hJKjejg,h5VfJsb9IJI,on_demand,subscribed,US,104,5,1,0,0.0105,0,0,0,0
20260928,UCSes4X8uDrpc4X46hJKjejg,p5XiosuCXB8,on_demand,not_subscribed,BA,101,2,1,0,0.010316666666666667,0,0,0,0
20260928,UCSes4X8uDrpc4X46hJKjejg,gTMjT4y5LHE,on_demand,subscribed,FR,101,2,1,0,0.025866666666666666,0,0,0,0
20260928,UCSes4X8uDrpc4X46hJKjejg,FPS5TgQX95c,on_demand,not_subscribed,US,104,5,2,1,1.1251666666666666,65.8,76.511627906976742,0,0
20260928,UCSes4X8uDrpc4X46hJKjejg,YHtB62qU1r8,on_demand,not_subscribed,PH,102,1,1,1,0.2059,12.354,2.6285106382978722,0,0
20260928,UCSes4X8uDrpc4X46hJKjejg,6ljakZEWb0o,on_demand,subscribed,TH,105,5,1,1,0.33633333333333332,20.18,0.73036554469779225,0,0
20260928,UCSes4X8uDrpc4X46hJKjejg,l5M2ICRhyEA,on_demand,not_subscribed,DE,101,9,1,0,0.013266666666666666,0,0,0,0
20260928,UCSes4X8uDrpc4X46hJKjejg,fAZy3HtHBzA,on_demand,subscribed,AU,105,5,2,1,0.5575,33.45,104.53125,0,0
20260928,UCSes4X8uDrpc4X46hJKjejg,sRIO-T5dRjA,on_demand,not_subscribed,US,102,26,3,1,0.98116666666666663,58.87,210.25,0,0
20260928,UCSes4X8uDrpc4X46hJKjejg,gTMjT4y5LHE,on_demand,not_subscribed,PH,101,9,2,0,0.0088666666666666668,0,0,0,0
20260928,UCSes4X8uDrpc4X46hJKjejg,OGOmzWG_ThE,on_demand,not_subscribed,US,104,4,1,0,0.0066666666666666671,0,0,0,0
20260928,UCSes4X8uDrpc4X46hJKjejg,unimgWGUpHM,on_demand,subscribed,LK,101,9,2,1,0.76073333333333337,45.644,108.67619047619047,0,0
20260928,UCSes4X8uDrpc4X46hJKjejg,OV__mS_6Hbg,on_demand,not_subscribed,PH,104,5,1,1,2.1773333333333333,130.64,33.411764705882355,1,2.1773333333333333
20260928,UCSes4X8uDrpc4X46hJKjejg,unimgWGUpHM,on_demand,subscribed,TN,101,2,2,1,0.71526666666666672,42.916,102.18095238095238,0,0
20260928,UCSes4X8uDrpc4X46hJKjejg,-CjQjOd2JEA,on_demand,not_subscribed,US,105,4,5,5,6.7033333333333331,80.44,28.424028268551236,2,3.0683333333333334
20260928,UCSes4X8uDrpc4X46hJKjejg,-CjQjOd2JEA,on_demand,not_subscribed,FR,101,9,1,1,1.2037166666666668,72.223,25.520494699646644,0,0
20260928,UCSes4X8uDrpc4X46hJKjejg,gmPsKXt4foY,on_demand,not_subscribed,IT,104,5,2,1,0.7595,43.83,97.4,0,0
20260928,UCSes4X8uDrpc4X46hJKjejg,hkx3rs1lVDo,on_demand,not_subscribed,CA,104,5,3,1,0.39033333333333331,22.57,62.694444444444443,0,0
20260928,UCSes4X8uDrpc4X46hJKjejg,YHtB62qU1r8,on_demand,not_subscribed,US,105,4,7,7,39.7556,340.76228571428567,72.50261398176292,2,12.006666666666668
20260928,UCSes4X8uDrpc4X46hJKjejg,fAZy3HtHBzA,on_demand,not_subscribed,GB,102,29,1,0,0.062933333333333327,0,0,0,0
20260928,UCSes4X8uDrpc4X46hJKjejg,JZgusHsQ0l4,on_demand,not_subscribed,CA,104,5,6,4,3.193,47.895,92.105769230769226,1,0.64208333333333334
20260928,UCSes4X8uDrpc4X46hJKjejg,6wZwOsYD9rQ,on_demand,not_subscribed,US,101,9,1,0,0.031133333333333332,0,0,0,0
20260928,UCSes4X8uDrpc4X46hJKjejg,a_Q8pF1c6ds,on_demand,not_subscribed,BR,104,4,1,0,0.013333333333333334,0,0,0,0
20260928,UCSes4X8uDrpc4X46hJKjejg,4kM5P08h3q4,on_demand,subscribed,US,102,19,1,0,0.03665,0,0,0,0
20260928,UCSes4X8uDrpc4X46hJKjejg,ePdXtNfowRo,on_demand,not_subscribed,CA,104,4,1,1,8.5466666666666669,512.8,99.96101364522417,0,0
20260928,UCSes4X8uDrpc4X46hJKjejg,KWIVBbqRwZ8,on_demand,not_subscribed,US,102,4,1,1,0.37246666666666667,22.348,62.077777777777776,0,0
20260928,UCSes4X8uDrpc4X46hJKjejg,gTMjT4y5LHE,on_demand,not_subscribed,SE,104,5,7,0,0.21366666666666667,0,0,0,0
20260928,UCSes4X8uDrpc4X46hJKjejg,k2rjwlyjahc,on_demand,not_subscribed,ID,101,9,1,0,0.038116666666666667,0,0,0,0
20260928,UCSes4X8uDrpc4X46hJKjejg,unimgWGUpHM,on_demand,subscribed,GB,103,10,1,1,0.20323333333333332,12.194,29.033333333333335,0,0
20260928,UCSes4X8uDrpc4X46hJKjejg,iOURk-GhPG0,on_demand,not_subscribed,US,100,1,1,0,0.0357,0,0,0,0
20260928,UCSes4X8uDrpc4X46hJKjejg,dgP0I7rPTlU,on_demand,not_subscribed,PH,104,5,4,1,0.788,42.86,147.79310344827587,2,0.71433333333333338
20260928,UCSes4X8uDrpc4X46hJKjejg,WAYYE5BMG6c,on_demand,not_subscribed,JE,104,5,2,2,30.876833333333334,926.305,48.80426765015806,0,0
20260928,UCSes4X8uDrpc4X46hJKjejg,gTMjT4y5LHE,on_demand,not_subscribed,FR,102,19,2,2,7.9405333333333337,238.216,48.221862348178135,2,7.9405333333333328
20260928,UCSes4X8uDrpc4X46hJKjejg,JOMMjWncBzA,on_demand,not_subscribed,DE,104,4,1,0,0.011083333333333334,0,0,0,0
20260928,UCSes4X8uDrpc4X46hJKjejg,6ljakZEWb0o,on_demand,not_subscribed,AD,101,9,1,0,0.03155,0,0,0,0
20260928,UCSes4X8uDrpc4X46hJKjejg,0b8eta7f8mY,on_demand,not_subscribed,IL,101,2,1,0,0.011916666666666667,0,0,0,0
20260928,UCSes4X8uDrpc4X46hJKjejg,-CjQjOd2JEA,on_demand,not_subscribed,US,102,29,94,66,85.643533333333338,76.434606060606058,27.008694721062213,20,21.1684
20260928,UCSes4X8uDrpc4X46hJKjejg,2n5LJUyMtAk,on_demand,not_subscribed,US,100,1,1,1,2.52355,151.413,29.982772277227724,0,0
20260928,UCSes4X8uDrpc4X46hJKjejg,YHtB62qU1r8,on_demand,not_subscribed,US,102,29,90,54,94.72875,103.74346296296297,22.073077226162333,6,8.3834166666666654
20260928,UCSes4X8uDrpc4X46hJKjejg,tIFk16TQrU4,on_demand,not_subscribed,ID,104,4,1,1,0.35833333333333334,21.5,63.235294117647058,1,0.35833333333333334
20260928,UCSes4X8uDrpc4X46hJKjejg,op6JvrFdWrY,on_demand,subscribed,BS,104,5,3,1,0.97933333333333328,58.76,244.83333333333334,0,0
20260928,UCSes4X8uDrpc4X46hJKjejg,fAZy3HtHBzA,on_demand,subscribed,FR,104,5,2,1,0.78016666666666667,46.81,146.28125,0,0
20260928,UCSes4X8uDrpc4X46hJKjejg,foWowHF47SM,on_demand,subscribed,US,101,9,1,0,0.00175,0,0,0,0
20260928,UCSes4X8uDrpc4X46hJKjejg,mza6X5H4Mzs,on_demand,not_subscribed,US,101,9,1,0,0.013483333333333333,0,0,0,0
20260928,UCSes4X8uDrpc4X46hJKjejg,BeZUS-lZ4qs,on_demand,subscribed,US,104,4,38,15,177.04833333333335,706.14,22.793415106520335,3,50.786666666666662
20260928,UCSes4X8uDrpc4X46hJKjejg,2vf4qDJNyOw,on_demand,not_subscribed,US,104,5,1,0,0.091033333333333327,0,0,0,0
20260928,UCSes4X8uDrpc4X46hJKjejg,f4MfVVTJ6pY,on_demand,subscribed,US,102,28,1,1,1.29185,77.511,4.71478102189781,0,0
20260928,UCSes4X8uDrpc4X46hJKjejg,gTMjT4y5LHE,on_demand,not_subscribed,AU,101,9,13,6,19.302166666666668,191.97833333333332,38.86201079622132,1,2.3822833333333335
20260928,UCSes4X8uDrpc4X46hJKjejg,Rl73WZoqKzE,on_demand,subscribed,PT,104,4,2,1,9.4833333333333325,563.4,94.530201342281885,0,0
20260928,UCSes4X8uDrpc4X46hJKjejg,0JUVBPIGUg8,on_demand,not_subscribed,KE,104,4,2,1,0.65666666666666662,39.4,101.02564102564102,0,0
20260928,UCSes4X8uDrpc4X46hJKjejg,YHtB62qU1r8,on_demand,not_subscribed,NO,104,5,1,0,0.0245,0,0,0,0
20260928,UCSes4X8uDrpc4X46hJKjejg,-CjQjOd2JEA,on_demand,not_subscribed,IT,102,31,1,1,3.4068833333333335,204.413,72.230742049469967,0,0
20260928,UCSes4X8uDrpc4X46hJKjejg,8ajxcRVL7g4,on_demand,not_subscribed,AU,104,5,2,0,0.021,0,0,0,0
20260928,UCSes4X8uDrpc4X46hJKjejg,34SgPBo7SBw,on_demand,not_subscribed,DE,104,5,1,0,0.0105,0,0,0,0
20260928,UCSes4X8uDrpc4X46hJKjejg,gTMjT4y5LHE,on_demand,subscribed,ID,101,9,1,0,0.010383333333333333,0,0,0,0
20260928,UCSes4X8uDrpc4X46hJKjejg,iOURk-GhPG0,on_demand,not_subscribed,IL,104,4,2,0,0.088333333333333333,0,0,0,0
20260928,UCSes4X8uDrpc4X46hJKjejg,k4-t8XMp-wg,on_demand,subscribed,US,102,26,2,0,0.20035,0,0,0,0
20260928,UCSes4X8uDrpc4X46hJKjejg,6ljakZEWb0o,on_demand,subscribed,CA,101,2,2,0,0.0474,0,0,0,0
20260928,UCSes4X8uDrpc4X46hJKjejg,-CjQjOd2JEA,on_demand,not_subscribed,JM,102,29,1,1,1.9143666666666668,114.862,40.587279151943463,0,0
20260928,UCSes4X8uDrpc4X46hJKjejg,fAZy3HtHBzA,on_demand,subscribed,GB,104,4,10,4,2.0483333333333333,29.275,91.484375,1,0.29666666666666669
20260928,UCSes4X8uDrpc4X46hJKjejg,ID5K-VWCXew,on_demand,subscribed,CA,104,5,1,0,0.027,0,0,1,0.027
20260928,UCSes4X8uDrpc4X46hJKjejg,vj-zD3xWILM,on_demand,not_subscribed,US,104,5,1,0,0.0205,0,0,0,0
20260928,UCSes4X8uDrpc4X46hJKjejg,yqQ_QnY4_XU,on_demand,not_subscribed,CR,104,4,1,0,0.05,0,0,0,0
20260928,UCSes4X8uDrpc4X46hJKjejg,dgP0I7rPTlU,on_demand,not_subscribed,AU,104,5,3,2,0.5195,15.585,53.741379310344826,3,0.5195
20260928,UCSes4X8uDrpc4X46hJKjejg,k4-t8XMp-wg,on_demand,subscribed,US,102,12,2,0,0.10845,0,0,1,0.050333333333333334
20260928,UCSes4X8uDrpc4X46hJKjejg,qMc2Kadj1PU,on_demand,not_subscribed,PH,104,4,1,1,8.8716666666666661,532.3,77.935578330893122,0,0
20260928,UCSes4X8uDrpc4X46hJKjejg,tIFk16TQrU4,on_demand,not_subscribed,GU,104,4,2,1,0.043333333333333335,1.9,5.5882352941176467,1,0.031666666666666669
20260928,UCSes4X8uDrpc4X46hJKjejg,-8W7PIiwRYo,on_demand,not_subscribed,GG,104,5,1,1,0.95516666666666672,57.31,97.13559322033899,0,0
20260928,UCSes4X8uDrpc4X46hJKjejg,unimgWGUpHM,on_demand,subscribed,GH,104,5,2,1,0.73033333333333328,43.82,104.33333333333333,0,0
20260928,UCSes4X8uDrpc4X46hJKjejg,pWCQrmx8beo,on_demand,subscribed,US,102,29,1,1,0.7053666666666667,42.322,1.4069813829787234,0,0
20260928,UCSes4X8uDrpc4X46hJKjejg,BeZUS-lZ4qs,on_demand,not_subscribed,SA,104,5,1,1,0.0485,2.91,0.093931568754034855,1,0.0485
20260928,UCSes4X8uDrpc4X46hJKjejg,5GYyKcjXNN0,on_demand,not_subscribed,NZ,104,4,1,1,0.098333333333333328,5.9,7.283950617283951,0,0
20260928,UCSes4X8uDrpc4X46hJKjejg,yqQ_QnY4_XU,on_demand,subscribed,CH,104,4,3,2,1.1616666666666666,34.85,74.148936170212764,0,0
20260928,UCSes4X8uDrpc4X46hJKjejg,J6rzMuvuMuo,on_demand,not_subscribed,PH,104,4,1,0,0,0,0,0,0
20260928,UCSes4X8uDrpc4X46hJKjejg,-CjQjOd2JEA,on_demand,subscribed,US,104,4,22,4,12.488333333333333,179.7,63.498233215547707,1,4.0733333333333333
20260928,UCSes4X8uDrpc4X46hJKjejg,unimgWGUpHM,on_demand,not_subscribed,AL,104,5,1,1,0.30016666666666669,18.01,42.88095238095238,0,0
20260928,UCSes4X8uDrpc4X46hJKjejg,2dkfv3ZcFYc,on_demand,not_subscribed,CA,104,4,1,1,0.68588333333333329,41.153,12.0683284457478,0,0
20260928,UCSes4X8uDrpc4X46hJKjejg,M-M22Ac4CRE,on_demand,not_subscribed,DO,104,5,4,2,1.3168333333333333,39.505,119.71212121212122,0,0
20260928,UCSes4X8uDrpc4X46hJKjejg,op6JvrFdWrY,on_demand,subscribed,DK,104,4,3,1,1.0133333333333334,60.8,253.33333333333334,0,0
20260928,UCSes4X8uDrpc4X46hJKjejg,gTMjT4y5LHE,on_demand,not_subscribed,US,104,4,234,52,210.7697,235.16442307692307,47.604134226097791,13,70.665
20260928,UCSes4X8uDrpc4X46hJKjejg,2n5LJUyMtAk,on_demand,not_subscribed,AW,104,4,1,1,0.46666666666666667,28,5.5445544554455441,0,0
20260928,UCSes4X8uDrpc4X46hJKjejg,DiQL1Q4_4VM,on_demand,not_subscribed,US,104,4,5,3,1.7416666666666667,34.733333333333334,78.939393939393938,2,0.76833333333333331
20260928,UCSes4X8uDrpc4X46hJKjejg,YHtB62qU1r8,on_demand,subscribed,US,104,4,5,5,21.001666666666665,252.01999999999998,53.621276595744682,3,13.163333333333334
20260928,UCSes4X8uDrpc4X46hJKjejg,n8fMP2cKrBc,on_demand,not_subscribed,DE,104,4,1,0,0.018333333333333333,0,0,0,0
20260928,UCSes4X8uDrpc4X46hJKjejg,py5lQUziTsE,on_demand,not_subscribed,US,104,5,1,0,0.013883333333333333,0,0,0,0
20260928,UCSes4X8uDrpc4X46hJKjejg,HwWx5nhjCx8,on_demand,not_subscribed,KE,102,19,1,1,1.7759,106.554,10.235734870317003,0,0
20260928,UCSes4X8uDrpc4X46hJKjejg,unimgWGUpHM,on_demand,subscribed,AS,104,4,2,1,0.70333333333333337,42.2,100.47619047619048,0,0
20260928,UCSes4X8uDrpc4X46hJKjejg,n8fMP2cKrBc,on_demand,not_subscribed,ES,104,5,1,1,0.20966666666666667,12.58,2.872146118721461,0,0
20260928,UCSes4X8uDrpc4X46hJKjejg,yqQ_QnY4_XU,on_demand,subscribed,TT,104,4,2,1,0.91333333333333333,54.8,116.59574468085107,0,0
20260928,UCSes4X8uDrpc4X46hJKjejg,op6JvrFdWrY,on_demand,subscribed,CH,104,4,2,1,0.39333333333333331,23.6,98.333333333333329,0,0
20260928,UCSes4X8uDrpc4X46hJKjejg,0b8eta7f8mY,on_demand,not_subscribed,TW,101,9,1,1,5.0300833333333337,301.805,57.2685009487666,1,5.0300833333333337
20260928,UCSes4X8uDrpc4X46hJKjejg,HCZIc9OVy1o,on_demand,subscribed,US,101,2,2,1,48.46521666666667,2907.008,99.965887207702892,0,0
20260928,UCSes4X8uDrpc4X46hJKjejg,f4MfVVTJ6pY,on_demand,not_subscribed,CA,102,1,1,1,0.53335,32.001,1.9465328467153284,0,0
20260928,UCSes4X8uDrpc4X46hJKjejg,2n5LJUyMtAk,on_demand,not_subscribed,US,101,9,120,45,186.13303333333334,244.75628888888889,48.466591859185918,3,2.6422166666666667
20260928,UCSes4X8uDrpc4X46hJKjejg,MEHDJ9V-lIk,on_demand,not_subscribed,BR,104,5,1,0,0.017833333333333333,0,0,0,0
20260928,UCSes4X8uDrpc4X46hJKjejg,JZgusHsQ0l4,on_demand,not_subscribed,SE,101,9,3,2,0.94018333333333337,28.2055,54.241346153846152,0,0
20260928,UCSes4X8uDrpc4X46hJKjejg,-CjQjOd2JEA,on_demand,not_subscribed,ES,101,9,1,1,0.22046666666666667,13.228,4.6742049469964666,0,0
20260928,UCSes4X8uDrpc4X46hJKjejg,yqQ_QnY4_XU,on_demand,not_subscribed,PR,104,5,3,2,1.2325,36.975,78.670212765957444,2,0.94766666666666666
20260928,UCSes4X8uDrpc4X46hJKjejg,fAlmTasts-Q,on_demand,not_subscribed,US,104,5,1,1,0.47256666666666669,28.354,56.708,0,0
20260928,UCSes4X8uDrpc4X46hJKjejg,9vjrcOuBdYY,on_demand,not_subscribed,NL,102,19,1,1,5.9915333333333329,359.492,41.511778290993071,1,5.9915333333333329
20260928,UCSes4X8uDrpc4X46hJKjejg,zS69CFjoay8,on_demand,not_subscribed,CA,104,4,2,1,0.31833333333333336,19,35.849056603773583,0,0
20260928,UCSes4X8uDrpc4X46hJKjejg,unimgWGUpHM,on_demand,subscribed,GB,101,2,3,1,0.27328333333333332,11.916,28.37142857142857,1,0.024383333333333333
20260928,UCSes4X8uDrpc4X46hJKjejg,5GYyKcjXNN0,on_demand,subscribed,AU,101,2,6,5,4.0073333333333334,47.3098,58.407160493827163,0,0
20260928,UCSes4X8uDrpc4X46hJKjejg,gTMjT4y5LHE,on_demand,not_subscribed,JM,104,4,2,2,3.9416666666666669,118.25,23.937246963562753,0,0
20260928,UCSes4X8uDrpc4X46hJKjejg,M-M22Ac4CRE,on_demand,subscribed,US,101,2,2,1,0.2998,16.493,49.978787878787877,0,0
20260928,UCSes4X8uDrpc4X46hJKjejg,gTMjT4y5LHE,on_demand,not_subscribed,BW,101,9,1,0,0.013333333333333334,0,0,0,0
20260928,UCSes4X8uDrpc4X46hJKjejg,dKoSQ-63gP4,on_demand,not_subscribed,US,103,10,19,13,47.0354,216.21392307692307,35.503107237589994,7,10.99985
20260928,UCSes4X8uDrpc4X46hJKjejg,oujDWGTay-Q,on_demand,not_subscribed,SG,101,2,2,0,0.058533333333333333,0,0,0,0
20260928,UCSes4X8uDrpc4X46hJKjejg,dgP0I7rPTlU,on_demand,not_subscribed,SI,102,4,1,1,0.13088333333333332,7.853,27.079310344827586,0,0
20260928,UCSes4X8uDrpc4X46hJKjejg,-CjQjOd2JEA,on_demand,not_subscribed,BJ,104,5,1,0,0.0775,0,0,0,0
20260928,UCSes4X8uDrpc4X46hJKjejg,glMYlkjTPJA,on_demand,not_subscribed,IN,101,2,1,0,0.02045,0,0,0,0
20260928,UCSes4X8uDrpc4X46hJKjejg,6ljakZEWb0o,on_demand,subscribed,ES,104,4,1,0,0.095,0,0,0,0
20260928,UCSes4X8uDrpc4X46hJKjejg,gmPsKXt4foY,on_demand,subscribed,PH,101,2,2,1,0.9089,54.534,121.18666666666667,0,0
20260928,UCSes4X8uDrpc4X46hJKjejg,6DF37rM0hQ4,on_demand,not_subscribed,VN,104,5,2,1,1.5756666666666668,94.54,100.57446808510639,2,1.5756666666666668
20260928,UCSes4X8uDrpc4X46hJKjejg,J6rzMuvuMuo,on_demand,not_subscribed,AU,104,4,3,2,2.085,60.7,84.305555555555557,0,0
20260928,UCSes4X8uDrpc4X46hJKjejg,BeZUS-lZ4qs,on_demand,not_subscribed,BR,101,9,1,0,0.0025833333333333333,0,0,0,0
20260928,UCSes4X8uDrpc4X46hJKjejg,2n5LJUyMtAk,on_demand,subscribed,US,102,19,12,9,47.1709,313.90766666666667,62.159933993399342,2,8.6230333333333338
20260928,UCSes4X8uDrpc4X46hJKjejg,KWIVBbqRwZ8,on_demand,not_subscribed,US,104,4,32,16,7.0933333333333337,26.03125,72.309027777777771,3,0.715
20260928,UCSes4X8uDrpc4X46hJKjejg,fyi6d0AButQ,on_demand,not_subscribed,VC,101,2,1,1,3.0662833333333332,183.977,60.51875,0,0
20260928,UCSes4X8uDrpc4X46hJKjejg,gTMjT4y5LHE,on_demand,not_subscribed,ES,102,19,1,1,4.3589666666666664,261.538,52.942914979757084,0,0
20260928,UCSes4X8uDrpc4X46hJKjejg,YHtB62qU1r8,on_demand,not_subscribed,DK,101,9,1,0,0.039316666666666666,0,0,1,0.039316666666666666
20260928,UCSes4X8uDrpc4X46hJKjejg,fAZy3HtHBzA,on_demand,subscribed,CI,104,4,2,1,0.69,41.4,129.375,0,0
20260928,UCSes4X8uDrpc4X46hJKjejg,op6JvrFdWrY,on_demand,not_subscribed,PR,104,5,1,1,0.281,16.86,70.25,0,0
20260928,UCSes4X8uDrpc4X46hJKjejg,iOURk-GhPG0,on_demand,not_subscribed,VE,105,5,2,1,0.48266666666666669,28.96,99.862068965517238,0,0
20260928,UCSes4X8uDrpc4X46hJKjejg,yqQ_QnY4_XU,on_demand,subscribed,TR,104,5,1,0,0.016166666666666666,0,0,0,0
20260928,UCSes4X8uDrpc4X46hJKjejg,3oF068CdTYo,on_demand,not_subscribed,US,102,29,1,1,0.45605,27.363,80.479411764705887,0,0
20260928,UCSes4X8uDrpc4X46hJKjejg,UvWPXkksqmM,on_demand,subscribed,US,103,10,1,0,0.0197,0,0,0,0
20260928,UCSes4X8uDrpc4X46hJKjejg,dgP0I7rPTlU,on_demand,not_subscribed,GB,105,4,2,1,0.49166666666666664,29.5,101.72413793103448,0,0
20260928,UCSes4X8uDrpc4X46hJKjejg,-CjQjOd2JEA,on_demand,not_subscribed,UG,101,9,1,1,4.704016666666667,282.241,99.731802120141339,0,0
20260928,UCSes4X8uDrpc4X46hJKjejg,gTMjT4y5LHE,on_demand,not_subscribed,AE,104,4,1,1,0.21,12.6,2.5506072874493926,0,0
20260928,UCSes4X8uDrpc4X46hJKjejg,fAZy3HtHBzA,on_demand,subscribed,ES,104,5,1,1,0.48266666666666669,28.96,90.5,0,0
20260928,UCSes4X8uDrpc4X46hJKjejg,J6rzMuvuMuo,on_demand,not_subscribed,TH,104,5,2,2,1.1216666666666666,33.65,46.736111111111114,0,0
20260928,UCSes4X8uDrpc4X46hJKjejg,-CjQjOd2JEA,on_demand,not_subscribed,PE,101,2,2,0,0.063333333333333339,0,0,0,0
20260928,UCSes4X8uDrpc4X46hJKjejg,zS69CFjoay8,on_demand,subscribed,US,104,5,1,1,0.039166666666666669,2.35,4.4339622641509431,0,0
20260928,UCSes4X8uDrpc4X46hJKjejg,IkDS7ZhVkA4,on_demand,not_subscribed,SN,104,5,1,1,0.18566666666666667,11.14,0.48266897746967069,0,0
20260928,UCSes4X8uDrpc4X46hJKjejg,M1HloftCFBM,on_demand,not_subscribed,US,104,4,3,2,1.8522833333333333,55.5685,79.383571428571429,0,0
20260928,UCSes4X8uDrpc4X46hJKjejg,gTMjT4y5LHE,on_demand,subscribed,TT,101,2,1,0,0.1099,0,0,0,0
20260928,UCSes4X8uDrpc4X46hJKjejg,6ljakZEWb0o,on_demand,not_subscribed,CR,104,4,2,1,0.25166666666666665,12.9,0.46688382193268185,0,0
20260928,UCSes4X8uDrpc4X46hJKjejg,-CjQjOd2JEA,on_demand,not_subscribed,MK,101,2,1,0,0.044833333333333336,0,0,0,0
20260928,UCSes4X8uDrpc4X46hJKjejg,gTMjT4y5LHE,on_demand,not_subscribed,DK,102,19,1,1,0.20725,12.435,2.5172064777327936,0,0
20260928,UCSes4X8uDrpc4X46hJKjejg,dKoSQ-63gP4,on_demand,not_subscribed,NZ,102,19,2,1,0.6341,37.324,6.1287356321839077,2,0.6341
20260928,UCSes4X8uDrpc4X46hJKjejg,5GYyKcjXNN0,on_demand,not_subscribed,AU,102,19,1,0,0.034733333333333331,0,0,0,0
20260928,UCSes4X8uDrpc4X46hJKjejg,gmPsKXt4foY,on_demand,subscribed,KR,104,5,2,1,0.77,46.2,102.66666666666667,0,0
20260928,UCSes4X8uDrpc4X46hJKjejg,PVOl1jy_sPs,on_demand,not_subscribed,US,101,9,4,1,0.5526833333333333,25.688,7.2360563380281686,0,0
20260928,UCSes4X8uDrpc4X46hJKjejg,M-M22Ac4CRE,on_demand,not_subscribed,US,102,19,3,1,1.21695,73.017,221.26363636363635,0,0
20260928,UCSes4X8uDrpc4X46hJKjejg,oBHWYBkGqU4,on_demand,not_subscribed,US,104,4,1,0,0.01,0,0,0,0
20260928,UCSes4X8uDrpc4X46hJKjejg,M-M22Ac4CRE,on_demand,not_subscribed,NL,104,4,1,0,0.052916666666666667,0,0,0,0
20260928,UCSes4X8uDrpc4X46hJKjejg,KWIVBbqRwZ8,on_demand,not_subscribed,JM,104,4,1,0,0.03833333333333333,0,0,0,0
20260928,UCSes4X8uDrpc4X46hJKjejg,l5M2ICRhyEA,on_demand,not_subscribed,US,103,17,3,2,0.90606666666666669,27.182,82.369696969696975,0,0
20260928,UCSes4X8uDrpc4X46hJKjejg,fAZy3HtHBzA,on_demand,subscribed,DK,104,5,1,1,0.14933333333333335,8.96,28,0,0
20260928,UCSes4X8uDrpc4X46hJKjejg,6ljakZEWb0o,on_demand,subscribed,US,102,28,1,1,4.1049,246.294,8.91400651465798,1,4.1049
20260928,UCSes4X8uDrpc4X46hJKjejg,gTMjT4y5LHE,on_demand,subscribed,FR,101,9,2,0,0.0326,0,0,0,0
20260928,UCSes4X8uDrpc4X46hJKjejg,ACx0N2Z0f3A,on_demand,not_subscribed,ZA,104,4,1,1,0.52666666666666662,31.6,41.038961038961041,0,0
20260928,UCSes4X8uDrpc4X46hJKjejg,sRIO-T5dRjA,on_demand,not_subscribed,AU,104,5,1,1,0.17216666666666666,10.33,36.892857142857146,0,0
20260928,UCSes4X8uDrpc4X46hJKjejg,bf0XSusrN3g,on_demand,not_subscribed,US,101,2,3,1,1.14285,66.801,180.54324324324324,0,0
20260928,UCSes4X8uDrpc4X46hJKjejg,ZojqfXQwdX8,on_demand,not_subscribed,CA,104,5,1,0,0.12333333333333334,0,0,0,0
20260928,UCSes4X8uDrpc4X46hJKjejg,yapU4SQQ39c,on_demand,not_subscribed,US,102,4,1,1,2.7361333333333335,164.168,6.026725403817915,1,2.7361333333333335
20260928,UCSes4X8uDrpc4X46hJKjejg,gmPsKXt4foY,on_demand,subscribed,AU,101,2,3,1,0.81245,47.461,105.46888888888888,3,0.81245
20260928,UCSes4X8uDrpc4X46hJKjejg,5GYyKcjXNN0,on_demand,not_subscribed,JP,104,4,2,1,1.115,63.6,78.518518518518519,0,0
20260928,UCSes4X8uDrpc4X46hJKjejg,gTMjT4y5LHE,on_demand,not_subscribed,AR,101,2,5,0,0.0551,0,0,0,0
20260928,UCSes4X8uDrpc4X46hJKjejg,6ljakZEWb0o,on_demand,subscribed,US,102,26,4,2,0.57156666666666667,13.09,0.47376040535649655,0,0
20260928,UCSes4X8uDrpc4X46hJKjejg,mgmmw1KQris,on_demand,not_subscribed,US,104,5,1,1,0.5345,32.07,1.5598249027237354,0,0
20260928,UCSes4X8uDrpc4X46hJKjejg,50MHq47IaLU,on_demand,not_subscribed,GE,101,2,2,1,1.9134666666666666,114.808,99.833043478260876,0,0
20260928,UCSes4X8uDrpc4X46hJKjejg,PoyUkRaWZiM,on_demand,not_subscribed,US,102,29,1,1,5.7655666666666665,345.934,56.710491803278686,0,0
20260928,UCSes4X8uDrpc4X46hJKjejg,ksJXns6KZJE,on_demand,subscribed,US,104,4,1,0,0.06,0,0,0,0
20260928,UCSes4X8uDrpc4X46hJKjejg,HwWx5nhjCx8,on_demand,not_subscribed,US,102,19,7,1,17.394266666666667,1020.501,98.030835734870323,0,0
20260928,UCSes4X8uDrpc4X46hJKjejg,unimgWGUpHM,on_demand,subscribed,JP,104,5,2,1,0.74316666666666664,44.59,106.16666666666667,0,0
20260928,UCSes4X8uDrpc4X46hJKjejg,HwWx5nhjCx8,on_demand,not_subscribed,NL,104,4,1,0,0.035,0,0,0,0
20260928,UCSes4X8uDrpc4X46hJKjejg,YHtB62qU1r8,on_demand,subscribed,TT,102,19,1,1,0.66581666666666661,39.949,8.4997872340425538,0,0
20260928,UCSes4X8uDrpc4X46hJKjejg,6ljakZEWb0o,on_demand,subscribed,US,102,12,1,0,0.12596666666666667,0,0,0,0
20260928,UCSes4X8uDrpc4X46hJKjejg,unimgWGUpHM,on_demand,not_subscribed,US,104,5,814,441,282.76685,37.9700566893424,90.404896879386669,123,38.108433333333338
20260928,UCSes4X8uDrpc4X46hJKjejg,pWCQrmx8beo,on_demand,not_subscribed,GB,101,2,1,1,0.259,15.54,0.5166223404255319,0,0
20260928,UCSes4X8uDrpc4X46hJKjejg,JZgusHsQ0l4,on_demand,not_subscribed,NZ,101,2,1,0,0.0535,0,0,0,0
20260928,UCSes4X8uDrpc4X46hJKjejg,-CjQjOd2JEA,on_demand,not_subscribed,ZA,104,5,4,4,14.023333333333333,210.35,74.3286219081272,1,4.6413333333333338
20260928,UCSes4X8uDrpc4X46hJKjejg,3oF068CdTYo,on_demand,subscribed,US,104,4,8,4,2.795,41.575,122.27941176470588,2,0.58
20260928,UCSes4X8uDrpc4X46hJKjejg,gTMjT4y5LHE,on_demand,not_subscribed,TN,101,2,1,1,0.26631666666666665,15.979,3.2346153846153847,0,0
20260928,UCSes4X8uDrpc4X46hJKjejg,6ljakZEWb0o,on_demand,not_subscribed,PR,104,5,2,0,0.082,0,0,0,0
20260928,UCSes4X8uDrpc4X46hJKjejg,gTMjT4y5LHE,on_demand,subscribed,US,102,29,6,4,3.5141166666666668,50.7875,10.28087044534413,3,1.7968
20260928,UCSes4X8uDrpc4X46hJKjejg,SzAT_OV8iGk,on_demand,not_subscribed,US,101,2,1,0,0.0325,0,0,0,0
20260928,UCSes4X8uDrpc4X46hJKjejg,0nYtXNTW54c,on_demand,subscribed,US,101,2,2,1,0.68125,40.875,104.80769230769231,0,0
20260928,UCSes4X8uDrpc4X46hJKjejg,WAYYE5BMG6c,on_demand,not_subscribed,ZA,103,10,1,0,0.0516,0,0,0,0
20260928,UCSes4X8uDrpc4X46hJKjejg,muwMeVYa7wE,on_demand,not_subscribed,US,102,26,1,1,0.24635,14.781,5.556766917293233,0,0
20260928,UCSes4X8uDrpc4X46hJKjejg,iOURk-GhPG0,on_demand,not_subscribed,QA,105,4,1,1,0.049716666666666666,2.983,10.286206896551723,0,0
20260928,UCSes4X8uDrpc4X46hJKjejg,fAZy3HtHBzA,on_demand,subscribed,RS,104,4,4,2,1.4033333333333333,42.1,131.5625,0,0
20260928,UCSes4X8uDrpc4X46hJKjejg,Rl73WZoqKzE,on_demand,not_subscribed,ZA,103,10,1,1,0.17025,10.215,1.7139261744966443,1,0.17025
20260928,UCSes4X8uDrpc4X46hJKjejg,ohJrQCK-Cdo,on_demand,not_subscribed,US,104,4,1,0,0.016666666666666666,0,0,0,0
20260928,UCSes4X8uDrpc4X46hJKjejg,2n5LJUyMtAk,on_demand,not_subscribed,ID,104,4,1,0,0,0,0,0,0
20260928,UCSes4X8uDrpc4X46hJKjejg,ID5K-VWCXew,on_demand,not_subscribed,PT,104,5,1,1,0.11333333333333333,6.8,22.666666666666668,0,0
20260928,UCSes4X8uDrpc4X46hJKjejg,0lbad9fh3KM,on_demand,not_subscribed,US,101,9,1,1,0.13411666666666666,8.047,17.882222222222222,1,0.13411666666666666
20260928,UCSes4X8uDrpc4X46hJKjejg,6ljakZEWb0o,on_demand,not_subscribed,ID,104,5,1,0,0.0036666666666666666,0,0,0,0
20260928,UCSes4X8uDrpc4X46hJKjejg,UvWPXkksqmM,on_demand,not_subscribed,DO,104,5,2,2,0.93433333333333335,28.03,4.2341389728096681,0,0
20260928,UCSes4X8uDrpc4X46hJKjejg,BeZUS-lZ4qs,on_demand,not_subscribed,LS,101,9,1,1,0,0,0,0,0
20260928,UCSes4X8uDrpc4X46hJKjejg,Rl73WZoqKzE,on_demand,subscribed,CA,104,5,6,2,10.731833333333332,316.795,53.153523489932887,0,0
20260928,UCSes4X8uDrpc4X46hJKjejg,WAYYE5BMG6c,on_demand,subscribed,IN,104,5,1,0,0.032333333333333332,0,0,0,0
20260928,UCSes4X8uDrpc4X46hJKjejg,gTMjT4y5LHE,on_demand,not_subscribed,CA,103,27,1,1,3.1041333333333334,186.248,37.702024291497978,1,3.1041333333333334
20260928,UCSes4X8uDrpc4X46hJKjejg,-CjQjOd2JEA,on_demand,subscribed,GB,103,10,1,0,0.04015,0,0,0,0
20260928,UCSes4X8uDrpc4X46hJKjejg,gmPsKXt4foY,on_demand,not_subscribed,GY,104,4,2,2,0.57333333333333336,17.2,38.222222222222221,0,0
20260928,UCSes4X8uDrpc4X46hJKjejg,unimgWGUpHM,on_demand,not_subscribed,KY,104,4,2,1,0.72666666666666668,43.6,103.80952380952381,0,0
20260928,UCSes4X8uDrpc4X46hJKjejg,l5M2ICRhyEA,on_demand,not_subscribed,HK,104,4,3,1,0.595,34.8,105.45454545454545,2,0.58
20260928,UCSes4X8uDrpc4X46hJKjejg,gTMjT4y5LHE,on_demand,not_subscribed,GB,103,10,4,2,6.1387833333333335,182.425,36.928137651821864,0,0
20260928,UCSes4X8uDrpc4X46hJKjejg,gmPsKXt4foY,on_demand,subscribed,ZA,104,4,1,1,0.715,42.9,95.333333333333329,1,0.715
20260928,UCSes4X8uDrpc4X46hJKjejg,iTIuV-EGHC4,on_demand,not_subscribed,MY,104,5,1,0,0.08483333333333333,0,0,0,0
20260928,UCSes4X8uDrpc4X46hJKjejg,iOURk-GhPG0,on_demand,not_subscribed,PH,105,4,1,1,0.17473333333333332,10.484,36.151724137931033,0,0
20260928,UCSes4X8uDrpc4X46hJKjejg,gmPsKXt4foY,on_demand,not_subscribed,AU,102,19,1,1,0.87901666666666667,52.741,117.20222222222222,0,0
20260928,UCSes4X8uDrpc4X46hJKjejg,MEHDJ9V-lIk,on_demand,not_subscribed,NP,104,4,1,1,0.065,3.9,0.18932038834951456,0,0
20260928,UCSes4X8uDrpc4X46hJKjejg,dKoSQ-63gP4,on_demand,not_subscribed,US,101,2,50,20,70.235766666666663,207.69119999999998,34.103645320197046,8,26.983766666666668
20260928,UCSes4X8uDrpc4X46hJKjejg,Mw1jFzscOXE,on_demand,not_subscribed,JP,104,5,1,0,0.020666666666666667,0,0,0,0
20260928,UCSes4X8uDrpc4X46hJKjejg,unimgWGUpHM,on_demand,not_subscribed,JM,104,5,1,1,0.3025,18.15,43.214285714285715,1,0.3025
20260928,UCSes4X8uDrpc4X46hJKjejg,6ljakZEWb0o,on_demand,not_subscribed,PH,105,5,1,1,46.035166666666669,2762.11,99.967788635541083,0,0
20260928,UCSes4X8uDrpc4X46hJKjejg,50MHq47IaLU,on_demand,subscribed,US,104,5,1,1,0.79716666666666669,47.83,41.591304347826089,0,0
20260928,UCSes4X8uDrpc4X46hJKjejg,k4-t8XMp-wg,on_demand,not_subscribed,GB,104,4,1,0,0,0,0,0,0
20260928,UCSes4X8uDrpc4X46hJKjejg,HtZ8tDkeGJY,on_demand,not_subscribed,US,103,10,1,1,0.24961666666666665,14.977,25.384745762711866,0,0
20260928,UCSes4X8uDrpc4X46hJKjejg,gmPsKXt4foY,on_demand,not_subscribed,HR,104,4,1,1,0.073333333333333334,4.4,9.7777777777777786,0,0
20260928,UCSes4X8uDrpc4X46hJKjejg,yk9q7i3NcHQ,on_demand,not_subscribed,US,102,29,1,1,1.17865,70.719,26.7875,1,1.17865
20260928,UCSes4X8uDrpc4X46hJKjejg,gTMjT4y5LHE,on_demand,not_subscribed,IE,103,17,2,2,4.1900333333333331,125.701,25.445546558704454,0,0
20260928,UCSes4X8uDrpc4X46hJKjejg,gmPsKXt4foY,on_demand,subscribed,PH,100,1,2,1,1.0733333333333333,64.4,143.11111111111111,0,0
20260928,UCSes4X8uDrpc4X46hJKjejg,B4aYi06AO4g,on_demand,not_subscribed,US,104,5,2,0,0.193,0,0,0,0
20260928,UCSes4X8uDrpc4X46hJKjejg,EEz09HgF63M,on_demand,not_subscribed,GB,104,4,1,1,0.58,34.8,94.054054054054049,0,0
20260928,UCSes4X8uDrpc4X46hJKjejg,yqQ_QnY4_XU,on_demand,not_subscribed,FR,104,5,2,1,0.77366666666666661,46.42,98.765957446808514,0,0
20260928,UCSes4X8uDrpc4X46hJKjejg,-CjQjOd2JEA,on_demand,not_subscribed,PY,104,4,1,0,0.028333333333333332,0,0,0,0
20260928,UCSes4X8uDrpc4X46hJKjejg,dgP0I7rPTlU,on_demand,not_subscribed,SI,104,4,12,5,2.5583333333333331,30.52,105.24137931034483,1,0.015
20260928,UCSes4X8uDrpc4X46hJKjejg,-CjQjOd2JEA,on_demand,not_subscribed,ET,104,5,1,1,2.254,135.24,47.78798586572438,0,0
20260928,UCSes4X8uDrpc4X46hJKjejg,UvWPXkksqmM,on_demand,subscribed,US,101,2,5,1,11.0583,659.401,99.607401812688821,0,0
20260928,UCSes4X8uDrpc4X46hJKjejg,lfu284C_8zk,on_demand,not_subscribed,US,104,4,1,1,0.076666666666666661,4.6,6.2162162162162158,1,0.076666666666666661
20260928,UCSes4X8uDrpc4X46hJKjejg,Nd3B51wd6K0,on_demand,not_subscribed,US,101,2,1,1,67.263016666666672,4035.781,99.994573835480679,0,0
20260928,UCSes4X8uDrpc4X46hJKjejg,R1PGLsRyKDw,on_demand,subscribed,US,104,5,23,1,0.72083333333333333,5.55,34.6875,5,0.20383333333333334
20260928,UCSes4X8uDrpc4X46hJKjejg,ePdXtNfowRo,on_demand,not_subscribed,US,103,17,3,3,30.3646,607.292,118.38050682261209,1,8.31335
20260928,UCSes4X8uDrpc4X46hJKjejg,6ljakZEWb0o,on_demand,subscribed,CA,101,9,4,2,46.493616666666668,1391.5285,50.362956930872244,0,0
20260928,UCSes4X8uDrpc4X46hJKjejg,6C69Z_OCe4c,on_demand,not_subscribed,US,104,4,3,1,1.975,118.5,197.5,0,0
20260928,UCSes4X8uDrpc4X46hJKjejg,op6JvrFdWrY,on_demand,subscribed,PH,104,5,1,1,0.069166666666666668,4.15,17.291666666666668,0,0
20260928,UCSes4X8uDrpc4X46hJKjejg,6ljakZEWb0o,on_demand,subscribed,IN,101,9,1,1,5.5494166666666667,332.965,12.050850524791892,0,0
20260928,UCSes4X8uDrpc4X46hJKjejg,0b8eta7f8mY,on_demand,not_subscribed,GB,102,31,1,0,0.14483333333333334,0,0,1,0.14483333333333334
20260928,UCSes4X8uDrpc4X46hJKjejg,op6JvrFdWrY,on_demand,not_subscribed,FR,104,5,3,2,0.74416666666666664,22.325,93.020833333333329,0,0
20260928,UCSes4X8uDrpc4X46hJKjejg,hv6KmISxC4w,on_demand,not_subscribed,CA,101,2,1,0,0.15178333333333333,0,0,0,0
20260928,UCSes4X8uDrpc4X46hJKjejg,BeZUS-lZ4qs,on_demand,subscribed,GB,101,2,4,3,30.00765,599.24333333333334,19.342909403916504,1,9.1890833333333326
20260928,UCSes4X8uDrpc4X46hJKjejg,2n5LJUyMtAk,on_demand,not_subscribed,CA,103,10,3,2,1.65575,49.324,9.7671287128712869,0,0
20260928,UCSes4X8uDrpc4X46hJKjejg,tIFk16TQrU4,on_demand,not_subscribed,NL,104,5,2,0,0.052833333333333336,0,0,0,0
20260928,UCSes4X8uDrpc4X46hJKjejg,5GYyKcjXNN0,on_demand,not_subscribed,US,105,4,3,2,1.4171166666666666,41.4135,51.12777777777778,0,0
20260928,UCSes4X8uDrpc4X46hJKjejg,yqQ_QnY4_XU,on_demand,not_subscribed,GB,104,4,3,1,0.20833333333333334,12.5,26.595744680851062,0,0
20260928,UCSes4X8uDrpc4X46hJKjejg,iOURk-GhPG0,on_demand,not_subscribed,AU,105,4,1,1,0.5808,34.848,120.16551724137931,0,0
20260928,UCSes4X8uDrpc4X46hJKjejg,J6rzMuvuMuo,on_demand,not_subscribed,SX,104,5,2,1,1.2,72,100,0,0
20260928,UCSes4X8uDrpc4X46hJKjejg,-oSurRGS2pg,on_demand,not_subscribed,CA,104,4,1,1,4.8973166666666668,293.839,97.620930232558138,0,0
20260928,UCSes4X8uDrpc4X46hJKjejg,QyNJt23xOvk,on_demand,not_subscribed,US,102,4,1,1,0.026866666666666667,1.612,0.26644628099173556,0,0
20260928,UCSes4X8uDrpc4X46hJKjejg,pWCQrmx8beo,on_demand,not_subscribed,JP,104,5,1,1,15.849,950.94,31.613696808510639,1,15.849
20260928,UCSes4X8uDrpc4X46hJKjejg,2n5LJUyMtAk,on_demand,subscribed,US,102,1,1,1,4.59235,275.541,54.562574257425744,0,0
20260928,UCSes4X8uDrpc4X46hJKjejg,yqQ_QnY4_XU,on_demand,not_subscribed,BZ,101,2,1,1,0.58118333333333339,34.871,74.1936170212766,0,0
20260928,UCSes4X8uDrpc4X46hJKjejg,-CjQjOd2JEA,on_demand,not_subscribed,AT,101,2,4,1,0.78941666666666666,35.569,12.568551236749117,0,0
20260928,UCSes4X8uDrpc4X46hJKjejg,HAYtxUru2wQ,on_demand,not_subscribed,GB,104,5,1,1,0.085833333333333331,5.15,6.518987341772152,0,0
20260928,UCSes4X8uDrpc4X46hJKjejg,zxka0rRvmaU,on_demand,not_subscribed,MY,102,19,1,1,0.48335,29.001,61.704255319148935,0,0
20260928,UCSes4X8uDrpc4X46hJKjejg,gTMjT4y5LHE,on_demand,not_subscribed,ES,102,1,2,1,8.3379833333333337,494.021,100.00425101214574,0,0
20260928,UCSes4X8uDrpc4X46hJKjejg,gmPsKXt4foY,on_demand,not_subscribed,PA,104,5,2,1,0.78616666666666668,47.17,104.82222222222222,0,0
20260928,UCSes4X8uDrpc4X46hJKjejg,M-M22Ac4CRE,on_demand,not_subscribed,AU,102,4,2,1,0.73143333333333338,43.886,132.9878787878788,0,0
20260928,UCSes4X8uDrpc4X46hJKjejg,zsyeYATFc4c,on_demand,not_subscribed,US,104,5,1,1,1.0794833333333334,64.769,78.034939759036149,0,0
20260928,UCSes4X8uDrpc4X46hJKjejg,gTMjT4y5LHE,on_demand,not_subscribed,GH,104,5,1,0,0.0076666666666666662,0,0,0,0
20260928,UCSes4X8uDrpc4X46hJKjejg,unimgWGUpHM,on_demand,subscribed,US,105,5,11,6,3.3646666666666665,33.065,78.726190476190482,3,1.0198333333333334
20260928,UCSes4X8uDrpc4X46hJKjejg,YHtB62qU1r8,on_demand,not_subscribed,ID,102,12,1,1,0.41903333333333331,25.142,5.3493617021276592,0,0
20260928,UCSes4X8uDrpc4X46hJKjejg,yqQ_QnY4_XU,on_demand,subscribed,AU,104,5,5,1,0.84466666666666668,47.22,100.46808510638297,4,0.823
20260928,UCSes4X8uDrpc4X46hJKjejg,XxNpGT_I6mk,on_demand,not_subscribed,NG,104,4,1,1,0.39833333333333332,23.9,72.424242424242422,0,0
20260928,UCSes4X8uDrpc4X46hJKjejg,UvWPXkksqmM,on_demand,not_subscribed,US,102,19,5,4,12.2217,182.1535,27.515634441087613,0,0
20260928,UCSes4X8uDrpc4X46hJKjejg,dw7S0TNSo2U,on_demand,subscribed,US,104,5,1,1,0.1415,8.49,14.637931034482758,0,0
20260928,UCSes4X8uDrpc4X46hJKjejg,-CjQjOd2JEA,on_demand,not_subscribed,ZM,102,4,1,1,0.25731666666666669,15.439,5.45547703180212,0,0
20260928,UCSes4X8uDrpc4X46hJKjejg,JwDkO74iC-w,on_demand,not_subscribed,US,104,5,3,1,0.92183333333333328,49.19,0.93963705826170008,1,0.8198333333333333
20260928,UCSes4X8uDrpc4X46hJKjejg,gTMjT4y5LHE,on_demand,not_subscribed,NZ,104,5,6,1,8.309333333333333,484,97.97570850202429,0,0
20260928,UCSes4X8uDrpc4X46hJKjejg,cJVrzjm7YPs,on_demand,not_subscribed,US,104,5,3,2,1.6521666666666666,49.565,103.26041666666667,2,1.5291666666666666
20260928,UCSes4X8uDrpc4X46hJKjejg,YHtB62qU1r8,on_demand,subscribed,NZ,104,5,1,1,7.6043333333333329,456.26,97.076595744680844,0,0
20260928,UCSes4X8uDrpc4X46hJKjejg,op6JvrFdWrY,on_demand,not_subscribed,GB,104,4,2,2,0.78333333333333333,23.5,97.916666666666671,0,0
20260928,UCSes4X8uDrpc4X46hJKjejg,U16slPfq10o,on_demand,not_subscribed,MX,104,4,1,1,0.75666666666666671,45.4,67.761194029850742,0,0
20260928,UCSes4X8uDrpc4X46hJKjejg,-CjQjOd2JEA,on_demand,not_subscribed,KE,104,5,1,1,1.8555,111.33,39.339222614840992,0,0
20260928,UCSes4X8uDrpc4X46hJKjejg,po8YrSQivoM,on_demand,not_subscribed,US,102,4,1,1,0.25543333333333335,15.326,0.44656177156177157,0,0
20260928,UCSes4X8uDrpc4X46hJKjejg,5GYyKcjXNN0,on_demand,not_subscribed,US,102,29,8,8,3.5135333333333332,26.3515,32.532716049382714,0,0
20260928,UCSes4X8uDrpc4X46hJKjejg,JZgusHsQ0l4,on_demand,not_subscribed,HK,104,5,2,1,0.86383333333333334,51.83,99.67307692307692,0,0
20260928,UCSes4X8uDrpc4X46hJKjejg,oTYEoEV6GLo,on_demand,not_subscribed,CA,102,29,1,1,9.0093333333333341,540.56,15.805847953216375,0,0
20260928,UCSes4X8uDrpc4X46hJKjejg,-CjQjOd2JEA,on_demand,not_subscribed,BA,102,4,1,1,0.87185,52.311,18.484452296819789,0,0
20260928,UCSes4X8uDrpc4X46hJKjejg,JZgusHsQ0l4,on_demand,not_subscribed,JP,101,2,2,1,1.0871833333333334,65.231,125.44423076923077,0,0
20260928,UCSes4X8uDrpc4X46hJKjejg,op6JvrFdWrY,on_demand,subscribed,AU,104,5,3,1,0.12958333333333333,4.1,17.083333333333332,0,0
20260928,UCSes4X8uDrpc4X46hJKjejg,YHtB62qU1r8,on_demand,not_subscribed,CZ,101,9,1,0,0.00535,0,0,0,0
20260928,UCSes4X8uDrpc4X46hJKjejg,BeZUS-lZ4qs,on_demand,not_subscribed,GB,102,19,1,1,26.235383333333335,1574.123,50.8109425435765,0,0
20260928,UCSes4X8uDrpc4X46hJKjejg,Rl73WZoqKzE,on_demand,not_subscribed,ZA,101,2,1,1,2.6196333333333333,157.178,26.37214765100671,0,0
20260928,UCSes4X8uDrpc4X46hJKjejg,51IWPtaGV0A,on_demand,not_subscribed,US,101,9,1,0,0.012083333333333333,0,0,0,0
20260928,UCSes4X8uDrpc4X46hJKjejg,5GYyKcjXNN0,on_demand,subscribed,AU,101,9,1,0,0.025933333333333333,0,0,0,0
20260928,UCSes4X8uDrpc4X46hJKjejg,ay8uUBeyRcU,on_demand,not_subscribed,US,103,10,1,1,1.69405,101.643,104.78659793814433,0,0
20260928,UCSes4X8uDrpc4X46hJKjejg,3oF068CdTYo,on_demand,subscribed,TN,101,2,3,1,0.80595,46.852,137.8,0,0
20260928,UCSes4X8uDrpc4X46hJKjejg,BeZUS-lZ4qs,on_demand,not_subscribed,AR,102,1,2,2,31.592033333333333,947.761,30.592672692059391,0,0
20260928,UCSes4X8uDrpc4X46hJKjejg,31srqzp4PA8,on_demand,subscribed,US,104,4,1,0,0.015,0,0,0,0
20260928,UCSes4X8uDrpc4X46hJKjejg,JZgusHsQ0l4,on_demand,not_subscribed,MY,104,4,2,0,0.013333333333333334,0,0,0,0
20260928,UCSes4X8uDrpc4X46hJKjejg,Rl73WZoqKzE,on_demand,subscribed,SE,101,9,1,0,0.11278333333333333,0,0,0,0
20260928,UCSes4X8uDrpc4X46hJKjejg,gTMjT4y5LHE,on_demand,not_subscribed,CH,102,1,1,0,0.065666666666666665,0,0,0,0
20260928,UCSes4X8uDrpc4X46hJKjejg,2n5LJUyMtAk,on_demand,subscribed,PH,104,4,2,0,0.02,0,0,0,0
20260928,UCSes4X8uDrpc4X46hJKjejg,0gqaXrduLlw,on_demand,not_subscribed,US,104,5,1,0,0.0071666666666666667,0,0,0,0
20260928,UCSes4X8uDrpc4X46hJKjejg,6ljakZEWb0o,on_demand,subscribed,PH,104,5,1,0,0.052333333333333336,0,0,0,0
20260928,UCSes4X8uDrpc4X46hJKjejg,-CjQjOd2JEA,on_demand,not_subscribed,EG,101,2,1,1,4.704016666666667,282.241,99.731802120141339,0,0
20260928,UCSes4X8uDrpc4X46hJKjejg,yXI5JzLdcwk,on_demand,not_subscribed,AU,105,4,2,1,1.3566666666666667,81.4,101.75,0,0
20260928,UCSes4X8uDrpc4X46hJKjejg,tIFk16TQrU4,on_demand,not_subscribed,US,102,26,1,1,0.37915,22.749,66.908823529411762,0,0
20260928,UCSes4X8uDrpc4X46hJKjejg,R1PGLsRyKDw,on_demand,subscribed,VI,104,4,1,0,0.043333333333333335,0,0,0,0
20260928,UCSes4X8uDrpc4X46hJKjejg,gTMjT4y5LHE,on_demand,not_subscribed,GB,101,2,24,7,25.607633333333332,217.04014285714285,43.935251590514746,0,0
20260928,UCSes4X8uDrpc4X46hJKjejg,HtZ8tDkeGJY,on_demand,not_subscribed,SG,104,4,3,2,1.18,34.85,59.067796610169495,0,0
20260928,UCSes4X8uDrpc4X46hJKjejg,l5M2ICRhyEA,on_demand,not_subscribed,CA,105,5,2,1,0.6875,41.25,125,0,0
20260928,UCSes4X8uDrpc4X46hJKjejg,2n5LJUyMtAk,on_demand,not_subscribed,FR,104,4,3,0,0.06,0,0,0,0
20260928,UCSes4X8uDrpc4X46hJKjejg,ryNj2capkCk,on_demand,not_subscribed,PL,101,2,1,0,0.0347,0,0,0,0
20260928,UCSes4X8uDrpc4X46hJKjejg,6ljakZEWb0o,on_demand,not_subscribed,FR,104,5,5,0,0.214,0,0,0,0
20260928,UCSes4X8uDrpc4X46hJKjejg,gTMjT4y5LHE,on_demand,subscribed,MK,101,2,1,0,0.013516666666666666,0,0,0,0
20260928,UCSes4X8uDrpc4X46hJKjejg,V9NkcCuZZys,on_demand,not_subscribed,US,104,4,1,0,0.01,0,0,0,0
20260928,UCSes4X8uDrpc4X46hJKjejg,tIFk16TQrU4,on_demand,not_subscribed,US,102,12,1,1,0.40346666666666664,24.208,71.2,0,0
20260928,UCSes4X8uDrpc4X46hJKjejg,itfxfmA1F64,on_demand,not_subscribed,RO,104,4,1,0,0.088333333333333333,0,0,0,0
20260928,UCSes4X8uDrpc4X46hJKjejg,gmPsKXt4foY,on_demand,not_subscribed,US,105,4,5,2,1.67,48.45,107.66666666666667,0,0
20260928,UCSes4X8uDrpc4X46hJKjejg,EhrQWOgY03w,on_demand,not_subscribed,US,104,5,1,0,0.013833333333333333,0,0,0,0
20260928,UCSes4X8uDrpc4X46hJKjejg,_KF3WL1C1Jo,on_demand,not_subscribed,ID,104,4,2,2,0.465,13.95,21.46153846153846,0,0
20260928,UCSes4X8uDrpc4X46hJKjejg,HwWx5nhjCx8,on_demand,not_subscribed,US,102,1,2,2,0.66133333333333333,19.84,1.9058597502401537,0,0
20260928,UCSes4X8uDrpc4X46hJKjejg,-CjQjOd2JEA,on_demand,not_subscribed,SI,101,2,1,0,0.011183333333333333,0,0,0,0
20260928,UCSes4X8uDrpc4X46hJKjejg,HtZ8tDkeGJY,on_demand,subscribed,HK,104,5,1,1,0.825,49.5,83.898305084745758,1,0.825
20260928,UCSes4X8uDrpc4X46hJKjejg,XxNpGT_I6mk,on_demand,not_subscribed,US,103,10,1,1,0.51585,30.951,93.7909090909091,0,0
20260928,UCSes4X8uDrpc4X46hJKjejg,gL7l_L8da7c,on_demand,not_subscribed,US,104,5,1,1,0.19216666666666668,11.53,28.121951219512194,0,0
20260928,UCSes4X8uDrpc4X46hJKjejg,unimgWGUpHM,on_demand,subscribed,CA,104,4,1,1,0.35833333333333334,21.5,51.19047619047619,1,0.35833333333333334
20260928,UCSes4X8uDrpc4X46hJKjejg,Cz8fYLAz-Uo,on_demand,not_subscribed,GR,101,2,1,0,0.050783333333333333,0,0,0,0
20260928,UCSes4X8uDrpc4X46hJKjejg,0b8eta7f8mY,on_demand,not_subscribed,IE,104,5,1,0,0.049333333333333333,0,0,0,0
20260928,UCSes4X8uDrpc4X46hJKjejg,HtZ8tDkeGJY,on_demand,not_subscribed,US,101,2,13,6,4.5412833333333333,44.88483333333334,76.075988700564977,2,1.08065
20260928,UCSes4X8uDrpc4X46hJKjejg,ylkL2lJvlto,on_demand,not_subscribed,US,102,26,1,0,0.14136666666666667,0,0,1,0.14136666666666667
20260928,UCSes4X8uDrpc4X46hJKjejg,QLokxg_tvSU,on_demand,not_subscribed,US,104,5,3,2,0.716,21.27,30.826086956521738,0,0
20260928,UCSes4X8uDrpc4X46hJKjejg,A9dCA5I9Pes,on_demand,not_subscribed,US,104,5,2,1,1.0535,62.16,25.792531120331951,0,0
20260928,UCSes4X8uDrpc4X46hJKjejg,-CjQjOd2JEA,on_demand,not_subscribed,PL,102,4,2,1,4.4537,262.438,92.734275618374554,0,0
20260928,UCSes4X8uDrpc4X46hJKjejg,HwWx5nhjCx8,on_demand,subscribed,US,101,9,2,0,0.02285,0,0,0,0
20260928,UCSes4X8uDrpc4X46hJKjejg,ldIBIZwjv48,on_demand,not_subscribed,FR,104,5,1,1,0.40933333333333333,24.56,70.171428571428578,0,0
20260928,UCSes4X8uDrpc4X46hJKjejg,9zaom3QbjYs,on_demand,not_subscribed,US,104,5,19,8,32.509466666666668,240.54875,31.692852437417656,2,21.227333333333334
20260928,UCSes4X8uDrpc4X46hJKjejg,unimgWGUpHM,on_demand,subscribed,IN,104,4,1,1,0.365,21.9,52.142857142857146,0,0
20260928,UCSes4X8uDrpc4X46hJKjejg,BeZUS-lZ4qs,on_demand,not_subscribed,US,104,5,284,178,2291.38875,771.12194382022471,24.8909600974895,61,759.59016666666673
20260928,UCSes4X8uDrpc4X46hJKjejg,Rl73WZoqKzE,on_demand,not_subscribed,NA,104,4,1,0,0.073333333333333334,0,0,0,0
20260928,UCSes4X8uDrpc4X46hJKjejg,M-M22Ac4CRE,on_demand,not_subscribed,PH,104,4,2,1,0.015,0,0,0,0
20260928,UCSes4X8uDrpc4X46hJKjejg,gTMjT4y5LHE,on_demand,not_subscribed,BR,102,1,1,1,0.089083333333333334,5.345,1.0819838056680162,0,0
20260928,UCSes4X8uDrpc4X46hJKjejg,J6rzMuvuMuo,on_demand,not_subscribed,CA,102,19,2,2,2.3136833333333335,69.4105,96.40347222222222,0,0
20260928,UCSes4X8uDrpc4X46hJKjejg,wb2ebOkk2gE,on_demand,not_subscribed,AU,104,4,1,0,0.0066666666666666671,0,0,0,0
20260928,UCSes4X8uDrpc4X46hJKjejg,PY_VRF7d7kc,on_demand,not_subscribed,AL,101,2,1,0,0.02955,0,0,0,0
20260928,UCSes4X8uDrpc4X46hJKjejg,yqQ_QnY4_XU,on_demand,not_subscribed,DE,104,4,3,2,1.3633333333333333,40.9,87.021276595744681,0,0
20260928,UCSes4X8uDrpc4X46hJKjejg,Rl73WZoqKzE,on_demand,not_subscribed,NG,104,4,1,0,0.051666666666666666,0,0,0,0
20260928,UCSes4X8uDrpc4X46hJKjejg,6ljakZEWb0o,on_demand,not_subscribed,GB,104,4,7,0,0.12666666666666668,0,0,0,0
20260928,UCSes4X8uDrpc4X46hJKjejg,yqQ_QnY4_XU,on_demand,not_subscribed,ES,104,5,1,0,0.054166666666666669,0,0,0,0
20260928,UCSes4X8uDrpc4X46hJKjejg,5GYyKcjXNN0,on_demand,subscribed,US,104,4,63,40,32.686666666666667,48.6575,60.070987654320987,22,12.475
20260928,UCSes4X8uDrpc4X46hJKjejg,iOURk-GhPG0,on_demand,subscribed,AU,104,4,3,1,0.5178166666666667,29.269,100.92758620689655,1,0.03
20260928,UCSes4X8uDrpc4X46hJKjejg,kzzARP3sGzw,on_demand,not_subscribed,US,104,5,5,3,1.4475,27.743333333333336,36.504385964912281,2,0.036
20260928,UCSes4X8uDrpc4X46hJKjejg,pWCQrmx8beo,on_demand,not_subscribed,US,105,5,1,1,3.7668333333333335,226.01,7.5136303191489358,0,0
20260928,UCSes4X8uDrpc4X46hJKjejg,BeZUS-lZ4qs,on_demand,subscribed,AU,102,28,1,1,4.8601166666666664,291.607,9.4127501613944489,1,4.8601166666666664
20260928,UCSes4X8uDrpc4X46hJKjejg,BIdUjN5_mdA,on_demand,not_subscribed,US,101,2,1,1,0.00035,0.021,0.0037366548042704626,0,0
20260928,UCSes4X8uDrpc4X46hJKjejg,-CjQjOd2JEA,on_demand,not_subscribed,GB,102,19,7,5,7.8599833333333331,93.9862,33.210671378091874,0,0
20260928,UCSes4X8uDrpc4X46hJKjejg,Ox7Rrh40O2o,on_demand,subscribed,US,104,5,1,0,0.038,0,0,0,0
20260928,UCSes4X8uDrpc4X46hJKjejg,ID5K-VWCXew,on_demand,not_subscribed,US,101,2,1,1,0.368,22.08,73.6,0,0
20260928,UCSes4X8uDrpc4X46hJKjejg,9LFMqUAyB_U,on_demand,not_subscribed,PR,101,2,2,0,0.019833333333333335,0,0,0,0
20260928,UCSes4X8uDrpc4X46hJKjejg,YHtB62qU1r8,on_demand,not_subscribed,GB,102,19,4,0,0.10578333333333333,0,0,2,0.0696
20260928,UCSes4X8uDrpc4X46hJKjejg,KUyL_joBI98,on_demand,not_subscribed,US,104,5,1,1,0.1275,7.65,6.375,1,0.1275
20260928,UCSes4X8uDrpc4X46hJKjejg,BeZUS-lZ4qs,on_demand,subscribed,CA,102,4,1,1,51.62768333333333,3097.661,99.9890574564235,0,0
20260928,UCSes4X8uDrpc4X46hJKjejg,2n5LJUyMtAk,on_demand,subscribed,AU,104,4,1,0,0.02,0,0,0,0
20260928,UCSes4X8uDrpc4X46hJKjejg,yTQv3l6WIPk,on_demand,not_subscribed,TT,102,31,1,1,9.0811666666666664,544.87,98.887477313974586,0,0
20260928,UCSes4X8uDrpc4X46hJKjejg,iOURk-GhPG0,on_demand,not_subscribed,MA,104,4,2,2,0.2168,6.504,22.427586206896553,0,0
20260928,UCSes4X8uDrpc4X46hJKjejg,6ljakZEWb0o,on_demand,subscribed,AU,104,5,5,2,15.09405,451.1065,16.3266920014477,2,15.036883333333334
20260928,UCSes4X8uDrpc4X46hJKjejg,0b8eta7f8mY,on_demand,not_subscribed,AU,102,19,1,0,0.10338333333333333,0,0,1,0.10338333333333333
20260928,UCSes4X8uDrpc4X46hJKjejg,RNnuUOuuVfo,on_demand,not_subscribed,US,104,4,2,1,1.65,98.9,72.720588235294116,0,0
20260928,UCSes4X8uDrpc4X46hJKjejg,BeZUS-lZ4qs,on_demand,not_subscribed,BA,104,4,1,0,0,0,0,0,0
20260928,UCSes4X8uDrpc4X46hJKjejg,2n5LJUyMtAk,on_demand,not_subscribed,CA,101,2,5,2,3.80885,111.4145,22.062277227722774,0,0
20260928,UCSes4X8uDrpc4X46hJKjejg,fAZy3HtHBzA,on_demand,not_subscribed,GB,104,5,3,1,0.14766666666666667,6.79,21.21875,1,0.11316666666666667
20260928,UCSes4X8uDrpc4X46hJKjejg,fTXwOlPruv0,on_demand,not_subscribed,DE,104,4,1,1,0.12333333333333334,7.4,12.333333333333334,0,0
20260928,UCSes4X8uDrpc4X46hJKjejg,yqQ_QnY4_XU,on_demand,not_subscribed,DK,104,5,1,1,0.222,13.32,28.340425531914892,0,0
20260928,UCSes4X8uDrpc4X46hJKjejg,op6JvrFdWrY,on_demand,not_subscribed,DE,104,4,3,2,0.78115,23.4345,97.64375,0,0
20260928,UCSes4X8uDrpc4X46hJKjejg,BeZUS-lZ4qs,on_demand,not_subscribed,JM,104,5,1,1,5.7316666666666665,343.9,11.100710135571337,1,5.7316666666666665
20260928,UCSes4X8uDrpc4X46hJKjejg,KoxnHEXhTNQ,on_demand,not_subscribed,US,104,4,16,8,2.4033333333333333,16.8,84,0,0
20260928,UCSes4X8uDrpc4X46hJKjejg,op6JvrFdWrY,on_demand,not_subscribed,ES,104,5,4,3,0.81716666666666671,16.343333333333334,68.097222222222229,0,0
20260928,UCSes4X8uDrpc4X46hJKjejg,eu62r4NZQ3Q,on_demand,not_subscribed,AF,104,4,1,1,0.24666666666666667,14.8,7.36318407960199,0,0
20260928,UCSes4X8uDrpc4X46hJKjejg,dKoSQ-63gP4,on_demand,not_subscribed,FR,101,1,1,0,0.0301,0,0,0,0
20260928,UCSes4X8uDrpc4X46hJKjejg,PnFBmHRQrFc,on_demand,not_subscribed,CA,104,4,1,1,4.080283333333333,244.817,70.552449567723343,0,0
20260928,UCSes4X8uDrpc4X46hJKjejg,OGOmzWG_ThE,on_demand,not_subscribed,US,105,5,1,1,43.736333333333334,2624.18,99.892653216596884,0,0
20260928,UCSes4X8uDrpc4X46hJKjejg,p5XiosuCXB8,on_demand,not_subscribed,GB,104,4,2,1,1.0966666666666667,65.8,107.8688524590164,0,0
20260928,UCSes4X8uDrpc4X46hJKjejg,gTMjT4y5LHE,on_demand,not_subscribed,HR,104,5,1,0,0.020833333333333332,0,0,0,0
20260928,UCSes4X8uDrpc4X46hJKjejg,BeZUS-lZ4qs,on_demand,not_subscribed,DE,102,19,1,0,0.0042,0,0,0,0
20260928,UCSes4X8uDrpc4X46hJKjejg,po8YrSQivoM,on_demand,subscribed,AU,102,19,1,1,0.53336666666666666,32.002,0.93245920745920741,1,0.53336666666666666
20260928,UCSes4X8uDrpc4X46hJKjejg,6wZwOsYD9rQ,on_demand,not_subscribed,US,102,26,1,1,0.28891666666666665,17.335,3.3336538461538461,0,0
20260928,UCSes4X8uDrpc4X46hJKjejg,gTMjT4y5LHE,on_demand,not_subscribed,JP,104,5,5,2,3.7443333333333335,111.015,22.472672064777328,1,3.1861666666666668
20260928,UCSes4X8uDrpc4X46hJKjejg,-CjQjOd2JEA,on_demand,not_subscribed,US,104,5,744,304,796.71585,153.87725328947369,54.373587734796352,75,218.71533333333335
20260928,UCSes4X8uDrpc4X46hJKjejg,JUn4tQJ9Y60,on_demand,not_subscribed,US,104,4,1,1,0,0,0,1,0
20260928,UCSes4X8uDrpc4X46hJKjejg,5xA-FaYOc_0,on_demand,not_subscribed,US,104,5,7,3,2.3087833333333334,45.26,102.86363636363636,0,0
20260928,UCSes4X8uDrpc4X46hJKjejg,YHtB62qU1r8,on_demand,not_subscribed,US,104,5,420,210,677.57196666666664,191.0543142857143,40.649854103343465,25,70.044666666666672
20260928,UCSes4X8uDrpc4X46hJKjejg,3oF068CdTYo,on_demand,subscribed,NZ,104,5,1,1,0.17366666666666666,10.42,30.647058823529413,1,0.17366666666666666
20260928,UCSes4X8uDrpc4X46hJKjejg,UOsqGlestSU,on_demand,not_subscribed,US,104,5,2,1,1.7315,103.89,125.16867469879519,0,0
20260928,UCSes4X8uDrpc4X46hJKjejg,gTMjT4y5LHE,on_demand,not_subscribed,DE,101,2,9,1,2.9101,171.931,34.803846153846152,0,0
20260928,UCSes4X8uDrpc4X46hJKjejg,BeZUS-lZ4qs,on_demand,not_subscribed,AE,104,5,1,1,17.1324,1027.944,33.18089089735313,0,0
20260928,UCSes4X8uDrpc4X46hJKjejg,Rl73WZoqKzE,on_demand,not_subscribed,US,103,10,7,2,10.385233333333334,307.0565,51.519546979865773,3,10.2488
20260928,UCSes4X8uDrpc4X46hJKjejg,yXI5JzLdcwk,on_demand,not_subscribed,CA,101,2,5,2,1.6885,43.489,54.36125,0,0
20260928,UCSes4X8uDrpc4X46hJKjejg,-CjQjOd2JEA,on_demand,not_subscribed,ZM,104,4,2,1,0.92166666666666663,54.4,19.2226148409894,0,0
20260928,UCSes4X8uDrpc4X46hJKjejg,l5M2ICRhyEA,on_demand,subscribed,CA,104,5,1,0,0.058666666666666666,0,0,1,0.058666666666666666
20260928,UCSes4X8uDrpc4X46hJKjejg,2QTpTL9bIDQ,on_demand,not_subscribed,US,101,2,2,1,1.8277833333333333,108.634,3.0748372487970563,1,1.8105666666666667
20260928,UCSes4X8uDrpc4X46hJKjejg,XlT3SmO6YYs,on_demand,not_subscribed,US,104,4,3,0,0.085,0,0,2,0.081666666666666665
20260928,UCSes4X8uDrpc4X46hJKjejg,0JHD_pApR7w,on_demand,not_subscribed,ZA,101,9,2,2,1.16475,34.9425,50.641304347826086,0,0
20260928,UCSes4X8uDrpc4X46hJKjejg,6ljakZEWb0o,on_demand,not_subscribed,MT,104,5,2,2,15.153166666666667,454.595,16.452949692363372,2,15.153166666666667
20260928,UCSes4X8uDrpc4X46hJKjejg,YHtB62qU1r8,on_demand,not_subscribed,ZM,104,4,1,1,7.74,464.4,98.808510638297875,0,0
20260928,UCSes4X8uDrpc4X46hJKjejg,pWCQrmx8beo,on_demand,not_subscribed,CA,104,4,2,1,48.705,2919.8,97.067819148936167,0,0
20260928,UCSes4X8uDrpc4X46hJKjejg,op6JvrFdWrY,on_demand,not_subscribed,CH,104,5,1,1,0.2775,16.65,69.375,0,0
20260928,UCSes4X8uDrpc4X46hJKjejg,gTMjT4y5LHE,on_demand,not_subscribed,HT,104,5,2,1,0.325,17.63,3.568825910931174,0,0
20260928,UCSes4X8uDrpc4X46hJKjejg,dKoSQ-63gP4,on_demand,not_subscribed,US,101,9,40,16,103.98111666666667,386.7339375,63.503109605911327,3,18.583733333333335
20260928,UCSes4X8uDrpc4X46hJKjejg,9SP2xoGRkF0,on_demand,not_subscribed,US,104,5,1,0,0.024833333333333332,0,0,1,0.024833333333333332
20260928,UCSes4X8uDrpc4X46hJKjejg,FP-0zyc1SUI,on_demand,not_subscribed,US,104,5,2,1,0.8165,48.99,99.9795918367347,0,0
20260928,UCSes4X8uDrpc4X46hJKjejg,gmPsKXt4foY,on_demand,subscribed,US,104,4,101,55,41.950916666666664,45.497363636363637,101.10525252525252,24,9.7383333333333333
20260928,UCSes4X8uDrpc4X46hJKjejg,M-M22Ac4CRE,on_demand,not_subscribed,SG,104,5,1,1,0.5265,31.59,95.727272727272734,0,0
20260928,UCSes4X8uDrpc4X46hJKjejg,po8YrSQivoM,on_demand,not_subscribed,US,104,4,4,1,39.837766666666667,2379.8,69.341491841491845,0,0
20260928,UCSes4X8uDrpc4X46hJKjejg,dgP0I7rPTlU,on_demand,not_subscribed,TN,104,5,2,1,0.513,30.78,106.13793103448276,0,0
20260928,UCSes4X8uDrpc4X46hJKjejg,gTMjT4y5LHE,on_demand,not_subscribed,CA,102,4,6,5,15.3446,183.7386,37.194048582995954,2,2.8787666666666669
20260928,UCSes4X8uDrpc4X46hJKjejg,0JHD_pApR7w,on_demand,not_subscribed,US,101,2,11,5,4.8928666666666665,57.441999999999993,83.249275362318841,2,1.1492333333333333
20260928,UCSes4X8uDrpc4X46hJKjejg,0b8eta7f8mY,on_demand,not_subscribed,DK,101,2,1,0,0.011916666666666667,0,0,0,0
20260928,UCSes4X8uDrpc4X46hJKjejg,ID5K-VWCXew,on_demand,not_subscribed,AE,101,2,3,1,1.0764166666666666,64.585,215.28333333333333,0,0
20260928,UCSes4X8uDrpc4X46hJKjejg,pWCQrmx8beo,on_demand,not_subscribed,IN,104,4,1,0,0.013333333333333334,0,0,0,0
20260928,UCSes4X8uDrpc4X46hJKjejg,rq61MdGS0U4,on_demand,not_subscribed,GB,104,5,1,0,0.052,0,0,0,0
20260928,UCSes4X8uDrpc4X46hJKjejg,f0Agz2fWwFY,on_demand,not_subscribed,CA,104,5,5,2,0.30083333333333334,6.8245,6.6257281553398055,1,0.18466666666666667
20260928,UCSes4X8uDrpc4X46hJKjejg,HCZIc9OVy1o,on_demand,subscribed,MY,104,5,1,0,0.088333333333333333,0,0,0,0
20260928,UCSes4X8uDrpc4X46hJKjejg,UvWPXkksqmM,on_demand,not_subscribed,US,102,1,3,2,9.7463833333333341,289.884,43.789123867069485,0,0
20260928,UCSes4X8uDrpc4X46hJKjejg,BeZUS-lZ4qs,on_demand,subscribed,US,105,5,2,2,29.811333333333334,894.34,28.868302130406715,2,29.811333333333334
20260928,UCSes4X8uDrpc4X46hJKjejg,iOURk-GhPG0,on_demand,not_subscribed,ES,104,4,1,0,0.04,0,0,0,0
20260928,UCSes4X8uDrpc4X46hJKjejg,YWmM-Tkjmvo,on_demand,not_subscribed,US,101,2,1,0,0.039133333333333332,0,0,0,0
20260928,UCSes4X8uDrpc4X46hJKjejg,YHtB62qU1r8,on_demand,not_subscribed,JM,104,5,1,1,0.024166666666666666,1.45,0.30851063829787234,0,0
20260928,UCSes4X8uDrpc4X46hJKjejg,gTMjT4y5LHE,on_demand,not_subscribed,FI,103,10,1,0,0.11138333333333333,0,0,0,0
20260928,UCSes4X8uDrpc4X46hJKjejg,UvWPXkksqmM,on_demand,subscribed,US,101,9,2,0,0.02075,0,0,0,0
20260928,UCSes4X8uDrpc4X46hJKjejg,XxNpGT_I6mk,on_demand,not_subscribed,US,101,2,11,2,1.6288833333333332,40.063,121.40303030303031,2,0.0595
20260928,UCSes4X8uDrpc4X46hJKjejg,iOURk-GhPG0,on_demand,not_subscribed,NL,104,5,3,1,1.3168333333333333,79.01,272.44827586206895,0,0
20260928,UCSes4X8uDrpc4X46hJKjejg,gTMjT4y5LHE,on_demand,not_subscribed,AU,102,12,1,1,8.2336833333333335,494.021,100.00425101214574,0,0
20260928,UCSes4X8uDrpc4X46hJKjejg,yqQ_QnY4_XU,on_demand,subscribed,DE,105,4,1,1,0.29833333333333334,17.9,38.085106382978722,0,0
20260928,UCSes4X8uDrpc4X46hJKjejg,dKoSQ-63gP4,on_demand,subscribed,US,102,19,3,2,10.716033333333334,318.9745,52.376765188834156,1,9.9772833333333342
20260928,UCSes4X8uDrpc4X46hJKjejg,6DF37rM0hQ4,on_demand,not_subscribed,PH,102,4,2,1,1.8123166666666666,108.739,115.67978723404255,0,0
20260928,UCSes4X8uDrpc4X46hJKjejg,6ljakZEWb0o,on_demand,not_subscribed,DE,104,4,8,1,0.55166666666666664,30,1.0857763300760044,0,0
20260928,UCSes4X8uDrpc4X46hJKjejg,2n5LJUyMtAk,on_demand,not_subscribed,ES,104,4,2,0,0.04,0,0,0,0
20260928,UCSes4X8uDrpc4X46hJKjejg,6ljakZEWb0o,on_demand,not_subscribed,ES,104,5,3,0,0.0559,0,0,0,0
20260928,UCSes4X8uDrpc4X46hJKjejg,Ck3vqY7J6xQ,on_demand,not_subscribed,FR,104,5,1,1,6.3323333333333336,379.94,119.10344827586206,0,0
20260928,UCSes4X8uDrpc4X46hJKjejg,6mYXcUQHtfA,on_demand,not_subscribed,US,102,29,2,1,0.75603333333333333,40.07,7.2987249544626591,0,0
20260928,UCSes4X8uDrpc4X46hJKjejg,-CjQjOd2JEA,on_demand,not_subscribed,DE,102,19,1,1,0.42695,25.617,9.0519434628975262,0,0
20260928,UCSes4X8uDrpc4X46hJKjejg,pWCQrmx8beo,on_demand,subscribed,US,104,5,4,3,46.910333333333334,938.13666666666666,31.188054078014183,2,44.843666666666664
20260928,UCSes4X8uDrpc4X46hJKjejg,HwWx5nhjCx8,on_demand,not_subscribed,SG,104,5,1,1,8.2758333333333329,496.55,47.699327569644574,1,8.2758333333333329
20260928,UCSes4X8uDrpc4X46hJKjejg,YHtB62qU1r8,on_demand,not_subscribed,DE,102,19,1,0,0.070766666666666672,0,0,0,0
20260928,UCSes4X8uDrpc4X46hJKjejg,FC36sHokYnk,on_demand,not_subscribed,US,104,5,1,1,9.168,550.08,99.292418772563181,0,0
20260928,UCSes4X8uDrpc4X46hJKjejg,BeZUS-lZ4qs,on_demand,not_subscribed,GB,102,1,2,2,1.0331166666666667,30.9935,1.0004357650096836,1,0.40023333333333333
20260928,UCSes4X8uDrpc4X46hJKjejg,tIFk16TQrU4,on_demand,not_subscribed,PH,104,5,4,1,0.90683333333333338,51.75,152.20588235294119,0,0
20260928,UCSes4X8uDrpc4X46hJKjejg,qKk3hH95Two,on_demand,not_subscribed,AU,101,2,1,1,0.39888333333333331,23.933,34.19,0,0
20260928,UCSes4X8uDrpc4X46hJKjejg,UvWPXkksqmM,on_demand,not_subscribed,QA,104,4,1,0,0.026666666666666668,0,0,0,0
20260928,UCSes4X8uDrpc4X46hJKjejg,fAZy3HtHBzA,on_demand,not_subscribed,DE,104,5,1,0,0.067,0,0,0,0
20260928,UCSes4X8uDrpc4X46hJKjejg,2n5LJUyMtAk,on_demand,subscribed,US,101,30,1,1,0.1727,10.362,2.0518811881188119,0,0
20260928,UCSes4X8uDrpc4X46hJKjejg,oujDWGTay-Q,on_demand,not_subscribed,MZ,104,5,1,1,0.081833333333333327,4.91,6.5466666666666669,0,0
20260928,UCSes4X8uDrpc4X46hJKjejg,-CjQjOd2JEA,on_demand,not_subscribed,PL,104,4,3,1,4.135,240.9,85.123674911660771,0,0
20260928,UCSes4X8uDrpc4X46hJKjejg,YHtB62qU1r8,on_demand,not_subscribed,AE,104,5,2,1,1.4413333333333334,85.43,18.176595744680853,0,0
20260928,UCSes4X8uDrpc4X46hJKjejg,MEHDJ9V-lIk,on_demand,not_subscribed,TH,102,19,1,1,0.18028333333333332,10.817,0.5250970873786408,0,0
20260928,UCSes4X8uDrpc4X46hJKjejg,op6JvrFdWrY,on_demand,subscribed,ES,105,5,2,1,0.56933333333333336,34.16,142.33333333333334,0,0
20260928,UCSes4X8uDrpc4X46hJKjejg,eeBl_3A6Fok,on_demand,not_subscribed,US,101,2,4,1,1.7419833333333334,104.502,213.26938775510203,0,0
20260928,UCSes4X8uDrpc4X46hJKjejg,_JUn-uRTUZA,on_demand,not_subscribed,VI,102,12,2,1,0.65121666666666667,30.848,10.564383561643835,0,0
20260928,UCSes4X8uDrpc4X46hJKjejg,gTMjT4y5LHE,on_demand,not_subscribed,RS,101,2,8,3,8.18385,162.11033333333333,32.815856950067477,1,4.5733166666666669
20260928,UCSes4X8uDrpc4X46hJKjejg,DjhN1oAGTYA,on_demand,not_subscribed,US,102,4,4,3,9.26245,185.188,63.85793103448276,0,0
20260928,UCSes4X8uDrpc4X46hJKjejg,-CjQjOd2JEA,on_demand,not_subscribed,LT,102,19,1,0,0.011216666666666666,0,0,0,0
20260928,UCSes4X8uDrpc4X46hJKjejg,gmPsKXt4foY,on_demand,not_subscribed,EE,104,4,1,1,0.45666666666666667,27.4,60.888888888888886,0,0
20260928,UCSes4X8uDrpc4X46hJKjejg,sc2QVbRxxV8,on_demand,subscribed,US,104,4,1,1,0.14833333333333334,8.9,24.054054054054053,0,0
20260928,UCSes4X8uDrpc4X46hJKjejg,10E4EUZZK8k,on_demand,subscribed,US,104,4,3,0,0.041666666666666664,0,0,0,0
20260928,UCSes4X8uDrpc4X46hJKjejg,YHtB62qU1r8,on_demand,not_subscribed,LT,102,19,1,0,0.0070166666666666667,0,0,0,0
20260928,UCSes4X8uDrpc4X46hJKjejg,hYGxcG9hdEE,on_demand,not_subscribed,US,104,4,1,0,0.04,0,0,1,0.04
20260928,UCSes4X8uDrpc4X46hJKjejg,-k1Ng7TE63Q,on_demand,not_subscribed,TR,101,2,2,1,0.57441666666666669,34.465,114.88333333333334,0,0
20260928,UCSes4X8uDrpc4X46hJKjejg,CxaOeEyfWXQ,on_demand,not_subscribed,PH,104,4,1,1,0.30166666666666669,18.1,46.410256410256409,0,0
20260928,UCSes4X8uDrpc4X46hJKjejg,OGOmzWG_ThE,on_demand,subscribed,US,104,5,2,0,0.14283333333333334,0,0,0,0
20260928,UCSes4X8uDrpc4X46hJKjejg,0b8eta7f8mY,on_demand,not_subscribed,US,105,4,1,1,1.0983333333333334,65.9,12.504743833017077,0,0
20260928,UCSes4X8uDrpc4X46hJKjejg,JZgusHsQ0l4,on_demand,subscribed,US,101,2,2,1,0.89823333333333333,53.894,103.6423076923077,0,0
20260928,UCSes4X8uDrpc4X46hJKjejg,2n5LJUyMtAk,on_demand,not_subscribed,CH,104,4,1,1,1.765,105.9,20.970297029702969,1,1.765
20260928,UCSes4X8uDrpc4X46hJKjejg,5WC7gUC932A,on_demand,not_subscribed,GB,104,5,1,0,0.0415,0,0,1,0.0415
20260928,UCSes4X8uDrpc4X46hJKjejg,jgjSrud0tbo,on_demand,not_subscribed,US,101,2,1,0,0.033016666666666666,0,0,0,0
20260928,UCSes4X8uDrpc4X46hJKjejg,6ljakZEWb0o,on_demand,not_subscribed,CH,104,5,4,0,0.22983333333333333,0,0,0,0
20260928,UCSes4X8uDrpc4X46hJKjejg,-CjQjOd2JEA,on_demand,not_subscribed,CA,102,29,6,3,9.00895,179.41166666666666,63.396348645465253,1,0.0077
20260928,UCSes4X8uDrpc4X46hJKjejg,MEHDJ9V-lIk,on_demand,not_subscribed,NO,102,4,1,1,0.6106166666666667,36.637,1.778495145631068,1,0.6106166666666667
20260928,UCSes4X8uDrpc4X46hJKjejg,yXI5JzLdcwk,on_demand,not_subscribed,ES,104,4,1,1,0.048333333333333332,2.9,3.625,0,0
20260928,UCSes4X8uDrpc4X46hJKjejg,FIPueBGagWs,on_demand,not_subscribed,US,101,9,1,1,0.15365,9.219,0.24802259887005651,0,0
20260928,UCSes4X8uDrpc4X46hJKjejg,JZgusHsQ0l4,on_demand,not_subscribed,BS,104,4,5,2,2.885,86.55,166.44230769230768,0,0
20260928,UCSes4X8uDrpc4X46hJKjejg,gTMjT4y5LHE,on_demand,subscribed,JP,105,5,1,1,5.5138333333333334,330.83,66.969635627530366,0,0
20260928,UCSes4X8uDrpc4X46hJKjejg,-CjQjOd2JEA,on_demand,subscribed,US,105,5,1,1,0.74683333333333335,44.81,15.8339222614841,1,0.74683333333333335
20260928,UCSes4X8uDrpc4X46hJKjejg,tvcu9WeDJD4,on_demand,not_subscribed,US,101,2,2,0,0.045183333333333332,0,0,0,0
20260928,UCSes4X8uDrpc4X46hJKjejg,2n5LJUyMtAk,on_demand,not_subscribed,US,102,28,7,6,22.5994,225.80616666666666,44.714092409240926,1,0.018783333333333332
20260928,UCSes4X8uDrpc4X46hJKjejg,MEHDJ9V-lIk,on_demand,not_subscribed,NL,101,2,1,1,7.45985,447.591,21.727718446601941,0,0
20260928,UCSes4X8uDrpc4X46hJKjejg,YHtB62qU1r8,on_demand,not_subscribed,CA,102,29,2,2,7.44255,223.2765,47.505638297872338,0,0
20260928,UCSes4X8uDrpc4X46hJKjejg,gTMjT4y5LHE,on_demand,not_subscribed,US,105,5,41,39,153.02421666666666,235.22830769230771,47.61706633447524,10,41.44375
20260928,UCSes4X8uDrpc4X46hJKjejg,HVLl_aTeQTE,on_demand,subscribed,US,101,2,2,0,0.048783333333333331,0,0,0,0
20260928,UCSes4X8uDrpc4X46hJKjejg,-CjQjOd2JEA,on_demand,not_subscribed,IN,102,29,2,2,2.7259666666666669,81.779,28.897173144876326,0,0
20260928,UCSes4X8uDrpc4X46hJKjejg,R09S9nSIyEk,on_demand,not_subscribed,US,101,2,1,1,65.45301666666667,3927.181,99.979149694501018,0,0
20260928,UCSes4X8uDrpc4X46hJKjejg,Rl73WZoqKzE,on_demand,not_subscribed,TH,104,4,1,0,0,0,0,0,0
20260928,UCSes4X8uDrpc4X46hJKjejg,6oGL_hVMNjM,on_demand,not_subscribed,US,104,5,3,2,2.5695,76.56,63.272727272727273,0,0
20260928,UCSes4X8uDrpc4X46hJKjejg,f4MfVVTJ6pY,on_demand,not_subscribed,IT,104,4,1,0,0.0016666666666666668,0,0,0,0
20260928,UCSes4X8uDrpc4X46hJKjejg,i-9mS8nWVRQ,on_demand,not_subscribed,TT,104,5,1,1,0.87766666666666671,52.66,70.213333333333338,0,0
20260928,UCSes4X8uDrpc4X46hJKjejg,wb2ebOkk2gE,on_demand,not_subscribed,AD,101,9,1,0,0.01,0,0,0,0
20260928,UCSes4X8uDrpc4X46hJKjejg,2n5LJUyMtAk,on_demand,not_subscribed,US,102,26,156,99,330.60846666666669,198.81104040404043,39.368522852285231,20,45.199050000000007
20260928,UCSes4X8uDrpc4X46hJKjejg,itfxfmA1F64,on_demand,not_subscribed,GB,104,5,2,1,1.5998333333333334,95.99,123.06410256410257,0,0
20260928,UCSes4X8uDrpc4X46hJKjejg,2n5LJUyMtAk,on_demand,not_subscribed,TT,104,4,1,0,0.015,0,0,0,0
20260928,UCSes4X8uDrpc4X46hJKjejg,iOURk-GhPG0,on_demand,not_subscribed,US,102,12,1,1,0.14348333333333332,8.609,29.686206896551724,0,0
20260928,UCSes4X8uDrpc4X46hJKjejg,b3d58fgnghs,on_demand,not_subscribed,TT,104,4,2,1,0.615,28.1,6.5197215777262185,0,0
20260928,UCSes4X8uDrpc4X46hJKjejg,HtZ8tDkeGJY,on_demand,subscribed,GY,101,9,3,1,1.9653666666666667,117.922,199.86779661016948,0,0
20260928,UCSes4X8uDrpc4X46hJKjejg,RNnuUOuuVfo,on_demand,not_subscribed,GB,103,10,2,1,2.3800333333333334,142.802,105.00147058823529,0,0
20260928,UCSes4X8uDrpc4X46hJKjejg,iOURk-GhPG0,on_demand,not_subscribed,BR,104,4,3,3,0.45915,9.183,31.665517241379309,2,0.14826666666666666
20260928,UCSes4X8uDrpc4X46hJKjejg,-CjQjOd2JEA,on_demand,not_subscribed,GB,102,1,1,1,4.4947166666666662,269.683,95.294346289752653,0,0
20260928,UCSes4X8uDrpc4X46hJKjejg,WAYYE5BMG6c,on_demand,not_subscribed,US,101,2,12,3,31.584533333333333,625.941,32.978977871443625,0,0
20260928,UCSes4X8uDrpc4X46hJKjejg,e7CxdG8sNlA,on_demand,not_subscribed,US,102,4,5,4,18.276716666666665,273.766,57.634947368421052,2,7.7373166666666666
20260928,UCSes4X8uDrpc4X46hJKjejg,OxH6ANsFM9Y,on_demand,not_subscribed,RS,101,2,1,1,5.0135833333333331,300.815,76.3489847715736,0,0
20260928,UCSes4X8uDrpc4X46hJKjejg,YHtB62qU1r8,on_demand,not_subscribed,GB,102,1,2,1,0.75268333333333337,39.614,8.4285106382978725,1,0.66023333333333334
20260928,UCSes4X8uDrpc4X46hJKjejg,qlXb_AjHL8w,on_demand,subscribed,US,101,9,1,1,0.20595,12.357,0.46022346368715084,0,0
20260928,UCSes4X8uDrpc4X46hJKjejg,0b8eta7f8mY,on_demand,not_subscribed,US,102,29,9,5,21.73465,257.82800000000003,48.923719165085387,2,7.044
20260928,UCSes4X8uDrpc4X46hJKjejg,2n5LJUyMtAk,on_demand,not_subscribed,US,102,12,33,21,72.3477,205.51676190476189,40.696388495992458,5,10.964966666666667
20260928,UCSes4X8uDrpc4X46hJKjejg,HCZIc9OVy1o,on_demand,not_subscribed,LB,104,5,1,1,1.1058333333333332,66.35,2.2816368638239339,0,0
20260928,UCSes4X8uDrpc4X46hJKjejg,WAYYE5BMG6c,on_demand,not_subscribed,BZ,104,5,1,1,2.5445,152.67,8.0437302423603789,0,0
20260928,UCSes4X8uDrpc4X46hJKjejg,Rl73WZoqKzE,on_demand,not_subscribed,US,101,2,25,4,9.0180333333333333,124.949,20.96459731543624,0,0
20260928,UCSes4X8uDrpc4X46hJKjejg,tvcu9WeDJD4,on_demand,not_subscribed,IL,102,4,1,1,3.56075,213.645,54.780769230769231,0,0
20260928,UCSes4X8uDrpc4X46hJKjejg,op6JvrFdWrY,on_demand,not_subscribed,FI,104,4,2,1,0.48,28.8,120,0,0
20260928,UCSes4X8uDrpc4X46hJKjejg,3oF068CdTYo,on_demand,not_subscribed,US,104,5,71,43,16.312716666666667,21.81260465116279,64.1547195622435,11,1.6628333333333334
20260928,UCSes4X8uDrpc4X46hJKjejg,-CjQjOd2JEA,on_demand,not_subscribed,BB,102,4,1,0,0.0046166666666666665,0,0,0,0
20260928,UCSes4X8uDrpc4X46hJKjejg,gTMjT4y5LHE,on_demand,not_subscribed,GB,101,9,10,2,8.3226833333333339,240.6275,48.710020242914979,0,0
20260928,UCSes4X8uDrpc4X46hJKjejg,-CjQjOd2JEA,on_demand,subscribed,SL,104,4,1,0,0.061666666666666668,0,0,0,0
20260928,UCSes4X8uDrpc4X46hJKjejg,5UEhfpivkPo,on_demand,not_subscribed,SG,101,9,1,0,0.03638333333333333,0,0,0,0
20260928,UCSes4X8uDrpc4X46hJKjejg,dKoSQ-63gP4,on_demand,not_subscribed,ID,104,4,1,1,0.22666666666666666,13.6,2.2331691297208538,0,0
20260928,UCSes4X8uDrpc4X46hJKjejg,JZgusHsQ0l4,on_demand,not_subscribed,US,102,19,3,3,1.7264166666666667,34.528333333333329,66.400641025641022,1,0.26476666666666665
20260928,UCSes4X8uDrpc4X46hJKjejg,HtZ8tDkeGJY,on_demand,not_subscribed,RU,105,5,2,1,1.4561666666666666,87.37,148.08474576271186,0,0
20260928,UCSes4X8uDrpc4X46hJKjejg,JZgusHsQ0l4,on_demand,not_subscribed,NL,104,4,2,2,1.6166666666666667,48.5,93.269230769230774,1,0.855
20260928,UCSes4X8uDrpc4X46hJKjejg,0b8eta7f8mY,on_demand,not_subscribed,NO,104,5,1,0,0.0175,0,0,0,0
20260928,UCSes4X8uDrpc4X46hJKjejg,-CjQjOd2JEA,on_demand,not_subscribed,LC,101,2,4,0,0.15348333333333333,0,0,0,0
20260928,UCSes4X8uDrpc4X46hJKjejg,6ljakZEWb0o,on_demand,subscribed,DE,105,4,1,1,5.5366666666666671,332.2,12.023163228374955,0,0
20260928,UCSes4X8uDrpc4X46hJKjejg,-CjQjOd2JEA,on_demand,not_subscribed,SI,101,9,1,0,0.040216666666666664,0,0,0,0
20260928,UCSes4X8uDrpc4X46hJKjejg,YHtB62qU1r8,on_demand,subscribed,GE,101,2,1,1,0.14023333333333332,8.414,1.7902127659574467,1,0.14023333333333332
20260928,UCSes4X8uDrpc4X46hJKjejg,BeZUS-lZ4qs,on_demand,not_subscribed,KR,101,2,1,0,0.0052833333333333335,0,0,0,0
20260928,UCSes4X8uDrpc4X46hJKjejg,EbhQDO2KckU,on_demand,not_subscribed,US,104,4,3,3,8.95,179,74.895397489539747,0,0
20260928,UCSes4X8uDrpc4X46hJKjejg,f4MfVVTJ6pY,on_demand,not_subscribed,PK,101,2,2,1,1.5438,92.628,5.6343065693430656,0,0
20260928,UCSes4X8uDrpc4X46hJKjejg,HtZ8tDkeGJY,on_demand,not_subscribed,US,101,9,8,4,3.2794166666666666,48.32025,81.898728813559316,0,0
20260928,UCSes4X8uDrpc4X46hJKjejg,0TDhWq6S65A,on_demand,not_subscribed,US,102,29,1,0,0.047383333333333333,0,0,1,0.047383333333333333
20260928,UCSes4X8uDrpc4X46hJKjejg,k2rjwlyjahc,on_demand,not_subscribed,US,104,5,2,2,0.90316666666666667,27.095,50.175925925925924,1,0.14866666666666667
20260928,UCSes4X8uDrpc4X46hJKjejg,7uu_YrZYDF8,on_demand,not_subscribed,US,104,5,1,1,0.317,19.02,21.613636363636363,1,0.317
20260928,UCSes4X8uDrpc4X46hJKjejg,vjaPix9JaOk,on_demand,not_subscribed,JO,105,4,1,0,0.048333333333333332,0,0,0,0
20260928,UCSes4X8uDrpc4X46hJKjejg,gTMjT4y5LHE,on_demand,not_subscribed,JO,104,5,1,0,0.013666666666666667,0,0,0,0
20260928,UCSes4X8uDrpc4X46hJKjejg,n8fMP2cKrBc,on_demand,not_subscribed,NL,101,2,1,0,0.020433333333333335,0,0,0,0
20260928,UCSes4X8uDrpc4X46hJKjejg,gTMjT4y5LHE,on_demand,not_subscribed,FI,101,2,6,1,2.4023166666666667,134.525,27.231781376518217,0,0
20260928,UCSes4X8uDrpc4X46hJKjejg,gTMjT4y5LHE,on_demand,not_subscribed,CA,104,4,32,9,28.696366666666666,186.78244444444442,37.8102114260009,2,0.8
20260928,UCSes4X8uDrpc4X46hJKjejg,yqQ_QnY4_XU,on_demand,not_subscribed,NP,104,4,1,0,0.028333333333333332,0,0,0,0
20260928,UCSes4X8uDrpc4X46hJKjejg,0lbad9fh3KM,on_demand,not_subscribed,ES,104,4,1,0,0.031666666666666669,0,0,0,0
20260928,UCSes4X8uDrpc4X46hJKjejg,YHtB62qU1r8,on_demand,subscribed,CA,104,4,2,1,7.8416666666666668,469.5,99.8936170212766,0,0
20260928,UCSes4X8uDrpc4X46hJKjejg,0JUVBPIGUg8,on_demand,not_subscribed,US,105,5,2,1,0.65433333333333332,39.26,100.66666666666667,0,0
20260928,UCSes4X8uDrpc4X46hJKjejg,198kcwoCgIY,on_demand,not_subscribed,PH,104,4,1,0,0.048333333333333332,0,0,0,0
20260928,UCSes4X8uDrpc4X46hJKjejg,ePdXtNfowRo,on_demand,not_subscribed,MX,102,19,1,0,0.09125,0,0,1,0.09125
20260928,UCSes4X8uDrpc4X46hJKjejg,gTMjT4y5LHE,on_demand,not_subscribed,IN,104,4,1,1,0.073333333333333334,4.4,0.89068825910931171,0,0
20260928,UCSes4X8uDrpc4X46hJKjejg,ABlbRTTk1ek,on_demand,not_subscribed,US,104,5,2,1,0.50816666666666666,29.55,79.86486486486487,2,0.50816666666666666
20260928,UCSes4X8uDrpc4X46hJKjejg,mgmmw1KQris,on_demand,not_subscribed,SE,101,2,1,0,0.011816666666666666,0,0,0,0
20260928,UCSes4X8uDrpc4X46hJKjejg,c24CDRG2J1Q,on_demand,not_subscribed,AU,104,4,1,1,0.19713333333333333,11.828,11.947474747474747,0,0
20260928,UCSes4X8uDrpc4X46hJKjejg,BeZUS-lZ4qs,on_demand,not_subscribed,BG,104,5,1,1,0.29933333333333334,17.96,0.579728857327308,1,0.29933333333333334
20260928,UCSes4X8uDrpc4X46hJKjejg,BIdUjN5_mdA,on_demand,not_subscribed,US,101,9,1,0,0.076633333333333331,0,0,0,0
20260928,UCSes4X8uDrpc4X46hJKjejg,ID5K-VWCXew,on_demand,not_subscribed,US,101,9,2,1,0.57308333333333328,34.385,114.61666666666666,0,0
20260928,UCSes4X8uDrpc4X46hJKjejg,F0PO_64UfwU,on_demand,subscribed,US,104,5,1,1,9.753166666666667,585.19,96.090311986863711,0,0
20260928,UCSes4X8uDrpc4X46hJKjejg,PoyUkRaWZiM,on_demand,not_subscribed,US,104,5,3,2,10.441666666666666,309.95,50.811475409836063,2,10.331666666666667
20260928,UCSes4X8uDrpc4X46hJKjejg,6DF37rM0hQ4,on_demand,not_subscribed,PH,104,4,1,0,0.066666666666666666,0,0,0,0
20260928,UCSes4X8uDrpc4X46hJKjejg,7DD0KNPPL1c,on_demand,not_subscribed,NZ,102,21,1,1,0.56646666666666667,33.988,97.108571428571423,0,0
20260928,UCSes4X8uDrpc4X46hJKjejg,a_gJeGCqf4g,on_demand,not_subscribed,PH,104,4,2,0,0.036666666666666667,0,0,0,0
20260928,UCSes4X8uDrpc4X46hJKjejg,op6JvrFdWrY,on_demand,not_subscribed,IT,104,4,3,2,0.97333333333333338,29.2,121.66666666666667,0,0
20260928,UCSes4X8uDrpc4X46hJKjejg,5GYyKcjXNN0,on_demand,subscribed,NZ,104,5,1,0,0.066166666666666665,0,0,1,0.066166666666666665
20260928,UCSes4X8uDrpc4X46hJKjejg,RNnuUOuuVfo,on_demand,not_subscribed,GH,104,5,2,1,2.5055,150.33,110.53676470588235,0,0
20260928,UCSes4X8uDrpc4X46hJKjejg,s5FwywrEozM,on_demand,not_subscribed,US,104,4,6,3,1.4433333333333334,28.866666666666664,70.40650406504065,0,0
20260928,UCSes4X8uDrpc4X46hJKjejg,0b8eta7f8mY,on_demand,subscribed,US,104,4,1,0,0.018333333333333333,0,0,0,0
20260928,UCSes4X8uDrpc4X46hJKjejg,34SgPBo7SBw,on_demand,not_subscribed,US,105,4,1,1,2.625,157.5,25.2,0,0
20260928,UCSes4X8uDrpc4X46hJKjejg,k3pJGiIh1RE,on_demand,not_subscribed,US,104,5,5,3,1.9275,37.64,73.803921568627445,1,0.83183333333333331
20260928,UCSes4X8uDrpc4X46hJKjejg,ZKhPpyVL2JQ,on_demand,not_subscribed,GB,104,4,1,0,0.0066666666666666671,0,0,0,0
20260928,UCSes4X8uDrpc4X46hJKjejg,gTMjT4y5LHE,on_demand,subscribed,US,104,5,95,40,120.44536666666667,178.1704,36.066882591093119,8,31.462833333333336
20260928,UCSes4X8uDrpc4X46hJKjejg,QUD-7qlFQUs,on_demand,not_subscribed,US,104,4,1,0,0.005,0,0,0,0
20260928,UCSes4X8uDrpc4X46hJKjejg,dKoSQ-63gP4,on_demand,not_subscribed,CA,103,10,1,1,5.4393833333333337,326.363,53.589983579638755,0,0
20260928,UCSes4X8uDrpc4X46hJKjejg,Hufo1ZVItio,on_demand,subscribed,US,102,29,1,1,81.373016666666672,4882.381,99.987323366782718,0,0
20260928,UCSes4X8uDrpc4X46hJKjejg,-CjQjOd2JEA,on_demand,not_subscribed,FI,102,19,1,1,0.19645,11.787,4.1650176678445225,0,0
20260928,UCSes4X8uDrpc4X46hJKjejg,OkzI_U0uKes,on_demand,not_subscribed,US,102,19,1,1,11.550616666666667,693.037,67.285145631067962,0,0
20260928,UCSes4X8uDrpc4X46hJKjejg,dgP0I7rPTlU,on_demand,not_subscribed,TW,101,2,2,0,0.16866666666666666,0,0,0,0
20260928,UCSes4X8uDrpc4X46hJKjejg,dKoSQ-63gP4,on_demand,subscribed,US,102,1,1,0,0.05665,0,0,0,0
20260928,UCSes4X8uDrpc4X46hJKjejg,YHtB62qU1r8,on_demand,not_subscribed,KR,101,2,2,0,0.043016666666666668,0,0,0,0
20260928,UCSes4X8uDrpc4X46hJKjejg,198kcwoCgIY,on_demand,not_subscribed,LU,104,4,1,0,0.0033333333333333335,0,0,0,0
20260928,UCSes4X8uDrpc4X46hJKjejg,-CjQjOd2JEA,on_demand,not_subscribed,ZA,102,31,1,0,0.14516666666666667,0,0,0,0
20260928,UCSes4X8uDrpc4X46hJKjejg,YHtB62qU1r8,on_demand,not_subscribed,BR,102,12,1,1,0.32616666666666666,19.57,4.1638297872340422,1,0.32616666666666666
20260928,UCSes4X8uDrpc4X46hJKjejg,JZgusHsQ0l4,on_demand,not_subscribed,PH,102,4,1,1,0.21995,13.197,25.378846153846155,0,0
20260928,UCSes4X8uDrpc4X46hJKjejg,-CjQjOd2JEA,on_demand,not_subscribed,DE,102,1,1,1,1.89825,113.895,40.245583038869256,1,1.89825
20260928,UCSes4X8uDrpc4X46hJKjejg,DjhN1oAGTYA,on_demand,not_subscribed,US,104,4,3,0,0.098333333333333328,0,0,0,0
20260928,UCSes4X8uDrpc4X46hJKjejg,P2mEx6REM20,on_demand,not_subscribed,US,102,26,1,1,0.66736666666666666,40.042,0.756222851746931,0,0
20260928,UCSes4X8uDrpc4X46hJKjejg,FC36sHokYnk,on_demand,subscribed,CA,104,4,1,0,0.026666666666666668,0,0,0,0
20260928,UCSes4X8uDrpc4X46hJKjejg,Y8VmQ0NuFhs,on_demand,not_subscribed,US,102,19,2,1,7.029466666666667,415.568,115.75710306406685,1,6.9261333333333335
20260928,UCSes4X8uDrpc4X46hJKjejg,UvWPXkksqmM,on_demand,not_subscribed,HU,104,5,1,0,0.081333333333333327,0,0,0,0
20260928,UCSes4X8uDrpc4X46hJKjejg,lJGV7X5oOg0,on_demand,not_subscribed,US,104,4,2,1,0.3,17.4,54.375,0,0
20260928,UCSes4X8uDrpc4X46hJKjejg,gTMjT4y5LHE,on_demand,not_subscribed,DE,101,9,1,0,0.020633333333333333,0,0,0,0
20260928,UCSes4X8uDrpc4X46hJKjejg,kHqq0RR6dHE,on_demand,not_subscribed,US,104,4,2,1,4.18,244.2,24.518072289156628,0,0
20260928,UCSes4X8uDrpc4X46hJKjejg,YHtB62qU1r8,on_demand,not_subscribed,VG,104,5,1,1,7.8242333333333329,469.454,99.883829787234049,0,0
20260928,UCSes4X8uDrpc4X46hJKjejg,l5M2ICRhyEA,on_demand,not_subscribed,US,103,10,6,3,1.3696333333333333,27.002,81.824242424242428,0,0
20260928,UCSes4X8uDrpc4X46hJKjejg,5WC7gUC932A,on_demand,not_subscribed,SE,104,4,1,0,0.005,0,0,0,0
20260928,UCSes4X8uDrpc4X46hJKjejg,eu62r4NZQ3Q,on_demand,not_subscribed,CA,104,4,1,0,0.055,0,0,0,0
20260928,UCSes4X8uDrpc4X46hJKjejg,0JHD_pApR7w,on_demand,not_subscribed,US,101,9,2,1,1.2928833333333334,72.685,105.34057971014492,0,0
20260928,UCSes4X8uDrpc4X46hJKjejg,gTMjT4y5LHE,on_demand,not_subscribed,GR,101,2,4,0,0.0762,0,0,0,0
20260928,UCSes4X8uDrpc4X46hJKjejg,IkDS7ZhVkA4,on_demand,not_subscribed,US,102,19,2,0,0.06195,0,0,1,0.04905
20260928,UCSes4X8uDrpc4X46hJKjejg,JZgusHsQ0l4,on_demand,not_subscribed,TR,104,4,2,2,0.67966666666666664,20.39,39.21153846153846,0,0
20260928,UCSes4X8uDrpc4X46hJKjejg,iOURk-GhPG0,on_demand,not_subscribed,CL,104,5,2,1,0.4995,29.97,103.34482758620689,0,0
20260928,UCSes4X8uDrpc4X46hJKjejg,KWIVBbqRwZ8,on_demand,subscribed,US,104,5,13,3,2.671,48.846666666666664,135.68518518518519,1,0.37866666666666665
20260928,UCSes4X8uDrpc4X46hJKjejg,eu62r4NZQ3Q,on_demand,not_subscribed,IN,104,4,3,1,0.51833333333333331,20.6,10.248756218905474,0,0
20260928,UCSes4X8uDrpc4X46hJKjejg,gTMjT4y5LHE,on_demand,not_subscribed,CO,102,12,1,0,0.050883333333333336,0,0,1,0.050883333333333336
20260928,UCSes4X8uDrpc4X46hJKjejg,gTMjT4y5LHE,on_demand,not_subscribed,LT,101,9,2,0,0.071516666666666673,0,0,0,0
20260928,UCSes4X8uDrpc4X46hJKjejg,po8YrSQivoM,on_demand,not_subscribed,NZ,104,5,1,0,0.0071666666666666667,0,0,0,0
20260928,UCSes4X8uDrpc4X46hJKjejg,e7CxdG8sNlA,on_demand,not_subscribed,US,104,4,8,7,33.173333333333332,283.82857142857142,59.753383458646617,1,7.9
20260928,UCSes4X8uDrpc4X46hJKjejg,pWCQrmx8beo,on_demand,not_subscribed,BB,102,29,2,2,0.52805,15.8415,0.52664561170212765,0,0
20260928,UCSes4X8uDrpc4X46hJKjejg,dgP0I7rPTlU,on_demand,not_subscribed,DE,104,5,4,2,0.6285,18.33,63.206896551724135,0,0
20260928,UCSes4X8uDrpc4X46hJKjejg,pWCQrmx8beo,on_demand,not_subscribed,AU,102,21,1,1,11.199283333333334,671.957,22.338996010638297,0,0
20260928,UCSes4X8uDrpc4X46hJKjejg,31srqzp4PA8,on_demand,not_subscribed,US,104,5,2,0,0.056,0,0,0,0
20260928,UCSes4X8uDrpc4X46hJKjejg,VUgcbRT8QnA,on_demand,not_subscribed,GB,104,5,2,1,0.8005,48.03,154.93548387096774,0,0
20260928,UCSes4X8uDrpc4X46hJKjejg,XxNpGT_I6mk,on_demand,not_subscribed,US,101,9,6,1,0.7331,34.187,103.59696969696969,0,0
20260928,UCSes4X8uDrpc4X46hJKjejg,tvcu9WeDJD4,on_demand,not_subscribed,IL,104,4,4,3,6.5118833333333335,129.93766666666667,33.317350427350426,0,0
20260928,UCSes4X8uDrpc4X46hJKjejg,HtZ8tDkeGJY,on_demand,not_subscribed,ID,104,4,6,5,2.6383333333333332,31.660000000000004,53.66101694915254,1,0.63166666666666671
20260928,UCSes4X8uDrpc4X46hJKjejg,-CjQjOd2JEA,on_demand,not_subscribed,BB,104,4,1,0,0.021666666666666667,0,0,0,0
20260928,UCSes4X8uDrpc4X46hJKjejg,B4aYi06AO4g,on_demand,not_subscribed,LV,101,2,2,0,0.088066666666666668,0,0,0,0
20260928,UCSes4X8uDrpc4X46hJKjejg,JZgusHsQ0l4,on_demand,not_subscribed,NG,104,5,1,0,0.014333333333333333,0,0,0,0
20260928,UCSes4X8uDrpc4X46hJKjejg,YHtB62qU1r8,on_demand,not_subscribed,BB,104,4,1,0,0.0033333333333333335,0,0,0,0
20260928,UCSes4X8uDrpc4X46hJKjejg,unimgWGUpHM,on_demand,not_subscribed,MN,104,4,2,1,0.7466666666666667,44.8,106.66666666666667,0,0
20260928,UCSes4X8uDrpc4X46hJKjejg,XDvAbl8laEA,on_demand,not_subscribed,ZA,104,4,3,0,0.145,0,0,0,0
20260928,UCSes4X8uDrpc4X46hJKjejg,7Iwn2vTy66E,on_demand,subscribed,US,104,5,1,1,0.028,1.68,2.8,0,0
20260928,UCSes4X8uDrpc4X46hJKjejg,eu62r4NZQ3Q,on_demand,subscribed,US,104,5,1,0,0.0071666666666666667,0,0,0,0
20260928,UCSes4X8uDrpc4X46hJKjejg,M-M22Ac4CRE,on_demand,subscribed,ES,104,4,3,1,1.0783333333333334,62.2,188.4848484848485,0,0
20260928,UCSes4X8uDrpc4X46hJKjejg,9zaom3QbjYs,on_demand,not_subscribed,CV,102,31,1,0,0.057716666666666666,0,0,0,0
20260928,UCSes4X8uDrpc4X46hJKjejg,6ljakZEWb0o,on_demand,not_subscribed,GR,104,4,1,0,0.028333333333333332,0,0,0,0
20260928,UCSes4X8uDrpc4X46hJKjejg,6Cb-PtdJy98,on_demand,not_subscribed,GR,104,4,1,0,0.01,0,0,0,0
20260928,UCSes4X8uDrpc4X46hJKjejg,unimgWGUpHM,on_demand,not_subscribed,CA,104,5,29,16,9.7921666666666667,36.325625,86.489583333333329,4,1.7075
20260928,UCSes4X8uDrpc4X46hJKjejg,BeZUS-lZ4qs,on_demand,not_subscribed,CZ,102,12,1,1,51.62768333333333,3097.661,99.9890574564235,1,51.62768333333333
20260928,UCSes4X8uDrpc4X46hJKjejg,HtZ8tDkeGJY,on_demand,not_subscribed,PH,105,4,2,1,0.995,59.7,101.1864406779661,2,0.995
20260928,UCSes4X8uDrpc4X46hJKjejg,ZpuhxsgE-7M,on_demand,not_subscribed,PH,104,5,2,1,0.69566666666666666,41.74,109.84210526315789,0,0
20260928,UCSes4X8uDrpc4X46hJKjejg,8ajxcRVL7g4,on_demand,not_subscribed,SE,104,4,2,1,1.1233333333333333,67.4,63.584905660377359,0,0
20260928,UCSes4X8uDrpc4X46hJKjejg,gmPsKXt4foY,on_demand,subscribed,GB,101,2,1,1,0.34851666666666664,20.911,46.468888888888891,0,0
20260928,UCSes4X8uDrpc4X46hJKjejg,pWCQrmx8beo,on_demand,not_subscribed,US,103,17,3,2,65.1971,1953.232,64.9345744680851,1,16.189216666666667
20260928,UCSes4X8uDrpc4X46hJKjejg,ZPM1tlEWtNw,on_demand,subscribed,CA,104,5,1,0,0.048333333333333332,0,0,1,0.048333333333333332
20260928,UCSes4X8uDrpc4X46hJKjejg,QxkwRERjZgA,on_demand,subscribed,US,104,4,2,0,0.065,0,0,1,0.031666666666666669
20260928,UCSes4X8uDrpc4X46hJKjejg,Rl73WZoqKzE,on_demand,not_subscribed,IL,104,4,4,1,2.1383333333333332,117.2,19.664429530201343,0,0
20260928,UCSes4X8uDrpc4X46hJKjejg,PY_VRF7d7kc,on_demand,not_subscribed,US,101,9,1,0,0.0023166666666666665,0,0,0,0
20260928,UCSes4X8uDrpc4X46hJKjejg,gTMjT4y5LHE,on_demand,not_subscribed,RS,101,9,1,0,0.016466666666666668,0,0,0,0
20260928,UCSes4X8uDrpc4X46hJKjejg,unimgWGUpHM,on_demand,not_subscribed,IN,104,5,1,0,0.0375,0,0,0,0
20260928,UCSes4X8uDrpc4X46hJKjejg,iOURk-GhPG0,on_demand,not_subscribed,PE,104,4,1,1,0.11995,7.197,24.817241379310346,0,0
20260928,UCSes4X8uDrpc4X46hJKjejg,JZgusHsQ0l4,on_demand,not_subscribed,US,102,1,4,2,1.8257333333333334,54.772,105.33076923076923,0,0
20260928,UCSes4X8uDrpc4X46hJKjejg,198kcwoCgIY,on_demand,not_subscribed,TW,104,5,2,0,0.064166666666666664,0,0,0,0
20260928,UCSes4X8uDrpc4X46hJKjejg,MxSJkR5NW08,on_demand,not_subscribed,US,104,5,3,2,1.8115,54.345,102.5377358490566,1,0.8405
20260928,UCSes4X8uDrpc4X46hJKjejg,MEHDJ9V-lIk,on_demand,not_subscribed,PH,101,2,3,1,22.3722,1340.96,65.095145631067965,0,0
20260928,UCSes4X8uDrpc4X46hJKjejg,1Wth6gVDv0s,on_demand,not_subscribed,CZ,104,5,1,0,0.024666666666666667,0,0,0,0
20260928,UCSes4X8uDrpc4X46hJKjejg,5GYyKcjXNN0,on_demand,not_subscribed,US,104,5,563,350,186.5264,31.030045714285713,38.308698412698412,69,18.394533333333339
20260928,UCSes4X8uDrpc4X46hJKjejg,iOURk-GhPG0,on_demand,not_subscribed,AU,104,5,1,0,0.0355,0,0,0,0
20260928,UCSes4X8uDrpc4X46hJKjejg,dgP0I7rPTlU,on_demand,not_subscribed,SE,104,4,1,0,0.073333333333333334,0,0,0,0
20260928,UCSes4X8uDrpc4X46hJKjejg,tvcu9WeDJD4,on_demand,not_subscribed,US,101,9,2,1,5.294483333333333,316.69,81.2025641025641,0,0
20260928,UCSes4X8uDrpc4X46hJKjejg,iOURk-GhPG0,on_demand,not_subscribed,AM,104,4,2,1,0.69525,41.715,143.84482758620689,0,0
20260928,UCSes4X8uDrpc4X46hJKjejg,6ljakZEWb0o,on_demand,not_subscribed,MY,101,2,1,0,0.13886666666666667,0,0,0,0
20260928,UCSes4X8uDrpc4X46hJKjejg,dKoSQ-63gP4,on_demand,not_subscribed,CA,101,2,1,1,0.25566666666666665,15.34,2.5188834154351394,0,0
20260928,UCSes4X8uDrpc4X46hJKjejg,FbqnhV-WJ3Y,on_demand,not_subscribed,IN,101,2,1,1,0.020166666666666666,1.21,0.36011904761904762,0,0
20260928,UCSes4X8uDrpc4X46hJKjejg,JsEe4qzWT40,on_demand,not_subscribed,US,104,5,8,4,2.2331666666666665,32.1875,51.091269841269842,0,0
20260928,UCSes4X8uDrpc4X46hJKjejg,gTMjT4y5LHE,on_demand,not_subscribed,IE,103,10,1,0,0.015083333333333334,0,0,0,0
20260928,UCSes4X8uDrpc4X46hJKjejg,2n5LJUyMtAk,on_demand,not_subscribed,AU,104,5,1,1,7.2494166666666668,434.965,86.131683168316826,0,0
20260928,UCSes4X8uDrpc4X46hJKjejg,eu62r4NZQ3Q,on_demand,not_subscribed,GR,101,2,1,1,3.1147666666666667,186.886,92.978109452736319,0,0
20260928,UCSes4X8uDrpc4X46hJKjejg,HCZIc9OVy1o,on_demand,subscribed,US,102,26,1,1,48.45135,2907.081,99.96839752407152,0,0
20260928,UCSes4X8uDrpc4X46hJKjejg,dKoSQ-63gP4,on_demand,not_subscribed,TT,102,4,1,0,0.11271666666666667,0,0,0,0
20260928,UCSes4X8uDrpc4X46hJKjejg,PeMHxUwuByQ,on_demand,not_subscribed,RU,104,4,5,5,1.8733333333333333,22.48,0.6041386723998925,0,0
20260928,UCSes4X8uDrpc4X46hJKjejg,J6rzMuvuMuo,on_demand,not_subscribed,DE,104,4,1,1,0.92166666666666663,55.3,76.805555555555557,0,0
20260928,UCSes4X8uDrpc4X46hJKjejg,7DD0KNPPL1c,on_demand,not_subscribed,GB,104,4,1,0,0.026183333333333333,0,0,0,0
20260928,UCSes4X8uDrpc4X46hJKjejg,do4cUugrzEw,on_demand,not_subscribed,PH,101,2,1,1,0.73005,43.803,74.242372881355934,0,0
20260928,UCSes4X8uDrpc4X46hJKjejg,2n5LJUyMtAk,on_demand,not_subscribed,DM,104,5,1,0,0.0315,0,0,0,0
20260928,UCSes4X8uDrpc4X46hJKjejg,l5M2ICRhyEA,on_demand,not_subscribed,TH,104,4,1,0,0,0,0,0,0
20260928,UCSes4X8uDrpc4X46hJKjejg,op6JvrFdWrY,on_demand,not_subscribed,GB,105,5,1,1,0.16583333333333333,9.95,41.458333333333336,0,0
20260928,UCSes4X8uDrpc4X46hJKjejg,WAYYE5BMG6c,on_demand,not_subscribed,US,101,9,5,2,9.0077,265.6635,13.997023182297156,0,0
20260928,UCSes4X8uDrpc4X46hJKjejg,FIPueBGagWs,on_demand,not_subscribed,FR,104,4,1,1,0.053333333333333337,3.2,0.086090933548560664,0,0
20260928,UCSes4X8uDrpc4X46hJKjejg,l5M2ICRhyEA,on_demand,subscribed,HR,101,2,2,0,0.024066666666666667,0,0,0,0
20260928,UCSes4X8uDrpc4X46hJKjejg,gTMjT4y5LHE,on_demand,subscribed,SI,101,9,2,0,0.0497,0,0,0,0
20260928,UCSes4X8uDrpc4X46hJKjejg,Rl73WZoqKzE,on_demand,not_subscribed,US,101,9,9,1,3.35765,177.83,29.837248322147651,0,0
20260928,UCSes4X8uDrpc4X46hJKjejg,YsozfBAU5nI,on_demand,subscribed,US,104,4,2,0,0.051666666666666666,0,0,0,0
20260928,UCSes4X8uDrpc4X46hJKjejg,JZgusHsQ0l4,on_demand,not_subscribed,PH,104,4,49,17,11.918333333333333,40.376470588235293,77.6470588235294,3,1.0983333333333334
20260928,UCSes4X8uDrpc4X46hJKjejg,WpDAGs23cb0,on_demand,not_subscribed,JM,104,4,1,0,0.018333333333333333,0,0,0,0
20260928,UCSes4X8uDrpc4X46hJKjejg,MEHDJ9V-lIk,on_demand,not_subscribed,US,101,1,1,1,2.4513166666666666,147.079,7.1397572815533978,1,2.4513166666666666
20260928,UCSes4X8uDrpc4X46hJKjejg,jCAYf9Ha0xY,on_demand,not_subscribed,US,104,5,1,0,0.028833333333333332,0,0,0,0
20260928,UCSes4X8uDrpc4X46hJKjejg,l5M2ICRhyEA,on_demand,not_subscribed,US,101,2,142,47,27.264766666666667,32.164,97.466666666666669,4,1.0366666666666666
20260928,UCSes4X8uDrpc4X46hJKjejg,0JHD_pApR7w,on_demand,not_subscribed,ID,104,4,2,2,1.4283333333333332,42.85,62.10144927536232,0,0
20260928,UCSes4X8uDrpc4X46hJKjejg,tBjNM2mKPtg,on_demand,not_subscribed,PT,104,4,2,1,1.6216666666666666,97.3,176.90909090909091,0,0
20260928,UCSes4X8uDrpc4X46hJKjejg,rc57A1h30bc,on_demand,not_subscribed,US,104,4,1,0,0.048333333333333332,0,0,0,0
20260928,UCSes4X8uDrpc4X46hJKjejg,HVLl_aTeQTE,on_demand,not_subscribed,PH,104,4,1,1,0.72333333333333338,43.4,96.444444444444443,1,0.72333333333333338
20260928,UCSes4X8uDrpc4X46hJKjejg,A7YpyzGt_6c,on_demand,subscribed,US,103,10,1,1,7.5001833333333332,450.011,8.2874953959484348,1,7.5001833333333332
20260928,UCSes4X8uDrpc4X46hJKjejg,MEHDJ9V-lIk,on_demand,not_subscribed,AU,101,2,2,0,0.00285,0,0,0,0
20260928,UCSes4X8uDrpc4X46hJKjejg,M-M22Ac4CRE,on_demand,not_subscribed,PT,101,2,1,0,0.0021166666666666669,0,0,0,0
20260928,UCSes4X8uDrpc4X46hJKjejg,yXI5JzLdcwk,on_demand,not_subscribed,AU,104,5,7,5,2.7389833333333335,32.388999999999996,40.48625,1,0.63825
20260928,UCSes4X8uDrpc4X46hJKjejg,BeZUS-lZ4qs,on_demand,not_subscribed,KR,101,9,1,0,0.02975,0,0,0,0
20260928,UCSes4X8uDrpc4X46hJKjejg,2n5LJUyMtAk,on_demand,subscribed,GB,102,4,1,0,0.0099166666666666674,0,0,1,0.0099166666666666674
20260928,UCSes4X8uDrpc4X46hJKjejg,Rl73WZoqKzE,on_demand,subscribed,US,102,19,11,7,18.657783333333334,157.93728571428571,26.499544582933844,0,0
20260928,UCSes4X8uDrpc4X46hJKjejg,2n5LJUyMtAk,on_demand,not_subscribed,FR,105,5,1,1,8.0625,483.75,95.792079207920793,0,0
20260928,UCSes4X8uDrpc4X46hJKjejg,BvHw3ddSlms,on_demand,not_subscribed,IN,104,5,1,1,18.183083333333332,1090.985,22.847853403141361,0,0
20260928,UCSes4X8uDrpc4X46hJKjejg,BeZUS-lZ4qs,on_demand,subscribed,US,103,17,1,1,51.62768333333333,3097.661,99.9890574564235,0,0
20260928,UCSes4X8uDrpc4X46hJKjejg,fyi6d0AButQ,on_demand,not_subscribed,HR,104,4,1,1,0.255,15.3,5.0328947368421053,0,0
20260928,UCSes4X8uDrpc4X46hJKjejg,6oGL_hVMNjM,on_demand,not_subscribed,BB,104,4,2,1,0.16,6.8,5.6198347107438016,0,0
20260928,UCSes4X8uDrpc4X46hJKjejg,oZDejkyhjDY,on_demand,not_subscribed,CA,101,2,1,0,0,0,0,0,0
20260928,UCSes4X8uDrpc4X46hJKjejg,gmPsKXt4foY,on_demand,subscribed,JP,104,5,1,1,0.16066666666666668,9.64,21.422222222222221,0,0
20260928,UCSes4X8uDrpc4X46hJKjejg,gmPsKXt4foY,on_demand,not_subscribed,US,104,5,442,249,339.43811666666664,81.387096385542165,180.8602141900937,72,194.58466666666664
20260928,UCSes4X8uDrpc4X46hJKjejg,yqQ_QnY4_XU,on_demand,not_subscribed,IE,104,4,1,1,0.28326666666666667,16.996,36.161702127659574,0,0
20260928,UCSes4X8uDrpc4X46hJKjejg,unimgWGUpHM,on_demand,subscribed,CA,105,5,2,1,0.23083333333333333,11.74,27.952380952380953,0,0
20260928,UCSes4X8uDrpc4X46hJKjejg,op6JvrFdWrY,on_demand,not_subscribed,AT,104,5,2,1,0.564,33.84,141,2,0.564
20260928,UCSes4X8uDrpc4X46hJKjejg,1Vs6b9DRFto,on_demand,not_subscribed,AU,102,19,2,2,5.5472666666666663,166.418,48.80293255131965,0,0
20260928,UCSes4X8uDrpc4X46hJKjejg,gmPsKXt4foY,on_demand,subscribed,DE,101,2,2,1,0.75383333333333336,45.23,100.51111111111111,0,0
20260928,UCSes4X8uDrpc4X46hJKjejg,HtZ8tDkeGJY,on_demand,subscribed,PH,104,4,4,2,1.9499666666666666,57.7,97.79661016949153,0,0
20260928,UCSes4X8uDrpc4X46hJKjejg,e7CxdG8sNlA,on_demand,subscribed,US,102,29,2,1,7.9085666666666663,474.312,99.855157894736848,0,0
20260928,UCSes4X8uDrpc4X46hJKjejg,unimgWGUpHM,on_demand,subscribed,PL,104,5,2,1,0.70883333333333332,42.53,101.26190476190476,0,0
20260928,UCSes4X8uDrpc4X46hJKjejg,AGfuhk7ttr0,on_demand,not_subscribed,US,104,5,1,1,0.009,0.54,0.51923076923076927,0,0
20260928,UCSes4X8uDrpc4X46hJKjejg,HtZ8tDkeGJY,on_demand,not_subscribed,FR,104,4,1,1,0.21666666666666667,13,22.033898305084747,0,0
20260928,UCSes4X8uDrpc4X46hJKjejg,-CjQjOd2JEA,on_demand,subscribed,AU,102,21,1,1,1.8875833333333334,113.255,40.019434628975262,0,0
20260928,UCSes4X8uDrpc4X46hJKjejg,6ljakZEWb0o,on_demand,not_subscribed,IR,101,1,1,1,0.25796666666666668,15.478,0.56018820123054647,0,0
20260928,UCSes4X8uDrpc4X46hJKjejg,unimgWGUpHM,on_demand,not_subscribed,SE,101,9,1,1,0.086866666666666661,5.212,12.40952380952381,0,0
20260928,UCSes4X8uDrpc4X46hJKjejg,dKoSQ-63gP4,on_demand,not_subscribed,NL,104,5,1,0,0.021,0,0,0,0
20260928,UCSes4X8uDrpc4X46hJKjejg,IkDS7ZhVkA4,on_demand,not_subscribed,US,102,1,1,0,0.0558,0,0,1,0.0558
20260928,UCSes4X8uDrpc4X46hJKjejg,5GYyKcjXNN0,on_demand,subscribed,US,105,5,1,0,0.0505,0,0,0,0
20260928,UCSes4X8uDrpc4X46hJKjejg,op6JvrFdWrY,on_demand,not_subscribed,IE,104,4,4,1,1.3933333333333333,83.6,348.33333333333331,0,0
20260928,UCSes4X8uDrpc4X46hJKjejg,M6EKlkDnZRQ,on_demand,subscribed,AU,104,5,1,1,0.61333333333333329,36.8,64.561403508771932,1,0.61333333333333329
20260928,UCSes4X8uDrpc4X46hJKjejg,yqQ_QnY4_XU,on_demand,subscribed,GB,104,5,3,2,1.4898333333333333,44.695,95.09574468085107,0,0
20260928,UCSes4X8uDrpc4X46hJKjejg,JZgusHsQ0l4,on_demand,not_subscribed,AU,104,4,3,2,0.86833333333333329,26.05,50.096153846153847,3,0.86833333333333329
20260928,UCSes4X8uDrpc4X46hJKjejg,-4YEzVnpr50,on_demand,not_subscribed,PH,102,4,1,1,2.5269166666666667,151.615,50.877516778523493,0,0
20260928,UCSes4X8uDrpc4X46hJKjejg,V9NkcCuZZys,on_demand,not_subscribed,GB,101,9,1,1,0.30443333333333333,18.266,1.9854347826086955,0,0
20260928,UCSes4X8uDrpc4X46hJKjejg,6ljakZEWb0o,on_demand,subscribed,VC,101,2,1,0,0.04725,0,0,0,0
20260928,UCSes4X8uDrpc4X46hJKjejg,kR4DhF7Jd7A,on_demand,not_subscribed,US,104,4,1,0,0.031666666666666669,0,0,0,0
20260928,UCSes4X8uDrpc4X46hJKjejg,ID5K-VWCXew,on_demand,subscribed,PH,104,4,2,1,0.53166666666666662,31.9,106.33333333333333,0,0
20260928,UCSes4X8uDrpc4X46hJKjejg,-CjQjOd2JEA,on_demand,not_subscribed,SE,101,2,2,0,0.0643,0,0,0,0
20260928,UCSes4X8uDrpc4X46hJKjejg,0JHD_pApR7w,on_demand,not_subscribed,PH,102,29,1,1,1.1348666666666667,68.092,98.6840579710145,1,1.1348666666666667
20260928,UCSes4X8uDrpc4X46hJKjejg,gmPsKXt4foY,on_demand,not_subscribed,JM,104,5,3,1,1.48,88.8,197.33333333333334,0,0
20260928,UCSes4X8uDrpc4X46hJKjejg,M-M22Ac4CRE,on_demand,not_subscribed,GU,104,5,3,1,1.158,69.48,210.54545454545453,0,0
20260928,UCSes4X8uDrpc4X46hJKjejg,YHtB62qU1r8,on_demand,not_subscribed,SE,101,2,3,1,0.089666666666666672,1.572,0.334468085106383,0,0
20260928,UCSes4X8uDrpc4X46hJKjejg,ybbL24ktLlw,on_demand,not_subscribed,US,101,9,1,1,0.58203333333333329,34.922,91.9,0,0
20260928,UCSes4X8uDrpc4X46hJKjejg,RNnuUOuuVfo,on_demand,not_subscribed,US,105,5,2,1,3.286,197.16,144.97058823529412,0,0
20260928,UCSes4X8uDrpc4X46hJKjejg,5WC7gUC932A,on_demand,not_subscribed,ID,101,2,3,1,4.7624,285.744,193.07027027027027,0,0
20260928,UCSes4X8uDrpc4X46hJKjejg,op6JvrFdWrY,on_demand,not_subscribed,DE,105,5,1,1,0.183,10.98,45.75,1,0.183
20260928,UCSes4X8uDrpc4X46hJKjejg,-CjQjOd2JEA,on_demand,subscribed,US,103,17,1,1,4.704016666666667,282.241,99.731802120141339,0,0
20260928,UCSes4X8uDrpc4X46hJKjejg,JZgusHsQ0l4,on_demand,not_subscribed,SG,104,5,3,1,0.11,4.69,9.01923076923077,0,0
20260928,UCSes4X8uDrpc4X46hJKjejg,0b8eta7f8mY,on_demand,not_subscribed,BW,101,30,1,1,7.4986166666666669,449.917,85.373244781783683,0,0
20260928,UCSes4X8uDrpc4X46hJKjejg,gTMjT4y5LHE,on_demand,not_subscribed,US,103,17,61,41,98.792133333333339,142.53792682926829,28.853831341957143,5,11.332466666666667
20260928,UCSes4X8uDrpc4X46hJKjejg,zS69CFjoay8,on_demand,not_subscribed,BM,104,4,2,1,0.88666666666666671,53.2,100.37735849056604,0,0
20260928,UCSes4X8uDrpc4X46hJKjejg,YHtB62qU1r8,on_demand,subscribed,US,103,17,6,3,7.74415,153.37966666666668,32.633971631205675,3,7.6689833333333333
20260928,UCSes4X8uDrpc4X46hJKjejg,gTMjT4y5LHE,on_demand,subscribed,KZ,104,5,1,0,0.0029666666666666665,0,0,0,0
20260928,UCSes4X8uDrpc4X46hJKjejg,qTi5JqNn970,on_demand,not_subscribed,US,103,10,1,1,0.35765,21.459,30.22394366197183,0,0
20260928,UCSes4X8uDrpc4X46hJKjejg,HwWx5nhjCx8,on_demand,not_subscribed,GB,102,4,1,1,0.2134,12.804,1.229971181556196,0,0
20260928,UCSes4X8uDrpc4X46hJKjejg,fAZy3HtHBzA,on_demand,not_subscribed,NZ,104,4,6,2,1.1130833333333334,32.793,102.478125,0,0
20260928,UCSes4X8uDrpc4X46hJKjejg,2n5LJUyMtAk,on_demand,not_subscribed,GB,102,29,1,0,0.09805,0,0,1,0.09805
20260928,UCSes4X8uDrpc4X46hJKjejg,sc2QVbRxxV8,on_demand,not_subscribed,US,104,5,6,2,1.6626666666666667,48.61,131.37837837837839,0,0
20260928,UCSes4X8uDrpc4X46hJKjejg,10E4EUZZK8k,on_demand,not_subscribed,US,104,5,3,1,1.6251666666666666,97.51,250.02564102564102,3,1.6251666666666666
20260928,UCSes4X8uDrpc4X46hJKjejg,mWRP3oc3ZE8,on_demand,not_subscribed,US,104,4,2,1,0.58666666666666667,35.2,100.57142857142857,0,0
20260928,UCSes4X8uDrpc4X46hJKjejg,dKoSQ-63gP4,on_demand,not_subscribed,CH,104,4,1,0,0.0083333333333333332,0,0,0,0
20260928,UCSes4X8uDrpc4X46hJKjejg,l5M2ICRhyEA,on_demand,not_subscribed,MX,101,30,3,2,0.59135,17.7405,53.759090909090908,0,0
20260928,UCSes4X8uDrpc4X46hJKjejg,itfxfmA1F64,on_demand,not_subscribed,GR,104,5,1,0,0.014833333333333334,0,0,0,0
20260928,UCSes4X8uDrpc4X46hJKjejg,-CjQjOd2JEA,on_demand,subscribed,DE,105,1,1,1,1.9062833333333333,114.377,40.415901060070674,1,1.9062833333333333
20260928,UCSes4X8uDrpc4X46hJKjejg,dKoSQ-63gP4,on_demand,not_subscribed,US,102,28,1,1,0.66668333333333329,40.001,6.5683087027914615,1,0.66668333333333329
20260928,UCSes4X8uDrpc4X46hJKjejg,Rl73WZoqKzE,on_demand,not_subscribed,PR,104,4,1,1,1.3283333333333334,79.7,13.372483221476511,0,0
20260928,UCSes4X8uDrpc4X46hJKjejg,yXI5JzLdcwk,on_demand,not_subscribed,GB,105,4,1,1,1.325,79.5,99.375,0,0
20260928,UCSes4X8uDrpc4X46hJKjejg,SzAT_OV8iGk,on_demand,not_subscribed,US,102,12,1,1,0.082166666666666666,4.93,12.325,0,0
20260928,UCSes4X8uDrpc4X46hJKjejg,HtZ8tDkeGJY,on_demand,not_subscribed,CA,101,2,1,0,0,0,0,0,0
20260928,UCSes4X8uDrpc4X46hJKjejg,ePdXtNfowRo,on_demand,not_subscribed,US,101,2,5,4,18.70115,280.321,54.64346978557505,0,0
20260928,UCSes4X8uDrpc4X46hJKjejg,WAYYE5BMG6c,on_demand,not_subscribed,ID,104,4,1,0,0.015,0,0,0,0
20260928,UCSes4X8uDrpc4X46hJKjejg,HwWx5nhjCx8,on_demand,subscribed,CA,101,9,1,0,0.0119,0,0,0,0
20260928,UCSes4X8uDrpc4X46hJKjejg,gmPsKXt4foY,on_demand,not_subscribed,PL,104,4,1,1,0.16,9.6,21.333333333333332,0,0
20260928,UCSes4X8uDrpc4X46hJKjejg,9zaom3QbjYs,on_demand,not_subscribed,CA,104,5,3,2,7.1155166666666663,212.7065,28.024571805006588,0,0
20260928,UCSes4X8uDrpc4X46hJKjejg,M-M22Ac4CRE,on_demand,not_subscribed,AU,105,5,2,1,0.54966666666666664,32.98,99.939393939393938,2,0.54966666666666664
20260928,UCSes4X8uDrpc4X46hJKjejg,6ljakZEWb0o,on_demand,not_subscribed,AT,104,5,1,0,0.074166666666666672,0,0,0,0
20260928,UCSes4X8uDrpc4X46hJKjejg,BeZUS-lZ4qs,on_demand,not_subscribed,CA,104,5,18,12,163.7532,817.656,26.393027759845062,1,54.822333333333333
20260928,UCSes4X8uDrpc4X46hJKjejg,Rl73WZoqKzE,on_demand,not_subscribed,ID,104,4,1,0,0.046666666666666669,0,0,0,0
20260928,UCSes4X8uDrpc4X46hJKjejg,6ljakZEWb0o,on_demand,not_subscribed,TZ,101,2,1,0,0.089233333333333331,0,0,0,0
20260928,UCSes4X8uDrpc4X46hJKjejg,dKoSQ-63gP4,on_demand,not_subscribed,US,102,26,39,28,105.10066666666667,223.16799999999998,36.644991789819379,5,0.83745
20260928,UCSes4X8uDrpc4X46hJKjejg,BeZUS-lZ4qs,on_demand,not_subscribed,MX,101,2,1,1,19.384233333333334,1163.054,37.542091672046482,0,0
20260928,UCSes4X8uDrpc4X46hJKjejg,gmPsKXt4foY,on_demand,not_subscribed,VI,104,4,1,0,0.011666666666666667,0,0,0,0
20260928,UCSes4X8uDrpc4X46hJKjejg,gTMjT4y5LHE,on_demand,not_subscribed,VN,104,4,1,1,0.18333333333333332,11,2.2267206477732793,0,0
20260928,UCSes4X8uDrpc4X46hJKjejg,5GYyKcjXNN0,on_demand,subscribed,CA,104,4,8,4,3.49,50.925,62.870370370370374,2,0.095
20260928,UCSes4X8uDrpc4X46hJKjejg,dKoSQ-63gP4,on_demand,not_subscribed,US,102,12,13,5,11.042183333333334,129.17919999999998,21.211691297208539,8,0.61508333333333332
20260928,UCSes4X8uDrpc4X46hJKjejg,XxNpGT_I6mk,on_demand,not_subscribed,TH,105,5,1,0,0.0305,0,0,0,0
20260928,UCSes4X8uDrpc4X46hJKjejg,gmPsKXt4foY,on_demand,subscribed,US,105,5,15,6,7.7245,76.433333333333337,169.85185185185185,2,0.29916666666666669
20260928,UCSes4X8uDrpc4X46hJKjejg,Rl73WZoqKzE,on_demand,subscribed,TR,104,4,1,0,0.045,0,0,0,0
20260928,UCSes4X8uDrpc4X46hJKjejg,po8YrSQivoM,on_demand,not_subscribed,US,105,5,1,1,11.838166666666666,710.29,20.696095571095572,1,11.838166666666666
20260928,UCSes4X8uDrpc4X46hJKjejg,2n5LJUyMtAk,on_demand,not_subscribed,US,102,21,4,2,3.2941166666666666,96.2275,19.054950495049503,0,0
20260928,UCSes4X8uDrpc4X46hJKjejg,J6rzMuvuMuo,on_demand,not_subscribed,FI,104,4,1,1,0.36833333333333335,22.1,30.694444444444443,0,0
20260928,UCSes4X8uDrpc4X46hJKjejg,gTMjT4y5LHE,on_demand,not_subscribed,MW,104,4,1,1,5.2016666666666671,312.1,63.178137651821864,0,0
20260928,UCSes4X8uDrpc4X46hJKjejg,UvWPXkksqmM,on_demand,subscribed,US,102,26,1,1,9.9048,594.288,89.771601208459217,0,0
20260928,UCSes4X8uDrpc4X46hJKjejg,UvWPXkksqmM,on_demand,subscribed,TT,104,4,1,1,11.015,660.9,99.833836858006038,0,0
20260928,UCSes4X8uDrpc4X46hJKjejg,fAZy3HtHBzA,on_demand,subscribed,AU,101,2,1,1,0.507,30.42,95.0625,1,0.507
20260928,UCSes4X8uDrpc4X46hJKjejg,dgP0I7rPTlU,on_demand,not_subscribed,PR,101,2,3,1,0.51985,29.906,103.12413793103448,0,0
20260928,UCSes4X8uDrpc4X46hJKjejg,wb2ebOkk2gE,on_demand,subscribed,LU,104,5,1,0,0.01,0,0,0,0
20260928,UCSes4X8uDrpc4X46hJKjejg,JZgusHsQ0l4,on_demand,not_subscribed,HU,104,5,3,1,0.1254,5.146,9.8961538461538456,0,0
20260928,UCSes4X8uDrpc4X46hJKjejg,YHtB62qU1r8,on_demand,not_subscribed,IE,102,19,1,0,0.080966666666666673,0,0,0,0
20260928,UCSes4X8uDrpc4X46hJKjejg,unimgWGUpHM,on_demand,not_subscribed,GH,101,2,4,2,1.5585166666666668,46.7555,111.32261904761904,0,0
20260928,UCSes4X8uDrpc4X46hJKjejg,HtZ8tDkeGJY,on_demand,not_subscribed,BS,104,5,2,0,0.096666666666666665,0,0,0,0
20260928,UCSes4X8uDrpc4X46hJKjejg,iOURk-GhPG0,on_demand,subscribed,GB,104,4,1,1,0.068333333333333329,4.1,14.137931034482758,0,0
20260928,UCSes4X8uDrpc4X46hJKjejg,gTMjT4y5LHE,on_demand,not_subscribed,HK,104,4,1,1,0.47666666666666668,28.6,5.7894736842105265,0,0
20260928,UCSes4X8uDrpc4X46hJKjejg,KoxnHEXhTNQ,on_demand,not_subscribed,CA,104,4,3,1,0.31165,16.299,81.495,0,0
20260928,UCSes4X8uDrpc4X46hJKjejg,gX09UAQyD-U,on_demand,not_subscribed,RS,101,1,1,0,0.058066666666666669,0,0,0,0
20260928,UCSes4X8uDrpc4X46hJKjejg,k_Qt4Ilp70c,on_demand,not_subscribed,US,104,5,1,1,2.80785,168.471,28.749317406143344,0,0
20260928,UCSes4X8uDrpc4X46hJKjejg,MEHDJ9V-lIk,on_demand,not_subscribed,US,102,4,7,3,7.01285,136.04566666666668,6.60415857605178,2,5.5440333333333331
20260928,UCSes4X8uDrpc4X46hJKjejg,fAZy3HtHBzA,on_demand,not_subscribed,IE,104,5,1,1,0.11383333333333333,6.83,21.34375,0,0
20260928,UCSes4X8uDrpc4X46hJKjejg,0JUVBPIGUg8,on_demand,not_subscribed,US,103,17,1,1,0.09661666666666667,5.797,14.864102564102565,0,0
20260928,UCSes4X8uDrpc4X46hJKjejg,e4awgyk_Ypk,on_demand,not_subscribed,US,101,9,1,1,0.23655,14.193,25.805454545454545,0,0
20260928,UCSes4X8uDrpc4X46hJKjejg,Fg65-8qGtiU,on_demand,not_subscribed,KR,104,4,1,0,0.046666666666666669,0,0,0,0
20260928,UCSes4X8uDrpc4X46hJKjejg,yqQ_QnY4_XU,on_demand,subscribed,DE,104,5,1,1,0.6055,36.33,77.297872340425528,0,0
20260928,UCSes4X8uDrpc4X46hJKjejg,2n5LJUyMtAk,on_demand,subscribed,GB,104,4,1,0,0.048333333333333332,0,0,0,0
20260928,UCSes4X8uDrpc4X46hJKjejg,6ljakZEWb0o,on_demand,subscribed,GB,104,5,5,1,1.2385,68.19,2.4679695982627581,0,0
20260928,UCSes4X8uDrpc4X46hJKjejg,yTQv3l6WIPk,on_demand,not_subscribed,US,104,4,4,0,0.18166666666666667,0,0,0,0
20260928,UCSes4X8uDrpc4X46hJKjejg,M-M22Ac4CRE,on_demand,not_subscribed,FR,104,5,2,2,0.5601666666666667,16.805,50.924242424242422,1,0.039166666666666669
20260928,UCSes4X8uDrpc4X46hJKjejg,YHtB62qU1r8,on_demand,not_subscribed,BZ,104,4,2,2,14.275,428.25,91.11702127659575,0,0
20260928,UCSes4X8uDrpc4X46hJKjejg,YHtB62qU1r8,on_demand,not_subscribed,MN,104,4,1,0,0.061666666666666668,0,0,0,0
20260928,UCSes4X8uDrpc4X46hJKjejg,0b8eta7f8mY,on_demand,not_subscribed,AR,102,1,2,2,8.56825,257.0475,48.775616698292218,0,0
20260928,UCSes4X8uDrpc4X46hJKjejg,6ljakZEWb0o,on_demand,not_subscribed,BS,101,2,1,0,0,0,0,0,0
20260928,UCSes4X8uDrpc4X46hJKjejg,7Iwn2vTy66E,on_demand,not_subscribed,US,103,17,1,1,0.80615,48.369,80.615,1,0.80615
20260928,UCSes4X8uDrpc4X46hJKjejg,JZgusHsQ0l4,on_demand,not_subscribed,US,101,30,1,0,0.0052333333333333338,0,0,0,0
20260928,UCSes4X8uDrpc4X46hJKjejg,fyi6d0AButQ,on_demand,not_subscribed,US,102,29,1,0,0.0486,0,0,0,0
20260928,UCSes4X8uDrpc4X46hJKjejg,iOURk-GhPG0,on_demand,not_subscribed,DK,105,5,2,1,0.51983333333333337,31.19,107.55172413793103,2,0.51983333333333337
20260928,UCSes4X8uDrpc4X46hJKjejg,-CjQjOd2JEA,on_demand,not_subscribed,CA,104,5,45,19,42.824533333333335,131.8528947368421,46.591128882276365,7,19.83695
20260928,UCSes4X8uDrpc4X46hJKjejg,5xA-FaYOc_0,on_demand,not_subscribed,CA,104,5,2,1,0.3985,22.65,51.477272727272727,0,0
20260928,UCSes4X8uDrpc4X46hJKjejg,q_dusyN3yqo,on_demand,not_subscribed,GB,104,4,1,0,0.055,0,0,0,0
20260928,UCSes4X8uDrpc4X46hJKjejg,YHtB62qU1r8,on_demand,not_subscribed,CA,104,5,20,12,27.705133333333333,137.40483333333333,29.235070921985816,6,5.4214166666666666
20260928,UCSes4X8uDrpc4X46hJKjejg,MEHDJ9V-lIk,on_demand,not_subscribed,KE,104,4,1,1,34.353333333333332,2061.2,100.05825242718447,0,0
20260928,UCSes4X8uDrpc4X46hJKjejg,-CjQjOd2JEA,on_demand,not_subscribed,IN,104,5,5,4,9.0745,135.8575,48.006183745583037,1,3.3148333333333335
20260928,UCSes4X8uDrpc4X46hJKjejg,MEHDJ9V-lIk,on_demand,not_subscribed,PH,101,9,1,0,0.017066666666666667,0,0,0,0
20260928,UCSes4X8uDrpc4X46hJKjejg,NP1GEiJhqeM,on_demand,not_subscribed,US,104,4,1,1,1.2233333333333334,73.4,96.578947368421055,0,0
20260928,UCSes4X8uDrpc4X46hJKjejg,9vjrcOuBdYY,on_demand,not_subscribed,US,104,5,1,1,2.1008333333333336,126.05,14.555427251732102,0,0
20260928,UCSes4X8uDrpc4X46hJKjejg,YHtB62qU1r8,on_demand,not_subscribed,MX,101,2,2,1,0.26023333333333332,12.465,2.6521276595744681,0,0
20260928,UCSes4X8uDrpc4X46hJKjejg,op6JvrFdWrY,on_demand,subscribed,DE,104,5,5,1,2.5736666666666665,154.42,643.41666666666663,0,0
20260928,UCSes4X8uDrpc4X46hJKjejg,Rl73WZoqKzE,on_demand,subscribed,US,102,1,2,1,0.51153333333333328,29.463,4.9434563758389265,0,0
20260928,UCSes4X8uDrpc4X46hJKjejg,KoxnHEXhTNQ,on_demand,subscribed,US,104,5,1,0,0.015,0,0,0,0
20260928,UCSes4X8uDrpc4X46hJKjejg,HtZ8tDkeGJY,on_demand,not_subscribed,NL,104,5,1,0,0.063833333333333339,0,0,0,0
20260928,UCSes4X8uDrpc4X46hJKjejg,l5M2ICRhyEA,on_demand,not_subscribed,FR,101,1,2,0,0.11373333333333334,0,0,0,0
20260928,UCSes4X8uDrpc4X46hJKjejg,WAYYE5BMG6c,on_demand,subscribed,BM,104,5,1,1,21.976166666666668,1318.57,69.471548998946261,0,0
20260928,UCSes4X8uDrpc4X46hJKjejg,0JHD_pApR7w,on_demand,subscribed,AU,104,4,1,0,0.061666666666666668,0,0,1,0.061666666666666668
20260928,UCSes4X8uDrpc4X46hJKjejg,dKoSQ-63gP4,on_demand,not_subscribed,CA,101,9,3,2,3.3793333333333333,101.105,16.601806239737275,0,0
20260928,UCSes4X8uDrpc4X46hJKjejg,M-M22Ac4CRE,on_demand,not_subscribed,GB,104,4,7,3,2.1233333333333335,40.866666666666667,123.83838383838383,0,0
20260928,UCSes4X8uDrpc4X46hJKjejg,gmPsKXt4foY,on_demand,subscribed,CA,104,4,11,6,4.27665,42.599833333333329,94.6662962962963,0,0
20260928,UCSes4X8uDrpc4X46hJKjejg,0b8eta7f8mY,on_demand,not_subscribed,US,104,5,75,40,110.13435,163.57004999999998,31.037960151802658,7,29.702166666666667
20260928,UCSes4X8uDrpc4X46hJKjejg,HtZ8tDkeGJY,on_demand,subscribed,US,101,30,1,0,0.082066666666666663,0,0,0,0
20260928,UCSes4X8uDrpc4X46hJKjejg,gTMjT4y5LHE,on_demand,not_subscribed,GB,102,28,1,1,2.9834666666666667,179.008,36.236437246963561,0,0
20260928,UCSes4X8uDrpc4X46hJKjejg,fAZy3HtHBzA,on_demand,not_subscribed,JP,104,4,3,3,0.67166666666666663,13.433333333333332,41.979166666666664,0,0
20260928,UCSes4X8uDrpc4X46hJKjejg,ID5K-VWCXew,on_demand,not_subscribed,NL,104,5,2,1,0.51033333333333331,30.62,102.06666666666666,0,0
20260928,UCSes4X8uDrpc4X46hJKjejg,Iga34eYHPD0,on_demand,not_subscribed,AU,101,2,1,0,0.010016666666666667,0,0,0,0
20260928,UCSes4X8uDrpc4X46hJKjejg,Uo7rmLN6ANk,on_demand,not_subscribed,US,105,4,1,1,2.09635,125.781,4.8284452975047989,0,0
20260928,UCSes4X8uDrpc4X46hJKjejg,R09S9nSIyEk,on_demand,not_subscribed,FR,104,4,1,1,0.0033333333333333335,0.2,0.0050916496945010185,0,0
20260928,UCSes4X8uDrpc4X46hJKjejg,IkDS7ZhVkA4,on_demand,not_subscribed,ZM,101,2,1,1,0.10248333333333333,6.149,0.266421143847487,0,0
20260928,UCSes4X8uDrpc4X46hJKjejg,zS69CFjoay8,on_demand,not_subscribed,US,101,2,1,0,0.00096666666666666667,0,0,0,0
20260928,UCSes4X8uDrpc4X46hJKjejg,gTMjT4y5LHE,on_demand,not_subscribed,GB,102,26,2,0,0.044483333333333333,0,0,2,0.044483333333333333
20260928,UCSes4X8uDrpc4X46hJKjejg,HwWx5nhjCx8,on_demand,not_subscribed,GB,104,4,1,0,0.0016666666666666668,0,0,0,0
20260928,UCSes4X8uDrpc4X46hJKjejg,6qJqOrLxJik,on_demand,not_subscribed,IL,104,5,1,1,0.57166666666666666,34.3,1.2741456166419018,0,0
20260928,UCSes4X8uDrpc4X46hJKjejg,l5M2ICRhyEA,on_demand,not_subscribed,US,101,9,62,19,11.734783333333333,34.720368421052633,105.21323763955343,6,1.3356666666666668
20260928,UCSes4X8uDrpc4X46hJKjejg,0TDhWq6S65A,on_demand,not_subscribed,US,104,5,2,0,0.12391666666666666,0,0,0,0
20260928,UCSes4X8uDrpc4X46hJKjejg,WAYYE5BMG6c,on_demand,subscribed,PH,104,4,1,0,0.051666666666666666,0,0,0,0
20260928,UCSes4X8uDrpc4X46hJKjejg,PeMHxUwuByQ,on_demand,not_subscribed,US,101,2,1,0,0.01015,0,0,0,0
20260928,UCSes4X8uDrpc4X46hJKjejg,FCAC9ZyPn_4,on_demand,not_subscribed,US,102,19,1,0,0.13886666666666667,0,0,0,0
20260928,UCSes4X8uDrpc4X46hJKjejg,gTMjT4y5LHE,on_demand,not_subscribed,KY,104,5,1,1,7.0066666666666668,420.4,85.10121457489879,1,7.0066666666666668
20260928,UCSes4X8uDrpc4X46hJKjejg,Rl73WZoqKzE,on_demand,subscribed,PH,104,4,4,2,8.34,246.85,41.417785234899327,0,0
20260928,UCSes4X8uDrpc4X46hJKjejg,MEHDJ9V-lIk,on_demand,not_subscribed,AU,101,9,1,0,0.025266666666666666,0,0,0,0
20260928,UCSes4X8uDrpc4X46hJKjejg,gTMjT4y5LHE,on_demand,not_subscribed,GB,102,12,1,0,0.00028333333333333335,0,0,0,0
20260928,UCSes4X8uDrpc4X46hJKjejg,WAYYE5BMG6c,on_demand,not_subscribed,FR,104,4,2,1,1.6133333333333333,96.1,5.0632244467860907,0,0
20260928,UCSes4X8uDrpc4X46hJKjejg,Rl73WZoqKzE,on_demand,not_subscribed,FR,104,4,1,0,0.066666666666666666,0,0,0,0
20260928,UCSes4X8uDrpc4X46hJKjejg,HtZ8tDkeGJY,on_demand,not_subscribed,US,102,26,1,1,0.97901666666666665,58.741,99.561016949152545,0,0
20260928,UCSes4X8uDrpc4X46hJKjejg,HtZ8tDkeGJY,on_demand,not_subscribed,TT,104,4,2,1,1.0683333333333334,64.1,108.64406779661017,0,0
20260928,UCSes4X8uDrpc4X46hJKjejg,u9yo-7_Ly7M,on_demand,not_subscribed,US,102,19,2,2,9.5410166666666658,286.2305,52.041909090909094,0,0
20260928,UCSes4X8uDrpc4X46hJKjejg,6ljakZEWb0o,on_demand,subscribed,DE,104,5,2,2,0.396,11.88,0.42996742671009774,0,0
20260928,UCSes4X8uDrpc4X46hJKjejg,-CjQjOd2JEA,on_demand,not_subscribed,GH,103,10,1,1,0.21098333333333333,12.659,4.4731448763250885,0,0
20260928,UCSes4X8uDrpc4X46hJKjejg,HtZ8tDkeGJY,on_demand,not_subscribed,US,102,12,1,1,0.20215,12.129,20.557627118644067,1,0.20215
20260928,UCSes4X8uDrpc4X46hJKjejg,pWCQrmx8beo,on_demand,not_subscribed,ZW,104,4,1,1,0.025,1.5,0.049867021276595744,0,0
20260928,UCSes4X8uDrpc4X46hJKjejg,f4MfVVTJ6pY,on_demand,not_subscribed,PH,101,2,3,0,0.05135,0,0,0,0
20260928,UCSes4X8uDrpc4X46hJKjejg,-CjQjOd2JEA,on_demand,not_subscribed,NZ,103,10,1,1,0.20166666666666666,12.1,4.2756183745583041,0,0
20260928,UCSes4X8uDrpc4X46hJKjejg,JZgusHsQ0l4,on_demand,not_subscribed,CO,104,4,1,0,0.033333333333333333,0,0,0,0
20260928,UCSes4X8uDrpc4X46hJKjejg,gTMjT4y5LHE,on_demand,not_subscribed,CA,105,5,1,1,7.4878333333333336,449.27,90.945344129554655,1,7.4878333333333336
20260928,UCSes4X8uDrpc4X46hJKjejg,unimgWGUpHM,on_demand,not_subscribed,HR,101,2,1,1,0.18163333333333334,10.898,25.947619047619046,1,0.18163333333333334
20260928,UCSes4X8uDrpc4X46hJKjejg,N4FSFFIyyhU,on_demand,not_subscribed,CA,104,5,1,1,7.331,439.86,97.74666666666667,0,0
20260928,UCSes4X8uDrpc4X46hJKjejg,JZgusHsQ0l4,on_demand,not_subscribed,IL,104,5,1,1,0.7503333333333333,45.02,86.57692307692308,0,0
20260928,UCSes4X8uDrpc4X46hJKjejg,JOMMjWncBzA,on_demand,not_subscribed,US,104,4,2,1,0.19833333333333333,9.9,13.2,0,0
20260928,UCSes4X8uDrpc4X46hJKjejg,oujDWGTay-Q,on_demand,not_subscribed,ZA,104,5,1,0,0.021333333333333333,0,0,0,0
20260928,UCSes4X8uDrpc4X46hJKjejg,IkDS7ZhVkA4,on_demand,not_subscribed,US,101,30,1,0,0.0084666666666666675,0,0,0,0
20260928,UCSes4X8uDrpc4X46hJKjejg,BeZUS-lZ4qs,on_demand,subscribed,DE,102,12,1,0,0.0039,0,0,1,0.0039
20260928,UCSes4X8uDrpc4X46hJKjejg,fAZy3HtHBzA,on_demand,subscribed,US,102,4,3,3,1.0202166666666668,20.404333333333334,63.763541666666669,2,0.53985
20260928,UCSes4X8uDrpc4X46hJKjejg,7qt1wBW-P6A,on_demand,subscribed,ZA,104,4,1,1,0.17833333333333334,10.7,13.896103896103897,0,0
20260928,UCSes4X8uDrpc4X46hJKjejg,HVLl_aTeQTE,on_demand,not_subscribed,IL,104,5,1,0,0.0275,0,0,0,0
20260928,UCSes4X8uDrpc4X46hJKjejg,2n5LJUyMtAk,on_demand,not_subscribed,CA,102,26,1,1,0.66343333333333332,39.806,7.8823762376237623,1,0.66343333333333332
20260928,UCSes4X8uDrpc4X46hJKjejg,gTMjT4y5LHE,on_demand,not_subscribed,PL,104,5,1,0,0.010166666666666666,0,0,0,0
20260928,UCSes4X8uDrpc4X46hJKjejg,DbNsygUVZUQ,on_demand,not_subscribed,US,104,5,5,4,3.3815166666666667,50.72275,81.8108870967742,1,0.16283333333333333
20260928,UCSes4X8uDrpc4X46hJKjejg,WAYYE5BMG6c,on_demand,subscribed,AU,104,4,1,0,0.021666666666666667,0,0,0,0
20260928,UCSes4X8uDrpc4X46hJKjejg,MEHDJ9V-lIk,on_demand,not_subscribed,US,104,4,33,12,49.34426666666667,243.69233333333332,11.82972491909385,1,0.046666666666666669
20260928,UCSes4X8uDrpc4X46hJKjejg,UvWPXkksqmM,on_demand,subscribed,PH,104,5,3,2,12.110833333333334,362.7,54.788519637462237,0,0
20260928,UCSes4X8uDrpc4X46hJKjejg,op6JvrFdWrY,on_demand,not_subscribed,IT,105,5,2,1,0.41666666666666669,25,104.16666666666667,2,0.41666666666666669
20260928,UCSes4X8uDrpc4X46hJKjejg,gTMjT4y5LHE,on_demand,not_subscribed,VI,104,5,1,0,0.133,0,0,0,0
20260928,UCSes4X8uDrpc4X46hJKjejg,YHtB62qU1r8,on_demand,not_subscribed,KH,101,9,1,0,0.069816666666666666,0,0,0,0
20260928,UCSes4X8uDrpc4X46hJKjejg,fAZy3HtHBzA,on_demand,subscribed,HR,105,4,1,0,0.03,0,0,0,0
20260928,UCSes4X8uDrpc4X46hJKjejg,3oF068CdTYo,on_demand,not_subscribed,CA,104,5,11,3,1.5753166666666667,27.156666666666666,79.872549019607845,3,0.69
20260928,UCSes4X8uDrpc4X46hJKjejg,OG1-VxzclcA,on_demand,not_subscribed,DE,104,4,1,0,0.045,0,0,0,0
20260928,UCSes4X8uDrpc4X46hJKjejg,34SgPBo7SBw,on_demand,not_subscribed,US,104,5,6,3,0.5244,8.0080000000000009,1.28128,1,0.20366666666666666
20260928,UCSes4X8uDrpc4X46hJKjejg,Rl73WZoqKzE,on_demand,not_subscribed,IN,101,2,1,1,0.39565,23.739,3.9830536912751677,0,0
20260928,UCSes4X8uDrpc4X46hJKjejg,QxkwRERjZgA,on_demand,not_subscribed,US,104,5,12,5,3.3506666666666667,39.06,67.34482758620689,2,0.99283333333333335
20260928,UCSes4X8uDrpc4X46hJKjejg,9zaom3QbjYs,on_demand,not_subscribed,GH,101,2,1,0,0.065833333333333327,0,0,0,0
20260928,UCSes4X8uDrpc4X46hJKjejg,fAZy3HtHBzA,on_demand,not_subscribed,US,105,4,4,3,1.3351333333333333,26.702666666666669,83.44583333333334,0,0
20260928,UCSes4X8uDrpc4X46hJKjejg,gTMjT4y5LHE,on_demand,not_subscribed,SO,105,4,1,1,1.5833333333333333,95,19.23076923076923,0,0
20260928,UCSes4X8uDrpc4X46hJKjejg,M-M22Ac4CRE,on_demand,not_subscribed,DK,104,5,3,1,1.0798333333333334,64.79,196.33333333333334,0,0
20260928,UCSes4X8uDrpc4X46hJKjejg,iOURk-GhPG0,on_demand,not_subscribed,RO,104,4,1,0,0,0,0,0,0
20260928,UCSes4X8uDrpc4X46hJKjejg,Uo7rmLN6ANk,on_demand,subscribed,US,104,4,1,0,0.09166666666666666,0,0,0,0
20260928,UCSes4X8uDrpc4X46hJKjejg,50MHq47IaLU,on_demand,not_subscribed,US,101,2,1,1,0.1222,7.332,6.3756521739130436,0,0
20260928,UCSes4X8uDrpc4X46hJKjejg,-TauZcQxKUU,on_demand,not_subscribed,US,104,4,2,1,0.44833333333333331,26.9,1.2700661000944287,0,0
20260928,UCSes4X8uDrpc4X46hJKjejg,vYHpYbDk4Tg,on_demand,not_subscribed,US,102,4,2,1,1.2888333333333333,77.33,104.5,2,1.2888333333333333
20260928,UCSes4X8uDrpc4X46hJKjejg,9zaom3QbjYs,on_demand,not_subscribed,EC,102,28,1,1,12.640866666666666,758.452,99.927799736495388,1,12.640866666666666
20260928,UCSes4X8uDrpc4X46hJKjejg,ePdXtNfowRo,on_demand,not_subscribed,US,101,9,1,1,7.140366666666667,428.422,83.5130604288499,0,0
20260928,UCSes4X8uDrpc4X46hJKjejg,iOURk-GhPG0,on_demand,not_subscribed,EC,104,4,2,1,0.5950833333333333,35.705,123.12068965517241,0,0
20260928,UCSes4X8uDrpc4X46hJKjejg,dKoSQ-63gP4,on_demand,not_subscribed,AU,104,5,1,0,0.0135,0,0,0,0
20260928,UCSes4X8uDrpc4X46hJKjejg,fAZy3HtHBzA,on_demand,subscribed,SE,104,5,1,0,0.056666666666666664,0,0,0,0
20260928,UCSes4X8uDrpc4X46hJKjejg,DPoUTRP5x1Y,on_demand,not_subscribed,KR,104,4,2,0,0.01,0,0,2,0.01
20260928,UCSes4X8uDrpc4X46hJKjejg,yqQ_QnY4_XU,on_demand,not_subscribed,NL,101,9,2,1,1.3216,79.296,168.71489361702129,0,0
20260928,UCSes4X8uDrpc4X46hJKjejg,l5M2ICRhyEA,on_demand,not_subscribed,PR,104,4,2,1,0.7466666666666667,44.8,135.75757575757575,0,0
20260928,UCSes4X8uDrpc4X46hJKjejg,YHtB62qU1r8,on_demand,not_subscribed,LV,101,9,1,0,0.045766666666666664,0,0,0,0
20260928,UCSes4X8uDrpc4X46hJKjejg,rb2A44tQJXc,on_demand,not_subscribed,DO,104,4,1,0,0.125,0,0,0,0
20260928,UCSes4X8uDrpc4X46hJKjejg,9LFMqUAyB_U,on_demand,not_subscribed,JP,105,5,1,1,0.94066666666666665,56.44,6.63219741480611,0,0
20260928,UCSes4X8uDrpc4X46hJKjejg,k2rjwlyjahc,on_demand,not_subscribed,IN,104,5,3,1,0.83016666666666672,47.72,88.370370370370367,0,0
20260928,UCSes4X8uDrpc4X46hJKjejg,M-M22Ac4CRE,on_demand,not_subscribed,CH,104,5,2,1,0.55483333333333329,33.29,100.87878787878788,2,0.55483333333333329
20260928,UCSes4X8uDrpc4X46hJKjejg,UvWPXkksqmM,on_demand,not_subscribed,GB,104,4,2,1,0.64666666666666661,34.7,5.2416918429003019,0,0
20260928,UCSes4X8uDrpc4X46hJKjejg,c-sLq27d-jw,on_demand,not_subscribed,US,103,10,1,1,2.18685,131.211,6.0717723276260989,1,2.18685
20260928,UCSes4X8uDrpc4X46hJKjejg,Rl73WZoqKzE,on_demand,not_subscribed,BS,104,5,1,0,0.082,0,0,0,0
20260928,UCSes4X8uDrpc4X46hJKjejg,YWmM-Tkjmvo,on_demand,not_subscribed,US,102,28,1,1,4.5709,274.254,95.22708333333334,1,4.5709
20260928,UCSes4X8uDrpc4X46hJKjejg,0JHD_pApR7w,on_demand,not_subscribed,US,102,26,2,1,1.1966,71.796,104.05217391304348,0,0
20260928,UCSes4X8uDrpc4X46hJKjejg,FCAC9ZyPn_4,on_demand,not_subscribed,TR,104,4,1,1,7.385,443.1,100.70454545454545,1,7.385
20260928,UCSes4X8uDrpc4X46hJKjejg,2n5LJUyMtAk,on_demand,not_subscribed,NG,101,2,1,0,0.012616666666666667,0,0,0,0
20260928,UCSes4X8uDrpc4X46hJKjejg,OxH6ANsFM9Y,on_demand,not_subscribed,VI,104,5,1,0,0.0071666666666666667,0,0,0,0
20260928,UCSes4X8uDrpc4X46hJKjejg,QxkwRERjZgA,on_demand,not_subscribed,JM,104,5,2,1,0.98466666666666669,59.08,101.86206896551724,0,0
20260928,UCSes4X8uDrpc4X46hJKjejg,fAZy3HtHBzA,on_demand,not_subscribed,US,102,29,9,6,3.0490333333333335,30.490333333333336,95.282291666666666,0,0
20260928,UCSes4X8uDrpc4X46hJKjejg,op6JvrFdWrY,on_demand,not_subscribed,PH,101,2,1,1,0.10651666666666666,6.391,26.629166666666666,0,0
20260928,UCSes4X8uDrpc4X46hJKjejg,DjhN1oAGTYA,on_demand,not_subscribed,HK,103,27,2,2,4.5256333333333334,135.769,46.816896551724135,0,0
20260928,UCSes4X8uDrpc4X46hJKjejg,ABlbRTTk1ek,on_demand,not_subscribed,IN,104,5,1,1,0.2665,15.99,43.216216216216218,0,0
20260928,UCSes4X8uDrpc4X46hJKjejg,l5M2ICRhyEA,on_demand,not_subscribed,BE,105,5,1,1,0.076833333333333337,4.61,13.969696969696969,0,0
20260928,UCSes4X8uDrpc4X46hJKjejg,0JHD_pApR7w,on_demand,not_subscribed,US,102,12,1,1,1.22515,73.509,106.53478260869565,0,0
20260928,UCSes4X8uDrpc4X46hJKjejg,PoyUkRaWZiM,on_demand,not_subscribed,CA,104,5,1,0,0.069833333333333331,0,0,0,0
20260928,UCSes4X8uDrpc4X46hJKjejg,5GYyKcjXNN0,on_demand,not_subscribed,PE,102,12,1,1,0.25998333333333334,15.599,19.258024691358024,0,0
20260928,UCSes4X8uDrpc4X46hJKjejg,YWmM-Tkjmvo,on_demand,not_subscribed,US,102,26,7,5,2.6857333333333333,30.073200000000003,10.442083333333333,1,0.13291666666666666
20260928,UCSes4X8uDrpc4X46hJKjejg,YsozfBAU5nI,on_demand,not_subscribed,US,104,5,11,6,1.42745,13.797833333333335,55.191333333333333,0,0
20260928,UCSes4X8uDrpc4X46hJKjejg,XxNpGT_I6mk,on_demand,not_subscribed,US,102,26,3,2,1.44025,43.2075,130.93181818181819,0,0
20260928,UCSes4X8uDrpc4X46hJKjejg,fAZy3HtHBzA,on_demand,subscribed,AU,101,9,1,0,0.031083333333333334,0,0,0,0
20260928,UCSes4X8uDrpc4X46hJKjejg,gmPsKXt4foY,on_demand,not_subscribed,PT,104,4,1,1,0.24666666666666667,14.8,32.888888888888886,0,0
20260928,UCSes4X8uDrpc4X46hJKjejg,unimgWGUpHM,on_demand,subscribed,US,103,10,1,1,0.11006666666666666,6.604,15.723809523809523,0,0
20260928,UCSes4X8uDrpc4X46hJKjejg,l5M2ICRhyEA,on_demand,not_subscribed,PK,104,5,1,1,0.20266666666666666,12.16,36.848484848484851,0,0
20260928,UCSes4X8uDrpc4X46hJKjejg,6ljakZEWb0o,on_demand,subscribed,SG,101,9,2,1,25.590833333333332,1534.893,55.551682953311619,1,25.58155
20260928,UCSes4X8uDrpc4X46hJKjejg,sR7R7MNsPW0,on_demand,not_subscribed,ID,104,5,2,1,0.093833333333333338,5.23,9.50909090909091,0,0
20260928,UCSes4X8uDrpc4X46hJKjejg,MEHDJ9V-lIk,on_demand,subscribed,TT,101,2,1,0,0.00835,0,0,0,0
20260928,UCSes4X8uDrpc4X46hJKjejg,sc2QVbRxxV8,on_demand,not_subscribed,BB,104,4,3,2,0.96,28.8,77.837837837837839,0,0
20260928,UCSes4X8uDrpc4X46hJKjejg,l5M2ICRhyEA,on_demand,not_subscribed,PH,105,4,2,1,0.575,34.5,104.54545454545455,0,0
20260928,UCSes4X8uDrpc4X46hJKjejg,4mzvTUKarMU,on_demand,not_subscribed,US,104,4,1,1,3.3333333333333335,200,72.727272727272734,0,0
20260928,UCSes4X8uDrpc4X46hJKjejg,e7CxdG8sNlA,on_demand,not_subscribed,US,105,5,1,1,1.756,105.36,22.181052631578947,0,0
20260928,UCSes4X8uDrpc4X46hJKjejg,gTMjT4y5LHE,on_demand,subscribed,CA,104,5,1,1,5.57,334.2,67.651821862348172,0,0
20260928,UCSes4X8uDrpc4X46hJKjejg,XxNpGT_I6mk,on_demand,not_subscribed,US,102,12,2,1,0.61981666666666668,37.189,112.69393939393939,0,0
20260928,UCSes4X8uDrpc4X46hJKjejg,5UEhfpivkPo,on_demand,subscribed,US,104,4,8,6,1.13165,11.149833333333333,39.820833333333333,0,0
20260928,UCSes4X8uDrpc4X46hJKjejg,JZgusHsQ0l4,on_demand,not_subscribed,BB,101,2,2,1,1.0083666666666666,60.502,116.35,0,0
20260928,UCSes4X8uDrpc4X46hJKjejg,-CjQjOd2JEA,on_demand,not_subscribed,GH,101,2,1,0,0.040016666666666666,0,0,1,0.040016666666666666
20260928,UCSes4X8uDrpc4X46hJKjejg,R1PGLsRyKDw,on_demand,not_subscribed,HU,104,4,1,0,0.028333333333333332,0,0,0,0
20260928,UCSes4X8uDrpc4X46hJKjejg,dKoSQ-63gP4,on_demand,not_subscribed,IS,104,4,1,0,0.036666666666666667,0,0,0,0
20260928,UCSes4X8uDrpc4X46hJKjejg,Rl73WZoqKzE,on_demand,not_subscribed,ES,104,4,1,0,0.1,0,0,0,0
20260928,UCSes4X8uDrpc4X46hJKjejg,YHtB62qU1r8,on_demand,not_subscribed,GH,101,2,1,0,0.02615,0,0,0,0
20260928,UCSes4X8uDrpc4X46hJKjejg,k4-t8XMp-wg,on_demand,not_subscribed,ZA,104,4,1,0,0.08,0,0,0,0
20260928,UCSes4X8uDrpc4X46hJKjejg,Z2aOtGIhWdM,on_demand,not_subscribed,US,101,2,1,0,0.023066666666666666,0,0,0,0
20260928,UCSes4X8uDrpc4X46hJKjejg,0nYtXNTW54c,on_demand,not_subscribed,DE,104,4,2,1,0.41166666666666668,24.1,61.794871794871796,0,0
20260928,UCSes4X8uDrpc4X46hJKjejg,Rl73WZoqKzE,on_demand,not_subscribed,NL,104,5,1,1,3.2137833333333332,192.827,32.353523489932883,0,0
20260928,UCSes4X8uDrpc4X46hJKjejg,op6JvrFdWrY,on_demand,not_subscribed,KR,104,5,2,1,0.51883333333333337,31.13,129.70833333333334,2,0.51883333333333337
20260928,UCSes4X8uDrpc4X46hJKjejg,YHtB62qU1r8,on_demand,not_subscribed,NZ,101,2,3,2,11.832066666666666,354.3805,75.40010638297872,1,7.5044
20260928,UCSes4X8uDrpc4X46hJKjejg,6ljakZEWb0o,on_demand,subscribed,GE,104,5,1,0,0.0035,0,0,0,0
20260928,UCSes4X8uDrpc4X46hJKjejg,yqQ_QnY4_XU,on_demand,subscribed,ID,101,2,1,0,0.012633333333333333,0,0,0,0
20260928,UCSes4X8uDrpc4X46hJKjejg,FCAC9ZyPn_4,on_demand,not_subscribed,US,102,1,1,1,0.62451666666666672,37.471,8.5161363636363632,0,0
20260928,UCSes4X8uDrpc4X46hJKjejg,ziCh3vNf0ik,on_demand,not_subscribed,GB,104,4,1,1,0.078333333333333338,4.7,10.217391304347826,0,0
20260928,UCSes4X8uDrpc4X46hJKjejg,kHqq0RR6dHE,on_demand,not_subscribed,CA,104,4,2,0,0.066666666666666666,0,0,0,0
20260928,UCSes4X8uDrpc4X46hJKjejg,HtZ8tDkeGJY,on_demand,not_subscribed,PH,104,5,4,1,1.0483333333333333,60.82,103.08474576271186,1,0.027833333333333335
20260928,UCSes4X8uDrpc4X46hJKjejg,rq61MdGS0U4,on_demand,not_subscribed,US,102,29,3,2,16.909066666666668,506.2605,89.130369718309865,1,7.416666666666667
20260928,UCSes4X8uDrpc4X46hJKjejg,gTMjT4y5LHE,on_demand,not_subscribed,RS,102,12,2,2,4.3015333333333334,129.046,26.122672064777326,0,0
20260928,UCSes4X8uDrpc4X46hJKjejg,2zGgUw4SUCA,on_demand,not_subscribed,BW,104,4,1,1,0.30166666666666669,18.1,20.111111111111111,0,0
20260928,UCSes4X8uDrpc4X46hJKjejg,op6JvrFdWrY,on_demand,not_subscribed,AU,101,2,1,1,0.32945,19.767,82.3625,0,0
20260928,UCSes4X8uDrpc4X46hJKjejg,ilSPJeVLgYk,on_demand,not_subscribed,US,104,4,5,3,5.0383333333333331,100.76666666666667,134.35555555555555,0,0
20260928,UCSes4X8uDrpc4X46hJKjejg,fAZy3HtHBzA,on_demand,subscribed,US,104,4,194,92,55.854733333333336,35.799826086956521,111.87445652173913,58,14.329983333333333
20260928,UCSes4X8uDrpc4X46hJKjejg,u9yo-7_Ly7M,on_demand,not_subscribed,US,102,1,2,2,9.5207,285.621,51.931090909090912,1,0.35368333333333335
20260928,UCSes4X8uDrpc4X46hJKjejg,gw79jVAmrx0,on_demand,not_subscribed,JP,105,5,1,1,1.5665,93.99,8.833646616541353,0,0
20260928,UCSes4X8uDrpc4X46hJKjejg,6ljakZEWb0o,on_demand,not_subscribed,PH,101,2,14,2,6.6434833333333332,186.0145,6.7323380383640972,0,0
20260928,UCSes4X8uDrpc4X46hJKjejg,MEHDJ9V-lIk,on_demand,subscribed,US,102,29,3,2,0.69718333333333338,18.6135,0.90356796116504856,1,0.029583333333333333
20260928,UCSes4X8uDrpc4X46hJKjejg,yqQ_QnY4_XU,on_demand,not_subscribed,ZA,104,4,1,1,0.15166666666666667,9.1,19.361702127659573,0,0
20260928,UCSes4X8uDrpc4X46hJKjejg,gTMjT4y5LHE,on_demand,not_subscribed,MX,102,19,2,2,2.86125,85.8375,17.376012145748987,2,2.86125
20260928,UCSes4X8uDrpc4X46hJKjejg,qTi5JqNn970,on_demand,not_subscribed,US,101,9,1,0,0.0057333333333333333,0,0,0,0
20260928,UCSes4X8uDrpc4X46hJKjejg,6ljakZEWb0o,on_demand,not_subscribed,NL,101,9,1,0,0.016883333333333334,0,0,0,0
20260928,UCSes4X8uDrpc4X46hJKjejg,e7CxdG8sNlA,on_demand,not_subscribed,CA,104,4,1,0,0.061666666666666668,0,0,0,0
20260928,UCSes4X8uDrpc4X46hJKjejg,CFKK7UDcpPQ,on_demand,not_subscribed,US,101,9,1,0,0.0080666666666666664,0,0,0,0
20260928,UCSes4X8uDrpc4X46hJKjejg,5GYyKcjXNN0,on_demand,subscribed,VN,104,4,2,1,1.43,85.8,105.92592592592592,0,0
20260928,UCSes4X8uDrpc4X46hJKjejg,YWmM-Tkjmvo,on_demand,not_subscribed,CA,101,9,3,0,0.1019,0,0,0,0
20260928,UCSes4X8uDrpc4X46hJKjejg,unimgWGUpHM,on_demand,not_subscribed,TZ,104,4,1,0,0.043333333333333335,0,0,0,0
20260928,UCSes4X8uDrpc4X46hJKjejg,UvWPXkksqmM,on_demand,not_subscribed,ES,104,5,1,0,0.0035,0,0,0,0
20260928,UCSes4X8uDrpc4X46hJKjejg,JZgusHsQ0l4,on_demand,not_subscribed,ID,104,5,1,1,0.285,17.1,32.884615384615387,0,0
20260928,UCSes4X8uDrpc4X46hJKjejg,WAYYE5BMG6c,on_demand,not_subscribed,US,102,26,2,1,31.695966666666667,1897.321,99.964225500526865,1,0.07395
20260928,UCSes4X8uDrpc4X46hJKjejg,9LFMqUAyB_U,on_demand,not_subscribed,US,104,5,11,5,20.493816666666667,243.87600000000003,28.657579318448885,1,0.10016666666666667
20260928,UCSes4X8uDrpc4X46hJKjejg,gX09UAQyD-U,on_demand,not_subscribed,RS,104,4,2,1,0.47166666666666668,25.8,26.3265306122449,0,0
20260928,UCSes4X8uDrpc4X46hJKjejg,BvHw3ddSlms,on_demand,subscribed,US,103,10,1,0,0.01345,0,0,0,0
20260928,UCSes4X8uDrpc4X46hJKjejg,SkSLumMmvbc,on_demand,not_subscribed,US,105,5,2,1,0.6878333333333333,41.27,108.60526315789474,0,0
20260928,UCSes4X8uDrpc4X46hJKjejg,Rl73WZoqKzE,on_demand,not_subscribed,US,102,26,24,18,58.95775,195.65944444444443,32.8287658463833,1,0.028416666666666666
20260928,UCSes4X8uDrpc4X46hJKjejg,MEHDJ9V-lIk,on_demand,not_subscribed,GB,103,10,3,0,0.021466666666666665,0,0,0,0
20260928,UCSes4X8uDrpc4X46hJKjejg,dKoSQ-63gP4,on_demand,not_subscribed,GB,102,29,1,1,0.6154,36.924,6.063054187192118,0,0
20260928,UCSes4X8uDrpc4X46hJKjejg,BeZUS-lZ4qs,on_demand,not_subscribed,HK,104,5,1,0,0.035333333333333335,0,0,0,0
20260928,UCSes4X8uDrpc4X46hJKjejg,zS69CFjoay8,on_demand,not_subscribed,US,101,9,3,1,0.93613333333333337,53.619,101.16792452830188,2,0.89365
20260928,UCSes4X8uDrpc4X46hJKjejg,pWCQrmx8beo,on_demand,not_subscribed,US,103,10,1,0,0.13118333333333335,0,0,0,0
20260928,UCSes4X8uDrpc4X46hJKjejg,op6JvrFdWrY,on_demand,not_subscribed,ZA,104,4,4,2,0.72,21.55,89.791666666666671,3,0.555
20260928,UCSes4X8uDrpc4X46hJKjejg,gmPsKXt4foY,on_demand,not_subscribed,SE,101,2,2,1,0.81896666666666662,49.138,109.19555555555556,0,0
20260928,UCSes4X8uDrpc4X46hJKjejg,PeMHxUwuByQ,on_demand,not_subscribed,US,101,9,2,1,44.719566666666665,2681.108,72.05342649825316,0,0
20260928,UCSes4X8uDrpc4X46hJKjejg,Rl73WZoqKzE,on_demand,not_subscribed,US,102,12,6,0,0.4944,0,0,3,0.15655
20260928,UCSes4X8uDrpc4X46hJKjejg,2n5LJUyMtAk,on_demand,not_subscribed,KR,104,4,1,0,0.01,0,0,0,0
20260928,UCSes4X8uDrpc4X46hJKjejg,unimgWGUpHM,on_demand,subscribed,TH,104,4,2,1,0.73166666666666669,43.9,104.52380952380952,0,0
20260928,UCSes4X8uDrpc4X46hJKjejg,HtZ8tDkeGJY,on_demand,not_subscribed,AU,104,5,5,4,2.9005,43.5075,73.741525423728817,3,1.5228333333333333
20260928,UCSes4X8uDrpc4X46hJKjejg,vYHpYbDk4Tg,on_demand,not_subscribed,US,104,4,1,0,0,0,0,0,0
20260928,UCSes4X8uDrpc4X46hJKjejg,Rl73WZoqKzE,on_demand,not_subscribed,BR,104,4,3,0,0.025,0,0,0,0
20260928,UCSes4X8uDrpc4X46hJKjejg,m51RPlzYGnQ,on_demand,not_subscribed,IL,102,4,2,1,0.57671666666666666,34.603,101.77352941176471,0,0
20260928,UCSes4X8uDrpc4X46hJKjejg,f4MfVVTJ6pY,on_demand,not_subscribed,US,102,4,1,1,0.18916666666666668,11.35,0.690389294403893,0,0
20260928,UCSes4X8uDrpc4X46hJKjejg,gTMjT4y5LHE,on_demand,not_subscribed,RU,104,4,1,0,0.053333333333333337,0,0,0,0
20260928,UCSes4X8uDrpc4X46hJKjejg,OcddzswV_IM,on_demand,not_subscribed,TR,104,4,1,0,0,0,0,0,0
20260928,UCSes4X8uDrpc4X46hJKjejg,JZgusHsQ0l4,on_demand,not_subscribed,TN,104,4,1,0,0.016666666666666666,0,0,0,0
20260928,UCSes4X8uDrpc4X46hJKjejg,6ljakZEWb0o,on_demand,not_subscribed,US,101,1,1,0,0.071216666666666664,0,0,0,0
20260928,UCSes4X8uDrpc4X46hJKjejg,l5M2ICRhyEA,on_demand,subscribed,PH,104,4,1,1,0.24333333333333335,14.6,44.242424242424242,0,0
20260928,UCSes4X8uDrpc4X46hJKjejg,6ljakZEWb0o,on_demand,subscribed,IT,104,5,1,0,0.16366666666666665,0,0,0,0
20260928,UCSes4X8uDrpc4X46hJKjejg,e7CxdG8sNlA,on_demand,subscribed,US,104,5,6,4,21.813333333333333,326.2675,68.687894736842111,2,5.9461666666666666
20260928,UCSes4X8uDrpc4X46hJKjejg,u9yo-7_Ly7M,on_demand,not_subscribed,PH,104,4,1,0,0.011666666666666667,0,0,0,0
20260928,UCSes4X8uDrpc4X46hJKjejg,Rl73WZoqKzE,on_demand,subscribed,CR,102,4,1,0,0.0294,0,0,1,0.0294
20260928,UCSes4X8uDrpc4X46hJKjejg,gmPsKXt4foY,on_demand,subscribed,US,103,17,1,0,0.0050833333333333329,0,0,0,0
20260928,UCSes4X8uDrpc4X46hJKjejg,rq61MdGS0U4,on_demand,subscribed,US,104,4,2,0,0.14833333333333334,0,0,0,0
20260928,UCSes4X8uDrpc4X46hJKjejg,dKoSQ-63gP4,on_demand,not_subscribed,DO,101,2,1,1,7.6269666666666662,457.618,75.142528735632183,0,0
20260928,UCSes4X8uDrpc4X46hJKjejg,-CjQjOd2JEA,on_demand,not_subscribed,NL,101,1,1,1,2.9822,178.932,63.226855123674909,0,0
20260928,UCSes4X8uDrpc4X46hJKjejg,UvWPXkksqmM,on_demand,not_subscribed,CH,104,5,1,0,0.0036666666666666666,0,0,0,0
20260928,UCSes4X8uDrpc4X46hJKjejg,6ljakZEWb0o,on_demand,not_subscribed,AU,101,2,8,3,16.850633333333334,335.123,12.128954035468693,1,0.69351666666666667
20260928,UCSes4X8uDrpc4X46hJKjejg,unimgWGUpHM,on_demand,subscribed,US,101,2,15,10,5.4091666666666667,32.1338,76.509047619047621,7,2.35115
20260928,UCSes4X8uDrpc4X46hJKjejg,gTMjT4y5LHE,on_demand,not_subscribed,ZA,101,2,5,2,12.332933333333333,366.6515,74.220951417004045,0,0
20260928,UCSes4X8uDrpc4X46hJKjejg,kHqq0RR6dHE,on_demand,not_subscribed,GR,101,2,3,0,0.00965,0,0,0,0
20260928,UCSes4X8uDrpc4X46hJKjejg,5GYyKcjXNN0,on_demand,not_subscribed,CA,104,5,18,10,7.5326,43.427,53.613580246913578,3,1.4886666666666668
20260928,UCSes4X8uDrpc4X46hJKjejg,f4MfVVTJ6pY,on_demand,not_subscribed,KE,104,4,1,1,0.21833333333333332,13.1,0.7968369829683698,0,0
20260928,UCSes4X8uDrpc4X46hJKjejg,dKoSQ-63gP4,on_demand,not_subscribed,US,102,21,1,1,10.045716666666667,602.743,98.972577996715927,0,0
20260928,UCSes4X8uDrpc4X46hJKjejg,BeZUS-lZ4qs,on_demand,not_subscribed,VC,102,29,1,1,1.0425,62.55,2.0190445448676564,0,0
20260928,UCSes4X8uDrpc4X46hJKjejg,cDEy2e8wqlc,on_demand,not_subscribed,US,104,5,2,1,1.3325,79.95,216.08108108108109,0,0
20260928,UCSes4X8uDrpc4X46hJKjejg,0JHD_pApR7w,on_demand,not_subscribed,PH,104,5,5,1,3.4241666666666668,205.25,297.463768115942,0,0
20260928,UCSes4X8uDrpc4X46hJKjejg,dgP0I7rPTlU,on_demand,not_subscribed,BR,101,2,2,1,0.5142,30.852,106.38620689655173,0,0
20260928,UCSes4X8uDrpc4X46hJKjejg,UvWPXkksqmM,on_demand,not_subscribed,RS,104,4,1,0,0.019666666666666666,0,0,0,0
20260928,UCSes4X8uDrpc4X46hJKjejg,oujDWGTay-Q,on_demand,not_subscribed,US,104,5,47,26,24.765416666666667,56.354961538461538,75.139948717948712,18,12.453016666666667
20260928,UCSes4X8uDrpc4X46hJKjejg,Rl73WZoqKzE,on_demand,subscribed,CO,104,4,1,0,0.11666666666666667,0,0,0,0
20260928,UCSes4X8uDrpc4X46hJKjejg,-CjQjOd2JEA,on_demand,not_subscribed,PK,104,4,1,0,0.015,0,0,0,0
20260928,UCSes4X8uDrpc4X46hJKjejg,-CjQjOd2JEA,on_demand,not_subscribed,HK,104,5,1,0,0.032,0,0,0,0
20260928,UCSes4X8uDrpc4X46hJKjejg,2vf4qDJNyOw,on_demand,not_subscribed,US,102,1,1,0,0.1268,0,0,0,0
20260928,UCSes4X8uDrpc4X46hJKjejg,iOURk-GhPG0,on_demand,not_subscribed,GB,104,5,1,1,0.095,5.7,19.655172413793103,0,0
20260928,UCSes4X8uDrpc4X46hJKjejg,7qt1wBW-P6A,on_demand,subscribed,US,104,4,1,1,0.14333333333333334,8.6,11.168831168831169,1,0.14333333333333334
20260928,UCSes4X8uDrpc4X46hJKjejg,YHtB62qU1r8,on_demand,not_subscribed,HK,104,5,1,1,3.6093333333333333,216.56,46.076595744680851,0,0
20260928,UCSes4X8uDrpc4X46hJKjejg,XxNpGT_I6mk,on_demand,not_subscribed,PH,104,5,6,1,2.8495,170.12,515.5151515151515,0,0
20260928,UCSes4X8uDrpc4X46hJKjejg,WAYYE5BMG6c,on_demand,not_subscribed,CA,101,9,2,1,0.10913333333333333,4.685,0.24683877766069548,0,0
20260928,UCSes4X8uDrpc4X46hJKjejg,UvWPXkksqmM,on_demand,not_subscribed,BR,104,5,4,3,9.4184166666666673,187.725,28.357250755287009,2,9.2135833333333341
20260928,UCSes4X8uDrpc4X46hJKjejg,yqQ_QnY4_XU,on_demand,not_subscribed,US,102,4,1,1,0.49928333333333336,29.957,63.738297872340425,0,0
20260928,UCSes4X8uDrpc4X46hJKjejg,sRIO-T5dRjA,on_demand,not_subscribed,HR,104,4,1,1,0.048333333333333332,2.9,10.357142857142858,1,0.048333333333333332
20260928,UCSes4X8uDrpc4X46hJKjejg,-CjQjOd2JEA,on_demand,not_subscribed,PL,103,17,1,0,0.073966666666666667,0,0,0,0
20260928,UCSes4X8uDrpc4X46hJKjejg,p5XiosuCXB8,on_demand,not_subscribed,AU,101,2,1,1,0.22688333333333333,13.613,22.31639344262295,0,0
20260928,UCSes4X8uDrpc4X46hJKjejg,2n5LJUyMtAk,on_demand,not_subscribed,GB,104,5,1,0,0.034333333333333334,0,0,0,0
20260928,UCSes4X8uDrpc4X46hJKjejg,Rl73WZoqKzE,on_demand,not_subscribed,CA,101,9,1,0,0.03075,0,0,0,0
20260928,UCSes4X8uDrpc4X46hJKjejg,gw79jVAmrx0,on_demand,not_subscribed,US,104,5,1,0,0.0455,0,0,0,0
20260928,UCSes4X8uDrpc4X46hJKjejg,6ljakZEWb0o,on_demand,not_subscribed,ZA,104,4,2,1,0.29166666666666669,12.7,0.45964531306550849,0,0
20260928,UCSes4X8uDrpc4X46hJKjejg,l5M2ICRhyEA,on_demand,subscribed,AU,104,4,3,1,0.58833333333333337,34.8,105.45454545454545,0,0
20260928,UCSes4X8uDrpc4X46hJKjejg,MEHDJ9V-lIk,on_demand,not_subscribed,NZ,104,5,3,3,25.027416666666667,500.54833333333335,24.298462783171519,0,0
20260928,UCSes4X8uDrpc4X46hJKjejg,unimgWGUpHM,on_demand,not_subscribed,US,102,19,1,1,0.33851666666666669,20.311,48.359523809523807,0,0
20260928,UCSes4X8uDrpc4X46hJKjejg,BeZUS-lZ4qs,on_demand,not_subscribed,CN,101,2,3,0,0.10116666666666667,0,0,0,0
20260928,UCSes4X8uDrpc4X46hJKjejg,l5M2ICRhyEA,on_demand,not_subscribed,CA,101,2,9,1,1.4945,86.983,263.58484848484846,0,0
20260928,UCSes4X8uDrpc4X46hJKjejg,yqQ_QnY4_XU,on_demand,subscribed,NZ,104,4,3,2,1.3916666666666666,41.75,88.829787234042556,0,0
20260928,UCSes4X8uDrpc4X46hJKjejg,-hsqpgeEp0I,on_demand,not_subscribed,US,104,5,2,1,1.5545,93.27,99.223404255319153,2,1.5545
20260928,UCSes4X8uDrpc4X46hJKjejg,BeZUS-lZ4qs,on_demand,subscribed,US,103,10,5,4,110.79326666666667,1660.99625,53.6151145900581,2,54.557783333333333
20260928,UCSes4X8uDrpc4X46hJKjejg,gTMjT4y5LHE,on_demand,not_subscribed,NG,104,4,1,1,8.0416666666666661,482.5,97.672064777327932,1,8.0416666666666661
20260928,UCSes4X8uDrpc4X46hJKjejg,J39ahAPa8Ng,on_demand,subscribed,US,104,4,1,0,0,0,0,0,0
20260928,UCSes4X8uDrpc4X46hJKjejg,gTMjT4y5LHE,on_demand,not_subscribed,PT,104,5,2,0,0.027166666666666665,0,0,0,0
20260928,UCSes4X8uDrpc4X46hJKjejg,dgP0I7rPTlU,on_demand,not_subscribed,US,102,29,3,2,0.48751666666666665,14.6255,50.432758620689654,3,0.48751666666666671
20260928,UCSes4X8uDrpc4X46hJKjejg,gmPsKXt4foY,on_demand,not_subscribed,MN,104,4,1,1,0.49833333333333335,29.9,66.444444444444443,0,0
20260928,UCSes4X8uDrpc4X46hJKjejg,op6JvrFdWrY,on_demand,not_subscribed,US,102,4,1,1,0.19666666666666666,11.8,49.166666666666664,0,0
20260928,UCSes4X8uDrpc4X46hJKjejg,itfxfmA1F64,on_demand,subscribed,US,104,4,2,0,0.023333333333333334,0,0,0,0
20260928,UCSes4X8uDrpc4X46hJKjejg,gmPsKXt4foY,on_demand,not_subscribed,CA,104,5,32,15,10.171633333333334,40.2372,89.416,11,4.1208333333333336
20260928,UCSes4X8uDrpc4X46hJKjejg,iyXSPWzKYBk,on_demand,not_subscribed,US,104,4,1,0,0.0016666666666666668,0,0,0,0
20260928,UCSes4X8uDrpc4X46hJKjejg,op6JvrFdWrY,on_demand,subscribed,NZ,104,4,1,1,0.22836666666666666,13.702,57.091666666666669,0,0
20260928,UCSes4X8uDrpc4X46hJKjejg,2n5LJUyMtAk,on_demand,not_subscribed,TW,101,2,1,0,0.0054,0,0,0,0
20260928,UCSes4X8uDrpc4X46hJKjejg,MEHDJ9V-lIk,on_demand,not_subscribed,GB,101,2,2,1,8.3711,501.942,24.366116504854368,0,0
20260928,UCSes4X8uDrpc4X46hJKjejg,0b8eta7f8mY,on_demand,subscribed,HK,102,4,1,0,0.027183333333333334,0,0,1,0.027183333333333334
20260928,UCSes4X8uDrpc4X46hJKjejg,M-M22Ac4CRE,on_demand,not_subscribed,MY,101,2,1,0,0.012866666666666667,0,0,0,0
20260928,UCSes4X8uDrpc4X46hJKjejg,IkDS7ZhVkA4,on_demand,not_subscribed,PH,105,5,1,1,2.1281666666666665,127.69,5.5324956672443673,0,0
20260928,UCSes4X8uDrpc4X46hJKjejg,YWmM-Tkjmvo,on_demand,not_subscribed,AU,104,5,2,2,1.4538333333333333,43.615,15.144097222222221,1,1.238
20260928,UCSes4X8uDrpc4X46hJKjejg,XTGlwLovDD0,on_demand,not_subscribed,US,104,5,5,4,51.3098,768.477,31.689773195876288,1,38.4145
20260928,UCSes4X8uDrpc4X46hJKjejg,pWCQrmx8beo,on_demand,not_subscribed,US,101,2,23,12,74.456933333333339,370.18191666666667,12.306579676418441,1,1.2618666666666667
20260928,UCSes4X8uDrpc4X46hJKjejg,TqA-vIk74RQ,on_demand,not_subscribed,RO,104,5,1,1,0.063533333333333331,3.812,0.093591946967836973,0,0
20260928,UCSes4X8uDrpc4X46hJKjejg,XxNpGT_I6mk,on_demand,not_subscribed,AU,104,5,1,0,0.0035,0,0,0,0
20260928,UCSes4X8uDrpc4X46hJKjejg,fzzrdnfjmpA,on_demand,not_subscribed,US,104,4,3,1,0.78333333333333333,46.6,101.30434782608695,0,0
20260928,UCSes4X8uDrpc4X46hJKjejg,AGR1wuQDdnM,on_demand,not_subscribed,US,102,4,1,1,2.5462666666666665,152.776,81.263829787234044,0,0
20260928,UCSes4X8uDrpc4X46hJKjejg,yqQ_QnY4_XU,on_demand,not_subscribed,GT,101,9,3,2,1.75275,52.5825,111.87765957446808,0,0
20260928,UCSes4X8uDrpc4X46hJKjejg,ze7OyP5UN9w,on_demand,not_subscribed,DE,104,4,2,1,1.1366666666666667,68.2,100.29411764705883,0,0
20260928,UCSes4X8uDrpc4X46hJKjejg,JwDkO74iC-w,on_demand,subscribed,US,101,2,1,0,0.004966666666666667,0,0,0,0
20260928,UCSes4X8uDrpc4X46hJKjejg,-CjQjOd2JEA,on_demand,subscribed,US,103,10,5,3,5.7189166666666669,111.57666666666667,39.4263839811543,2,2.8709000000000002
20260928,UCSes4X8uDrpc4X46hJKjejg,gTMjT4y5LHE,on_demand,not_subscribed,US,103,10,128,80,192.84265,142.6285625,28.872178643724695,10,17.261383333333331
20260928,UCSes4X8uDrpc4X46hJKjejg,Rl73WZoqKzE,on_demand,not_subscribed,PH,104,5,1,0,0.036,0,0,0,0
20260928,UCSes4X8uDrpc4X46hJKjejg,op6JvrFdWrY,on_demand,not_subscribed,SE,104,5,2,1,0.3885,23.31,97.125,0,0
20260928,UCSes4X8uDrpc4X46hJKjejg,YHtB62qU1r8,on_demand,subscribed,US,103,10,1,0,0.027583333333333335,0,0,0,0
20260928,UCSes4X8uDrpc4X46hJKjejg,f4MfVVTJ6pY,on_demand,not_subscribed,US,104,4,1,0,0.005,0,0,0,0
20260928,UCSes4X8uDrpc4X46hJKjejg,gTMjT4y5LHE,on_demand,not_subscribed,KE,101,2,2,0,0.05226666666666667,0,0,0,0
20260928,UCSes4X8uDrpc4X46hJKjejg,YHtB62qU1r8,on_demand,not_subscribed,GH,101,9,1,1,0.22576666666666667,13.546,2.882127659574468,0,0
20260928,UCSes4X8uDrpc4X46hJKjejg,J6rzMuvuMuo,on_demand,not_subscribed,TR,101,2,1,1,1.1591,69.546,96.591666666666669,1,1.1591
20260928,UCSes4X8uDrpc4X46hJKjejg,gTMjT4y5LHE,on_demand,not_subscribed,BE,104,4,1,0,0,0,0,0,0
20260928,UCSes4X8uDrpc4X46hJKjejg,PY_VRF7d7kc,on_demand,not_subscribed,AU,104,5,1,0,0.073,0,0,0,0
20260928,UCSes4X8uDrpc4X46hJKjejg,zxka0rRvmaU,on_demand,not_subscribed,US,104,5,12,8,5.0003166666666665,37.502375,79.792287234042547,2,0.81848333333333323
20260928,UCSes4X8uDrpc4X46hJKjejg,JZgusHsQ0l4,on_demand,not_subscribed,GB,104,4,6,2,1.3599,37.55,72.211538461538467,0,0
20260928,UCSes4X8uDrpc4X46hJKjejg,dgP0I7rPTlU,on_demand,subscribed,US,104,4,4,2,1.0883333333333334,32.65,112.58620689655173,2,0.52833333333333332
20260928,UCSes4X8uDrpc4X46hJKjejg,gTMjT4y5LHE,on_demand,not_subscribed,CA,103,17,2,2,8.0746833333333328,242.2405,49.036538461538463,0,0
20260928,UCSes4X8uDrpc4X46hJKjejg,k4-t8XMp-wg,on_demand,not_subscribed,US,104,4,3,3,7.2966666666666669,145.93333333333334,51.025641025641029,1,2.3366666666666664
20260928,UCSes4X8uDrpc4X46hJKjejg,hlSgq_SwGBc,on_demand,not_subscribed,US,104,5,2,1,0.8525,51.15,100.29411764705883,0,0
20260928,UCSes4X8uDrpc4X46hJKjejg,BeZUS-lZ4qs,on_demand,not_subscribed,DO,104,5,1,0,0.015066666666666667,0,0,0,0
20260928,UCSes4X8uDrpc4X46hJKjejg,YHtB62qU1r8,on_demand,not_subscribed,NZ,101,9,3,2,4.4683666666666664,133.367,28.37595744680851,0,0
20260928,UCSes4X8uDrpc4X46hJKjejg,sc2QVbRxxV8,on_demand,not_subscribed,CA,104,5,2,2,0.67983333333333329,20.395,55.121621621621621,0,0
20260928,UCSes4X8uDrpc4X46hJKjejg,10E4EUZZK8k,on_demand,not_subscribed,CA,104,5,1,0,0.017333333333333333,0,0,0,0
20260928,UCSes4X8uDrpc4X46hJKjejg,6ljakZEWb0o,on_demand,not_subscribed,US,102,4,1,1,0.19541666666666666,11.725,0.42435758233803839,0,0
20260928,UCSes4X8uDrpc4X46hJKjejg,2n5LJUyMtAk,on_demand,not_subscribed,DE,104,5,1,0,0.024333333333333332,0,0,0,0
20260928,UCSes4X8uDrpc4X46hJKjejg,JZgusHsQ0l4,on_demand,subscribed,AU,104,5,1,0,0.0122,0,0,0,0
20260928,UCSes4X8uDrpc4X46hJKjejg,YHtB62qU1r8,on_demand,not_subscribed,BZ,105,5,1,1,3.4807333333333332,208.844,44.434893617021274,0,0
20260928,UCSes4X8uDrpc4X46hJKjejg,1Vs6b9DRFto,on_demand,not_subscribed,US,104,5,3,2,3.6895333333333333,109.631,32.149853372434016,1,0.0285
20260928,UCSes4X8uDrpc4X46hJKjejg,6ljakZEWb0o,on_demand,subscribed,NZ,104,4,1,0,0,0,0,0,0
20260928,UCSes4X8uDrpc4X46hJKjejg,eUY8wO-yTHQ,on_demand,not_subscribed,GB,101,2,2,1,0.69911666666666672,41.947,91.189130434782612,2,0.69911666666666672
20260928,UCSes4X8uDrpc4X46hJKjejg,R09S9nSIyEk,on_demand,not_subscribed,AU,104,5,2,1,3.5808333333333335,213.81,5.4432281059063135,0,0
20260928,UCSes4X8uDrpc4X46hJKjejg,8ajxcRVL7g4,on_demand,not_subscribed,SA,104,5,1,1,0.82266666666666666,49.36,46.566037735849058,0,0
20260928,UCSes4X8uDrpc4X46hJKjejg,-8W7PIiwRYo,on_demand,not_subscribed,SR,104,4,1,1,0.96166666666666667,57.7,97.79661016949153,0,0
20260928,UCSes4X8uDrpc4X46hJKjejg,MEHDJ9V-lIk,on_demand,not_subscribed,PH,102,12,1,0,0.044216666666666668,0,0,0,0
20260928,UCSes4X8uDrpc4X46hJKjejg,2n5LJUyMtAk,on_demand,not_subscribed,MX,102,4,1,1,0.37221666666666664,22.333,4.4223762376237623,0,0
20260928,UCSes4X8uDrpc4X46hJKjejg,6ljakZEWb0o,on_demand,not_subscribed,KE,104,4,2,0,0.048333333333333332,0,0,0,0
20260928,UCSes4X8uDrpc4X46hJKjejg,HIZeTvY4T7U,on_demand,not_subscribed,US,104,5,3,2,0.746,22.38,72.193548387096769,3,0.746
20260928,UCSes4X8uDrpc4X46hJKjejg,6ljakZEWb0o,on_demand,not_subscribed,PH,101,9,3,1,19.546716666666665,1169.938,42.343032935215348,0,0
20260928,UCSes4X8uDrpc4X46hJKjejg,JZgusHsQ0l4,on_demand,not_subscribed,HK,102,19,1,1,0.86796666666666666,52.078,100.15,1,0.86796666666666666
20260928,UCSes4X8uDrpc4X46hJKjejg,T0eZc5YYeK8,on_demand,not_subscribed,US,104,5,2,1,0.65216666666666667,38.48,87.454545454545453,0,0
20260928,UCSes4X8uDrpc4X46hJKjejg,LSwj_klZHr8,on_demand,not_subscribed,US,104,4,1,0,0,0,0,0,0
20260928,UCSes4X8uDrpc4X46hJKjejg,fAZy3HtHBzA,on_demand,subscribed,NZ,104,5,1,0,0.035333333333333335,0,0,1,0.035333333333333335
20260928,UCSes4X8uDrpc4X46hJKjejg,unimgWGUpHM,on_demand,subscribed,IL,104,4,1,0,0.01845,0,0,0,0
20260928,UCSes4X8uDrpc4X46hJKjejg,WAYYE5BMG6c,on_demand,not_subscribed,AU,104,5,1,1,0.972,58.32,3.072708113804004,0,0
20260928,UCSes4X8uDrpc4X46hJKjejg,tIFk16TQrU4,on_demand,not_subscribed,GR,104,5,1,0,0.0035,0,0,0,0
20260928,UCSes4X8uDrpc4X46hJKjejg,JZgusHsQ0l4,on_demand,not_subscribed,PT,101,9,1,0,0.018783333333333332,0,0,0,0
20260928,UCSes4X8uDrpc4X46hJKjejg,BeZUS-lZ4qs,on_demand,subscribed,US,101,2,9,6,128.07706666666667,1280.102,41.320271142672695,3,53.786266666666663
20260928,UCSes4X8uDrpc4X46hJKjejg,gmPsKXt4foY,on_demand,subscribed,CA,105,5,2,1,0.7665,45.99,102.2,0,0
20260928,UCSes4X8uDrpc4X46hJKjejg,MaurflLy1CQ,on_demand,not_subscribed,US,104,5,2,1,10.527,629.26,99.252365930599368,0,0
20260928,UCSes4X8uDrpc4X46hJKjejg,yqQ_QnY4_XU,on_demand,not_subscribed,US,104,4,158,83,57.555283333333335,41.132493975903614,87.515944629582165,18,6.9441833333333332
20260928,UCSes4X8uDrpc4X46hJKjejg,Rl73WZoqKzE,on_demand,not_subscribed,AU,104,5,2,0,0.133,0,0,0,0
20260928,UCSes4X8uDrpc4X46hJKjejg,KWIVBbqRwZ8,on_demand,not_subscribed,HK,105,5,1,1,0.017833333333333333,1.07,2.9722222222222223,1,0.017833333333333333
20260928,UCSes4X8uDrpc4X46hJKjejg,yXI5JzLdcwk,on_demand,not_subscribed,DE,104,5,1,1,0.713,42.78,53.475,1,0.713
20260928,UCSes4X8uDrpc4X46hJKjejg,Rl73WZoqKzE,on_demand,subscribed,PR,104,5,2,0,0.050166666666666665,0,0,0,0
20260928,UCSes4X8uDrpc4X46hJKjejg,HAYtxUru2wQ,on_demand,not_subscribed,US,104,5,1,1,1.2085,72.51,91.784810126582272,0,0
20260928,UCSes4X8uDrpc4X46hJKjejg,unimgWGUpHM,on_demand,not_subscribed,NG,104,5,2,1,0.7205,43.23,102.92857142857143,0,0
20260928,UCSes4X8uDrpc4X46hJKjejg,vi8iKo2yzxA,on_demand,not_subscribed,AU,104,5,1,1,0.024833333333333332,1.49,2.5689655172413794,0,0
20260928,UCSes4X8uDrpc4X46hJKjejg,gmPsKXt4foY,on_demand,subscribed,PL,104,5,2,1,0.76,45.6,101.33333333333333,0,0
20260928,UCSes4X8uDrpc4X46hJKjejg,2n5LJUyMtAk,on_demand,subscribed,AT,104,5,1,1,0.384,23.04,4.562376237623762,0,0
20260928,UCSes4X8uDrpc4X46hJKjejg,gTMjT4y5LHE,on_demand,not_subscribed,ZM,102,31,1,1,1.5213333333333334,91.28,18.477732793522268,0,0
20260928,UCSes4X8uDrpc4X46hJKjejg,-CjQjOd2JEA,on_demand,not_subscribed,DO,104,5,3,0,0.081666666666666665,0,0,0,0
20260928,UCSes4X8uDrpc4X46hJKjejg,P1iVp2SjFm0,on_demand,not_subscribed,US,101,9,1,0,0.0021,0,0,0,0
20260928,UCSes4X8uDrpc4X46hJKjejg,l5M2ICRhyEA,on_demand,not_subscribed,US,102,26,2,2,1.06485,31.9455,96.804545454545448,0,0
20260928,UCSes4X8uDrpc4X46hJKjejg,l5M2ICRhyEA,on_demand,not_subscribed,TT,104,4,1,1,0.34833333333333333,20.9,63.333333333333336,0,0
20260928,UCSes4X8uDrpc4X46hJKjejg,yqQ_QnY4_XU,on_demand,not_subscribed,MX,104,5,2,1,0.8061666666666667,48.37,102.91489361702128,0,0
20260928,UCSes4X8uDrpc4X46hJKjejg,XCtyiiCSRAk,on_demand,not_subscribed,US,102,19,2,1,0.80345,48.207,100.43125,0,0
20260928,UCSes4X8uDrpc4X46hJKjejg,op6JvrFdWrY,on_demand,not_subscribed,US,104,4,64,33,14.233533333333334,25.402636363636365,105.84431818181818,6,1.33
20260928,UCSes4X8uDrpc4X46hJKjejg,BeZUS-lZ4qs,on_demand,subscribed,IL,102,4,1,0,0.13538333333333333,0,0,0,0
20260928,UCSes4X8uDrpc4X46hJKjejg,9zaom3QbjYs,on_demand,not_subscribed,SE,102,12,2,0,0.0439,0,0,0,0
20260928,UCSes4X8uDrpc4X46hJKjejg,EZ7WjfAU1MI,on_demand,not_subscribed,US,101,1,1,1,5.235,314.1,9.8991490702804921,0,0
20260928,UCSes4X8uDrpc4X46hJKjejg,gmPsKXt4foY,on_demand,subscribed,BI,104,4,1,0,0.011666666666666667,0,0,0,0
20260928,UCSes4X8uDrpc4X46hJKjejg,JZgusHsQ0l4,on_demand,not_subscribed,CA,101,30,1,0,0.00735,0,0,0,0
20260928,UCSes4X8uDrpc4X46hJKjejg,0JHD_pApR7w,on_demand,not_subscribed,AO,104,5,1,1,0.60833333333333328,36.5,52.89855072463768,0,0
20260928,UCSes4X8uDrpc4X46hJKjejg,gTMjT4y5LHE,on_demand,not_subscribed,TH,104,4,1,0,0.0083333333333333332,0,0,0,0
20260928,UCSes4X8uDrpc4X46hJKjejg,8bxXug7LPYM,on_demand,not_subscribed,ZA,104,4,1,1,0.565,33.9,38.96551724137931,0,0
20260928,UCSes4X8uDrpc4X46hJKjejg,Ox7Rrh40O2o,on_demand,not_subscribed,US,101,9,1,1,0.56951666666666667,34.171,42.71375,0,0
20260928,UCSes4X8uDrpc4X46hJKjejg,i-9mS8nWVRQ,on_demand,not_subscribed,AU,101,9,1,0,0.047766666666666666,0,0,0,0
20260928,UCSes4X8uDrpc4X46hJKjejg,po8YrSQivoM,on_demand,not_subscribed,DO,104,4,1,0,0,0,0,0,0
20260928,UCSes4X8uDrpc4X46hJKjejg,9zaom3QbjYs,on_demand,not_subscribed,US,102,19,5,3,10.78135,214.322,28.237417654808958,1,9.8828166666666668
20260928,UCSes4X8uDrpc4X46hJKjejg,9zaom3QbjYs,on_demand,not_subscribed,NL,104,4,1,0,0.09,0,0,0,0
20260928,UCSes4X8uDrpc4X46hJKjejg,YHtB62qU1r8,on_demand,subscribed,SG,104,4,1,0,0.08666666666666667,0,0,0,0
20260928,UCSes4X8uDrpc4X46hJKjejg,JZgusHsQ0l4,on_demand,not_subscribed,SZ,104,5,2,1,0.86216666666666664,51.73,99.480769230769226,0,0
20260928,UCSes4X8uDrpc4X46hJKjejg,BeZUS-lZ4qs,on_demand,not_subscribed,US,102,19,46,35,929.8612,1593.4795714285715,51.435751175873833,13,293.60856666666666
20260928,UCSes4X8uDrpc4X46hJKjejg,6ljakZEWb0o,on_demand,not_subscribed,AU,101,9,3,0,0.048066666666666667,0,0,0,0
20260928,UCSes4X8uDrpc4X46hJKjejg,unimgWGUpHM,on_demand,subscribed,US,101,9,6,4,1.7454833333333333,25.42625,60.538690476190474,0,0
20260928,UCSes4X8uDrpc4X46hJKjejg,Rl73WZoqKzE,on_demand,subscribed,GB,102,4,1,0,0.10896666666666667,0,0,0,0
20260928,UCSes4X8uDrpc4X46hJKjejg,lpoLklYnj5E,on_demand,not_subscribed,GB,104,4,1,1,0.61685,37.011,46.26375,0,0
20260928,UCSes4X8uDrpc4X46hJKjejg,JZgusHsQ0l4,on_demand,not_subscribed,DE,104,4,2,0,0.023333333333333334,0,0,0,0
20260928,UCSes4X8uDrpc4X46hJKjejg,QgMbOBTiGl4,on_demand,not_subscribed,US,101,9,1,1,0.037416666666666668,2.245,1.2403314917127073,0,0
20260928,UCSes4X8uDrpc4X46hJKjejg,8tbSej4GRRM,on_demand,not_subscribed,US,102,4,1,1,0.1203,7.218,14.152941176470588,0,0
20260928,UCSes4X8uDrpc4X46hJKjejg,e7CxdG8sNlA,on_demand,not_subscribed,US,103,17,1,1,3.0053666666666667,180.322,37.962526315789475,0,0
20260928,UCSes4X8uDrpc4X46hJKjejg,gTMjT4y5LHE,on_demand,not_subscribed,ZA,101,9,2,0,0.02635,0,0,0,0
20260928,UCSes4X8uDrpc4X46hJKjejg,k4-t8XMp-wg,on_demand,subscribed,US,105,4,1,1,4.68,280.8,98.181818181818187,1,4.68
20260928,UCSes4X8uDrpc4X46hJKjejg,-CjQjOd2JEA,on_demand,subscribed,US,101,2,10,6,17.327066666666667,171.99516666666668,60.775677267373382,0,0
20260928,UCSes4X8uDrpc4X46hJKjejg,JZgusHsQ0l4,on_demand,not_subscribed,GD,104,4,1,1,0.08666666666666667,5.2,10,0,0
20260928,UCSes4X8uDrpc4X46hJKjejg,IkDS7ZhVkA4,on_demand,not_subscribed,GB,104,4,1,1,0.54718333333333335,32.831,1.4224870017331022,0,0
20260928,UCSes4X8uDrpc4X46hJKjejg,gTMjT4y5LHE,on_demand,not_subscribed,US,101,2,333,93,325.86783333333335,206.65511827956988,41.833019894649773,13,30.095633333333335
20260928,UCSes4X8uDrpc4X46hJKjejg,-CjQjOd2JEA,on_demand,not_subscribed,BS,104,4,1,0,0.043333333333333335,0,0,0,0
20260928,UCSes4X8uDrpc4X46hJKjejg,YHtB62qU1r8,on_demand,subscribed,US,101,2,11,3,9.9972666666666665,196.27666666666667,41.760992907801416,2,0.02405
20260928,UCSes4X8uDrpc4X46hJKjejg,UvWPXkksqmM,on_demand,subscribed,NG,101,2,1,1,0.1825,10.95,1.6540785498489425,0,0
20260928,UCSes4X8uDrpc4X46hJKjejg,gTMjT4y5LHE,on_demand,not_subscribed,MN,104,5,1,0,0.041666666666666664,0,0,0,0
20260928,UCSes4X8uDrpc4X46hJKjejg,AGR1wuQDdnM,on_demand,not_subscribed,US,104,4,1,1,1.3333333333333333,80,42.5531914893617,1,1.3333333333333333
20260928,UCSes4X8uDrpc4X46hJKjejg,-CjQjOd2JEA,on_demand,not_subscribed,HR,101,9,1,0,0.045366666666666666,0,0,0,0
20260928,UCSes4X8uDrpc4X46hJKjejg,x4ZWAgOcGF0,on_demand,not_subscribed,US,104,5,1,1,1.2858333333333334,77.15,47.919254658385093,0,0
20260928,UCSes4X8uDrpc4X46hJKjejg,0b8eta7f8mY,on_demand,not_subscribed,CA,104,5,11,7,16.578,141.55,26.859582542694497,0,0
20260928,UCSes4X8uDrpc4X46hJKjejg,HwWx5nhjCx8,on_demand,subscribed,KR,104,4,1,0,0.01,0,0,0,0
20260928,UCSes4X8uDrpc4X46hJKjejg,6ljakZEWb0o,on_demand,subscribed,AU,102,19,1,0,0.069033333333333335,0,0,1,0.069033333333333335
20260928,UCSes4X8uDrpc4X46hJKjejg,sRIO-T5dRjA,on_demand,subscribed,US,104,4,1,1,0.29166666666666669,17.5,62.5,0,0
20260928,UCSes4X8uDrpc4X46hJKjejg,fAZy3HtHBzA,on_demand,not_subscribed,AM,101,9,2,1,0.90825,54.495,170.296875,0,0
20260928,UCSes4X8uDrpc4X46hJKjejg,xiYxKcHCRw0,on_demand,not_subscribed,US,101,2,1,1,1.8083166666666666,108.499,2.4218526785714287,1,1.8083166666666666
20260928,UCSes4X8uDrpc4X46hJKjejg,-CjQjOd2JEA,on_demand,not_subscribed,JP,101,9,2,0,0.026316666666666665,0,0,0,0
20260928,UCSes4X8uDrpc4X46hJKjejg,iI6JAiouTXA,on_demand,not_subscribed,BB,101,9,1,1,3.6648,219.888,5.2529383659818443,0,0
20260928,UCSes4X8uDrpc4X46hJKjejg,5UEhfpivkPo,on_demand,not_subscribed,US,104,5,8,4,2.2845,34.2675,122.38392857142857,4,1.1736666666666666
20260928,UCSes4X8uDrpc4X46hJKjejg,-k1Ng7TE63Q,on_demand,subscribed,US,104,5,3,1,0.99616666666666664,59.77,199.23333333333332,0,0
20260928,UCSes4X8uDrpc4X46hJKjejg,BeZUS-lZ4qs,on_demand,not_subscribed,JM,102,19,1,1,43.037283333333335,2582.237,83.351743060038729,0,0
20260928,UCSes4X8uDrpc4X46hJKjejg,dgP0I7rPTlU,on_demand,not_subscribed,ZA,104,5,2,1,0.79366666666666663,47.62,164.20689655172413,2,0.79366666666666663
20260928,UCSes4X8uDrpc4X46hJKjejg,unimgWGUpHM,on_demand,not_subscribed,PH,104,4,3,1,1.615,96.9,230.71428571428572,0,0
20260928,UCSes4X8uDrpc4X46hJKjejg,k4-t8XMp-wg,on_demand,subscribed,US,102,29,4,1,0.35208333333333336,10.924,3.8195804195804195,2,0.18676666666666666
20260928,UCSes4X8uDrpc4X46hJKjejg,SLA_Ef-Zdmg,on_demand,subscribed,US,104,5,1,1,0.050666666666666665,3.04,6.6086956521739131,1,0.050666666666666665
20260928,UCSes4X8uDrpc4X46hJKjejg,-CjQjOd2JEA,on_demand,not_subscribed,AU,101,1,1,0,0.042283333333333332,0,0,0,0
20260928,UCSes4X8uDrpc4X46hJKjejg,dgP0I7rPTlU,on_demand,not_subscribed,IS,101,2,1,1,0.16443333333333332,9.866,34.020689655172411,0,0
20260928,UCSes4X8uDrpc4X46hJKjejg,JZgusHsQ0l4,on_demand,not_subscribed,CH,104,5,5,1,4.0525,243.15,467.59615384615387,0,0
20260928,UCSes4X8uDrpc4X46hJKjejg,-CjQjOd2JEA,on_demand,not_subscribed,SE,102,12,1,1,0.30058333333333331,18.035,6.372791519434629,0,0
20260928,UCSes4X8uDrpc4X46hJKjejg,WAYYE5BMG6c,on_demand,subscribed,AU,105,5,1,1,31.616333333333333,1896.98,99.946259220231823,0,0
20260928,UCSes4X8uDrpc4X46hJKjejg,vie8zbHHt-s,on_demand,not_subscribed,US,104,5,1,1,2.9346666666666668,176.08,40.571428571428569,0,0
20260928,UCSes4X8uDrpc4X46hJKjejg,MEHDJ9V-lIk,on_demand,not_subscribed,US,105,5,4,4,73.922266666666673,1108.834,53.826893203883493,2,27.237000000000002
20260928,UCSes4X8uDrpc4X46hJKjejg,l5M2ICRhyEA,on_demand,not_subscribed,CA,101,9,2,1,0.61433333333333329,32.629,98.875757575757575,0,0
20260928,UCSes4X8uDrpc4X46hJKjejg,B0xDRPJb8mw,on_demand,not_subscribed,TW,104,5,1,0,0.007,0,0,0,0
20260928,UCSes4X8uDrpc4X46hJKjejg,yqQ_QnY4_XU,on_demand,subscribed,US,105,4,1,1,0.14225,8.535,18.159574468085108,0,0
20260928,UCSes4X8uDrpc4X46hJKjejg,1cSYFaZ5rUU,on_demand,not_subscribed,SI,104,4,1,0,0.018333333333333333,0,0,0,0
20260928,UCSes4X8uDrpc4X46hJKjejg,6ljakZEWb0o,on_demand,not_subscribed,US,104,4,80,18,131.90465,434.4758888888889,15.724787871476254,2,3.9916666666666667
20260928,UCSes4X8uDrpc4X46hJKjejg,KYtWlX1DWlo,on_demand,not_subscribed,US,104,5,1,0,0.018166666666666668,0,0,0,0
20260928,UCSes4X8uDrpc4X46hJKjejg,6Cb-PtdJy98,on_demand,not_subscribed,US,104,4,1,0,0.028333333333333332,0,0,0,0
20260928,UCSes4X8uDrpc4X46hJKjejg,gTMjT4y5LHE,on_demand,not_subscribed,HU,104,4,1,0,0,0,0,0,0
20260928,UCSes4X8uDrpc4X46hJKjejg,-CjQjOd2JEA,on_demand,not_subscribed,US,102,19,132,96,154.37761666666665,95.133697916666662,33.616147673733806,25,34.612333333333332
20260928,UCSes4X8uDrpc4X46hJKjejg,KWIVBbqRwZ8,on_demand,subscribed,HK,104,5,2,1,0.89683333333333337,53.81,149.47222222222223,2,0.89683333333333337
20260928,UCSes4X8uDrpc4X46hJKjejg,l5M2ICRhyEA,on_demand,not_subscribed,IN,101,9,1,0,0.017266666666666666,0,0,0,0
20260928,UCSes4X8uDrpc4X46hJKjejg,WATJsSNezuM,on_demand,not_subscribed,GB,104,5,1,0,0.020166666666666666,0,0,0,0
20260928,UCSes4X8uDrpc4X46hJKjejg,YHtB62qU1r8,on_demand,not_subscribed,US,102,19,116,74,199.32861666666668,160.03314864864865,34.049606095457158,19,35.7382
20260928,UCSes4X8uDrpc4X46hJKjejg,-CjQjOd2JEA,on_demand,not_subscribed,ZW,104,5,1,0,0.0035,0,0,0,0
20260928,UCSes4X8uDrpc4X46hJKjejg,Mrjky6bXwm4,on_demand,not_subscribed,US,104,5,4,2,1.3381666666666667,38.435,35.261467889908253,0,0
20260928,UCSes4X8uDrpc4X46hJKjejg,KWIVBbqRwZ8,on_demand,not_subscribed,US,101,2,4,3,0.30926666666666669,6.125,17.013888888888889,0,0
20260928,UCSes4X8uDrpc4X46hJKjejg,YHtB62qU1r8,on_demand,not_subscribed,NL,104,4,1,0,0.015,0,0,0,0
20260928,UCSes4X8uDrpc4X46hJKjejg,iOURk-GhPG0,on_demand,not_subscribed,MX,104,4,1,1,0.70976666666666666,42.586,146.84827586206896,1,0.70976666666666666
20260928,UCSes4X8uDrpc4X46hJKjejg,JZgusHsQ0l4,on_demand,not_subscribed,TT,104,5,3,1,1.796,107.76,207.23076923076923,0,0
20260928,UCSes4X8uDrpc4X46hJKjejg,UvWPXkksqmM,on_demand,subscribed,KN,104,4,1,1,0.33166666666666667,19.9,3.0060422960725077,0,0
20260928,UCSes4X8uDrpc4X46hJKjejg,JZgusHsQ0l4,on_demand,not_subscribed,RS,104,4,1,0,0.053333333333333337,0,0,0,0
20260928,UCSes4X8uDrpc4X46hJKjejg,wPiF9-iLzdQ,on_demand,not_subscribed,US,104,4,2,1,0.23333333333333334,12.8,32,1,0.21333333333333335
20260928,UCSes4X8uDrpc4X46hJKjejg,WGyszOvc0Fs,on_demand,not_subscribed,US,104,5,1,1,5.8845,353.07,99.737288135593218,0,0
20260928,UCSes4X8uDrpc4X46hJKjejg,fAZy3HtHBzA,on_demand,not_subscribed,US,104,5,1169,543,397.80515,42.884025782688767,134.0125805709024,158,34.405766666666665
20260928,UCSes4X8uDrpc4X46hJKjejg,2n5LJUyMtAk,on_demand,not_subscribed,MX,104,4,2,1,0.31,15.5,3.0693069306930694,0,0
20260928,UCSes4X8uDrpc4X46hJKjejg,op6JvrFdWrY,on_demand,subscribed,US,105,4,4,2,1.1371666666666667,34.115,142.14583333333334,0,0
20260928,UCSes4X8uDrpc4X46hJKjejg,-CjQjOd2JEA,on_demand,subscribed,AE,101,2,2,1,1.9353,114.425,40.43286219081272,1,1.9070833333333332
20260928,UCSes4X8uDrpc4X46hJKjejg,0JUVBPIGUg8,on_demand,not_subscribed,US,101,2,4,1,1.2781166666666666,72.123,184.93076923076924,0,0
20260928,UCSes4X8uDrpc4X46hJKjejg,MEHDJ9V-lIk,on_demand,not_subscribed,GB,101,9,1,1,3.5572833333333334,213.437,10.361019417475728,0,0
20260928,UCSes4X8uDrpc4X46hJKjejg,JZgusHsQ0l4,on_demand,not_subscribed,BR,104,5,1,1,0.069,4.14,7.9615384615384617,0,0
20260928,UCSes4X8uDrpc4X46hJKjejg,eWSQp0g8llA,on_demand,not_subscribed,US,104,5,1,1,5.3616,321.696,99.9055900621118,0,0
20260928,UCSes4X8uDrpc4X46hJKjejg,bT31vHGfUrA,on_demand,not_subscribed,US,104,4,1,0,0.0033333333333333335,0,0,0,0
20260928,UCSes4X8uDrpc4X46hJKjejg,kVGNrF0YpU8,on_demand,not_subscribed,US,104,4,3,1,0.27666666666666667,15.8,46.470588235294116,0,0
20260928,UCSes4X8uDrpc4X46hJKjejg,pWCQrmx8beo,on_demand,not_subscribed,US,101,9,4,2,11.844883333333334,354.3255,11.779438164893618,0,0
20260928,UCSes4X8uDrpc4X46hJKjejg,6ljakZEWb0o,on_demand,not_subscribed,JM,104,4,1,0,0.048333333333333332,0,0,0,0
20260928,UCSes4X8uDrpc4X46hJKjejg,7Iwn2vTy66E,on_demand,not_subscribed,US,101,2,2,1,2.248,134.88,224.8,0,0
20260928,UCSes4X8uDrpc4X46hJKjejg,p5XiosuCXB8,on_demand,not_subscribed,US,104,4,2,0,0.031666666666666669,0,0,0,0
20260928,UCSes4X8uDrpc4X46hJKjejg,1Wth6gVDv0s,on_demand,not_subscribed,US,104,4,4,1,0.44833333333333331,26.2,100.76923076923077,0,0
20260928,UCSes4X8uDrpc4X46hJKjejg,Ox7Rrh40O2o,on_demand,not_subscribed,PR,104,4,1,1,0.18833333333333332,11.3,14.125,0,0
20260928,UCSes4X8uDrpc4X46hJKjejg,7Iwn2vTy66E,on_demand,not_subscribed,BZ,104,5,2,1,1.1293333333333333,67.76,112.93333333333334,0,0
20260928,UCSes4X8uDrpc4X46hJKjejg,gTMjT4y5LHE,on_demand,not_subscribed,AL,101,9,1,0,0.08773333333333333,0,0,0,0
20260928,UCSes4X8uDrpc4X46hJKjejg,-CjQjOd2JEA,on_demand,not_subscribed,CN,101,9,1,0,0.059183333333333331,0,0,0,0
20260928,UCSes4X8uDrpc4X46hJKjejg,MEHDJ9V-lIk,on_demand,not_subscribed,CA,104,4,3,0,0.14833333333333334,0,0,0,0
20260928,UCSes4X8uDrpc4X46hJKjejg,gTMjT4y5LHE,on_demand,not_subscribed,BS,105,4,1,1,3.145,188.7,38.198380566801617,0,0
20260928,UCSes4X8uDrpc4X46hJKjejg,pWCQrmx8beo,on_demand,subscribed,US,102,19,2,1,50.144333333333336,3007.521,99.984075797872336,0,0
20260928,UCSes4X8uDrpc4X46hJKjejg,BvHw3ddSlms,on_demand,not_subscribed,PH,104,4,1,0,0.021666666666666667,0,0,0,0
20260928,UCSes4X8uDrpc4X46hJKjejg,FC36sHokYnk,on_demand,not_subscribed,US,102,19,2,2,4.1468666666666669,124.406,22.45595667870036,0,0
20260928,UCSes4X8uDrpc4X46hJKjejg,XKuQeJ6fyeA,on_demand,not_subscribed,FR,104,4,1,1,0.096666666666666665,5.8,17.575757575757574,0,0
20260928,UCSes4X8uDrpc4X46hJKjejg,MEHDJ9V-lIk,on_demand,not_subscribed,IN,104,4,1,1,1.13,67.8,3.29126213592233,1,1.13
20260928,UCSes4X8uDrpc4X46hJKjejg,unimgWGUpHM,on_demand,not_subscribed,SG,104,5,2,1,0.72666666666666668,43.6,103.80952380952381,0,0
20260928,UCSes4X8uDrpc4X46hJKjejg,C9dspBDxMJ8,on_demand,not_subscribed,US,101,9,1,1,0.9106,54.636,97.564285714285717,0,0
20260928,UCSes4X8uDrpc4X46hJKjejg,OGOmzWG_ThE,on_demand,not_subscribed,US,101,9,1,1,13.272733333333333,796.364,30.314579368100496,0,0
20260928,UCSes4X8uDrpc4X46hJKjejg,dgP0I7rPTlU,on_demand,not_subscribed,AT,101,2,2,1,0.8993,53.958,186.06206896551726,0,0
20260928,UCSes4X8uDrpc4X46hJKjejg,l5M2ICRhyEA,on_demand,not_subscribed,PH,104,5,12,5,3.3233333333333333,38.03,115.24242424242425,1,0.024833333333333332
20260928,UCSes4X8uDrpc4X46hJKjejg,5IEMHu7Fxr4,on_demand,not_subscribed,NO,101,2,1,1,6.978533333333333,418.712,54.307652399481192,0,0
20260928,UCSes4X8uDrpc4X46hJKjejg,dgP0I7rPTlU,on_demand,subscribed,GH,104,5,2,1,0.64066666666666672,38.44,132.55172413793105,0,0
20260928,UCSes4X8uDrpc4X46hJKjejg,rq61MdGS0U4,on_demand,not_subscribed,US,104,5,11,8,29.514166666666668,220.33125,38.790713028169016,0,0
20260928,UCSes4X8uDrpc4X46hJKjejg,Y-cACTFUlfo,on_demand,not_subscribed,PH,101,2,3,0,0.040966666666666665,0,0,0,0
20260928,UCSes4X8uDrpc4X46hJKjejg,EZ7WjfAU1MI,on_demand,not_subscribed,US,102,4,2,2,56.095733333333335,1682.872,53.037251812165145,0,0
20260928,UCSes4X8uDrpc4X46hJKjejg,WAYYE5BMG6c,on_demand,subscribed,GB,104,4,1,0,0.0309,0,0,0,0
20260928,UCSes4X8uDrpc4X46hJKjejg,-CjQjOd2JEA,on_demand,not_subscribed,PH,102,4,1,1,1.90055,114.033,40.294346289752653,1,1.90055
20260928,UCSes4X8uDrpc4X46hJKjejg,34SgPBo7SBw,on_demand,not_subscribed,IN,104,5,2,1,0.66066666666666662,37.79,6.0464,0,0
20260928,UCSes4X8uDrpc4X46hJKjejg,BeZUS-lZ4qs,on_demand,not_subscribed,NG,104,5,1,0,0.052166666666666667,0,0,0,0
20260928,UCSes4X8uDrpc4X46hJKjejg,YHtB62qU1r8,on_demand,not_subscribed,PH,102,4,13,11,31.299266666666668,169.846,36.137446808510639,3,16.100483333333333
20260928,UCSes4X8uDrpc4X46hJKjejg,gTMjT4y5LHE,on_demand,not_subscribed,US,100,1,3,3,3.83885,76.777,15.541902834008097,0,0
20260928,UCSes4X8uDrpc4X46hJKjejg,WOQL9qnbLuM,on_demand,subscribed,US,104,5,2,1,0.9371666666666667,56.23,104.12962962962963,2,0.9371666666666667
20260928,UCSes4X8uDrpc4X46hJKjejg,0b8eta7f8mY,on_demand,not_subscribed,SE,101,9,1,1,8.4645166666666665,507.871,96.370208728652756,0,0
20260928,UCSes4X8uDrpc4X46hJKjejg,iOURk-GhPG0,on_demand,not_subscribed,GR,104,5,1,1,0.245,14.7,50.689655172413794,0,0
20260928,UCSes4X8uDrpc4X46hJKjejg,2n5LJUyMtAk,on_demand,not_subscribed,PR,101,2,2,1,0.22138333333333332,11.168,2.2114851485148517,0,0
20260928,UCSes4X8uDrpc4X46hJKjejg,zxka0rRvmaU,on_demand,not_subscribed,KZ,104,5,1,0,0.0035,0,0,0,0
20260928,UCSes4X8uDrpc4X46hJKjejg,ePdXtNfowRo,on_demand,not_subscribed,CA,101,9,2,2,0.28011666666666668,8.4035,1.6381091617933723,0,0
20260928,UCSes4X8uDrpc4X46hJKjejg,BeZUS-lZ4qs,on_demand,subscribed,GY,102,13,1,1,21.283866666666668,1277.032,41.221174951581666,0,0
20260928,UCSes4X8uDrpc4X46hJKjejg,MEHDJ9V-lIk,on_demand,subscribed,US,104,5,1,1,5.1271666666666667,307.63,14.933495145631069,0,0
20260928,UCSes4X8uDrpc4X46hJKjejg,gTMjT4y5LHE,on_demand,not_subscribed,BS,102,29,2,2,8.89725,266.9175,54.031882591093115,0,0
20260928,UCSes4X8uDrpc4X46hJKjejg,6ljakZEWb0o,on_demand,subscribed,US,105,4,1,1,0.41333333333333333,24.8,0.89757509952949688,0,0
20260928,UCSes4X8uDrpc4X46hJKjejg,e7CxdG8sNlA,on_demand,not_subscribed,GB,102,12,1,0,0.01835,0,0,0,0
20260928,UCSes4X8uDrpc4X46hJKjejg,9zaom3QbjYs,on_demand,not_subscribed,US,102,1,2,0,0.17501666666666665,0,0,1,0.15068333333333334
20260928,UCSes4X8uDrpc4X46hJKjejg,7DD0KNPPL1c,on_demand,not_subscribed,AU,101,2,1,1,0.54076666666666662,32.446,92.702857142857141,0,0
20260928,UCSes4X8uDrpc4X46hJKjejg,BeZUS-lZ4qs,on_demand,not_subscribed,US,102,1,25,19,586.42935,1850.8881578947369,59.744614522102545,6,146.86498333333333
20260928,UCSes4X8uDrpc4X46hJKjejg,l5M2ICRhyEA,on_demand,not_subscribed,HK,101,2,5,1,0.6817,39.948,121.05454545454545,0,0
20260928,UCSes4X8uDrpc4X46hJKjejg,7qt1wBW-P6A,on_demand,not_subscribed,US,104,5,5,1,0.324,9.17,11.909090909090908,2,0.062833333333333324
20260928,UCSes4X8uDrpc4X46hJKjejg,fAZy3HtHBzA,on_demand,subscribed,US,105,5,9,4,1.903,28,87.5,0,0
20260928,UCSes4X8uDrpc4X46hJKjejg,l5M2ICRhyEA,on_demand,not_subscribed,LU,104,5,2,1,0.5815,34.89,105.72727272727273,0,0
20260928,UCSes4X8uDrpc4X46hJKjejg,BeZUS-lZ4qs,on_demand,subscribed,US,101,9,6,4,4.2558333333333334,63.53825,2.0509441575209815,2,0.091566666666666657
20260928,UCSes4X8uDrpc4X46hJKjejg,dKoSQ-63gP4,on_demand,not_subscribed,GB,104,5,1,0,0.077833333333333338,0,0,0,0
20260928,UCSes4X8uDrpc4X46hJKjejg,6ljakZEWb0o,on_demand,not_subscribed,TT,102,19,1,1,0.23508333333333334,14.105,0.51049583785740138,0,0
20260928,UCSes4X8uDrpc4X46hJKjejg,YWmM-Tkjmvo,on_demand,not_subscribed,CA,102,26,3,3,6.7183333333333337,134.36666666666667,46.655092592592595,0,0
20260928,UCSes4X8uDrpc4X46hJKjejg,-CjQjOd2JEA,on_demand,subscribed,IL,104,4,1,0,0.0016666666666666668,0,0,0,0
20260928,UCSes4X8uDrpc4X46hJKjejg,84XwX8zGUOk,on_demand,not_subscribed,CZ,101,2,1,1,1.34705,80.823,15.602895752895753,0,0
20260928,UCSes4X8uDrpc4X46hJKjejg,gmPsKXt4foY,on_demand,not_subscribed,BE,105,4,1,1,0.09166666666666666,5.5,12.222222222222221,0,0
20260928,UCSes4X8uDrpc4X46hJKjejg,gTMjT4y5LHE,on_demand,not_subscribed,IL,104,4,1,0,0.11333333333333333,0,0,0,0
20260928,UCSes4X8uDrpc4X46hJKjejg,xRE9H7wpboA,on_demand,not_subscribed,PH,104,5,1,0,0.092,0,0,0,0
20260928,UCSes4X8uDrpc4X46hJKjejg,6ljakZEWb0o,on_demand,subscribed,US,102,29,4,2,1.6485,45.7565,1.6560441549040898,2,1.2131666666666667
20260928,UCSes4X8uDrpc4X46hJKjejg,l5M2ICRhyEA,on_demand,not_subscribed,AU,104,5,3,1,0.6263,37.25,112.87878787878788,0,0
20260928,UCSes4X8uDrpc4X46hJKjejg,gmPsKXt4foY,on_demand,not_subscribed,PK,104,4,1,0,0.056666666666666664,0,0,0,0
20260928,UCSes4X8uDrpc4X46hJKjejg,c-sLq27d-jw,on_demand,not_subscribed,TH,105,5,1,1,0.26748333333333335,16.049,0.74266543267006013,1,0.26748333333333335
20260928,UCSes4X8uDrpc4X46hJKjejg,-CjQjOd2JEA,on_demand,not_subscribed,AU,102,4,2,0,0.04545,0,0,0,0
20260928,UCSes4X8uDrpc4X46hJKjejg,Rl73WZoqKzE,on_demand,not_subscribed,ZW,101,2,1,0,0.02335,0,0,0,0
20260928,UCSes4X8uDrpc4X46hJKjejg,5WC7gUC932A,on_demand,not_subscribed,US,104,5,16,10,14.972166666666666,89.114,60.212162162162166,1,0.1285
20260928,UCSes4X8uDrpc4X46hJKjejg,dgP0I7rPTlU,on_demand,not_subscribed,SI,101,2,14,1,0.90723333333333334,34.586,119.26206896551724,1,0.0091833333333333333
20260928,UCSes4X8uDrpc4X46hJKjejg,YHtB62qU1r8,on_demand,not_subscribed,AU,102,4,3,2,1.729,51.595,10.977659574468085,2,1.44595
20260928,UCSes4X8uDrpc4X46hJKjejg,J39ahAPa8Ng,on_demand,not_subscribed,US,104,5,13,7,5.3623166666666666,45.164857142857144,90.329714285714289,0,0
20260928,UCSes4X8uDrpc4X46hJKjejg,4kM5P08h3q4,on_demand,subscribed,AU,101,2,1,0,0.061733333333333335,0,0,0,0
20260928,UCSes4X8uDrpc4X46hJKjejg,yqQ_QnY4_XU,on_demand,subscribed,SA,104,5,1,0,0.0066666666666666671,0,0,0,0
20260928,UCSes4X8uDrpc4X46hJKjejg,unimgWGUpHM,on_demand,not_subscribed,US,101,30,1,1,0.36735,22.041,52.478571428571428,0,0
20260928,UCSes4X8uDrpc4X46hJKjejg,pWCQrmx8beo,on_demand,not_subscribed,ID,104,4,1,0,0.0066666666666666671,0,0,0,0
20260928,UCSes4X8uDrpc4X46hJKjejg,do4cUugrzEw,on_demand,subscribed,BD,104,4,1,0,0.018333333333333333,0,0,0,0
20260928,UCSes4X8uDrpc4X46hJKjejg,5GYyKcjXNN0,on_demand,subscribed,US,103,10,1,0,0.00685,0,0,0,0
20260928,UCSes4X8uDrpc4X46hJKjejg,xFqH7baZiVQ,on_demand,not_subscribed,MK,101,2,1,0,0.024433333333333335,0,0,0,0
20260928,UCSes4X8uDrpc4X46hJKjejg,BeZUS-lZ4qs,on_demand,not_subscribed,PH,104,4,7,4,14.593333333333334,217.375,7.0166236281471921,0,0
20260928,UCSes4X8uDrpc4X46hJKjejg,JZgusHsQ0l4,on_demand,not_subscribed,IT,104,4,2,0,0.063333333333333339,0,0,0,0
20260928,UCSes4X8uDrpc4X46hJKjejg,ymfIczLSXfI,on_demand,not_subscribed,PK,101,2,2,1,0.6481,38.886,102.33157894736843,0,0
20260928,UCSes4X8uDrpc4X46hJKjejg,itfxfmA1F64,on_demand,not_subscribed,US,104,5,2,1,1.3056666666666668,78.34,100.43589743589743,0,0
20260928,UCSes4X8uDrpc4X46hJKjejg,4JWDNnVMjXc,on_demand,not_subscribed,US,102,29,1,1,71.853283333333337,4311.197,99.085198804872448,0,0
20260928,UCSes4X8uDrpc4X46hJKjejg,gmPsKXt4foY,on_demand,subscribed,NG,104,4,1,1,0.096666666666666665,5.8,12.888888888888889,0,0
20260928,UCSes4X8uDrpc4X46hJKjejg,8bxXug7LPYM,on_demand,not_subscribed,US,104,4,2,1,1.1333333333333333,68,78.160919540229884,1,1.1333333333333333
20260928,UCSes4X8uDrpc4X46hJKjejg,-CjQjOd2JEA,on_demand,not_subscribed,US,102,1,22,15,17.942316666666667,70.691066666666671,24.979175500588926,3,1.2318500000000001
20260928,UCSes4X8uDrpc4X46hJKjejg,e7CxdG8sNlA,on_demand,not_subscribed,NO,101,2,1,1,7.19455,431.673,90.878526315789472,1,7.19455
20260928,UCSes4X8uDrpc4X46hJKjejg,JZgusHsQ0l4,on_demand,not_subscribed,CZ,104,5,1,1,0.83766666666666667,50.26,96.65384615384616,0,0
20260928,UCSes4X8uDrpc4X46hJKjejg,YHtB62qU1r8,on_demand,not_subscribed,US,102,1,26,18,40.913283333333332,134.97172222222221,28.717387706855792,3,6.0485000000000007
20260928,UCSes4X8uDrpc4X46hJKjejg,pWCQrmx8beo,on_demand,not_subscribed,PH,105,4,1,1,2.1516666666666668,129.1,4.29188829787234,0,0
20260928,UCSes4X8uDrpc4X46hJKjejg,-CjQjOd2JEA,on_demand,subscribed,US,101,9,7,2,0.48851666666666665,10.8895,3.8478798586572438,0,0
20260928,UCSes4X8uDrpc4X46hJKjejg,-CjQjOd2JEA,on_demand,not_subscribed,BM,104,5,1,0,0.017666666666666667,0,0,0,0
20260928,UCSes4X8uDrpc4X46hJKjejg,gTMjT4y5LHE,on_demand,not_subscribed,US,101,9,272,54,181.15858333333333,195.77877777777778,39.631331533963113,13,40.315833333333337
20260928,UCSes4X8uDrpc4X46hJKjejg,fAZy3HtHBzA,on_demand,subscribed,CA,104,4,23,13,5.2383333333333333,24.061538461538461,75.1923076923077,4,0.375
20260928,UCSes4X8uDrpc4X46hJKjejg,DiQL1Q4_4VM,on_demand,not_subscribed,US,101,9,1,0,0.0957,0,0,0,0
20260928,UCSes4X8uDrpc4X46hJKjejg,Rl73WZoqKzE,on_demand,subscribed,ES,104,5,1,0,0.1225,0,0,0,0
20260928,UCSes4X8uDrpc4X46hJKjejg,OV__mS_6Hbg,on_demand,not_subscribed,US,104,5,1,1,1.6139333333333334,96.836,24.76624040920716,0,0
20260928,UCSes4X8uDrpc4X46hJKjejg,JZgusHsQ0l4,on_demand,not_subscribed,GR,104,4,1,1,0.52833333333333332,31.7,60.96153846153846,0,0
20260928,UCSes4X8uDrpc4X46hJKjejg,HtZ8tDkeGJY,on_demand,not_subscribed,KR,104,4,1,0,0.0033333333333333335,0,0,0,0
20260928,UCSes4X8uDrpc4X46hJKjejg,PoyUkRaWZiM,on_demand,not_subscribed,US,102,19,1,0,0.071816666666666668,0,0,0,0
20260928,UCSes4X8uDrpc4X46hJKjejg,UvWPXkksqmM,on_demand,not_subscribed,TT,102,31,1,1,1.2033166666666666,72.199,10.90619335347432,0,0
20260928,UCSes4X8uDrpc4X46hJKjejg,fAZy3HtHBzA,on_demand,subscribed,IN,104,4,4,2,0.75166666666666671,21,65.625,0,0
20260928,UCSes4X8uDrpc4X46hJKjejg,sfqmr0gTLuc,on_demand,not_subscribed,US,104,4,1,0,0.0033333333333333335,0,0,0,0
20260928,UCSes4X8uDrpc4X46hJKjejg,8ajxcRVL7g4,on_demand,not_subscribed,US,104,5,25,10,10.133116666666666,58.642999999999994,55.323584905660375,2,1.8673333333333333
20260928,UCSes4X8uDrpc4X46hJKjejg,bkGNuDS6ibU,on_demand,not_subscribed,CA,102,4,1,1,0.10543333333333334,6.326,7.5309523809523808,0,0
20260928,UCSes4X8uDrpc4X46hJKjejg,gX5Aks5a3eE,on_demand,not_subscribed,CA,102,29,1,0,0.087383333333333327,0,0,0,0
20260928,UCSes4X8uDrpc4X46hJKjejg,op6JvrFdWrY,on_demand,not_subscribed,GB,101,2,2,2,0.1973,5.919,24.6625,0,0
20260928,UCSes4X8uDrpc4X46hJKjejg,lJGV7X5oOg0,on_demand,subscribed,CA,104,5,2,2,0.58083333333333331,17.425,54.453125,0,0
20260928,UCSes4X8uDrpc4X46hJKjejg,n8fMP2cKrBc,on_demand,not_subscribed,GR,101,2,1,0,0,0,0,0,0
20260928,UCSes4X8uDrpc4X46hJKjejg,9LFMqUAyB_U,on_demand,not_subscribed,CA,104,5,1,0,0.00855,0,0,0,0
20260928,UCSes4X8uDrpc4X46hJKjejg,gTMjT4y5LHE,on_demand,subscribed,US,102,19,11,6,6.9382833333333336,65.684,13.296356275303644,0,0
20260928,UCSes4X8uDrpc4X46hJKjejg,iOURk-GhPG0,on_demand,not_subscribed,GH,104,4,8,6,1.6922333333333333,16.664166666666667,57.462643678160923,0,0
20260928,UCSes4X8uDrpc4X46hJKjejg,R1PGLsRyKDw,on_demand,not_subscribed,DK,104,4,1,0,0.025,0,0,1,0.025
20260928,UCSes4X8uDrpc4X46hJKjejg,n8fMP2cKrBc,on_demand,not_subscribed,CO,102,12,1,0,0.083966666666666662,0,0,1,0.083966666666666662
20260928,UCSes4X8uDrpc4X46hJKjejg,dgP0I7rPTlU,on_demand,not_subscribed,US,104,5,62,22,13.605616666666666,35.333954545454546,121.84122257053292,6,1.0751666666666668
20260928,UCSes4X8uDrpc4X46hJKjejg,XlT3SmO6YYs,on_demand,not_subscribed,US,103,10,1,1,0.96865,58.119,51.432743362831857,1,0.96865
20260928,UCSes4X8uDrpc4X46hJKjejg,EZ7WjfAU1MI,on_demand,not_subscribed,US,104,4,1,1,5.435,326.1,10.277340056728647,0,0
20260928,UCSes4X8uDrpc4X46hJKjejg,BeZUS-lZ4qs,on_demand,not_subscribed,AU,104,4,3,1,0.053333333333333337,1.7,0.054874112330535831,1,0.028333333333333332
20260928,UCSes4X8uDrpc4X46hJKjejg,-CjQjOd2JEA,on_demand,not_subscribed,PH,104,4,16,6,11.401666666666667,111.01666666666667,39.228504122497057,2,8.64
20260928,UCSes4X8uDrpc4X46hJKjejg,JZgusHsQ0l4,on_demand,subscribed,VE,101,2,1,0,0.06475,0,0,0,0
20260928,UCSes4X8uDrpc4X46hJKjejg,gTMjT4y5LHE,on_demand,not_subscribed,JM,101,9,1,0,0.038933333333333334,0,0,0,0
20260928,UCSes4X8uDrpc4X46hJKjejg,gmPsKXt4foY,on_demand,subscribed,US,103,10,1,0,0.018933333333333333,0,0,0,0
20260928,UCSes4X8uDrpc4X46hJKjejg,BeZUS-lZ4qs,on_demand,subscribed,PR,104,4,1,0,0,0,0,0,0
20260928,UCSes4X8uDrpc4X46hJKjejg,YHtB62qU1r8,on_demand,not_subscribed,PH,104,4,23,12,12.701666666666666,60.716666666666669,12.918439716312056,0,0
20260928,UCSes4X8uDrpc4X46hJKjejg,4JWDNnVMjXc,on_demand,subscribed,US,104,4,1,0,0.013333333333333334,0,0,0,0
20260928,UCSes4X8uDrpc4X46hJKjejg,PeMHxUwuByQ,on_demand,not_subscribed,IN,101,9,3,1,0.46628333333333333,25.521,0.68586401504971783,0,0
20260928,UCSes4X8uDrpc4X46hJKjejg,50MHq47IaLU,on_demand,not_subscribed,US,102,26,1,1,0.10566666666666667,6.34,5.51304347826087,0,0
20260928,UCSes4X8uDrpc4X46hJKjejg,KWIVBbqRwZ8,on_demand,not_subscribed,US,101,9,10,1,0.98088333333333333,20.023,55.619444444444447,0,0
20260928,UCSes4X8uDrpc4X46hJKjejg,6ljakZEWb0o,on_demand,not_subscribed,NZ,104,5,3,2,90.554,2712.6,98.175895765472319,1,44.613666666666667
20260928,UCSes4X8uDrpc4X46hJKjejg,BeZUS-lZ4qs,on_demand,not_subscribed,TH,104,5,1,1,0.024333333333333332,1.46,0.047127178825048417,0,0
20260928,UCSes4X8uDrpc4X46hJKjejg,6DF37rM0hQ4,on_demand,not_subscribed,DE,105,5,2,2,0.18416666666666667,5.525,5.8776595744680851,0,0
20260928,UCSes4X8uDrpc4X46hJKjejg,cJVrzjm7YPs,on_demand,not_subscribed,TW,104,5,1,0,0.017333333333333333,0,0,0,0
20260928,UCSes4X8uDrpc4X46hJKjejg,-CjQjOd2JEA,on_demand,not_subscribed,VG,102,19,2,2,4.3073,129.219,45.660424028268551,0,0
20260928,UCSes4X8uDrpc4X46hJKjejg,bK14uGRrRaU,on_demand,not_subscribed,US,102,1,1,0,0.038,0,0,1,0.038
20260928,UCSes4X8uDrpc4X46hJKjejg,MEHDJ9V-lIk,on_demand,not_subscribed,PH,102,21,1,1,28.659016666666666,1719.541,83.4728640776699,1,28.659016666666666
20260928,UCSes4X8uDrpc4X46hJKjejg,dKoSQ-63gP4,on_demand,not_subscribed,LT,104,5,1,1,9.6705,580.23,95.275862068965523,0,0
20260928,UCSes4X8uDrpc4X46hJKjejg,0JUVBPIGUg8,on_demand,not_subscribed,US,101,9,1,0,0.015683333333333334,0,0,0,0
20260928,UCSes4X8uDrpc4X46hJKjejg,iOURk-GhPG0,on_demand,not_subscribed,DZ,104,4,1,0,0.015,0,0,0,0
20260928,UCSes4X8uDrpc4X46hJKjejg,gTMjT4y5LHE,on_demand,not_subscribed,AE,101,9,1,0,0.078933333333333328,0,0,0,0
20260928,UCSes4X8uDrpc4X46hJKjejg,HtZ8tDkeGJY,on_demand,not_subscribed,GB,104,5,5,0,0.1635,0,0,0,0
20260928,UCSes4X8uDrpc4X46hJKjejg,XTGlwLovDD0,on_demand,subscribed,US,103,17,1,1,0.19816666666666666,11.89,0.49030927835051547,0,0
20260928,UCSes4X8uDrpc4X46hJKjejg,tIFk16TQrU4,on_demand,not_subscribed,US,105,4,7,2,5.755,172.65,507.79411764705884,0,0
20260928,UCSes4X8uDrpc4X46hJKjejg,zNDrNHE1aDk,on_demand,not_subscribed,GR,104,4,1,1,1.7914333333333334,107.486,37.06413793103448,0,0
20260928,UCSes4X8uDrpc4X46hJKjejg,Rl73WZoqKzE,on_demand,not_subscribed,RO,104,4,1,0,0.036666666666666667,0,0,0,0
20260928,UCSes4X8uDrpc4X46hJKjejg,op6JvrFdWrY,on_demand,subscribed,ZA,104,5,1,1,0.14883333333333335,8.93,37.208333333333336,1,0.14883333333333335
20260928,UCSes4X8uDrpc4X46hJKjejg,nbPkjNPdK74,on_demand,not_subscribed,US,104,5,1,1,0.031833333333333332,1.91,5.0263157894736841,0,0
20260928,UCSes4X8uDrpc4X46hJKjejg,yqQ_QnY4_XU,on_demand,not_subscribed,JP,104,5,2,2,0.8765,26.295,55.9468085106383,1,0.20333333333333334
20260928,UCSes4X8uDrpc4X46hJKjejg,M-M22Ac4CRE,on_demand,not_subscribed,PH,101,2,5,2,1.26975,35.577,107.80909090909091,2,0.5936
20260928,UCSes4X8uDrpc4X46hJKjejg,Rl73WZoqKzE,on_demand,not_subscribed,BQ,104,4,1,0,0.031666666666666669,0,0,0,0
20260928,UCSes4X8uDrpc4X46hJKjejg,yqQ_QnY4_XU,on_demand,not_subscribed,DE,101,2,2,1,0.7786,46.716,99.395744680851067,0,0
20260928,UCSes4X8uDrpc4X46hJKjejg,R1PGLsRyKDw,on_demand,not_subscribed,BR,104,4,2,0,0.03,0,0,2,0.03
20260928,UCSes4X8uDrpc4X46hJKjejg,6ljakZEWb0o,on_demand,not_subscribed,GB,101,2,5,0,0.18933333333333333,0,0,0,0
20260928,UCSes4X8uDrpc4X46hJKjejg,Rl73WZoqKzE,on_demand,not_subscribed,NI,104,5,1,0,0.063166666666666663,0,0,0,0
20260928,UCSes4X8uDrpc4X46hJKjejg,oujDWGTay-Q,on_demand,not_subscribed,CA,104,5,3,3,1.0836666666666666,21.673333333333332,28.897777777777776,0,0
20260928,UCSes4X8uDrpc4X46hJKjejg,5GYyKcjXNN0,on_demand,subscribed,US,101,2,3,1,1.4092,82.095,101.35185185185185,0,0
20260928,UCSes4X8uDrpc4X46hJKjejg,iOURk-GhPG0,on_demand,subscribed,AU,101,2,1,0,0.029466666666666665,0,0,1,0.029466666666666665
20260928,UCSes4X8uDrpc4X46hJKjejg,F0PO_64UfwU,on_demand,not_subscribed,ID,104,4,1,0,0.15833333333333333,0,0,0,0
20260928,UCSes4X8uDrpc4X46hJKjejg,-CjQjOd2JEA,on_demand,not_subscribed,AU,104,4,7,1,4.67985,262.9,92.897526501766791,0,0
20260928,UCSes4X8uDrpc4X46hJKjejg,csQkpsn38Co,on_demand,not_subscribed,US,104,5,1,0,0.036,0,0,0,0
20260928,UCSes4X8uDrpc4X46hJKjejg,rScJj_0-t-o,on_demand,not_subscribed,US,102,29,2,1,2.0747,124.482,108.24521739130435,0,0
20260928,UCSes4X8uDrpc4X46hJKjejg,Axk5Cd1W1JU,on_demand,not_subscribed,US,101,2,1,1,0.32738333333333336,19.643,21.825555555555557,0,0
20260928,UCSes4X8uDrpc4X46hJKjejg,oujDWGTay-Q,on_demand,not_subscribed,IN,104,5,1,1,1.2205,73.23,97.64,0,0
20260928,UCSes4X8uDrpc4X46hJKjejg,YHtB62qU1r8,on_demand,not_subscribed,AU,104,4,7,2,11.598333333333333,337.35,71.776595744680847,0,0
20260928,UCSes4X8uDrpc4X46hJKjejg,2n5LJUyMtAk,on_demand,subscribed,AU,101,2,1,1,0.0263,1.578,0.31247524752475248,0,0
20260928,UCSes4X8uDrpc4X46hJKjejg,UgRtYy2X5oI,on_demand,not_subscribed,US,104,4,1,1,4.6483333333333334,278.9,68.190709046454771,0,0
20260928,UCSes4X8uDrpc4X46hJKjejg,UOsqGlestSU,on_demand,not_subscribed,AU,104,4,1,0,0.016666666666666666,0,0,1,0.016666666666666666
20260928,UCSes4X8uDrpc4X46hJKjejg,gTMjT4y5LHE,on_demand,not_subscribed,PR,104,4,1,0,0.078333333333333338,0,0,0,0
20260928,UCSes4X8uDrpc4X46hJKjejg,J6rzMuvuMuo,on_demand,not_subscribed,US,104,4,9,3,2.4725166666666665,45.217000000000006,62.801388888888887,2,0.10666666666666667
20260928,UCSes4X8uDrpc4X46hJKjejg,-CjQjOd2JEA,on_demand,not_subscribed,VI,103,10,1,0,0.03361666666666667,0,0,0,0
20260928,UCSes4X8uDrpc4X46hJKjejg,iOURk-GhPG0,on_demand,not_subscribed,IE,104,5,1,1,0.1005,6.03,20.793103448275861,0,0
20260928,UCSes4X8uDrpc4X46hJKjejg,pWCQrmx8beo,on_demand,not_subscribed,FR,104,4,1,1,1.8133333333333332,108.8,3.6170212765957448,1,1.8133333333333332
20260928,UCSes4X8uDrpc4X46hJKjejg,tIFk16TQrU4,on_demand,not_subscribed,US,102,29,1,1,0.099566666666666664,5.974,17.570588235294117,0,0
20260928,UCSes4X8uDrpc4X46hJKjejg,ACx0N2Z0f3A,on_demand,not_subscribed,US,101,2,1,0,0.0044,0,0,0,0
20260928,UCSes4X8uDrpc4X46hJKjejg,UvWPXkksqmM,on_demand,subscribed,SE,104,4,1,0,0.005,0,0,0,0
20260928,UCSes4X8uDrpc4X46hJKjejg,gTMjT4y5LHE,on_demand,not_subscribed,ID,104,4,2,0,0.13333333333333333,0,0,0,0
20260928,UCSes4X8uDrpc4X46hJKjejg,-CjQjOd2JEA,on_demand,not_subscribed,TH,104,5,1,1,4.450166666666667,267.01,94.349823321554766,0,0
20260928,UCSes4X8uDrpc4X46hJKjejg,gmPsKXt4foY,on_demand,not_subscribed,TZ,104,4,2,1,0.20666666666666667,9.8,21.777777777777779,0,0
20260928,UCSes4X8uDrpc4X46hJKjejg,3oF068CdTYo,on_demand,not_subscribed,US,102,1,2,1,0.61125,36.675,107.86764705882354,0,0
20260928,UCSes4X8uDrpc4X46hJKjejg,XxNpGT_I6mk,on_demand,not_subscribed,KR,104,4,2,1,0.6333333333333333,38,115.15151515151516,0,0
20260928,UCSes4X8uDrpc4X46hJKjejg,f4MfVVTJ6pY,on_demand,not_subscribed,US,105,5,1,1,12.238166666666666,734.29,44.664841849148416,0,0
20260928,UCSes4X8uDrpc4X46hJKjejg,HvKhfNcNPiM,on_demand,not_subscribed,US,102,26,1,1,1.06825,64.095,98.6076923076923,1,1.06825
20260928,UCSes4X8uDrpc4X46hJKjejg,0b8eta7f8mY,on_demand,not_subscribed,HK,104,5,2,1,2.4418333333333333,144.21,27.364326375711574,1,2.4035
20260928,UCSes4X8uDrpc4X46hJKjejg,M-M22Ac4CRE,on_demand,not_subscribed,US,101,1,1,0,0.033933333333333336,0,0,1,0.033933333333333336
20260928,UCSes4X8uDrpc4X46hJKjejg,QyNJt23xOvk,on_demand,not_subscribed,US,101,2,2,0,0.04315,0,0,0,0
20260928,UCSes4X8uDrpc4X46hJKjejg,l5M2ICRhyEA,on_demand,not_subscribed,DE,105,4,2,1,0.59833333333333338,35.9,108.78787878787878,0,0
20260928,UCSes4X8uDrpc4X46hJKjejg,k4-t8XMp-wg,on_demand,not_subscribed,US,105,5,1,1,0.35033333333333333,21.02,7.34965034965035,0,0
20260928,UCSes4X8uDrpc4X46hJKjejg,l5M2ICRhyEA,on_demand,not_subscribed,EG,104,4,3,1,0.6166666666666667,36.5,110.60606060606061,0,0
20260928,UCSes4X8uDrpc4X46hJKjejg,M-M22Ac4CRE,on_demand,not_subscribed,AU,101,2,2,1,0.14098333333333332,5.069,15.360606060606061,0,0
20260928,UCSes4X8uDrpc4X46hJKjejg,5GYyKcjXNN0,on_demand,not_subscribed,US,102,19,6,5,3.8362166666666666,46.0346,56.832839506172839,3,2.2357666666666667
20260928,UCSes4X8uDrpc4X46hJKjejg,gmPsKXt4foY,on_demand,subscribed,TH,104,4,2,1,0.77333333333333332,46.4,103.11111111111111,0,0
20260928,UCSes4X8uDrpc4X46hJKjejg,6C69Z_OCe4c,on_demand,not_subscribed,IL,104,4,4,1,3.0516666666666667,183.1,305.16666666666669,0,0
20260928,UCSes4X8uDrpc4X46hJKjejg,BeZUS-lZ4qs,on_demand,not_subscribed,US,101,30,6,0,0.20366666666666666,0,0,0,0
20260928,UCSes4X8uDrpc4X46hJKjejg,BeZUS-lZ4qs,on_demand,not_subscribed,CY,101,2,4,0,0.0806,0,0,0,0
20260928,UCSes4X8uDrpc4X46hJKjejg,2n5LJUyMtAk,on_demand,subscribed,ZA,104,4,3,0,0.083333333333333329,0,0,0,0
20260928,UCSes4X8uDrpc4X46hJKjejg,gTMjT4y5LHE,on_demand,not_subscribed,MY,104,5,1,0,0.0415,0,0,0,0
20260928,UCSes4X8uDrpc4X46hJKjejg,2n5LJUyMtAk,on_demand,not_subscribed,AU,102,19,1,0,0.0338,0,0,0,0
20260928,UCSes4X8uDrpc4X46hJKjejg,yqQ_QnY4_XU,on_demand,subscribed,AL,104,5,1,0,0.025666666666666667,0,0,0,0
20260928,UCSes4X8uDrpc4X46hJKjejg,sRIO-T5dRjA,on_demand,not_subscribed,US,104,5,32,11,6.7951666666666668,36.25181818181818,129.47077922077921,2,0.65116666666666667
20260928,UCSes4X8uDrpc4X46hJKjejg,MEHDJ9V-lIk,on_demand,not_subscribed,US,103,17,3,2,34.525616666666664,1032.038,50.098932038834953,1,34.32735
20260928,UCSes4X8uDrpc4X46hJKjejg,pWCQrmx8beo,on_demand,subscribed,AU,104,4,1,0,0,0,0,0,0
20260928,UCSes4X8uDrpc4X46hJKjejg,Rl73WZoqKzE,on_demand,not_subscribed,BE,101,2,1,1,5.76085,345.651,57.995134228187922,0,0
20260928,UCSes4X8uDrpc4X46hJKjejg,unimgWGUpHM,on_demand,subscribed,CW,104,5,1,1,0.39366666666666666,23.62,56.238095238095241,0,0
20260928,UCSes4X8uDrpc4X46hJKjejg,m51RPlzYGnQ,on_demand,not_subscribed,US,102,26,1,1,0.12228333333333333,7.337,21.579411764705881,0,0
20260928,UCSes4X8uDrpc4X46hJKjejg,gmPsKXt4foY,on_demand,subscribed,US,101,2,9,7,2.7043333333333335,23.055142857142858,51.233650793650796,1,0.43988333333333335
20260928,UCSes4X8uDrpc4X46hJKjejg,po8YrSQivoM,on_demand,not_subscribed,US,101,2,3,3,79.56025,1591.205,46.363782051282051,0,0
20260928,UCSes4X8uDrpc4X46hJKjejg,J6rzMuvuMuo,on_demand,not_subscribed,IQ,104,4,2,1,2.2233333333333332,133.4,185.27777777777777,0,0
20260928,UCSes4X8uDrpc4X46hJKjejg,UvWPXkksqmM,on_demand,subscribed,SG,101,9,1,0,0.01145,0,0,0,0
20260928,UCSes4X8uDrpc4X46hJKjejg,-CjQjOd2JEA,on_demand,not_subscribed,BD,101,2,1,0,0.0049833333333333335,0,0,0,0
20260928,UCSes4X8uDrpc4X46hJKjejg,EZ7WjfAU1MI,on_demand,subscribed,US,102,29,2,2,105.75136666666667,3172.541,99.985534194768363,1,52.875683333333335
20260928,UCSes4X8uDrpc4X46hJKjejg,-CjQjOd2JEA,on_demand,subscribed,PH,102,29,2,2,1.8703166666666666,56.1095,19.826678445229682,2,1.8703166666666666
20260928,UCSes4X8uDrpc4X46hJKjejg,tIFk16TQrU4,on_demand,subscribed,US,104,4,5,3,0.76333333333333331,14.433333333333332,42.450980392156865,0,0
20260928,UCSes4X8uDrpc4X46hJKjejg,2n5LJUyMtAk,on_demand,not_subscribed,JP,104,4,1,0,0.023333333333333334,0,0,0,0
20260928,UCSes4X8uDrpc4X46hJKjejg,6ljakZEWb0o,on_demand,not_subscribed,JP,104,5,5,1,15.344833333333334,910.92,32.9685124864278,0,0
20260928,UCSes4X8uDrpc4X46hJKjejg,yqQ_QnY4_XU,on_demand,not_subscribed,US,105,5,7,6,2.6796666666666669,26.796666666666667,57.01418439716312,3,0.9401666666666666
20260928,UCSes4X8uDrpc4X46hJKjejg,x9aP35H3Wlc,on_demand,not_subscribed,DE,104,4,2,1,0.92166666666666663,55.3,108.43137254901961,0,0
20260928,UCSes4X8uDrpc4X46hJKjejg,BeZUS-lZ4qs,on_demand,not_subscribed,LB,104,5,2,2,10.4315,312.945,10.101517107811491,0,0
20260928,UCSes4X8uDrpc4X46hJKjejg,XxNpGT_I6mk,on_demand,not_subscribed,GB,104,5,2,1,0.73083333333333333,43.85,132.87878787878788,2,0.73083333333333333
20260928,UCSes4X8uDrpc4X46hJKjejg,YHtB62qU1r8,on_demand,not_subscribed,TW,104,5,2,1,1.2133333333333334,70.64,15.029787234042553,1,1.1773333333333333
20260928,UCSes4X8uDrpc4X46hJKjejg,gTMjT4y5LHE,on_demand,not_subscribed,CA,103,10,8,5,6.5004833333333334,77.122,15.611740890688258,1,0.021816666666666668
20260928,UCSes4X8uDrpc4X46hJKjejg,M-M22Ac4CRE,on_demand,not_subscribed,ZA,104,4,2,1,0.115,4.9,14.848484848484848,1,0.081666666666666665
20260928,UCSes4X8uDrpc4X46hJKjejg,fyi6d0AButQ,on_demand,not_subscribed,CA,104,5,1,1,0.5415,32.49,10.6875,0,0
20260928,UCSes4X8uDrpc4X46hJKjejg,JZgusHsQ0l4,on_demand,not_subscribed,TZ,101,2,1,0,0.027816666666666667,0,0,0,0
20260928,UCSes4X8uDrpc4X46hJKjejg,6ljakZEWb0o,on_demand,not_subscribed,DE,101,2,5,1,0.3443,11.215,0.4058993847267463,0,0
20260928,UCSes4X8uDrpc4X46hJKjejg,oSgcVip17DY,on_demand,not_subscribed,US,101,30,1,0,0.024816666666666667,0,0,0,0
20260928,UCSes4X8uDrpc4X46hJKjejg,f4MfVVTJ6pY,on_demand,not_subscribed,CA,104,4,2,1,0.205,7.6,0.46228710462287104,1,0.12666666666666668
20260928,UCSes4X8uDrpc4X46hJKjejg,yXI5JzLdcwk,on_demand,not_subscribed,GY,104,4,2,1,1.335,80.1,100.125,0,0
20260928,UCSes4X8uDrpc4X46hJKjejg,gTMjT4y5LHE,on_demand,subscribed,US,102,1,2,1,8.1158833333333327,478.441,96.8504048582996,1,7.9740166666666665
20260928,UCSes4X8uDrpc4X46hJKjejg,-CjQjOd2JEA,on_demand,not_subscribed,BW,104,4,1,0,0.053333333333333337,0,0,0,0
20260928,UCSes4X8uDrpc4X46hJKjejg,6C69Z_OCe4c,on_demand,not_subscribed,US,101,9,1,0,0.046583333333333331,0,0,0,0
20260928,UCSes4X8uDrpc4X46hJKjejg,OGOmzWG_ThE,on_demand,not_subscribed,CA,101,2,1,0,0.0091833333333333333,0,0,0,0
20260928,UCSes4X8uDrpc4X46hJKjejg,ID5K-VWCXew,on_demand,not_subscribed,DE,104,5,1,1,0.15623333333333334,9.374,31.246666666666666,0,0
20260928,UCSes4X8uDrpc4X46hJKjejg,yapU4SQQ39c,on_demand,not_subscribed,IL,104,4,1,1,1.5466666666666666,92.8,3.4067547723935387,0,0
20260928,UCSes4X8uDrpc4X46hJKjejg,Mknv0_8mh_s,on_demand,not_subscribed,US,104,5,1,1,0.062,3.72,4.7692307692307692,0,0
20260928,UCSes4X8uDrpc4X46hJKjejg,k4-t8XMp-wg,on_demand,not_subscribed,CA,104,4,1,0,0.076666666666666661,0,0,0,0
20260928,UCSes4X8uDrpc4X46hJKjejg,dKoSQ-63gP4,on_demand,not_subscribed,MX,104,4,1,0,0.015,0,0,0,0
20260928,UCSes4X8uDrpc4X46hJKjejg,BeZUS-lZ4qs,on_demand,not_subscribed,AD,101,9,2,1,0.33173333333333332,19.662,0.63466752743705612,0,0
20260928,UCSes4X8uDrpc4X46hJKjejg,7DD0KNPPL1c,on_demand,not_subscribed,US,104,4,8,2,0.56666666666666665,12.75,36.428571428571431,0,0
20260928,UCSes4X8uDrpc4X46hJKjejg,-CjQjOd2JEA,on_demand,not_subscribed,US,101,30,6,4,11.868216666666667,175.75325,62.103621908127209,0,0
20260928,UCSes4X8uDrpc4X46hJKjejg,zxka0rRvmaU,on_demand,not_subscribed,IN,104,5,3,2,1.4961666666666666,44.885,95.5,0,0
20260928,UCSes4X8uDrpc4X46hJKjejg,JZgusHsQ0l4,on_demand,not_subscribed,IE,104,4,2,0,0.16833333333333333,0,0,0,0
20260928,UCSes4X8uDrpc4X46hJKjejg,op6JvrFdWrY,on_demand,not_subscribed,US,105,5,3,3,0.8985,17.97,74.875,0,0
20260928,UCSes4X8uDrpc4X46hJKjejg,2G7tslBq--g,on_demand,not_subscribed,PH,104,4,1,1,0.24833333333333332,14.9,0.36917740336967292,0,0
20260928,UCSes4X8uDrpc4X46hJKjejg,0b8eta7f8mY,on_demand,not_subscribed,CN,101,2,3,3,8.6699666666666673,173.39933333333332,32.903099304237827,0,0
20260928,UCSes4X8uDrpc4X46hJKjejg,YHtB62qU1r8,on_demand,not_subscribed,US,101,30,4,2,5.41175,161.1455,34.286276595744681,0,0
20260928,UCSes4X8uDrpc4X46hJKjejg,gmPsKXt4foY,on_demand,not_subscribed,US,102,19,2,2,1.5853666666666666,47.561,105.69111111111111,0,0
20260928,UCSes4X8uDrpc4X46hJKjejg,unimgWGUpHM,on_demand,subscribed,US,102,26,2,1,0.7111,42.666,101.58571428571429,0,0
20260928,UCSes4X8uDrpc4X46hJKjejg,2n5LJUyMtAk,on_demand,not_subscribed,DK,101,2,1,0,0.033183333333333336,0,0,0,0
20260928,UCSes4X8uDrpc4X46hJKjejg,unimgWGUpHM,on_demand,subscribed,TT,104,4,1,1,0.46666666666666667,28,66.666666666666671,0,0
20260928,UCSes4X8uDrpc4X46hJKjejg,FCAC9ZyPn_4,on_demand,not_subscribed,DE,104,4,1,0,0.02,0,0,0,0
20260928,UCSes4X8uDrpc4X46hJKjejg,gTMjT4y5LHE,on_demand,not_subscribed,TH,105,5,1,1,0.22216666666666668,13.33,2.6983805668016196,0,0
20260928,UCSes4X8uDrpc4X46hJKjejg,HtZ8tDkeGJY,on_demand,not_subscribed,SE,104,4,1,1,0.31333333333333335,18.8,31.864406779661017,0,0
20260928,UCSes4X8uDrpc4X46hJKjejg,wb2ebOkk2gE,on_demand,not_subscribed,US,102,4,1,0,0.13488333333333333,0,0,0,0
20260928,UCSes4X8uDrpc4X46hJKjejg,UvWPXkksqmM,on_demand,not_subscribed,PH,101,2,2,0,0.016066666666666667,0,0,0,0
20260928,UCSes4X8uDrpc4X46hJKjejg,unimgWGUpHM,on_demand,subscribed,US,102,12,1,1,0.69835,41.901,99.76428571428572,0,0
20260928,UCSes4X8uDrpc4X46hJKjejg,f4MfVVTJ6pY,on_demand,subscribed,US,104,5,1,0,0.028,0,0,0,0
20260928,UCSes4X8uDrpc4X46hJKjejg,p5XiosuCXB8,on_demand,not_subscribed,DE,101,2,1,0,0.048133333333333334,0,0,0,0
20260928,UCSes4X8uDrpc4X46hJKjejg,DiQL1Q4_4VM,on_demand,subscribed,BE,104,5,1,1,0.19666666666666666,11.8,26.818181818181817,0,0
20260928,UCSes4X8uDrpc4X46hJKjejg,gTMjT4y5LHE,on_demand,not_subscribed,ZA,102,12,1,1,0.65983333333333338,39.59,8.01417004048583,0,0
20260928,UCSes4X8uDrpc4X46hJKjejg,2n5LJUyMtAk,on_demand,not_subscribed,CH,101,2,2,0,0.0592,0,0,0,0
20260928,UCSes4X8uDrpc4X46hJKjejg,gTMjT4y5LHE,on_demand,not_subscribed,AU,102,29,1,0,0.00975,0,0,0,0
20260928,UCSes4X8uDrpc4X46hJKjejg,unimgWGUpHM,on_demand,not_subscribed,PR,104,5,3,2,1.0166666666666666,30.5,72.61904761904762,0,0
20260928,UCSes4X8uDrpc4X46hJKjejg,Y-cACTFUlfo,on_demand,not_subscribed,US,104,4,1,1,0.05565,3.339,6.8142857142857141,0,0
20260928,UCSes4X8uDrpc4X46hJKjejg,k4-t8XMp-wg,on_demand,subscribed,US,104,5,12,3,9.52315,178.13666666666666,62.285547785547784,0,0
20260928,UCSes4X8uDrpc4X46hJKjejg,oTYEoEV6GLo,on_demand,subscribed,US,102,26,1,0,0.00555,0,0,0,0
20260928,UCSes4X8uDrpc4X46hJKjejg,A4fS0Gqs7g4,on_demand,not_subscribed,ZA,104,5,1,1,0.76416666666666666,45.85,91.7,0,0
20260928,UCSes4X8uDrpc4X46hJKjejg,DjhN1oAGTYA,on_demand,not_subscribed,US,103,10,2,1,2.0892833333333334,123.357,42.536896551724141,2,2.0892833333333334
20260928,UCSes4X8uDrpc4X46hJKjejg,gTMjT4y5LHE,on_demand,subscribed,PH,104,4,2,0,0.066666666666666666,0,0,0,0
20260928,UCSes4X8uDrpc4X46hJKjejg,op6JvrFdWrY,on_demand,not_subscribed,GB,101,9,1,1,0.3562,21.372,89.05,0,0
20260928,UCSes4X8uDrpc4X46hJKjejg,2n5LJUyMtAk,on_demand,subscribed,US,102,4,5,5,13.805233333333334,165.6628,32.804514851485152,3,9.0724
20260928,UCSes4X8uDrpc4X46hJKjejg,BeZUS-lZ4qs,on_demand,subscribed,CA,101,2,1,0,0.018266666666666667,0,0,0,0
20260928,UCSes4X8uDrpc4X46hJKjejg,yqQ_QnY4_XU,on_demand,not_subscribed,CA,104,4,22,14,9.4637333333333338,40.558857142857143,86.295440729483289,2,0.86166666666666669
20260928,UCSes4X8uDrpc4X46hJKjejg,YHtB62qU1r8,on_demand,not_subscribed,LB,104,5,1,1,7.6623333333333337,459.74,97.817021276595739,0,0
20260928,UCSes4X8uDrpc4X46hJKjejg,-CjQjOd2JEA,on_demand,subscribed,FR,104,4,1,1,4.705,282.3,99.752650176678443,1,4.705
20260928,UCSes4X8uDrpc4X46hJKjejg,BeZUS-lZ4qs,on_demand,not_subscribed,IL,104,5,1,0,0.027666666666666666,0,0,0,0
20260928,UCSes4X8uDrpc4X46hJKjejg,kHqq0RR6dHE,on_demand,not_subscribed,US,103,10,1,1,0.6673,40.038,4.0198795180722895,0,0
20260928,UCSes4X8uDrpc4X46hJKjejg,gTMjT4y5LHE,on_demand,not_subscribed,FR,104,4,4,2,2.4616666666666664,72.2,14.615384615384615,1,0.455
20260928,UCSes4X8uDrpc4X46hJKjejg,yqQ_QnY4_XU,on_demand,not_subscribed,IN,104,4,2,1,0.81166666666666665,48.7,103.61702127659575,0,0
20260928,UCSes4X8uDrpc4X46hJKjejg,6ljakZEWb0o,on_demand,not_subscribed,CN,104,5,1,0,0.031166666666666665,0,0,0,0
20260928,UCSes4X8uDrpc4X46hJKjejg,6ljakZEWb0o,on_demand,not_subscribed,RS,101,2,1,0,0.0379,0,0,0,0
20260928,UCSes4X8uDrpc4X46hJKjejg,YsozfBAU5nI,on_demand,not_subscribed,VN,104,5,2,1,0.48666666666666669,29.2,116.8,2,0.48666666666666669
20260928,UCSes4X8uDrpc4X46hJKjejg,sggGghEhkSw,on_demand,not_subscribed,DE,104,5,1,1,0.08483333333333333,5.09,7.7121212121212119,0,0
20260928,UCSes4X8uDrpc4X46hJKjejg,HtZ8tDkeGJY,on_demand,not_subscribed,LV,104,4,1,0,0.016666666666666666,0,0,0,0
20260928,UCSes4X8uDrpc4X46hJKjejg,0JHD_pApR7w,on_demand,not_subscribed,DE,104,5,1,1,0.464,27.84,40.347826086956523,0,0
20260928,UCSes4X8uDrpc4X46hJKjejg,WAYYE5BMG6c,on_demand,not_subscribed,GB,104,5,4,3,38.777833333333334,774.66,40.8145416227608,0,0
20260928,UCSes4X8uDrpc4X46hJKjejg,pq73pmL-x4w,on_demand,not_subscribed,CA,104,5,2,1,0.644,38.64,101.68421052631579,0,0
20260928,UCSes4X8uDrpc4X46hJKjejg,iOURk-GhPG0,on_demand,not_subscribed,US,105,4,1,1,0.135,8.1,27.931034482758619,0,0
20260928,UCSes4X8uDrpc4X46hJKjejg,Rl73WZoqKzE,on_demand,not_subscribed,GB,104,5,4,2,4.9933333333333332,144.855,24.304530201342281,1,4.7301666666666664
20260928,UCSes4X8uDrpc4X46hJKjejg,PnFBmHRQrFc,on_demand,not_subscribed,US,102,26,1,1,5.686633333333333,341.198,98.327953890489908,0,0
20260928,UCSes4X8uDrpc4X46hJKjejg,op6JvrFdWrY,on_demand,not_subscribed,FI,101,2,1,0,0.0584,0,0,0,0
20260928,UCSes4X8uDrpc4X46hJKjejg,LehzaEoh83Q,on_demand,subscribed,US,104,4,1,1,0.015,0.9,1.6363636363636365,1,0.015
20260928,UCSes4X8uDrpc4X46hJKjejg,UvWPXkksqmM,on_demand,not_subscribed,US,101,1,1,0,0.0028833333333333332,0,0,0,0
20260928,UCSes4X8uDrpc4X46hJKjejg,op6JvrFdWrY,on_demand,not_subscribed,CA,104,4,8,5,1.4717166666666666,17.2406,71.835833333333326,0,0
20260928,UCSes4X8uDrpc4X46hJKjejg,dKoSQ-63gP4,on_demand,not_subscribed,NZ,102,4,1,0,0.073966666666666667,0,0,1,0.073966666666666667
20260928,UCSes4X8uDrpc4X46hJKjejg,LXgH2eBmrF8,on_demand,not_subscribed,US,104,5,12,7,2.6018666666666665,22.210285714285714,71.646082949308749,2,0.51866666666666672
20260928,UCSes4X8uDrpc4X46hJKjejg,qiF_IH0aB-k,on_demand,not_subscribed,DE,104,5,1,0,0.042333333333333334,0,0,0,0
20260928,UCSes4X8uDrpc4X46hJKjejg,FC36sHokYnk,on_demand,not_subscribed,PL,101,2,1,1,8.8826833333333326,532.961,96.202346570397111,0,0
20260928,UCSes4X8uDrpc4X46hJKjejg,7uu_YrZYDF8,on_demand,not_subscribed,TH,104,5,1,0,0.0105,0,0,0,0
20260928,UCSes4X8uDrpc4X46hJKjejg,M-M22Ac4CRE,on_demand,not_subscribed,US,102,4,1,1,0.43735,26.241,79.518181818181816,0,0
20260928,UCSes4X8uDrpc4X46hJKjejg,fAZy3HtHBzA,on_demand,subscribed,US,103,17,1,1,0.49321666666666669,29.593,92.478125,0,0
20260928,UCSes4X8uDrpc4X46hJKjejg,2n5LJUyMtAk,on_demand,not_subscribed,US,105,4,6,6,29.34155,293.4155,58.102079207920795,3,17.641666666666666
20260928,UCSes4X8uDrpc4X46hJKjejg,6ljakZEWb0o,on_demand,not_subscribed,US,105,5,5,5,49.170166666666667,590.042,21.355121245023525,3,8.0368333333333339
20260928,UCSes4X8uDrpc4X46hJKjejg,BeZUS-lZ4qs,on_demand,not_subscribed,PL,100,1,1,1,2.6866666666666665,161.2,5.2033570045190443,1,2.6866666666666665
20260928,UCSes4X8uDrpc4X46hJKjejg,84XwX8zGUOk,on_demand,not_subscribed,US,104,5,3,1,7.1917,429.222,82.86138996138996,0,0
20260928,UCSes4X8uDrpc4X46hJKjejg,yqQ_QnY4_XU,on_demand,subscribed,US,104,5,168,91,69.76991666666666,45.405769230769231,96.60801963993454,30,11.600666666666667
20260928,UCSes4X8uDrpc4X46hJKjejg,e7CxdG8sNlA,on_demand,not_subscribed,US,103,10,3,2,3.7380833333333334,111.9345,23.565157894736842,0,0
20260928,UCSes4X8uDrpc4X46hJKjejg,JZgusHsQ0l4,on_demand,not_subscribed,NL,101,2,1,0,0.0088166666666666671,0,0,0,0
20260928,UCSes4X8uDrpc4X46hJKjejg,pWCQrmx8beo,on_demand,not_subscribed,CH,104,4,1,0,0.02065,0,0,0,0
20260928,UCSes4X8uDrpc4X46hJKjejg,-CjQjOd2JEA,on_demand,not_subscribed,CM,101,2,4,1,3.96255,227.108,80.250176678445229,0,0
20260928,UCSes4X8uDrpc4X46hJKjejg,9zaom3QbjYs,on_demand,not_subscribed,CA,102,19,2,1,5.406533333333333,323.579,42.632279314888009,0,0
20260928,UCSes4X8uDrpc4X46hJKjejg,CxaOeEyfWXQ,on_demand,not_subscribed,AU,101,2,4,2,1.3358166666666667,40.0745,102.7551282051282,0,0
20260928,UCSes4X8uDrpc4X46hJKjejg,QgzDiB4_6xw,on_demand,not_subscribed,US,104,5,9,5,8.2465333333333337,98.874400000000009,85.977739130434784,2,1.2474166666666666
20260928,UCSes4X8uDrpc4X46hJKjejg,llAjcdthT0Q,on_demand,not_subscribed,NO,101,2,2,1,1.2356166666666666,74.137,104.41830985915493,0,0
20260928,UCSes4X8uDrpc4X46hJKjejg,pWCQrmx8beo,on_demand,not_subscribed,US,102,28,1,1,33.69385,2021.631,67.208477393617017,0,0
20260928,UCSes4X8uDrpc4X46hJKjejg,BeZUS-lZ4qs,on_demand,not_subscribed,CA,102,19,1,1,51.62768333333333,3097.661,99.9890574564235,0,0
20260928,UCSes4X8uDrpc4X46hJKjejg,KWIVBbqRwZ8,on_demand,subscribed,PH,104,4,1,1,0.125,7.5,20.833333333333332,0,0
20260928,UCSes4X8uDrpc4X46hJKjejg,UvWPXkksqmM,on_demand,subscribed,ID,101,2,1,0,0.011216666666666666,0,0,0,0
20260928,UCSes4X8uDrpc4X46hJKjejg,YHtB62qU1r8,on_demand,subscribed,TZ,104,5,1,0,0.091,0,0,0,0
20260928,UCSes4X8uDrpc4X46hJKjejg,gTMjT4y5LHE,on_demand,subscribed,AU,104,4,1,0,0,0,0,0,0
20260928,UCSes4X8uDrpc4X46hJKjejg,M-M22Ac4CRE,on_demand,not_subscribed,KE,104,4,1,1,0.375,22.5,68.181818181818187,0,0
20260928,UCSes4X8uDrpc4X46hJKjejg,gTMjT4y5LHE,on_demand,not_subscribed,CA,101,2,42,11,40.14223333333333,216.04409090909093,43.733621641516379,2,6.10885
20260928,UCSes4X8uDrpc4X46hJKjejg,pWCQrmx8beo,on_demand,not_subscribed,US,102,26,5,3,1.8153666666666666,32.826,1.0912898936170212,0,0
20260928,UCSes4X8uDrpc4X46hJKjejg,DiQL1Q4_4VM,on_demand,not_subscribed,CA,101,2,2,1,0.75723333333333331,45.434,103.25909090909092,0,0
20260928,UCSes4X8uDrpc4X46hJKjejg,l5M2ICRhyEA,on_demand,not_subscribed,RO,104,4,1,0,0.026666666666666668,0,0,1,0.026666666666666668
20260928,UCSes4X8uDrpc4X46hJKjejg,op6JvrFdWrY,on_demand,subscribed,US,104,5,132,72,28.009033333333335,22.800166666666669,95.000694444444449,26,6.6663333333333323
20260928,UCSes4X8uDrpc4X46hJKjejg,R1PGLsRyKDw,on_demand,subscribed,AR,104,4,1,0,0.033333333333333333,0,0,0,0
20260928,UCSes4X8uDrpc4X46hJKjejg,Rl73WZoqKzE,on_demand,not_subscribed,TW,101,2,1,1,0,0,0,0,0
20260928,UCSes4X8uDrpc4X46hJKjejg,HwWx5nhjCx8,on_demand,not_subscribed,US,102,4,1,1,7.9658666666666669,477.952,45.91277617675312,1,7.9658666666666669
20260928,UCSes4X8uDrpc4X46hJKjejg,HwWx5nhjCx8,on_demand,not_subscribed,AO,101,2,2,0,0.030016666666666667,0,0,0,0
20260928,UCSes4X8uDrpc4X46hJKjejg,gTMjT4y5LHE,on_demand,not_subscribed,IN,101,2,1,0,0.00275,0,0,0,0
20260928,UCSes4X8uDrpc4X46hJKjejg,2n5LJUyMtAk,on_demand,not_subscribed,US,102,29,149,99,224.11235,134.49304040404041,26.632285228522854,30,33.061483333333328
20260928,UCSes4X8uDrpc4X46hJKjejg,5GYyKcjXNN0,on_demand,subscribed,US,101,9,3,1,1.3703166666666666,80.989,99.986419753086423,0,0
20260928,UCSes4X8uDrpc4X46hJKjejg,YHtB62qU1r8,on_demand,not_subscribed,IL,104,5,2,1,0.26733333333333331,12.72,2.7063829787234042,0,0
20260928,UCSes4X8uDrpc4X46hJKjejg,pWCQrmx8beo,on_demand,not_subscribed,US,102,12,1,1,17.46105,1047.663,34.829222074468085,0,0
20260928,UCSes4X8uDrpc4X46hJKjejg,-8W7PIiwRYo,on_demand,not_subscribed,GB,104,5,2,0,0.11716666666666667,0,0,0,0
20260928,UCSes4X8uDrpc4X46hJKjejg,JZgusHsQ0l4,on_demand,not_subscribed,TW,102,19,1,1,0.70966666666666667,42.58,81.884615384615387,0,0
20260928,UCSes4X8uDrpc4X46hJKjejg,HtZ8tDkeGJY,on_demand,subscribed,NL,101,2,2,1,1.65785,99.471,168.59491525423729,0,0
20260928,UCSes4X8uDrpc4X46hJKjejg,BeZUS-lZ4qs,on_demand,not_subscribed,TT,102,29,3,3,154.04816666666667,3080.9633333333331,99.450075317409087,0,0
20260928,UCSes4X8uDrpc4X46hJKjejg,5UEhfpivkPo,on_demand,not_subscribed,CA,104,5,3,0,0.10366666666666667,0,0,0,0
20260928,UCSes4X8uDrpc4X46hJKjejg,M-M22Ac4CRE,on_demand,not_subscribed,SE,104,5,2,1,0.5602,33.612,101.85454545454546,0,0
20260928,UCSes4X8uDrpc4X46hJKjejg,gTMjT4y5LHE,on_demand,not_subscribed,LR,104,5,1,1,2.8791666666666669,172.75,34.969635627530366,0,0
20260928,UCSes4X8uDrpc4X46hJKjejg,gmPsKXt4foY,on_demand,subscribed,IL,104,4,2,1,0.77,43.9,97.555555555555557,0,0
20260928,UCSes4X8uDrpc4X46hJKjejg,JoHK3Z-nc9s,on_demand,not_subscribed,US,102,4,1,0,0.00375,0,0,0,0
20260928,UCSes4X8uDrpc4X46hJKjejg,OGOmzWG_ThE,on_demand,not_subscribed,US,102,26,4,4,22.389266666666668,335.839,12.784126379901029,0,0
20260928,UCSes4X8uDrpc4X46hJKjejg,ZpuhxsgE-7M,on_demand,not_subscribed,US,102,29,1,1,0.10938333333333333,6.563,17.271052631578947,0,0
20260928,UCSes4X8uDrpc4X46hJKjejg,MEHDJ9V-lIk,on_demand,not_subscribed,CA,105,5,1,1,16.306333333333335,978.38,47.494174757281556,0,0
20260928,UCSes4X8uDrpc4X46hJKjejg,KoxnHEXhTNQ,on_demand,not_subscribed,US,101,9,1,1,0.28848333333333331,17.309,86.545,0,0
20260928,UCSes4X8uDrpc4X46hJKjejg,6ljakZEWb0o,on_demand,not_subscribed,CA,104,4,11,2,53.61,1599.7,57.89721317408614,1,46.05
20260928,UCSes4X8uDrpc4X46hJKjejg,gTMjT4y5LHE,on_demand,not_subscribed,BS,104,5,4,1,0.73583333333333334,40.63,8.2246963562753042,0,0
20260928,UCSes4X8uDrpc4X46hJKjejg,MrhF_F_8Nio,on_demand,not_subscribed,ZA,101,2,1,1,15.44635,926.781,99.976375404530742,0,0
20260928,UCSes4X8uDrpc4X46hJKjejg,gmPsKXt4foY,on_demand,not_subscribed,NG,104,5,1,1,0.17633333333333334,10.58,23.511111111111113,0,0
20260928,UCSes4X8uDrpc4X46hJKjejg,-CjQjOd2JEA,on_demand,not_subscribed,CA,102,19,5,3,12.246916666666667,242.19899999999998,85.58268551236749,1,0.1049
20260928,UCSes4X8uDrpc4X46hJKjejg,QyNJt23xOvk,on_demand,not_subscribed,US,101,9,2,1,0.16625,7.2,1.1900826446280992,0,0
20260928,UCSes4X8uDrpc4X46hJKjejg,YHtB62qU1r8,on_demand,not_subscribed,CA,102,19,2,1,0.56211666666666671,32.283,6.8687234042553191,1,0.024066666666666667
20260928,UCSes4X8uDrpc4X46hJKjejg,U16slPfq10o,on_demand,not_subscribed,JP,101,2,2,0,0.00345,0,0,0,0
20260928,UCSes4X8uDrpc4X46hJKjejg,5GYyKcjXNN0,on_demand,not_subscribed,PH,104,4,4,2,1.6786,49.158,60.68888888888889,0,0
20260928,UCSes4X8uDrpc4X46hJKjejg,-CjQjOd2JEA,on_demand,not_subscribed,CH,102,29,2,2,3.5354833333333335,106.0645,37.478621908127209,0,0
20260928,UCSes4X8uDrpc4X46hJKjejg,DjhN1oAGTYA,on_demand,not_subscribed,US,101,2,3,1,4.5292666666666666,271.349,93.568620689655177,0,0
20260928,UCSes4X8uDrpc4X46hJKjejg,9vjrcOuBdYY,on_demand,not_subscribed,US,102,19,1,1,14.422683333333334,865.361,99.926212471131635,0,0
20260928,UCSes4X8uDrpc4X46hJKjejg,wb2ebOkk2gE,on_demand,not_subscribed,US,104,4,2,0,0.011666666666666667,0,0,0,0
20260928,UCSes4X8uDrpc4X46hJKjejg,YHtB62qU1r8,on_demand,not_subscribed,MH,102,4,1,0,0.0763,0,0,0,0
20260928,UCSes4X8uDrpc4X46hJKjejg,Rl73WZoqKzE,on_demand,not_subscribed,DE,104,5,3,0,0.048016666666666666,0,0,0,0
20260928,UCSes4X8uDrpc4X46hJKjejg,fAZy3HtHBzA,on_demand,not_subscribed,CA,104,5,24,8,3.9125333333333332,26.9965,84.3640625,1,0.157
20260928,UCSes4X8uDrpc4X46hJKjejg,9LFMqUAyB_U,on_demand,not_subscribed,JP,101,2,1,0,0.044216666666666668,0,0,0,0
20260928,UCSes4X8uDrpc4X46hJKjejg,YHtB62qU1r8,on_demand,not_subscribed,BR,105,4,1,1,1.0766666666666667,64.6,13.74468085106383,0,0
20260928,UCSes4X8uDrpc4X46hJKjejg,unimgWGUpHM,on_demand,subscribed,PH,104,5,1,1,0.22416666666666665,13.45,32.023809523809526,1,0.22416666666666665
20260928,UCSes4X8uDrpc4X46hJKjejg,iOURk-GhPG0,on_demand,subscribed,US,104,4,3,0,0.10666666666666667,0,0,0,0
20260928,UCSes4X8uDrpc4X46hJKjejg,MEHDJ9V-lIk,on_demand,not_subscribed,IR,101,2,1,0,0.010483333333333334,0,0,0,0
20260928,UCSes4X8uDrpc4X46hJKjejg,kHqq0RR6dHE,on_demand,not_subscribed,US,101,2,1,0,0.030416666666666668,0,0,0,0
20260928,UCSes4X8uDrpc4X46hJKjejg,KWIVBbqRwZ8,on_demand,subscribed,TH,104,5,2,1,0.38516666666666666,22.85,63.472222222222221,0,0
20260928,UCSes4X8uDrpc4X46hJKjejg,BeZUS-lZ4qs,on_demand,subscribed,US,102,28,5,4,73.556416666666664,1103.25925,35.6119835377663,3,5.8256
20260928,UCSes4X8uDrpc4X46hJKjejg,fAZy3HtHBzA,on_demand,not_subscribed,IN,104,5,2,1,0.12016666666666667,7,21.875,0,0
20260928,UCSes4X8uDrpc4X46hJKjejg,i-9mS8nWVRQ,on_demand,subscribed,US,104,5,1,1,0.014666666666666666,0.88,1.1733333333333333,0,0
20260928,UCSes4X8uDrpc4X46hJKjejg,_QSU5kf-qK4,on_demand,not_subscribed,GB,104,5,2,1,1.0253333333333334,61.52,111.85454545454546,0,0
20260928,UCSes4X8uDrpc4X46hJKjejg,ePdXtNfowRo,on_demand,not_subscribed,CA,102,12,1,1,8.4086166666666671,504.517,98.34639376218324,0,0
20260928,UCSes4X8uDrpc4X46hJKjejg,zS69CFjoay8,on_demand,not_subscribed,SI,104,4,1,1,0.083333333333333329,5,9.433962264150944,0,0
20260928,UCSes4X8uDrpc4X46hJKjejg,unimgWGUpHM,on_demand,not_subscribed,FR,104,5,1,1,0.17966666666666667,10.78,25.666666666666668,0,0
20260928,UCSes4X8uDrpc4X46hJKjejg,9KTImkryZKQ,on_demand,not_subscribed,US,104,5,2,1,1.5093333333333334,90.56,102.90909090909091,0,0
20260928,UCSes4X8uDrpc4X46hJKjejg,2n5LJUyMtAk,on_demand,subscribed,US,104,4,65,19,89.124683333333337,279.13584210526318,55.274424179260031,3,20.931666666666665
20260928,UCSes4X8uDrpc4X46hJKjejg,6ljakZEWb0o,on_demand,subscribed,US,104,5,115,75,1116.5641166666667,892.02292,32.284579080709371,25,401.741
20260928,UCSes4X8uDrpc4X46hJKjejg,0b8eta7f8mY,on_demand,not_subscribed,US,102,19,9,8,29.263466666666666,218.704,41.499810246679317,4,17.428116666666668
20260928,UCSes4X8uDrpc4X46hJKjejg,51IWPtaGV0A,on_demand,subscribed,ZA,104,4,3,1,0.093333333333333338,4.8,0.69767441860465118,0,0
20260928,UCSes4X8uDrpc4X46hJKjejg,po8YrSQivoM,on_demand,not_subscribed,US,101,9,1,1,43.931316666666667,2635.879,76.803001165501172,0,0
20260928,UCSes4X8uDrpc4X46hJKjejg,BeZUS-lZ4qs,on_demand,subscribed,US,102,26,11,10,254.35823333333335,1526.1093999999998,49.261116849580375,2,72.180966666666663
20260928,UCSes4X8uDrpc4X46hJKjejg,op6JvrFdWrY,on_demand,subscribed,AT,101,9,1,0,0.033133333333333334,0,0,1,0.033133333333333334
20260928,UCSes4X8uDrpc4X46hJKjejg,gTMjT4y5LHE,on_demand,not_subscribed,NL,104,5,2,1,0.34616666666666668,17.41,3.5242914979757085,1,0.29016666666666668
20260928,UCSes4X8uDrpc4X46hJKjejg,yk9q7i3NcHQ,on_demand,subscribed,MY,104,5,1,0,0.017,0,0,0,0
20260928,UCSes4X8uDrpc4X46hJKjejg,HCZIc9OVy1o,on_demand,not_subscribed,US,104,4,1,1,0.65,39,1.3411279229711142,0,0
20260928,UCSes4X8uDrpc4X46hJKjejg,BeZUS-lZ4qs,on_demand,subscribed,US,102,12,4,3,106.33958333333334,2125.3733333333334,68.604691198622774,1,51.62768333333333
20260928,UCSes4X8uDrpc4X46hJKjejg,wPiF9-iLzdQ,on_demand,subscribed,US,104,5,1,0,0.017,0,0,1,0.017
20260928,UCSes4X8uDrpc4X46hJKjejg,6ljakZEWb0o,on_demand,not_subscribed,IT,101,2,2,0,0.066383333333333336,0,0,0,0
20260928,UCSes4X8uDrpc4X46hJKjejg,e7CxdG8sNlA,on_demand,not_subscribed,US,101,2,9,3,22.839516666666668,453.46333333333337,95.4659649122807,1,7.58325
20260928,UCSes4X8uDrpc4X46hJKjejg,u9yo-7_Ly7M,on_demand,not_subscribed,VI,102,12,1,0,0.043666666666666666,0,0,0,0
20260928,UCSes4X8uDrpc4X46hJKjejg,dVOt2PRoaRE,on_demand,not_subscribed,US,104,5,1,0,0.0096666666666666672,0,0,0,0
20260928,UCSes4X8uDrpc4X46hJKjejg,gTMjT4y5LHE,on_demand,subscribed,US,101,30,2,0,0.0063333333333333332,0,0,0,0
20260928,UCSes4X8uDrpc4X46hJKjejg,BeZUS-lZ4qs,on_demand,not_subscribed,PR,104,5,4,3,36.298333333333332,725.75333333333344,23.426511727996559,1,0.73033333333333328
20260928,UCSes4X8uDrpc4X46hJKjejg,tvcu9WeDJD4,on_demand,not_subscribed,IL,101,2,8,5,19.52185,233.766,59.94,0,0
20260928,UCSes4X8uDrpc4X46hJKjejg,6ljakZEWb0o,on_demand,not_subscribed,DE,101,9,2,0,0.13808333333333334,0,0,0,0
20260928,UCSes4X8uDrpc4X46hJKjejg,-CjQjOd2JEA,on_demand,not_subscribed,BB,101,2,1,0,0.0077333333333333334,0,0,0,0
20260928,UCSes4X8uDrpc4X46hJKjejg,dKoSQ-63gP4,on_demand,not_subscribed,FR,101,2,1,1,0.85086666666666666,51.052,8.3829228243021348,1,0.85086666666666666
20260928,UCSes4X8uDrpc4X46hJKjejg,5GYyKcjXNN0,on_demand,not_subscribed,AU,104,4,5,1,0.43,17,20.987654320987655,1,0.046666666666666669
20260928,UCSes4X8uDrpc4X46hJKjejg,M-M22Ac4CRE,on_demand,not_subscribed,US,104,4,47,17,9.3170666666666673,31.073588235294118,94.162388591800351,5,1.4683166666666665
20260928,UCSes4X8uDrpc4X46hJKjejg,BeZUS-lZ4qs,on_demand,not_subscribed,ID,104,5,1,1,0.25966666666666666,15.58,0.5029051000645578,0,0
20260928,UCSes4X8uDrpc4X46hJKjejg,JZgusHsQ0l4,on_demand,not_subscribed,NO,104,4,1,0,0.07301666666666666,0,0,0,0
20260928,UCSes4X8uDrpc4X46hJKjejg,o6Gm-cXUDCs,on_demand,subscribed,MY,102,4,2,1,1.413,84.78,100.92857142857143,0,0
20260928,UCSes4X8uDrpc4X46hJKjejg,UvWPXkksqmM,on_demand,not_subscribed,US,102,4,8,5,13.82555,163.3006,24.667764350453172,4,13.414783333333334
20260928,UCSes4X8uDrpc4X46hJKjejg,gmPsKXt4foY,on_demand,not_subscribed,PH,104,4,19,8,7.0894833333333329,52.4875,116.63888888888889,5,2.0866666666666664
20260928,UCSes4X8uDrpc4X46hJKjejg,unimgWGUpHM,on_demand,subscribed,AU,104,5,2,1,0.7155,42.93,102.21428571428571,0,0
20260928,UCSes4X8uDrpc4X46hJKjejg,gTMjT4y5LHE,on_demand,not_subscribed,CH,104,4,4,2,3.10165,91.7495,18.572773279352226,0,0
20260928,UCSes4X8uDrpc4X46hJKjejg,OG1-VxzclcA,on_demand,not_subscribed,US,104,4,1,0,0.04655,0,0,0,0
20260928,UCSes4X8uDrpc4X46hJKjejg,UvWPXkksqmM,on_demand,not_subscribed,AL,104,4,1,0,0,0,0,0,0
20260928,UCSes4X8uDrpc4X46hJKjejg,-CjQjOd2JEA,on_demand,subscribed,US,102,28,2,1,4.4936666666666669,265.691,93.883745583038873,1,0.065483333333333338
20260928,UCSes4X8uDrpc4X46hJKjejg,gTMjT4y5LHE,on_demand,not_subscribed,US,102,28,7,6,22.584866666666667,224.29066666666665,45.402968960863696,2,7.6410666666666671
20260928,UCSes4X8uDrpc4X46hJKjejg,5GYyKcjXNN0,on_demand,not_subscribed,SG,104,5,3,1,1.3635,78.19,96.53086419753086,0,0
20260928,UCSes4X8uDrpc4X46hJKjejg,7aDF_0FOSnA,on_demand,not_subscribed,BR,102,4,1,1,0.08995,5.397,5.0915094339622637,0,0
20260928,UCSes4X8uDrpc4X46hJKjejg,Fg65-8qGtiU,on_demand,not_subscribed,US,104,5,5,4,2.5828833333333332,38.74325,79.067857142857136,0,0
20260928,UCSes4X8uDrpc4X46hJKjejg,MEHDJ9V-lIk,on_demand,subscribed,CA,104,5,1,1,4.1115,246.69,11.975242718446601,0,0
20260928,UCSes4X8uDrpc4X46hJKjejg,0b8eta7f8mY,on_demand,not_subscribed,RU,104,5,1,1,0.3285,19.71,3.7400379506641368,0,0
20260928,UCSes4X8uDrpc4X46hJKjejg,18S1GBfKaIo,on_demand,subscribed,US,104,4,1,1,0.12333333333333334,7.4,0.2300995024875622,0,0
20260928,UCSes4X8uDrpc4X46hJKjejg,-CjQjOd2JEA,on_demand,subscribed,US,102,26,4,0,0.28303333333333336,0,0,1,0.03765
20260928,UCSes4X8uDrpc4X46hJKjejg,gX5Aks5a3eE,on_demand,not_subscribed,CA,104,5,2,0,0.087333333333333332,0,0,0,0
20260928,UCSes4X8uDrpc4X46hJKjejg,gTMjT4y5LHE,on_demand,not_subscribed,US,102,26,103,63,134.99045,126.82193650793651,25.672456782983097,14,14.809033333333332
20260928,UCSes4X8uDrpc4X46hJKjejg,HwWx5nhjCx8,on_demand,not_subscribed,US,104,4,36,8,41.7225,304.78125,29.277737752161382,4,19.9725
20260928,UCSes4X8uDrpc4X46hJKjejg,9LFMqUAyB_U,on_demand,subscribed,US,103,10,1,0,0.044666666666666667,0,0,1,0.044666666666666667
20260928,UCSes4X8uDrpc4X46hJKjejg,YHtB62qU1r8,on_demand,subscribed,US,102,26,2,2,0.76783333333333337,23.035,4.9010638297872342,0,0
20260928,UCSes4X8uDrpc4X46hJKjejg,BUxevLPYpJc,on_demand,not_subscribed,US,101,2,2,0,0.035116666666666664,0,0,0,0
20260928,UCSes4X8uDrpc4X46hJKjejg,JZgusHsQ0l4,on_demand,not_subscribed,BS,101,9,1,0,0.0087333333333333325,0,0,0,0
20260928,UCSes4X8uDrpc4X46hJKjejg,-CjQjOd2JEA,on_demand,subscribed,US,102,12,2,1,4.6367166666666666,275.283,97.273144876325091,2,4.6367166666666666
20260928,UCSes4X8uDrpc4X46hJKjejg,gTMjT4y5LHE,on_demand,not_subscribed,US,102,12,27,20,50.844616666666667,151.24495,30.616386639676115,7,5.1794
20260928,UCSes4X8uDrpc4X46hJKjejg,fAZy3HtHBzA,on_demand,subscribed,CA,105,5,1,0,0.024666666666666667,0,0,1,0.024666666666666667
20260928,UCSes4X8uDrpc4X46hJKjejg,vjaPix9JaOk,on_demand,not_subscribed,US,101,9,1,1,0.088616666666666663,5.317,17.151612903225807,0,0
20260928,UCSes4X8uDrpc4X46hJKjejg,YHtB62qU1r8,on_demand,subscribed,US,102,12,1,1,7.82435,469.461,99.885319148936176,1,7.82435
20260928,UCSes4X8uDrpc4X46hJKjejg,-CjQjOd2JEA,on_demand,not_subscribed,PR,104,5,1,1,3.5208333333333335,211.25,74.646643109540634,0,0
20260928,UCSes4X8uDrpc4X46hJKjejg,gTMjT4y5LHE,on_demand,not_subscribed,BR,104,4,3,0,0.01,0,0,0,0
20260928,UCSes4X8uDrpc4X46hJKjejg,-CjQjOd2JEA,on_demand,not_subscribed,NI,104,4,1,0,0,0,0,0,0
20260928,UCSes4X8uDrpc4X46hJKjejg,k4-t8XMp-wg,on_demand,not_subscribed,US,103,17,1,1,0.013666666666666667,0.82,0.28671328671328672,0,0
20260928,UCSes4X8uDrpc4X46hJKjejg,-CjQjOd2JEA,on_demand,not_subscribed,ID,104,5,1,1,1.769,106.14,37.505300353356887,1,1.769
20260928,UCSes4X8uDrpc4X46hJKjejg,JoHK3Z-nc9s,on_demand,not_subscribed,US,104,4,1,0,0,0,0,0,0
20260928,UCSes4X8uDrpc4X46hJKjejg,6ljakZEWb0o,on_demand,subscribed,CA,102,29,2,2,46.710483333333336,1401.3145,50.717137169743033,0,0
20260928,UCSes4X8uDrpc4X46hJKjejg,QhJLmW0Qj-c,on_demand,not_subscribed,US,105,5,1,1,0.044333333333333336,2.66,5.4285714285714288,0,0
20260928,UCSes4X8uDrpc4X46hJKjejg,LguyQAIoKlA,on_demand,not_subscribed,US,102,4,2,2,2.1477,64.431,1.4580448065173115,0,0
20260928,UCSes4X8uDrpc4X46hJKjejg,-CjQjOd2JEA,on_demand,not_subscribed,AR,104,4,1,1,0.31833333333333336,19.1,6.7491166077738516,1,0.31833333333333336
20260928,UCSes4X8uDrpc4X46hJKjejg,gmPsKXt4foY,on_demand,not_subscribed,AU,104,4,7,5,2.9866666666666668,35.839999999999996,79.644444444444446,3,1.3466666666666667
20260928,UCSes4X8uDrpc4X46hJKjejg,KWIVBbqRwZ8,on_demand,not_subscribed,US,102,28,2,0,0.04315,0,0,0,0
20260928,UCSes4X8uDrpc4X46hJKjejg,OGOmzWG_ThE,on_demand,not_subscribed,PH,104,5,1,0,0.12383333333333334,0,0,0,0
20260928,UCSes4X8uDrpc4X46hJKjejg,YsozfBAU5nI,on_demand,not_subscribed,BS,104,4,1,1,0.08666666666666667,5.2,20.8,0,0
20260928,UCSes4X8uDrpc4X46hJKjejg,JZgusHsQ0l4,on_demand,not_subscribed,PH,101,2,28,6,7.25265,68.340166666666661,131.42339743589744,0,0
20260928,UCSes4X8uDrpc4X46hJKjejg,Rl73WZoqKzE,on_demand,subscribed,SG,102,19,1,0,0.0022,0,0,1,0.0022
20260928,UCSes4X8uDrpc4X46hJKjejg,gTMjT4y5LHE,on_demand,not_subscribed,TR,104,5,2,1,2.6845,158.6,32.10526315789474,0,0
20260928,UCSes4X8uDrpc4X46hJKjejg,l5M2ICRhyEA,on_demand,not_subscribed,GB,104,5,3,1,0.6303333333333333,33.57,101.72727272727273,0,0
20260928,UCSes4X8uDrpc4X46hJKjejg,UvWPXkksqmM,on_demand,not_subscribed,PR,102,1,1,0,0.14403333333333335,0,0,0,0
20260928,UCSes4X8uDrpc4X46hJKjejg,gTMjT4y5LHE,on_demand,not_subscribed,AE,102,28,1,1,2.74485,164.691,33.338259109311743,1,2.74485
20260928,UCSes4X8uDrpc4X46hJKjejg,HVLl_aTeQTE,on_demand,not_subscribed,PH,101,2,3,0,0.094616666666666668,0,0,0,0
20260928,UCSes4X8uDrpc4X46hJKjejg,-CjQjOd2JEA,on_demand,not_subscribed,GB,102,4,2,1,3.3172166666666665,194.451,68.710600706713777,0,0
20260928,UCSes4X8uDrpc4X46hJKjejg,MfjNVJmMMqA,on_demand,not_subscribed,PH,102,4,1,1,0.2878,17.268,5.32962962962963,1,0.2878
20260928,UCSes4X8uDrpc4X46hJKjejg,unimgWGUpHM,on_demand,not_subscribed,DE,104,4,4,2,1.0233333333333334,29.9,71.19047619047619,0,0
20260928,UCSes4X8uDrpc4X46hJKjejg,YHtB62qU1r8,on_demand,not_subscribed,GB,102,4,1,1,0.31873333333333331,19.124,4.0689361702127655,0,0
20260928,UCSes4X8uDrpc4X46hJKjejg,4kM5P08h3q4,on_demand,subscribed,GB,101,2,2,1,6.15385,368.946,99.715135135135128,0,0
20260928,UCSes4X8uDrpc4X46hJKjejg,-CjQjOd2JEA,on_demand,not_subscribed,CA,102,1,1,1,0.55435,33.261,11.753003533568904,0,0
20260928,UCSes4X8uDrpc4X46hJKjejg,KWIVBbqRwZ8,on_demand,not_subscribed,US,102,12,1,1,0.59891666666666665,35.935,99.819444444444443,0,0
20260928,UCSes4X8uDrpc4X46hJKjejg,Rl73WZoqKzE,on_demand,subscribed,NL,101,2,2,0,0.0098833333333333325,0,0,0,0
20260928,UCSes4X8uDrpc4X46hJKjejg,5GYyKcjXNN0,on_demand,not_subscribed,US,101,30,1,0,0.031666666666666669,0,0,0,0
20260928,UCSes4X8uDrpc4X46hJKjejg,iOURk-GhPG0,on_demand,subscribed,GB,103,10,1,1,0.1181,7.086,24.434482758620689,0,0
20260928,UCSes4X8uDrpc4X46hJKjejg,gTMjT4y5LHE,on_demand,not_subscribed,UY,104,4,2,0,0.051666666666666666,0,0,0,0
20260928,UCSes4X8uDrpc4X46hJKjejg,gTMjT4y5LHE,on_demand,not_subscribed,HK,103,10,1,1,0.066983333333333339,4.019,0.81356275303643721,1,0.066983333333333339
20260928,UCSes4X8uDrpc4X46hJKjejg,gTMjT4y5LHE,on_demand,not_subscribed,CA,101,9,40,10,34.89075,204.6992,41.437085020242918,3,5.90235
20260928,UCSes4X8uDrpc4X46hJKjejg,YHtB62qU1r8,on_demand,subscribed,CA,101,9,1,0,0.0079166666666666673,0,0,0,0
20260928,UCSes4X8uDrpc4X46hJKjejg,rScJj_0-t-o,on_demand,not_subscribed,US,104,5,9,6,7.79765,77.9415,67.775217391304352,0,0
20260928,UCSes4X8uDrpc4X46hJKjejg,fAZy3HtHBzA,on_demand,subscribed,DE,102,12,1,1,0.13373333333333334,8.024,25.075,1,0.13373333333333334
20260928,UCSes4X8uDrpc4X46hJKjejg,eu62r4NZQ3Q,on_demand,not_subscribed,US,102,26,1,1,0.62675,37.605,18.708955223880597,0,0
20260928,UCSes4X8uDrpc4X46hJKjejg,gTMjT4y5LHE,on_demand,not_subscribed,AE,102,12,1,1,8.2336833333333335,494.021,100.00425101214574,1,8.2336833333333335
20260928,UCSes4X8uDrpc4X46hJKjejg,HCZIc9OVy1o,on_demand,subscribed,US,102,29,2,2,26.5183,795.549,27.357255845942227,1,0.29165
20260928,UCSes4X8uDrpc4X46hJKjejg,HtZ8tDkeGJY,on_demand,subscribed,PH,101,2,2,1,0.53326666666666667,29.672,50.291525423728814,1,0.49453333333333332
20260928,UCSes4X8uDrpc4X46hJKjejg,TTR49BKResM,on_demand,not_subscribed,AE,104,4,1,1,0.14166666666666666,8.5,21.25,0,0
20260928,UCSes4X8uDrpc4X46hJKjejg,gTMjT4y5LHE,on_demand,not_subscribed,IN,101,9,3,1,5.3101333333333329,313.301,63.421255060728747,1,5.221683333333333
20260928,UCSes4X8uDrpc4X46hJKjejg,gmPsKXt4foY,on_demand,subscribed,MY,104,5,1,1,0.624,37.44,83.2,0,0
20260928,UCSes4X8uDrpc4X46hJKjejg,unimgWGUpHM,on_demand,not_subscribed,DK,104,5,3,1,1.4683333333333333,88.1,209.76190476190476,0,0
20260928,UCSes4X8uDrpc4X46hJKjejg,8ajxcRVL7g4,on_demand,not_subscribed,CA,104,5,2,1,1.0175,59.45,56.084905660377359,1,0.99083333333333334
20260928,UCSes4X8uDrpc4X46hJKjejg,tIFk16TQrU4,on_demand,not_subscribed,US,104,5,35,12,4.7477833333333335,20.606083333333334,60.606127450980395,4,0.13183333333333333
20260928,UCSes4X8uDrpc4X46hJKjejg,YsozfBAU5nI,on_demand,not_subscribed,US,102,19,1,0,0.028416666666666666,0,0,0,0
20260928,UCSes4X8uDrpc4X46hJKjejg,YsozfBAU5nI,on_demand,not_subscribed,NL,104,4,1,0,0.063333333333333339,0,0,0,0
20260928,UCSes4X8uDrpc4X46hJKjejg,JZgusHsQ0l4,on_demand,not_subscribed,US,101,1,1,0,0.0097333333333333334,0,0,0,0
20260928,UCSes4X8uDrpc4X46hJKjejg,BeZUS-lZ4qs,on_demand,subscribed,PH,104,5,2,1,25.7685,1544.61,49.858295674628792,0,0
20260928,UCSes4X8uDrpc4X46hJKjejg,HzmMTvN__ec,on_demand,not_subscribed,US,104,5,3,0,0.11166666666666666,0,0,0,0
20260928,UCSes4X8uDrpc4X46hJKjejg,BeZUS-lZ4qs,on_demand,not_subscribed,DE,102,4,1,0,0.09371666666666667,0,0,0,0
20260928,UCSes4X8uDrpc4X46hJKjejg,0b8eta7f8mY,on_demand,not_subscribed,US,102,1,1,1,5.65385,339.231,64.370208728652756,1,5.65385
20260928,UCSes4X8uDrpc4X46hJKjejg,op6JvrFdWrY,on_demand,not_subscribed,US,103,17,1,1,0.2753,16.518,68.825,0,0
20260928,UCSes4X8uDrpc4X46hJKjejg,QngqvwK8eW0,on_demand,not_subscribed,DE,104,4,1,1,0.43333333333333335,26,53.061224489795919,0,0
20260928,UCSes4X8uDrpc4X46hJKjejg,eyaVWU5Eee4,on_demand,not_subscribed,CA,104,5,2,1,0.40675,24.405,87.160714285714292,0,0
20260928,UCSes4X8uDrpc4X46hJKjejg,BeZUS-lZ4qs,on_demand,not_subscribed,FR,104,5,3,1,51.778333333333336,3096.69,99.957714654615884,0,0
20260928,UCSes4X8uDrpc4X46hJKjejg,JZgusHsQ0l4,on_demand,not_subscribed,AU,101,2,4,2,1.4249,40.97,78.788461538461533,0,0
20260928,UCSes4X8uDrpc4X46hJKjejg,unimgWGUpHM,on_demand,not_subscribed,CH,104,5,1,1,0.083166666666666667,4.99,11.880952380952381,0,0
20260928,UCSes4X8uDrpc4X46hJKjejg,PhM-zuCW28M,on_demand,not_subscribed,NL,101,2,1,0,0.06455,0,0,0,0
20260928,UCSes4X8uDrpc4X46hJKjejg,UvWPXkksqmM,on_demand,not_subscribed,US,104,4,30,12,69.308333333333337,342.95,51.805135951661633,8,47.231666666666669
20260928,UCSes4X8uDrpc4X46hJKjejg,Mw1jFzscOXE,on_demand,not_subscribed,BW,104,5,1,1,92.7375,5564.25,111.30726145229046,0,0
20260928,UCSes4X8uDrpc4X46hJKjejg,dgP0I7rPTlU,on_demand,not_subscribed,CA,104,5,3,1,0.57616666666666672,32.25,111.20689655172414,2,0.5375
20260928,UCSes4X8uDrpc4X46hJKjejg,7DD0KNPPL1c,on_demand,not_subscribed,JP,104,5,2,1,0.19583333333333333,9.01,25.742857142857144,0,0
20260928,UCSes4X8uDrpc4X46hJKjejg,CxaOeEyfWXQ,on_demand,not_subscribed,US,104,4,2,1,0.61,34.5,88.461538461538467,0,0
20260928,UCSes4X8uDrpc4X46hJKjejg,5GYyKcjXNN0,on_demand,subscribed,FR,104,4,1,1,1.3083333333333333,78.5,96.913580246913583,0,0
20260928,UCSes4X8uDrpc4X46hJKjejg,QUD-7qlFQUs,on_demand,not_subscribed,US,101,9,2,0,0.048266666666666666,0,0,0,0
20260928,UCSes4X8uDrpc4X46hJKjejg,dgP0I7rPTlU,on_demand,not_subscribed,IN,104,5,4,2,0.62966666666666671,16.795,57.913793103448278,0,0
20260928,UCSes4X8uDrpc4X46hJKjejg,M-M22Ac4CRE,on_demand,not_subscribed,GB,103,10,1,1,0.1199,7.194,21.8,1,0.1199
20260928,UCSes4X8uDrpc4X46hJKjejg,0TDhWq6S65A,on_demand,not_subscribed,US,102,1,1,1,2.44835,146.901,38.355352480417757,0,0
20260928,UCSes4X8uDrpc4X46hJKjejg,9eLKiC65gQ0,on_demand,not_subscribed,US,101,2,1,1,1.9040833333333333,114.245,87.880769230769232,0,0
20260928,UCSes4X8uDrpc4X46hJKjejg,unimgWGUpHM,on_demand,not_subscribed,TT,104,5,1,0,0.037666666666666668,0,0,0,0
20260928,UCSes4X8uDrpc4X46hJKjejg,dgP0I7rPTlU,on_demand,subscribed,PA,101,2,1,0,0.10465,0,0,0,0
20260928,UCSes4X8uDrpc4X46hJKjejg,DjhN1oAGTYA,on_demand,not_subscribed,US,101,9,4,1,1.56305,89.793,30.963103448275863,1,1.49655
20260928,UCSes4X8uDrpc4X46hJKjejg,9zaom3QbjYs,on_demand,not_subscribed,GB,104,4,1,0,0.065,0,0,0,0
20260928,UCSes4X8uDrpc4X46hJKjejg,EhrQWOgY03w,on_demand,subscribed,AU,104,5,1,1,49.81366666666667,2988.82,99.993977919036467,0,0
20260928,UCSes4X8uDrpc4X46hJKjejg,uzUBO8cpUC0,on_demand,not_subscribed,US,104,5,3,1,1.324,78.8,101.02564102564102,0,0
20260928,UCSes4X8uDrpc4X46hJKjejg,BeZUS-lZ4qs,on_demand,not_subscribed,GB,104,4,1,0,0.11166666666666666,0,0,0,0
20260928,UCSes4X8uDrpc4X46hJKjejg,dKoSQ-63gP4,on_demand,not_subscribed,CH,101,2,1,0,0,0,0,0,0
20260928,UCSes4X8uDrpc4X46hJKjejg,cnacOGTA3LU,on_demand,not_subscribed,RS,104,4,1,0,0.073333333333333334,0,0,0,0
20260928,UCSes4X8uDrpc4X46hJKjejg,0b8eta7f8mY,on_demand,not_subscribed,PH,104,4,2,1,0.07166666666666667,3.7,0.70208728652751418,0,0
20260928,UCSes4X8uDrpc4X46hJKjejg,gTMjT4y5LHE,on_demand,not_subscribed,CL,104,5,1,0,0.10516666666666667,0,0,0,0
20260928,UCSes4X8uDrpc4X46hJKjejg,l5M2ICRhyEA,on_demand,not_subscribed,DE,104,5,2,1,0.56528333333333336,28.99,87.848484848484844,0,0
20260928,UCSes4X8uDrpc4X46hJKjejg,dKoSQ-63gP4,on_demand,subscribed,US,102,4,3,2,10.14485,304.104,49.93497536945813,2,10.136800000000001
20260928,UCSes4X8uDrpc4X46hJKjejg,JZgusHsQ0l4,on_demand,not_subscribed,ZA,104,4,2,0,0.025,0,0,0,0
20260928,UCSes4X8uDrpc4X46hJKjejg,BeZUS-lZ4qs,on_demand,subscribed,AU,104,5,1,1,0.0635,3.81,0.12298256939961265,1,0.0635
20260928,UCSes4X8uDrpc4X46hJKjejg,-CjQjOd2JEA,on_demand,subscribed,PH,104,5,2,0,0.1375,0,0,0,0
20260928,UCSes4X8uDrpc4X46hJKjejg,nbPkjNPdK74,on_demand,not_subscribed,CA,104,5,1,0,0.013833333333333333,0,0,0,0
20260928,UCSes4X8uDrpc4X46hJKjejg,5xA-FaYOc_0,on_demand,subscribed,PH,104,5,1,1,0.6855,41.13,93.477272727272734,0,0
20260928,UCSes4X8uDrpc4X46hJKjejg,4kM5P08h3q4,on_demand,not_subscribed,US,104,5,1,1,0.171,10.26,2.7729729729729731,0,0
20260928,UCSes4X8uDrpc4X46hJKjejg,ZYxC81zpCi0,on_demand,not_subscribed,US,104,4,1,1,6.1016666666666666,366.1,11.722702529618957,0,0
20260928,UCSes4X8uDrpc4X46hJKjejg,-CjQjOd2JEA,on_demand,not_subscribed,DE,102,4,4,3,9.28545,182.74166666666667,64.573027090694936,0,0
20260928,UCSes4X8uDrpc4X46hJKjejg,gTMjT4y5LHE,on_demand,not_subscribed,PH,104,5,14,5,9.885,114.042,23.085425101214575,3,6.727666666666666
20260928,UCSes4X8uDrpc4X46hJKjejg,k_Qt4Ilp70c,on_demand,not_subscribed,AU,104,4,1,0,0.018333333333333333,0,0,0,0
20260928,UCSes4X8uDrpc4X46hJKjejg,HVLl_aTeQTE,on_demand,not_subscribed,ZA,104,4,1,0,0.021666666666666667,0,0,0,0
20260928,UCSes4X8uDrpc4X46hJKjejg,YHtB62qU1r8,on_demand,not_subscribed,DE,102,4,1,1,0.66246666666666665,39.748,8.4570212765957447,0,0
20260928,UCSes4X8uDrpc4X46hJKjejg,op6JvrFdWrY,on_demand,not_subscribed,HK,104,4,2,1,0.45833333333333331,27.5,114.58333333333333,0,0
20260928,UCSes4X8uDrpc4X46hJKjejg,mUAP-9mAYUw,on_demand,not_subscribed,GB,104,5,1,1,0.52833333333333332,31.7,44.647887323943664,0,0
20260928,UCSes4X8uDrpc4X46hJKjejg,-CjQjOd2JEA,on_demand,not_subscribed,FR,104,5,4,2,2.5558833333333335,73.345,25.916961130742049,0,0
20260928,UCSes4X8uDrpc4X46hJKjejg,YHtB62qU1r8,on_demand,not_subscribed,FR,104,5,2,1,6.2616666666666667,373.99,79.57234042553192,0,0
20260928,UCSes4X8uDrpc4X46hJKjejg,9LFMqUAyB_U,on_demand,not_subscribed,US,102,19,1,1,0.50721666666666665,30.433,3.5761457109283197,0,0
20260928,UCSes4X8uDrpc4X46hJKjejg,6ljakZEWb0o,on_demand,not_subscribed,US,103,17,1,1,0.30235,18.141,0.65656894679695987,0,0
20260928,UCSes4X8uDrpc4X46hJKjejg,4rZ8j7jxsMI,on_demand,not_subscribed,US,104,5,1,1,0.796,47.76,68.228571428571428,0,0
20260928,UCSes4X8uDrpc4X46hJKjejg,Rl73WZoqKzE,on_demand,not_subscribed,FR,103,10,1,1,9.7669,586.014,98.324496644295309,0,0
20260928,UCSes4X8uDrpc4X46hJKjejg,LguyQAIoKlA,on_demand,not_subscribed,US,104,4,7,1,1.6063333333333334,80,1.8103643358225843,1,1.3333333333333333
20260928,UCSes4X8uDrpc4X46hJKjejg,e7CxdG8sNlA,on_demand,not_subscribed,US,101,9,8,5,30.691383333333334,367.71799999999996,77.41431578947369,0,0
20260928,UCSes4X8uDrpc4X46hJKjejg,6wZwOsYD9rQ,on_demand,not_subscribed,US,104,5,1,0,0.031,0,0,0,0
20260928,UCSes4X8uDrpc4X46hJKjejg,tvcu9WeDJD4,on_demand,not_subscribed,IL,101,9,1,1,5.9239333333333333,355.436,91.137435897435893,0,0
20260928,UCSes4X8uDrpc4X46hJKjejg,J6rzMuvuMuo,on_demand,not_subscribed,CA,104,4,3,2,0.215,6.45,8.9583333333333339,1,0.125
20260928,UCSes4X8uDrpc4X46hJKjejg,LoFU5kr6npM,on_demand,subscribed,US,101,2,1,1,0.39073333333333332,23.444,1.0105172413793104,0,0
20260928,UCSes4X8uDrpc4X46hJKjejg,-CjQjOd2JEA,on_demand,not_subscribed,BB,101,9,1,1,4.4537666666666667,267.226,94.426148409894,0,0
20260928,UCSes4X8uDrpc4X46hJKjejg,dKoSQ-63gP4,on_demand,not_subscribed,FR,101,9,1,1,1.2512333333333334,75.074,12.327422003284072,1,1.2512333333333334
20260928,UCSes4X8uDrpc4X46hJKjejg,dKoSQ-63gP4,on_demand,not_subscribed,US,105,4,2,1,8.214,490.9,80.607553366174059,0,0
20260928,UCSes4X8uDrpc4X46hJKjejg,gmPsKXt4foY,on_demand,subscribed,FR,104,4,1,1,0.45,27,60,0,0
20260928,UCSes4X8uDrpc4X46hJKjejg,op6JvrFdWrY,on_demand,subscribed,PT,104,4,1,0,0.066666666666666666,0,0,0,0
20260928,UCSes4X8uDrpc4X46hJKjejg,0JHD_pApR7w,on_demand,not_subscribed,FR,101,2,1,0,0.00086666666666666663,0,0,0,0
20260928,UCSes4X8uDrpc4X46hJKjejg,J6rzMuvuMuo,on_demand,not_subscribed,IN,104,4,1,1,0.25,15,20.833333333333332,0,0
20260928,UCSes4X8uDrpc4X46hJKjejg,gTMjT4y5LHE,on_demand,not_subscribed,HK,101,2,1,0,0.019466666666666667,0,0,0,0
20260928,UCSes4X8uDrpc4X46hJKjejg,-CjQjOd2JEA,on_demand,not_subscribed,IS,102,29,1,1,2.46,147.6,52.155477031802121,0,0
20260928,UCSes4X8uDrpc4X46hJKjejg,-CjQjOd2JEA,on_demand,not_subscribed,GB,104,4,12,5,15.151666666666667,180.9,63.922261484098939,1,1.8816666666666666
20260928,UCSes4X8uDrpc4X46hJKjejg,M-M22Ac4CRE,on_demand,subscribed,ES,101,9,1,0,0.0417,0,0,0,0
20260928,UCSes4X8uDrpc4X46hJKjejg,e7CxdG8sNlA,on_demand,subscribed,US,102,19,1,1,7.6152,456.912,96.192,0,0
20260928,UCSes4X8uDrpc4X46hJKjejg,YHtB62qU1r8,on_demand,not_subscribed,GB,104,4,6,3,11.161666666666667,221.26666666666665,47.078014184397162,1,0.93333333333333335
20260928,UCSes4X8uDrpc4X46hJKjejg,2n5LJUyMtAk,on_demand,subscribed,GB,101,2,1,0,0.023066666666666666,0,0,0,0
20260928,UCSes4X8uDrpc4X46hJKjejg,BeZUS-lZ4qs,on_demand,not_subscribed,MT,104,5,1,1,42.991166666666665,2579.47,83.262427372498379,1,42.991166666666665
20260928,UCSes4X8uDrpc4X46hJKjejg,6ljakZEWb0o,on_demand,not_subscribed,VN,104,4,1,0,0,0,0,0,0
20260928,UCSes4X8uDrpc4X46hJKjejg,6ljakZEWb0o,on_demand,subscribed,BB,104,4,1,0,0.076666666666666661,0,0,0,0
20260928,UCSes4X8uDrpc4X46hJKjejg,0b8eta7f8mY,on_demand,not_subscribed,AU,104,4,1,0,0.10333333333333333,0,0,0,0
20260928,UCSes4X8uDrpc4X46hJKjejg,UvWPXkksqmM,on_demand,subscribed,FR,101,9,2,1,0.18335,10.173,1.5367069486404834,0,0
20260928,UCSes4X8uDrpc4X46hJKjejg,eu62r4NZQ3Q,on_demand,not_subscribed,SI,101,1,1,1,4.84355,290.613,144.58358208955224,0,0
20260928,UCSes4X8uDrpc4X46hJKjejg,-CjQjOd2JEA,on_demand,subscribed,AU,104,5,1,1,0.5708333333333333,34.25,12.102473498233216,0,0
20260928,UCSes4X8uDrpc4X46hJKjejg,6DF37rM0hQ4,on_demand,not_subscribed,US,104,4,4,0,0.09166666666666666,0,0,0,0
20260928,UCSes4X8uDrpc4X46hJKjejg,a_gJeGCqf4g,on_demand,not_subscribed,US,104,4,2,2,1.215,36.45,57.857142857142854,0,0
20260928,UCSes4X8uDrpc4X46hJKjejg,IkDS7ZhVkA4,on_demand,not_subscribed,AU,101,2,2,2,7.8020333333333332,234.061,10.141291161178509,2,7.8020333333333332
20260928,UCSes4X8uDrpc4X46hJKjejg,gTMjT4y5LHE,on_demand,not_subscribed,AU,104,5,42,13,46.102333333333334,207.97384615384615,42.099968857053881,2,14.649000000000001
20260928,UCSes4X8uDrpc4X46hJKjejg,LoFU5kr6npM,on_demand,subscribed,IL,102,4,1,1,0.52751666666666663,31.651,1.3642672413793104,0,0
20260928,UCSes4X8uDrpc4X46hJKjejg,5GYyKcjXNN0,on_demand,not_subscribed,CA,102,19,2,1,2.5325166666666665,151.951,187.59382716049382,0,0
20260928,UCSes4X8uDrpc4X46hJKjejg,-CjQjOd2JEA,on_demand,not_subscribed,MU,102,19,1,1,0.60976666666666668,36.586,12.927915194346289,0,0
20260928,UCSes4X8uDrpc4X46hJKjejg,MEHDJ9V-lIk,on_demand,not_subscribed,US,103,10,8,6,57.725833333333334,576.49266666666665,27.985080906148866,5,57.1819
20260928,UCSes4X8uDrpc4X46hJKjejg,J6rzMuvuMuo,on_demand,subscribed,US,104,5,2,1,1.3225,79.35,110.20833333333333,0,0
20260928,UCSes4X8uDrpc4X46hJKjejg,-k1Ng7TE63Q,on_demand,not_subscribed,US,101,2,2,1,0.49566666666666664,29.74,99.13333333333334,2,0.49566666666666664
20260928,UCSes4X8uDrpc4X46hJKjejg,dKoSQ-63gP4,on_demand,not_subscribed,US,102,29,47,34,89.39155,156.65344117647058,25.72306094851734,7,9.5574
20260928,UCSes4X8uDrpc4X46hJKjejg,VT3i2NART58,on_demand,not_subscribed,PH,105,4,1,1,0.64256666666666662,38.554,1.5520933977455718,0,0
20260928,UCSes4X8uDrpc4X46hJKjejg,HtZ8tDkeGJY,on_demand,not_subscribed,ES,101,2,1,1,0.6871666666666667,41.23,69.881355932203391,0,0
20260928,UCSes4X8uDrpc4X46hJKjejg,sRIO-T5dRjA,on_demand,not_subscribed,CA,104,5,2,1,0.41583333333333333,24.95,89.107142857142861,2,0.41583333333333333
20260928,UCSes4X8uDrpc4X46hJKjejg,UvWPXkksqmM,on_demand,not_subscribed,TT,102,19,1,0,0.10576666666666666,0,0,0,0
20260928,UCSes4X8uDrpc4X46hJKjejg,6ljakZEWb0o,on_demand,not_subscribed,HK,104,4,3,0,0.063333333333333339,0,0,0,0
20260928,UCSes4X8uDrpc4X46hJKjejg,BeZUS-lZ4qs,on_demand,not_subscribed,DE,104,4,2,0,0.0066666666666666671,0,0,0,0
20260928,UCSes4X8uDrpc4X46hJKjejg,BeZUS-lZ4qs,on_demand,not_subscribed,ES,104,5,1,0,0.020333333333333332,0,0,0,0
20260928,UCSes4X8uDrpc4X46hJKjejg,MEHDJ9V-lIk,on_demand,not_subscribed,TW,102,4,1,1,0.31696666666666667,19.018,0.92320388349514559,0,0
20260928,UCSes4X8uDrpc4X46hJKjejg,gmPsKXt4foY,on_demand,subscribed,CA,101,2,2,1,0.7825,46.95,104.33333333333333,2,0.7825
20260928,UCSes4X8uDrpc4X46hJKjejg,59M8g_I818w,on_demand,not_subscribed,RS,101,2,1,0,0.12746666666666667,0,0,0,0
20260928,UCSes4X8uDrpc4X46hJKjejg,JZgusHsQ0l4,on_demand,not_subscribed,US,102,4,2,1,1.5170333333333332,91.022,175.0423076923077,0,0
20260928,UCSes4X8uDrpc4X46hJKjejg,2n5LJUyMtAk,on_demand,not_subscribed,VI,102,4,1,1,0.66343333333333332,39.806,7.8823762376237623,0,0
20260928,UCSes4X8uDrpc4X46hJKjejg,UvWPXkksqmM,on_demand,subscribed,US,102,29,1,0,0.075833333333333336,0,0,0,0
20260928,UCSes4X8uDrpc4X46hJKjejg,ID5K-VWCXew,on_demand,not_subscribed,JP,104,4,2,1,0.50166666666666671,30.1,100.33333333333333,0,0
20260928,UCSes4X8uDrpc4X46hJKjejg,YHtB62qU1r8,on_demand,not_subscribed,HK,102,19,1,1,0.34233333333333332,20.54,4.3702127659574472,0,0
20260928,UCSes4X8uDrpc4X46hJKjejg,YHtB62qU1r8,on_demand,not_subscribed,PT,101,9,1,0,0.06295,0,0,0,0
20260928,UCSes4X8uDrpc4X46hJKjejg,gmPsKXt4foY,on_demand,not_subscribed,IL,104,5,1,0,0.021166666666666667,0,0,0,0
20260928,UCSes4X8uDrpc4X46hJKjejg,l5M2ICRhyEA,on_demand,not_subscribed,TH,101,9,2,0,0.068933333333333333,0,0,0,0
20260928,UCSes4X8uDrpc4X46hJKjejg,gTMjT4y5LHE,on_demand,subscribed,PH,105,5,1,1,1.6076666666666666,96.46,19.526315789473685,0,0
20260928,UCSes4X8uDrpc4X46hJKjejg,gw79jVAmrx0,on_demand,not_subscribed,US,102,19,1,0,0.032316666666666667,0,0,0,0
20260928,UCSes4X8uDrpc4X46hJKjejg,tIFk16TQrU4,on_demand,subscribed,IN,104,4,2,1,0.625,37.5,110.29411764705883,0,0
20260928,UCSes4X8uDrpc4X46hJKjejg,SzAT_OV8iGk,on_demand,subscribed,US,104,4,2,1,0.745,44.7,111.75,0,0
20260928,UCSes4X8uDrpc4X46hJKjejg,BeZUS-lZ4qs,on_demand,not_subscribed,DK,104,5,2,0,0.034833333333333334,0,0,0,0
20260928,UCSes4X8uDrpc4X46hJKjejg,tvcu9WeDJD4,on_demand,not_subscribed,FR,101,2,1,0,0.011633333333333334,0,0,0,0
20260928,UCSes4X8uDrpc4X46hJKjejg,KWIVBbqRwZ8,on_demand,not_subscribed,AU,104,5,1,1,0.25616666666666665,15.37,42.694444444444443,1,0.25616666666666665
20260928,UCSes4X8uDrpc4X46hJKjejg,ze7OyP5UN9w,on_demand,not_subscribed,US,104,4,1,1,1.0016666666666667,60.1,88.382352941176464,0,0
20260928,UCSes4X8uDrpc4X46hJKjejg,JZgusHsQ0l4,on_demand,not_subscribed,PH,101,9,4,1,1.1838333333333333,68.277,131.30192307692309,0,0
20260928,UCSes4X8uDrpc4X46hJKjejg,gTMjT4y5LHE,on_demand,not_subscribed,PT,102,19,1,1,7.5588333333333333,453.53,91.8076923076923,0,0
20260928,UCSes4X8uDrpc4X46hJKjejg,HwWx5nhjCx8,on_demand,not_subscribed,GB,101,2,1,0,0.0267,0,0,0,0
20260928,UCSes4X8uDrpc4X46hJKjejg,BeZUS-lZ4qs,on_demand,not_subscribed,UG,104,5,1,1,21.987166666666667,1319.23,42.583279535183991,0,0
20260928,UCSes4X8uDrpc4X46hJKjejg,BeZUS-lZ4qs,on_demand,not_subscribed,UA,104,5,1,1,46.6245,2797.47,90.299225306649447,1,46.6245
20260928,UCSes4X8uDrpc4X46hJKjejg,kAwxRTy15kQ,on_demand,subscribed,US,104,4,2,0,0.025,0,0,0,0
20260928,UCSes4X8uDrpc4X46hJKjejg,itfxfmA1F64,on_demand,not_subscribed,NZ,101,2,1,1,1.43985,86.391,110.75769230769231,0,0
20260928,UCSes4X8uDrpc4X46hJKjejg,Rl73WZoqKzE,on_demand,subscribed,PH,101,2,2,0,0.049333333333333333,0,0,0,0
20260928,UCSes4X8uDrpc4X46hJKjejg,iOURk-GhPG0,on_demand,not_subscribed,US,104,5,18,11,3.7693333333333334,20.066818181818181,69.195924764890279,2,0.20683333333333334
20260928,UCSes4X8uDrpc4X46hJKjejg,op6JvrFdWrY,on_demand,not_subscribed,CA,105,5,1,0,0.056833333333333333,0,0,0,0
20260928,UCSes4X8uDrpc4X46hJKjejg,0JHD_pApR7w,on_demand,not_subscribed,AU,102,19,1,1,1.1298,67.788,98.243478260869566,0,0
20260928,UCSes4X8uDrpc4X46hJKjejg,JZgusHsQ0l4,on_demand,not_subscribed,LK,101,2,3,1,0.8884333333333333,52.711,101.36730769230769,2,0.87851666666666661
20260928,UCSes4X8uDrpc4X46hJKjejg,dKoSQ-63gP4,on_demand,subscribed,US,104,4,14,9,34.785,231.43333333333334,38.002189381499726,4,4.9883333333333333
20260928,UCSes4X8uDrpc4X46hJKjejg,iOURk-GhPG0,on_demand,subscribed,DE,101,2,2,0,0.06511666666666667,0,0,2,0.06511666666666667
20260928,UCSes4X8uDrpc4X46hJKjejg,Rl73WZoqKzE,on_demand,not_subscribed,FR,101,2,2,1,4.0299,238.826,40.071476510067114,0,0
20260928,UCSes4X8uDrpc4X46hJKjejg,op6JvrFdWrY,on_demand,not_subscribed,IN,105,5,2,1,0.4095,24.57,102.375,0,0
20260928,UCSes4X8uDrpc4X46hJKjejg,-CjQjOd2JEA,on_demand,not_subscribed,DE,104,4,3,1,4.14,243.7,86.113074204947,0,0
20260928,UCSes4X8uDrpc4X46hJKjejg,2n5LJUyMtAk,on_demand,not_subscribed,US,104,5,1112,445,1758.2070333333334,233.74186741573033,46.285518300144624,57,306.58414999999997
20260928,UCSes4X8uDrpc4X46hJKjejg,-CjQjOd2JEA,on_demand,not_subscribed,ES,104,5,1,1,4.4725,268.35,94.823321554770317,1,4.4725
20260928,UCSes4X8uDrpc4X46hJKjejg,gTMjT4y5LHE,on_demand,not_subscribed,GB,105,4,2,2,2.4366666666666665,73.1,14.79757085020243,0,0
20260928,UCSes4X8uDrpc4X46hJKjejg,5GYyKcjXNN0,on_demand,subscribed,US,102,28,1,1,0.49143333333333333,29.486,36.40246913580247,0,0
20260928,UCSes4X8uDrpc4X46hJKjejg,0nYtXNTW54c,on_demand,not_subscribed,NZ,104,5,2,1,0.85333333333333339,51.2,131.28205128205127,0,0
20260928,UCSes4X8uDrpc4X46hJKjejg,2n5LJUyMtAk,on_demand,subscribed,DE,101,2,2,0,0.099,0,0,0,0
20260928,UCSes4X8uDrpc4X46hJKjejg,mza6X5H4Mzs,on_demand,not_subscribed,CA,102,29,1,0,0.0058333333333333336,0,0,0,0
20260928,UCSes4X8uDrpc4X46hJKjejg,unimgWGUpHM,on_demand,not_subscribed,GR,104,4,1,0,0.041666666666666664,0,0,0,0
20260928,UCSes4X8uDrpc4X46hJKjejg,BeZUS-lZ4qs,on_demand,not_subscribed,TT,104,5,1,1,33.814,2028.84,65.488702388637833,0,0
20260928,UCSes4X8uDrpc4X46hJKjejg,UOsqGlestSU,on_demand,not_subscribed,DE,104,4,1,1,0.47833333333333333,28.7,34.578313253012048,1,0.47833333333333333
20260928,UCSes4X8uDrpc4X46hJKjejg,0JHD_pApR7w,on_demand,not_subscribed,JP,104,4,1,0,0.036666666666666667,0,0,0,0
20260928,UCSes4X8uDrpc4X46hJKjejg,0b8eta7f8mY,on_demand,not_subscribed,US,101,30,3,2,0.16996666666666665,3.9995,0.75891840607210626,0,0
20260928,UCSes4X8uDrpc4X46hJKjejg,k4-t8XMp-wg,on_demand,subscribed,CA,104,5,2,0,0.041833333333333333,0,0,0,0
20260928,UCSes4X8uDrpc4X46hJKjejg,5GYyKcjXNN0,on_demand,subscribed,US,102,26,2,1,1.4750166666666666,88.501,109.26049382716049,0,0
20260928,UCSes4X8uDrpc4X46hJKjejg,5GYyKcjXNN0,on_demand,subscribed,TT,104,4,1,1,0.18833333333333332,11.3,13.950617283950617,0,0
20260928,UCSes4X8uDrpc4X46hJKjejg,7DD0KNPPL1c,on_demand,subscribed,US,104,5,2,1,0.5885,35.31,100.88571428571429,2,0.5885
20260928,UCSes4X8uDrpc4X46hJKjejg,HtZ8tDkeGJY,on_demand,not_subscribed,US,105,4,1,1,0.97833333333333339,58.7,99.491525423728817,0,0
20260928,UCSes4X8uDrpc4X46hJKjejg,MEHDJ9V-lIk,on_demand,not_subscribed,SG,104,4,1,0,0.07,0,0,0,0
20260928,UCSes4X8uDrpc4X46hJKjejg,BeZUS-lZ4qs,on_demand,not_subscribed,BR,104,5,1,1,0.70933333333333337,42.56,1.3737895416397676,1,0.70933333333333337
20260928,UCSes4X8uDrpc4X46hJKjejg,ZpuhxsgE-7M,on_demand,not_subscribed,US,104,5,9,4,2.8753333333333333,42.875,112.82894736842105,6,2.6388333333333334
20260928,UCSes4X8uDrpc4X46hJKjejg,-CjQjOd2JEA,on_demand,not_subscribed,LT,104,4,2,0,0.21333333333333335,0,0,0,0
20260928,UCSes4X8uDrpc4X46hJKjejg,I171VNwMlEo,on_demand,not_subscribed,SE,101,9,1,1,32.366166666666665,1941.97,72.569880418535121,0,0
20260928,UCSes4X8uDrpc4X46hJKjejg,gmPsKXt4foY,on_demand,subscribed,NL,104,5,3,2,1.6343333333333334,49.03,108.95555555555555,0,0
20260928,UCSes4X8uDrpc4X46hJKjejg,JZgusHsQ0l4,on_demand,not_subscribed,AU,101,9,4,2,1.7879666666666667,53.639,103.15192307692308,0,0
20260928,UCSes4X8uDrpc4X46hJKjejg,Nl1v5VLkmmE,on_demand,not_subscribed,BZ,104,5,4,1,3.3313333333333333,199.88,350.66666666666669,0,0
20260928,UCSes4X8uDrpc4X46hJKjejg,-CjQjOd2JEA,on_demand,subscribed,GB,102,29,1,1,0.62206666666666666,37.324,13.1886925795053,0,0
20260928,UCSes4X8uDrpc4X46hJKjejg,Rl73WZoqKzE,on_demand,not_subscribed,PH,102,19,1,0,0.066483333333333339,0,0,0,0
20260928,UCSes4X8uDrpc4X46hJKjejg,l5M2ICRhyEA,on_demand,not_subscribed,IR,105,4,2,1,0.56268333333333331,33.761,102.30606060606061,0,0
20260928,UCSes4X8uDrpc4X46hJKjejg,gTMjT4y5LHE,on_demand,not_subscribed,GB,102,29,1,0,0.00425,0,0,0,0
20260928,UCSes4X8uDrpc4X46hJKjejg,-CjQjOd2JEA,on_demand,not_subscribed,UG,104,5,1,0,0.021333333333333333,0,0,0,0
20260928,UCSes4X8uDrpc4X46hJKjejg,UvWPXkksqmM,on_demand,not_subscribed,GH,104,5,1,0,0.060166666666666667,0,0,0,0
20260928,UCSes4X8uDrpc4X46hJKjejg,MEHDJ9V-lIk,on_demand,not_subscribed,US,101,2,28,11,101.08438333333334,548.94627272727269,26.6478773168579,0,0
20260928,UCSes4X8uDrpc4X46hJKjejg,6qJqOrLxJik,on_demand,not_subscribed,US,104,4,1,1,17.925,1075.5,39.951708766716195,0,0
20260928,UCSes4X8uDrpc4X46hJKjejg,yXI5JzLdcwk,on_demand,not_subscribed,US,104,5,17,9,6.4035333333333337,41.638222222222225,52.047777777777775,2,0.63216666666666665
20260928,UCSes4X8uDrpc4X46hJKjejg,fAZy3HtHBzA,on_demand,subscribed,US,103,10,8,4,1.80835,26.78325,83.69765625,2,0.5784
20260928,UCSes4X8uDrpc4X46hJKjejg,XxNpGT_I6mk,on_demand,not_subscribed,ES,101,2,1,0,0.0054,0,0,0,0
20260928,UCSes4X8uDrpc4X46hJKjejg,Za2jZfZdBao,on_demand,not_subscribed,US,104,5,9,3,1.9346666666666668,38.273333333333333,136.6904761904762,0,0
20260928,UCSes4X8uDrpc4X46hJKjejg,YHtB62qU1r8,on_demand,not_subscribed,CH,104,5,4,1,0.6231,34.47,7.3340425531914892,1,0.5745
20260928,UCSes4X8uDrpc4X46hJKjejg,HtZ8tDkeGJY,on_demand,not_subscribed,US,102,29,1,1,0.43306666666666666,25.984,44.0406779661017,0,0
20260928,UCSes4X8uDrpc4X46hJKjejg,fAZy3HtHBzA,on_demand,subscribed,CA,103,17,2,1,0.59711666666666663,35.827,111.959375,0,0
20260928,UCSes4X8uDrpc4X46hJKjejg,PVOl1jy_sPs,on_demand,not_subscribed,US,104,5,1,0,0.052616666666666666,0,0,0,0
20260928,UCSes4X8uDrpc4X46hJKjejg,2n5LJUyMtAk,on_demand,not_subscribed,CA,105,4,1,1,8.41,504.6,99.920792079207928,0,0
20260928,UCSes4X8uDrpc4X46hJKjejg,84XwX8zGUOk,on_demand,not_subscribed,CA,104,5,3,0,0.22666666666666666,0,0,0,0
20260928,UCSes4X8uDrpc4X46hJKjejg,1Vs6b9DRFto,on_demand,not_subscribed,US,102,19,1,1,3.5368833333333334,212.213,62.232551319648096,1,3.5368833333333334
20260928,UCSes4X8uDrpc4X46hJKjejg,gmPsKXt4foY,on_demand,subscribed,UG,104,4,2,1,0.74833333333333329,44.9,99.777777777777771,0,0
20260928,UCSes4X8uDrpc4X46hJKjejg,QUD-7qlFQUs,on_demand,subscribed,PH,104,4,1,1,0.56333333333333335,33.8,61.454545454545453,0,0
20260928,UCSes4X8uDrpc4X46hJKjejg,yqQ_QnY4_XU,on_demand,subscribed,CA,104,5,19,10,7.5108333333333333,44.725,95.159574468085111,1,0.262
20260928,UCSes4X8uDrpc4X46hJKjejg,18S1GBfKaIo,on_demand,not_subscribed,US,104,5,6,4,50.688833333333335,759.4525,23.614816542288558,0,0
20260928,UCSes4X8uDrpc4X46hJKjejg,gTMjT4y5LHE,on_demand,not_subscribed,DO,101,2,1,0,0.02565,0,0,0,0
20260928,UCSes4X8uDrpc4X46hJKjejg,UvWPXkksqmM,on_demand,not_subscribed,DE,103,10,1,1,2.9927333333333332,179.564,27.124471299093656,0,0
20260928,UCSes4X8uDrpc4X46hJKjejg,-CjQjOd2JEA,on_demand,not_subscribed,TT,104,5,1,0,0.010333333333333333,0,0,0,0
20260928,UCSes4X8uDrpc4X46hJKjejg,l5M2ICRhyEA,on_demand,not_subscribed,IT,104,5,1,0,0.0175,0,0,1,0.0175
20260928,UCSes4X8uDrpc4X46hJKjejg,-CjQjOd2JEA,on_demand,not_subscribed,RS,104,4,4,1,4.7266666666666666,281.4,99.434628975265014,0,0
20260928,UCSes4X8uDrpc4X46hJKjejg,do4cUugrzEw,on_demand,not_subscribed,US,101,2,1,1,0.83713333333333328,50.228,85.132203389830508,0,0
20260928,UCSes4X8uDrpc4X46hJKjejg,gmPsKXt4foY,on_demand,subscribed,CH,104,4,1,1,0.245,14.7,32.666666666666664,0,0
20260928,UCSes4X8uDrpc4X46hJKjejg,oujDWGTay-Q,on_demand,not_subscribed,AU,102,4,1,1,1.2376,74.256,99.008,1,1.2376
20260928,UCSes4X8uDrpc4X46hJKjejg,jB_in2f-k-M,on_demand,subscribed,CA,104,5,1,1,0.6195,37.17,1.5183823529411764,1,0.6195
20260928,UCSes4X8uDrpc4X46hJKjejg,gTMjT4y5LHE,on_demand,not_subscribed,US,102,21,1,1,4.9639666666666669,297.838,60.291093117408906,0,0
20260928,UCSes4X8uDrpc4X46hJKjejg,RivhYbILNsY,on_demand,not_subscribed,US,104,4,2,0,0,0,0,0,0
20260928,UCSes4X8uDrpc4X46hJKjejg,JZgusHsQ0l4,on_demand,subscribed,JP,104,4,3,1,0.955,55.5,106.73076923076923,0,0
20260928,UCSes4X8uDrpc4X46hJKjejg,-CjQjOd2JEA,on_demand,not_subscribed,BR,104,5,4,4,6.291,94.365,33.344522968197879,1,3.4573333333333331
20260928,UCSes4X8uDrpc4X46hJKjejg,JZgusHsQ0l4,on_demand,not_subscribed,US,104,4,67,21,18.459683333333334,50.137190476190483,96.417673992674,3,1.0983333333333334
20260928,UCSes4X8uDrpc4X46hJKjejg,5GYyKcjXNN0,on_demand,not_subscribed,CA,102,1,1,0,0.048683333333333335,0,0,0,0
20260928,UCSes4X8uDrpc4X46hJKjejg,Rl73WZoqKzE,on_demand,not_subscribed,GY,104,4,2,0,0.135,0,0,0,0
20260928,UCSes4X8uDrpc4X46hJKjejg,YHtB62qU1r8,on_demand,not_subscribed,BR,104,5,1,1,7.442166666666667,446.53,95.006382978723408,0,0
20260928,UCSes4X8uDrpc4X46hJKjejg,op6JvrFdWrY,on_demand,subscribed,CA,104,5,12,5,2.2836666666666665,25.674,106.975,3,0.46416666666666667
20260928,UCSes4X8uDrpc4X46hJKjejg,Rl73WZoqKzE,on_demand,subscribed,ZA,104,4,2,1,9.765,585.9,98.305369127516784,0,0
20260928,UCSes4X8uDrpc4X46hJKjejg,9OXgFI1_qzs,on_demand,not_subscribed,US,104,4,1,1,0.13166666666666665,7.9,16.458333333333332,0,0
20260928,UCSes4X8uDrpc4X46hJKjejg,Rl73WZoqKzE,on_demand,not_subscribed,BR,103,10,1,0,0.0013666666666666666,0,0,1,0.0013666666666666666
20260928,UCSes4X8uDrpc4X46hJKjejg,l5M2ICRhyEA,on_demand,not_subscribed,ID,101,2,2,0,0.1267,0,0,0,0
20260928,UCSes4X8uDrpc4X46hJKjejg,gTMjT4y5LHE,on_demand,not_subscribed,NL,102,31,1,0,0.063133333333333333,0,0,0,0
20260928,UCSes4X8uDrpc4X46hJKjejg,2vf4qDJNyOw,on_demand,not_subscribed,TT,102,31,1,1,8.87465,532.479,96.289150090415916,0,0
20260928,UCSes4X8uDrpc4X46hJKjejg,HVLl_aTeQTE,on_demand,not_subscribed,US,104,4,5,2,1.7583333333333333,51.85,115.22222222222223,0,0
20260928,UCSes4X8uDrpc4X46hJKjejg,2n5LJUyMtAk,on_demand,not_subscribed,CA,102,29,3,2,8.51975,252.219,49.944356435643563,0,0
20260928,UCSes4X8uDrpc4X46hJKjejg,6ljakZEWb0o,on_demand,not_subscribed,NO,101,2,1,0,0.014783333333333334,0,0,0,0
20260928,UCSes4X8uDrpc4X46hJKjejg,5GYyKcjXNN0,on_demand,not_subscribed,GU,104,5,1,1,0.117,7.02,8.6666666666666661,0,0
20260928,UCSes4X8uDrpc4X46hJKjejg,2n5LJUyMtAk,on_demand,subscribed,US,105,5,2,2,10.264,307.92,60.974257425742572,1,8.1016666666666666
20260928,UCSes4X8uDrpc4X46hJKjejg,cRJ3dfuOiik,on_demand,not_subscribed,DE,104,4,5,2,0.89166666666666672,24.3,69.428571428571431,0,0
20260928,UCSes4X8uDrpc4X46hJKjejg,k3pJGiIh1RE,on_demand,not_subscribed,GB,104,4,2,1,0.85166666666666668,51.1,100.19607843137256,0,0
20260928,UCSes4X8uDrpc4X46hJKjejg,LoFU5kr6npM,on_demand,not_subscribed,US,102,1,1,0,0.053016666666666663,0,0,1,0.053016666666666663
20260928,UCSes4X8uDrpc4X46hJKjejg,ID5K-VWCXew,on_demand,not_subscribed,NO,104,5,3,1,0.572,33.89,112.96666666666667,0,0
20260928,UCSes4X8uDrpc4X46hJKjejg,po8YrSQivoM,on_demand,not_subscribed,US,102,12,2,1,0.3576,15.833,0.46133449883449884,0,0
20260928,UCSes4X8uDrpc4X46hJKjejg,gmPsKXt4foY,on_demand,subscribed,BR,104,4,1,0,0.016666666666666666,0,0,0,0
20260928,UCSes4X8uDrpc4X46hJKjejg,gmPsKXt4foY,on_demand,not_subscribed,PR,104,5,4,3,1.9346666666666668,38.693333333333335,85.985185185185188,0,0
20260928,UCSes4X8uDrpc4X46hJKjejg,0lbad9fh3KM,on_demand,not_subscribed,US,104,5,1,0,0.0215,0,0,0,0
20260928,UCSes4X8uDrpc4X46hJKjejg,Uo7rmLN6ANk,on_demand,not_subscribed,US,102,19,1,0,0.013116666666666667,0,0,0,0
20260928,UCSes4X8uDrpc4X46hJKjejg,Rl73WZoqKzE,on_demand,not_subscribed,JP,104,4,2,0,0.028333333333333332,0,0,0,0
20260928,UCSes4X8uDrpc4X46hJKjejg,unimgWGUpHM,on_demand,subscribed,BE,101,2,2,1,0.85816666666666663,51.49,122.5952380952381,0,0
20260928,UCSes4X8uDrpc4X46hJKjejg,ksJXns6KZJE,on_demand,not_subscribed,DE,104,4,1,1,0.98,58.8,78.4,0,0
20260928,UCSes4X8uDrpc4X46hJKjejg,gTMjT4y5LHE,on_demand,not_subscribed,HK,101,9,1,0,0.007116666666666667,0,0,0,0
20260928,UCSes4X8uDrpc4X46hJKjejg,JZgusHsQ0l4,on_demand,not_subscribed,CR,101,2,1,0,0.016083333333333335,0,0,0,0
20260928,UCSes4X8uDrpc4X46hJKjejg,HtZ8tDkeGJY,on_demand,subscribed,US,104,4,7,3,1.5133333333333334,28.633333333333336,48.531073446327682,2,0.47666666666666668
20260928,UCSes4X8uDrpc4X46hJKjejg,Cz8fYLAz-Uo,on_demand,not_subscribed,TH,101,2,1,1,0.19948333333333335,11.969,17.864179104477611,1,0.19948333333333335
20260928,UCSes4X8uDrpc4X46hJKjejg,gmPsKXt4foY,on_demand,not_subscribed,AR,104,4,2,1,1.0916666666666666,65.5,145.55555555555554,0,0
20260928,UCSes4X8uDrpc4X46hJKjejg,unimgWGUpHM,on_demand,not_subscribed,GB,105,5,1,1,0.0875,5.25,12.5,0,0
20260928,UCSes4X8uDrpc4X46hJKjejg,3oF068CdTYo,on_demand,not_subscribed,DE,104,4,2,2,0.85166666666666668,25.55,75.1470588235294,0,0
20260928,UCSes4X8uDrpc4X46hJKjejg,yTQv3l6WIPk,on_demand,not_subscribed,US,101,9,1,0,0.0030333333333333332,0,0,0,0
20260928,UCSes4X8uDrpc4X46hJKjejg,M-M22Ac4CRE,on_demand,not_subscribed,US,105,5,6,3,1.8283333333333334,36.56666666666667,110.8080808080808,0,0
20260928,UCSes4X8uDrpc4X46hJKjejg,VEECY3LVcsA,on_demand,not_subscribed,US,104,5,3,2,0.9835,29.505,86.779411764705884,0,0
20260928,UCSes4X8uDrpc4X46hJKjejg,x9aP35H3Wlc,on_demand,subscribed,GE,104,5,1,0,0.007,0,0,0,0
20260928,UCSes4X8uDrpc4X46hJKjejg,gTMjT4y5LHE,on_demand,not_subscribed,PT,102,1,1,1,7.9385666666666665,476.314,96.419838056680163,0,0
20260928,UCSes4X8uDrpc4X46hJKjejg,ZojqfXQwdX8,on_demand,not_subscribed,US,102,4,2,2,4.5335666666666663,136.007,42.90441640378549,2,4.5335666666666663
20260928,UCSes4X8uDrpc4X46hJKjejg,XTGlwLovDD0,on_demand,not_subscribed,AU,102,4,1,0,0.057083333333333333,0,0,0,0
20260928,UCSes4X8uDrpc4X46hJKjejg,fAZy3HtHBzA,on_demand,subscribed,TH,104,4,2,1,0.71333333333333337,42.8,133.75,0,0
20260928,UCSes4X8uDrpc4X46hJKjejg,gmPsKXt4foY,on_demand,not_subscribed,PH,105,5,1,1,0.2355,14.13,31.4,0,0
20260928,UCSes4X8uDrpc4X46hJKjejg,_KF3WL1C1Jo,on_demand,not_subscribed,US,104,5,1,1,0.6216666666666667,37.3,57.384615384615387,0,0
20260928,UCSes4X8uDrpc4X46hJKjejg,HtZ8tDkeGJY,on_demand,not_subscribed,IS,103,10,1,1,0.10903333333333333,6.542,11.08813559322034,0,0
20260928,UCSes4X8uDrpc4X46hJKjejg,sggGghEhkSw,on_demand,not_subscribed,US,102,29,1,0,0.0099833333333333336,0,0,0,0
20260928,UCSes4X8uDrpc4X46hJKjejg,gmPsKXt4foY,on_demand,not_subscribed,TN,104,4,1,1,0.185,11.1,24.666666666666668,0,0
20260928,UCSes4X8uDrpc4X46hJKjejg,ID5K-VWCXew,on_demand,subscribed,US,104,4,8,4,1.2966666666666666,17.775,59.25,0,0
20260928,UCSes4X8uDrpc4X46hJKjejg,BeZUS-lZ4qs,on_demand,not_subscribed,IT,104,4,3,0,0.055,0,0,0,0
20260928,UCSes4X8uDrpc4X46hJKjejg,-CjQjOd2JEA,on_demand,not_subscribed,FI,104,4,1,0,0.026666666666666668,0,0,0,0
20260928,UCSes4X8uDrpc4X46hJKjejg,oujDWGTay-Q,on_demand,not_subscribed,PH,104,4,2,1,0.5083333333333333,30.2,40.266666666666666,0,0
20260928,UCSes4X8uDrpc4X46hJKjejg,JZgusHsQ0l4,on_demand,not_subscribed,AE,104,4,1,0,0.023333333333333334,0,0,0,0
20260928,UCSes4X8uDrpc4X46hJKjejg,2n5LJUyMtAk,on_demand,subscribed,FI,101,2,1,1,4.6377666666666668,278.266,55.10217821782178,0,0
20260928,UCSes4X8uDrpc4X46hJKjejg,2n5LJUyMtAk,on_demand,subscribed,CA,104,4,1,0,0.01,0,0,0,0
20260928,UCSes4X8uDrpc4X46hJKjejg,6ljakZEWb0o,on_demand,subscribed,CA,104,5,6,3,46.840333333333334,934.5333333333333,33.823139100012064,0,0
20260928,UCSes4X8uDrpc4X46hJKjejg,0b8eta7f8mY,on_demand,not_subscribed,CA,102,19,1,1,4.830283333333333,289.817,54.993738140417456,0,0
20260928,UCSes4X8uDrpc4X46hJKjejg,fAZy3HtHBzA,on_demand,subscribed,US,101,2,26,10,8.2040833333333332,48.038,150.11875,6,1.1399666666666666
20260928,UCSes4X8uDrpc4X46hJKjejg,JZgusHsQ0l4,on_demand,not_subscribed,DK,102,19,1,1,0.65226666666666666,39.136,75.261538461538464,0,0
20260928,UCSes4X8uDrpc4X46hJKjejg,YWmM-Tkjmvo,on_demand,not_subscribed,US,102,29,10,9,21.634866666666667,143.912,49.969444444444441,0,0
20260928,UCSes4X8uDrpc4X46hJKjejg,31srqzp4PA8,on_demand,not_subscribed,GB,104,4,1,1,0.71166666666666667,42.7,92.826086956521735,0,0
20260928,UCSes4X8uDrpc4X46hJKjejg,Ighg-kbn1AM,on_demand,subscribed,CA,104,5,1,1,0.039833333333333332,2.39,4.192982456140351,0,0
20260928,UCSes4X8uDrpc4X46hJKjejg,YWmM-Tkjmvo,on_demand,not_subscribed,AU,102,1,3,2,4.8577833333333329,145.6725,50.580729166666664,0,0
20260928,UCSes4X8uDrpc4X46hJKjejg,dgP0I7rPTlU,on_demand,not_subscribed,MY,104,4,1,1,0.14166666666666666,8.5,29.310344827586206,0,0
20260928,UCSes4X8uDrpc4X46hJKjejg,XTGlwLovDD0,on_demand,not_subscribed,US,102,1,1,1,40.404683333333331,2424.281,99.97035051546392,1,40.404683333333331
20260928,UCSes4X8uDrpc4X46hJKjejg,a0gZFheQMtE,on_demand,not_subscribed,US,104,4,1,0,0.02,0,0,0,0
20260928,UCSes4X8uDrpc4X46hJKjejg,yqQ_QnY4_XU,on_demand,not_subscribed,BB,104,5,2,1,0.84683333333333333,50.81,108.1063829787234,0,0
20260928,UCSes4X8uDrpc4X46hJKjejg,ABlbRTTk1ek,on_demand,not_subscribed,ES,104,5,1,1,0.572,34.32,92.756756756756758,0,0
20260928,UCSes4X8uDrpc4X46hJKjejg,yqQ_QnY4_XU,on_demand,not_subscribed,ZA,101,2,1,1,0.20536666666666667,12.322,26.217021276595744,0,0
20260928,UCSes4X8uDrpc4X46hJKjejg,wb2ebOkk2gE,on_demand,subscribed,US,104,5,1,0,0.010666666666666666,0,0,0,0
20260928,UCSes4X8uDrpc4X46hJKjejg,Rl73WZoqKzE,on_demand,subscribed,US,102,4,4,2,10.467566666666666,311.595,52.281040268456373,0,0
20260928,UCSes4X8uDrpc4X46hJKjejg,5GYyKcjXNN0,on_demand,not_subscribed,FR,104,5,1,1,0.2235,13.41,16.555555555555557,1,0.2235
20260928,UCSes4X8uDrpc4X46hJKjejg,6DF37rM0hQ4,on_demand,not_subscribed,GB,101,2,2,1,1.6302166666666666,90.073,95.82234042553192,0,0
20260928,UCSes4X8uDrpc4X46hJKjejg,Uo7rmLN6ANk,on_demand,not_subscribed,PH,102,4,1,1,0.18233333333333332,10.94,0.41996161228406909,0,0
20260928,UCSes4X8uDrpc4X46hJKjejg,IkDS7ZhVkA4,on_demand,not_subscribed,US,104,4,9,1,0.64195,22.9,0.99220103986135177,0,0
20260928,UCSes4X8uDrpc4X46hJKjejg,5Bridlnnqsk,on_demand,not_subscribed,BS,101,2,1,1,0.32978333333333332,19.787,8.2790794979079489,0,0
20260928,UCSes4X8uDrpc4X46hJKjejg,oclZFI8L9Sw,on_demand,not_subscribed,KE,104,4,1,1,0.10166666666666667,6.1,7.1764705882352944,0,0
20260928,UCSes4X8uDrpc4X46hJKjejg,M-M22Ac4CRE,on_demand,not_subscribed,FI,101,2,1,0,0.010316666666666667,0,0,0,0
20260928,UCSes4X8uDrpc4X46hJKjejg,M-M22Ac4CRE,on_demand,not_subscribed,CA,104,4,8,4,0.35166666666666668,4.025,12.196969696969697,2,0.12666666666666668
20260928,UCSes4X8uDrpc4X46hJKjejg,Ox7Rrh40O2o,on_demand,not_subscribed,TH,101,2,1,0,0.01265,0,0,0,0
20260928,UCSes4X8uDrpc4X46hJKjejg,HwWx5nhjCx8,on_demand,not_subscribed,GB,101,9,2,0,0.08823333333333333,0,0,0,0
20260928,UCSes4X8uDrpc4X46hJKjejg,eu62r4NZQ3Q,on_demand,not_subscribed,SI,104,4,1,1,0.845,50.7,25.223880597014926,1,0.845
20260928,UCSes4X8uDrpc4X46hJKjejg,unimgWGUpHM,on_demand,not_subscribed,IE,104,4,1,1,0.69333333333333336,41.6,99.047619047619051,0,0
20260928,UCSes4X8uDrpc4X46hJKjejg,o3zMut_i_wU,on_demand,not_subscribed,IN,104,4,1,1,0.13,7.8,14.716981132075471,0,0
20260928,UCSes4X8uDrpc4X46hJKjejg,M-M22Ac4CRE,on_demand,not_subscribed,IN,104,4,6,4,1.9233333333333333,28.85,87.424242424242422,3,0.86
20260928,UCSes4X8uDrpc4X46hJKjejg,BeZUS-lZ4qs,on_demand,not_subscribed,PE,104,5,1,1,51.626,3097.56,99.985797288573266,1,51.626
20260928,UCSes4X8uDrpc4X46hJKjejg,fAZy3HtHBzA,on_demand,not_subscribed,US,102,19,8,6,2.6692166666666668,26.692166666666665,83.413020833333334,1,0.50513333333333332
20260928,UCSes4X8uDrpc4X46hJKjejg,gTMjT4y5LHE,on_demand,not_subscribed,RU,101,2,1,1,0.53973333333333329,32.384,6.5554655870445346,0,0
20260928,UCSes4X8uDrpc4X46hJKjejg,YHtB62qU1r8,on_demand,not_subscribed,IT,104,4,1,1,1.3466666666666667,80.8,17.191489361702128,0,0
20260928,UCSes4X8uDrpc4X46hJKjejg,HCZIc9OVy1o,on_demand,subscribed,US,104,5,3,1,0.38533333333333336,20.07,0.69016506189821181,1,0.3345
20260928,UCSes4X8uDrpc4X46hJKjejg,XCmyCCnXmbY,on_demand,not_subscribed,US,104,5,1,0,0.0073333333333333332,0,0,0,0
20260928,UCSes4X8uDrpc4X46hJKjejg,2n5LJUyMtAk,on_demand,not_subscribed,DE,102,1,1,1,4.6329666666666665,277.978,55.045148514851483,0,0
20260928,UCSes4X8uDrpc4X46hJKjejg,5GYyKcjXNN0,on_demand,not_subscribed,GB,104,4,4,3,1.7683333333333333,35.366666666666667,43.662551440329217,3,1.6866666666666668
20260928,UCSes4X8uDrpc4X46hJKjejg,l5M2ICRhyEA,on_demand,subscribed,PH,101,2,1,0,0.00093333333333333332,0,0,0,0
20260928,UCSes4X8uDrpc4X46hJKjejg,0JHD_pApR7w,on_demand,subscribed,US,104,4,1,1,0.07166666666666667,4.3,6.2318840579710146,0,0
20260928,UCSes4X8uDrpc4X46hJKjejg,Rl73WZoqKzE,on_demand,not_subscribed,US,105,4,2,2,10.268333333333333,308.05,51.686241610738257,0,0
20260928,UCSes4X8uDrpc4X46hJKjejg,XTGlwLovDD0,on_demand,not_subscribed,PH,104,4,1,0,0.013333333333333334,0,0,0,0
20260928,UCSes4X8uDrpc4X46hJKjejg,UvWPXkksqmM,on_demand,not_subscribed,AU,102,12,1,0,0.023916666666666666,0,0,1,0.023916666666666666
20260928,UCSes4X8uDrpc4X46hJKjejg,iI6JAiouTXA,on_demand,not_subscribed,US,104,4,2,2,3.535,106.05,2.5334448160535117,1,0.026666666666666668
20260928,UCSes4X8uDrpc4X46hJKjejg,MEHDJ9V-lIk,on_demand,not_subscribed,FR,101,1,1,1,10.980116666666667,658.807,31.980922330097087,0,0
20260928,UCSes4X8uDrpc4X46hJKjejg,YHtB62qU1r8,on_demand,not_subscribed,CZ,104,5,1,1,1.0996666666666666,65.98,14.038297872340426,1,1.0996666666666666
20260928,UCSes4X8uDrpc4X46hJKjejg,l5M2ICRhyEA,on_demand,not_subscribed,FR,101,2,1,1,0.3821,22.926,69.472727272727269,0,0
20260928,UCSes4X8uDrpc4X46hJKjejg,gTMjT4y5LHE,on_demand,not_subscribed,CA,102,26,6,3,5.3461333333333334,105.20100000000001,21.29574898785425,2,2.9367333333333332
20260928,UCSes4X8uDrpc4X46hJKjejg,unimgWGUpHM,on_demand,subscribed,GB,104,5,10,5,4.037,47.944,114.15238095238095,1,0.23966666666666667
20260928,UCSes4X8uDrpc4X46hJKjejg,o3zMut_i_wU,on_demand,subscribed,US,104,5,1,0,0.028,0,0,0,0
20260928,UCSes4X8uDrpc4X46hJKjejg,7HuaEHVdk6c,on_demand,subscribed,US,104,4,2,1,3.285,197.1,191.35922330097088,0,0
20260928,UCSes4X8uDrpc4X46hJKjejg,oujDWGTay-Q,on_demand,not_subscribed,TH,104,5,1,1,0.0745,4.47,5.96,1,0.0745
20260928,UCSes4X8uDrpc4X46hJKjejg,gTMjT4y5LHE,on_demand,not_subscribed,CR,104,5,1,1,5.5205,331.23,67.0506072874494,0,0
20260928,UCSes4X8uDrpc4X46hJKjejg,f4MfVVTJ6pY,on_demand,not_subscribed,US,103,10,1,1,0.50613333333333332,30.368,1.8472019464720195,0,0
20260928,UCSes4X8uDrpc4X46hJKjejg,4g6r3dBnf8I,on_demand,not_subscribed,RS,104,4,1,1,6.4116666666666671,384.7,8.8783752596353569,0,0
20260928,UCSes4X8uDrpc4X46hJKjejg,M-M22Ac4CRE,on_demand,subscribed,US,104,5,6,4,1.6344833333333333,23.325,70.681818181818187,2,0.902
20260928,UCSes4X8uDrpc4X46hJKjejg,gTMjT4y5LHE,on_demand,not_subscribed,BE,103,10,1,0,0.027466666666666667,0,0,0,0
20260928,UCSes4X8uDrpc4X46hJKjejg,oujDWGTay-Q,on_demand,not_subscribed,SG,104,5,1,0,0.019,0,0,0,0
20260928,UCSes4X8uDrpc4X46hJKjejg,XlT3SmO6YYs,on_demand,not_subscribed,PH,104,5,1,1,1.7685,106.11,93.902654867256643,1,1.7685
20260928,UCSes4X8uDrpc4X46hJKjejg,XxNpGT_I6mk,on_demand,subscribed,US,104,4,2,1,0.71166666666666667,42.7,129.39393939393941,2,0.71166666666666667
20260928,UCSes4X8uDrpc4X46hJKjejg,HtZ8tDkeGJY,on_demand,not_subscribed,BR,101,9,1,0,0.021816666666666668,0,0,0,0
20260928,UCSes4X8uDrpc4X46hJKjejg,HwWx5nhjCx8,on_demand,not_subscribed,IN,104,4,1,1,0.3,18,1.7291066282420748,0,0
20260928,UCSes4X8uDrpc4X46hJKjejg,gTMjT4y5LHE,on_demand,not_subscribed,CA,102,12,3,3,11.04865,220.97299999999998,44.731376518218624,1,3.0348166666666665
20260928,UCSes4X8uDrpc4X46hJKjejg,gmPsKXt4foY,on_demand,subscribed,PH,104,5,1,1,0.19366666666666665,11.62,25.822222222222223,0,0
20260928,UCSes4X8uDrpc4X46hJKjejg,WATJsSNezuM,on_demand,not_subscribed,US,104,5,2,2,1.27005,38.1015,64.578813559322029,0,0
20260928,UCSes4X8uDrpc4X46hJKjejg,Rl73WZoqKzE,on_demand,not_subscribed,MX,105,5,1,1,3.6615,219.69,36.86073825503356,0,0
20260928,UCSes4X8uDrpc4X46hJKjejg,OG1-VxzclcA,on_demand,subscribed,US,104,5,1,0,0.06133333333333333,0,0,0,0
20260928,UCSes4X8uDrpc4X46hJKjejg,sGp0GTGccKY,on_demand,not_subscribed,US,104,4,3,2,1.6283333333333334,48.85,69.785714285714292,0,0
20260928,UCSes4X8uDrpc4X46hJKjejg,0b8eta7f8mY,on_demand,not_subscribed,PL,101,9,2,2,0.095333333333333339,2.86,0.54269449715370022,2,0.095333333333333339
20260928,UCSes4X8uDrpc4X46hJKjejg,WAYYE5BMG6c,on_demand,not_subscribed,US,102,29,4,2,5.9309333333333329,173.3695,9.1343256059009477,1,5.111533333333333
20260928,UCSes4X8uDrpc4X46hJKjejg,k4-t8XMp-wg,on_demand,not_subscribed,BE,104,4,1,0,0.03,0,0,0,0
20260928,UCSes4X8uDrpc4X46hJKjejg,WAYYE5BMG6c,on_demand,not_subscribed,AU,102,1,1,1,4.4495333333333331,266.972,14.065964172813487,0,0
20260928,UCSes4X8uDrpc4X46hJKjejg,Rl73WZoqKzE,on_demand,not_subscribed,US,102,29,18,11,15.872833333333332,84.6740909090909,14.207062233068944,5,5.5664166666666661
20260928,UCSes4X8uDrpc4X46hJKjejg,gmPsKXt4foY,on_demand,not_subscribed,FR,104,5,2,2,1.0696666666666668,32.09,71.311111111111117,1,0.3305
20260928,UCSes4X8uDrpc4X46hJKjejg,op6JvrFdWrY,on_demand,not_subscribed,PT,104,5,2,1,0.41833333333333333,25.1,104.58333333333333,2,0.41833333333333333
20260928,UCSes4X8uDrpc4X46hJKjejg,WAYYE5BMG6c,on_demand,subscribed,AU,101,9,1,0,0.10688333333333333,0,0,0,0
20260928,UCSes4X8uDrpc4X46hJKjejg,MEHDJ9V-lIk,on_demand,not_subscribed,US,101,9,17,6,71.123766666666668,708.55866666666668,34.396051779935277,2,29.426666666666669
20260928,UCSes4X8uDrpc4X46hJKjejg,e7CxdG8sNlA,on_demand,not_subscribed,ES,104,4,1,0,0.043333333333333335,0,0,0,0
20260928,UCSes4X8uDrpc4X46hJKjejg,XKuQeJ6fyeA,on_demand,not_subscribed,RS,104,5,2,1,0.057166666666666664,2.96,8.9696969696969688,0,0
20260928,UCSes4X8uDrpc4X46hJKjejg,Rl73WZoqKzE,on_demand,subscribed,AU,101,9,2,2,0.40853333333333336,12.256,2.0563758389261744,0,0
20260928,UCSes4X8uDrpc4X46hJKjejg,gTMjT4y5LHE,on_demand,subscribed,TT,104,5,1,0,0.027833333333333335,0,0,0,0
20260928,UCSes4X8uDrpc4X46hJKjejg,QxkwRERjZgA,on_demand,not_subscribed,CA,102,19,1,1,1.00025,60.015,103.47413793103448,0,0
20260928,UCSes4X8uDrpc4X46hJKjejg,yqQ_QnY4_XU,on_demand,not_subscribed,BM,104,4,1,1,0.29,17.4,37.021276595744681,0,0
20260928,UCSes4X8uDrpc4X46hJKjejg,l5M2ICRhyEA,on_demand,not_subscribed,AG,104,4,2,1,0.56833333333333336,34.1,103.33333333333333,0,0
20260928,UCSes4X8uDrpc4X46hJKjejg,rq61MdGS0U4,on_demand,not_subscribed,US,102,19,6,3,17.42415,343.78533333333331,60.525586854460094,2,7.9131666666666671
20260928,UCSes4X8uDrpc4X46hJKjejg,Rl73WZoqKzE,on_demand,not_subscribed,NO,104,5,1,0,0.031666666666666669,0,0,0,0
20260928,UCSes4X8uDrpc4X46hJKjejg,6ljakZEWb0o,on_demand,not_subscribed,BB,104,5,1,0,0.083833333333333329,0,0,0,0
20260928,UCSes4X8uDrpc4X46hJKjejg,gTMjT4y5LHE,on_demand,not_subscribed,VE,101,2,2,0,0.095633333333333334,0,0,0,0
20260928,UCSes4X8uDrpc4X46hJKjejg,-CjQjOd2JEA,on_demand,not_subscribed,MZ,104,4,1,0,0.035,0,0,0,0
20260928,UCSes4X8uDrpc4X46hJKjejg,6ljakZEWb0o,on_demand,not_subscribed,ZA,101,2,1,0,0.11205,0,0,0,0
20260928,UCSes4X8uDrpc4X46hJKjejg,UvWPXkksqmM,on_demand,not_subscribed,US,105,5,2,2,6.7844833333333332,203.5345,30.745392749244711,1,6.5588333333333333
20260928,UCSes4X8uDrpc4X46hJKjejg,1Vs6b9DRFto,on_demand,not_subscribed,PH,104,4,1,1,0.066666666666666666,4,1.1730205278592376,0,0
20260928,UCSes4X8uDrpc4X46hJKjejg,unimgWGUpHM,on_demand,not_subscribed,NL,101,2,1,1,0.3997,23.982,57.1,0,0
20260928,UCSes4X8uDrpc4X46hJKjejg,-4YEzVnpr50,on_demand,not_subscribed,US,104,4,1,0,0.051666666666666666,0,0,0,0
20260928,UCSes4X8uDrpc4X46hJKjejg,DjhN1oAGTYA,on_demand,not_subscribed,US,102,26,1,1,2.1449166666666666,128.695,44.377586206896552,1,2.1449166666666666
20260928,UCSes4X8uDrpc4X46hJKjejg,6DF37rM0hQ4,on_demand,not_subscribed,DE,101,2,2,1,1.14745,63.987,68.071276595744678,0,0
20260928,UCSes4X8uDrpc4X46hJKjejg,gTMjT4y5LHE,on_demand,not_subscribed,DO,101,9,2,0,0.030816666666666666,0,0,0,0
20260928,UCSes4X8uDrpc4X46hJKjejg,yqQ_QnY4_XU,on_demand,not_subscribed,US,103,10,4,2,1.63435,48.888,104.01702127659574,0,0
20260928,UCSes4X8uDrpc4X46hJKjejg,MEHDJ9V-lIk,on_demand,subscribed,US,102,19,2,1,34.365366666666667,2059.641,99.982572815533985,1,0.038016666666666664
20260928,UCSes4X8uDrpc4X46hJKjejg,gTMjT4y5LHE,on_demand,not_subscribed,NG,101,2,1,0,0.039016666666666665,0,0,0,0
20260928,UCSes4X8uDrpc4X46hJKjejg,gmPsKXt4foY,on_demand,not_subscribed,GB,104,4,7,3,4.3233333333333333,86.466666666666654,192.14814814814815,0,0
20260928,UCSes4X8uDrpc4X46hJKjejg,HIZeTvY4T7U,on_demand,not_subscribed,PH,104,4,1,1,0.39833333333333332,23.9,77.096774193548384,0,0
20260928,UCSes4X8uDrpc4X46hJKjejg,40QsLjl_Lds,on_demand,not_subscribed,US,101,2,1,1,58.97735,3538.641,99.98985589149477,0,0
20260928,UCSes4X8uDrpc4X46hJKjejg,bf0XSusrN3g,on_demand,not_subscribed,US,104,5,16,8,4.5186666666666664,33.1,89.459459459459453,0,0
20260928,UCSes4X8uDrpc4X46hJKjejg,gmPsKXt4foY,on_demand,subscribed,AU,104,5,2,1,0.93366666666666664,56.02,124.48888888888889,2,0.93366666666666664
20260928,UCSes4X8uDrpc4X46hJKjejg,unimgWGUpHM,on_demand,not_subscribed,PA,104,4,3,1,0.76166666666666671,42.4,100.95238095238095,0,0
20260928,UCSes4X8uDrpc4X46hJKjejg,B0xDRPJb8mw,on_demand,subscribed,SG,101,9,1,0,0.032383333333333333,0,0,0,0
20260928,UCSes4X8uDrpc4X46hJKjejg,gTMjT4y5LHE,on_demand,not_subscribed,AR,104,5,2,1,0.35216666666666668,16.5,3.3400809716599191,0,0
20260928,UCSes4X8uDrpc4X46hJKjejg,BeZUS-lZ4qs,on_demand,not_subscribed,KG,104,4,1,0,0.046666666666666669,0,0,0,0
20260928,UCSes4X8uDrpc4X46hJKjejg,fyi6d0AButQ,on_demand,not_subscribed,AU,104,4,2,2,2.6583333333333332,79.75,26.233552631578949,1,0.11166666666666666
20260928,UCSes4X8uDrpc4X46hJKjejg,JZgusHsQ0l4,on_demand,not_subscribed,GH,104,5,1,0,0.0071666666666666667,0,0,0,0
20260928,UCSes4X8uDrpc4X46hJKjejg,e7CxdG8sNlA,on_demand,not_subscribed,US,102,28,1,1,4.3514,261.084,54.965052631578949,0,0
20260928,UCSes4X8uDrpc4X46hJKjejg,dKoSQ-63gP4,on_demand,not_subscribed,GB,102,19,1,0,0.019233333333333335,0,0,0,0
20260928,UCSes4X8uDrpc4X46hJKjejg,hv6KmISxC4w,on_demand,subscribed,US,103,17,1,1,0.023533333333333333,1.412,0.044882390336935793,0,0
20260928,UCSes4X8uDrpc4X46hJKjejg,HAYtxUru2wQ,on_demand,not_subscribed,PH,104,4,1,1,0.35333333333333333,21.2,26.835443037974684,0,0
20260928,UCSes4X8uDrpc4X46hJKjejg,5GYyKcjXNN0,on_demand,not_subscribed,DE,104,4,2,1,0.17833333333333334,8.7,10.74074074074074,0,0
20260928,UCSes4X8uDrpc4X46hJKjejg,WAYYE5BMG6c,on_demand,subscribed,US,104,4,6,2,20.408333333333335,611.05,32.194415173867228,1,0.25166666666666665
20260928,UCSes4X8uDrpc4X46hJKjejg,JsEe4qzWT40,on_demand,not_subscribed,CI,104,4,1,1,0,0,0,0,0
20260928,UCSes4X8uDrpc4X46hJKjejg,tIFk16TQrU4,on_demand,not_subscribed,CA,104,5,3,2,0.55333333333333334,16.13,47.441176470588232,0,0
20260928,UCSes4X8uDrpc4X46hJKjejg,unimgWGUpHM,on_demand,subscribed,CI,104,5,2,1,0.871,52.26,124.42857142857143,0,0
20260928,UCSes4X8uDrpc4X46hJKjejg,op6JvrFdWrY,on_demand,not_subscribed,KE,101,2,1,1,0.21106666666666668,12.664,52.766666666666666,0,0
20260928,UCSes4X8uDrpc4X46hJKjejg,Rl73WZoqKzE,on_demand,subscribed,US,104,4,55,24,97.3334,240.82516666666666,40.406907158836688,6,20.188333333333333
20260928,UCSes4X8uDrpc4X46hJKjejg,JZgusHsQ0l4,on_demand,not_subscribed,NZ,104,5,3,1,0.97183333333333333,56.64,108.92307692307692,0,0
20260928,UCSes4X8uDrpc4X46hJKjejg,HzmMTvN__ec,on_demand,not_subscribed,CA,104,5,1,0,0.088333333333333333,0,0,0,0
20260928,UCSes4X8uDrpc4X46hJKjejg,JZgusHsQ0l4,on_demand,not_subscribed,BG,104,4,1,0,0,0,0,0,0
20260928,UCSes4X8uDrpc4X46hJKjejg,ePdXtNfowRo,on_demand,not_subscribed,NZ,104,4,1,0,0,0,0,0,0
20260928,UCSes4X8uDrpc4X46hJKjejg,e7CxdG8sNlA,on_demand,not_subscribed,US,102,26,5,4,20.015816666666666,300.062,63.170947368421054,0,0
20260928,UCSes4X8uDrpc4X46hJKjejg,unimgWGUpHM,on_demand,subscribed,DE,104,5,5,4,1.5005,22.5075,53.589285714285715,0,0
20260928,UCSes4X8uDrpc4X46hJKjejg,SzAT_OV8iGk,on_demand,not_subscribed,US,104,5,1,1,0.070666666666666669,4.24,10.6,0,0
20260928,UCSes4X8uDrpc4X46hJKjejg,yk9q7i3NcHQ,on_demand,not_subscribed,BR,104,5,1,1,4.1413333333333338,248.48,94.121212121212125,0,0
20260928,UCSes4X8uDrpc4X46hJKjejg,0nYtXNTW54c,on_demand,subscribed,US,104,5,2,1,0.78566666666666662,47.14,120.87179487179488,0,0
20260928,UCSes4X8uDrpc4X46hJKjejg,6ljakZEWb0o,on_demand,not_subscribed,NG,104,4,2,1,0.77833333333333332,43.8,1.5852334419109664,1,0.73
20260928,UCSes4X8uDrpc4X46hJKjejg,6ljakZEWb0o,on_demand,not_subscribed,PT,104,5,1,0,0.063333333333333339,0,0,0,0
20260928,UCSes4X8uDrpc4X46hJKjejg,Uo7rmLN6ANk,on_demand,not_subscribed,PH,104,4,2,0,0.12,0,0,0,0
20260928,UCSes4X8uDrpc4X46hJKjejg,J39ahAPa8Ng,on_demand,not_subscribed,US,102,19,3,2,1.42325,42.6975,85.395,2,1.06765
20260928,UCSes4X8uDrpc4X46hJKjejg,A7YpyzGt_6c,on_demand,not_subscribed,US,102,4,1,1,12.505783333333333,750.347,13.818545119705341,0,0
20260928,UCSes4X8uDrpc4X46hJKjejg,LguyQAIoKlA,on_demand,not_subscribed,US,105,5,2,2,5.262,157.86,3.5723014256619146,0,0
20260928,UCSes4X8uDrpc4X46hJKjejg,Yw9jmAwzBKM,on_demand,not_subscribed,US,104,5,2,0,0.0585,0,0,0,0
20260928,UCSes4X8uDrpc4X46hJKjejg,YHtB62qU1r8,on_demand,not_subscribed,KR,102,29,1,1,7.82435,469.461,99.885319148936176,1,7.82435
20260928,UCSes4X8uDrpc4X46hJKjejg,UvWPXkksqmM,on_demand,not_subscribed,CA,104,4,1,0,0.13,0,0,0,0
20260928,UCSes4X8uDrpc4X46hJKjejg,e7CxdG8sNlA,on_demand,not_subscribed,US,102,12,2,1,7.8058666666666667,466.133,98.133263157894731,1,0.036983333333333333
20260928,UCSes4X8uDrpc4X46hJKjejg,-8W7PIiwRYo,on_demand,not_subscribed,AE,105,4,1,1,0.41666666666666669,25,42.3728813559322,0,0
20260928,UCSes4X8uDrpc4X46hJKjejg,Rl73WZoqKzE,on_demand,subscribed,MX,104,5,1,0,0.14816666666666667,0,0,0,0
20260928,UCSes4X8uDrpc4X46hJKjejg,FbqnhV-WJ3Y,on_demand,not_subscribed,US,104,5,1,0,0.0033333333333333335,0,0,0,0
20260928,UCSes4X8uDrpc4X46hJKjejg,-CjQjOd2JEA,on_demand,not_subscribed,BS,103,10,2,1,0.8225,48.252,17.050176678445229,0,0
20260928,UCSes4X8uDrpc4X46hJKjejg,gTMjT4y5LHE,on_demand,not_subscribed,ME,101,2,1,1,5.9542333333333337,357.254,72.318623481781373,0,0
20260928,UCSes4X8uDrpc4X46hJKjejg,6ljakZEWb0o,on_demand,not_subscribed,SG,102,4,1,0,0.013916666666666667,0,0,0,0
20260928,UCSes4X8uDrpc4X46hJKjejg,l5M2ICRhyEA,on_demand,not_subscribed,JP,104,4,1,0,0.0066666666666666671,0,0,0,0
20260928,UCSes4X8uDrpc4X46hJKjejg,XfAPPqbSJaI,on_demand,not_subscribed,CA,104,4,1,0,0.02,0,0,0,0
20260928,UCSes4X8uDrpc4X46hJKjejg,f4MfVVTJ6pY,on_demand,not_subscribed,US,101,2,1,0,0.057766666666666668,0,0,0,0
20260928,UCSes4X8uDrpc4X46hJKjejg,HIZeTvY4T7U,on_demand,not_subscribed,AU,104,4,1,1,0.50166666666666671,30.1,97.096774193548384,0,0
20260928,UCSes4X8uDrpc4X46hJKjejg,Rl73WZoqKzE,on_demand,not_subscribed,ES,101,9,1,1,0.16418333333333332,9.851,1.6528523489932887,0,0
20260928,UCSes4X8uDrpc4X46hJKjejg,YHtB62qU1r8,on_demand,not_subscribed,BS,103,10,1,0,0.0046,0,0,0,0
20260928,UCSes4X8uDrpc4X46hJKjejg,gTMjT4y5LHE,on_demand,not_subscribed,BE,101,2,5,0,0.057166666666666664,0,0,0,0
20260928,UCSes4X8uDrpc4X46hJKjejg,dKoSQ-63gP4,on_demand,not_subscribed,US,104,5,177,67,329.56383333333332,291.32143283582087,47.836031664338407,16,108.70253333333334
20260928,UCSes4X8uDrpc4X46hJKjejg,gTMjT4y5LHE,on_demand,subscribed,FI,104,4,1,0,0.15,0,0,0,0
20260928,UCSes4X8uDrpc4X46hJKjejg,5GYyKcjXNN0,on_demand,not_subscribed,CH,104,5,1,1,0.08885,5.331,6.5814814814814815,0,0
20260928,UCSes4X8uDrpc4X46hJKjejg,x9aP35H3Wlc,on_demand,not_subscribed,US,102,4,1,1,0.32436666666666669,19.462,38.160784313725493,0,0
20260928,UCSes4X8uDrpc4X46hJKjejg,k4-t8XMp-wg,on_demand,not_subscribed,US,101,2,1,1,2.3711,142.266,49.743356643356641,0,0
20260928,UCSes4X8uDrpc4X46hJKjejg,-CjQjOd2JEA,on_demand,not_subscribed,GB,105,5,1,1,2.4490833333333333,146.945,51.92402826855124,1,2.4490833333333333
20260928,UCSes4X8uDrpc4X46hJKjejg,l5M2ICRhyEA,on_demand,not_subscribed,ES,101,2,3,1,0.72306666666666664,41.179,124.78484848484848,0,0
20260928,UCSes4X8uDrpc4X46hJKjejg,HwWx5nhjCx8,on_demand,subscribed,CA,102,29,1,0,0.024483333333333333,0,0,1,0.024483333333333333
20260928,UCSes4X8uDrpc4X46hJKjejg,YHtB62qU1r8,on_demand,not_subscribed,GB,105,5,1,1,4.184166666666667,251.05,53.414893617021278,0,0
20260928,UCSes4X8uDrpc4X46hJKjejg,k_Qt4Ilp70c,on_demand,not_subscribed,FR,104,5,2,2,9.7248333333333328,291.745,49.7858361774744,0,0
20260928,UCSes4X8uDrpc4X46hJKjejg,MEHDJ9V-lIk,on_demand,not_subscribed,FR,102,4,3,2,35.00555,1049.771,50.9597572815534,0,0
20260928,UCSes4X8uDrpc4X46hJKjejg,BeZUS-lZ4qs,on_demand,not_subscribed,IE,104,4,1,0,0.045,0,0,0,0
20260928,UCSes4X8uDrpc4X46hJKjejg,UvWPXkksqmM,on_demand,subscribed,US,104,5,29,9,46.042166666666667,300.02666666666664,45.32124874118832,4,24.245333333333331
20260928,UCSes4X8uDrpc4X46hJKjejg,fAZy3HtHBzA,on_demand,not_subscribed,US,102,1,1,0,0.03735,0,0,0,0
20260928,UCSes4X8uDrpc4X46hJKjejg,6ljakZEWb0o,on_demand,subscribed,MY,102,4,1,1,5.1676666666666664,310.06,11.221860296778864,0,0
20260928,UCSes4X8uDrpc4X46hJKjejg,dgP0I7rPTlU,on_demand,not_subscribed,JP,101,9,1,0,0.003,0,0,0,0
20260928,UCSes4X8uDrpc4X46hJKjejg,6ljakZEWb0o,on_demand,subscribed,NZ,101,2,1,1,27.27885,1636.731,59.237459283387622,0,0
20260928,UCSes4X8uDrpc4X46hJKjejg,gmPsKXt4foY,on_demand,not_subscribed,DE,104,4,7,4,2.19155,32.34825,71.885,0,0
20260928,UCSes4X8uDrpc4X46hJKjejg,g8sN5qexhMU,on_demand,not_subscribed,BZ,104,5,1,1,1.3251666666666666,79.51,12.028744326777609,0,0
20260928,UCSes4X8uDrpc4X46hJKjejg,fAZy3HtHBzA,on_demand,subscribed,US,101,9,8,3,1.5405333333333333,28.744333333333334,89.826041666666669,2,0.074416666666666659
20260928,UCSes4X8uDrpc4X46hJKjejg,6ljakZEWb0o,on_demand,not_subscribed,US,103,10,3,2,44.919216666666664,1344.6185,48.665164676076728,0,0
20260928,UCSes4X8uDrpc4X46hJKjejg,-k1Ng7TE63Q,on_demand,subscribed,PH,104,4,2,1,0.61166666666666669,36.7,122.33333333333333,0,0
20260928,UCSes4X8uDrpc4X46hJKjejg,yqQ_QnY4_XU,on_demand,not_subscribed,SG,104,4,2,1,0.38833333333333331,22.4,47.659574468085104,0,0
20260928,UCSes4X8uDrpc4X46hJKjejg,6ljakZEWb0o,on_demand,not_subscribed,BE,104,4,1,1,0.30833333333333335,18.5,0.669562070213536,0,0
20260928,UCSes4X8uDrpc4X46hJKjejg,yqQ_QnY4_XU,on_demand,not_subscribed,ZA,101,9,1,1,0,0,0,0,0
20260928,UCSes4X8uDrpc4X46hJKjejg,-CjQjOd2JEA,on_demand,subscribed,KR,104,4,1,0,0,0,0,0,0
20260928,UCSes4X8uDrpc4X46hJKjejg,po8YrSQivoM,on_demand,subscribed,AU,105,5,1,1,43.703,2622.18,76.40384615384616,0,0
20260928,UCSes4X8uDrpc4X46hJKjejg,e7CxdG8sNlA,on_demand,not_subscribed,CA,101,9,1,1,7.4740166666666665,448.441,94.408631578947364,0,0
20260928,UCSes4X8uDrpc4X46hJKjejg,ED8GlLr9Eoc,on_demand,not_subscribed,US,101,9,1,0,0.018516666666666667,0,0,0,0
20260928,UCSes4X8uDrpc4X46hJKjejg,9LFMqUAyB_U,on_demand,not_subscribed,GB,101,1,1,1,0.05995,3.597,0.4226792009400705,0,0
20260928,UCSes4X8uDrpc4X46hJKjejg,yqQ_QnY4_XU,on_demand,not_subscribed,US,101,2,36,19,14.95105,46.51694736842105,98.972228443449055,4,0.87513333333333332
20260928,UCSes4X8uDrpc4X46hJKjejg,dgP0I7rPTlU,on_demand,not_subscribed,US,102,19,1,0,0.015866666666666668,0,0,0,0
20260928,UCSes4X8uDrpc4X46hJKjejg,Uo7rmLN6ANk,on_demand,not_subscribed,TH,104,5,1,0,0.060333333333333336,0,0,0,0
20260928,UCSes4X8uDrpc4X46hJKjejg,gmPsKXt4foY,on_demand,not_subscribed,DK,104,5,3,1,1.8696666666666666,112.18,249.28888888888889,0,0
20260928,UCSes4X8uDrpc4X46hJKjejg,u9yo-7_Ly7M,on_demand,not_subscribed,US,102,4,3,3,8.78435,175.687,31.943090909090909,0,0
20260928,UCSes4X8uDrpc4X46hJKjejg,YHtB62qU1r8,on_demand,not_subscribed,AT,104,5,2,1,0.29613333333333336,16.71,3.5553191489361704,0,0
20260928,UCSes4X8uDrpc4X46hJKjejg,-CjQjOd2JEA,on_demand,not_subscribed,TZ,101,2,1,0,0.010866666666666667,0,0,0,0
20260928,UCSes4X8uDrpc4X46hJKjejg,1eStVxHXVaM,on_demand,not_subscribed,US,104,4,6,3,4.4157166666666665,88.314333333333323,101.51072796934866,2,1.4633333333333334
20260928,UCSes4X8uDrpc4X46hJKjejg,0b8eta7f8mY,on_demand,not_subscribed,FR,104,5,2,1,8.6905,519.75,98.624288425047439,0,0
20260928,UCSes4X8uDrpc4X46hJKjejg,MEHDJ9V-lIk,on_demand,subscribed,RW,104,5,1,1,31.094,1865.64,90.565048543689315,0,0
20260928,UCSes4X8uDrpc4X46hJKjejg,fAZy3HtHBzA,on_demand,not_subscribed,PH,104,4,1,1,0.47333333333333333,28.4,88.75,0,0
20260928,UCSes4X8uDrpc4X46hJKjejg,IkDS7ZhVkA4,on_demand,not_subscribed,NZ,104,5,1,1,10.344833333333334,620.69,26.892980935875215,0,0
20260928,UCSes4X8uDrpc4X46hJKjejg,YWmM-Tkjmvo,on_demand,not_subscribed,PR,102,26,1,1,4.3984333333333332,263.906,91.634027777777774,0,0
20260928,UCSes4X8uDrpc4X46hJKjejg,op6JvrFdWrY,on_demand,not_subscribed,US,101,2,13,7,3.3612833333333332,28.811,120.04583333333333,3,0.79318333333333335
20260928,UCSes4X8uDrpc4X46hJKjejg,rq61MdGS0U4,on_demand,not_subscribed,US,102,1,1,1,9.4586833333333331,567.521,99.9156690140845,0,0
20260928,UCSes4X8uDrpc4X46hJKjejg,-CjQjOd2JEA,on_demand,not_subscribed,IE,104,4,1,0,0.02,0,0,0,0
20260928,UCSes4X8uDrpc4X46hJKjejg,MEHDJ9V-lIk,on_demand,not_subscribed,PH,102,29,1,0,0.017266666666666666,0,0,1,0.017266666666666666
20260928,UCSes4X8uDrpc4X46hJKjejg,2n5LJUyMtAk,on_demand,subscribed,US,103,17,1,1,1.7624666666666666,105.748,20.940198019801979,1,1.7624666666666666
20260928,UCSes4X8uDrpc4X46hJKjejg,lTm4IJRHYZU,on_demand,subscribed,US,104,5,1,1,2.084,125.04,35.931034482758619,1,2.084
20260928,UCSes4X8uDrpc4X46hJKjejg,l5M2ICRhyEA,on_demand,subscribed,PH,101,9,1,0,0.15753333333333333,0,0,0,0
20260928,UCSes4X8uDrpc4X46hJKjejg,2n5LJUyMtAk,on_demand,not_subscribed,US,102,31,1,0,0.0025166666666666666,0,0,0,0
20260928,UCSes4X8uDrpc4X46hJKjejg,sc2QVbRxxV8,on_demand,not_subscribed,DE,104,4,2,1,0.6166666666666667,37,100,0,0
20260928,UCSes4X8uDrpc4X46hJKjejg,10E4EUZZK8k,on_demand,not_subscribed,DE,104,4,2,1,0.7,42,107.69230769230769,0,0
20260928,UCSes4X8uDrpc4X46hJKjejg,MEHDJ9V-lIk,on_demand,not_subscribed,CA,103,10,2,2,4.82865,144.8595,7.0320145631067961,0,0
20260928,UCSes4X8uDrpc4X46hJKjejg,5GYyKcjXNN0,on_demand,subscribed,DE,102,29,1,1,0.44025,26.415,32.611111111111114,0,0
20260928,UCSes4X8uDrpc4X46hJKjejg,KC4-NmPr0aI,on_demand,not_subscribed,US,104,5,2,2,0.55666666666666664,16.7,32.115384615384613,0,0
20260928,UCSes4X8uDrpc4X46hJKjejg,dKoSQ-63gP4,on_demand,not_subscribed,CA,102,29,2,1,0.23903333333333332,13.396,2.199671592775041,0,0
20260928,UCSes4X8uDrpc4X46hJKjejg,l5M2ICRhyEA,on_demand,not_subscribed,US,105,4,1,1,0.195,11.7,35.454545454545453,0,0
20260928,UCSes4X8uDrpc4X46hJKjejg,l5M2ICRhyEA,on_demand,not_subscribed,FR,101,9,1,0,0.05545,0,0,0,0
20260928,UCSes4X8uDrpc4X46hJKjejg,BeZUS-lZ4qs,on_demand,not_subscribed,TT,102,31,1,1,0.8874,53.244,1.7186571981923822,0,0
20260928,UCSes4X8uDrpc4X46hJKjejg,MEHDJ9V-lIk,on_demand,subscribed,US,102,1,2,0,0.062816666666666673,0,0,0,0
20260928,UCSes4X8uDrpc4X46hJKjejg,gmPsKXt4foY,on_demand,not_subscribed,RS,104,4,1,1,0.46,27.6,61.333333333333336,0,0
20260928,UCSes4X8uDrpc4X46hJKjejg,UmWQyNo5BKM,on_demand,not_subscribed,IN,104,5,1,1,0.26083333333333331,15.65,32.604166666666664,0,0
20260928,UCSes4X8uDrpc4X46hJKjejg,-CjQjOd2JEA,on_demand,subscribed,GB,104,5,3,0,0.10516666666666667,0,0,0,0
20260928,UCSes4X8uDrpc4X46hJKjejg,yXI5JzLdcwk,on_demand,not_subscribed,SE,101,2,1,0,0.05145,0,0,0,0
20260928,UCSes4X8uDrpc4X46hJKjejg,IkDS7ZhVkA4,on_demand,not_subscribed,GB,101,2,1,1,5.7729833333333334,346.379,15.007755632582322,0,0
20260928,UCSes4X8uDrpc4X46hJKjejg,gTMjT4y5LHE,on_demand,not_subscribed,GB,104,5,50,23,50.575666666666663,128.50634782608697,26.0134307340257,5,13.114666666666666
20260928,UCSes4X8uDrpc4X46hJKjejg,DiQL1Q4_4VM,on_demand,not_subscribed,GB,104,5,1,1,0.070966666666666664,4.258,9.6772727272727277,0,0
20260928,UCSes4X8uDrpc4X46hJKjejg,HwWx5nhjCx8,on_demand,not_subscribed,BB,102,29,1,0,0.0296,0,0,0,0
20260928,UCSes4X8uDrpc4X46hJKjejg,AGR1wuQDdnM,on_demand,not_subscribed,US,101,2,4,1,1.4666666666666666,86.717,46.126063829787235,0,0
20260928,UCSes4X8uDrpc4X46hJKjejg,A7YpyzGt_6c,on_demand,not_subscribed,US,104,4,1,1,0.14166666666666666,8.5,0.15653775322283608,0,0
20260928,UCSes4X8uDrpc4X46hJKjejg,HtZ8tDkeGJY,on_demand,subscribed,JP,104,5,1,0,0.048333333333333332,0,0,0,0
20260928,UCSes4X8uDrpc4X46hJKjejg,fAZy3HtHBzA,on_demand,not_subscribed,AU,104,4,9,2,3.7052166666666668,110.8465,346.3953125,0,0
20260928,UCSes4X8uDrpc4X46hJKjejg,l5M2ICRhyEA,on_demand,not_subscribed,US,102,29,4,3,1.1041166666666666,22.082333333333334,66.916161616161617,1,0.3343
20260928,UCSes4X8uDrpc4X46hJKjejg,HtZ8tDkeGJY,on_demand,not_subscribed,US,104,5,71,39,32.394233333333332,49.385487179487185,83.704215558452844,6,1.9248333333333332
20260928,UCSes4X8uDrpc4X46hJKjejg,6ljakZEWb0o,on_demand,not_subscribed,SG,104,4,1,0,0.025,0,0,0,0
20260928,UCSes4X8uDrpc4X46hJKjejg,unimgWGUpHM,on_demand,not_subscribed,PH,101,2,2,1,0.71371666666666667,42.823,101.95952380952382,2,0.71371666666666667
20260928,UCSes4X8uDrpc4X46hJKjejg,Aa5QDN6HCy0,on_demand,not_subscribed,US,104,5,4,3,1.8411666666666666,36.823333333333331,64.602339181286553,1,0.67833333333333334
20260928,UCSes4X8uDrpc4X46hJKjejg,5WC7gUC932A,on_demand,not_subscribed,US,102,1,1,0,0.0099166666666666674,0,0,0,0
20260928,UCSes4X8uDrpc4X46hJKjejg,-CjQjOd2JEA,on_demand,not_subscribed,NG,102,1,1,1,4.43765,266.259,94.084452296819791,1,4.43765
20260928,UCSes4X8uDrpc4X46hJKjejg,6ljakZEWb0o,on_demand,subscribed,HK,104,5,1,0,0.013333333333333334,0,0,0,0
20260928,UCSes4X8uDrpc4X46hJKjejg,J39ahAPa8Ng,on_demand,not_subscribed,US,102,1,1,1,0.51146666666666663,30.688,61.376,0,0
20260928,UCSes4X8uDrpc4X46hJKjejg,ymfIczLSXfI,on_demand,not_subscribed,US,105,5,1,1,0.41783333333333333,25.07,65.973684210526315,0,0
20260928,UCSes4X8uDrpc4X46hJKjejg,5hHi05oFVKI,on_demand,not_subscribed,US,104,4,1,0,0.0066666666666666671,0,0,0,0
20260928,UCSes4X8uDrpc4X46hJKjejg,H0b9PIbRa9A,on_demand,not_subscribed,US,102,29,1,1,1.4126666666666667,84.76,2.0918065153010859,0,0
20260928,UCSes4X8uDrpc4X46hJKjejg,6ljakZEWb0o,on_demand,not_subscribed,US,101,2,56,9,168.63805,1117.0325555555555,40.428250291551052,0,0
20260928,UCSes4X8uDrpc4X46hJKjejg,gTMjT4y5LHE,on_demand,not_subscribed,HU,101,2,1,0,0,0,0,0,0
20260928,UCSes4X8uDrpc4X46hJKjejg,-CjQjOd2JEA,on_demand,not_subscribed,NO,102,4,1,0,0.094833333333333339,0,0,0,0
20260928,UCSes4X8uDrpc4X46hJKjejg,BIdUjN5_mdA,on_demand,not_subscribed,US,104,5,1,0,0.0016833333333333333,0,0,0,0
20260928,UCSes4X8uDrpc4X46hJKjejg,-CjQjOd2JEA,on_demand,not_subscribed,TT,102,31,1,0,0.03865,0,0,0,0
20260928,UCSes4X8uDrpc4X46hJKjejg,cRJ3dfuOiik,on_demand,not_subscribed,AT,104,5,3,1,0.87233333333333329,50.67,144.77142857142857,0,0
20260928,UCSes4X8uDrpc4X46hJKjejg,iOURk-GhPG0,on_demand,not_subscribed,CA,104,5,4,2,0.4955,12.815,44.189655172413794,1,0.033166666666666664
20260928,UCSes4X8uDrpc4X46hJKjejg,ID5K-VWCXew,on_demand,not_subscribed,US,104,5,51,21,12.011733333333334,33.058761904761909,110.19587301587302,4,0.66581666666666661
20260928,UCSes4X8uDrpc4X46hJKjejg,-CjQjOd2JEA,on_demand,not_subscribed,NL,101,2,3,1,4.6245166666666666,276.212,97.601413427561837,0,0
20260928,UCSes4X8uDrpc4X46hJKjejg,MEHDJ9V-lIk,on_demand,not_subscribed,FR,104,4,4,1,0.56166666666666665,31.3,1.5194174757281553,0,0
20260928,UCSes4X8uDrpc4X46hJKjejg,-5W-IHpVhiI,on_demand,not_subscribed,US,104,5,3,2,3.4785,103.865,83.092,1,0.016333333333333332
20260928,UCSes4X8uDrpc4X46hJKjejg,9LFMqUAyB_U,on_demand,not_subscribed,PR,104,5,1,1,7.6535,459.21,53.961222091656872,0,0
20260928,UCSes4X8uDrpc4X46hJKjejg,YHtB62qU1r8,on_demand,not_subscribed,NL,101,2,3,3,7.7502,155.004,32.979574468085104,0,0
20260928,UCSes4X8uDrpc4X46hJKjejg,JZgusHsQ0l4,on_demand,not_subscribed,RS,101,2,2,1,0.89578333333333338,53.747,103.35961538461538,0,0
20260928,UCSes4X8uDrpc4X46hJKjejg,2n5LJUyMtAk,on_demand,not_subscribed,CA,104,5,11,5,8.365733333333333,96.588,19.126336633663367,1,0
20260928,UCSes4X8uDrpc4X46hJKjejg,FIPueBGagWs,on_demand,not_subscribed,CA,102,29,1,0,0.036216666666666668,0,0,0,0
20260928,UCSes4X8uDrpc4X46hJKjejg,HtZ8tDkeGJY,on_demand,not_subscribed,JM,104,5,3,1,1.9585,117.51,199.16949152542372,0,0
20260928,UCSes4X8uDrpc4X46hJKjejg,5GYyKcjXNN0,on_demand,not_subscribed,IT,104,4,3,2,1.5416666666666667,45.85,56.604938271604937,0,0
20260928,UCSes4X8uDrpc4X46hJKjejg,_nLQ3Vbdzx0,on_demand,not_subscribed,SE,104,5,1,1,0.28183333333333332,16.91,26.015384615384615,0,0
20260928,UCSes4X8uDrpc4X46hJKjejg,0JUVBPIGUg8,on_demand,not_subscribed,GB,104,5,1,0,0.013833333333333333,0,0,0,0
20260928,UCSes4X8uDrpc4X46hJKjejg,WAYYE5BMG6c,on_demand,not_subscribed,AT,101,2,1,1,5.2703833333333332,316.223,16.660853530031613,0,0
20260928,UCSes4X8uDrpc4X46hJKjejg,x9aP35H3Wlc,on_demand,not_subscribed,JM,104,4,1,1,0.155,9.3,18.235294117647058,0,0
20260928,UCSes4X8uDrpc4X46hJKjejg,dgP0I7rPTlU,on_demand,not_subscribed,NG,104,5,3,1,0.60616666666666663,36.37,125.41379310344827,0,0
20260928,UCSes4X8uDrpc4X46hJKjejg,OV__mS_6Hbg,on_demand,not_subscribed,US,102,1,2,1,0.2026,10.077,2.5772378516624039,1,0.03465
20260928,UCSes4X8uDrpc4X46hJKjejg,7Iwn2vTy66E,on_demand,not_subscribed,GB,104,5,1,1,0.1755,10.53,17.55,0,0
20260928,UCSes4X8uDrpc4X46hJKjejg,dKoSQ-63gP4,on_demand,not_subscribed,PT,102,4,1,0,0.0096666666666666672,0,0,0,0
20260928,UCSes4X8uDrpc4X46hJKjejg,p5XiosuCXB8,on_demand,not_subscribed,US,101,2,5,3,3.2644,65.288,107.02950819672131,0,0
20260928,UCSes4X8uDrpc4X46hJKjejg,JZgusHsQ0l4,on_demand,not_subscribed,US,105,5,11,6,5.8885,58.885,113.24038461538461,0,0
20260928,UCSes4X8uDrpc4X46hJKjejg,6ljakZEWb0o,on_demand,not_subscribed,TW,104,4,1,1,0.265,15.9,0.57546145494028234,0,0
20260928,UCSes4X8uDrpc4X46hJKjejg,0b8eta7f8mY,on_demand,not_subscribed,CI,104,4,1,1,0.95051666666666668,57.031,10.821821631878558,0,0
20260928,UCSes4X8uDrpc4X46hJKjejg,5WC7gUC932A,on_demand,not_subscribed,PH,104,4,2,1,0.15166666666666667,8,5.4054054054054053,0,0
20260928,UCSes4X8uDrpc4X46hJKjejg,gmPsKXt4foY,on_demand,subscribed,BH,104,5,2,1,0.75583333333333336,45.35,100.77777777777777,2,0.75583333333333336
20260928,UCSes4X8uDrpc4X46hJKjejg,l5M2ICRhyEA,on_demand,subscribed,US,104,4,16,7,4.1766666666666667,35.657142857142858,108.05194805194805,4,0.81
20260928,UCSes4X8uDrpc4X46hJKjejg,u9yo-7_Ly7M,on_demand,not_subscribed,US,104,4,3,0,0.06,0,0,0,0
20260928,UCSes4X8uDrpc4X46hJKjejg,gTMjT4y5LHE,on_demand,not_subscribed,CI,104,5,1,0,0.021333333333333333,0,0,0,0
20260928,UCSes4X8uDrpc4X46hJKjejg,pFLCNy0d11M,on_demand,not_subscribed,US,101,9,1,1,0.2852,17.112,29.003389830508475,0,0
20260928,UCSes4X8uDrpc4X46hJKjejg,gTMjT4y5LHE,on_demand,not_subscribed,DE,104,5,9,1,2.4743333333333335,126.12,25.530364372469634,0,0
20260928,UCSes4X8uDrpc4X46hJKjejg,XTGlwLovDD0,on_demand,subscribed,ES,104,4,1,1,40.405,2424.3,99.97113402061855,1,40.405
20260928,UCSes4X8uDrpc4X46hJKjejg,MEHDJ9V-lIk,on_demand,not_subscribed,CA,101,2,1,0,0.0033,0,0,0,0
20260928,UCSes4X8uDrpc4X46hJKjejg,glMYlkjTPJA,on_demand,not_subscribed,HK,104,5,1,1,0.037,2.22,4.3529411764705879,0,0
20260928,UCSes4X8uDrpc4X46hJKjejg,qsuJmzb-u5I,on_demand,not_subscribed,US,104,4,1,1,0.06335,3.801,3.0902439024390245,0,0
20260928,UCSes4X8uDrpc4X46hJKjejg,ay8uUBeyRcU,on_demand,not_subscribed,US,104,5,4,1,1.5128333333333333,84.92,87.546391752577321,0,0
20260928,UCSes4X8uDrpc4X46hJKjejg,h5VfJsb9IJI,on_demand,subscribed,US,104,4,1,0,0.015,0,0,0,0
20260928,UCSes4X8uDrpc4X46hJKjejg,f4MfVVTJ6pY,on_demand,not_subscribed,US,101,9,2,0,0.00895,0,0,0,0
20260928,UCSes4X8uDrpc4X46hJKjejg,gTMjT4y5LHE,on_demand,not_subscribed,BE,101,9,1,1,2.9097,174.582,35.340485829959512,0,0
20260928,UCSes4X8uDrpc4X46hJKjejg,yXI5JzLdcwk,on_demand,not_subscribed,IN,104,5,1,0,0.021166666666666667,0,0,0,0
20260928,UCSes4X8uDrpc4X46hJKjejg,1cSYFaZ5rUU,on_demand,not_subscribed,US,104,5,2,1,0.37466666666666665,22.48,102.18181818181819,0,0
20260928,UCSes4X8uDrpc4X46hJKjejg,JZgusHsQ0l4,on_demand,not_subscribed,GB,101,9,2,0,0.077983333333333335,0,0,0,0
20260928,UCSes4X8uDrpc4X46hJKjejg,0JHD_pApR7w,on_demand,not_subscribed,US,104,5,17,10,10.762166666666667,64.551999999999992,93.5536231884058,1,1.1373333333333333
20260928,UCSes4X8uDrpc4X46hJKjejg,pS2E6K434sk,on_demand,not_subscribed,AU,102,29,1,1,0.054433333333333334,3.266,14.2,0,0
20260928,UCSes4X8uDrpc4X46hJKjejg,ePdXtNfowRo,on_demand,not_subscribed,US,102,29,1,0,0.0017833333333333334,0,0,0,0
20260928,UCSes4X8uDrpc4X46hJKjejg,k4-t8XMp-wg,on_demand,not_subscribed,US,101,9,3,3,3.286,65.72,22.97902097902098,0,0
20260928,UCSes4X8uDrpc4X46hJKjejg,XxNpGT_I6mk,on_demand,not_subscribed,GM,102,12,1,1,0.0773,4.638,14.054545454545455,0,0
20260928,UCSes4X8uDrpc4X46hJKjejg,HtZ8tDkeGJY,on_demand,subscribed,US,105,5,1,0,0.0535,0,0,0,0
20260928,UCSes4X8uDrpc4X46hJKjejg,QgeCWQjxuLA,on_demand,not_subscribed,PK,104,4,1,0,0.015,0,0,1,0.015
20260928,UCSes4X8uDrpc4X46hJKjejg,fAZy3HtHBzA,on_demand,not_subscribed,US,101,30,1,1,0.2507,15.042,47.00625,0,0
20260928,UCSes4X8uDrpc4X46hJKjejg,Rl73WZoqKzE,on_demand,subscribed,GB,101,2,1,0,0.0014,0,0,0,0
20260928,UCSes4X8uDrpc4X46hJKjejg,-TauZcQxKUU,on_demand,subscribed,AU,104,4,1,0,0.0016666666666666668,0,0,0,0
20260928,UCSes4X8uDrpc4X46hJKjejg,7HuaEHVdk6c,on_demand,not_subscribed,US,104,5,1,1,0.63416666666666666,38.05,36.941747572815537,1,0.63416666666666666
20260928,UCSes4X8uDrpc4X46hJKjejg,YWmM-Tkjmvo,on_demand,not_subscribed,US,104,5,1,1,4.7896666666666663,287.38,99.784722222222229,1,4.7896666666666663
20260928,UCSes4X8uDrpc4X46hJKjejg,unimgWGUpHM,on_demand,not_subscribed,ZA,104,4,4,1,2.045,119.7,285,3,1.995
20260928,UCSes4X8uDrpc4X46hJKjejg,8ajxcRVL7g4,on_demand,not_subscribed,PH,104,4,4,2,2.0666666666666669,61.4,57.924528301886795,0,0
20260928,UCSes4X8uDrpc4X46hJKjejg,91WKuG0roa4,on_demand,not_subscribed,US,103,10,1,1,0.0067833333333333331,0.407,0.59852941176470587,1,0.0067833333333333331
20260928,UCSes4X8uDrpc4X46hJKjejg,6ljakZEWb0o,on_demand,not_subscribed,AL,101,9,1,0,0.15396666666666667,0,0,0,0
20260928,UCSes4X8uDrpc4X46hJKjejg,XxNpGT_I6mk,on_demand,not_subscribed,US,104,5,46,22,8.34035,21.7075,65.780303030303031,7,2.0728333333333335
20260928,UCSes4X8uDrpc4X46hJKjejg,0b8eta7f8mY,on_demand,not_subscribed,CH,104,5,1,1,0.3045,18.27,3.4667931688804554,0,0
20260928,UCSes4X8uDrpc4X46hJKjejg,fAZy3HtHBzA,on_demand,not_subscribed,PL,101,2,1,0,0.03978333333333333,0,0,0,0
20260928,UCSes4X8uDrpc4X46hJKjejg,ymfIczLSXfI,on_demand,subscribed,US,104,5,1,0,0.036666666666666667,0,0,0,0
20260928,UCSes4X8uDrpc4X46hJKjejg,op6JvrFdWrY,on_demand,not_subscribed,IL,104,4,3,1,0.86166666666666669,51.7,215.41666666666666,0,0
20260928,UCSes4X8uDrpc4X46hJKjejg,5WC7gUC932A,on_demand,not_subscribed,AU,104,4,1,0,0.033333333333333333,0,0,1,0.033333333333333333
20260928,UCSes4X8uDrpc4X46hJKjejg,BeZUS-lZ4qs,on_demand,not_subscribed,AU,103,10,1,1,42.860666666666667,2571.64,83.009683666881855,1,42.860666666666667
20260928,UCSes4X8uDrpc4X46hJKjejg,k4-t8XMp-wg,on_demand,subscribed,US,102,19,2,1,0.30103333333333332,17.539,6.1325174825174829,1,0.008716666666666666
20260928,UCSes4X8uDrpc4X46hJKjejg,JZgusHsQ0l4,on_demand,not_subscribed,CA,104,4,10,4,2.28335,31.85425,61.258173076923079,1,0.078333333333333338
20260928,UCSes4X8uDrpc4X46hJKjejg,O-gIrTrkCe8,on_demand,not_subscribed,CA,105,5,2,1,1.9825,118.95,105.26548672566372,0,0
20260928,UCSes4X8uDrpc4X46hJKjejg,6ljakZEWb0o,on_demand,not_subscribed,KE,101,9,1,0,0.0035,0,0,0,0
20260928,UCSes4X8uDrpc4X46hJKjejg,gTMjT4y5LHE,on_demand,not_subscribed,SE,104,4,1,1,8.085,485.1,98.198380566801617,0,0
20260928,UCSes4X8uDrpc4X46hJKjejg,YHtB62qU1r8,on_demand,subscribed,SE,104,4,1,1,4.1966666666666663,251.8,53.574468085106382,0,0
20260928,UCSes4X8uDrpc4X46hJKjejg,JZgusHsQ0l4,on_demand,not_subscribed,IN,104,4,7,1,0.98833333333333329,57.2,110,0,0
20260928,UCSes4X8uDrpc4X46hJKjejg,HVLl_aTeQTE,on_demand,not_subscribed,CA,104,4,1,0,0.016666666666666666,0,0,0,0
20260928,UCSes4X8uDrpc4X46hJKjejg,YWmM-Tkjmvo,on_demand,subscribed,CA,102,4,1,0,0.023616666666666668,0,0,1,0.023616666666666668
20260928,UCSes4X8uDrpc4X46hJKjejg,gTMjT4y5LHE,on_demand,not_subscribed,KH,104,4,1,0,0.12333333333333334,0,0,0,0
20260928,UCSes4X8uDrpc4X46hJKjejg,JMTK6_3HNJM,on_demand,not_subscribed,US,102,1,2,0,0.089233333333333331,0,0,2,0.089233333333333331
20260928,UCSes4X8uDrpc4X46hJKjejg,-CjQjOd2JEA,on_demand,not_subscribed,TR,101,2,1,0,0.0207,0,0,0,0
20260928,UCSes4X8uDrpc4X46hJKjejg,dgP0I7rPTlU,on_demand,not_subscribed,PH,104,4,9,5,2.8072,33.6864,116.16,0,0
20260928,UCSes4X8uDrpc4X46hJKjejg,-CjQjOd2JEA,on_demand,not_subscribed,MX,105,4,1,1,1.15,69,24.381625441696112,1,1.15
20260928,UCSes4X8uDrpc4X46hJKjejg,llAjcdthT0Q,on_demand,not_subscribed,US,102,26,1,1,1.4576,87.456,123.17746478873239,0,0
20260928,UCSes4X8uDrpc4X46hJKjejg,yqQ_QnY4_XU,on_demand,not_subscribed,US,101,9,11,6,4.267433333333333,42.4465,90.311702127659572,2,0.78436666666666666
20260928,UCSes4X8uDrpc4X46hJKjejg,DFY-sVJGeDI,on_demand,not_subscribed,PG,105,4,1,1,14.726666666666667,883.6,36.618317447161211,0,0
20260928,UCSes4X8uDrpc4X46hJKjejg,gTMjT4y5LHE,on_demand,not_subscribed,RS,104,5,1,0,0.049666666666666665,0,0,0,0
20260928,UCSes4X8uDrpc4X46hJKjejg,-CjQjOd2JEA,on_demand,not_subscribed,RO,104,5,1,1,1.9003333333333334,114.02,40.289752650176681,0,0
20260928,UCSes4X8uDrpc4X46hJKjejg,gTMjT4y5LHE,on_demand,not_subscribed,IL,101,2,2,0,0.085633333333333339,0,0,0,0
20260928,UCSes4X8uDrpc4X46hJKjejg,Mh9vmih_Sro,on_demand,not_subscribed,US,104,4,4,1,7.6016666666666666,450.1,16.978498679743492,0,0
20260928,UCSes4X8uDrpc4X46hJKjejg,YHtB62qU1r8,on_demand,not_subscribed,RO,104,5,1,1,0.245,14.7,3.1276595744680851,1,0.245
20260928,UCSes4X8uDrpc4X46hJKjejg,0b8eta7f8mY,on_demand,not_subscribed,BR,104,5,1,1,8.4951666666666661,509.71,96.719165085389,1,8.4951666666666661
20260928,UCSes4X8uDrpc4X46hJKjejg,BeZUS-lZ4qs,on_demand,not_subscribed,GB,103,17,1,1,51.614366666666669,3096.862,99.963266623628144,0,0
20260928,UCSes4X8uDrpc4X46hJKjejg,2vf4qDJNyOw,on_demand,not_subscribed,US,104,4,4,2,15.273333333333333,452,81.735985533453885,0,0
20260928,UCSes4X8uDrpc4X46hJKjejg,jfpYWzUfb44,on_demand,not_subscribed,US,104,5,1,0,0.15466666666666667,0,0,0,0
20260928,UCSes4X8uDrpc4X46hJKjejg,FCAC9ZyPn_4,on_demand,not_subscribed,AR,101,2,1,0,0.081233333333333338,0,0,0,0
20260928,UCSes4X8uDrpc4X46hJKjejg,l5M2ICRhyEA,on_demand,not_subscribed,AM,101,2,2,1,0.58623333333333338,35.174,106.58787878787879,0,0
20260928,UCSes4X8uDrpc4X46hJKjejg,MEHDJ9V-lIk,on_demand,not_subscribed,UY,102,4,1,1,5.55285,333.171,16.173349514563107,1,5.55285
20260928,UCSes4X8uDrpc4X46hJKjejg,LXgH2eBmrF8,on_demand,not_subscribed,US,102,19,2,1,0.55841666666666667,33.505,108.08064516129032,0,0
20260928,UCSes4X8uDrpc4X46hJKjejg,eeBl_3A6Fok,on_demand,not_subscribed,ZM,104,4,1,0,0.0066666666666666671,0,0,0,0
20260928,UCSes4X8uDrpc4X46hJKjejg,JZgusHsQ0l4,on_demand,subscribed,US,104,5,16,5,3.0769333333333333,32.1432,61.813846153846157,4,1.3721666666666668
20260928,UCSes4X8uDrpc4X46hJKjejg,-CjQjOd2JEA,on_demand,not_subscribed,NO,104,4,1,0,0.0297,0,0,0,0
20260928,UCSes4X8uDrpc4X46hJKjejg,ePdXtNfowRo,on_demand,subscribed,US,104,4,1,0,0.053333333333333337,0,0,0,0
20260928,UCSes4X8uDrpc4X46hJKjejg,itfxfmA1F64,on_demand,not_subscribed,SG,104,5,2,1,1.3070166666666667,78.421,100.53974358974359,0,0
20260928,UCSes4X8uDrpc4X46hJKjejg,-CjQjOd2JEA,on_demand,not_subscribed,SR,102,31,1,0,0.10018333333333333,0,0,0,0
20260928,UCSes4X8uDrpc4X46hJKjejg,yqQ_QnY4_XU,on_demand,subscribed,US,102,19,1,0,0.050416666666666665,0,0,0,0
20260928,UCSes4X8uDrpc4X46hJKjejg,IkDS7ZhVkA4,on_demand,not_subscribed,US,105,5,2,2,20.996666666666666,629.9,27.29202772963605,2,20.99666666666667
20260928,UCSes4X8uDrpc4X46hJKjejg,34SgPBo7SBw,on_demand,not_subscribed,SZ,104,5,1,0,0.017833333333333333,0,0,0,0
20260928,UCSes4X8uDrpc4X46hJKjejg,HVLl_aTeQTE,on_demand,subscribed,US,104,5,9,3,2.3841666666666668,45.016666666666673,100.03703703703704,0,0
20260928,UCSes4X8uDrpc4X46hJKjejg,op6JvrFdWrY,on_demand,not_subscribed,US,101,9,9,6,2.3029,22.308000000000003,92.95,0,0
20260928,UCSes4X8uDrpc4X46hJKjejg,gmPsKXt4foY,on_demand,subscribed,RO,104,4,1,0,0.03833333333333333,0,0,0,0
20260928,UCSes4X8uDrpc4X46hJKjejg,IYL3_MSyo_U,on_demand,not_subscribed,US,104,5,1,0,0.0073333333333333332,0,0,0,0
20260928,UCSes4X8uDrpc4X46hJKjejg,gmPsKXt4foY,on_demand,not_subscribed,MY,101,2,1,1,0.48611666666666664,29.167,64.815555555555562,0,0
20260928,UCSes4X8uDrpc4X46hJKjejg,9zaom3QbjYs,on_demand,not_subscribed,PH,101,2,2,1,8.8488,530.708,69.922002635046113,0,0
20260928,UCSes4X8uDrpc4X46hJKjejg,WAYYE5BMG6c,on_demand,subscribed,PH,102,12,1,1,8.6734,520.404,27.418545837723919,0,0
20260928,UCSes4X8uDrpc4X46hJKjejg,yqQ_QnY4_XU,on_demand,subscribed,EE,101,2,1,1,0.57843333333333335,34.706,73.842553191489358,1,0.57843333333333335
20260928,UCSes4X8uDrpc4X46hJKjejg,-CjQjOd2JEA,on_demand,not_subscribed,AU,103,10,2,2,1.2781,38.343,13.548763250883392,2,1.2781
20260928,UCSes4X8uDrpc4X46hJKjejg,gTMjT4y5LHE,on_demand,not_subscribed,TH,101,9,1,0,0.00735,0,0,0,0
20260928,UCSes4X8uDrpc4X46hJKjejg,BeZUS-lZ4qs,on_demand,not_subscribed,PH,101,2,5,2,0.067383333333333337,1.4755,0.047627501613944481,1,0.0090166666666666659
20260928,UCSes4X8uDrpc4X46hJKjejg,JZgusHsQ0l4,on_demand,not_subscribed,IT,101,2,1,0,0.0054833333333333331,0,0,0,0
20260928,UCSes4X8uDrpc4X46hJKjejg,-CjQjOd2JEA,on_demand,subscribed,SG,101,9,1,1,0.25043333333333334,15.026,5.3095406360424029,0,0
20260928,UCSes4X8uDrpc4X46hJKjejg,_KF3WL1C1Jo,on_demand,not_subscribed,CA,104,5,1,1,0.77533333333333332,46.52,71.569230769230771,0,0
20260928,UCSes4X8uDrpc4X46hJKjejg,JZgusHsQ0l4,on_demand,not_subscribed,DE,101,9,5,2,1.0931166666666667,26.646,51.242307692307691,0,0
20260928,UCSes4X8uDrpc4X46hJKjejg,BeZUS-lZ4qs,on_demand,not_subscribed,NL,101,9,1,1,8.55905,513.543,16.576597805035508,1,8.55905
20260928,UCSes4X8uDrpc4X46hJKjejg,YHtB62qU1r8,on_demand,not_subscribed,IT,105,5,1,1,1.2261666666666666,73.57,15.653191489361703,0,0
20260928,UCSes4X8uDrpc4X46hJKjejg,6ljakZEWb0o,on_demand,not_subscribed,IL,104,4,2,1,8.6183166666666668,515.599,18.660839667028593,0,0
20260928,UCSes4X8uDrpc4X46hJKjejg,WAYYE5BMG6c,on_demand,not_subscribed,US,104,5,19,9,56.665466666666667,375.89311111111112,19.804695000585411,0,0
20260928,UCSes4X8uDrpc4X46hJKjejg,Rl73WZoqKzE,on_demand,not_subscribed,FR,102,12,2,0,0.023366666666666668,0,0,2,0.023366666666666668
20260928,UCSes4X8uDrpc4X46hJKjejg,op6JvrFdWrY,on_demand,subscribed,US,102,19,1,1,0.17133333333333334,10.28,42.833333333333336,0,0
20260928,UCSes4X8uDrpc4X46hJKjejg,Rl73WZoqKzE,on_demand,not_subscribed,US,104,5,101,46,231.76433333333333,298.98476086956526,50.16522833381967,8,35.838416666666667
20260928,UCSes4X8uDrpc4X46hJKjejg,-CjQjOd2JEA,on_demand,not_subscribed,US,103,27,3,3,8.95425,179.085,63.280918727915193,1,4.4383166666666662
20260928,UCSes4X8uDrpc4X46hJKjejg,ID5K-VWCXew,on_demand,subscribed,IN,104,4,2,1,0.24166666666666667,13.6,45.333333333333336,0,0
20260928,UCSes4X8uDrpc4X46hJKjejg,WAYYE5BMG6c,on_demand,subscribed,DE,101,2,1,0,0.0035166666666666666,0,0,0,0
20260928,UCSes4X8uDrpc4X46hJKjejg,l5M2ICRhyEA,on_demand,not_subscribed,ZA,104,5,2,1,0.5625,33.75,102.27272727272727,0,0
20260928,UCSes4X8uDrpc4X46hJKjejg,k4-t8XMp-wg,on_demand,subscribed,PH,102,4,1,0,0.017783333333333335,0,0,1,0.017783333333333335
20260928,UCSes4X8uDrpc4X46hJKjejg,IkDS7ZhVkA4,on_demand,not_subscribed,GB,101,9,1,1,0.4918,29.508,1.2785095320623916,0,0
20260928,UCSes4X8uDrpc4X46hJKjejg,fAZy3HtHBzA,on_demand,subscribed,CA,101,2,6,2,1.1927833333333333,31.5355,98.5484375,1,0.28533333333333333
20260928,UCSes4X8uDrpc4X46hJKjejg,unimgWGUpHM,on_demand,not_subscribed,US,102,4,2,1,0.74586666666666668,44.752,106.55238095238096,0,0
20260928,UCSes4X8uDrpc4X46hJKjejg,JOMMjWncBzA,on_demand,not_subscribed,US,102,26,2,1,1.2515666666666667,75.094,100.12533333333333,0,0
20260928,UCSes4X8uDrpc4X46hJKjejg,XCtyiiCSRAk,on_demand,not_subscribed,US,101,1,1,1,0.43976666666666664,26.386,54.970833333333331,0,0
20260928,UCSes4X8uDrpc4X46hJKjejg,JZgusHsQ0l4,on_demand,not_subscribed,GR,101,2,1,0,0.0029,0,0,0,0
20260928,UCSes4X8uDrpc4X46hJKjejg,-CjQjOd2JEA,on_demand,not_subscribed,CD,104,5,1,1,4.5063333333333331,270.38,95.540636042402824,0,0
20260928,UCSes4X8uDrpc4X46hJKjejg,YHtB62qU1r8,on_demand,not_subscribed,ZA,102,4,2,0,0.030983333333333335,0,0,0,0
20260928,UCSes4X8uDrpc4X46hJKjejg,AGR1wuQDdnM,on_demand,not_subscribed,US,101,9,1,1,2.9080833333333334,174.485,92.811170212765958,1,2.9080833333333334
20260928,UCSes4X8uDrpc4X46hJKjejg,BeZUS-lZ4qs,on_demand,not_subscribed,KR,104,5,1,1,0.059833333333333336,3.59,0.11588121368624919,1,0.059833333333333336
20260928,UCSes4X8uDrpc4X46hJKjejg,UvWPXkksqmM,on_demand,subscribed,PT,104,4,1,1,0.23833333333333334,14.3,2.1601208459214503,0,0
20260928,UCSes4X8uDrpc4X46hJKjejg,-CjQjOd2JEA,on_demand,not_subscribed,QA,101,2,1,0,0.0077333333333333334,0,0,0,0
20260928,UCSes4X8uDrpc4X46hJKjejg,MEHDJ9V-lIk,on_demand,not_subscribed,US,102,26,17,10,21.084666666666667,124.17370000000001,6.0278495145631066,4,0.70478333333333332
20260928,UCSes4X8uDrpc4X46hJKjejg,zu2nhGUsJxw,on_demand,not_subscribed,US,102,29,1,1,0.59936666666666671,35.962,0.96854295717748451,0,0
20260928,UCSes4X8uDrpc4X46hJKjejg,MEHDJ9V-lIk,on_demand,not_subscribed,TT,104,4,2,2,29.378333333333334,881.35,42.783980582524272,0,0
20260928,UCSes4X8uDrpc4X46hJKjejg,BeZUS-lZ4qs,on_demand,not_subscribed,US,101,1,3,2,4.13215,123.5825,3.9891058747579082,0,0
20260928,UCSes4X8uDrpc4X46hJKjejg,YHtB62qU1r8,on_demand,not_subscribed,AW,102,19,1,1,0.66456666666666664,39.874,8.4838297872340434,0,0
20260928,UCSes4X8uDrpc4X46hJKjejg,OkzI_U0uKes,on_demand,subscribed,US,104,5,2,2,15.2535,457.605,44.427669902912619,2,15.2535
20260928,UCSes4X8uDrpc4X46hJKjejg,n8fMP2cKrBc,on_demand,not_subscribed,NL,104,5,4,0,0.1755,0,0,0,0
20260928,UCSes4X8uDrpc4X46hJKjejg,gTMjT4y5LHE,on_demand,subscribed,NL,101,2,4,0,0.027116666666666667,0,0,0,0
20260928,UCSes4X8uDrpc4X46hJKjejg,p5XiosuCXB8,on_demand,not_subscribed,IL,104,4,1,0,0,0,0,0,0
20260928,UCSes4X8uDrpc4X46hJKjejg,gTMjT4y5LHE,on_demand,not_subscribed,FI,104,5,2,1,6.533,389.03,78.751012145748987,0,0
20260928,UCSes4X8uDrpc4X46hJKjejg,6jforXAKnoY,on_demand,not_subscribed,CA,101,9,1,0,0.057283333333333332,0,0,0,0
20260928,UCSes4X8uDrpc4X46hJKjejg,i-9mS8nWVRQ,on_demand,not_subscribed,US,101,9,1,0,0,0,0,0,0
20260928,UCSes4X8uDrpc4X46hJKjejg,MEHDJ9V-lIk,on_demand,not_subscribed,US,102,12,2,2,11.966533333333333,358.996,17.426990291262136,1,11.55555
20260928,UCSes4X8uDrpc4X46hJKjejg,EZ7WjfAU1MI,on_demand,not_subscribed,US,101,2,5,4,8.9093,132.7155,4.1826504884966909,1,1.3908333333333334
20260928,UCSes4X8uDrpc4X46hJKjejg,-CjQjOd2JEA,on_demand,not_subscribed,PH,101,2,11,2,9.7283666666666662,282.241,99.731802120141339,1,4.704016666666667
20260928,UCSes4X8uDrpc4X46hJKjejg,gTMjT4y5LHE,on_demand,not_subscribed,MX,104,4,2,0,0.063333333333333339,0,0,0,0
20260928,UCSes4X8uDrpc4X46hJKjejg,Rl73WZoqKzE,on_demand,subscribed,AU,102,12,1,1,0.6615,39.69,6.6593959731543624,1,0.6615
20260928,UCSes4X8uDrpc4X46hJKjejg,6ljakZEWb0o,on_demand,not_subscribed,US,101,9,32,4,3.0918166666666669,38.34275,1.3877216793340572,0,0
20260928,UCSes4X8uDrpc4X46hJKjejg,MEHDJ9V-lIk,on_demand,not_subscribed,BR,104,4,1,1,0.053333333333333337,3.2,0.1553398058252427,1,0.053333333333333337
20260928,UCSes4X8uDrpc4X46hJKjejg,gTMjT4y5LHE,on_demand,not_subscribed,HU,101,9,1,1,7.9245833333333335,475.475,96.25,1,7.9245833333333335
20260928,UCSes4X8uDrpc4X46hJKjejg,gTMjT4y5LHE,on_demand,not_subscribed,TW,101,9,1,1,1.8100666666666667,108.604,21.984615384615385,0,0
20260928,UCSes4X8uDrpc4X46hJKjejg,YHtB62qU1r8,on_demand,not_subscribed,PH,101,2,10,4,7.32185,106.466,22.652340425531914,1,0.43673333333333331
20260928,UCSes4X8uDrpc4X46hJKjejg,RNnuUOuuVfo,on_demand,not_subscribed,KR,104,4,1,0,0,0,0,0,0
20260928,UCSes4X8uDrpc4X46hJKjejg,a0gZFheQMtE,on_demand,subscribed,US,104,5,1,1,5.8341666666666665,350.05,58.244592346089853,0,0
20260928,UCSes4X8uDrpc4X46hJKjejg,-8W7PIiwRYo,on_demand,not_subscribed,US,104,5,1,0,0.007,0,0,0,0
20260928,UCSes4X8uDrpc4X46hJKjejg,9LFMqUAyB_U,on_demand,not_subscribed,PT,101,9,2,0,0.010766666666666667,0,0,2,0.010766666666666667
20260928,UCSes4X8uDrpc4X46hJKjejg,unimgWGUpHM,on_demand,not_subscribed,SE,104,5,2,0,0.057166666666666664,0,0,0,0
20260928,UCSes4X8uDrpc4X46hJKjejg,pWCQrmx8beo,on_demand,subscribed,ZA,102,4,1,1,50.1255,3007.53,99.984375,0,0
20260928,UCSes4X8uDrpc4X46hJKjejg,KoxnHEXhTNQ,on_demand,subscribed,IT,104,4,1,1,0.11851666666666667,7.111,35.555,0,0
20260928,UCSes4X8uDrpc4X46hJKjejg,6ljakZEWb0o,on_demand,subscribed,US,102,19,2,0,0.026233333333333334,0,0,0,0
20260928,UCSes4X8uDrpc4X46hJKjejg,IkDS7ZhVkA4,on_demand,subscribed,US,104,5,1,0,0.1485,0,0,0,0
20260928,UCSes4X8uDrpc4X46hJKjejg,Rl73WZoqKzE,on_demand,subscribed,CN,104,5,1,0,0.04003333333333333,0,0,0,0
20260928,UCSes4X8uDrpc4X46hJKjejg,Rl73WZoqKzE,on_demand,subscribed,RS,101,2,1,0,0.0634,0,0,0,0
20260928,UCSes4X8uDrpc4X46hJKjejg,unimgWGUpHM,on_demand,not_subscribed,GT,101,9,3,1,1.6718666666666666,100.312,238.83809523809524,0,0
20260928,UCSes4X8uDrpc4X46hJKjejg,MEHDJ9V-lIk,on_demand,not_subscribed,TR,104,5,1,1,0.06,3.6,0.17475728155339806,1,0.06
20260928,UCSes4X8uDrpc4X46hJKjejg,198kcwoCgIY,on_demand,not_subscribed,HK,104,4,1,0,0.015,0,0,0,0
20260928,UCSes4X8uDrpc4X46hJKjejg,-CjQjOd2JEA,on_demand,not_subscribed,KR,104,5,1,0,0.018333333333333333,0,0,0,0
20260928,UCSes4X8uDrpc4X46hJKjejg,gTMjT4y5LHE,on_demand,not_subscribed,NL,102,19,1,1,1.5371166666666667,92.227,18.669433198380567,0,0
20260928,UCSes4X8uDrpc4X46hJKjejg,9zaom3QbjYs,on_demand,not_subscribed,ZA,104,4,1,1,0.185,11.1,1.4624505928853755,0,0
20260928,UCSes4X8uDrpc4X46hJKjejg,r-QLsX098EI,on_demand,not_subscribed,SI,104,4,1,0,0.015,0,0,0,0
20260928,UCSes4X8uDrpc4X46hJKjejg,0b8eta7f8mY,on_demand,not_subscribed,IT,104,4,2,0,0.088333333333333333,0,0,0,0
20260928,UCSes4X8uDrpc4X46hJKjejg,f9Uo-9KNxsY,on_demand,not_subscribed,GB,104,5,1,1,0.282,16.92,15.813084112149532,0,0
20260928,UCSes4X8uDrpc4X46hJKjejg,p5XiosuCXB8,on_demand,not_subscribed,US,101,9,3,0,0.04,0,0,0,0
20260928,UCSes4X8uDrpc4X46hJKjejg,1Wth6gVDv0s,on_demand,not_subscribed,US,101,9,2,0,0.04195,0,0,0,0
20260928,UCSes4X8uDrpc4X46hJKjejg,op6JvrFdWrY,on_demand,not_subscribed,ID,104,4,2,1,0.4,24,100,0,0
20260928,UCSes4X8uDrpc4X46hJKjejg,fAZy3HtHBzA,on_demand,subscribed,ES,104,4,1,1,0.53333333333333333,32,100,0,0
20260928,UCSes4X8uDrpc4X46hJKjejg,-CjQjOd2JEA,on_demand,not_subscribed,US,101,1,4,1,4.7712,282.241,99.731802120141339,0,0
20260928,UCSes4X8uDrpc4X46hJKjejg,l5M2ICRhyEA,on_demand,not_subscribed,AT,101,2,2,1,0.78678333333333328,47.207,143.05151515151516,0,0
20260928,UCSes4X8uDrpc4X46hJKjejg,5GYyKcjXNN0,on_demand,not_subscribed,DE,105,5,1,1,0.13033333333333333,7.82,9.6543209876543212,0,0
20260928,UCSes4X8uDrpc4X46hJKjejg,IkDS7ZhVkA4,on_demand,not_subscribed,IT,101,2,1,1,0.16706666666666667,10.024,0.434315424610052,0,0
20260928,UCSes4X8uDrpc4X46hJKjejg,gTMjT4y5LHE,on_demand,not_subscribed,IT,104,5,1,0,0.021,0,0,0,0
20260928,UCSes4X8uDrpc4X46hJKjejg,jd9rjcm7Opg,on_demand,not_subscribed,IN,100,1,1,1,0.68666666666666665,41.2,73.571428571428569,1,0.68666666666666665
20260928,UCSes4X8uDrpc4X46hJKjejg,dKoSQ-63gP4,on_demand,not_subscribed,SE,101,2,1,0,0.0157,0,0,0,0
20260928,UCSes4X8uDrpc4X46hJKjejg,fAZy3HtHBzA,on_demand,subscribed,NL,104,5,3,2,0.8928166666666667,26.7845,83.7015625,1,0.35216666666666668
20260928,UCSes4X8uDrpc4X46hJKjejg,YHtB62qU1r8,on_demand,not_subscribed,US,101,1,1,1,0.30121666666666669,18.073,3.84531914893617,0,0
20260928,UCSes4X8uDrpc4X46hJKjejg,PeMHxUwuByQ,on_demand,subscribed,US,104,4,1,0,0.016666666666666666,0,0,0,0
20260928,UCSes4X8uDrpc4X46hJKjejg,eUY8wO-yTHQ,on_demand,not_subscribed,US,102,26,1,1,0.55325,33.195,72.163043478260875,0,0
20260928,UCSes4X8uDrpc4X46hJKjejg,Rl73WZoqKzE,on_demand,subscribed,US,105,5,4,3,7.7785,155.01666666666668,26.009507829977629,1,0.086166666666666669
20260928,UCSes4X8uDrpc4X46hJKjejg,XlT3SmO6YYs,on_demand,not_subscribed,KR,104,4,3,1,1.9316666666666666,113,100,0,0
20260928,UCSes4X8uDrpc4X46hJKjejg,2n5LJUyMtAk,on_demand,not_subscribed,AG,101,2,1,0,0.041983333333333331,0,0,0,0
20260928,UCSes4X8uDrpc4X46hJKjejg,-CjQjOd2JEA,on_demand,not_subscribed,AU,101,2,1,0,0.053533333333333336,0,0,0,0
20260928,UCSes4X8uDrpc4X46hJKjejg,dgP0I7rPTlU,on_demand,not_subscribed,US,101,30,1,0,0.018516666666666667,0,0,0,0
20260928,UCSes4X8uDrpc4X46hJKjejg,5Bridlnnqsk,on_demand,not_subscribed,US,104,4,1,0,0.005,0,0,0,0
20260928,UCSes4X8uDrpc4X46hJKjejg,_QSU5kf-qK4,on_demand,not_subscribed,US,104,5,2,1,0.91916666666666669,54.73,99.509090909090915,0,0
20260928,UCSes4X8uDrpc4X46hJKjejg,YHtB62qU1r8,on_demand,not_subscribed,AU,101,2,2,0,0.045716666666666669,0,0,0,0
20260928,UCSes4X8uDrpc4X46hJKjejg,HwWx5nhjCx8,on_demand,subscribed,CA,104,5,1,1,0.09583333333333334,5.75,0.55235350624399615,0,0
20260928,UCSes4X8uDrpc4X46hJKjejg,pWCQrmx8beo,on_demand,not_subscribed,FR,101,2,2,0,0.031566666666666666,0,0,0,0
20260928,UCSes4X8uDrpc4X46hJKjejg,-CjQjOd2JEA,on_demand,not_subscribed,DE,103,17,2,0,0.040266666666666666,0,0,0,0
20260928,UCSes4X8uDrpc4X46hJKjejg,rq61MdGS0U4,on_demand,not_subscribed,GB,101,1,1,1,9.1981666666666673,551.89,97.163732394366193,0,0
20260928,UCSes4X8uDrpc4X46hJKjejg,gTMjT4y5LHE,on_demand,not_subscribed,ID,101,2,3,0,0.09141666666666666,0,0,0,0
20260928,UCSes4X8uDrpc4X46hJKjejg,6ljakZEWb0o,on_demand,subscribed,CN,101,9,3,0,0.09976666666666667,0,0,0,0
20260928,UCSes4X8uDrpc4X46hJKjejg,gTMjT4y5LHE,on_demand,not_subscribed,GR,104,5,2,2,8.841,265.23,53.690283400809719,0,0
20260928,UCSes4X8uDrpc4X46hJKjejg,FCAC9ZyPn_4,on_demand,not_subscribed,GB,101,2,1,0,0.040616666666666669,0,0,0,0
20260928,UCSes4X8uDrpc4X46hJKjejg,unimgWGUpHM,on_demand,subscribed,OM,104,4,2,1,0.70666666666666667,42.4,100.95238095238095,0,0
20260928,UCSes4X8uDrpc4X46hJKjejg,-CjQjOd2JEA,on_demand,not_subscribed,KE,102,4,1,1,0.20346666666666666,12.208,4.3137809187279155,0,0
20260928,UCSes4X8uDrpc4X46hJKjejg,fAZy3HtHBzA,on_demand,subscribed,CH,104,4,1,1,0.53166666666666662,31.9,99.6875,0,0
20260928,UCSes4X8uDrpc4X46hJKjejg,unimgWGUpHM,on_demand,subscribed,HR,104,4,2,1,1.0333333333333334,62,147.61904761904762,0,0
20260928,UCSes4X8uDrpc4X46hJKjejg,op6JvrFdWrY,on_demand,subscribed,NG,104,5,2,1,0.555,33.3,138.75,0,0
20260928,UCSes4X8uDrpc4X46hJKjejg,fAZy3HtHBzA,on_demand,subscribed,US,102,28,6,3,0.87941666666666662,15.782333333333334,49.319791666666667,1,0.051966666666666668
20260928,UCSes4X8uDrpc4X46hJKjejg,gTMjT4y5LHE,on_demand,not_subscribed,FR,103,10,1,1,0.22196666666666667,13.318,2.6959514170040486,1,0.22196666666666667
20260928,UCSes4X8uDrpc4X46hJKjejg,k4-t8XMp-wg,on_demand,subscribed,PH,104,4,1,0,0.0033333333333333335,0,0,0,0
20260928,UCSes4X8uDrpc4X46hJKjejg,unimgWGUpHM,on_demand,not_subscribed,US,104,4,205,114,78.554316666666665,41.005508771929819,97.632163742690054,24,7.7953666666666672
20260928,UCSes4X8uDrpc4X46hJKjejg,HwWx5nhjCx8,on_demand,not_subscribed,ZW,104,4,1,0,0.08666666666666667,0,0,0,0
20260928,UCSes4X8uDrpc4X46hJKjejg,6ljakZEWb0o,on_demand,subscribed,PH,102,4,1,1,46.047016666666664,2762.821,99.993521534563882,1,46.047016666666664
20260928,UCSes4X8uDrpc4X46hJKjejg,-CjQjOd2JEA,on_demand,not_subscribed,ZA,104,4,11,4,7.255,102.5,36.219081272084807,1,0.065
20260928,UCSes4X8uDrpc4X46hJKjejg,UvWPXkksqmM,on_demand,not_subscribed,IR,101,2,1,0,0.015866666666666668,0,0,0,0
20260928,UCSes4X8uDrpc4X46hJKjejg,JZgusHsQ0l4,on_demand,not_subscribed,FI,101,9,2,1,0.7825333333333333,44.912,86.369230769230768,0,0
20260928,UCSes4X8uDrpc4X46hJKjejg,YHtB62qU1r8,on_demand,not_subscribed,ZA,104,4,1,1,7.915,474.9,101.04255319148936,0,0
20260928,UCSes4X8uDrpc4X46hJKjejg,6ljakZEWb0o,on_demand,not_subscribed,ID,104,4,1,0,0.0083333333333333332,0,0,0,0
20260928,UCSes4X8uDrpc4X46hJKjejg,XlT3SmO6YYs,on_demand,not_subscribed,GB,104,5,1,1,0.43316666666666664,25.99,23,0,0
20260928,UCSes4X8uDrpc4X46hJKjejg,XB6TixLR2cg,on_demand,not_subscribed,IL,104,4,1,1,0.07,4.2,11.351351351351351,0,0
20260928,UCSes4X8uDrpc4X46hJKjejg,Rl73WZoqKzE,on_demand,subscribed,CA,104,4,3,3,15.9752,319.50399999999996,53.608053691275167,0,0
20260928,UCSes4X8uDrpc4X46hJKjejg,fAZy3HtHBzA,on_demand,subscribed,US,102,12,1,0,0.0039,0,0,0,0
20260928,UCSes4X8uDrpc4X46hJKjejg,WAYYE5BMG6c,on_demand,subscribed,IN,104,4,1,0,0.00155,0,0,0,0
20260928,UCSes4X8uDrpc4X46hJKjejg,gmPsKXt4foY,on_demand,subscribed,GB,104,5,3,2,1.4101666666666666,42.305,94.0111111111111,1,0.5895
20260928,UCSes4X8uDrpc4X46hJKjejg,iOURk-GhPG0,on_demand,not_subscribed,HK,104,5,1,1,0.0033166666666666665,0.199,0.68620689655172418,0,0
20260928,UCSes4X8uDrpc4X46hJKjejg,po8YrSQivoM,on_demand,not_subscribed,GB,104,5,1,1,57.50416666666667,3450.25,100.5317599067599,0,0
20260928,UCSes4X8uDrpc4X46hJKjejg,YHtB62qU1r8,on_demand,not_subscribed,ID,102,19,2,1,0.17745,10.291,2.1895744680851066,0,0
20260928,UCSes4X8uDrpc4X46hJKjejg,bQEO6DmLkPg,on_demand,not_subscribed,US,101,9,2,1,0.96246666666666669,54.962,98.146428571428572,0,0
20260928,UCSes4X8uDrpc4X46hJKjejg,fAZy3HtHBzA,on_demand,not_subscribed,PR,104,5,1,1,0.141,8.46,26.4375,0,0
20260928,UCSes4X8uDrpc4X46hJKjejg,9zaom3QbjYs,on_demand,not_subscribed,US,102,4,5,5,20.483983333333335,245.8078,32.38574440052701,0,0
20260928,UCSes4X8uDrpc4X46hJKjejg,gTMjT4y5LHE,on_demand,not_subscribed,IL,101,9,1,0,0.022383333333333335,0,0,0,0
20260928,UCSes4X8uDrpc4X46hJKjejg,Bo_rdFgrHVI,on_demand,not_subscribed,US,102,26,1,1,2.83745,170.247,22.430434782608696,0,0
20260928,UCSes4X8uDrpc4X46hJKjejg,BeZUS-lZ4qs,on_demand,not_subscribed,US,102,4,41,33,691.59915,1257.0681515151516,40.576764090224387,9,131.86155000000002
20260928,UCSes4X8uDrpc4X46hJKjejg,zxka0rRvmaU,on_demand,not_subscribed,GB,104,4,1,1,0.16166666666666665,9.7,20.638297872340427,0,0
20260928,UCSes4X8uDrpc4X46hJKjejg,2n5LJUyMtAk,on_demand,not_subscribed,JP,101,2,1,0,0.02095,0,0,0,0
20260928,UCSes4X8uDrpc4X46hJKjejg,MEHDJ9V-lIk,on_demand,not_subscribed,PH,104,5,4,3,50.9,1017.3666666666667,49.386731391585762,1,25.043166666666668
20260928,UCSes4X8uDrpc4X46hJKjejg,iOURk-GhPG0,on_demand,not_subscribed,MY,104,4,1,1,0.029566666666666668,1.774,6.1172413793103448,0,0
20260928,UCSes4X8uDrpc4X46hJKjejg,_nLQ3Vbdzx0,on_demand,subscribed,SA,104,5,1,0,0.026,0,0,0,0
20260928,UCSes4X8uDrpc4X46hJKjejg,50MHq47IaLU,on_demand,subscribed,US,104,4,1,1,0.088333333333333333,5.3,4.6086956521739131,1,0.088333333333333333
20260928,UCSes4X8uDrpc4X46hJKjejg,yqQ_QnY4_XU,on_demand,subscribed,PH,104,4,4,3,1.385,27.7,58.936170212765958,1,0.465
20260928,UCSes4X8uDrpc4X46hJKjejg,oclZFI8L9Sw,on_demand,subscribed,US,104,5,1,1,0.20133333333333334,12.08,14.211764705882352,1,0.20133333333333334
20260928,UCSes4X8uDrpc4X46hJKjejg,HuezETFg9xY,on_demand,not_subscribed,US,104,5,2,1,1.1225,67.35,100.5223880597015,2,1.1225
20260928,UCSes4X8uDrpc4X46hJKjejg,QgzDiB4_6xw,on_demand,not_subscribed,PH,104,4,1,0,0.02,0,0,0,0
20260928,UCSes4X8uDrpc4X46hJKjejg,BeZUS-lZ4qs,on_demand,subscribed,FR,101,2,1,0,0.017083333333333332,0,0,0,0
20260928,UCSes4X8uDrpc4X46hJKjejg,f4MfVVTJ6pY,on_demand,not_subscribed,CA,101,2,1,0,0.013583333333333333,0,0,0,0
20260928,UCSes4X8uDrpc4X46hJKjejg,B4aYi06AO4g,on_demand,not_subscribed,US,104,4,2,1,6.59,395.4,12.701574044330227,0,0
20260928,UCSes4X8uDrpc4X46hJKjejg,6ljakZEWb0o,on_demand,not_subscribed,MY,104,5,1,0,0.014,0,0,0,0
20260928,UCSes4X8uDrpc4X46hJKjejg,dKoSQ-63gP4,on_demand,not_subscribed,CA,104,5,3,2,9.7478333333333325,291.805,47.91543513957307,1,9.526
20260928,UCSes4X8uDrpc4X46hJKjejg,-CjQjOd2JEA,on_demand,not_subscribed,ET,104,4,1,0,0.0016666666666666668,0,0,0,0
20260928,UCSes4X8uDrpc4X46hJKjejg,R1PGLsRyKDw,on_demand,subscribed,US,104,4,15,2,0.61166666666666669,8.45,52.8125,3,0.061666666666666675
20260928,UCSes4X8uDrpc4X46hJKjejg,JZgusHsQ0l4,on_demand,not_subscribed,US,103,17,2,1,0.9125833333333333,54.755,105.29807692307692,0,0
20260928,UCSes4X8uDrpc4X46hJKjejg,YHtB62qU1r8,on_demand,not_subscribed,ET,104,4,1,0,0.0033333333333333335,0,0,0,0
20260928,UCSes4X8uDrpc4X46hJKjejg,6wZwOsYD9rQ,on_demand,not_subscribed,TW,105,4,1,1,0.025,1.5,0.28846153846153844,0,0
20260928,UCSes4X8uDrpc4X46hJKjejg,Rl73WZoqKzE,on_demand,subscribed,ZA,103,17,1,0,0.0037166666666666667,0,0,0,0
20260928,UCSes4X8uDrpc4X46hJKjejg,7DD0KNPPL1c,on_demand,not_subscribed,US,101,2,7,2,2.4050666666666665,69.6235,198.9242857142857,0,0
20260928,UCSes4X8uDrpc4X46hJKjejg,op6JvrFdWrY,on_demand,subscribed,PH,104,4,11,6,2.66,26.45,110.20833333333333,0,0
20260928,UCSes4X8uDrpc4X46hJKjejg,BeZUS-lZ4qs,on_demand,not_subscribed,GY,102,29,1,1,51.62768333333333,3097.661,99.9890574564235,0,0
20260928,UCSes4X8uDrpc4X46hJKjejg,rScJj_0-t-o,on_demand,not_subscribed,US,102,19,1,1,0.6446,38.676,33.631304347826088,0,0
20260928,UCSes4X8uDrpc4X46hJKjejg,UvWPXkksqmM,on_demand,subscribed,CA,104,5,3,2,6.776,199.36,30.114803625377643,0,0
20260928,UCSes4X8uDrpc4X46hJKjejg,u9yo-7_Ly7M,on_demand,not_subscribed,PH,102,12,1,1,3.5857166666666669,215.143,39.11690909090909,0,0
20260928,UCSes4X8uDrpc4X46hJKjejg,BvHw3ddSlms,on_demand,not_subscribed,US,104,4,1,1,0.12,7.2,0.15078534031413612,1,0.12
20260928,UCSes4X8uDrpc4X46hJKjejg,nr2XQrdnjdQ,on_demand,subscribed,AU,104,5,1,1,14.8915,893.49,76.36666666666666,1,14.8915
20260928,UCSes4X8uDrpc4X46hJKjejg,HtZ8tDkeGJY,on_demand,not_subscribed,SE,101,2,1,0,0.012616666666666667,0,0,0,0
20260928,UCSes4X8uDrpc4X46hJKjejg,tIFk16TQrU4,on_demand,not_subscribed,US,102,19,1,1,0.0718,4.308,12.670588235294117,0,0
20260928,UCSes4X8uDrpc4X46hJKjejg,yTQv3l6WIPk,on_demand,not_subscribed,GB,102,29,1,0,0.00305,0,0,0,0
20260928,UCSes4X8uDrpc4X46hJKjejg,gTMjT4y5LHE,on_demand,not_subscribed,GB,102,31,1,0,0.0026333333333333334,0,0,0,0
20260928,UCSes4X8uDrpc4X46hJKjejg,l5M2ICRhyEA,on_demand,not_subscribed,US,104,5,271,122,61.784016666666666,29.299647540983607,88.78681073025335,31,7.1974
20260928,UCSes4X8uDrpc4X46hJKjejg,pWCQrmx8beo,on_demand,not_subscribed,JP,104,4,1,0,0.063333333333333339,0,0,0,0
20260928,UCSes4X8uDrpc4X46hJKjejg,-CjQjOd2JEA,on_demand,not_subscribed,US,102,4,81,63,101.97533333333334,96.1818253968254,33.9865107409277,21,39.274
20260928,UCSes4X8uDrpc4X46hJKjejg,yXI5JzLdcwk,on_demand,not_subscribed,MY,104,4,2,1,0.355,21.3,26.625,0,0
20260928,UCSes4X8uDrpc4X46hJKjejg,gTMjT4y5LHE,on_demand,not_subscribed,GH,104,4,2,1,3.7366666666666668,224.2,45.384615384615387,0,0
20260928,UCSes4X8uDrpc4X46hJKjejg,6yRZKqOpZPM,on_demand,not_subscribed,PH,104,4,1,0,0.0033333333333333335,0,0,0,0
20260928,UCSes4X8uDrpc4X46hJKjejg,84XwX8zGUOk,on_demand,not_subscribed,AU,104,4,1,1,0.36666666666666664,22,4.2471042471042475,1,0.36666666666666664
20260928,UCSes4X8uDrpc4X46hJKjejg,YHtB62qU1r8,on_demand,not_subscribed,US,102,4,79,49,106.33168333333333,128.72581632653061,27.3884715588363,22,17.590583333333335
20260928,UCSes4X8uDrpc4X46hJKjejg,yqQ_QnY4_XU,on_demand,subscribed,AU,104,4,6,2,1.5743666666666667,47.081,100.17234042553191,2,0.78833333333333333
20260928,UCSes4X8uDrpc4X46hJKjejg,4kM5P08h3q4,on_demand,subscribed,US,101,2,1,1,2.0004333333333335,120.026,32.439459459459457,0,0
20260928,UCSes4X8uDrpc4X46hJKjejg,gTMjT4y5LHE,on_demand,subscribed,PH,101,2,1,0,0.01685,0,0,0,0
20260928,UCSes4X8uDrpc4X46hJKjejg,5GYyKcjXNN0,on_demand,not_subscribed,FI,105,5,1,0,0.0605,0,0,0,0
20260928,UCSes4X8uDrpc4X46hJKjejg,UOsqGlestSU,on_demand,not_subscribed,US,102,4,2,1,1.3726166666666666,82.357,99.225301204819274,0,0
20260928,UCSes4X8uDrpc4X46hJKjejg,yqQ_QnY4_XU,on_demand,not_subscribed,CA,101,2,3,1,0.95986666666666665,54.863,116.72978723404255,1,0.045483333333333334
20260928,UCSes4X8uDrpc4X46hJKjejg,iOURk-GhPG0,on_demand,not_subscribed,TH,105,4,1,0,0,0,0,0,0
20260928,UCSes4X8uDrpc4X46hJKjejg,JwDkO74iC-w,on_demand,not_subscribed,US,104,4,2,1,0.6599,30.556,0.58368672397325694,0,0
20260928,UCSes4X8uDrpc4X46hJKjejg,gTMjT4y5LHE,on_demand,not_subscribed,NZ,104,4,1,1,0.32166666666666666,19.3,3.9068825910931175,0,0
20260928,UCSes4X8uDrpc4X46hJKjejg,gTMjT4y5LHE,on_demand,not_subscribed,FR,101,2,4,1,0.12498333333333334,3.164,0.6404858299595142,1,0.0105
20260928,UCSes4X8uDrpc4X46hJKjejg,gmPsKXt4foY,on_demand,subscribed,CI,104,5,1,1,0.60716666666666663,36.43,80.955555555555549,0,0
20260928,UCSes4X8uDrpc4X46hJKjejg,muwMeVYa7wE,on_demand,not_subscribed,US,102,1,1,1,4.2131166666666671,252.787,95.032706766917286,1,4.2131166666666671
20260928,UCSes4X8uDrpc4X46hJKjejg,oujDWGTay-Q,on_demand,not_subscribed,BR,104,5,3,1,2.494,149.64,199.52,0,0
20260928,UCSes4X8uDrpc4X46hJKjejg,-CjQjOd2JEA,on_demand,not_subscribed,KE,104,4,3,3,5.84,116.8,41.272084805653712,0,0
20260928,UCSes4X8uDrpc4X46hJKjejg,gmPsKXt4foY,on_demand,subscribed,DE,104,5,2,2,0.6958333333333333,20.875,46.388888888888886,0,0
20260928,UCSes4X8uDrpc4X46hJKjejg,BeZUS-lZ4qs,on_demand,not_subscribed,AU,101,9,1,0,0.00096666666666666667,0,0,0,0
20260928,UCSes4X8uDrpc4X46hJKjejg,2n5LJUyMtAk,on_demand,subscribed,US,103,10,7,1,3.2966166666666665,179.773,35.598613861386141,0,0
20260928,UCSes4X8uDrpc4X46hJKjejg,-CjQjOd2JEA,on_demand,not_subscribed,PH,101,9,1,1,4.7038833333333336,282.233,99.728975265017667,0,0
20260928,UCSes4X8uDrpc4X46hJKjejg,5GYyKcjXNN0,on_demand,not_subscribed,RO,104,5,2,1,0.212,10.88,13.432098765432098,1,0.030666666666666665
20260928,UCSes4X8uDrpc4X46hJKjejg,op6JvrFdWrY,on_demand,not_subscribed,TZ,104,5,3,1,0.78466666666666662,47.08,196.16666666666666,0,0
20260928,UCSes4X8uDrpc4X46hJKjejg,k4-t8XMp-wg,on_demand,not_subscribed,SY,105,4,1,1,1.2633333333333334,75.8,26.503496503496503,0,0
20260928,UCSes4X8uDrpc4X46hJKjejg,YHtB62qU1r8,on_demand,not_subscribed,KE,104,4,1,0,0.061666666666666668,0,0,0,0
20260928,UCSes4X8uDrpc4X46hJKjejg,pWCQrmx8beo,on_demand,not_subscribed,BS,101,30,4,1,0.51513333333333333,16.167,0.53746675531914889,0,0
20260928,UCSes4X8uDrpc4X46hJKjejg,YHtB62qU1r8,on_demand,not_subscribed,PH,101,9,1,1,0.47026666666666667,28.216,6.0034042553191487,1,0.47026666666666667
20260928,UCSes4X8uDrpc4X46hJKjejg,op6JvrFdWrY,on_demand,subscribed,AU,104,4,5,2,1.08,32.2,134.16666666666666,1,0.295
20260928,UCSes4X8uDrpc4X46hJKjejg,YHtB62qU1r8,on_demand,not_subscribed,FI,103,17,1,1,7.6962,461.772,98.249361702127658,0,0
20260928,UCSes4X8uDrpc4X46hJKjejg,f4MfVVTJ6pY,on_demand,not_subscribed,ES,104,4,1,1,0.10333333333333333,6.2,0.37712895377128952,0,0
20260928,UCSes4X8uDrpc4X46hJKjejg,op6JvrFdWrY,on_demand,not_subscribed,CA,101,2,8,3,2.34625,46.925000000000004,195.52083333333334,0,0
20260928,UCSes4X8uDrpc4X46hJKjejg,-CjQjOd2JEA,on_demand,not_subscribed,JM,102,4,1,1,1.9085666666666667,114.514,40.464310954063606,0,0
20260928,UCSes4X8uDrpc4X46hJKjejg,unimgWGUpHM,on_demand,subscribed,US,102,29,2,2,0.31866666666666665,9.56,22.761904761904763,1,0.1394
20260928,UCSes4X8uDrpc4X46hJKjejg,zxka0rRvmaU,on_demand,not_subscribed,DE,104,4,1,1,0.11666666666666667,7,14.893617021276595,0,0
20260928,UCSes4X8uDrpc4X46hJKjejg,k4-t8XMp-wg,on_demand,subscribed,HU,104,5,1,0,0.12075,0,0,0,0
20260928,UCSes4X8uDrpc4X46hJKjejg,6ljakZEWb0o,on_demand,subscribed,PH,104,4,9,6,76.285,761.56666666666661,27.563035348051635,1,21.638333333333332
20260928,UCSes4X8uDrpc4X46hJKjejg,ybbL24ktLlw,on_demand,not_subscribed,BR,102,12,1,1,0.74365,44.619,117.41842105263157,0,0
20260928,UCSes4X8uDrpc4X46hJKjejg,yqQ_QnY4_XU,on_demand,not_subscribed,BS,104,5,2,1,0.77936666666666665,46.762,99.493617021276592,0,0
20260928,UCSes4X8uDrpc4X46hJKjejg,5WC7gUC932A,on_demand,not_subscribed,PT,101,2,1,0,0.064566666666666661,0,0,0,0
20260928,UCSes4X8uDrpc4X46hJKjejg,op6JvrFdWrY,on_demand,subscribed,SG,104,5,2,1,0.47116666666666668,28.27,117.79166666666667,2,0.47116666666666668
20260928,UCSes4X8uDrpc4X46hJKjejg,6ljakZEWb0o,on_demand,not_subscribed,FR,104,4,10,2,7.5383333333333331,215.3,7.7922547955121244,0,0
20260928,UCSes4X8uDrpc4X46hJKjejg,MEHDJ9V-lIk,on_demand,not_subscribed,PT,102,19,1,1,31.62635,1897.581,92.115582524271844,0,0
20260928,UCSes4X8uDrpc4X46hJKjejg,YHtB62qU1r8,on_demand,not_subscribed,SE,104,5,2,2,2.3861666666666665,71.585,15.230851063829787,0,0
20260928,UCSes4X8uDrpc4X46hJKjejg,XCtyiiCSRAk,on_demand,not_subscribed,US,104,4,3,1,0.82333333333333336,49.2,102.5,0,0
20260928,UCSes4X8uDrpc4X46hJKjejg,-CjQjOd2JEA,on_demand,not_subscribed,FR,102,19,1,1,0.19853333333333334,11.912,4.2091872791519434,0,0
20260928,UCSes4X8uDrpc4X46hJKjejg,M-M22Ac4CRE,on_demand,not_subscribed,US,103,10,1,1,0.41088333333333332,24.653,74.7060606060606,0,0
20260928,UCSes4X8uDrpc4X46hJKjejg,l5M2ICRhyEA,on_demand,not_subscribed,AE,104,5,1,1,0.162,9.72,29.454545454545453,1,0.162
20260928,UCSes4X8uDrpc4X46hJKjejg,tIFk16TQrU4,on_demand,not_subscribed,PH,102,4,1,1,0.28486666666666666,17.092,50.27058823529412,1,0.28486666666666666
20260928,UCSes4X8uDrpc4X46hJKjejg,gTMjT4y5LHE,on_demand,subscribed,AU,101,2,1,0,0.017016666666666666,0,0,0,0
20260928,UCSes4X8uDrpc4X46hJKjejg,YHtB62qU1r8,on_demand,not_subscribed,FR,102,19,1,1,0.31023333333333336,18.614,3.9604255319148938,0,0
20260928,UCSes4X8uDrpc4X46hJKjejg,IkDS7ZhVkA4,on_demand,not_subscribed,US,103,17,3,3,58.076883333333335,1161.5376666666666,50.326588677065281,1,14.999483333333334
20260928,UCSes4X8uDrpc4X46hJKjejg,EhrQWOgY03w,on_demand,subscribed,ES,101,2,1,1,0.28823333333333334,17.294,0.578588156574105,1,0.28823333333333334
20260928,UCSes4X8uDrpc4X46hJKjejg,YHtB62qU1r8,on_demand,not_subscribed,AE,102,4,1,1,0.26088333333333336,15.653,3.3304255319148934,0,0
20260928,UCSes4X8uDrpc4X46hJKjejg,9zaom3QbjYs,on_demand,not_subscribed,US,104,4,24,7,21.841666666666665,177.72857142857143,23.41614906832298,0,0
20260928,UCSes4X8uDrpc4X46hJKjejg,IkDS7ZhVkA4,on_demand,not_subscribed,IT,101,9,1,0,0.029166666666666667,0,0,0,0
20260928,UCSes4X8uDrpc4X46hJKjejg,6rnCipDf-0M,on_demand,not_subscribed,US,104,4,1,0,0.0083333333333333332,0,0,0,0
20260928,UCSes4X8uDrpc4X46hJKjejg,gTMjT4y5LHE,on_demand,not_subscribed,MA,101,2,2,2,3.5052166666666666,105.1565,21.286740890688257,0,0
20260928,UCSes4X8uDrpc4X46hJKjejg,itfxfmA1F64,on_demand,not_subscribed,NI,104,4,2,1,1.3883333333333334,83.3,106.7948717948718,0,0
20260928,UCSes4X8uDrpc4X46hJKjejg,FP-0zyc1SUI,on_demand,not_subscribed,SE,104,5,1,1,0.094666666666666663,5.68,11.591836734693878,0,0
20260928,UCSes4X8uDrpc4X46hJKjejg,5GYyKcjXNN0,on_demand,not_subscribed,US,103,27,1,1,0.48711666666666664,29.227,36.082716049382718,0,0
20260928,UCSes4X8uDrpc4X46hJKjejg,fAZy3HtHBzA,on_demand,not_subscribed,FR,104,5,2,2,0.57683333333333331,17.305,54.078125,0,0
20260928,UCSes4X8uDrpc4X46hJKjejg,IkDS7ZhVkA4,on_demand,not_subscribed,NP,101,9,1,0,0.04725,0,0,0,0
20260928,UCSes4X8uDrpc4X46hJKjejg,gTMjT4y5LHE,on_demand,not_subscribed,IE,104,5,4,1,0.91828333333333334,50.01,10.123481781376519,0,0
20260928,UCSes4X8uDrpc4X46hJKjejg,BeZUS-lZ4qs,on_demand,not_subscribed,US,104,4,147,81,1050.9847166666666,777.19114814814816,25.086867273988,20,161.66831666666664
20260928,UCSes4X8uDrpc4X46hJKjejg,4iGQQIY0KkU,on_demand,not_subscribed,PH,104,5,2,1,2.0435,122.61,127.71875,0,0
20260928,UCSes4X8uDrpc4X46hJKjejg,l5M2ICRhyEA,on_demand,not_subscribed,SD,104,4,5,1,2.2666666666666666,136,412.12121212121212,0,0
20260928,UCSes4X8uDrpc4X46hJKjejg,-CjQjOd2JEA,on_demand,not_subscribed,AU,101,9,4,2,2.9599333333333333,86.7995,30.671201413427561,0,0
20260928,UCSes4X8uDrpc4X46hJKjejg,iOURk-GhPG0,on_demand,not_subscribed,TZ,104,4,1,1,0.15888333333333332,9.533,32.872413793103448,0,0
20260928,UCSes4X8uDrpc4X46hJKjejg,HtZ8tDkeGJY,on_demand,not_subscribed,CA,104,5,11,4,7.0912,105.2455,178.38220338983052,0,0
20260928,UCSes4X8uDrpc4X46hJKjejg,Rl73WZoqKzE,on_demand,not_subscribed,PT,104,4,1,0,0.0083333333333333332,0,0,0,0
20260928,UCSes4X8uDrpc4X46hJKjejg,YHtB62qU1r8,on_demand,not_subscribed,AU,101,9,3,1,4.260183333333333,254.672,54.185531914893616,0,0
20260928,UCSes4X8uDrpc4X46hJKjejg,ePdXtNfowRo,on_demand,not_subscribed,US,104,5,9,6,34.514666666666663,343.2833333333333,66.916829109811559,2,10.568999999999999
20260928,UCSes4X8uDrpc4X46hJKjejg,l5M2ICRhyEA,on_demand,subscribed,US,105,5,1,1,0.11183333333333334,6.71,20.333333333333332,0,0
20260928,UCSes4X8uDrpc4X46hJKjejg,gTMjT4y5LHE,on_demand,not_subscribed,TG,101,2,1,0,0.013683333333333334,0,0,0,0
20260928,UCSes4X8uDrpc4X46hJKjejg,pWCQrmx8beo,on_demand,not_subscribed,US,105,4,1,1,25.976666666666667,1558.6,51.815159574468083,0,0
20260928,UCSes4X8uDrpc4X46hJKjejg,tIFk16TQrU4,on_demand,not_subscribed,TR,104,4,1,1,0.09525,5.715,16.808823529411764,0,0
20260928,UCSes4X8uDrpc4X46hJKjejg,0b8eta7f8mY,on_demand,subscribed,GB,104,5,1,0,0.038666666666666669,0,0,0,0
20260928,UCSes4X8uDrpc4X46hJKjejg,HtZ8tDkeGJY,on_demand,not_subscribed,IN,104,5,1,0,0.047166666666666669,0,0,0,0
20260928,UCSes4X8uDrpc4X46hJKjejg,UvWPXkksqmM,on_demand,subscribed,SE,101,9,1,0,0.0026,0,0,0,0
20260928,UCSes4X8uDrpc4X46hJKjejg,f4MfVVTJ6pY,on_demand,not_subscribed,US,102,26,1,0,0.13951666666666668,0,0,0,0
20260928,UCSes4X8uDrpc4X46hJKjejg,-CjQjOd2JEA,on_demand,not_subscribed,GL,104,5,1,0,0.060333333333333336,0,0,0,0
20260928,UCSes4X8uDrpc4X46hJKjejg,HwWx5nhjCx8,on_demand,not_subscribed,KE,101,2,1,1,0.1972,11.832,1.1365994236311239,0,0
20260928,UCSes4X8uDrpc4X46hJKjejg,i-9mS8nWVRQ,on_demand,not_subscribed,CA,101,2,2,1,2.2431833333333335,134.591,179.45466666666667,0,0
20260928,UCSes4X8uDrpc4X46hJKjejg,6ljakZEWb0o,on_demand,subscribed,AU,104,4,5,3,61.961266666666667,1237.3,44.781035106768009,3,61.865
20260928,UCSes4X8uDrpc4X46hJKjejg,Fg65-8qGtiU,on_demand,not_subscribed,PH,104,4,1,1,0.39068333333333333,23.441,47.83877551020408,0,0
20260928,UCSes4X8uDrpc4X46hJKjejg,1t3OClu0AG8,on_demand,not_subscribed,CA,101,2,1,1,0.54111666666666669,32.467,8.2194936708860755,1,0.54111666666666669
20260928,UCSes4X8uDrpc4X46hJKjejg,H0b9PIbRa9A,on_demand,not_subscribed,CA,102,29,1,1,0.33148333333333335,19.889,0.49084402764067125,0,0
20260928,UCSes4X8uDrpc4X46hJKjejg,k4-t8XMp-wg,on_demand,not_subscribed,US,102,26,1,0,0.0731,0,0,0,0
20260928,UCSes4X8uDrpc4X46hJKjejg,6ljakZEWb0o,on_demand,not_subscribed,CA,101,2,6,0,0.15805,0,0,0,0
20260928,UCSes4X8uDrpc4X46hJKjejg,HwWx5nhjCx8,on_demand,not_subscribed,CA,103,17,1,1,2.43365,146.019,14.026801152737752,0,0
20260928,UCSes4X8uDrpc4X46hJKjejg,6Cb-PtdJy98,on_demand,not_subscribed,CA,101,2,8,0,0.078833333333333339,0,0,0,0
20260928,UCSes4X8uDrpc4X46hJKjejg,gTMjT4y5LHE,on_demand,subscribed,ZA,104,4,1,0,0.041666666666666664,0,0,0,0
20260928,UCSes4X8uDrpc4X46hJKjejg,fAZy3HtHBzA,on_demand,not_subscribed,GB,104,4,4,2,1.0866666666666667,32.6,101.875,0,0
20260928,UCSes4X8uDrpc4X46hJKjejg,84XwX8zGUOk,on_demand,not_subscribed,CY,101,2,1,1,7.7631166666666669,465.787,89.920270270270265,0,0
20260928,UCSes4X8uDrpc4X46hJKjejg,gTMjT4y5LHE,on_demand,not_subscribed,AU,102,19,3,1,0.3586,17.643,3.5714574898785427,2,0.31096666666666667
20260928,UCSes4X8uDrpc4X46hJKjejg,0b8eta7f8mY,on_demand,not_subscribed,PK,101,9,1,1,1.9522333333333333,117.134,22.226565464895636,1,1.9522333333333333
20260928,UCSes4X8uDrpc4X46hJKjejg,ID5K-VWCXew,on_demand,not_subscribed,CA,104,5,4,2,0.99683333333333335,29.905,99.683333333333337,0,0
20260928,UCSes4X8uDrpc4X46hJKjejg,6ljakZEWb0o,on_demand,not_subscribed,MA,104,4,1,0,0,0,0,0,0
20260928,UCSes4X8uDrpc4X46hJKjejg,-5W-IHpVhiI,on_demand,not_subscribed,CA,104,5,1,0,0.047166666666666669,0,0,0,0
20260928,UCSes4X8uDrpc4X46hJKjejg,6ljakZEWb0o,on_demand,not_subscribed,IN,101,2,1,1,0.044366666666666665,2.662,0.09634455302207745,0,0
20260928,UCSes4X8uDrpc4X46hJKjejg,fAZy3HtHBzA,on_demand,subscribed,AU,104,5,3,1,0.2665,13.18,41.1875,2,0.046833333333333331
20260928,UCSes4X8uDrpc4X46hJKjejg,6ljakZEWb0o,on_demand,subscribed,SG,104,5,1,1,2.6298333333333335,157.79,5.7108215707564245,1,2.6298333333333335
20260928,UCSes4X8uDrpc4X46hJKjejg,dgP0I7rPTlU,on_demand,not_subscribed,PT,101,2,1,0,0.0037166666666666667,0,0,0,0
20260928,UCSes4X8uDrpc4X46hJKjejg,YsozfBAU5nI,on_demand,subscribed,LC,104,4,1,0,0.033333333333333333,0,0,0,0
20260928,UCSes4X8uDrpc4X46hJKjejg,unimgWGUpHM,on_demand,not_subscribed,GH,104,5,2,1,0.72166666666666668,43.3,103.0952380952381,2,0.72166666666666668
20260928,UCSes4X8uDrpc4X46hJKjejg,pWCQrmx8beo,on_demand,not_subscribed,US,102,29,2,2,50.843933333333332,1525.318,50.708710106382981,0,0
20260928,UCSes4X8uDrpc4X46hJKjejg,gTMjT4y5LHE,on_demand,not_subscribed,HR,104,4,1,0,0.0083333333333333332,0,0,0,0
20260928,UCSes4X8uDrpc4X46hJKjejg,yqQ_QnY4_XU,on_demand,not_subscribed,CH,104,4,1,0,0.028333333333333332,0,0,0,0
20260928,UCSes4X8uDrpc4X46hJKjejg,O-gIrTrkCe8,on_demand,not_subscribed,US,101,2,1,0,0.08315,0,0,0,0
20260928,UCSes4X8uDrpc4X46hJKjejg,6C69Z_OCe4c,on_demand,subscribed,AU,103,10,1,1,1.6648166666666666,99.889,166.48166666666665,1,1.6648166666666666
20260928,UCSes4X8uDrpc4X46hJKjejg,op6JvrFdWrY,on_demand,subscribed,US,101,30,6,2,1.7908333333333333,53.725,223.85416666666666,0,0
20260928,UCSes4X8uDrpc4X46hJKjejg,-CjQjOd2JEA,on_demand,not_subscribed,US,104,4,414,101,287.29798333333332,164.40666336633663,58.094227337928139,32,105.48833333333333
20260928,UCSes4X8uDrpc4X46hJKjejg,7DD0KNPPL1c,on_demand,not_subscribed,IL,104,4,2,0,0,0,0,0,0
20260928,UCSes4X8uDrpc4X46hJKjejg,5xA-FaYOc_0,on_demand,not_subscribed,US,104,4,1,0,0.01,0,0,0,0
20260928,UCSes4X8uDrpc4X46hJKjejg,yqQ_QnY4_XU,on_demand,subscribed,AO,104,4,2,1,0.78,46.8,99.574468085106389,0,0
20260928,UCSes4X8uDrpc4X46hJKjejg,op6JvrFdWrY,on_demand,not_subscribed,IL,105,5,1,0,0.012,0,0,0,0
20260928,UCSes4X8uDrpc4X46hJKjejg,YHtB62qU1r8,on_demand,not_subscribed,US,104,4,192,68,247.14888333333334,214.01420588235294,45.534937421777222,8,31.831666666666667
20260928,UCSes4X8uDrpc4X46hJKjejg,2n5LJUyMtAk,on_demand,subscribed,US,101,2,15,4,25.220266666666667,371.7615,73.616138613861381,0,0
20260928,UCSes4X8uDrpc4X46hJKjejg,UvWPXkksqmM,on_demand,not_subscribed,NG,104,4,1,0,0.0083333333333333332,0,0,0,0
20260928,UCSes4X8uDrpc4X46hJKjejg,UOsqGlestSU,on_demand,not_subscribed,US,104,4,1,1,0.78166666666666662,46.9,56.506024096385545,0,0
20260928,UCSes4X8uDrpc4X46hJKjejg,6ljakZEWb0o,on_demand,not_subscribed,BS,104,5,1,0,0.032,0,0,0,0
20260928,UCSes4X8uDrpc4X46hJKjejg,gTMjT4y5LHE,on_demand,not_subscribed,ES,101,2,1,0,0,0,0,0,0
20260928,UCSes4X8uDrpc4X46hJKjejg,DYgYafn4Two,on_demand,subscribed,MY,104,5,1,1,0.24883333333333332,14.93,6.407725321888412,0,0
20260928,UCSes4X8uDrpc4X46hJKjejg,yqQ_QnY4_XU,on_demand,not_subscribed,US,102,26,3,2,1.3966666666666667,41.9,89.148936170212764,0,0
20260928,UCSes4X8uDrpc4X46hJKjejg,gTMjT4y5LHE,on_demand,not_subscribed,SE,105,5,2,2,8.8921666666666663,266.765,54.001012145748987,1,8.443
20260928,UCSes4X8uDrpc4X46hJKjejg,l5M2ICRhyEA,on_demand,subscribed,CA,104,4,1,0,0.005,0,0,0,0
20260928,UCSes4X8uDrpc4X46hJKjejg,BeZUS-lZ4qs,on_demand,not_subscribed,BS,102,26,1,1,26.2351,1574.106,50.8103938024532,0,0
20260928,UCSes4X8uDrpc4X46hJKjejg,yqQ_QnY4_XU,on_demand,not_subscribed,TT,104,4,4,2,1.6533333333333333,49.6,105.53191489361703,0,0
20260928,UCSes4X8uDrpc4X46hJKjejg,k2rjwlyjahc,on_demand,not_subscribed,US,102,4,1,1,0.73266666666666669,43.96,81.4074074074074,0,0
20260928,UCSes4X8uDrpc4X46hJKjejg,JZgusHsQ0l4,on_demand,not_subscribed,PL,104,5,1,0,0.014166666666666666,0,0,0,0
20260928,UCSes4X8uDrpc4X46hJKjejg,FP-0zyc1SUI,on_demand,not_subscribed,US,104,4,2,0,0.0066666666666666671,0,0,0,0
20260928,UCSes4X8uDrpc4X46hJKjejg,HCZIc9OVy1o,on_demand,not_subscribed,US,101,2,1,1,48.45135,2907.081,99.96839752407152,0,0
20260928,UCSes4X8uDrpc4X46hJKjejg,-CjQjOd2JEA,on_demand,not_subscribed,MX,104,5,1,0,0.068866666666666673,0,0,0,0
20260928,UCSes4X8uDrpc4X46hJKjejg,5UEhfpivkPo,on_demand,not_subscribed,DE,104,4,2,1,0.465,27.9,99.642857142857139,0,0
20260928,UCSes4X8uDrpc4X46hJKjejg,f0Agz2fWwFY,on_demand,not_subscribed,CA,104,4,1,0,0.0066666666666666671,0,0,0,0
20260928,UCSes4X8uDrpc4X46hJKjejg,gTMjT4y5LHE,on_demand,not_subscribed,DK,101,2,5,0,0.074533333333333326,0,0,0,0
20260928,UCSes4X8uDrpc4X46hJKjejg,tBjNM2mKPtg,on_demand,not_subscribed,US,104,4,1,0,0,0,0,0,0
20260928,UCSes4X8uDrpc4X46hJKjejg,6ljakZEWb0o,on_demand,not_subscribed,SY,105,4,1,1,0.13166666666666665,7.9,0.28592110025334783,0,0
20260928,UCSes4X8uDrpc4X46hJKjejg,gTMjT4y5LHE,on_demand,subscribed,GU,102,19,1,0,0.023316666666666666,0,0,0,0
20260928,UCSes4X8uDrpc4X46hJKjejg,qlXb_AjHL8w,on_demand,not_subscribed,ZA,101,2,1,0,0.00435,0,0,0,0
20260928,UCSes4X8uDrpc4X46hJKjejg,dKoSQ-63gP4,on_demand,not_subscribed,NZ,101,2,2,0,0.023933333333333334,0,0,0,0
20260928,UCSes4X8uDrpc4X46hJKjejg,-CjQjOd2JEA,on_demand,not_subscribed,JM,104,4,4,2,3.8666666666666667,113.2,40,0,0
20260928,UCSes4X8uDrpc4X46hJKjejg,BeZUS-lZ4qs,on_demand,subscribed,US,105,4,1,1,3.08,184.8,5.9651387992253069,1,3.08
20260928,UCSes4X8uDrpc4X46hJKjejg,BeZUS-lZ4qs,on_demand,subscribed,FR,101,9,2,0,0.13795,0,0,0,0
20260928,UCSes4X8uDrpc4X46hJKjejg,unimgWGUpHM,on_demand,not_subscribed,GB,101,2,2,1,0.7146,42.876,102.08571428571429,0,0
20260928,UCSes4X8uDrpc4X46hJKjejg,5GYyKcjXNN0,on_demand,not_subscribed,AU,101,2,1,1,0.067133333333333337,4.028,4.9728395061728392,1,0.067133333333333337
20260928,UCSes4X8uDrpc4X46hJKjejg,M-M22Ac4CRE,on_demand,not_subscribed,US,101,2,27,8,4.7992333333333335,34.144875,103.46931818181818,3,1.2095333333333333
20260928,UCSes4X8uDrpc4X46hJKjejg,FC36sHokYnk,on_demand,not_subscribed,MA,102,19,2,2,6.9337333333333335,208.012,37.547292418772564,0,0
20260928,UCSes4X8uDrpc4X46hJKjejg,YHtB62qU1r8,on_demand,not_subscribed,JM,104,4,1,1,7.82435,469.461,99.885319148936176,0,0
20260928,UCSes4X8uDrpc4X46hJKjejg,ABlbRTTk1ek,on_demand,not_subscribed,AL,104,4,2,0,0.055,0,0,0,0
20260928,UCSes4X8uDrpc4X46hJKjejg,iOURk-GhPG0,on_demand,not_subscribed,NL,104,4,1,1,0.11333333333333333,6.8,23.448275862068964,0,0
20260928,UCSes4X8uDrpc4X46hJKjejg,JOMMjWncBzA,on_demand,not_subscribed,SI,104,4,2,1,1.165,64.9,86.533333333333331,0,0
20260928,UCSes4X8uDrpc4X46hJKjejg,6ljakZEWb0o,on_demand,subscribed,TW,104,5,2,1,0.22116666666666668,12.65,0.45783568584871515,1,0.21083333333333334
20260928,UCSes4X8uDrpc4X46hJKjejg,2Q710LlwPG4,on_demand,not_subscribed,CA,104,4,1,0,0.07166666666666667,0,0,0,0
20260928,UCSes4X8uDrpc4X46hJKjejg,1t3OClu0AG8,on_demand,not_subscribed,ES,104,4,1,0,0.025,0,0,0,0
20260928,UCSes4X8uDrpc4X46hJKjejg,gTMjT4y5LHE,on_demand,not_subscribed,UA,101,2,1,0,0.0023833333333333332,0,0,1,0.0023833333333333332
20260928,UCSes4X8uDrpc4X46hJKjejg,gmPsKXt4foY,on_demand,subscribed,MX,104,4,1,1,0.12666666666666668,7.6,16.888888888888889,0,0
20260928,UCSes4X8uDrpc4X46hJKjejg,-CjQjOd2JEA,on_demand,subscribed,CH,101,2,1,0,0,0,0,0,0
20260928,UCSes4X8uDrpc4X46hJKjejg,6ljakZEWb0o,on_demand,not_subscribed,ES,104,4,1,0,0.039016666666666665,0,0,0,0
20260928,UCSes4X8uDrpc4X46hJKjejg,7DD0KNPPL1c,on_demand,not_subscribed,US,101,9,10,2,2.4877166666666666,73.757,210.7342857142857,0,0
20260928,UCSes4X8uDrpc4X46hJKjejg,0JHD_pApR7w,on_demand,not_subscribed,IN,104,5,1,1,1.1386666666666667,68.32,99.014492753623188,0,0
20260928,UCSes4X8uDrpc4X46hJKjejg,gTMjT4y5LHE,on_demand,not_subscribed,CH,101,2,2,0,0.17186666666666667,0,0,0,0
20260928,UCSes4X8uDrpc4X46hJKjejg,2n5LJUyMtAk,on_demand,not_subscribed,US,102,19,152,97,290.92946666666666,178.81767010309278,35.409439624374805,34,82.6023
20260928,UCSes4X8uDrpc4X46hJKjejg,gTMjT4y5LHE,on_demand,not_subscribed,SK,104,4,2,0,0.04,0,0,0,0
20260928,UCSes4X8uDrpc4X46hJKjejg,UvWPXkksqmM,on_demand,not_subscribed,AL,101,2,1,0,0.0028833333333333332,0,0,0,0
20260928,UCSes4X8uDrpc4X46hJKjejg,-CjQjOd2JEA,on_demand,not_subscribed,ES,102,19,1,1,0.6182333333333333,37.094,13.107420494699646,0,0
20260928,UCSes4X8uDrpc4X46hJKjejg,pWCQrmx8beo,on_demand,subscribed,US,104,4,6,2,38.87833333333333,1164.15,38.701795212765958,0,0
20260928,UCSes4X8uDrpc4X46hJKjejg,n8fMP2cKrBc,on_demand,not_subscribed,AT,104,4,1,0,0,0,0,0,0
20260928,UCSes4X8uDrpc4X46hJKjejg,YWmM-Tkjmvo,on_demand,not_subscribed,CA,104,5,1,1,4.6618333333333331,279.71,97.121527777777771,0,0
20260928,UCSes4X8uDrpc4X46hJKjejg,Rl73WZoqKzE,on_demand,subscribed,US,103,17,1,1,0.063983333333333337,3.839,0.64412751677852353,1,0.063983333333333337
20260928,UCSes4X8uDrpc4X46hJKjejg,FC36sHokYnk,on_demand,not_subscribed,US,104,4,1,1,9.1533333333333342,549.2,99.133574007220219,0,0
20260928,UCSes4X8uDrpc4X46hJKjejg,op6JvrFdWrY,on_demand,not_subscribed,BR,104,4,2,1,0.61833333333333329,37.1,154.58333333333334,0,0
20260928,UCSes4X8uDrpc4X46hJKjejg,BeZUS-lZ4qs,on_demand,not_subscribed,TT,102,19,1,0,0.094266666666666665,0,0,0,0
20260928,UCSes4X8uDrpc4X46hJKjejg,gTMjT4y5LHE,on_demand,subscribed,US,102,4,4,2,0.97743333333333338,26.748,5.4145748987854248,1,0.6636
20260928,UCSes4X8uDrpc4X46hJKjejg,tIFk16TQrU4,on_demand,not_subscribed,PH,104,4,1,1,0.18333333333333332,11,32.352941176470587,0,0
20260928,UCSes4X8uDrpc4X46hJKjejg,MEHDJ9V-lIk,on_demand,not_subscribed,HK,101,9,1,0,0.0904,0,0,0,0
20260928,UCSes4X8uDrpc4X46hJKjejg,UvWPXkksqmM,on_demand,not_subscribed,US,103,10,2,1,0.36638333333333334,18.886,2.8528700906344411,1,0.31476666666666664
20260928,UCSes4X8uDrpc4X46hJKjejg,gTMjT4y5LHE,on_demand,not_subscribed,TH,102,12,1,1,2.8887166666666668,173.323,35.08562753036437,0,0
20260928,UCSes4X8uDrpc4X46hJKjejg,Rl73WZoqKzE,on_demand,not_subscribed,US,102,31,1,0,0.05615,0,0,1,0.05615
20260928,UCSes4X8uDrpc4X46hJKjejg,fAZy3HtHBzA,on_demand,not_subscribed,DE,104,4,4,2,0.65,19.1,59.6875,0,0
20260928,UCSes4X8uDrpc4X46hJKjejg,fAZy3HtHBzA,on_demand,not_subscribed,ES,104,5,1,0,0.03216666666666667,0,0,0,0
20260928,UCSes4X8uDrpc4X46hJKjejg,BeZUS-lZ4qs,on_demand,subscribed,US,102,29,14,11,283.3953,1545.2871818181818,49.880154351781208,3,79.88036666666666
20260928,UCSes4X8uDrpc4X46hJKjejg,YHtB62qU1r8,on_demand,not_subscribed,AE,104,4,1,1,1.0333333333333334,62,13.191489361702128,0,0
20260928,UCSes4X8uDrpc4X46hJKjejg,zS69CFjoay8,on_demand,not_subscribed,US,104,5,14,9,6.6708333333333334,44.154444444444444,83.310272536687634,2,0.054666666666666669
20260928,UCSes4X8uDrpc4X46hJKjejg,6ljakZEWb0o,on_demand,not_subscribed,DK,104,4,1,0,0,0,0,0,0
20260928,UCSes4X8uDrpc4X46hJKjejg,-CjQjOd2JEA,on_demand,not_subscribed,BS,102,26,1,1,4.704016666666667,282.241,99.731802120141339,0,0
20260928,UCSes4X8uDrpc4X46hJKjejg,HwWx5nhjCx8,on_demand,not_subscribed,US,101,2,10,4,20.631416666666667,304.1535,29.217435158501441,0,0
20260928,UCSes4X8uDrpc4X46hJKjejg,EZ7WjfAU1MI,on_demand,subscribed,US,102,1,2,2,105.75136666666667,3172.541,99.985534194768363,0,0
20260928,UCSes4X8uDrpc4X46hJKjejg,gTMjT4y5LHE,on_demand,not_subscribed,CN,104,4,1,0,0.018333333333333333,0,0,0,0
20260928,UCSes4X8uDrpc4X46hJKjejg,BeZUS-lZ4qs,on_demand,not_subscribed,BR,102,19,1,1,0.16763333333333333,10.058,0.32466107165913494,0,0
20260928,UCSes4X8uDrpc4X46hJKjejg,PeMHxUwuByQ,on_demand,not_subscribed,US,104,5,2,1,21.143583333333332,1267.795,34.071351787153993,0,0
20260928,UCSes4X8uDrpc4X46hJKjejg,i8nHff5PKGU,on_demand,not_subscribed,US,104,5,2,2,1.8791666666666667,56.375,97.198275862068968,0,0
20260928,UCSes4X8uDrpc4X46hJKjejg,5GYyKcjXNN0,on_demand,not_subscribed,ZA,104,4,1,0,0.056666666666666664,0,0,0,0
20260928,UCSes4X8uDrpc4X46hJKjejg,ABlbRTTk1ek,on_demand,not_subscribed,SE,104,5,1,1,0.12666666666666668,7.6,20.54054054054054,0,0
20260928,UCSes4X8uDrpc4X46hJKjejg,PoyUkRaWZiM,on_demand,not_subscribed,LK,101,2,1,1,0.43988333333333335,26.393,4.32672131147541,0,0
20260928,UCSes4X8uDrpc4X46hJKjejg,TTR49BKResM,on_demand,not_subscribed,US,101,2,4,1,2.2156833333333332,132.941,332.3525,0,0
20260928,UCSes4X8uDrpc4X46hJKjejg,5WC7gUC932A,on_demand,not_subscribed,GB,104,4,1,0,0.033333333333333333,0,0,1,0.033333333333333333
20260928,UCSes4X8uDrpc4X46hJKjejg,6ljakZEWb0o,on_demand,not_subscribed,CH,104,4,1,0,0,0,0,0,0
20260928,UCSes4X8uDrpc4X46hJKjejg,fAZy3HtHBzA,on_demand,not_subscribed,DK,104,5,1,1,0.12033333333333333,7.22,22.5625,0,0
20260928,UCSes4X8uDrpc4X46hJKjejg,p5XiosuCXB8,on_demand,not_subscribed,NL,104,5,1,1,0.010833333333333334,0.65,1.0655737704918034,0,0
20260928,UCSes4X8uDrpc4X46hJKjejg,-CjQjOd2JEA,on_demand,subscribed,US,105,4,2,2,4.6883333333333335,140.65,49.699646643109539,2,4.6883333333333335
20260928,UCSes4X8uDrpc4X46hJKjejg,bf0XSusrN3g,on_demand,not_subscribed,HK,104,5,3,1,1.2688333333333333,76.13,205.75675675675674,0,0
20260928,UCSes4X8uDrpc4X46hJKjejg,cRJ3dfuOiik,on_demand,not_subscribed,US,104,4,3,1,0.55333333333333334,32,91.428571428571431,1,0.53333333333333333
20260928,UCSes4X8uDrpc4X46hJKjejg,6ljakZEWb0o,on_demand,not_subscribed,US,102,28,1,1,0.20478333333333334,12.287,0.4446977922547955,1,0.20478333333333334
20260928,UCSes4X8uDrpc4X46hJKjejg,gTMjT4y5LHE,on_demand,not_subscribed,FR,101,9,2,1,2.0778166666666666,123.388,24.977327935222672,1,0.02135
20260928,UCSes4X8uDrpc4X46hJKjejg,gTMjT4y5LHE,on_demand,not_subscribed,US,105,4,3,3,8.53735,170.74699999999999,34.564170040485827,1,0.033333333333333333
20260928,UCSes4X8uDrpc4X46hJKjejg,JoHK3Z-nc9s,on_demand,not_subscribed,US,101,2,1,1,0.97138333333333338,58.283,6.1609936575052853,0,0
20260928,UCSes4X8uDrpc4X46hJKjejg,6oGL_hVMNjM,on_demand,not_subscribed,US,104,4,2,1,0.49523333333333336,29.714,24.557024793388429,0,0
20260928,UCSes4X8uDrpc4X46hJKjejg,gmPsKXt4foY,on_demand,not_subscribed,AU,101,2,1,1,0.62435,37.461,83.24666666666667,0,0
20260928,UCSes4X8uDrpc4X46hJKjejg,6ljakZEWb0o,on_demand,not_subscribed,US,102,26,5,4,47.955116666666669,718.2925,25.996833152370613,1,1.5977833333333333
20260928,UCSes4X8uDrpc4X46hJKjejg,PVOl1jy_sPs,on_demand,not_subscribed,US,102,19,1,1,0.50941666666666663,30.565,8.6098591549295769,0,0
20260928,UCSes4X8uDrpc4X46hJKjejg,itfxfmA1F64,on_demand,not_subscribed,GB,104,4,1,0,0.015,0,0,0,0
20260928,UCSes4X8uDrpc4X46hJKjejg,YHtB62qU1r8,on_demand,not_subscribed,AR,101,2,2,1,0.2355,11.515,2.45,0,0
20260928,UCSes4X8uDrpc4X46hJKjejg,gTMjT4y5LHE,on_demand,subscribed,SE,104,5,2,2,1.8185333333333333,54.556,11.043724696356275,0,0
20260928,UCSes4X8uDrpc4X46hJKjejg,18S1GBfKaIo,on_demand,not_subscribed,US,102,19,1,0,0.01995,0,0,0,0
20260928,UCSes4X8uDrpc4X46hJKjejg,rq61MdGS0U4,on_demand,not_subscribed,CI,104,4,1,1,0.46,27.6,4.859154929577465,0,0
20260928,UCSes4X8uDrpc4X46hJKjejg,j1UEQziUeqw,on_demand,not_subscribed,AL,104,5,1,1,0.73816666666666664,44.29,94.234042553191486,0,0
20260928,UCSes4X8uDrpc4X46hJKjejg,unimgWGUpHM,on_demand,not_subscribed,JP,104,5,2,2,0.7415,22.245,52.964285714285715,0,0
20260928,UCSes4X8uDrpc4X46hJKjejg,iWguCTdoyMs,on_demand,not_subscribed,PH,104,4,1,1,2,120,41.0958904109589,0,0
20260928,UCSes4X8uDrpc4X46hJKjejg,6ljakZEWb0o,on_demand,not_subscribed,US,102,12,3,1,46.0637,2762.821,99.993521534563882,1,46.047016666666664
20260928,UCSes4X8uDrpc4X46hJKjejg,-CjQjOd2JEA,on_demand,subscribed,US,102,29,11,4,6.07075,86.21575,30.46492932862191,3,0.62715
20260928,UCSes4X8uDrpc4X46hJKjejg,3oF068CdTYo,on_demand,not_subscribed,US,104,4,22,10,3.0366666666666666,16.47,48.441176470588232,1,0.225
20260928,UCSes4X8uDrpc4X46hJKjejg,6ljakZEWb0o,on_demand,not_subscribed,BR,104,4,2,0,0.063333333333333339,0,0,0,0
20260928,UCSes4X8uDrpc4X46hJKjejg,gTMjT4y5LHE,on_demand,not_subscribed,US,102,29,76,46,111.53826666666667,144.24480434782609,29.199353106847386,12,24.3626
20260928,UCSes4X8uDrpc4X46hJKjejg,unimgWGUpHM,on_demand,not_subscribed,DE,101,2,1,0,0.045866666666666667,0,0,0,0
20260928,UCSes4X8uDrpc4X46hJKjejg,YHtB62qU1r8,on_demand,subscribed,US,102,29,7,2,13.213383333333333,390.026,82.984255319148943,1,5.1758833333333332
20260928,UCSes4X8uDrpc4X46hJKjejg,Mh9vmih_Sro,on_demand,subscribed,US,104,5,1,0,0.017833333333333333,0,0,0,0
20260928,UCSes4X8uDrpc4X46hJKjejg,op6JvrFdWrY,on_demand,subscribed,BH,104,4,2,1,0.435,26.1,108.75,0,0
20260928,UCSes4X8uDrpc4X46hJKjejg,WAYYE5BMG6c,on_demand,not_subscribed,CA,104,5,2,1,0.41816666666666669,24.68,1.3003161222339306,0,0
20260928,UCSes4X8uDrpc4X46hJKjejg,YHtB62qU1r8,on_demand,not_subscribed,BR,102,19,1,0,0.026716666666666666,0,0,1,0.026716666666666666
20260928,UCSes4X8uDrpc4X46hJKjejg,Rl73WZoqKzE,on_demand,not_subscribed,CA,104,5,3,2,19.756833333333333,589.355,98.885067114093957,0,0
20260928,UCSes4X8uDrpc4X46hJKjejg,WAYYE5BMG6c,on_demand,not_subscribed,IN,104,5,1,0,0.024833333333333332,0,0,0,0
20260928,UCSes4X8uDrpc4X46hJKjejg,-CjQjOd2JEA,on_demand,not_subscribed,GB,103,10,4,1,0.86093333333333333,36.736,12.980918727915194,2,0.17181666666666667
20260928,UCSes4X8uDrpc4X46hJKjejg,gTMjT4y5LHE,on_demand,not_subscribed,NO,104,5,4,2,4.03445,117.9385,23.874190283400811,0,0
20260928,UCSes4X8uDrpc4X46hJKjejg,wPiF9-iLzdQ,on_demand,not_subscribed,BR,104,4,1,0,0.01,0,0,0,0
20260928,UCSes4X8uDrpc4X46hJKjejg,gmPsKXt4foY,on_demand,not_subscribed,ZA,104,4,4,3,1.5383333333333333,30.766666666666666,68.370370370370367,0,0
20260928,UCSes4X8uDrpc4X46hJKjejg,k2rjwlyjahc,on_demand,not_subscribed,US,104,4,4,3,3.145,62.9,116.48148148148148,1,0.65166666666666662
20260928,UCSes4X8uDrpc4X46hJKjejg,dKoSQ-63gP4,on_demand,not_subscribed,HK,104,5,1,1,9.9198333333333331,595.19,97.732348111658453,1,9.9198333333333331
20260928,UCSes4X8uDrpc4X46hJKjejg,DjhN1oAGTYA,on_demand,not_subscribed,IL,101,2,1,1,4.7023333333333337,282.14,97.289655172413788,0,0
20260928,UCSes4X8uDrpc4X46hJKjejg,1eStVxHXVaM,on_demand,not_subscribed,US,103,17,1,0,0.049383333333333335,0,0,0,0
20260928,UCSes4X8uDrpc4X46hJKjejg,6ljakZEWb0o,on_demand,not_subscribed,TR,104,5,3,1,8.844,526.61,19.05935577271082,1,8.7768333333333342
20260928,UCSes4X8uDrpc4X46hJKjejg,3oF068CdTYo,on_demand,subscribed,DK,101,2,1,0,0.05775,0,0,0,0
20260928,UCSes4X8uDrpc4X46hJKjejg,fAZy3HtHBzA,on_demand,subscribed,PL,101,30,1,0,0.0099,0,0,0,0
20260928,UCSes4X8uDrpc4X46hJKjejg,50MHq47IaLU,on_demand,not_subscribed,US,104,5,14,7,11.881566666666666,101.02771428571428,87.85018633540372,2,3.4356666666666666
20260928,UCSes4X8uDrpc4X46hJKjejg,yqQ_QnY4_XU,on_demand,not_subscribed,PH,104,5,3,1,1.7108333333333334,102.65,218.40425531914894,3,1.7108333333333334
20260928,UCSes4X8uDrpc4X46hJKjejg,k_Qt4Ilp70c,on_demand,not_subscribed,PH,101,2,1,0,0.0461,0,0,0,0
20260928,UCSes4X8uDrpc4X46hJKjejg,ABlbRTTk1ek,on_demand,not_subscribed,US,104,4,3,2,0.73666666666666669,22.1,59.729729729729726,3,0.73666666666666669
20260928,UCSes4X8uDrpc4X46hJKjejg,UvWPXkksqmM,on_demand,not_subscribed,ZA,101,9,1,0,0.0017166666666666667,0,0,0,0
20260928,UCSes4X8uDrpc4X46hJKjejg,5GYyKcjXNN0,on_demand,not_subscribed,US,102,4,2,1,1.3651666666666666,81.91,101.12345679012346,0,0
20260928,UCSes4X8uDrpc4X46hJKjejg,PoyUkRaWZiM,on_demand,not_subscribed,US,104,4,4,1,0.835,43.1,7.0655737704918034,0,0
20260928,UCSes4X8uDrpc4X46hJKjejg,UvWPXkksqmM,on_demand,not_subscribed,US,101,2,9,0,0.19475,0,0,1,0.0856
20260928,UCSes4X8uDrpc4X46hJKjejg,6ljakZEWb0o,on_demand,subscribed,UG,105,4,1,1,0.16666666666666666,10,0.36192544335866811,0,0
20260928,UCSes4X8uDrpc4X46hJKjejg,dKoSQ-63gP4,on_demand,not_subscribed,KR,102,12,1,0,0.00445,0,0,1,0.00445
20260928,UCSes4X8uDrpc4X46hJKjejg,unimgWGUpHM,on_demand,subscribed,AT,101,2,2,1,0.74378333333333335,44.627,106.25476190476191,0,0
20260928,UCSes4X8uDrpc4X46hJKjejg,R1PGLsRyKDw,on_demand,not_subscribed,US,104,5,11,1,0.67116666666666669,29.81,186.3125,3,0.052499999999999991
20260928,UCSes4X8uDrpc4X46hJKjejg,6ljakZEWb0o,on_demand,not_subscribed,UY,104,4,1,0,0.048333333333333332,0,0,0,0
20260928,UCSes4X8uDrpc4X46hJKjejg,fAZy3HtHBzA,on_demand,subscribed,SI,104,4,1,1,0.19666666666666666,11.8,36.875,1,0.19666666666666666
20260928,UCSes4X8uDrpc4X46hJKjejg,2n5LJUyMtAk,on_demand,not_subscribed,AU,102,4,2,2,16.5536,496.608,98.33821782178218,0,0
20260928,UCSes4X8uDrpc4X46hJKjejg,foWowHF47SM,on_demand,not_subscribed,FR,104,4,1,1,0.04,2.4,0.067873303167420809,0,0
20260928,UCSes4X8uDrpc4X46hJKjejg,6ljakZEWb0o,on_demand,not_subscribed,CA,101,9,9,1,0.61456666666666671,27.241,0.98592110025334778,0,0
20260928,UCSes4X8uDrpc4X46hJKjejg,FC36sHokYnk,on_demand,subscribed,US,102,29,1,0,0.0266,0,0,1,0.0266
20260928,UCSes4X8uDrpc4X46hJKjejg,op6JvrFdWrY,on_demand,not_subscribed,PH,104,5,4,2,1.141,34.23,142.625,0,0
20260928,UCSes4X8uDrpc4X46hJKjejg,XKuQeJ6fyeA,on_demand,not_subscribed,US,104,5,5,3,1.469,29.243333333333336,88.616161616161619,2,0.562
20260928,UCSes4X8uDrpc4X46hJKjejg,k3pJGiIh1RE,on_demand,not_subscribed,US,104,4,1,0,0.0033333333333333335,0,0,0,0
20260928,UCSes4X8uDrpc4X46hJKjejg,-8W7PIiwRYo,on_demand,not_subscribed,CA,104,5,3,1,0.94616666666666671,55.69,94.389830508474574,1,0.9281666666666667
20260928,UCSes4X8uDrpc4X46hJKjejg,gTMjT4y5LHE,on_demand,subscribed,US,104,4,31,4,5.805,72.5,14.676113360323887,0,0
20260928,UCSes4X8uDrpc4X46hJKjejg,5GYyKcjXNN0,on_demand,not_subscribed,KE,104,4,1,1,0.15,9,11.111111111111111,0,0
20260928,UCSes4X8uDrpc4X46hJKjejg,fAZy3HtHBzA,on_demand,subscribed,DE,102,29,2,1,0.54441666666666666,32.665,102.078125,0,0
20260928,UCSes4X8uDrpc4X46hJKjejg,9zaom3QbjYs,on_demand,not_subscribed,GB,101,2,3,2,5.5388666666666664,164.7685,21.70862977602108,0,0
20260928,UCSes4X8uDrpc4X46hJKjejg,wb2ebOkk2gE,on_demand,not_subscribed,US,101,9,1,0,0.0327,0,0,0,0
20260928,UCSes4X8uDrpc4X46hJKjejg,BeZUS-lZ4qs,on_demand,not_subscribed,GB,101,2,4,0,0.033666666666666664,0,0,0,0
20260928,UCSes4X8uDrpc4X46hJKjejg,dgP0I7rPTlU,on_demand,not_subscribed,PT,101,9,1,0,0.011033333333333332,0,0,0,0
20260928,UCSes4X8uDrpc4X46hJKjejg,FC36sHokYnk,on_demand,not_subscribed,GB,103,10,1,1,3.2425833333333332,194.555,35.118231046931406,0,0
